"feature"	"metadata"	"value"	"name"	"coef"	"null_hypothesis"	"stderr"	"pval_individual"	"qval_individual"	"pval_joint"	"qval_joint"	"error"	"model"	"N"	"N_not_zero"
"NODE_880_length_9528_cov_672.428798"	"PrePostFVT"	"Post"	"PrePostFVTPost"	-2.61736608875712	0.558052786181425	0.365743591493366	5.34980466606284e-05	0.0852491373537113	0.00010699323128026	0.0982197863152789	NA	"abundance"	26	13
"NODE_976_length_5283_cov_79.848317"	"PrePostFVT"	"Post"	"PrePostFVTPost"	-3.44261858312476	0.558052786181425	0.433613803602772	3.54915828543827e-05	0.0852491373537113	7.0981906056312e-05	0.0982197863152789	NA	"abundance"	26	13
"NODE_1000_length_3623_cov_9.385090"	"PrePostFVT"	"During"	"PrePostFVTDuring"	-0.208078029350516	-0.082971466560033	0.563556816375416	0.827056781920776	1	0.827056781920776	1	NA	"abundance"	26	26
"NODE_1000_length_3623_cov_9.385090"	"PrePostFVT"	"Post"	"PrePostFVTPost"	0.161041735496568	0.558052786181425	0.420050450199599	0.359460546132977	1	0.359460546132977	1	NA	"abundance"	26	26
"NODE_1002_length_3369_cov_4.085395"	"PrePostFVT"	"During"	"PrePostFVTDuring"	0.332538371431306	-0.082971466560033	1.1934607718939	0.73657589363927	1	0.930607740188051	1	NA	"abundance"	26	11
"NODE_1002_length_3369_cov_4.085395"	"PrePostFVT"	"Post"	"PrePostFVTPost"	0.787030055361282	0.558052786181425	0.924450738779382	0.810760537514261	1	0.9291084986928	1	NA	"abundance"	26	11
"NODE_1004_length_2342_cov_3.848273"	"PrePostFVT"	"During"	"PrePostFVTDuring"	0.769156602519211	-0.082971466560033	0.679140330747311	0.238463739332029	1	0.420062523687844	1	NA	"abundance"	26	13
"NODE_1004_length_2342_cov_3.848273"	"PrePostFVT"	"Post"	"PrePostFVTPost"	1.54004260255378	0.558052786181425	0.573978340088822	0.11834539571753	1	0.22268515874752	1	NA	"abundance"	26	13
"NODE_1006_length_5270_cov_5.930201"	"PrePostFVT"	"During"	"PrePostFVTDuring"	-0.303930749297806	-0.082971466560033	0.621137018531176	0.726988684723896	1	0.925464821731212	1	NA	"abundance"	26	20
"NODE_1006_length_5270_cov_5.930201"	"PrePostFVT"	"Post"	"PrePostFVTPost"	0.130136660289712	0.558052786181425	0.51968051440559	0.424266812544437	1	0.668531296862258	1	NA	"abundance"	26	20
"NODE_1009_length_3189_cov_4.301213"	"PrePostFVT"	"During"	"PrePostFVTDuring"	-0.466774404399374	-0.082971466560033	1.02139849731992	0.722428373885936	1	0.889176615923315	1	NA	"abundance"	26	8
"NODE_1009_length_3189_cov_4.301213"	"PrePostFVT"	"Post"	"PrePostFVTPost"	0.225567232971649	0.558052786181425	0.675591603350898	0.643540129092524	1	0.872936360432626	1	NA	"abundance"	26	8
"NODE_101_length_12442_cov_9.785824"	"PrePostFVT"	"During"	"PrePostFVTDuring"	0.587961610601093	-0.082971466560033	0.769781997271187	0.398086001546532	1	0.637699538465758	1	NA	"abundance"	26	22
"NODE_101_length_12442_cov_9.785824"	"PrePostFVT"	"Post"	"PrePostFVTPost"	0.956597934010339	0.558052786181425	0.620088557655327	0.53098538770075	1	0.75127637145955	1	NA	"abundance"	26	22
"NODE_1013_length_3589_cov_5.858800"	"PrePostFVT"	"During"	"PrePostFVTDuring"	0.191061517956716	-0.082971466560033	0.667041949166232	0.686300506147518	1	0.901592627556697	1	NA	"abundance"	26	21
"NODE_1013_length_3589_cov_5.858800"	"PrePostFVT"	"Post"	"PrePostFVTPost"	1.19348536329271	0.558052786181425	0.524458659540995	0.242498501978504	1	0.42619148049519	1	NA	"abundance"	26	21
"NODE_1013_length_5104_cov_6.459893"	"PrePostFVT"	"During"	"PrePostFVTDuring"	-0.445350230161985	-0.082971466560033	1.42208294405364	0.808880608770265	1	0.633662405407267	1	NA	"abundance"	26	8
"NODE_1013_length_5104_cov_6.459893"	"PrePostFVT"	"Post"	"PrePostFVTPost"	0.956017998019884	0.558052786181425	1.23155995583901	0.759617344055014	1	0.904613591731408	1	NA	"abundance"	26	8
"NODE_1015_length_5103_cov_5.265848"	"PrePostFVT"	"During"	"PrePostFVTDuring"	-0.807813425277947	-0.082971466560033	0.600702643611444	0.351082698835723	1	0.333721150257147	1	NA	"abundance"	26	5
"NODE_1015_length_5103_cov_5.265848"	"PrePostFVT"	"Post"	"PrePostFVTPost"	-0.460093862376778	0.558052786181425	0.600702643611444	0.233002576321471	1	0.411714952070498	1	NA	"abundance"	26	5
"NODE_1017_length_4404_cov_8.700851"	"PrePostFVT"	"During"	"PrePostFVTDuring"	0.621098151841087	-0.082971466560033	0.468719106623202	0.153080479091413	1	0.28272732510397	1	NA	"abundance"	26	25
"NODE_1017_length_4404_cov_8.700851"	"PrePostFVT"	"Post"	"PrePostFVTPost"	1.00481589521532	0.558052786181425	0.356103968718702	0.229513932375807	1	0.406351219597008	1	NA	"abundance"	26	25
"NODE_1021_length_3863_cov_7.928834"	"PrePostFVT"	"During"	"PrePostFVTDuring"	0.241525721016764	-0.082971466560033	0.530518726660681	0.549344554044029	1	0.796909669030225	1	NA	"abundance"	26	25
"NODE_1021_length_3863_cov_7.928834"	"PrePostFVT"	"Post"	"PrePostFVTPost"	0.154937353670072	0.558052786181425	0.402977407568707	0.333319100363774	1	0.555536578060232	1	NA	"abundance"	26	25
"NODE_1027_length_4636_cov_20.014189"	"PrePostFVT"	"During"	"PrePostFVTDuring"	-0.536104083715013	-0.082971466560033	0.55923618008589	0.43189892673395	1	0.677261170553962	1	NA	"abundance"	26	21
"NODE_1027_length_4636_cov_20.014189"	"PrePostFVT"	"Post"	"PrePostFVTPost"	0.0244942939775802	0.558052786181425	0.448347398723896	0.255143943133841	1	0.445189454549798	1	NA	"abundance"	26	21
"NODE_1038_length_3220_cov_3.203791"	"PrePostFVT"	"During"	"PrePostFVTDuring"	-1.13704022045923	-0.082971466560033	0.515683829187074	0.209483792073071	1	0.333738794718626	1	NA	"abundance"	26	7
"NODE_1038_length_3220_cov_3.203791"	"PrePostFVT"	"Post"	"PrePostFVTPost"	0.955408635565578	0.558052786181425	0.505324766226074	0.525561985274508	1	0.522841134823363	1	NA	"abundance"	26	7
"NODE_1039_length_3380_cov_25.711278"	"PrePostFVT"	"During"	"PrePostFVTDuring"	-0.12717586294943	-0.082971466560033	0.586347455091968	0.940793666411242	1	0.996494610062977	1	NA	"abundance"	26	20
"NODE_1039_length_3380_cov_25.711278"	"PrePostFVT"	"Post"	"PrePostFVTPost"	0.871363383691405	0.558052786181425	0.469077964073575	0.514274076741219	1	0.764070327474405	1	NA	"abundance"	26	20
"NODE_1043_length_5009_cov_8.757771"	"PrePostFVT"	"During"	"PrePostFVTDuring"	-1.74749524120956	-0.082971466560033	0.781918136648946	0.0609918669409531	1	0.118263726048963	1	NA	"abundance"	26	16
"NODE_1043_length_5009_cov_8.757771"	"PrePostFVT"	"Post"	"PrePostFVTPost"	-1.0592728039751	0.558052786181425	0.802403767261228	0.0693413575239284	1	0.133874491184596	1	NA	"abundance"	26	16
"NODE_1045_length_6642_cov_13.697890"	"PrePostFVT"	"During"	"PrePostFVTDuring"	-0.246149123839375	-0.082971466560033	0.569704909191533	0.77908114043441	1	0.951194857488239	1	NA	"abundance"	26	17
"NODE_1045_length_6642_cov_13.697890"	"PrePostFVT"	"Post"	"PrePostFVTPost"	0.866199313557782	0.558052786181425	0.532217604347094	0.573177870030557	1	0.118563154149893	1	NA	"abundance"	26	17
"NODE_1046_length_5621_cov_125.866870"	"PrePostFVT"	"During"	"PrePostFVTDuring"	-1.70329191027401	-0.082971466560033	0.570289479002237	0.0496827391114845	1	0.0968971036573491	1	NA	"abundance"	26	12
"NODE_1046_length_5621_cov_125.866870"	"PrePostFVT"	"Post"	"PrePostFVTPost"	-2.14275448349241	0.558052786181425	0.736780885368847	0.0197107581366899	1	0.0390330022870567	1	NA	"abundance"	26	12
"NODE_1048_length_5983_cov_5.663293"	"PrePostFVT"	"During"	"PrePostFVTDuring"	1.22517881675123	-0.082971466560033	0.707930452753775	0.0908623362751922	1	0.173468708396998	1	NA	"abundance"	26	17
"NODE_1048_length_5983_cov_5.663293"	"PrePostFVT"	"Post"	"PrePostFVTPost"	-0.0796543057193035	0.558052786181425	0.556825324220367	0.277557571126458	1	0.478076936963297	1	NA	"abundance"	26	17
"NODE_105_length_34419_cov_13.781283|provirus_17286_34418"	"PrePostFVT"	"During"	"PrePostFVTDuring"	-1.20049665691916	-0.082971466560033	0.635528474616613	0.109700992872782	1	0.207367677908289	1	NA	"abundance"	26	13
"NODE_105_length_34419_cov_13.781283|provirus_17286_34418"	"PrePostFVT"	"Post"	"PrePostFVTPost"	-0.370803418746805	0.558052786181425	0.550383803846361	0.123337695581632	1	0.231463204011877	1	NA	"abundance"	26	13
"NODE_1050_length_3310_cov_18.847312"	"PrePostFVT"	"During"	"PrePostFVTDuring"	-1.30565520575523	-0.082971466560033	0.530659376332693	0.101878137133534	1	0.19337711944127	1	NA	"abundance"	26	8
"NODE_1050_length_3310_cov_18.847312"	"PrePostFVT"	"Post"	"PrePostFVTPost"	-0.274547835883235	0.558052786181425	0.418962207020811	0.176332953944907	1	0.321572597242877	1	NA	"abundance"	26	8
"NODE_1057_length_3172_cov_99.676612"	"PrePostFVT"	"Post"	"PrePostFVTPost"	5.27193541636529	0.558052786181425	3.37664437818033	0.297456601831346	1	0.50643277368964	1	NA	"abundance"	26	6
"NODE_1058_length_3319_cov_5.354473"	"PrePostFVT"	"During"	"PrePostFVTDuring"	-0.941385066467694	-0.082971466560033	0.580356772872836	0.181163692107309	1	0.329507100876666	1	NA	"abundance"	26	13
"NODE_1058_length_3319_cov_5.354473"	"PrePostFVT"	"Post"	"PrePostFVTPost"	0.657268413417706	0.558052786181425	0.540592672699456	0.859298521407595	1	0.191582701100553	1	NA	"abundance"	26	13
"NODE_106_length_96948_cov_59.874201|provirus_53627_96654"	"PrePostFVT"	"During"	"PrePostFVTDuring"	0.849996360418216	-0.082971466560033	0.647515258794723	0.17890376392101	1	0.325800971096916	1	NA	"abundance"	26	17
"NODE_106_length_96948_cov_59.874201|provirus_53627_96654"	"PrePostFVT"	"Post"	"PrePostFVTPost"	-0.470183371283442	0.558052786181425	0.519567198335825	0.0757950117772597	1	0.145845139744204	1	NA	"abundance"	26	17
"NODE_1062_length_4753_cov_4.627501"	"PrePostFVT"	"During"	"PrePostFVTDuring"	-1.44962305407749	-0.082971466560033	1.12287144160826	0.278113585986558	1	0.478880005262813	1	NA	"abundance"	26	8
"NODE_1062_length_4753_cov_4.627501"	"PrePostFVT"	"Post"	"PrePostFVTPost"	1.47097651109751	0.558052786181425	0.972435193616807	0.391026787320169	1	0.629151626238405	1	NA	"abundance"	26	8
"NODE_1065_length_3478_cov_4.248028"	"PrePostFVT"	"During"	"PrePostFVTDuring"	0.971096644116095	-0.082971466560033	0.387319922025163	0.0206404333396194	1	0.0408548391907914	1	NA	"abundance"	26	14
"NODE_1065_length_3478_cov_4.248028"	"PrePostFVT"	"Post"	"PrePostFVTPost"	0.241343641268628	0.558052786181425	0.331680965384244	0.362349754583669	1	0.30291729867125	1	NA	"abundance"	26	14
"NODE_1066_length_4261_cov_4.494532"	"PrePostFVT"	"During"	"PrePostFVTDuring"	-1.39846799653326	-0.082971466560033	0.825734664029589	0.223152258207083	1	0.396507586071245	1	NA	"abundance"	26	10
"NODE_1066_length_4261_cov_4.494532"	"PrePostFVT"	"Post"	"PrePostFVTPost"	1.41319585241234	0.558052786181425	0.947762311171147	0.422355113870112	1	0.415268442298079	1	NA	"abundance"	26	10
"NODE_1066_length_5519_cov_11.305454"	"PrePostFVT"	"During"	"PrePostFVTDuring"	0.410528802562174	-0.082971466560033	0.494687139754179	0.334408233813108	1	0.556987600784214	1	NA	"abundance"	26	23
"NODE_1066_length_5519_cov_11.305454"	"PrePostFVT"	"Post"	"PrePostFVTPost"	0.858351677207434	0.558052786181425	0.375420562136996	0.436626353901337	1	0.682610134881498	1	NA	"abundance"	26	23
"NODE_1067_length_5696_cov_15.288069"	"PrePostFVT"	"During"	"PrePostFVTDuring"	0.288666730851584	-0.082971466560033	0.586348278448072	0.535509046364614	1	0.784248153990889	1	NA	"abundance"	26	19
"NODE_1067_length_5696_cov_15.288069"	"PrePostFVT"	"Post"	"PrePostFVTPost"	0.874833674502546	0.558052786181425	0.478751364585709	0.518720944088968	1	0.768370470341386	1	NA	"abundance"	26	19
"NODE_1069_length_7411_cov_14.656607"	"PrePostFVT"	"During"	"PrePostFVTDuring"	1.22063226041773	-0.082971466560033	0.632854085889621	0.074199753876858	1	0.14289390427833	1	NA	"abundance"	26	11
"NODE_1069_length_7411_cov_14.656607"	"PrePostFVT"	"Post"	"PrePostFVTPost"	0.921091182198861	0.558052786181425	0.632854085889621	0.58214748822891	1	0.196464210227587	1	NA	"abundance"	26	11
"NODE_1070_length_3145_cov_8.108414"	"PrePostFVT"	"During"	"PrePostFVTDuring"	-0.178497171357307	-0.082971466560033	0.724984684177804	0.896635705172563	1	0.896635705172563	1	NA	"abundance"	26	26
"NODE_1070_length_3145_cov_8.108414"	"PrePostFVT"	"Post"	"PrePostFVTPost"	0.644350769259374	0.558052786181425	0.540371678822595	0.875030710854165	1	0.875030710854165	1	NA	"abundance"	26	26
"NODE_1070_length_4765_cov_8.258599"	"PrePostFVT"	"During"	"PrePostFVTDuring"	0.369416979171763	-0.082971466560033	0.600206066737753	0.461974115821036	1	0.710528147953444	1	NA	"abundance"	26	23
"NODE_1070_length_4765_cov_8.258599"	"PrePostFVT"	"Post"	"PrePostFVTPost"	0.115653913623984	0.558052786181425	0.461929007139128	0.354326677399998	1	0.583105960482673	1	NA	"abundance"	26	23
"NODE_1071_length_6474_cov_15.783611"	"PrePostFVT"	"During"	"PrePostFVTDuring"	-0.250526968562244	-0.082971466560033	0.633008477759556	0.796353920614542	1	0.958528274350932	1	NA	"abundance"	26	15
"NODE_1071_length_6474_cov_15.783611"	"PrePostFVT"	"Post"	"PrePostFVTPost"	0.658739320031565	0.558052786181425	0.542076074739218	0.856128431593245	1	0.302917084365445	1	NA	"abundance"	26	15
"NODE_1072_length_4764_cov_12.172648"	"PrePostFVT"	"During"	"PrePostFVTDuring"	0.227458632687187	-0.082971466560033	0.624094116815845	0.625925999591947	1	0.860068642218716	1	NA	"abundance"	26	23
"NODE_1072_length_4764_cov_12.172648"	"PrePostFVT"	"Post"	"PrePostFVTPost"	0.871136507829938	0.558052786181425	0.48054261074972	0.525114449156322	1	0.774483713599897	1	NA	"abundance"	26	23
"NODE_108_length_16977_cov_116.663101"	"PrePostFVT"	"During"	"PrePostFVTDuring"	0.934193836626626	-0.082971466560033	3.29369840384055	0.786604829728991	1	0.954462501305007	1	NA	"abundance"	26	6
"NODE_108_length_16977_cov_116.663101"	"PrePostFVT"	"Post"	"PrePostFVTPost"	2.77307871849949	0.558052786181425	2.68929348534292	0.496648655741341	1	0.746637424233001	1	NA	"abundance"	26	6
"NODE_108_length_44174_cov_28.077586"	"PrePostFVT"	"During"	"PrePostFVTDuring"	-1.19205493402607	-0.082971466560033	0.614868283211496	0.114661367783876	1	0.216175506305683	1	NA	"abundance"	26	13
"NODE_108_length_44174_cov_28.077586"	"PrePostFVT"	"Post"	"PrePostFVTPost"	0.162147667658557	0.558052786181425	0.54059541770684	0.487081970857468	1	0.73691509538054	1	NA	"abundance"	26	13
"NODE_108_length_81464_cov_35.157759|provirus_7818_70337"	"PrePostFVT"	"During"	"PrePostFVTDuring"	0.273922195338427	-0.082971466560033	0.539078531952939	0.529852881749662	1	0.778961687200903	1	NA	"abundance"	26	14
"NODE_108_length_81464_cov_35.157759|provirus_7818_70337"	"PrePostFVT"	"Post"	"PrePostFVTPost"	0.0373469099439189	0.558052786181425	0.51494222406606	0.346668832172378	1	0.573158385144996	1	NA	"abundance"	26	14
"NODE_1085_length_2628_cov_21.639583"	"PrePostFVT"	"During"	"PrePostFVTDuring"	0.339595133714174	-0.082971466560033	0.8915351645231	0.640254765271936	1	0.640254765271936	1	NA	"abundance"	26	26
"NODE_1085_length_2628_cov_21.639583"	"PrePostFVT"	"Post"	"PrePostFVTPost"	1.70332159880907	0.558052786181425	0.664511077401703	0.0998070812884191	1	0.0998070812884191	1	NA	"abundance"	26	26
"NODE_1086_length_7321_cov_7.431599"	"PrePostFVT"	"During"	"PrePostFVTDuring"	0.165749052431796	-0.082971466560033	0.558554999835642	0.663441133967229	1	0.527864226750972	1	NA	"abundance"	26	21
"NODE_1086_length_7321_cov_7.431599"	"PrePostFVT"	"Post"	"PrePostFVTPost"	-0.224171246994152	0.558052786181425	0.448718812817858	0.104171672087027	1	0.197491606908647	1	NA	"abundance"	26	21
"NODE_1089_length_4636_cov_5.018118"	"PrePostFVT"	"During"	"PrePostFVTDuring"	-0.519269848360236	-0.082971466560033	0.494007908903304	0.442586998491164	1	0.689290745748911	1	NA	"abundance"	26	6
"NODE_1089_length_4636_cov_5.018118"	"PrePostFVT"	"Post"	"PrePostFVTPost"	2.31474203018467	0.558052786181425	0.624876069708566	0.0675551373446677	1	0.130546578107678	1	NA	"abundance"	26	6
"NODE_109_length_17329_cov_21.961503"	"PrePostFVT"	"During"	"PrePostFVTDuring"	-0.289314729703811	-0.082971466560033	0.576129983847024	0.724630391618607	1	0.724630391618607	1	NA	"abundance"	26	26
"NODE_109_length_17329_cov_21.961503"	"PrePostFVT"	"Post"	"PrePostFVTPost"	0.352858313499083	0.558052786181425	0.429421935919267	0.639738314022463	1	0.639738314022463	1	NA	"abundance"	26	26
"NODE_109_length_27773_cov_17.890613|provirus_5305_23161"	"PrePostFVT"	"During"	"PrePostFVTDuring"	-0.773148005030234	-0.082971466560033	0.608653770879895	0.27254826537521	1	0.470813973791383	1	NA	"abundance"	26	23
"NODE_109_length_27773_cov_17.890613|provirus_5305_23161"	"PrePostFVT"	"Post"	"PrePostFVTPost"	0.746017128713426	0.558052786181425	0.478551223351458	0.699845706333285	1	0.554372230185331	1	NA	"abundance"	26	23
"NODE_1092_length_3371_cov_6.075694"	"PrePostFVT"	"During"	"PrePostFVTDuring"	-0.0969885267242017	-0.082971466560033	0.480594848196155	0.977154690114536	1	0.999478091816237	1	NA	"abundance"	26	23
"NODE_1092_length_3371_cov_6.075694"	"PrePostFVT"	"Post"	"PrePostFVTPost"	0.571408021152501	0.558052786181425	0.372021868139149	0.971904961417473	1	0.943458374205284	1	NA	"abundance"	26	23
"NODE_1096_length_2260_cov_12.300680"	"PrePostFVT"	"During"	"PrePostFVTDuring"	-0.688783020123769	-0.082971466560033	0.609737972503083	0.336906575008471	1	0.560307109733004	1	NA	"abundance"	26	23
"NODE_1096_length_2260_cov_12.300680"	"PrePostFVT"	"Post"	"PrePostFVTPost"	0.437792840584231	0.558052786181425	0.479406119638897	0.805608763257249	1	0.554372230185331	1	NA	"abundance"	26	23
"NODE_1098_length_4803_cov_5.912805"	"PrePostFVT"	"During"	"PrePostFVTDuring"	0.129395317153274	-0.082971466560033	0.550345432693655	0.704023855480207	1	0.912398121875199	1	NA	"abundance"	26	23
"NODE_1098_length_4803_cov_5.912805"	"PrePostFVT"	"Post"	"PrePostFVTPost"	1.1200789173047	0.558052786181425	0.426295739096768	0.205522417403712	1	0.368805370751958	1	NA	"abundance"	26	23
"NODE_11_length_66886_cov_11.614326|provirus_7399_66886"	"PrePostFVT"	"During"	"PrePostFVTDuring"	-0.468460175986676	-0.082971466560033	0.611397815670715	0.538465310913141	1	0.786985730769497	1	NA	"abundance"	26	20
"NODE_11_length_66886_cov_11.614326|provirus_7399_66886"	"PrePostFVT"	"Post"	"PrePostFVTPost"	0.0868770725177707	0.558052786181425	0.511532112681936	0.372836021089661	1	0.606665343557352	1	NA	"abundance"	26	20
"NODE_1102_length_3264_cov_3.307884"	"PrePostFVT"	"During"	"PrePostFVTDuring"	-0.766472533775993	-0.082971466560033	0.531024596271444	0.228017822436453	1	0.404043517524244	1	NA	"abundance"	26	15
"NODE_1102_length_3264_cov_3.307884"	"PrePostFVT"	"Post"	"PrePostFVTPost"	0.610336311128815	0.558052786181425	0.450321939383013	0.910016538480467	1	0.118530663164108	1	NA	"abundance"	26	15
"NODE_1104_length_7235_cov_5.951811"	"PrePostFVT"	"During"	"PrePostFVTDuring"	0.877220845014356	-0.082971466560033	0.3459550270195	0.0378801571420699	1	0.074325407979032	1	NA	"abundance"	26	11
"NODE_1104_length_7235_cov_5.951811"	"PrePostFVT"	"Post"	"PrePostFVTPost"	0.21375164779829	0.558052786181425	0.3459550270195	0.365819995534138	1	0.196472353608531	1	NA	"abundance"	26	11
"NODE_1105_length_4231_cov_8.810824"	"PrePostFVT"	"During"	"PrePostFVTDuring"	-0.10048394598531	-0.082971466560033	0.554260947020736	0.975422058449905	1	0.99939592478916	1	NA	"abundance"	26	16
"NODE_1105_length_4231_cov_8.810824"	"PrePostFVT"	"Post"	"PrePostFVTPost"	1.35298249775711	0.558052786181425	0.486486368417432	0.131752222016299	1	0.246145796026366	1	NA	"abundance"	26	16
"NODE_1109_length_4231_cov_23.831418"	"PrePostFVT"	"During"	"PrePostFVTDuring"	-0.284491414669628	-0.082971466560033	0.736928668557266	0.787411475319695	1	0.954806119174251	1	NA	"abundance"	26	25
"NODE_1109_length_4231_cov_23.831418"	"PrePostFVT"	"Post"	"PrePostFVTPost"	1.44579944276782	0.558052786181425	0.559171827776121	0.128986495402902	1	0.241335474809481	1	NA	"abundance"	26	25
"NODE_111_length_16833_cov_22.753546"	"PrePostFVT"	"During"	"PrePostFVTDuring"	3.76288775785527	-0.082971466560033	0.359640288702294	0.0621365725140316	1	0.120412191384272	1	NA	"abundance"	26	6
"NODE_111_length_16833_cov_22.753546"	"PrePostFVT"	"Post"	"PrePostFVTPost"	0.0411882239541173	0.558052786181425	0.505830357987022	0.49249724046809	1	0.742440949067497	1	NA	"abundance"	26	6
"NODE_1117_length_5033_cov_7.042989"	"PrePostFVT"	"During"	"PrePostFVTDuring"	-1.40955469174902	-0.082971466560033	1.21959577897425	0.318531241065252	1	0.420579689100689	1	NA	"abundance"	26	9
"NODE_1117_length_5033_cov_7.042989"	"PrePostFVT"	"Post"	"PrePostFVTPost"	-0.879810332680779	0.558052786181425	1.21959577897425	0.283311256581286	1	0.486357245056905	1	NA	"abundance"	26	9
"NODE_1118_length_5021_cov_5.478856"	"PrePostFVT"	"During"	"PrePostFVTDuring"	-0.237831480522555	-0.082971466560033	1.18133211886454	0.899956048599819	1	0.633821073191057	1	NA	"abundance"	26	9
"NODE_1118_length_5021_cov_5.478856"	"PrePostFVT"	"Post"	"PrePostFVTPost"	1.12472656643388	0.558052786181425	0.988373361914762	0.587225718730362	1	0.695281057609501	1	NA	"abundance"	26	9
"NODE_1119_length_5023_cov_11.906200"	"PrePostFVT"	"During"	"PrePostFVTDuring"	-1.80875882085379	-0.082971466560033	0.755480344472135	0.0453985114886479	1	0.0887359981319109	1	NA	"abundance"	26	17
"NODE_1119_length_5023_cov_11.906200"	"PrePostFVT"	"Post"	"PrePostFVTPost"	-1.1023349498687	0.558052786181425	0.720269133238178	0.0414639350892991	1	0.0812086122655085	1	NA	"abundance"	26	17
"NODE_1121_length_4468_cov_66.517109"	"PrePostFVT"	"During"	"PrePostFVTDuring"	-0.0772276012216342	-0.082971466560033	0.536855056627386	0.991684591852634	1	0.897602769584642	1	NA	"abundance"	26	13
"NODE_1121_length_4468_cov_66.517109"	"PrePostFVT"	"Post"	"PrePostFVTPost"	0.177573656441132	0.558052786181425	0.398142365874968	0.364671777582497	1	0.370284253151872	1	NA	"abundance"	26	13
"NODE_1125_length_2758_cov_3.078801"	"PrePostFVT"	"During"	"PrePostFVTDuring"	-3.31802350309141	-0.082971466560033	1.60529819940545	0.0996775848733193	1	0.189419548820461	1	NA	"abundance"	26	9
"NODE_1125_length_2758_cov_3.078801"	"PrePostFVT"	"Post"	"PrePostFVTPost"	0.323980638359311	0.558052786181425	1.47123823863011	0.878800829681013	1	0.20488353798257	1	NA	"abundance"	26	9
"NODE_1125_length_5473_cov_26.248431"	"PrePostFVT"	"During"	"PrePostFVTDuring"	-0.245867690856209	-0.082971466560033	0.691909630229853	0.81685042374474	1	0.964806364606606	1	NA	"abundance"	26	24
"NODE_1125_length_5473_cov_26.248431"	"PrePostFVT"	"Post"	"PrePostFVTPost"	0.706643458022782	0.558052786181425	0.533189970526567	0.784427650386509	1	0.937162170722469	1	NA	"abundance"	26	24
"NODE_113_length_10944_cov_8.844155"	"PrePostFVT"	"During"	"PrePostFVTDuring"	-0.643357548641662	-0.082971466560033	0.564370622323795	0.337123558317473	1	0.560594823062311	1	NA	"abundance"	26	23
"NODE_113_length_10944_cov_8.844155"	"PrePostFVT"	"Post"	"PrePostFVTPost"	0.606190871212611	0.558052786181425	0.443773371094711	0.915275485545464	1	0.554372230185331	1	NA	"abundance"	26	23
"NODE_1133_length_5136_cov_33.778981"	"PrePostFVT"	"During"	"PrePostFVTDuring"	-0.758224842374533	-0.082971466560033	0.694135286995325	0.375842515434305	1	0.610427434460624	1	NA	"abundance"	26	9
"NODE_1133_length_5136_cov_33.778981"	"PrePostFVT"	"Post"	"PrePostFVTPost"	0.397058278117475	0.558052786181425	0.90883642719885	0.866278940351696	1	0.0444413038059716	1	NA	"abundance"	26	9
"NODE_1136_length_5719_cov_15.513771"	"PrePostFVT"	"During"	"PrePostFVTDuring"	0.470173977843806	-0.082971466560033	0.615965479157528	0.382608254361279	1	0.618827432417173	1	NA	"abundance"	26	20
"NODE_1136_length_5719_cov_15.513771"	"PrePostFVT"	"Post"	"PrePostFVTPost"	1.2181950280581	0.558052786181425	0.495254879558061	0.201537573730532	1	0.362457753835873	1	NA	"abundance"	26	20
"NODE_1148_length_3207_cov_13.351840"	"PrePostFVT"	"During"	"PrePostFVTDuring"	-2.15815472818813	-0.082971466560033	1.06257057462782	0.190196187604005	1	0.344217785428912	1	NA	"abundance"	26	7
"NODE_1148_length_3207_cov_13.351840"	"PrePostFVT"	"Post"	"PrePostFVTPost"	0.222881789062958	0.558052786181425	1.30137786176704	0.820847074032107	1	0.547185170651632	1	NA	"abundance"	26	7
"NODE_115_length_39977_cov_22.569661"	"PrePostFVT"	"During"	"PrePostFVTDuring"	-0.821802217876772	-0.082971466560033	0.716135379167599	0.324552486095254	1	0.543770655959898	1	NA	"abundance"	26	16
"NODE_115_length_39977_cov_22.569661"	"PrePostFVT"	"Post"	"PrePostFVTPost"	-1.2654172866358	0.558052786181425	0.716135379167599	0.0275064685027815	1	0.0542563311960686	1	NA	"abundance"	26	16
"NODE_115_length_68071_cov_76.287815|provirus_44295_57657"	"PrePostFVT"	"During"	"PrePostFVTDuring"	-0.597046529831596	-0.082971466560033	0.529559791588184	0.34777915079852	1	0.5746079638669	1	NA	"abundance"	26	23
"NODE_115_length_68071_cov_76.287815|provirus_44295_57657"	"PrePostFVT"	"Post"	"PrePostFVTPost"	0.515587772122785	0.558052786181425	0.416401231654173	0.920334364369622	1	0.554372230185331	1	NA	"abundance"	26	23
"NODE_1150_length_3473_cov_5.646870"	"PrePostFVT"	"During"	"PrePostFVTDuring"	0.366911723774575	-0.082971466560033	0.642905470121599	0.494586978968832	1	0.744557678172148	1	NA	"abundance"	26	23
"NODE_1150_length_3473_cov_5.646870"	"PrePostFVT"	"Post"	"PrePostFVTPost"	-0.00919186842117688	0.558052786181425	0.495035014571873	0.270803473232125	1	0.468272425349668	1	NA	"abundance"	26	23
"NODE_1151_length_2920_cov_3.823037"	"PrePostFVT"	"During"	"PrePostFVTDuring"	-1.1937845754579	-0.082971466560033	1.03086023915884	0.385842890525156	1	0.505924512127256	1	NA	"abundance"	26	7
"NODE_1151_length_2920_cov_3.823037"	"PrePostFVT"	"Post"	"PrePostFVTPost"	0.798468167353364	0.558052786181425	0.835591977384908	0.79778603502471	1	0.211746570840097	1	NA	"abundance"	26	7
"NODE_1158_length_3043_cov_3.853414"	"PrePostFVT"	"During"	"PrePostFVTDuring"	0.0546667521842175	-0.082971466560033	0.676352464943006	0.841389886032652	1	0.964806364606606	1	NA	"abundance"	26	23
"NODE_1158_length_3043_cov_3.853414"	"PrePostFVT"	"Post"	"PrePostFVTPost"	-0.136983324283374	0.558052786181425	0.520620437529137	0.201667607515931	1	0.362665391110662	1	NA	"abundance"	26	23
"NODE_116_length_38613_cov_286.577597"	"PrePostFVT"	"During"	"PrePostFVTDuring"	0.184397345648432	-0.082971466560033	1.26855417847263	0.83547357317098	1	0.972931054874875	1	NA	"abundance"	26	22
"NODE_116_length_38613_cov_286.577597"	"PrePostFVT"	"Post"	"PrePostFVTPost"	0.824033235678835	0.558052786181425	1.01995593605606	0.797351804091771	1	0.751236760407315	1	NA	"abundance"	26	22
"NODE_1161_length_3909_cov_93.481318"	"PrePostFVT"	"During"	"PrePostFVTDuring"	0.452514655724017	-0.082971466560033	0.603490436759307	0.387044971513121	1	0.387044971513121	1	NA	"abundance"	26	26
"NODE_1161_length_3909_cov_93.481318"	"PrePostFVT"	"Post"	"PrePostFVTPost"	0.546804749016335	0.558052786181425	0.449815213454949	0.980371910889373	1	0.980371910889373	1	NA	"abundance"	26	26
"NODE_1162_length_4872_cov_5.882292"	"PrePostFVT"	"Post"	"PrePostFVTPost"	2.92512887853124	0.558052786181425	0.713356286690185	0.170041054876533	1	0.170041054876533	1	NA	"abundance"	26	5
"NODE_1162_length_5509_cov_7.356986"	"PrePostFVT"	"During"	"PrePostFVTDuring"	-1.23233573532922	-0.082971466560033	1.01146119812036	0.319292921619173	1	0.333726667162647	1	NA	"abundance"	26	7
"NODE_1162_length_5509_cov_7.356986"	"PrePostFVT"	"Post"	"PrePostFVTPost"	0.496521356157969	0.558052786181425	0.923333523752873	0.950072747795814	1	0.522869051507212	1	NA	"abundance"	26	7
"NODE_1163_length_4650_cov_11.917519"	"PrePostFVT"	"During"	"PrePostFVTDuring"	0.313811770134245	-0.082971466560033	0.458735402886023	0.407627855280042	1	0.649095242159878	1	NA	"abundance"	26	16
"NODE_1163_length_4650_cov_11.917519"	"PrePostFVT"	"Post"	"PrePostFVTPost"	1.20594898094401	0.558052786181425	0.400078005238635	0.136355459682009	1	0.254118107978926	1	NA	"abundance"	26	16
"NODE_1164_length_4593_cov_10.455046"	"PrePostFVT"	"During"	"PrePostFVTDuring"	0.801718745159305	-0.082971466560033	1.76580040813422	0.626889362744561	1	0.860350359419618	1	NA	"abundance"	26	15
"NODE_1164_length_4593_cov_10.455046"	"PrePostFVT"	"Post"	"PrePostFVTPost"	2.08721908998494	0.558052786181425	1.67518535488771	0.382850644494911	1	0.619126672999654	1	NA	"abundance"	26	15
"NODE_1177_length_5283_cov_27.285386"	"PrePostFVT"	"During"	"PrePostFVTDuring"	-0.644601117462023	-0.082971466560033	0.415852008924908	0.197955891302262	1	0.35672524770325	1	NA	"abundance"	26	22
"NODE_1177_length_5283_cov_27.285386"	"PrePostFVT"	"Post"	"PrePostFVTPost"	0.0657714999502342	0.558052786181425	0.32702490531542	0.154945342474756	1	0.285882625794893	1	NA	"abundance"	26	22
"NODE_1185_length_3872_cov_14.769190"	"PrePostFVT"	"During"	"PrePostFVTDuring"	-0.119489232640206	-0.082971466560033	0.789178154260112	0.963627889280815	1	0.964806364606606	1	NA	"abundance"	26	24
"NODE_1185_length_3872_cov_14.769190"	"PrePostFVT"	"Post"	"PrePostFVTPost"	1.01271516770045	0.558052786181425	0.608369380021181	0.465349686048068	1	0.714149041791101	1	NA	"abundance"	26	24
"NODE_119_length_41869_cov_11.496795|provirus_190_24455"	"PrePostFVT"	"Post"	"PrePostFVTPost"	0.485766577689124	0.558052786181425	0.61304674575592	0.910689830217787	1	0.206570710492005	1	NA	"abundance"	26	7
"NODE_1194_length_3879_cov_4.682531"	"PrePostFVT"	"During"	"PrePostFVTDuring"	0.0323662793345942	-0.082971466560033	0.653423776700439	0.862016843710853	1	0.980960648580485	1	NA	"abundance"	26	22
"NODE_1194_length_3879_cov_4.682531"	"PrePostFVT"	"Post"	"PrePostFVTPost"	1.10390739610691	0.558052786181425	0.504044054720078	0.293865981098583	1	0.501374747350134	1	NA	"abundance"	26	22
"NODE_1195_length_3589_cov_5.580645"	"PrePostFVT"	"During"	"PrePostFVTDuring"	-0.0412555279782623	-0.082971466560033	0.469939292060716	0.93027070505063	1	0.995137825425864	1	NA	"abundance"	26	22
"NODE_1195_length_3589_cov_5.580645"	"PrePostFVT"	"Post"	"PrePostFVTPost"	1.02274842869257	0.558052786181425	0.362506101995059	0.218148261875155	1	0.388707859591159	1	NA	"abundance"	26	22
"NODE_1196_length_2946_cov_6.579730"	"PrePostFVT"	"During"	"PrePostFVTDuring"	-1.26952877497816	-0.082971466560033	1.11944963576589	0.316441435153611	1	0.532747688425145	1	NA	"abundance"	26	12
"NODE_1196_length_2946_cov_6.579730"	"PrePostFVT"	"Post"	"PrePostFVTPost"	0.771898841743268	0.558052786181425	0.983223883085526	0.832599463115183	1	0.917028626694543	1	NA	"abundance"	26	12
"NODE_120_length_40096_cov_374.797208"	"PrePostFVT"	"During"	"PrePostFVTDuring"	-2.90879483761541	-0.082971466560033	1.394938821908	0.0656685076482129	1	0.127024662399682	1	NA	"abundance"	26	16
"NODE_120_length_40096_cov_374.797208"	"PrePostFVT"	"Post"	"PrePostFVTPost"	-1.70635300363678	0.558052786181425	1.18364484037382	0.0799571343454652	1	0.118530663164108	1	NA	"abundance"	26	16
"NODE_1204_length_4872_cov_178.189329"	"PrePostFVT"	"During"	"PrePostFVTDuring"	-0.0285733066418557	-0.082971466560033	0.647811100508633	0.934177018007957	1	0.934177018007957	1	NA	"abundance"	26	26
"NODE_1204_length_4872_cov_178.189329"	"PrePostFVT"	"Post"	"PrePostFVTPost"	0.763549931964561	0.558052786181425	0.482849885772084	0.675920016417201	1	0.675920016417201	1	NA	"abundance"	26	26
"NODE_1206_length_2948_cov_736.924300"	"PrePostFVT"	"During"	"PrePostFVTDuring"	-0.180279683847574	-0.082971466560033	0.983589895445644	0.924361778189695	1	0.420566454816156	1	NA	"abundance"	26	11
"NODE_1206_length_2948_cov_736.924300"	"PrePostFVT"	"Post"	"PrePostFVTPost"	0.788355330859493	0.558052786181425	0.983589895445644	0.822594428972797	1	0.79953089978114	1	NA	"abundance"	26	11
"NODE_1206_length_5083_cov_16.050716"	"PrePostFVT"	"During"	"PrePostFVTDuring"	0.162017397304534	-0.082971466560033	0.484672760255628	0.62198370155463	1	0.821955808103675	1	NA	"abundance"	26	19
"NODE_1206_length_5083_cov_16.050716"	"PrePostFVT"	"Post"	"PrePostFVTPost"	1.2183190109948	0.558052786181425	0.401491722211082	0.124017742083694	1	0.23265508381585	1	NA	"abundance"	26	19
"NODE_1213_length_5747_cov_6.697470"	"PrePostFVT"	"During"	"PrePostFVTDuring"	1.29757196438153	-0.082971466560033	0.626110474832412	0.0482572139786496	1	0.094185669256318	1	NA	"abundance"	26	15
"NODE_1213_length_5747_cov_6.697470"	"PrePostFVT"	"Post"	"PrePostFVTPost"	1.06519289921663	0.558052786181425	0.511217061983699	0.341631863467398	1	0.466142999502	1	NA	"abundance"	26	15
"NODE_1215_length_4762_cov_296.029530"	"PrePostFVT"	"During"	"PrePostFVTDuring"	-0.306455279917712	-0.082971466560033	1.07560605167018	0.838801677756003	1	0.860333412284343	1	NA	"abundance"	26	15
"NODE_1215_length_4762_cov_296.029530"	"PrePostFVT"	"Post"	"PrePostFVTPost"	-0.396828041829064	0.558052786181425	0.953422862348551	0.336408681162964	1	0.559646561564123	1	NA	"abundance"	26	15
"NODE_1218_length_3762_cov_7.912868"	"PrePostFVT"	"During"	"PrePostFVTDuring"	-0.354642846699351	-0.082971466560033	0.726049314707225	0.713844714389139	1	0.918115152516967	1	NA	"abundance"	26	19
"NODE_1218_length_3762_cov_7.912868"	"PrePostFVT"	"Post"	"PrePostFVTPost"	0.0789009324258441	0.558052786181425	0.554529323819446	0.403134107497775	1	0.643751106367523	1	NA	"abundance"	26	19
"NODE_1220_length_2903_cov_3.497191"	"PrePostFVT"	"During"	"PrePostFVTDuring"	0.873159504454579	-0.082971466560033	0.535224413073063	0.0967258167848493	1	0.184095749937003	1	NA	"abundance"	26	17
"NODE_1220_length_2903_cov_3.497191"	"PrePostFVT"	"Post"	"PrePostFVTPost"	1.3087539488072	0.558052786181425	0.414583047663123	0.0934528609588457	1	0.178172284696298	1	NA	"abundance"	26	17
"NODE_1226_length_5681_cov_10.171170"	"PrePostFVT"	"During"	"PrePostFVTDuring"	0.66730161411024	-0.082971466560033	0.388507409634116	0.113883591766262	1	0.214797711058939	1	NA	"abundance"	26	11
"NODE_1226_length_5681_cov_10.171170"	"PrePostFVT"	"Post"	"PrePostFVTPost"	0.505516273197253	0.558052786181425	0.351392161295379	0.887888502787815	1	0.693052079603201	1	NA	"abundance"	26	11
"NODE_123_length_29020_cov_48.579838|provirus_13140_29018"	"PrePostFVT"	"During"	"PrePostFVTDuring"	0.173290829015783	-0.082971466560033	0.717830471514759	0.725668574453988	1	0.924742268957893	1	NA	"abundance"	26	23
"NODE_123_length_29020_cov_48.579838|provirus_13140_29018"	"PrePostFVT"	"Post"	"PrePostFVTPost"	0.304310373045669	0.558052786181425	0.552992281955283	0.652815809357633	1	0.879463137768004	1	NA	"abundance"	26	23
"NODE_1233_length_4439_cov_10.491560"	"PrePostFVT"	"During"	"PrePostFVTDuring"	0.330778520572514	-0.082971466560033	0.581456841824243	0.489882956588637	1	0.73978060202125	1	NA	"abundance"	26	16
"NODE_1233_length_4439_cov_10.491560"	"PrePostFVT"	"Post"	"PrePostFVTPost"	0.825444261879159	0.558052786181425	0.507537141144678	0.607818767429802	1	0.84619388081972	1	NA	"abundance"	26	16
"NODE_124_length_39539_cov_31.076005"	"PrePostFVT"	"During"	"PrePostFVTDuring"	-2.4363464854398	-0.082971466560033	1.19425595130453	0.0964392419682817	1	0.183577956545147	1	NA	"abundance"	26	9
"NODE_1250_length_4468_cov_38.665307"	"PrePostFVT"	"During"	"PrePostFVTDuring"	0.140053038467437	-0.082971466560033	0.537201964210499	0.68347785146791	1	0.89981372948863	1	NA	"abundance"	26	25
"NODE_1250_length_4468_cov_38.665307"	"PrePostFVT"	"Post"	"PrePostFVTPost"	0.656105732978309	0.558052786181425	0.408185731051895	0.813627997912534	1	0.965265476837909	1	NA	"abundance"	26	25
"NODE_1255_length_3675_cov_10.237293"	"PrePostFVT"	"During"	"PrePostFVTDuring"	0.0893704292342634	-0.082971466560033	0.669060042339153	0.799699934689585	1	0.959879883836643	1	NA	"abundance"	26	20
"NODE_1255_length_3675_cov_10.237293"	"PrePostFVT"	"Post"	"PrePostFVTPost"	1.762060906641	0.558052786181425	0.535248033871323	0.0385272304119029	1	0.075570113340594	1	NA	"abundance"	26	20
"NODE_1259_length_3670_cov_6.403873"	"PrePostFVT"	"During"	"PrePostFVTDuring"	0.69675050647036	-0.082971466560033	0.507649237848492	0.146471727643471	1	0.271489488288078	1	NA	"abundance"	26	18
"NODE_1259_length_3670_cov_6.403873"	"PrePostFVT"	"Post"	"PrePostFVTPost"	1.03240926514121	0.558052786181425	0.378379401518396	0.231399955127325	1	0.409253971021722	1	NA	"abundance"	26	18
"NODE_1260_length_2744_cov_11.166977"	"PrePostFVT"	"During"	"PrePostFVTDuring"	0.0409005566549052	-0.082971466560033	0.635817530950111	0.847917421837819	1	0.976870889419544	1	NA	"abundance"	26	25
"NODE_1260_length_2744_cov_11.166977"	"PrePostFVT"	"Post"	"PrePostFVTPost"	0.969943047273572	0.558052786181425	0.483059745106577	0.406789356040725	1	0.648101131893422	1	NA	"abundance"	26	25
"NODE_1260_length_5519_cov_9.765190"	"PrePostFVT"	"During"	"PrePostFVTDuring"	1.19321815028954	-0.082971466560033	0.6308197350594	0.0738496136799495	1	0.142245461919221	1	NA	"abundance"	26	15
"NODE_1260_length_5519_cov_9.765190"	"PrePostFVT"	"Post"	"PrePostFVTPost"	0.483309339750944	0.558052786181425	0.533379948109884	0.89219140155664	1	0.118509152026877	1	NA	"abundance"	26	15
"NODE_1263_length_3025_cov_5.382155"	"PrePostFVT"	"During"	"PrePostFVTDuring"	0.0715725708668745	-0.082971466560033	0.498810585687093	0.761452042828509	1	0.943094872129309	1	NA	"abundance"	26	21
"NODE_1263_length_3025_cov_5.382155"	"PrePostFVT"	"Post"	"PrePostFVTPost"	0.0221196431901332	0.558052786181425	0.399511937070636	0.203073851275969	1	0.364908713479883	1	NA	"abundance"	26	21
"NODE_1264_length_2611_cov_5.178404"	"PrePostFVT"	"During"	"PrePostFVTDuring"	-1.63299648457637	-0.082971466560033	0.68811730092634	0.0503657269749241	1	0.0981947474961356	1	NA	"abundance"	26	16
"NODE_1264_length_2611_cov_5.178404"	"PrePostFVT"	"Post"	"PrePostFVTPost"	-0.856453038889793	0.558052786181425	0.721893371962195	0.076863141873809	1	0.147818341168905	1	NA	"abundance"	26	16
"NODE_1268_length_3996_cov_39.488962"	"PrePostFVT"	"During"	"PrePostFVTDuring"	0.217431389357065	-0.082971466560033	0.652839982558346	0.651722817381927	1	0.878703004067617	1	NA	"abundance"	26	24
"NODE_1268_length_3996_cov_39.488962"	"PrePostFVT"	"Post"	"PrePostFVTPost"	0.89624654978869	0.558052786181425	0.502606301349997	0.511771687842568	1	0.761633115207905	1	NA	"abundance"	26	24
"NODE_1268_length_4917_cov_20.181201"	"PrePostFVT"	"During"	"PrePostFVTDuring"	1.10733651221048	-0.082971466560033	0.682266763977881	0.110081024240623	1	0.208044216583381	1	NA	"abundance"	26	17
"NODE_1268_length_4917_cov_20.181201"	"PrePostFVT"	"Post"	"PrePostFVTPost"	0.15080937492938	0.558052786181425	0.548316078560398	0.474486992736568	1	0.20656608118976	1	NA	"abundance"	26	17
"NODE_1273_length_4490_cov_9.000000"	"PrePostFVT"	"During"	"PrePostFVTDuring"	-0.676876074559843	-0.082971466560033	0.878089974462968	0.540924212002308	1	0.684783060194903	1	NA	"abundance"	26	7
"NODE_1273_length_4490_cov_9.000000"	"PrePostFVT"	"Post"	"PrePostFVTPost"	1.52375356861563	0.558052786181425	0.8155010006671	0.328223117212487	1	0.548715819752292	1	NA	"abundance"	26	7
"NODE_1277_length_2938_cov_4.712799"	"PrePostFVT"	"During"	"PrePostFVTDuring"	0.655874966970094	-0.082971466560033	0.505681415704095	0.161557606951931	1	0.297014353539827	1	NA	"abundance"	26	22
"NODE_1277_length_2938_cov_4.712799"	"PrePostFVT"	"Post"	"PrePostFVTPost"	1.16254285205034	0.558052786181425	0.390077190724777	0.140451415429096	1	0.261176230762156	1	NA	"abundance"	26	22
"NODE_1278_length_3628_cov_4.986846"	"PrePostFVT"	"During"	"PrePostFVTDuring"	0.274933807571137	-0.082971466560033	0.477787049831514	0.46498458852202	1	0.713758509481048	1	NA	"abundance"	26	24
"NODE_1278_length_3628_cov_4.986846"	"PrePostFVT"	"Post"	"PrePostFVTPost"	0.716695654217439	0.558052786181425	0.362949781959094	0.669729790103819	1	0.804887824006635	1	NA	"abundance"	26	24
"NODE_1279_length_3475_cov_5.432456"	"PrePostFVT"	"During"	"PrePostFVTDuring"	0.585206976492279	-0.082971466560033	0.414410506080524	0.130316808558516	1	0.243651146524155	1	NA	"abundance"	26	21
"NODE_1279_length_3475_cov_5.432456"	"PrePostFVT"	"Post"	"PrePostFVTPost"	1.0109569125304	0.558052786181425	0.330422014176124	0.193184344428872	1	0.34904849792533	1	NA	"abundance"	26	21
"NODE_1286_length_2776_cov_23.367879"	"PrePostFVT"	"During"	"PrePostFVTDuring"	0.0756247207776212	-0.082971466560033	0.607359539257624	0.797276214576992	1	0.797276214576992	1	NA	"abundance"	26	26
"NODE_1286_length_2776_cov_23.367879"	"PrePostFVT"	"Post"	"PrePostFVTPost"	0.95333247659338	0.558052786181425	0.452699072187666	0.395942189617964	1	0.395942189617964	1	NA	"abundance"	26	26
"NODE_1286_length_3943_cov_8.614969"	"PrePostFVT"	"During"	"PrePostFVTDuring"	-0.476877856245973	-0.082971466560033	0.934303553145509	0.677737380472352	1	0.677737380472352	1	NA	"abundance"	26	26
"NODE_1286_length_3943_cov_8.614969"	"PrePostFVT"	"Post"	"PrePostFVTPost"	1.33450582707144	0.558052786181425	0.696388752150982	0.278003044033943	1	0.278003044033943	1	NA	"abundance"	26	26
"NODE_129_length_27218_cov_9.424806"	"PrePostFVT"	"During"	"PrePostFVTDuring"	2.09793618361882	-0.082971466560033	1.33411209144905	0.188087618832972	1	0.240246600964073	1	NA	"abundance"	26	10
"NODE_129_length_27218_cov_9.424806"	"PrePostFVT"	"Post"	"PrePostFVTPost"	2.59396077057521	0.558052786181425	1.47632874745901	0.237463869678506	1	0.418538649954321	1	NA	"abundance"	26	10
"NODE_1299_length_4337_cov_85.098085"	"PrePostFVT"	"During"	"PrePostFVTDuring"	-0.011296196792731	-0.082971466560033	0.642987918128188	0.912799393961035	1	0.964806364606606	1	NA	"abundance"	26	24
"NODE_1299_length_4337_cov_85.098085"	"PrePostFVT"	"Post"	"PrePostFVTPost"	-0.00905829443673855	0.558052786181425	0.495126309071377	0.270432987798394	1	0.467731974707221	1	NA	"abundance"	26	24
"NODE_1300_length_4422_cov_7.244104"	"PrePostFVT"	"During"	"PrePostFVTDuring"	1.22177511930556	-0.082971466560033	1.27293743890635	0.363248695638131	1	0.333727421895736	1	NA	"abundance"	26	7
"NODE_1300_length_4422_cov_7.244104"	"PrePostFVT"	"Post"	"PrePostFVTPost"	2.33943600012453	0.558052786181425	1.16202758263644	0.200272726016744	1	0.36043628724731	1	NA	"abundance"	26	7
"NODE_1301_length_2543_cov_7.558682"	"PrePostFVT"	"During"	"PrePostFVTDuring"	-0.0337262397436568	-0.082971466560033	0.809025879135079	0.952110709874112	1	0.952110709874112	1	NA	"abundance"	26	26
"NODE_1301_length_2543_cov_7.558682"	"PrePostFVT"	"Post"	"PrePostFVTPost"	1.54619299040658	0.558052786181425	0.603012287100855	0.117180676286983	1	0.117180676286983	1	NA	"abundance"	26	26
"NODE_1301_length_3307_cov_6.593173"	"PrePostFVT"	"During"	"PrePostFVTDuring"	0.223803089743377	-0.082971466560033	0.529286263295647	0.574873012317685	1	0.819267044344161	1	NA	"abundance"	26	16
"NODE_1301_length_3307_cov_6.593173"	"PrePostFVT"	"Post"	"PrePostFVTPost"	1.18012034653917	0.558052786181425	0.474111593105748	0.216921417205416	1	0.386787933168425	1	NA	"abundance"	26	16
"NODE_1305_length_4092_cov_12.236810"	"PrePostFVT"	"During"	"PrePostFVTDuring"	0.269071963986919	-0.082971466560033	0.592029213610789	0.56087866037179	1	0.807172449083126	1	NA	"abundance"	26	19
"NODE_1305_length_4092_cov_12.236810"	"PrePostFVT"	"Post"	"PrePostFVTPost"	0.7848620426219	0.558052786181425	0.48338982872254	0.646089900452243	1	0.874747641438096	1	NA	"abundance"	26	19
"NODE_1309_length_2953_cov_6.256384"	"PrePostFVT"	"During"	"PrePostFVTDuring"	-0.10355379794672	-0.082971466560033	0.578360011098652	0.972057071758879	1	0.999219192761312	1	NA	"abundance"	26	25
"NODE_1309_length_2953_cov_6.256384"	"PrePostFVT"	"Post"	"PrePostFVTPost"	0.827141517258952	0.558052786181425	0.439631384320101	0.549880010756302	1	0.797391995283253	1	NA	"abundance"	26	25
"NODE_1320_length_3894_cov_6.729096"	"PrePostFVT"	"During"	"PrePostFVTDuring"	-0.0824533819887916	-0.082971466560033	0.319415450579199	0.99872789777795	1	0.999998381755937	1	NA	"abundance"	26	22
"NODE_1320_length_3894_cov_6.729096"	"PrePostFVT"	"Post"	"PrePostFVTPost"	0.558052786181425	0.558052786181425	0.247418144122915	1	1	0.941809375532088	1	NA	"abundance"	26	22
"NODE_1320_length_3944_cov_3.698123"	"PrePostFVT"	"During"	"PrePostFVTDuring"	1.44874000168533	-0.082971466560033	0.622696027623488	0.105221694062111	1	0.199371783222921	1	NA	"abundance"	26	7
"NODE_1320_length_3944_cov_3.698123"	"PrePostFVT"	"Post"	"PrePostFVTPost"	3.83493635808037	0.558052786181425	0.49515698583938	0.0273939267802384	1	0.0540374263360357	1	NA	"abundance"	26	7
"NODE_1322_length_2624_cov_4.678863"	"PrePostFVT"	"During"	"PrePostFVTDuring"	-0.422316815706489	-0.082971466560033	0.539106423400041	0.538340509635111	1	0.786870514956031	1	NA	"abundance"	26	22
"NODE_1322_length_2624_cov_4.678863"	"PrePostFVT"	"Post"	"PrePostFVTPost"	-0.339548432947568	0.558052786181425	0.423958341599948	0.0522324607153159	1	0.101736691478255	1	NA	"abundance"	26	22
"NODE_1323_length_3039_cov_6.837466"	"PrePostFVT"	"During"	"PrePostFVTDuring"	0.408304427602861	-0.082971466560033	0.61150100184623	0.439543464973798	1	0.685888472346423	1	NA	"abundance"	26	14
"NODE_1323_length_3039_cov_6.837466"	"PrePostFVT"	"Post"	"PrePostFVTPost"	1.68681969929075	0.558052786181425	0.558221487746981	0.0687243137793002	1	0.132725596254165	1	NA	"abundance"	26	14
"NODE_1327_length_4130_cov_5.709448"	"PrePostFVT"	"During"	"PrePostFVTDuring"	0.184228311045208	-0.082971466560033	1.08695061630944	0.82859455247045	1	0.806789722329586	1	NA	"abundance"	26	5
"NODE_1329_length_4796_cov_16.524784"	"PrePostFVT"	"During"	"PrePostFVTDuring"	-0.0898129566369456	-0.082971466560033	0.49232375120942	0.989138677753004	1	0.821955795111619	1	NA	"abundance"	26	20
"NODE_1329_length_4796_cov_16.524784"	"PrePostFVT"	"Post"	"PrePostFVTPost"	-0.311434142326274	0.558052786181425	0.401980659572004	0.051600182433549	1	0.100537786039922	1	NA	"abundance"	26	20
"NODE_1334_length_2095_cov_3.035784"	"PrePostFVT"	"During"	"PrePostFVTDuring"	-0.547170343287119	-0.082971466560033	0.692921706639107	0.519168125276989	1	0.768800708250355	1	NA	"abundance"	26	15
"NODE_1334_length_2095_cov_3.035784"	"PrePostFVT"	"Post"	"PrePostFVTPost"	0.0622593974748203	0.558052786181425	0.587192594157741	0.420434901853921	1	0.118530073485521	1	NA	"abundance"	26	15
"NODE_1340_length_4045_cov_20.261404"	"PrePostFVT"	"During"	"PrePostFVTDuring"	1.08685332950671	-0.082971466560033	0.681447294518794	0.130237091676604	1	0.243512483304829	1	NA	"abundance"	26	10
"NODE_1340_length_4045_cov_20.261404"	"PrePostFVT"	"Post"	"PrePostFVTPost"	0.700420465894969	0.558052786181425	0.556399386057045	0.805560601026292	1	0.693051907287605	1	NA	"abundance"	26	10
"NODE_1341_length_4160_cov_9.409013"	"PrePostFVT"	"During"	"PrePostFVTDuring"	0.955144606131448	-0.082971466560033	0.457584861924369	0.0622886438443036	1	0.120697412536645	1	NA	"abundance"	26	13
"NODE_1341_length_4160_cov_9.409013"	"PrePostFVT"	"Post"	"PrePostFVTPost"	0.461063613148916	0.558052786181425	0.40228971537723	0.818163406552837	1	0.370368924271635	1	NA	"abundance"	26	13
"NODE_1349_length_4098_cov_5.409102"	"PrePostFVT"	"Post"	"PrePostFVTPost"	0.29756502252522	0.558052786181425	1.06147111694626	0.821948764862491	1	0.508611336423462	1	NA	"abundance"	26	5
"NODE_1352_length_2592_cov_8.143871"	"PrePostFVT"	"During"	"PrePostFVTDuring"	-0.288444910939495	-0.082971466560033	0.724003390632282	0.779801203801397	1	0.779801203801397	1	NA	"abundance"	26	26
"NODE_1352_length_2592_cov_8.143871"	"PrePostFVT"	"Post"	"PrePostFVTPost"	0.576978057509722	0.558052786181425	0.539640265798039	0.97245913698399	1	0.97245913698399	1	NA	"abundance"	26	26
"NODE_1358_length_3536_cov_36.249354"	"PrePostFVT"	"During"	"PrePostFVTDuring"	0.15128924842928	-0.082971466560033	0.541097538848393	0.670939644307587	1	0.891719282311582	1	NA	"abundance"	26	24
"NODE_1358_length_3536_cov_36.249354"	"PrePostFVT"	"Post"	"PrePostFVTPost"	0.369288362041935	0.558052786181425	0.41120046906091	0.652892920308039	1	0.804887824006635	1	NA	"abundance"	26	24
"NODE_136_length_36768_cov_19.035982"	"PrePostFVT"	"During"	"PrePostFVTDuring"	-1.69657844794305	-0.082971466560033	0.693776844422511	0.0450051042837976	1	0.0879847491559997	1	NA	"abundance"	26	16
"NODE_136_length_36768_cov_19.035982"	"PrePostFVT"	"Post"	"PrePostFVTPost"	-0.744207398566176	0.558052786181425	0.732327540943135	0.104428509494603	1	0.152053668755648	1	NA	"abundance"	26	16
"NODE_1361_length_3313_cov_10.090853"	"PrePostFVT"	"During"	"PrePostFVTDuring"	-2.09151840396644	-0.082971466560033	0.850691182629926	0.0648862656239588	1	0.125562303781295	1	NA	"abundance"	26	8
"NODE_1361_length_3313_cov_10.090853"	"PrePostFVT"	"Post"	"PrePostFVTPost"	0.158407213688197	0.558052786181425	0.649726122905523	0.565850415609994	1	0.206566209217315	1	NA	"abundance"	26	8
"NODE_1368_length_3847_cov_6.648734"	"PrePostFVT"	"During"	"PrePostFVTDuring"	-0.418329015323308	-0.082971466560033	0.455375818930073	0.474574344257711	1	0.723927880287786	1	NA	"abundance"	26	21
"NODE_1368_length_3847_cov_6.648734"	"PrePostFVT"	"Post"	"PrePostFVTPost"	-0.424224749997375	0.558052786181425	0.365968234863856	0.0184466561506074	1	0.0365530331780761	1	NA	"abundance"	26	21
"NODE_1369_length_4054_cov_4.923481"	"PrePostFVT"	"During"	"PrePostFVTDuring"	-2.09431879435534	-0.082971466560033	0.974056042461687	0.355432151235359	1	0.584532288338923	1	NA	"abundance"	26	4
"NODE_1370_length_3520_cov_6.086291"	"PrePostFVT"	"During"	"PrePostFVTDuring"	0.767368860905614	-0.082971466560033	0.446648519146612	0.0872975930823316	1	0.166974316406695	1	NA	"abundance"	26	13
"NODE_1370_length_3520_cov_6.086291"	"PrePostFVT"	"Post"	"PrePostFVTPost"	1.32336037472959	0.558052786181425	0.386808964143666	0.0779892490681601	1	0.149896175166105	1	NA	"abundance"	26	13
"NODE_1375_length_3855_cov_5.352368"	"PrePostFVT"	"During"	"PrePostFVTDuring"	0.263886543634375	-0.082971466560033	0.837357642364846	0.699915804236191	1	0.251540015758784	1	NA	"abundance"	26	7
"NODE_1375_length_3855_cov_5.352368"	"PrePostFVT"	"Post"	"PrePostFVTPost"	1.06489673713681	0.558052786181425	0.917279338845139	0.609839739576995	1	0.847774971186653	1	NA	"abundance"	26	7
"NODE_1375_length_4304_cov_6.077901"	"PrePostFVT"	"During"	"PrePostFVTDuring"	-1.5712945948508	-0.082971466560033	1.10070168836322	0.247836840099811	1	0.333739330008513	1	NA	"abundance"	26	7
"NODE_1375_length_4304_cov_6.077901"	"PrePostFVT"	"Post"	"PrePostFVTPost"	-0.0499562530030286	0.558052786181425	1.00479857300093	0.578130997615373	1	0.522830421857389	1	NA	"abundance"	26	7
"NODE_1376_length_2860_cov_17.377184"	"PrePostFVT"	"During"	"PrePostFVTDuring"	0.29249788889407	-0.082971466560033	0.636635697869056	0.563541596710198	1	0.809504062197717	1	NA	"abundance"	26	24
"NODE_1376_length_2860_cov_17.377184"	"PrePostFVT"	"Post"	"PrePostFVTPost"	0.0341208676488591	0.558052786181425	0.490096160944996	0.302485967809864	1	0.513474174897858	1	NA	"abundance"	26	24
"NODE_1379_length_3383_cov_8.485577"	"PrePostFVT"	"During"	"PrePostFVTDuring"	0.212550999095688	-0.082971466560033	0.526685726883633	0.584263592050756	1	0.827163239105459	1	NA	"abundance"	26	20
"NODE_1379_length_3383_cov_8.485577"	"PrePostFVT"	"Post"	"PrePostFVTPost"	1.06417025644184	0.558052786181425	0.424378650262531	0.25292572220372	1	0.441880023455166	1	NA	"abundance"	26	20
"NODE_1379_length_3878_cov_8.002877"	"PrePostFVT"	"During"	"PrePostFVTDuring"	-0.633418465964012	-0.082971466560033	0.950496524637931	0.587547692679907	1	0.829883094186332	1	NA	"abundance"	26	8
"NODE_1379_length_3878_cov_8.002877"	"PrePostFVT"	"Post"	"PrePostFVTPost"	0.0816573976955153	0.558052786181425	0.649312739412039	0.496422850956966	1	0.733075007268655	1	NA	"abundance"	26	8
"NODE_138_length_18101_cov_24.902139"	"PrePostFVT"	"During"	"PrePostFVTDuring"	-1.69528158768118	-0.082971466560033	0.675102951122192	0.0400955369798215	1	0.0785834218739427	1	NA	"abundance"	26	16
"NODE_138_length_18101_cov_24.902139"	"PrePostFVT"	"Post"	"PrePostFVTPost"	-0.860956691774094	0.558052786181425	0.694854875951596	0.0666355784670219	1	0.128830856616409	1	NA	"abundance"	26	16
"NODE_1385_length_4354_cov_8.070714"	"PrePostFVT"	"During"	"PrePostFVTDuring"	-0.0321808294829583	-0.082971466560033	0.755008070969967	0.947639101178695	1	0.897529766820671	1	NA	"abundance"	26	14
"NODE_1385_length_4354_cov_8.070714"	"PrePostFVT"	"Post"	"PrePostFVTPost"	2.00723274233013	0.558052786181425	0.551379935424949	0.0239585848656319	1	0.0473431559425001	1	NA	"abundance"	26	14
"NODE_1388_length_3793_cov_6.935795"	"PrePostFVT"	"During"	"PrePostFVTDuring"	0.209403845268379	-0.082971466560033	0.516877101755168	0.586362085917948	1	0.828903676033849	1	NA	"abundance"	26	15
"NODE_1388_length_3793_cov_6.935795"	"PrePostFVT"	"Post"	"PrePostFVTPost"	1.49454757330974	0.558052786181425	0.476925786161982	0.079626378719496	1	0.152912397251011	1	NA	"abundance"	26	15
"NODE_1399_length_3690_cov_6.675103"	"PrePostFVT"	"During"	"PrePostFVTDuring"	0.16226378895168	-0.082971466560033	1.17726556563878	0.864146561775589	1	0.806789722329586	1	NA	"abundance"	26	5
"NODE_140_length_42940_cov_112.379737"	"PrePostFVT"	"During"	"PrePostFVTDuring"	-0.320329108178459	-0.082971466560033	0.819998372869106	0.781802821350359	1	0.633825939103427	1	NA	"abundance"	26	11
"NODE_140_length_42940_cov_112.379737"	"PrePostFVT"	"Post"	"PrePostFVTPost"	0.454302981721847	0.558052786181425	1.08475588504463	0.926870929331981	1	0.0166405719754263	1	NA	"abundance"	26	11
"NODE_1406_length_2725_cov_3.810112"	"PrePostFVT"	"During"	"PrePostFVTDuring"	-2.26015323734433	-0.082971466560033	1.1307917154779	0.0905519294021066	1	0.172904206885769	1	NA	"abundance"	26	11
"NODE_1406_length_2725_cov_3.810112"	"PrePostFVT"	"Post"	"PrePostFVTPost"	-0.484909535372745	0.558052786181425	1.01141085768087	0.332808519799633	1	0.554855528748044	1	NA	"abundance"	26	11
"NODE_1414_length_2598_cov_9.086119"	"PrePostFVT"	"During"	"PrePostFVTDuring"	-0.291351443800427	-0.082971466560033	0.672447958849479	0.760601571678289	1	0.942688392517095	1	NA	"abundance"	26	23
"NODE_1414_length_2598_cov_9.086119"	"PrePostFVT"	"Post"	"PrePostFVTPost"	0.0984050435537862	0.558052786181425	0.517690961462988	0.388594088426086	1	0.626182811292471	1	NA	"abundance"	26	23
"NODE_1415_length_4181_cov_5.726369"	"PrePostFVT"	"During"	"PrePostFVTDuring"	-0.0805264581384988	-0.082971466560033	0.68749899715128	0.997470115988461	1	0.897567932791994	1	NA	"abundance"	26	10
"NODE_1415_length_4181_cov_5.726369"	"PrePostFVT"	"Post"	"PrePostFVTPost"	0.556998982171812	0.558052786181425	0.584113132104492	0.998616426912742	1	0.978159495064618	1	NA	"abundance"	26	10
"NODE_1420_length_4785_cov_12.858774"	"PrePostFVT"	"During"	"PrePostFVTDuring"	-2.6623503633177	-0.082971466560033	1.55703818772344	0.239553055042371	1	0.421720443904609	1	NA	"abundance"	26	6
"NODE_1420_length_4785_cov_12.858774"	"PrePostFVT"	"Post"	"PrePostFVTPost"	0.33563018402053	0.558052786181425	1.90697453497514	0.917773936842443	1	0.547185170651632	1	NA	"abundance"	26	6
"NODE_1420_length_4797_cov_9.089414"	"PrePostFVT"	"During"	"PrePostFVTDuring"	0.551940415214575	-0.082971466560033	0.291481279325358	0.0965504453664972	1	0.183778902232525	1	NA	"abundance"	26	10
"NODE_1420_length_4797_cov_9.089414"	"PrePostFVT"	"Post"	"PrePostFVTPost"	0.378963476381806	0.558052786181425	0.291481279325358	0.575367594735281	1	0.410000195788243	1	NA	"abundance"	26	10
"NODE_1422_length_2645_cov_4.424324"	"PrePostFVT"	"During"	"PrePostFVTDuring"	0.426526416091127	-0.082971466560033	1.10344877073956	0.658172664377702	1	0.883154072621361	1	NA	"abundance"	26	10
"NODE_1422_length_2645_cov_4.424324"	"PrePostFVT"	"Post"	"PrePostFVTPost"	1.77765571167736	0.558052786181425	0.882759016591651	0.209745026280377	1	0.375497076511397	1	NA	"abundance"	26	10
"NODE_1423_length_4186_cov_6.996369"	"PrePostFVT"	"During"	"PrePostFVTDuring"	1.14945436470427	-0.082971466560033	0.382703828251867	0.0318282052257164	1	0.0626433758035426	1	NA	"abundance"	26	11
"NODE_1423_length_4186_cov_6.996369"	"PrePostFVT"	"Post"	"PrePostFVTPost"	0.93658863403284	0.558052786181425	0.382703828251866	0.380203739392499	1	0.410000195788243	1	NA	"abundance"	26	11
"NODE_1425_length_3539_cov_7.956085"	"PrePostFVT"	"During"	"PrePostFVTDuring"	-1.3354372604232	-0.082971466560033	0.579557212065524	0.0644041441572304	1	0.124660394529835	1	NA	"abundance"	26	11
"NODE_1425_length_3539_cov_7.956085"	"PrePostFVT"	"Post"	"PrePostFVTPost"	0.234159231151901	0.558052786181425	0.501456887400447	0.540817178618904	1	0.0728559906810083	1	NA	"abundance"	26	11
"NODE_1428_length_2589_cov_4.398579"	"PrePostFVT"	"During"	"PrePostFVTDuring"	0.493749168719663	-0.082971466560033	0.486249631917029	0.254615367958995	1	0.444401750317096	1	NA	"abundance"	26	22
"NODE_1428_length_2589_cov_4.398579"	"PrePostFVT"	"Post"	"PrePostFVTPost"	1.12393907950895	0.558052786181425	0.376817285042743	0.155549582810346	1	0.286903492908219	1	NA	"abundance"	26	22
"NODE_143_length_37282_cov_21.851586"	"PrePostFVT"	"During"	"PrePostFVTDuring"	-0.341773981452278	-0.082971466560033	1.12993765445859	0.821287533748183	1	0.968061854406193	1	NA	"abundance"	26	23
"NODE_143_length_37282_cov_21.851586"	"PrePostFVT"	"Post"	"PrePostFVTPost"	0.58823369098961	0.558052786181425	0.888408275316082	0.973274614461703	1	0.959616195163026	1	NA	"abundance"	26	23
"NODE_143_length_7437_cov_7.422650"	"PrePostFVT"	"During"	"PrePostFVTDuring"	-0.0276576101201334	-0.082971466560033	0.562209990860559	0.923152389282343	1	0.964806364606606	1	NA	"abundance"	26	24
"NODE_143_length_7437_cov_7.422650"	"PrePostFVT"	"Post"	"PrePostFVTPost"	0.489981964162402	0.558052786181425	0.4326952006002	0.877340619382107	1	0.937162170722469	1	NA	"abundance"	26	24
"NODE_1437_length_4716_cov_90.242223"	"PrePostFVT"	"During"	"PrePostFVTDuring"	-0.0880196925153122	-0.082971466560033	0.680222056251184	0.994160026435363	1	0.999761165006851	1	NA	"abundance"	26	25
"NODE_1437_length_4716_cov_90.242223"	"PrePostFVT"	"Post"	"PrePostFVTPost"	0.902268549421068	0.558052786181425	0.516932084043362	0.515240410740872	1	0.765008140621322	1	NA	"abundance"	26	25
"NODE_1438_length_3663_cov_5.024667"	"PrePostFVT"	"During"	"PrePostFVTDuring"	-3.38359091357135	-0.082971466560033	1.63392352676929	0.233968160301798	1	0.413195220568588	1	NA	"abundance"	26	7
"NODE_1438_length_3663_cov_5.024667"	"PrePostFVT"	"Post"	"PrePostFVTPost"	2.02326764295584	0.558052786181425	1.28868382044976	0.338710515429547	1	0.562696217596544	1	NA	"abundance"	26	7
"NODE_145_length_14038_cov_8.862905"	"PrePostFVT"	"During"	"PrePostFVTDuring"	-0.634248607832619	-0.082971466560033	0.52789880464422	0.311518769399639	1	0.525993595111013	1	NA	"abundance"	26	23
"NODE_145_length_14038_cov_8.862905"	"PrePostFVT"	"Post"	"PrePostFVTPost"	0.445557427995861	0.558052786181425	0.415058003178155	0.789980992148859	1	0.554372230185331	1	NA	"abundance"	26	23
"NODE_1450_length_3588_cov_6.542881"	"PrePostFVT"	"During"	"PrePostFVTDuring"	1.42935207493524	-0.082971466560033	0.778211173657274	0.127114484749373	1	0.238070877265648	1	NA	"abundance"	26	7
"NODE_1450_length_3588_cov_6.542881"	"PrePostFVT"	"Post"	"PrePostFVTPost"	3.14241665230435	0.558052786181425	0.674375213056639	0.0299489429359606	1	0.0590009466889398	1	NA	"abundance"	26	7
"NODE_1450_length_3880_cov_5.610196"	"PrePostFVT"	"During"	"PrePostFVTDuring"	1.33887893544584	-0.082971466560033	0.552715231642435	0.026444200675759	1	0.0521891056021382	1	NA	"abundance"	26	14
"NODE_1450_length_3880_cov_5.610196"	"PrePostFVT"	"Post"	"PrePostFVTPost"	0.789799436903589	0.558052786181425	0.47331704668119	0.634801493198945	1	0.302916617395458	1	NA	"abundance"	26	14
"NODE_1450_length_4643_cov_4813.538361"	"PrePostFVT"	"During"	"PrePostFVTDuring"	-1.18730546531195	-0.082971466560033	1.04488284120806	0.315218574433498	1	0.53107439919911	1	NA	"abundance"	26	15
"NODE_1450_length_4643_cov_4813.538361"	"PrePostFVT"	"Post"	"PrePostFVTPost"	-0.937054720040564	0.558052786181425	0.967373536297873	0.153412089360127	1	0.283288909558414	1	NA	"abundance"	26	15
"NODE_146_length_35576_cov_13.034318"	"PrePostFVT"	"During"	"PrePostFVTDuring"	0.220967657445705	-0.082971466560033	0.598032490087739	0.66232509193393	1	0.868744898823021	1	NA	"abundance"	26	4
"NODE_1467_length_3864_cov_6.331846"	"PrePostFVT"	"During"	"PrePostFVTDuring"	-1.56362783583736	-0.082971466560033	0.646575728196292	0.0477453334236383	1	0.0932110499835423	1	NA	"abundance"	26	16
"NODE_1467_length_3864_cov_6.331846"	"PrePostFVT"	"Post"	"PrePostFVTPost"	-0.773130084929486	0.558052786181425	0.680289141118506	0.0772256376545427	1	0.148487476197935	1	NA	"abundance"	26	16
"NODE_1469_length_4268_cov_8.622122"	"PrePostFVT"	"During"	"PrePostFVTDuring"	0.373673450890585	-0.082971466560033	0.555062000448889	0.430674424336027	1	0.675868388894886	1	NA	"abundance"	26	15
"NODE_1469_length_4268_cov_8.622122"	"PrePostFVT"	"Post"	"PrePostFVTPost"	1.49790214109786	0.558052786181425	0.500793907864848	0.0912789798349693	1	0.174226107510226	1	NA	"abundance"	26	15
"NODE_147_length_36185_cov_117.717548"	"PrePostFVT"	"During"	"PrePostFVTDuring"	-0.575047327389617	-0.082971466560033	0.669716760352632	0.476744003574955	1	0.726203162205233	1	NA	"abundance"	26	16
"NODE_147_length_36185_cov_117.717548"	"PrePostFVT"	"Post"	"PrePostFVTPost"	0.944628306256455	0.558052786181425	0.628250009475175	0.550300292368267	1	0.282934474686591	1	NA	"abundance"	26	16
"NODE_1470_length_2559_cov_6.530351"	"PrePostFVT"	"During"	"PrePostFVTDuring"	0.261079604629192	-0.082971466560033	0.578733645377899	0.560375920915162	1	0.806730669088808	1	NA	"abundance"	26	21
"NODE_1470_length_2559_cov_6.530351"	"PrePostFVT"	"Post"	"PrePostFVTPost"	1.17205026934169	0.558052786181425	0.455026662514334	0.195744913669677	1	0.353173756111805	1	NA	"abundance"	26	21
"NODE_1472_length_3486_cov_6.937919"	"PrePostFVT"	"During"	"PrePostFVTDuring"	-0.0861779588135016	-0.082971466560033	0.711798327451986	0.996512849024932	1	0.860350359545453	1	NA	"abundance"	26	14
"NODE_1472_length_3486_cov_6.937919"	"PrePostFVT"	"Post"	"PrePostFVTPost"	1.19688467816914	0.558052786181425	0.677432112373147	0.371988094807867	1	0.605601046936947	1	NA	"abundance"	26	14
"NODE_1472_length_4419_cov_16.031852"	"PrePostFVT"	"During"	"PrePostFVTDuring"	-0.453896807543608	-0.082971466560033	0.5957433952678	0.542072105478203	1	0.790302043418834	1	NA	"abundance"	26	23
"NODE_1472_length_4419_cov_16.031852"	"PrePostFVT"	"Post"	"PrePostFVTPost"	0.825486273907163	0.558052786181425	0.468400500003169	0.576176712890385	1	0.554372230185331	1	NA	"abundance"	26	23
"NODE_1474_length_4254_cov_5.462967"	"PrePostFVT"	"Post"	"PrePostFVTPost"	1.0916130829438	0.558052786181425	0.932041758251719	0.597753973819373	1	0.339738422701162	1	NA	"abundance"	26	6
"NODE_1476_length_3230_cov_10.609449"	"PrePostFVT"	"During"	"PrePostFVTDuring"	-0.727904062789137	-0.082971466560033	0.604490011255869	0.311573121350681	1	0.526068432753156	1	NA	"abundance"	26	13
"NODE_1476_length_3230_cov_10.609449"	"PrePostFVT"	"Post"	"PrePostFVTPost"	0.669068768095109	0.558052786181425	0.523503706081524	0.836518202800271	1	0.597238752014025	1	NA	"abundance"	26	13
"NODE_1477_length_3228_cov_71.520328"	"PrePostFVT"	"During"	"PrePostFVTDuring"	0.456933086417658	-0.082971466560033	0.479933645141527	0.282014157812444	1	0.484496330418227	1	NA	"abundance"	26	21
"NODE_1477_length_3228_cov_71.520328"	"PrePostFVT"	"Post"	"PrePostFVTPost"	0.710820545716056	0.558052786181425	0.395844931083559	0.706734124527941	1	0.514706815163674	1	NA	"abundance"	26	21
"NODE_1483_length_3329_cov_5.952352"	"PrePostFVT"	"During"	"PrePostFVTDuring"	-0.631493117546783	-0.082971466560033	0.924051954250281	0.559141260335925	1	0.559141260335925	1	NA	"abundance"	26	26
"NODE_1483_length_3329_cov_5.952352"	"PrePostFVT"	"Post"	"PrePostFVTPost"	1.38662614421516	0.558052786181425	0.688747661481718	0.242939120679004	1	0.242939120679004	1	NA	"abundance"	26	26
"NODE_1490_length_4211_cov_5.142926"	"PrePostFVT"	"During"	"PrePostFVTDuring"	-1.08460779356614	-0.082971466560033	0.76196961492641	0.319366349958124	1	0.333735614439385	1	NA	"abundance"	26	5
"NODE_1490_length_4211_cov_5.142926"	"PrePostFVT"	"Post"	"PrePostFVTPost"	1.40522924321392	0.558052786181425	0.76196961492641	0.382056461458433	1	0.618145783174727	1	NA	"abundance"	26	5
"NODE_1503_length_2806_cov_3.922937"	"PrePostFVT"	"During"	"PrePostFVTDuring"	-0.491128288892947	-0.082971466560033	1.14505685530441	0.739428225509646	1	0.932102350338948	1	NA	"abundance"	26	6
"NODE_1513_length_2581_cov_6.406572"	"PrePostFVT"	"During"	"PrePostFVTDuring"	0.132433864447261	-0.082971466560033	0.467820672656368	0.652904285371823	1	0.879524564886755	1	NA	"abundance"	26	20
"NODE_1513_length_2581_cov_6.406572"	"PrePostFVT"	"Post"	"PrePostFVTPost"	1.53606681684567	0.558052786181425	0.377210367895474	0.0214418723110574	1	0.0424239907339111	1	NA	"abundance"	26	20
"NODE_1516_length_3749_cov_10.734164"	"PrePostFVT"	"During"	"PrePostFVTDuring"	-0.0295129248435707	-0.082971466560033	0.553897243888258	0.925503528437582	1	0.99445027572475	1	NA	"abundance"	26	15
"NODE_1516_length_3749_cov_10.734164"	"PrePostFVT"	"Post"	"PrePostFVTPost"	0.546045813646455	0.558052786181425	0.525948610624681	0.982284108851829	1	0.28288125004203	1	NA	"abundance"	26	15
"NODE_1529_length_2587_cov_5.628752"	"PrePostFVT"	"During"	"PrePostFVTDuring"	0.0729089697276813	-0.082971466560033	0.548908605112712	0.782361049812457	1	0.952633287361264	1	NA	"abundance"	26	16
"NODE_1529_length_2587_cov_5.628752"	"PrePostFVT"	"Post"	"PrePostFVTPost"	0.612370509642781	0.558052786181425	0.513646131527383	0.917814082421058	1	0.118563154149893	1	NA	"abundance"	26	16
"NODE_153_length_65213_cov_33.549280"	"PrePostFVT"	"During"	"PrePostFVTDuring"	-0.421795947263844	-0.082971466560033	1.27138767072615	0.800514263978516	1	0.633708974308355	1	NA	"abundance"	26	9
"NODE_153_length_65213_cov_33.549280"	"PrePostFVT"	"Post"	"PrePostFVTPost"	-0.51024189010409	0.558052786181425	1.06841999011052	0.381223617582988	1	0.617115788562916	1	NA	"abundance"	26	9
"NODE_153_length_9880_cov_18.089873"	"PrePostFVT"	"During"	"PrePostFVTDuring"	-0.253144633223812	-0.082971466560033	0.850472849005204	0.8432483049239	1	0.8432483049239	1	NA	"abundance"	26	26
"NODE_153_length_9880_cov_18.089873"	"PrePostFVT"	"Post"	"PrePostFVTPost"	1.233714139113	0.558052786181425	0.633905034464517	0.299205415184431	1	0.299205415184431	1	NA	"abundance"	26	26
"NODE_1531_length_4294_cov_12.828969"	"PrePostFVT"	"During"	"PrePostFVTDuring"	1.20132300396318	-0.082971466560033	0.381113934056289	0.0165806895267644	1	0.0328864597883458	1	NA	"abundance"	26	14
"NODE_1531_length_4294_cov_12.828969"	"PrePostFVT"	"Post"	"PrePostFVTPost"	1.07284476119366	0.558052786181425	0.347478020297049	0.196933753998811	1	0.355084604533558	1	NA	"abundance"	26	14
"NODE_1532_length_2944_cov_14.650744"	"PrePostFVT"	"During"	"PrePostFVTDuring"	0.200468617915201	-0.082971466560033	0.50430168800435	0.58286717879965	1	0.826000209477437	1	NA	"abundance"	26	24
"NODE_1532_length_2944_cov_14.650744"	"PrePostFVT"	"Post"	"PrePostFVTPost"	0.54276090971244	0.558052786181425	0.383197587838054	0.968734548102576	1	0.804887824006635	1	NA	"abundance"	26	24
"NODE_1535_length_2614_cov_6.153576"	"PrePostFVT"	"During"	"PrePostFVTDuring"	-0.195183617944379	-0.082971466560033	0.81117336793828	0.891376102508569	1	0.891376102508569	1	NA	"abundance"	26	26
"NODE_1535_length_2614_cov_6.153576"	"PrePostFVT"	"Post"	"PrePostFVTPost"	1.05637994012857	0.558052786181425	0.604612930749148	0.419502000675468	1	0.419502000675468	1	NA	"abundance"	26	26
"NODE_1542_length_3340_cov_7.443227"	"PrePostFVT"	"During"	"PrePostFVTDuring"	0.28252077638719	-0.082971466560033	0.499780463814677	0.47399373164717	1	0.723317405653531	1	NA	"abundance"	26	23
"NODE_1542_length_3340_cov_7.443227"	"PrePostFVT"	"Post"	"PrePostFVTPost"	1.01401466583195	0.558052786181425	0.379226874139653	0.245883390991185	1	0.431308140017046	1	NA	"abundance"	26	23
"NODE_1545_length_2573_cov_4.320890"	"PrePostFVT"	"Post"	"PrePostFVTPost"	0.630754983455572	0.558052786181425	1.25278947809673	0.957338595604379	1	0.522836498054795	1	NA	"abundance"	26	5
"NODE_1545_length_3266_cov_19.607910"	"PrePostFVT"	"During"	"PrePostFVTDuring"	-1.41974093630741	-0.082971466560033	1.31903426212833	0.340449547719668	1	0.420599953366742	1	NA	"abundance"	26	11
"NODE_1545_length_3266_cov_19.607910"	"PrePostFVT"	"Post"	"PrePostFVTPost"	-0.000743455723626477	0.558052786181425	1.17978010990809	0.648741857557741	1	0.876617717368014	1	NA	"abundance"	26	11
"NODE_1553_length_4236_cov_29.627601"	"PrePostFVT"	"During"	"PrePostFVTDuring"	-0.0968144092356121	-0.082971466560033	0.766676527081123	0.985797902063725	1	0.999761165006851	1	NA	"abundance"	26	25
"NODE_1553_length_4236_cov_29.627601"	"PrePostFVT"	"Post"	"PrePostFVTPost"	1.06407474484674	0.558052786181425	0.582258036992368	0.397516104975743	1	0.637013156236399	1	NA	"abundance"	26	25
"NODE_1556_length_2521_cov_7.834144"	"PrePostFVT"	"During"	"PrePostFVTDuring"	0.0362570108978419	-0.082971466560033	0.517092982526519	0.820161402885037	1	0.967658078987722	1	NA	"abundance"	26	23
"NODE_1556_length_2521_cov_7.834144"	"PrePostFVT"	"Post"	"PrePostFVTPost"	1.07937720642769	0.558052786181425	0.400538501953186	0.210768064670085	1	0.377112952255396	1	NA	"abundance"	26	23
"NODE_1557_length_2521_cov_5.727088"	"PrePostFVT"	"During"	"PrePostFVTDuring"	0.284324036636631	-0.082971466560033	0.502214121888781	0.474777314632965	1	0.724141130775841	1	NA	"abundance"	26	22
"NODE_1557_length_2521_cov_5.727088"	"PrePostFVT"	"Post"	"PrePostFVTPost"	0.946036971220338	0.558052786181425	0.398502911919136	0.345343030224164	1	0.445510928309479	1	NA	"abundance"	26	22
"NODE_156_length_14543_cov_6.802250"	"PrePostFVT"	"During"	"PrePostFVTDuring"	-0.583463811864327	-0.082971466560033	0.461829799517924	0.296376042152282	1	0.504913325942712	1	NA	"abundance"	26	23
"NODE_156_length_14543_cov_6.802250"	"PrePostFVT"	"Post"	"PrePostFVTPost"	0.465048198598943	0.558052786181425	0.363171604350084	0.802344924152419	1	0.554372230185331	1	NA	"abundance"	26	23
"NODE_156_length_62050_cov_244.358481|provirus_1478_13348"	"PrePostFVT"	"During"	"PrePostFVTDuring"	-0.445041092534075	-0.082971466560033	0.390518957694172	0.370055103042264	1	0.603169426796907	1	NA	"abundance"	26	23
"NODE_156_length_62050_cov_244.358481|provirus_1478_13348"	"PrePostFVT"	"Post"	"PrePostFVTPost"	0.0113763332144261	0.558052786181425	0.307135458393693	0.0987975019116137	1	0.187834057439252	1	NA	"abundance"	26	23
"NODE_1562_length_3627_cov_5.036114"	"PrePostFVT"	"During"	"PrePostFVTDuring"	1.27503715546891	-0.082971466560033	0.432427161645678	0.0132197683656504	1	0.0262647744556593	1	NA	"abundance"	26	15
"NODE_1562_length_3627_cov_5.036114"	"PrePostFVT"	"Post"	"PrePostFVTPost"	0.397534462972081	0.558052786181425	0.357214501414651	0.666347658385597	1	0.302916617395458	1	NA	"abundance"	26	15
"NODE_1563_length_2301_cov_10.660285"	"PrePostFVT"	"During"	"PrePostFVTDuring"	-0.214285211921115	-0.082971466560033	0.635949915513736	0.839119604151002	1	0.964806364606606	1	NA	"abundance"	26	24
"NODE_1563_length_2301_cov_10.660285"	"PrePostFVT"	"Post"	"PrePostFVTPost"	0.653931254993042	0.558052786181425	0.489784816905223	0.847561048492495	1	0.937162170722469	1	NA	"abundance"	26	24
"NODE_1570_length_4197_cov_19.349107"	"PrePostFVT"	"During"	"PrePostFVTDuring"	-0.0223249126877613	-0.082971466560033	0.690304934742154	0.931166527103435	1	0.995261953008998	1	NA	"abundance"	26	25
"NODE_1570_length_4197_cov_19.349107"	"PrePostFVT"	"Post"	"PrePostFVTPost"	0.945341239223572	0.558052786181425	0.524562608050317	0.471236511608234	1	0.720409173343771	1	NA	"abundance"	26	25
"NODE_158_length_11081_cov_10.553238"	"PrePostFVT"	"During"	"PrePostFVTDuring"	-0.143542489381589	-0.082971466560033	0.748472196488691	0.93650018654958	1	0.964806364606606	1	NA	"abundance"	26	24
"NODE_158_length_11081_cov_10.553238"	"PrePostFVT"	"Post"	"PrePostFVTPost"	1.52751447645586	0.558052786181425	0.577318337623508	0.112875345296574	1	0.213009847017327	1	NA	"abundance"	26	24
"NODE_1581_length_5015_cov_8.134073"	"PrePostFVT"	"Post"	"PrePostFVTPost"	2.56006949693389	0.558052786181425	1.14281763676037	0.325903421414308	1	0.25568636573822	1	NA	"abundance"	26	4
"NODE_1587_length_2566_cov_3.740342"	"PrePostFVT"	"During"	"PrePostFVTDuring"	-5.48818197577758	-0.082971466560033	1.27787344595571	0.0516512467656673	1	0.100634642238887	1	NA	"abundance"	26	5
"NODE_1587_length_2566_cov_3.740342"	"PrePostFVT"	"Post"	"PrePostFVTPost"	-1.10413696764318	0.558052786181425	1.04337929948117	0.252287713528537	1	0.440926336659616	1	NA	"abundance"	26	5
"NODE_159_length_9578_cov_8.532395"	"PrePostFVT"	"During"	"PrePostFVTDuring"	-0.616437424209662	-0.082971466560033	0.470822239948244	0.27496797897857	1	0.47432856849358	1	NA	"abundance"	26	24
"NODE_159_length_9578_cov_8.532395"	"PrePostFVT"	"Post"	"PrePostFVTPost"	0.517849788883208	0.558052786181425	0.362481843407142	0.913500555940554	1	0.937162170722469	1	NA	"abundance"	26	24
"NODE_1590_length_3270_cov_6.386625"	"PrePostFVT"	"During"	"PrePostFVTDuring"	0.0535810400160516	-0.082971466560033	0.650868949463239	0.836603084749288	1	0.964806364606606	1	NA	"abundance"	26	23
"NODE_1590_length_3270_cov_6.386625"	"PrePostFVT"	"Post"	"PrePostFVTPost"	0.186896093220755	0.558052786181425	0.501072507009222	0.47038823519846	1	0.719511378583799	1	NA	"abundance"	26	23
"NODE_1607_length_3696_cov_24.127712"	"PrePostFVT"	"During"	"PrePostFVTDuring"	0.526371095240353	-0.082971466560033	0.508751994434587	0.262557974702082	1	0.456179259324505	1	NA	"abundance"	26	12
"NODE_1607_length_3696_cov_24.127712"	"PrePostFVT"	"Post"	"PrePostFVTPost"	1.04457564566271	0.558052786181425	0.467318546995502	0.326339070298066	1	0.37044654383703	1	NA	"abundance"	26	12
"NODE_1609_length_2520_cov_15.341582"	"PrePostFVT"	"During"	"PrePostFVTDuring"	0.0589830106256818	-0.082971466560033	0.641092889110896	0.827546197180544	1	0.970259685893108	1	NA	"abundance"	26	25
"NODE_1609_length_2520_cov_15.341582"	"PrePostFVT"	"Post"	"PrePostFVTPost"	0.93637793642387	0.558052786181425	0.487306411903864	0.449437678273984	1	0.696881129895659	1	NA	"abundance"	26	25
"NODE_1614_length_3970_cov_12.181865"	"PrePostFVT"	"During"	"PrePostFVTDuring"	0.788571364363257	-0.082971466560033	0.539461377603553	0.148556005966074	1	0.275043125023555	1	NA	"abundance"	26	13
"NODE_1614_length_3970_cov_12.181865"	"PrePostFVT"	"Post"	"PrePostFVTPost"	0.0943699494444217	0.558052786181425	0.461359828740519	0.349794983140543	1	0.577233436050793	1	NA	"abundance"	26	13
"NODE_162_length_19737_cov_26.076466"	"PrePostFVT"	"During"	"PrePostFVTDuring"	0.12557276556642	-0.082971466560033	0.562589001932788	0.715879268842351	1	0.919275410126443	1	NA	"abundance"	26	24
"NODE_162_length_19737_cov_26.076466"	"PrePostFVT"	"Post"	"PrePostFVTPost"	0.500705491010929	0.558052786181425	0.432967348144763	0.896558838711032	1	0.937162170722469	1	NA	"abundance"	26	24
"NODE_1621_length_3853_cov_100.034229"	"PrePostFVT"	"During"	"PrePostFVTDuring"	0.440443341501565	-0.082971466560033	0.675734764604476	0.449178118963167	1	0.449178118963167	1	NA	"abundance"	26	26
"NODE_1621_length_3853_cov_100.034229"	"PrePostFVT"	"Post"	"PrePostFVTPost"	0.79431124436124	0.558052786181425	0.503662956138476	0.645251559034694	1	0.645251559034694	1	NA	"abundance"	26	26
"NODE_1624_length_2501_cov_5.282911"	"PrePostFVT"	"During"	"PrePostFVTDuring"	-0.158384988266098	-0.082971466560033	0.591486149345942	0.900496903218748	1	0.990099133730941	1	NA	"abundance"	26	17
"NODE_1624_length_2501_cov_5.282911"	"PrePostFVT"	"Post"	"PrePostFVTPost"	0.313396362443602	0.558052786181425	0.552565611302376	0.665941209815551	1	0.118563154149893	1	NA	"abundance"	26	17
"NODE_1627_length_2508_cov_5.315124"	"PrePostFVT"	"During"	"PrePostFVTDuring"	0.357664570950515	-0.082971466560033	0.788169162120639	0.584185558703141	1	0.827098350408981	1	NA	"abundance"	26	22
"NODE_1627_length_2508_cov_5.315124"	"PrePostFVT"	"Post"	"PrePostFVTPost"	0.28651886174332	0.558052786181425	0.619818555700243	0.667507557965107	1	0.889448775989673	1	NA	"abundance"	26	22
"NODE_1627_length_3422_cov_7.821503"	"PrePostFVT"	"During"	"PrePostFVTDuring"	2.79817921189266	-0.082971466560033	0.497293798898843	0.0242996408015301	1	0.0480088090599768	1	NA	"abundance"	26	8
"NODE_1627_length_3422_cov_7.821503"	"PrePostFVT"	"Post"	"PrePostFVTPost"	1.98129302806943	0.558052786181425	0.416611884682366	0.0701313355424584	1	0.135344266859948	1	NA	"abundance"	26	8
"NODE_164_length_28999_cov_13.463136"	"PrePostFVT"	"During"	"PrePostFVTDuring"	2.32575830417198	-0.082971466560033	1.36094816523498	0.102265178215895	1	0.194072189756261	1	NA	"abundance"	26	15
"NODE_164_length_28999_cov_13.463136"	"PrePostFVT"	"Post"	"PrePostFVTPost"	3.52947813860459	0.558052786181425	1.22848835123198	0.0324248038814724	1	0.0637982398561928	1	NA	"abundance"	26	15
"NODE_1641_length_3110_cov_3.553519"	"PrePostFVT"	"During"	"PrePostFVTDuring"	-1.92815812634042	-0.082971466560033	0.93811884298843	0.34489089954422	1	0.570832066500019	1	NA	"abundance"	26	4
"NODE_1648_length_4785_cov_13.005285"	"PrePostFVT"	"During"	"PrePostFVTDuring"	0.191567133122999	-0.082971466560033	0.598249615161637	0.652525484380993	1	0.879261460995336	1	NA	"abundance"	26	20
"NODE_1648_length_4785_cov_13.005285"	"PrePostFVT"	"Post"	"PrePostFVTPost"	1.31019282361336	0.558052786181425	0.47859969212931	0.135679759537205	1	0.252950521926335	1	NA	"abundance"	26	20
"NODE_165_length_16883_cov_194.874733"	"PrePostFVT"	"During"	"PrePostFVTDuring"	-0.689795585965568	-0.082971466560033	1.05369128138046	0.582606664966858	1	0.825782803869911	1	NA	"abundance"	26	12
"NODE_165_length_16883_cov_194.874733"	"PrePostFVT"	"Post"	"PrePostFVTPost"	2.74887025648526	0.558052786181425	0.860335328600499	0.0385229017316293	1	0.0755617895054338	1	NA	"abundance"	26	12
"NODE_1654_length_2858_cov_11.802711"	"PrePostFVT"	"During"	"PrePostFVTDuring"	0.152436636510936	-0.082971466560033	0.510684953254101	0.651244472279266	1	0.878369581884233	1	NA	"abundance"	26	23
"NODE_1654_length_2858_cov_11.802711"	"PrePostFVT"	"Post"	"PrePostFVTPost"	0.671056638519609	0.558052786181425	0.395495116298971	0.779214810030791	1	0.943458374205284	1	NA	"abundance"	26	23
"NODE_1656_length_2587_cov_5.100316"	"PrePostFVT"	"During"	"PrePostFVTDuring"	-1.4058373481985	-0.082971466560033	0.60242379269446	0.0708608532934464	1	0.136700446057418	1	NA	"abundance"	26	14
"NODE_1656_length_2587_cov_5.100316"	"PrePostFVT"	"Post"	"PrePostFVTPost"	0.26491758291365	0.558052786181425	0.809383805282896	0.727422758444678	1	0.196504593016314	1	NA	"abundance"	26	14
"NODE_1656_length_3207_cov_14.056472"	"PrePostFVT"	"During"	"PrePostFVTDuring"	0.0893961443303566	-0.082971466560033	0.570206878217436	0.766369037939326	1	0.945416573566604	1	NA	"abundance"	26	23
"NODE_1656_length_3207_cov_14.056472"	"PrePostFVT"	"Post"	"PrePostFVTPost"	0.975810551997054	0.558052786181425	0.439426094659727	0.356883078744984	1	0.58640062559547	1	NA	"abundance"	26	23
"NODE_1665_length_2883_cov_17.205799"	"PrePostFVT"	"During"	"PrePostFVTDuring"	0.232911655534613	-0.082971466560033	0.609872298522204	0.611897926899575	1	0.849376780855152	1	NA	"abundance"	26	23
"NODE_1665_length_2883_cov_17.205799"	"PrePostFVT"	"Post"	"PrePostFVTPost"	-0.192611178576834	0.558052786181425	0.469484487038678	0.13116555080217	1	0.245126699887103	1	NA	"abundance"	26	23
"NODE_1667_length_2751_cov_4.843472"	"PrePostFVT"	"During"	"PrePostFVTDuring"	-3.05703187085516	-0.082971466560033	0.69820740303092	0.852566764468266	1	0.633707566057681	1	NA	"abundance"	26	4
"NODE_1670_length_2836_cov_3.867314"	"PrePostFVT"	"During"	"PrePostFVTDuring"	-1.23636889569695	-0.082971466560033	1.06178850648469	0.390763270281926	1	0.339257740002109	1	NA	"abundance"	26	5
"NODE_1670_length_2836_cov_3.867314"	"PrePostFVT"	"Post"	"PrePostFVTPost"	-0.157789561763662	0.558052786181425	1.06178850648469	0.569800548706246	1	0.814928432106553	1	NA	"abundance"	26	5
"NODE_1671_length_3911_cov_10.739108"	"PrePostFVT"	"During"	"PrePostFVTDuring"	0.48291697614857	-0.082971466560033	0.543194670169329	0.343245337819967	1	0.56867331370479	1	NA	"abundance"	26	11
"NODE_1671_length_3911_cov_10.739108"	"PrePostFVT"	"Post"	"PrePostFVTPost"	-0.348023588415112	0.558052786181425	0.491173634467716	0.124719716896543	1	0.233884426010332	1	NA	"abundance"	26	11
"NODE_1677_length_3422_cov_7.484110"	"PrePostFVT"	"During"	"PrePostFVTDuring"	1.00662480794406	-0.082971466560033	0.581469859950039	0.103305911384625	1	0.195939711442242	1	NA	"abundance"	26	13
"NODE_1677_length_3422_cov_7.484110"	"PrePostFVT"	"Post"	"PrePostFVTPost"	0.627007813555534	0.558052786181425	0.568306812468136	0.907062103891454	1	0.0310943567389341	1	NA	"abundance"	26	13
"NODE_1678_length_2720_cov_50.305816"	"PrePostFVT"	"During"	"PrePostFVTDuring"	0.108555179738895	-0.082971466560033	0.683487519905419	0.782670119436525	1	0.952767723014266	1	NA	"abundance"	26	20
"NODE_1678_length_2720_cov_50.305816"	"PrePostFVT"	"Post"	"PrePostFVTPost"	1.33366746312788	0.558052786181425	0.549544643010143	0.177247616888042	1	0.323078516083594	1	NA	"abundance"	26	20
"NODE_168_length_20682_cov_21.840016"	"PrePostFVT"	"During"	"PrePostFVTDuring"	-0.305494821429449	-0.082971466560033	0.786199728616733	0.779797471656895	1	0.779797471656895	1	NA	"abundance"	26	26
"NODE_168_length_20682_cov_21.840016"	"PrePostFVT"	"Post"	"PrePostFVTPost"	1.11229661230185	0.558052786181425	0.585998679026301	0.35594180524702	1	0.35594180524702	1	NA	"abundance"	26	26
"NODE_168_length_21353_cov_13.414217"	"PrePostFVT"	"During"	"PrePostFVTDuring"	-0.271259525814485	-0.082971466560033	0.53012972632178	0.728295821109449	1	0.865463091808021	1	NA	"abundance"	26	18
"NODE_168_length_21353_cov_13.414217"	"PrePostFVT"	"Post"	"PrePostFVTPost"	0.223679145812907	0.558052786181425	0.427404249364116	0.449206951522786	1	0.246393023847855	1	NA	"abundance"	26	18
"NODE_1686_length_3018_cov_10.032400"	"PrePostFVT"	"During"	"PrePostFVTDuring"	-0.0834895511312744	-0.082971466560033	0.835575887092859	0.999511001777985	1	0.999511001777985	1	NA	"abundance"	26	26
"NODE_1686_length_3018_cov_10.032400"	"PrePostFVT"	"Post"	"PrePostFVTPost"	1.32776165779699	0.558052786181425	0.622801494633108	0.231166288275842	1	0.231166288275842	1	NA	"abundance"	26	26
"NODE_1691_length_3010_cov_5.814213"	"PrePostFVT"	"During"	"PrePostFVTDuring"	-0.136392948437563	-0.082971466560033	0.996409322073004	0.958975086020712	1	0.889131280735014	1	NA	"abundance"	26	9
"NODE_1691_length_3010_cov_5.814213"	"PrePostFVT"	"Post"	"PrePostFVTPost"	0.676687053222254	0.558052786181425	0.630184587914996	0.857114958188118	1	0.978169559258464	1	NA	"abundance"	26	9
"NODE_17_length_139991_cov_17.814237|provirus_88907_131566"	"PrePostFVT"	"During"	"PrePostFVTDuring"	0.184601278710221	-0.082971466560033	0.646732522309734	0.684871982961685	1	0.9006943328775	1	NA	"abundance"	26	23
"NODE_17_length_139991_cov_17.814237|provirus_88907_131566"	"PrePostFVT"	"Post"	"PrePostFVTPost"	0.0965076532715738	0.558052786181425	0.497978334368783	0.368284307101494	1	0.60093528334576	1	NA	"abundance"	26	23
"NODE_17_length_40591_cov_28.392293"	"PrePostFVT"	"During"	"PrePostFVTDuring"	-1.61638316996356	-0.082971466560033	2.32240972193033	0.556170954929155	1	0.185641213632266	1	NA	"abundance"	26	5
"NODE_1700_length_2749_cov_7.180772"	"PrePostFVT"	"During"	"PrePostFVTDuring"	-0.488366499902287	-0.082971466560033	0.539826193432955	0.464788621973399	1	0.713548780830867	1	NA	"abundance"	26	22
"NODE_1700_length_2749_cov_7.180772"	"PrePostFVT"	"Post"	"PrePostFVTPost"	-0.513257603675259	0.558052786181425	0.42452988249575	0.024061211536933	1	0.047543481173241	1	NA	"abundance"	26	22
"NODE_1705_length_3384_cov_5.820066"	"PrePostFVT"	"During"	"PrePostFVTDuring"	-0.223073690457438	-0.082971466560033	0.612215272511501	0.82173432830942	1	0.968221350296706	1	NA	"abundance"	26	25
"NODE_1705_length_3384_cov_5.820066"	"PrePostFVT"	"Post"	"PrePostFVTPost"	0.338325486777851	0.558052786181425	0.465213321051316	0.643550542993781	1	0.872943784599972	1	NA	"abundance"	26	25
"NODE_1710_length_2968_cov_4.391692"	"PrePostFVT"	"During"	"PrePostFVTDuring"	0.483546079824436	-0.082971466560033	0.571325513665496	0.33663070511879	1	0.559941178608806	1	NA	"abundance"	26	22
"NODE_1710_length_2968_cov_4.391692"	"PrePostFVT"	"Post"	"PrePostFVTPost"	1.46526042544693	0.558052786181425	0.442776753308838	0.058204553780313	1	0.113021337479861	1	NA	"abundance"	26	22
"NODE_1715_length_3261_cov_6.728322"	"PrePostFVT"	"During"	"PrePostFVTDuring"	1.34184019175533	-0.082971466560033	0.677052692838707	0.0655514324828749	1	0.126805874665193	1	NA	"abundance"	26	15
"NODE_1715_length_3261_cov_6.728322"	"PrePostFVT"	"Post"	"PrePostFVTPost"	0.577090531326436	0.558052786181425	0.565925143147281	0.97401628617106	1	0.302916617395458	1	NA	"abundance"	26	15
"NODE_1717_length_3737_cov_4.790060"	"PrePostFVT"	"During"	"PrePostFVTDuring"	1.38703948710675	-0.082971466560033	0.668467321015399	0.0484119232933181	1	0.0944801322696781	1	NA	"abundance"	26	15
"NODE_1717_length_3737_cov_4.790060"	"PrePostFVT"	"Post"	"PrePostFVTPost"	0.612056662572584	0.558052786181425	0.567213330829912	0.925898024005317	1	0.118509152026877	1	NA	"abundance"	26	15
"NODE_1719_length_2592_cov_7.839574"	"PrePostFVT"	"During"	"PrePostFVTDuring"	-0.042007021224602	-0.082971466560033	0.531476646980525	0.941619941190389	1	0.196527284969547	1	NA	"abundance"	26	8
"NODE_1719_length_2592_cov_7.839574"	"PrePostFVT"	"Post"	"PrePostFVTPost"	1.60468141101911	0.558052786181425	0.531476646980525	0.10697410526041	1	0.202504751324555	1	NA	"abundance"	26	8
"NODE_172_length_22899_cov_500.400893"	"PrePostFVT"	"During"	"PrePostFVTDuring"	0.757810234986369	-0.082971466560033	1.75584496638519	0.644772995862708	1	0.77903003699642	1	NA	"abundance"	26	11
"NODE_172_length_22899_cov_500.400893"	"PrePostFVT"	"Post"	"PrePostFVTPost"	-0.374338521418747	0.558052786181425	2.72014332533279	0.740536049956855	1	0.236938557884074	1	NA	"abundance"	26	11
"NODE_1723_length_3057_cov_7.331113"	"PrePostFVT"	"During"	"PrePostFVTDuring"	0.133992812245548	-0.082971466560033	0.659673283320123	0.746597494662106	1	0.935787170288478	1	NA	"abundance"	26	23
"NODE_1723_length_3057_cov_7.331113"	"PrePostFVT"	"Post"	"PrePostFVTPost"	0.0541958693171512	0.558052786181425	0.507852498319732	0.336986842527243	1	0.560413553018005	1	NA	"abundance"	26	23
"NODE_173_length_16054_cov_33.606850"	"PrePostFVT"	"During"	"PrePostFVTDuring"	-0.226883821901322	-0.082971466560033	0.626606110118684	0.821159159634407	1	0.968015953817328	1	NA	"abundance"	26	25
"NODE_173_length_16054_cov_33.606850"	"PrePostFVT"	"Post"	"PrePostFVTPost"	0.463672466465064	0.558052786181425	0.476306266349366	0.845434495286468	1	0.976109504752651	1	NA	"abundance"	26	25
"NODE_173_length_34151_cov_24.803555"	"PrePostFVT"	"During"	"PrePostFVTDuring"	-1.7834516761775	-0.082971466560033	0.862625524414995	0.0832521491395315	1	0.159573377942712	1	NA	"abundance"	26	14
"NODE_173_length_34151_cov_24.803555"	"PrePostFVT"	"Post"	"PrePostFVTPost"	-0.886472829498896	0.558052786181425	0.875387528019471	0.130305249457933	1	0.243631040879571	1	NA	"abundance"	26	14
"NODE_1734_length_3262_cov_5.212660"	"PrePostFVT"	"During"	"PrePostFVTDuring"	0.156190093084418	-0.082971466560033	0.476344326922527	0.629870452834461	1	0.863004118315033	1	NA	"abundance"	26	15
"NODE_1734_length_3262_cov_5.212660"	"PrePostFVT"	"Post"	"PrePostFVTPost"	0.000305962488416611	0.558052786181425	0.446744063704315	0.250714927948986	1	0.438571880801507	1	NA	"abundance"	26	15
"NODE_1742_length_1577_cov_8.919842"	"PrePostFVT"	"During"	"PrePostFVTDuring"	-2.78403787308878	-0.082971466560033	1.14954266993245	0.0330871756914228	1	0.0650795901876106	1	NA	"abundance"	26	20
"NODE_1742_length_1577_cov_8.919842"	"PrePostFVT"	"Post"	"PrePostFVTPost"	-0.719608946268632	0.558052786181425	0.955821071636572	0.201397289299879	1	0.36223371046242	1	NA	"abundance"	26	20
"NODE_1748_length_2651_cov_3.706857"	"PrePostFVT"	"During"	"PrePostFVTDuring"	0.167904034742349	-0.082971466560033	1.23763724738851	0.847254508135077	1	0.633662405407267	1	NA	"abundance"	26	8
"NODE_1748_length_2651_cov_3.706857"	"PrePostFVT"	"Post"	"PrePostFVTPost"	0.441294575756487	0.558052786181425	1.0718252969083	0.917490274237262	1	0.904613591731408	1	NA	"abundance"	26	8
"NODE_1749_length_3670_cov_4.176210"	"PrePostFVT"	"During"	"PrePostFVTDuring"	-0.975183774885846	-0.082971466560033	1.39561833910354	0.550689766653323	1	0.103227131095666	1	NA	"abundance"	26	8
"NODE_1749_length_3670_cov_4.176210"	"PrePostFVT"	"Post"	"PrePostFVTPost"	-0.434399738533043	0.558052786181425	1.35130164625242	0.495626216672583	1	0.522831508263144	1	NA	"abundance"	26	8
"NODE_1752_length_2889_cov_4.153846"	"PrePostFVT"	"During"	"PrePostFVTDuring"	-1.48757267072595	-0.082971466560033	0.684528608624722	0.0696127867325809	1	0.134379633388486	1	NA	"abundance"	26	16
"NODE_1752_length_2889_cov_4.153846"	"PrePostFVT"	"Post"	"PrePostFVTPost"	-0.808144412155471	0.558052786181425	0.712920887151027	0.082292072842333	1	0.152053668755648	1	NA	"abundance"	26	16
"NODE_1758_length_3104_cov_7.219416"	"PrePostFVT"	"During"	"PrePostFVTDuring"	0.812228624986715	-0.082971466560033	0.698409268945172	0.247782164262484	1	0.434168327598367	1	NA	"abundance"	26	9
"NODE_1758_length_3104_cov_7.219416"	"PrePostFVT"	"Post"	"PrePostFVTPost"	0.719832950886525	0.558052786181425	0.584331117487312	0.791541941159205	1	0.956545237704328	1	NA	"abundance"	26	9
"NODE_176_length_48312_cov_16.718466|provirus_34_38596"	"PrePostFVT"	"During"	"PrePostFVTDuring"	0.223549977259012	-0.082971466560033	0.586086462858352	0.607825030057438	1	0.84619879295055	1	NA	"abundance"	26	21
"NODE_176_length_48312_cov_16.718466|provirus_34_38596"	"PrePostFVT"	"Post"	"PrePostFVTPost"	1.1884557023418	0.558052786181425	0.460807781384696	0.189617177290159	1	0.343279680656829	1	NA	"abundance"	26	21
"NODE_1769_length_1947_cov_6.059197"	"PrePostFVT"	"During"	"PrePostFVTDuring"	-0.0190197817429	-0.082971466560033	0.645586102302646	0.922573346429968	1	0.994005113316946	1	NA	"abundance"	26	22
"NODE_1769_length_1947_cov_6.059197"	"PrePostFVT"	"Post"	"PrePostFVTPost"	0.330873254559422	0.558052786181425	0.507703260172023	0.661315472975881	1	0.885292791154449	1	NA	"abundance"	26	22
"NODE_177_length_43590_cov_15.368715"	"PrePostFVT"	"During"	"PrePostFVTDuring"	-0.741458828240843	-0.082971466560033	0.670353572481244	0.347789861980249	1	0.574621935864258	1	NA	"abundance"	26	19
"NODE_177_length_43590_cov_15.368715"	"PrePostFVT"	"Post"	"PrePostFVTPost"	-1.61938599154384	0.558052786181425	0.601296160004786	0.00387095888317602	1	0.00772693344367681	1	NA	"abundance"	26	19
"NODE_1770_length_3083_cov_15.330581"	"PrePostFVT"	"During"	"PrePostFVTDuring"	1.06727844962375	-0.082971466560033	0.366750895509083	0.0109893286187767	1	0.0218578918940619	1	NA	"abundance"	26	13
"NODE_1770_length_3083_cov_15.330581"	"PrePostFVT"	"Post"	"PrePostFVTPost"	0.332219354242712	0.558052786181425	0.317615592371558	0.497240807972315	1	0.597311810669797	1	NA	"abundance"	26	13
"NODE_1790_length_3353_cov_6.374773"	"PrePostFVT"	"During"	"PrePostFVTDuring"	0.348081538042989	-0.082971466560033	1.53756403552808	0.789627492854038	1	0.889131280735014	1	NA	"abundance"	26	9
"NODE_1790_length_3353_cov_6.374773"	"PrePostFVT"	"Post"	"PrePostFVTPost"	1.29683803808322	0.558052786181425	0.973390230347537	0.477287369035931	1	0.726771505430621	1	NA	"abundance"	26	9
"NODE_1798_length_2684_cov_29.311145"	"PrePostFVT"	"During"	"PrePostFVTDuring"	-1.37713862739835	-0.082971466560033	0.590006939462674	0.0663906177625099	1	0.128373521398132	1	NA	"abundance"	26	13
"NODE_1798_length_2684_cov_29.311145"	"PrePostFVT"	"Post"	"PrePostFVTPost"	-1.37214639985376	0.558052786181425	0.625532811766514	0.0145573057824388	1	0.0289026964132342	1	NA	"abundance"	26	13
"NODE_1799_length_3032_cov_23.869667"	"PrePostFVT"	"During"	"PrePostFVTDuring"	0.674347835452228	-0.082971466560033	1.34416510552613	0.588365155378586	1	0.654537133338289	1	NA	"abundance"	26	11
"NODE_1799_length_3032_cov_23.869667"	"PrePostFVT"	"Post"	"PrePostFVTPost"	-0.787389338324235	0.558052786181425	1.24445507210899	0.311256315354822	1	0.525632136861384	1	NA	"abundance"	26	11
"NODE_18_length_170276_cov_137.036740|provirus_122720_154544"	"PrePostFVT"	"During"	"PrePostFVTDuring"	0.0717416034766397	-0.082971466560033	0.660374923360031	0.81776967903609	1	0.964806364606606	1	NA	"abundance"	26	23
"NODE_18_length_170276_cov_137.036740|provirus_122720_154544"	"PrePostFVT"	"Post"	"PrePostFVTPost"	0.12044890206632	0.558052786181425	0.508543356754352	0.402964927701793	1	0.643549122445875	1	NA	"abundance"	26	23
"NODE_1801_length_2808_cov_5.873956"	"PrePostFVT"	"During"	"PrePostFVTDuring"	0.699182999488748	-0.082971466560033	0.37542690082263	0.0728663111504676	1	0.140423123000258	1	NA	"abundance"	26	13
"NODE_1801_length_2808_cov_5.873956"	"PrePostFVT"	"Post"	"PrePostFVTPost"	1.5501317554273	0.558052786181425	0.358266460426514	0.0251516753193778	1	0.0496707438673841	1	NA	"abundance"	26	13
"NODE_1802_length_2870_cov_5.132149"	"PrePostFVT"	"During"	"PrePostFVTDuring"	-1.80762038860925	-0.082971466560033	0.744981343237863	0.0426172017320601	1	0.0834181775806492	1	NA	"abundance"	26	17
"NODE_1802_length_2870_cov_5.132149"	"PrePostFVT"	"Post"	"PrePostFVTPost"	-1.49341893985504	0.558052786181425	0.704248071172938	0.0136914566174096	1	0.0271954572505129	1	NA	"abundance"	26	17
"NODE_1811_length_4326_cov_11.406696"	"PrePostFVT"	"During"	"PrePostFVTDuring"	-0.208575501843282	-0.082971466560033	0.590947098979005	0.834511293227711	1	0.972613487930835	1	NA	"abundance"	26	22
"NODE_1811_length_4326_cov_11.406696"	"PrePostFVT"	"Post"	"PrePostFVTPost"	-0.135759690070574	0.558052786181425	0.464696534990093	0.157256058153658	1	0.289782648481291	1	NA	"abundance"	26	22
"NODE_1812_length_3305_cov_5.784923"	"PrePostFVT"	"During"	"PrePostFVTDuring"	1.3148722722478	-0.082971466560033	0.567634274354189	0.0911806275004641	1	0.17404734816955	1	NA	"abundance"	26	6
"NODE_1812_length_3305_cov_5.784923"	"PrePostFVT"	"Post"	"PrePostFVTPost"	2.06651325305752	0.558052786181425	0.535261340088444	0.0674544355373543	1	0.130358770201045	1	NA	"abundance"	26	6
"NODE_1816_length_3002_cov_18.713607"	"PrePostFVT"	"During"	"PrePostFVTDuring"	0.154546249493761	-0.082971466560033	0.474121936978749	0.628241049976324	1	0.861795283077294	1	NA	"abundance"	26	15
"NODE_1816_length_3002_cov_18.713607"	"PrePostFVT"	"Post"	"PrePostFVTPost"	1.41203867951664	0.558052786181425	0.428061482297703	0.0770873118188189	1	0.148232169994186	1	NA	"abundance"	26	15
"NODE_1822_length_4306_cov_6.684780"	"PrePostFVT"	"During"	"PrePostFVTDuring"	0.00799677992314402	-0.082971466560033	0.609763866681417	0.884895701287209	1	0.986751000417837	1	NA	"abundance"	26	15
"NODE_1822_length_4306_cov_6.684780"	"PrePostFVT"	"Post"	"PrePostFVTPost"	0.965937710861697	0.558052786181425	0.520308501663464	0.454434551642488	1	0.302917084365445	1	NA	"abundance"	26	15
"NODE_1824_length_2591_cov_4.697950"	"PrePostFVT"	"During"	"PrePostFVTDuring"	0.420120266725433	-0.082971466560033	0.56051862456638	0.381316709031803	1	0.617230985476762	1	NA	"abundance"	26	22
"NODE_1824_length_2591_cov_4.697950"	"PrePostFVT"	"Post"	"PrePostFVTPost"	1.13103900548302	0.558052786181425	0.432378022267902	0.20222898591077	1	0.363561409079042	1	NA	"abundance"	26	22
"NODE_1830_length_3125_cov_4.702280"	"PrePostFVT"	"During"	"PrePostFVTDuring"	-1.47126669052472	-0.082971466560033	1.26577978380452	0.352717419593565	1	0.265818627404131	1	NA	"abundance"	26	6
"NODE_1830_length_3125_cov_4.702280"	"PrePostFVT"	"Post"	"PrePostFVTPost"	-2.57727789485209	0.558052786181425	1.69822178467913	0.162012084139845	1	0.297776252872354	1	NA	"abundance"	26	6
"NODE_1837_length_3530_cov_8.391942"	"PrePostFVT"	"During"	"PrePostFVTDuring"	-0.170565027931927	-0.082971466560033	0.568626806670431	0.879433063484163	1	0.483925057200968	1	NA	"abundance"	26	20
"NODE_1837_length_3530_cov_8.391942"	"PrePostFVT"	"Post"	"PrePostFVTPost"	0.935951349736025	0.558052786181425	0.454901445336345	0.418812543118317	1	0.662221139963402	1	NA	"abundance"	26	20
"NODE_1839_length_3460_cov_6.952717"	"PrePostFVT"	"During"	"PrePostFVTDuring"	0.141756391710871	-0.082971466560033	0.684522890668724	0.74875528980653	1	0.936876095599799	1	NA	"abundance"	26	18
"NODE_1839_length_3460_cov_6.952717"	"PrePostFVT"	"Post"	"PrePostFVTPost"	-0.617425023649453	0.558052786181425	0.617309452321566	0.0830757391609282	1	0.159249899884722	1	NA	"abundance"	26	18
"NODE_1840_length_3253_cov_88.970294"	"PrePostFVT"	"During"	"PrePostFVTDuring"	-0.469994104865142	-0.082971466560033	0.899921444020673	0.671552775649092	1	0.671552775649092	1	NA	"abundance"	26	26
"NODE_1840_length_3253_cov_88.970294"	"PrePostFVT"	"Post"	"PrePostFVTPost"	1.35727493567073	0.558052786181425	0.670761841079999	0.247177003724023	1	0.247177003724023	1	NA	"abundance"	26	26
"NODE_1843_length_2797_cov_5.328957"	"PrePostFVT"	"During"	"PrePostFVTDuring"	0.00986367421592512	-0.082971466560033	0.488630087406652	0.852791701668339	1	0.978329716902297	1	NA	"abundance"	26	19
"NODE_1843_length_2797_cov_5.328957"	"PrePostFVT"	"Post"	"PrePostFVTPost"	0.883328519950972	0.558052786181425	0.408358675853514	0.440711176277258	1	0.522769985056009	1	NA	"abundance"	26	19
"NODE_1850_length_2736_cov_7.120104"	"PrePostFVT"	"During"	"PrePostFVTDuring"	0.457342307714965	-0.082971466560033	0.409124625998672	0.20631005894219	1	0.37005627746365	1	NA	"abundance"	26	25
"NODE_1850_length_2736_cov_7.120104"	"PrePostFVT"	"Post"	"PrePostFVTPost"	0.882376563754645	0.558052786181425	0.310543872103171	0.314357860299863	1	0.529894856267418	1	NA	"abundance"	26	25
"NODE_1855_length_3427_cov_4.307236"	"PrePostFVT"	"During"	"PrePostFVTDuring"	0.523178827467839	-0.082971466560033	0.42576324187129	0.174388127345609	1	0.31836503573211	1	NA	"abundance"	26	25
"NODE_1855_length_3427_cov_4.307236"	"PrePostFVT"	"Post"	"PrePostFVTPost"	0.554617555272788	0.558052786181425	0.323570471735362	0.991710776317339	1	0.804887824006635	1	NA	"abundance"	26	25
"NODE_1858_length_2630_cov_15.348350"	"PrePostFVT"	"During"	"PrePostFVTDuring"	-0.389648938809766	-0.082971466560033	0.473455616263293	0.527387121929703	1	0.77663706748211	1	NA	"abundance"	26	24
"NODE_1858_length_2630_cov_15.348350"	"PrePostFVT"	"Post"	"PrePostFVTPost"	0.556359217345032	0.558052786181425	0.36722334171036	0.996395681516537	1	0.999865503580866	1	NA	"abundance"	26	24
"NODE_1861_length_1706_cov_9.000606"	"PrePostFVT"	"During"	"PrePostFVTDuring"	0.261294622069844	-0.082971466560033	0.733929499550626	0.644893493166407	1	0.873899368804443	1	NA	"abundance"	26	25
"NODE_1861_length_1706_cov_9.000606"	"PrePostFVT"	"Post"	"PrePostFVTPost"	1.27738839623674	0.558052786181425	0.557586807106569	0.215288630905926	1	0.384228067214505	1	NA	"abundance"	26	25
"NODE_1876_length_2784_cov_5.208868"	"PrePostFVT"	"During"	"PrePostFVTDuring"	0.192537143511223	-0.082971466560033	0.547386810757494	0.622182821819082	1	0.821953213562706	1	NA	"abundance"	26	19
"NODE_1876_length_2784_cov_5.208868"	"PrePostFVT"	"Post"	"PrePostFVTPost"	1.43866102047859	0.558052786181425	0.446939459428426	0.0674343172839406	1	0.13032124742033	1	NA	"abundance"	26	19
"NODE_189_length_21480_cov_167.721820"	"PrePostFVT"	"During"	"PrePostFVTDuring"	-1.63409800821217	-0.082971466560033	0.996406058363444	0.259969019971179	1	0.452354148597583	1	NA	"abundance"	26	4
"NODE_1898_length_2647_cov_5.482639"	"PrePostFVT"	"During"	"PrePostFVTDuring"	-0.950790545098909	-0.082971466560033	0.911762281610552	0.384789555693705	1	0.333692046346686	1	NA	"abundance"	26	8
"NODE_1898_length_2647_cov_5.482639"	"PrePostFVT"	"Post"	"PrePostFVTPost"	0.978204964398996	0.558052786181425	0.8155049764006	0.628510090922875	1	0.33852283592042	1	NA	"abundance"	26	8
"NODE_19_length_128753_cov_65.537825|provirus_112776_127566"	"PrePostFVT"	"During"	"PrePostFVTDuring"	-0.402259513214629	-0.082971466560033	0.535351705593751	0.563441756612022	1	0.809416900130003	1	NA	"abundance"	26	18
"NODE_19_length_128753_cov_65.537825|provirus_112776_127566"	"PrePostFVT"	"Post"	"PrePostFVTPost"	-0.258513820499772	0.558052786181425	0.46131581411585	0.105522867616981	1	0.199910659643851	1	NA	"abundance"	26	18
"NODE_191_length_11482_cov_6.117791"	"PrePostFVT"	"During"	"PrePostFVTDuring"	-0.06381909717282	-0.082971466560033	0.660128967720254	0.977201481849905	1	0.964806364606606	1	NA	"abundance"	26	24
"NODE_191_length_11482_cov_6.117791"	"PrePostFVT"	"Post"	"PrePostFVTPost"	0.981302756899332	0.558052786181425	0.508281891439286	0.418212468021194	1	0.66152326763401	1	NA	"abundance"	26	24
"NODE_191_length_14612_cov_5.894621"	"PrePostFVT"	"During"	"PrePostFVTDuring"	0.142370122692361	-0.082971466560033	0.578702556060739	0.702489580899942	1	0.911487550526908	1	NA	"abundance"	26	23
"NODE_191_length_14612_cov_5.894621"	"PrePostFVT"	"Post"	"PrePostFVTPost"	0.232624131651835	0.558052786181425	0.445745487919574	0.477290594093065	1	0.726774876976419	1	NA	"abundance"	26	23
"NODE_1919_length_3324_cov_4.704191"	"PrePostFVT"	"During"	"PrePostFVTDuring"	-0.2526857715781	-0.082971466560033	0.498246323545399	0.789997417662241	1	0.554870340862532	1	NA	"abundance"	26	6
"NODE_1919_length_3324_cov_4.704191"	"PrePostFVT"	"Post"	"PrePostFVTPost"	2.85904679384457	0.558052786181425	0.498246323545399	0.131440126007351	1	0.148069000035078	1	NA	"abundance"	26	6
"NODE_1923_length_2760_cov_6.805176"	"PrePostFVT"	"During"	"PrePostFVTDuring"	0.23375741581889	-0.082971466560033	0.421750374316732	0.466619437199958	1	0.71550517522711	1	NA	"abundance"	26	20
"NODE_1923_length_2760_cov_6.805176"	"PrePostFVT"	"Post"	"PrePostFVTPost"	1.02241278563221	0.558052786181425	0.344757817236784	0.201793285718402	1	0.362866041275775	1	NA	"abundance"	26	20
"NODE_1929_length_2592_cov_45.237682"	"PrePostFVT"	"During"	"PrePostFVTDuring"	-0.58548517031934	-0.082971466560033	0.598328017647802	0.413377768711822	1	0.65587435775848	1	NA	"abundance"	26	24
"NODE_1929_length_2592_cov_45.237682"	"PrePostFVT"	"Post"	"PrePostFVTPost"	0.721682258301423	0.558052786181425	0.463755537899007	0.729433412368115	1	0.926793721657238	1	NA	"abundance"	26	24
"NODE_193_length_39712_cov_6.226190"	"PrePostFVT"	"During"	"PrePostFVTDuring"	-2.58768118170615	-0.082971466560033	1.23247908273158	0.0650378060855044	1	0.125845695950593	1	NA	"abundance"	26	17
"NODE_193_length_39712_cov_6.226190"	"PrePostFVT"	"Post"	"PrePostFVTPost"	-2.32853623091591	0.558052786181425	1.04579318048409	0.0173722062035411	1	0.0344426188587039	1	NA	"abundance"	26	17
"NODE_1931_length_2526_cov_16.422096"	"PrePostFVT"	"During"	"PrePostFVTDuring"	0.239879278142416	-0.082971466560033	0.693640673636828	0.648291708108756	1	0.876301277414943	1	NA	"abundance"	26	22
"NODE_1931_length_2526_cov_16.422096"	"PrePostFVT"	"Post"	"PrePostFVTPost"	0.364522025687325	0.558052786181425	0.545531002990217	0.72809937914834	1	0.926070052380482	1	NA	"abundance"	26	22
"NODE_1931_length_2612_cov_7.167775"	"PrePostFVT"	"During"	"PrePostFVTDuring"	0.473109272392185	-0.082971466560033	0.551622154304516	0.326746524084725	1	0.546729757168	1	NA	"abundance"	26	22
"NODE_1931_length_2612_cov_7.167775"	"PrePostFVT"	"Post"	"PrePostFVTPost"	1.08716847027325	0.558052786181425	0.42728468340409	0.232999956357851	1	0.411710933052942	1	NA	"abundance"	26	22
"NODE_1935_length_3195_cov_8.132166"	"PrePostFVT"	"During"	"PrePostFVTDuring"	0.731841489883382	-0.082971466560033	0.408741677548866	0.0933248800663085	1	0.177940226893226	1	NA	"abundance"	26	12
"NODE_1935_length_3195_cov_8.132166"	"PrePostFVT"	"Post"	"PrePostFVTPost"	0.415267360911202	0.558052786181425	0.35720999460414	0.704940635356575	1	0.912939971336218	1	NA	"abundance"	26	12
"NODE_1936_length_2977_cov_4.843258"	"PrePostFVT"	"During"	"PrePostFVTDuring"	-0.499884059916976	-0.082971466560033	0.505721681587634	0.433779674362633	1	0.679394542835114	1	NA	"abundance"	26	16
"NODE_1936_length_2977_cov_4.843258"	"PrePostFVT"	"Post"	"PrePostFVTPost"	0.828853313750732	0.558052786181425	0.49418557325961	0.596737473693249	1	0.574305311294412	1	NA	"abundance"	26	16
"NODE_1950_length_1653_cov_4.717772"	"PrePostFVT"	"During"	"PrePostFVTDuring"	-0.0548919311993033	-0.082971466560033	0.28151283649493	0.923840010798075	1	0.994199656044763	1	NA	"abundance"	26	14
"NODE_1950_length_1653_cov_4.717772"	"PrePostFVT"	"Post"	"PrePostFVTPost"	-0.0573092022610697	0.558052786181425	0.254483667950948	0.0495177956079343	1	0.0965835791339995	1	NA	"abundance"	26	14
"NODE_1950_length_3117_cov_12.812541"	"PrePostFVT"	"During"	"PrePostFVTDuring"	0.793997297717707	-0.082971466560033	0.484412312060054	0.10808047466567	1	0.204479560327383	1	NA	"abundance"	26	14
"NODE_1950_length_3117_cov_12.812541"	"PrePostFVT"	"Post"	"PrePostFVTPost"	0.251580164756459	0.558052786181425	0.431864266411334	0.499552676171989	1	0.0824862426529586	1	NA	"abundance"	26	14
"NODE_1959_length_1469_cov_2.435644"	"PrePostFVT"	"During"	"PrePostFVTDuring"	-0.505159658872678	-0.082971466560033	0.308832925084202	0.272977322536533	1	0.196527746189258	1	NA	"abundance"	26	8
"NODE_1959_length_1469_cov_2.435644"	"PrePostFVT"	"Post"	"PrePostFVTPost"	0.889364758151049	0.558052786181425	0.308832925084202	0.368745754176421	1	0.601518077129704	1	NA	"abundance"	26	8
"NODE_196_length_10813_cov_8.589515"	"PrePostFVT"	"During"	"PrePostFVTDuring"	-0.769974365718954	-0.082971466560033	0.642601813989473	0.299637826831753	1	0.50949282639505	1	NA	"abundance"	26	23
"NODE_196_length_10813_cov_8.589515"	"PrePostFVT"	"Post"	"PrePostFVTPost"	0.987091010967373	0.558052786181425	0.505242715851358	0.408251335039743	1	0.554372230185331	1	NA	"abundance"	26	23
"NODE_196_length_44600_cov_157.390863"	"PrePostFVT"	"During"	"PrePostFVTDuring"	0.615108331223854	-0.082971466560033	1.35456009361169	0.611752614782509	1	0.849263967871781	1	NA	"abundance"	26	25
"NODE_196_length_44600_cov_157.390863"	"PrePostFVT"	"Post"	"PrePostFVTPost"	-2.12280656177081	0.558052786181425	1.02782246870694	0.0168807755153166	1	0.0334765904486346	1	NA	"abundance"	26	25
"NODE_1960_length_3491_cov_16.300058"	"PrePostFVT"	"During"	"PrePostFVTDuring"	-0.0727208067522777	-0.082971466560033	0.51538184695464	0.984472398364761	1	0.996828666029417	1	NA	"abundance"	26	19
"NODE_1960_length_3491_cov_16.300058"	"PrePostFVT"	"Post"	"PrePostFVTPost"	-0.486244068951758	0.558052786181425	0.43250478960835	0.0319060648757331	1	0.0627941327756117	1	NA	"abundance"	26	19
"NODE_1962_length_3106_cov_8.513274"	"PrePostFVT"	"During"	"PrePostFVTDuring"	-1.58142377201976	-0.082971466560033	0.727899278074708	0.0685167090479174	1	0.132338878677078	1	NA	"abundance"	26	16
"NODE_1962_length_3106_cov_8.513274"	"PrePostFVT"	"Post"	"PrePostFVTPost"	-0.935347035528967	0.558052786181425	0.752996344598016	0.0733929870352495	1	0.141399443524543	1	NA	"abundance"	26	16
"NODE_197_length_8479_cov_9.496083"	"PrePostFVT"	"During"	"PrePostFVTDuring"	-0.642692718913675	-0.082971466560033	0.599200137073192	0.363414808533013	1	0.594759294004939	1	NA	"abundance"	26	23
"NODE_197_length_8479_cov_9.496083"	"PrePostFVT"	"Post"	"PrePostFVTPost"	0.717113322326993	0.558052786181425	0.471118347322818	0.740213504596467	1	0.554372230185331	1	NA	"abundance"	26	23
"NODE_1972_length_2680_cov_4.646476"	"PrePostFVT"	"During"	"PrePostFVTDuring"	-0.0348682484658261	-0.082971466560033	0.506729196499947	0.925461461153462	1	0.994444006226623	1	NA	"abundance"	26	22
"NODE_1972_length_2680_cov_4.646476"	"PrePostFVT"	"Post"	"PrePostFVTPost"	1.05910703167722	0.558052786181425	0.390885437531262	0.21743189306651	1	0.387587158010534	1	NA	"abundance"	26	22
"NODE_1974_length_1324_cov_3.793538"	"PrePostFVT"	"During"	"PrePostFVTDuring"	0.196525360726677	-0.082971466560033	0.824693253822038	0.738703297637439	1	0.931724033334451	1	NA	"abundance"	26	25
"NODE_1974_length_1324_cov_3.793538"	"PrePostFVT"	"Post"	"PrePostFVTPost"	1.20926261351283	0.558052786181425	0.626497222928183	0.313556470904035	1	0.528795281362277	1	NA	"abundance"	26	25
"NODE_198_length_8163_cov_9.324741"	"PrePostFVT"	"During"	"PrePostFVTDuring"	-0.425586514456815	-0.082971466560033	0.639765543301813	0.599270705923615	1	0.599270705923615	1	NA	"abundance"	26	26
"NODE_198_length_8163_cov_9.324741"	"PrePostFVT"	"Post"	"PrePostFVTPost"	0.203538221105903	0.558052786181425	0.47685308149498	0.467947663998324	1	0.467947663998324	1	NA	"abundance"	26	26
"NODE_1991_length_3188_cov_5.819342"	"PrePostFVT"	"During"	"PrePostFVTDuring"	1.25914105406753	-0.082971466560033	0.732739183949057	0.102127446599893	1	0.193824877850773	1	NA	"abundance"	26	15
"NODE_1991_length_3188_cov_5.819342"	"PrePostFVT"	"Post"	"PrePostFVTPost"	0.203534340836069	0.558052786181425	0.621050837589616	0.583611972261367	1	0.259268213007197	1	NA	"abundance"	26	15
"NODE_1994_length_1614_cov_5.948044"	"PrePostFVT"	"During"	"PrePostFVTDuring"	0.513651332101086	-0.082971466560033	0.121143700215962	0.0440508268861518	1	0.0861611784229498	1	NA	"abundance"	26	6
"NODE_2_length_2231_cov_4.778033"	"PrePostFVT"	"During"	"PrePostFVTDuring"	-1.33674265036693	-0.082971466560033	0.990068525232723	0.251701545993563	1	0.440049423731576	1	NA	"abundance"	26	13
"NODE_2_length_2231_cov_4.778033"	"PrePostFVT"	"Post"	"PrePostFVTPost"	-2.74765879299231	0.558052786181425	0.955254683186788	0.0103813806533558	1	0.0206549882424417	1	NA	"abundance"	26	13
"NODE_2004_length_2512_cov_6.669109"	"PrePostFVT"	"Post"	"PrePostFVTPost"	0.29525767574979	0.558052786181425	0.605200631465041	0.706815955077989	1	0.745365392025354	1	NA	"abundance"	26	4
"NODE_2005_length_1578_cov_7.019698"	"PrePostFVT"	"During"	"PrePostFVTDuring"	-0.0455975059292867	-0.082971466560033	0.691714921468047	0.957582679925657	1	0.964806364606606	1	NA	"abundance"	26	24
"NODE_2005_length_1578_cov_7.019698"	"PrePostFVT"	"Post"	"PrePostFVTPost"	0.540110601775687	0.558052786181425	0.532717574440363	0.97358602601097	1	0.937162170722469	1	NA	"abundance"	26	24
"NODE_2008_length_3000_cov_5.932428"	"PrePostFVT"	"During"	"PrePostFVTDuring"	-0.0503141258320099	-0.082971466560033	0.74955599215022	0.967319057504292	1	0.103225584807967	1	NA	"abundance"	26	7
"NODE_2008_length_3000_cov_5.932428"	"PrePostFVT"	"Post"	"PrePostFVTPost"	0.310556550089776	0.558052786181425	0.74955599215022	0.757961759503828	1	0.75123152367975	1	NA	"abundance"	26	7
"NODE_201_length_27274_cov_8.129836"	"PrePostFVT"	"During"	"PrePostFVTDuring"	0.130906834457642	-0.082971466560033	0.664395146295854	0.751700748161528	1	0.938347481536455	1	NA	"abundance"	26	23
"NODE_201_length_27274_cov_8.129836"	"PrePostFVT"	"Post"	"PrePostFVTPost"	0.0431667243513883	0.558052786181425	0.511520113782971	0.330230281499286	1	0.551408524179475	1	NA	"abundance"	26	23
"NODE_2011_length_2669_cov_260.882173"	"PrePostFVT"	"During"	"PrePostFVTDuring"	-0.751676564632402	-0.082971466560033	1.05247255685491	0.549543846983593	1	0.79708925420966	1	NA	"abundance"	26	13
"NODE_2011_length_2669_cov_260.882173"	"PrePostFVT"	"Post"	"PrePostFVTPost"	0.199155552200648	0.558052786181425	1.0420028865719	0.742132543323693	1	0.69524786530528	1	NA	"abundance"	26	13
"NODE_2011_length_2793_cov_8.678963"	"PrePostFVT"	"During"	"PrePostFVTDuring"	-1.51478988404535	-0.082971466560033	0.652290942445056	0.0546776553355395	1	0.106365664678087	1	NA	"abundance"	26	16
"NODE_2011_length_2793_cov_8.678963"	"PrePostFVT"	"Post"	"PrePostFVTPost"	-0.847982593783444	0.558052786181425	0.668214741715822	0.0597756029213991	1	0.115978083138181	1	NA	"abundance"	26	16
"NODE_2021_length_2786_cov_6.888685"	"PrePostFVT"	"During"	"PrePostFVTDuring"	-2.01788780443511	-0.082971466560033	1.94212064579814	0.423978714384216	1	0.622716742673652	1	NA	"abundance"	26	5
"NODE_2021_length_2786_cov_6.888685"	"PrePostFVT"	"Post"	"PrePostFVTPost"	-2.27682587255701	0.558052786181425	2.378602300565	0.355567692295696	1	0.537122946344503	1	NA	"abundance"	26	5
"NODE_2033_length_3140_cov_4.623339"	"PrePostFVT"	"During"	"PrePostFVTDuring"	1.30287626880242	-0.082971466560033	0.590972704479252	0.0475030671860717	1	0.092749592980059	1	NA	"abundance"	26	11
"NODE_2033_length_3140_cov_4.623339"	"PrePostFVT"	"Post"	"PrePostFVTPost"	0.317037294232369	0.558052786181425	0.590972704479252	0.694492329072462	1	0.196475205737565	1	NA	"abundance"	26	11
"NODE_204_length_29412_cov_9.598392"	"PrePostFVT"	"Post"	"PrePostFVTPost"	0.504271796420578	0.558052786181425	0.827519429739773	0.950712991916885	1	0.206570710492005	1	NA	"abundance"	26	7
"NODE_204_length_7962_cov_6.369546"	"PrePostFVT"	"During"	"PrePostFVTDuring"	-0.623107281733665	-0.082971466560033	0.453772474770789	0.253301637267989	1	0.442441555093334	1	NA	"abundance"	26	23
"NODE_204_length_7962_cov_6.369546"	"PrePostFVT"	"Post"	"PrePostFVTPost"	0.405382882945165	0.558052786181425	0.356872640215301	0.676362677749823	1	0.554372230185331	1	NA	"abundance"	26	23
"NODE_2040_length_2988_cov_5.530856"	"PrePostFVT"	"During"	"PrePostFVTDuring"	1.17883808993078	-0.082971466560033	1.09197874110999	0.338241737477841	1	0.562076001983653	1	NA	"abundance"	26	6
"NODE_2040_length_2988_cov_5.530856"	"PrePostFVT"	"Post"	"PrePostFVTPost"	2.12351095792665	0.558052786181425	0.545522149860092	0.145555987714919	1	0.269925429870173	1	NA	"abundance"	26	6
"NODE_2048_length_1701_cov_4.141555"	"PrePostFVT"	"During"	"PrePostFVTDuring"	-0.139587660078283	-0.082971466560033	0.810090089340203	0.945084886662875	1	0.996984330327171	1	NA	"abundance"	26	25
"NODE_2048_length_1701_cov_4.141555"	"PrePostFVT"	"Post"	"PrePostFVTPost"	1.20283165957646	0.558052786181425	0.614883254941175	0.309135042852427	1	0.522705610985483	1	NA	"abundance"	26	25
"NODE_2051_length_3108_cov_4.075336"	"PrePostFVT"	"During"	"PrePostFVTDuring"	-0.555322569822782	-0.082971466560033	0.804617566812473	0.565470048197331	1	0.81118372098637	1	NA	"abundance"	26	21
"NODE_2051_length_3108_cov_4.075336"	"PrePostFVT"	"Post"	"PrePostFVTPost"	0.360712492122382	0.558052786181425	0.664391089383503	0.770578764133301	1	0.522824814736796	1	NA	"abundance"	26	21
"NODE_206_length_8044_cov_8.274377"	"PrePostFVT"	"During"	"PrePostFVTDuring"	-0.0754719640804693	-0.082971466560033	0.658637284256915	0.99105108226494	1	0.964806364606606	1	NA	"abundance"	26	24
"NODE_206_length_8044_cov_8.274377"	"PrePostFVT"	"Post"	"PrePostFVTPost"	0.84370217492874	0.558052786181425	0.507505712609771	0.581992781512523	1	0.825269965292362	1	NA	"abundance"	26	24
"NODE_2061_length_3718_cov_15.018291"	"PrePostFVT"	"During"	"PrePostFVTDuring"	-0.142473727309175	-0.082971466560033	0.520053211159423	0.910428919580334	1	0.991977021552454	1	NA	"abundance"	26	23
"NODE_2061_length_3718_cov_15.018291"	"PrePostFVT"	"Post"	"PrePostFVTPost"	0.795828532673464	0.558052786181425	0.408900411720254	0.570493077480024	1	0.554372230185331	1	NA	"abundance"	26	23
"NODE_2064_length_2932_cov_9.610706"	"PrePostFVT"	"During"	"PrePostFVTDuring"	0.312598270885509	-0.082971466560033	0.584064091744367	0.512489445908409	1	0.76233345964931	1	NA	"abundance"	26	18
"NODE_2064_length_2932_cov_9.610706"	"PrePostFVT"	"Post"	"PrePostFVTPost"	-0.125288002590809	0.558052786181425	0.526787645792798	0.221360207732512	1	0.221941905650527	1	NA	"abundance"	26	18
"NODE_208_length_51348_cov_41.610220"	"PrePostFVT"	"During"	"PrePostFVTDuring"	-0.715024061543525	-0.082971466560033	0.867523746047788	0.500514152705947	1	0.750513888352942	1	NA	"abundance"	26	8
"NODE_208_length_51348_cov_41.610220"	"PrePostFVT"	"Post"	"PrePostFVTPost"	-0.0207199642970345	0.558052786181425	0.867523746047788	0.536543304541165	1	0.28772984292746	1	NA	"abundance"	26	8
"NODE_2080_length_2689_cov_8.647684"	"PrePostFVT"	"During"	"PrePostFVTDuring"	1.1972550861424	-0.082971466560033	0.559820081571047	0.0419244380818896	1	0.082091217655297	1	NA	"abundance"	26	18
"NODE_2080_length_2689_cov_8.647684"	"PrePostFVT"	"Post"	"PrePostFVTPost"	-0.418073199658579	0.558052786181425	0.433844150842254	0.0450766842479497	1	0.0881214610331102	1	NA	"abundance"	26	18
"NODE_2087_length_3045_cov_7.023077"	"PrePostFVT"	"During"	"PrePostFVTDuring"	0.0478183696111358	-0.082971466560033	0.613007638113783	0.833440122327824	1	0.97225780714983	1	NA	"abundance"	26	22
"NODE_2087_length_3045_cov_7.023077"	"PrePostFVT"	"Post"	"PrePostFVTPost"	1.48920522267709	0.558052786181425	0.472867481268442	0.0645149597897657	1	0.124867739542856	1	NA	"abundance"	26	22
"NODE_2089_length_3294_cov_24.345477"	"PrePostFVT"	"During"	"PrePostFVTDuring"	-0.568938582245552	-0.082971466560033	0.586645596270456	0.429353836712576	1	0.674362956325342	1	NA	"abundance"	26	13
"NODE_2089_length_3294_cov_24.345477"	"PrePostFVT"	"Post"	"PrePostFVTPost"	0.701612983107357	0.558052786181425	0.538868389017526	0.796156454324039	1	0.370446254884063	1	NA	"abundance"	26	13
"NODE_2090_length_2500_cov_4.756646"	"PrePostFVT"	"During"	"PrePostFVTDuring"	-0.414214131637553	-0.082971466560033	0.79750601409206	0.688771966283084	1	0.631728629251169	1	NA	"abundance"	26	12
"NODE_2090_length_2500_cov_4.756646"	"PrePostFVT"	"Post"	"PrePostFVTPost"	0.640946807232003	0.558052786181425	0.738347097535921	0.913405762600084	1	0.693052304865578	1	NA	"abundance"	26	12
"NODE_210_length_20479_cov_11.050382|provirus_7480_20477"	"PrePostFVT"	"During"	"PrePostFVTDuring"	-1.09820947631238	-0.082971466560033	0.612055509225987	0.126233428613183	1	0.236531978726926	1	NA	"abundance"	26	15
"NODE_210_length_20479_cov_11.050382|provirus_7480_20477"	"PrePostFVT"	"Post"	"PrePostFVTPost"	-0.109997050890327	0.558052786181425	0.524133024470742	0.229583223586306	1	0.30291676146	1	NA	"abundance"	26	15
"NODE_2100_length_1460_cov_5.042705"	"PrePostFVT"	"During"	"PrePostFVTDuring"	-1.26399689098272	-0.082971466560033	1.3334015998154	0.469046728624982	1	0.718088623616166	1	NA	"abundance"	26	5
"NODE_2100_length_1460_cov_5.042705"	"PrePostFVT"	"Post"	"PrePostFVTPost"	-0.494558445530172	0.558052786181425	1.33760930281726	0.550776102320936	1	0.258149014721583	1	NA	"abundance"	26	5
"NODE_2125_length_3601_cov_8.942188"	"PrePostFVT"	"During"	"PrePostFVTDuring"	1.48333222101952	-0.082971466560033	0.781430897319579	0.0765185827543254	1	0.14718207200192	1	NA	"abundance"	26	12
"NODE_2125_length_3601_cov_8.942188"	"PrePostFVT"	"Post"	"PrePostFVTPost"	0.832516693063451	0.558052786181425	0.717790112879311	0.71118105549886	1	0.370446311579995	1	NA	"abundance"	26	12
"NODE_2137_length_1853_cov_3.723582"	"PrePostFVT"	"Post"	"PrePostFVTPost"	2.79694995358344	0.558052786181425	0.798675758064477	0.0958659830297375	1	0.182541679357217	1	NA	"abundance"	26	6
"NODE_2141_length_3217_cov_14.745098"	"PrePostFVT"	"During"	"PrePostFVTDuring"	-0.0886890612668661	-0.082971466560033	0.834472966623113	0.994599947528336	1	0.994599947528336	1	NA	"abundance"	26	26
"NODE_2141_length_3217_cov_14.745098"	"PrePostFVT"	"Post"	"PrePostFVTPost"	1.46777762702218	0.558052786181425	0.621979426251732	0.159369493618555	1	0.159369493618555	1	NA	"abundance"	26	26
"NODE_216_length_49094_cov_18.408858"	"PrePostFVT"	"During"	"PrePostFVTDuring"	-3.19116989405808	-0.082971466560033	1.04201869349	0.0407522738224605	1	0.0798437998232202	1	NA	"abundance"	26	7
"NODE_216_length_49094_cov_18.408858"	"PrePostFVT"	"Post"	"PrePostFVTPost"	-2.02507824361282	0.558052786181425	0.951228572944224	0.0533605069102872	1	0.103873670122852	1	NA	"abundance"	26	7
"NODE_2168_length_2642_cov_5.300734"	"PrePostFVT"	"During"	"PrePostFVTDuring"	0.535506506816911	-0.082971466560033	0.495840678067062	0.252649093810015	1	0.441466623017008	1	NA	"abundance"	26	13
"NODE_2168_length_2642_cov_5.300734"	"PrePostFVT"	"Post"	"PrePostFVTPost"	0.769348275665601	0.558052786181425	0.495840678067062	0.682975642793663	1	0.370340500922131	1	NA	"abundance"	26	13
"NODE_217_length_49720_cov_10.704681|provirus_35239_49720"	"PrePostFVT"	"During"	"PrePostFVTDuring"	-0.162271354512462	-0.082971466560033	1.37818098341253	0.95653443709836	1	0.63140736503181	1	NA	"abundance"	26	8
"NODE_217_length_49720_cov_10.704681|provirus_35239_49720"	"PrePostFVT"	"Post"	"PrePostFVTPost"	0.621303799453852	0.558052786181425	0.9481559252875	0.949562253747681	1	0.427984698584595	1	NA	"abundance"	26	8
"NODE_2179_length_2865_cov_4.766192"	"PrePostFVT"	"During"	"PrePostFVTDuring"	0.759413556300244	-0.082971466560033	0.627900901604153	0.207599196703692	1	0.372100966935367	1	NA	"abundance"	26	14
"NODE_2179_length_2865_cov_4.766192"	"PrePostFVT"	"Post"	"PrePostFVTPost"	0.52425510514084	0.558052786181425	0.537702207830591	0.951063320467518	1	0.302916617395458	1	NA	"abundance"	26	14
"NODE_2184_length_2897_cov_7.643209"	"PrePostFVT"	"During"	"PrePostFVTDuring"	0.371323409380639	-0.082971466560033	0.568332237601638	0.434819243510059	1	0.680570712493458	1	NA	"abundance"	26	23
"NODE_2184_length_2897_cov_7.643209"	"PrePostFVT"	"Post"	"PrePostFVTPost"	0.966592395933178	0.558052786181425	0.440228258268788	0.366800568575846	1	0.597089816602193	1	NA	"abundance"	26	23
"NODE_2185_length_2811_cov_5.858853"	"PrePostFVT"	"During"	"PrePostFVTDuring"	0.0638567982175263	-0.082971466560033	0.636321074677108	0.820499167040867	1	0.964806364606606	1	NA	"abundance"	26	24
"NODE_2185_length_2811_cov_5.858853"	"PrePostFVT"	"Post"	"PrePostFVTPost"	-0.332096699691065	0.558052786181425	0.489907949343932	0.0891962776649174	1	0.170436579380558	1	NA	"abundance"	26	24
"NODE_2189_length_2739_cov_5.156110"	"PrePostFVT"	"During"	"PrePostFVTDuring"	1.1131238410211	-0.082971466560033	0.507215688762936	0.0572295005036899	1	0.111183785279478	1	NA	"abundance"	26	10
"NODE_2189_length_2739_cov_5.156110"	"PrePostFVT"	"Post"	"PrePostFVTPost"	0.586977503645087	0.558052786181425	0.447322191179023	0.950663575101376	1	0.410000247478418	1	NA	"abundance"	26	10
"NODE_22_length_128069_cov_21.086295|provirus_34170_98395"	"PrePostFVT"	"During"	"PrePostFVTDuring"	-1.50780784666316	-0.082971466560033	0.618901592049656	0.0444160756262108	1	0.0868593634783883	1	NA	"abundance"	26	17
"NODE_22_length_128069_cov_21.086295|provirus_34170_98395"	"PrePostFVT"	"Post"	"PrePostFVTPost"	-0.966491530326923	0.558052786181425	0.59439551605123	0.0264795722573809	1	0.0522579767678279	1	NA	"abundance"	26	17
"NODE_2205_length_3140_cov_13.088493"	"PrePostFVT"	"During"	"PrePostFVTDuring"	0.26496261769061	-0.082971466560033	0.72821053665414	0.639187588988409	1	0.869814404060003	1	NA	"abundance"	26	24
"NODE_2205_length_3140_cov_13.088493"	"PrePostFVT"	"Post"	"PrePostFVTPost"	0.0674426124371747	0.558052786181425	0.560855826720785	0.395279828265076	1	0.634313513896884	1	NA	"abundance"	26	24
"NODE_2206_length_2597_cov_7.216758"	"PrePostFVT"	"During"	"PrePostFVTDuring"	0.246863929364531	-0.082971466560033	0.490719737141484	0.521660526310008	1	0.771191347909982	1	NA	"abundance"	26	16
"NODE_2206_length_2597_cov_7.216758"	"PrePostFVT"	"Post"	"PrePostFVTPost"	0.105921449924324	0.558052786181425	0.459554100337831	0.355929499872191	1	0.585173190865114	1	NA	"abundance"	26	16
"NODE_2208_length_1898_cov_12.739555"	"PrePostFVT"	"During"	"PrePostFVTDuring"	-0.698891562977846	-0.082971466560033	0.519675957084303	0.25243459020458	1	0.441145958077405	1	NA	"abundance"	26	23
"NODE_2208_length_1898_cov_12.739555"	"PrePostFVT"	"Post"	"PrePostFVTPost"	0.738116494231527	0.558052786181425	0.408592827248779	0.665746099049126	1	0.554372230185331	1	NA	"abundance"	26	23
"NODE_2210_length_2500_cov_8.474029"	"PrePostFVT"	"During"	"PrePostFVTDuring"	0.139108268811923	-0.082971466560033	1.70424293511322	0.899127258385375	1	0.6317285639334	1	NA	"abundance"	26	12
"NODE_2210_length_2500_cov_8.474029"	"PrePostFVT"	"Post"	"PrePostFVTPost"	1.31037671244921	0.558052786181425	0.955418887948653	0.45154562227276	1	0.699197795551826	1	NA	"abundance"	26	12
"NODE_2224_length_2870_cov_6.035524"	"PrePostFVT"	"During"	"PrePostFVTDuring"	-0.635898429850835	-0.082971466560033	1.25501440454739	0.69396364810552	1	0.633599049458823	1	NA	"abundance"	26	6
"NODE_2224_length_2870_cov_6.035524"	"PrePostFVT"	"Post"	"PrePostFVTPost"	2.21177220176449	0.558052786181425	1.22456435389761	0.323176311514279	1	0.541909694704583	1	NA	"abundance"	26	6
"NODE_223_length_48370_cov_26.409769"	"PrePostFVT"	"During"	"PrePostFVTDuring"	-1.51099395840594	-0.082971466560033	0.155393636991183	0.063546850914774	1	0.123055499568364	1	NA	"abundance"	26	6
"NODE_2237_length_2656_cov_5.000384"	"PrePostFVT"	"During"	"PrePostFVTDuring"	0.66438339568064	-0.082971466560033	0.601852427018617	0.340933331305812	1	0.333718311079013	1	NA	"abundance"	26	5
"NODE_2237_length_2656_cov_5.000384"	"PrePostFVT"	"Post"	"PrePostFVTPost"	2.99684404022494	0.558052786181425	0.601852427018617	0.0561656646795822	1	0.109176747470265	1	NA	"abundance"	26	5
"NODE_2244_length_1328_cov_28.197958"	"PrePostFVT"	"During"	"PrePostFVTDuring"	0.0834226721811261	-0.082971466560033	0.400359443330092	0.70007133395104	1	0.8603671469814	1	NA	"abundance"	26	10
"NODE_2244_length_1328_cov_28.197958"	"PrePostFVT"	"Post"	"PrePostFVTPost"	0.647602589999061	0.558052786181425	0.525578377083706	0.873073437728054	1	0.287730016131897	1	NA	"abundance"	26	10
"NODE_2263_length_3069_cov_20.793298"	"PrePostFVT"	"During"	"PrePostFVTDuring"	-0.0407568004854157	-0.082971466560033	0.676743931760712	0.951101615774325	1	0.997608948020118	1	NA	"abundance"	26	25
"NODE_2263_length_3069_cov_20.793298"	"PrePostFVT"	"Post"	"PrePostFVTPost"	0.872880034713797	0.558052786181425	0.514257926582819	0.548831776772374	1	0.796447234349627	1	NA	"abundance"	26	25
"NODE_2269_length_1480_cov_4.322807"	"PrePostFVT"	"During"	"PrePostFVTDuring"	-0.00505004858688424	-0.082971466560033	0.52610077817439	0.885962692056891	1	0.860344641346997	1	NA	"abundance"	26	12
"NODE_2269_length_1480_cov_4.322807"	"PrePostFVT"	"Post"	"PrePostFVTPost"	1.06688826269413	0.558052786181425	0.52610077817439	0.360341721734156	1	0.590837287045976	1	NA	"abundance"	26	12
"NODE_2273_length_2598_cov_6.685804"	"PrePostFVT"	"During"	"PrePostFVTDuring"	0.6240417420688	-0.082971466560033	0.763242151827357	0.403548712986098	1	0.64424586221946	1	NA	"abundance"	26	10
"NODE_2273_length_2598_cov_6.685804"	"PrePostFVT"	"Post"	"PrePostFVTPost"	0.691334347146002	0.558052786181425	0.676792287829147	0.852552960763295	1	0.196475289860586	1	NA	"abundance"	26	10
"NODE_2288_length_2197_cov_6.152194"	"PrePostFVT"	"During"	"PrePostFVTDuring"	-3.90856278558132	-0.082971466560033	0.258173053734018	0.0450103334459352	1	0.0879947367749561	1	NA	"abundance"	26	7
"NODE_2288_length_2197_cov_6.152194"	"PrePostFVT"	"Post"	"PrePostFVTPost"	-3.11402037621697	0.558052786181425	0.363567479099259	0.0629736200449819	1	0.121981563268394	1	NA	"abundance"	26	7
"NODE_2289_length_2513_cov_5.871440"	"PrePostFVT"	"During"	"PrePostFVTDuring"	0.317755599474289	-0.082971466560033	0.259195255608802	0.166108481182922	1	0.304624934844946	1	NA	"abundance"	26	15
"NODE_2289_length_2513_cov_5.871440"	"PrePostFVT"	"Post"	"PrePostFVTPost"	0.249964385336754	0.558052786181425	0.238745192477749	0.24066020549961	1	0.423403076488105	1	NA	"abundance"	26	15
"NODE_2291_length_2512_cov_5.264550"	"PrePostFVT"	"During"	"PrePostFVTDuring"	0.501837949573588	-0.082971466560033	0.502467833088141	0.298763060422307	1	0.508266754571712	1	NA	"abundance"	26	11
"NODE_2291_length_2512_cov_5.264550"	"PrePostFVT"	"Post"	"PrePostFVTPost"	0.137385524712348	0.558052786181425	0.452721574231951	0.39872265305454	1	0.638465552050229	1	NA	"abundance"	26	11
"NODE_2297_length_1338_cov_4.257989"	"PrePostFVT"	"During"	"PrePostFVTDuring"	0.168153076786355	-0.082971466560033	0.656832635271881	0.706952853177819	1	0.914123369739379	1	NA	"abundance"	26	25
"NODE_2297_length_1338_cov_4.257989"	"PrePostFVT"	"Post"	"PrePostFVTPost"	-0.156249142060855	0.558052786181425	0.499304094955808	0.172132722051261	1	0.314635770101745	1	NA	"abundance"	26	25
"NODE_2307_length_3029_cov_16.683591"	"PrePostFVT"	"During"	"PrePostFVTDuring"	-0.0323228356648552	-0.082971466560033	0.753893886373352	0.952341124902222	1	0.505924512127256	1	NA	"abundance"	26	7
"NODE_2307_length_3029_cov_16.683591"	"PrePostFVT"	"Post"	"PrePostFVTPost"	1.36412313554255	0.558052786181425	0.612348828687137	0.309775357632242	1	0.211746570840097	1	NA	"abundance"	26	7
"NODE_231_length_47332_cov_15.070605"	"PrePostFVT"	"During"	"PrePostFVTDuring"	-0.181640977346548	-0.082971466560033	0.605470203068362	0.876957065171607	1	0.897602617404457	1	NA	"abundance"	26	10
"NODE_231_length_47332_cov_15.070605"	"PrePostFVT"	"Post"	"PrePostFVTPost"	-1.67142427359272	0.558052786181425	0.601823621692323	0.0195119329867567	1	0.0386431504446338	1	NA	"abundance"	26	10
"NODE_2317_length_1568_cov_6.822868"	"PrePostFVT"	"During"	"PrePostFVTDuring"	-0.268166903560426	-0.082971466560033	0.916465466598156	0.844327672788453	1	0.860344641326025	1	NA	"abundance"	26	12
"NODE_2317_length_1568_cov_6.822868"	"PrePostFVT"	"Post"	"PrePostFVTPost"	0.2453747156263	0.558052786181425	0.916465466598156	0.740779745104755	1	0.742196388930859	1	NA	"abundance"	26	12
"NODE_2327_length_2704_cov_11.934315"	"PrePostFVT"	"During"	"PrePostFVTDuring"	0.620920538291222	-0.082971466560033	0.442357689354195	0.132996066971064	1	0.248304180112356	1	NA	"abundance"	26	19
"NODE_2327_length_2704_cov_11.934315"	"PrePostFVT"	"Post"	"PrePostFVTPost"	1.18765300136049	0.558052786181425	0.36118354090479	0.102987631008809	1	0.195368809876811	1	NA	"abundance"	26	19
"NODE_2345_length_2515_cov_8.681707"	"PrePostFVT"	"During"	"PrePostFVTDuring"	0.320419850082931	-0.082971466560033	0.536709950000284	0.494642916162784	1	0.684783268986659	1	NA	"abundance"	26	7
"NODE_2345_length_2515_cov_8.681707"	"PrePostFVT"	"Post"	"PrePostFVTPost"	0.257042745580913	0.558052786181425	0.489946910754376	0.573354634658961	1	0.817973732233011	1	NA	"abundance"	26	7
"NODE_2350_length_2684_cov_4.486877"	"PrePostFVT"	"During"	"PrePostFVTDuring"	0.508626511284573	-0.082971466560033	0.488430133445447	0.282446140387537	1	0.485116458555257	1	NA	"abundance"	26	11
"NODE_2350_length_2684_cov_4.486877"	"PrePostFVT"	"Post"	"PrePostFVTPost"	0.432540349097641	0.558052786181425	0.443744766958257	0.790407441256699	1	0.693052199896974	1	NA	"abundance"	26	11
"NODE_2391_length_2195_cov_9.615888"	"PrePostFVT"	"During"	"PrePostFVTDuring"	0.610387298897055	-0.082971466560033	0.595740532570134	0.269836205951737	1	0.466860833861046	1	NA	"abundance"	26	18
"NODE_2391_length_2195_cov_9.615888"	"PrePostFVT"	"Post"	"PrePostFVTPost"	0.102300056317773	0.558052786181425	0.519690688131407	0.400155916027042	1	0.640187074922643	1	NA	"abundance"	26	18
"NODE_2392_length_2556_cov_7.717313"	"PrePostFVT"	"During"	"PrePostFVTDuring"	-0.0195535141227259	-0.082971466560033	0.720872695908593	0.931115932974056	1	0.964806364606606	1	NA	"abundance"	26	24
"NODE_2392_length_2556_cov_7.717313"	"PrePostFVT"	"Post"	"PrePostFVTPost"	1.374191488251	0.558052786181425	0.555546798217795	0.16162257025765	1	0.29712328529861	1	NA	"abundance"	26	24
"NODE_2395_length_2662_cov_10.331032"	"PrePostFVT"	"During"	"PrePostFVTDuring"	0.654076816001108	-0.082971466560033	1.25956538923676	0.583738318896917	1	0.103227131095666	1	NA	"abundance"	26	8
"NODE_2395_length_2662_cov_10.331032"	"PrePostFVT"	"Post"	"PrePostFVTPost"	0.887528356354333	0.558052786181425	1.21956894399331	0.797806118269417	1	0.522831508263144	1	NA	"abundance"	26	8
"NODE_2416_length_2609_cov_7.559123"	"PrePostFVT"	"During"	"PrePostFVTDuring"	0.173277986315393	-0.082971466560033	0.70287990995599	0.719797697123384	1	0.921486669462641	1	NA	"abundance"	26	20
"NODE_2416_length_2609_cov_7.559123"	"PrePostFVT"	"Post"	"PrePostFVTPost"	1.58249166058896	0.558052786181425	0.562303927964792	0.0870373946493011	1	0.166499281231264	1	NA	"abundance"	26	20
"NODE_2428_length_1534_cov_4.545639"	"PrePostFVT"	"During"	"PrePostFVTDuring"	-1.36532051258698	-0.082971466560033	1.13084506178547	0.289785913347129	1	0.420599790972875	1	NA	"abundance"	26	11
"NODE_2428_length_1534_cov_4.545639"	"PrePostFVT"	"Post"	"PrePostFVTPost"	1.19418671785633	0.558052786181425	1.0114585720689	0.546710513581695	1	0.794528641502629	1	NA	"abundance"	26	11
"NODE_2435_length_2625_cov_14.320233"	"PrePostFVT"	"During"	"PrePostFVTDuring"	0.299084732110374	-0.082971466560033	0.514126169065338	0.46908447212489	1	0.718128702261094	1	NA	"abundance"	26	24
"NODE_2435_length_2625_cov_14.320233"	"PrePostFVT"	"Post"	"PrePostFVTPost"	0.771772515969265	0.558052786181425	0.396020131358511	0.598080226747853	1	0.838460495868942	1	NA	"abundance"	26	24
"NODE_244_length_13727_cov_20.945802"	"PrePostFVT"	"During"	"PrePostFVTDuring"	0.0149417881367462	-0.082971466560033	0.652546126125818	0.882852423774742	1	0.964806364606606	1	NA	"abundance"	26	23
"NODE_244_length_13727_cov_20.945802"	"PrePostFVT"	"Post"	"PrePostFVTPost"	-0.441021924480183	0.558052786181425	0.502380443505271	0.0649955170130766	1	0.125766616794356	1	NA	"abundance"	26	23
"NODE_2460_length_2605_cov_26.049804"	"PrePostFVT"	"During"	"PrePostFVTDuring"	-0.342348451226063	-0.082971466560033	0.684922477374354	0.710139002882938	1	0.915980602350303	1	NA	"abundance"	26	22
"NODE_2460_length_2605_cov_26.049804"	"PrePostFVT"	"Post"	"PrePostFVTPost"	-0.582895825045023	0.558052786181425	0.538637852375664	0.0516069269166346	1	0.10055057892749	1	NA	"abundance"	26	22
"NODE_249_length_15525_cov_6.736070"	"PrePostFVT"	"Post"	"PrePostFVTPost"	0.304371605810448	0.558052786181425	0.585982608452881	0.68371764445116	1	0.206570710492005	1	NA	"abundance"	26	7
"NODE_2490_length_2526_cov_4.607851"	"PrePostFVT"	"During"	"PrePostFVTDuring"	0.425050843720934	-0.082971466560033	0.746164922026923	0.513128304410102	1	0.762955952033417	1	NA	"abundance"	26	12
"NODE_2490_length_2526_cov_4.607851"	"PrePostFVT"	"Post"	"PrePostFVTPost"	1.01264546779898	0.558052786181425	0.713470129670677	0.539968900530859	1	0.788371387521213	1	NA	"abundance"	26	12
"NODE_252_length_21786_cov_7.743316|provirus_11205_21743"	"PrePostFVT"	"Post"	"PrePostFVTPost"	0.415799397967653	0.558052786181425	1.08380206719461	0.903838241332181	1	0.522836498054795	1	NA	"abundance"	26	5
"NODE_2528_length_2034_cov_12.868621"	"PrePostFVT"	"During"	"PrePostFVTDuring"	-0.802403315598653	-0.082971466560033	0.506359600096259	0.176645295478983	1	0.322087030543108	1	NA	"abundance"	26	23
"NODE_2528_length_2034_cov_12.868621"	"PrePostFVT"	"Post"	"PrePostFVTPost"	0.305293923452722	0.558052786181425	0.398223341998942	0.536966546089637	1	0.554372230185331	1	NA	"abundance"	26	23
"NODE_253_length_10761_cov_24.310854"	"PrePostFVT"	"During"	"PrePostFVTDuring"	-0.765385566318804	-0.082971466560033	0.603395784602405	0.311627769783093	1	0.526143672666202	1	NA	"abundance"	26	11
"NODE_253_length_10761_cov_24.310854"	"PrePostFVT"	"Post"	"PrePostFVTPost"	-3.37368354901632	0.558052786181425	0.662793299238932	0.0017322751595819	1	0.0034615495419353	1	NA	"abundance"	26	11
"NODE_253_length_8024_cov_6.829590"	"PrePostFVT"	"During"	"PrePostFVTDuring"	-0.269513994672557	-0.082971466560033	0.670895638062285	0.784670672646177	1	0.95363328078135	1	NA	"abundance"	26	24
"NODE_253_length_8024_cov_6.829590"	"PrePostFVT"	"Post"	"PrePostFVTPost"	0.900472711181286	0.558052786181425	0.517088532786158	0.518429652955747	1	0.768090000847678	1	NA	"abundance"	26	24
"NODE_2530_length_2547_cov_6.221108"	"PrePostFVT"	"During"	"PrePostFVTDuring"	-1.90469513800671	-0.082971466560033	1.4755682493551	0.290794397313872	1	0.497027413118605	1	NA	"abundance"	26	7
"NODE_2530_length_2547_cov_6.221108"	"PrePostFVT"	"Post"	"PrePostFVTPost"	-0.670223320435466	0.558052786181425	1.57421982240015	0.483222298037581	1	0.512909925503128	1	NA	"abundance"	26	7
"NODE_2559_length_1942_cov_4.955485"	"PrePostFVT"	"During"	"PrePostFVTDuring"	0.669296308021505	-0.082971466560033	0.819565300110615	0.383048679914102	1	0.619371068644268	1	NA	"abundance"	26	12
"NODE_2559_length_1942_cov_4.955485"	"PrePostFVT"	"Post"	"PrePostFVTPost"	1.72439160328543	0.558052786181425	0.619533133505916	0.0932360949632704	1	0.177779220522541	1	NA	"abundance"	26	12
"NODE_2562_length_1651_cov_5.389724"	"PrePostFVT"	"During"	"PrePostFVTDuring"	0.877925477248507	-0.082971466560033	0.984260096742005	0.372770825504717	1	0.606583562661966	1	NA	"abundance"	26	10
"NODE_2562_length_1651_cov_5.389724"	"PrePostFVT"	"Post"	"PrePostFVTPost"	2.42111544281515	0.558052786181425	0.800462421007708	0.0620349498695215	1	0.120221564733729	1	NA	"abundance"	26	10
"NODE_259_length_15570_cov_23.236932"	"PrePostFVT"	"During"	"PrePostFVTDuring"	-0.211584226408412	-0.082971466560033	0.516133538699324	0.808596821548486	1	0.963364823278658	1	NA	"abundance"	26	17
"NODE_259_length_15570_cov_23.236932"	"PrePostFVT"	"Post"	"PrePostFVTPost"	-0.267858846915689	0.558052786181425	0.463964777205959	0.105731034205111	1	0.200283016816139	1	NA	"abundance"	26	17
"NODE_2591_length_2948_cov_11.896647"	"PrePostFVT"	"During"	"PrePostFVTDuring"	1.23353716734247	-0.082971466560033	0.718419854773338	0.0949589166077127	1	0.180900637372115	1	NA	"abundance"	26	17
"NODE_2591_length_2948_cov_11.896647"	"PrePostFVT"	"Post"	"PrePostFVTPost"	0.358499342474779	0.558052786181425	0.579124613470712	0.737512882549455	1	0.21202602572356	1	NA	"abundance"	26	17
"NODE_2595_length_2506_cov_4.128519"	"PrePostFVT"	"During"	"PrePostFVTDuring"	-1.99534686967057	-0.082971466560033	0.504033357969133	0.0836599644683917	1	0.160320939281931	1	NA	"abundance"	26	7
"NODE_2595_length_2506_cov_4.128519"	"PrePostFVT"	"Post"	"PrePostFVTPost"	0.145315818839814	0.558052786181425	0.493558906235482	0.500242927339188	1	0.522841134823363	1	NA	"abundance"	26	7
"NODE_2601_length_2732_cov_10.304072"	"PrePostFVT"	"During"	"PrePostFVTDuring"	1.84319564172638	-0.082971466560033	1.3987281525185	0.217816438002963	1	0.226034496900517	1	NA	"abundance"	26	9
"NODE_2601_length_2732_cov_10.304072"	"PrePostFVT"	"Post"	"PrePostFVTPost"	2.75662313932652	0.558052786181425	1.32695003680735	0.148783403327685	1	0.275430305549602	1	NA	"abundance"	26	9
"NODE_2605_length_1682_cov_3.442532"	"PrePostFVT"	"During"	"PrePostFVTDuring"	0.749518121806008	-0.082971466560033	0.228068745170257	0.999993666312959	1	0.999999999959884	1	NA	"abundance"	26	4
"NODE_2605_length_1682_cov_3.442532"	"PrePostFVT"	"Post"	"PrePostFVTPost"	-0.30387444724005	0.558052786181425	0.228068745170257	0.999993640287996	1	0.508495554734175	1	NA	"abundance"	26	4
"NODE_2608_length_2724_cov_13.636193"	"PrePostFVT"	"During"	"PrePostFVTDuring"	-0.279629352457443	-0.082971466560033	0.596669034548379	0.746317426202362	1	0.935645151751406	1	NA	"abundance"	26	22
"NODE_2608_length_2724_cov_13.636193"	"PrePostFVT"	"Post"	"PrePostFVTPost"	-0.344879495133917	0.558052786181425	0.469153893354649	0.0738426555031815	1	0.142232573234601	1	NA	"abundance"	26	22
"NODE_2617_length_1899_cov_4.373102"	"PrePostFVT"	"During"	"PrePostFVTDuring"	0.101071678922642	-0.082971466560033	1.03798420711934	0.870612560578913	1	0.226087580840599	1	NA	"abundance"	26	6
"NODE_2617_length_1899_cov_4.373102"	"PrePostFVT"	"Post"	"PrePostFVTPost"	2.32370117618295	0.558052786181425	1.39260194801404	0.294470342096781	1	0.502227901818966	1	NA	"abundance"	26	6
"NODE_2629_length_2708_cov_15.615530"	"PrePostFVT"	"During"	"PrePostFVTDuring"	0.14476006131088	-0.082971466560033	0.74150842339245	0.762599707934113	1	0.943641101327031	1	NA	"abundance"	26	24
"NODE_2629_length_2708_cov_15.615530"	"PrePostFVT"	"Post"	"PrePostFVTPost"	1.30625877260659	0.558052786181425	0.57119747581378	0.209358960874866	1	0.374886747251128	1	NA	"abundance"	26	24
"NODE_2645_length_1971_cov_15.283403"	"PrePostFVT"	"During"	"PrePostFVTDuring"	1.1346500481163	-0.082971466560033	0.667985536226584	0.128625841546614	1	0.240707075979654	1	NA	"abundance"	26	8
"NODE_2645_length_1971_cov_15.283403"	"PrePostFVT"	"Post"	"PrePostFVTPost"	1.616361705575	0.558052786181425	0.746830533494645	0.215899168401024	1	0.385185885885794	1	NA	"abundance"	26	8
"NODE_2649_length_2878_cov_6.199433"	"PrePostFVT"	"During"	"PrePostFVTDuring"	0.508207668727122	-0.082971466560033	0.50477141055414	0.333486316664032	1	0.555759509925921	1	NA	"abundance"	26	9
"NODE_2649_length_2878_cov_6.199433"	"PrePostFVT"	"Post"	"PrePostFVTPost"	0.0550683891023195	0.558052786181425	0.422546687935258	0.323862230160001	1	0.542837716195792	1	NA	"abundance"	26	9
"NODE_265_length_40929_cov_8.278955|provirus_10946_19741"	"PrePostFVT"	"During"	"PrePostFVTDuring"	-0.903329697329262	-0.082971466560033	0.533733560596249	0.92407169135075	1	0.633632317420059	1	NA	"abundance"	26	6
"NODE_265_length_40929_cov_8.278955|provirus_10946_19741"	"PrePostFVT"	"Post"	"PrePostFVTPost"	-0.0551775919405397	0.558052786181425	0.533733560596249	0.931367373864795	1	0.877480545710421	1	NA	"abundance"	26	6
"NODE_266_length_13446_cov_8.802479"	"PrePostFVT"	"During"	"PrePostFVTDuring"	0.174421159428767	-0.082971466560033	0.654504791926826	0.69954358017444	1	0.909725939785607	1	NA	"abundance"	26	23
"NODE_266_length_13446_cov_8.802479"	"PrePostFVT"	"Post"	"PrePostFVTPost"	0.0563788830431968	0.558052786181425	0.503838323197565	0.335468373958952	1	0.558397717991241	1	NA	"abundance"	26	23
"NODE_266_length_18584_cov_177.325760"	"PrePostFVT"	"During"	"PrePostFVTDuring"	1.92718268520744	-0.082971466560033	0.853647756482402	0.0947219861072305	1	0.180471717562363	1	NA	"abundance"	26	8
"NODE_2674_length_2654_cov_15.941901"	"PrePostFVT"	"During"	"PrePostFVTDuring"	-0.192169380728736	-0.082971466560033	0.550609375600428	0.846085356965951	1	0.821955795111619	1	NA	"abundance"	26	20
"NODE_2674_length_2654_cov_15.941901"	"PrePostFVT"	"Post"	"PrePostFVTPost"	-0.375134617632707	0.558052786181425	0.449570672604499	0.0595682598464676	1	0.115588142111799	1	NA	"abundance"	26	20
"NODE_273_length_6498_cov_6.629986"	"PrePostFVT"	"During"	"PrePostFVTDuring"	-0.172041929165141	-0.082971466560033	0.575170079338359	0.87877850270186	1	0.964806364606606	1	NA	"abundance"	26	24
"NODE_273_length_6498_cov_6.629986"	"PrePostFVT"	"Post"	"PrePostFVTPost"	0.772416582739917	0.558052786181425	0.443199371957645	0.635995074716566	1	0.867500414369402	1	NA	"abundance"	26	24
"NODE_2752_length_1027_cov_22.139918"	"PrePostFVT"	"During"	"PrePostFVTDuring"	-0.0429482380694943	-0.082971466560033	0.486672280443578	0.938469598334359	1	0.996214009670865	1	NA	"abundance"	26	10
"NODE_2752_length_1027_cov_22.139918"	"PrePostFVT"	"Post"	"PrePostFVTPost"	0.417765945768727	0.558052786181425	0.540048051242872	0.807248814212945	1	0.799552242936463	1	NA	"abundance"	26	10
"NODE_277_length_17415_cov_84.582488"	"PrePostFVT"	"During"	"PrePostFVTDuring"	2.49733856498703	-0.082971466560033	0.748424733545974	0.159477158916918	1	0.293521353617624	1	NA	"abundance"	26	5
"NODE_277_length_17415_cov_84.582488"	"PrePostFVT"	"Post"	"PrePostFVTPost"	3.32187264370602	0.558052786181425	1.50453777328662	0.303170117771555	1	0.514428115233492	1	NA	"abundance"	26	5
"NODE_277_length_7921_cov_10.657513"	"PrePostFVT"	"During"	"PrePostFVTDuring"	0.214312849594328	-0.082971466560033	0.788783692440661	0.710912684296779	1	0.916428523899506	1	NA	"abundance"	26	23
"NODE_277_length_7921_cov_10.657513"	"PrePostFVT"	"Post"	"PrePostFVTPost"	0.564341782204394	0.558052786181425	0.607780085773878	0.991876719227411	1	0.937162170722469	1	NA	"abundance"	26	23
"NODE_2778_length_1596_cov_3.332901"	"PrePostFVT"	"During"	"PrePostFVTDuring"	0.897501020261772	-0.082971466560033	0.533562521136172	0.0968692244334728	1	0.184354802224603	1	NA	"abundance"	26	15
"NODE_2778_length_1596_cov_3.332901"	"PrePostFVT"	"Post"	"PrePostFVTPost"	0.669110083915603	0.558052786181425	0.431969736071037	0.80317539546034	1	0.5283870134674	1	NA	"abundance"	26	15
"NODE_28_length_164425_cov_74.042416|provirus_29_45282"	"PrePostFVT"	"During"	"PrePostFVTDuring"	-0.0535848053930973	-0.082971466560033	0.658772122685309	0.964969507037036	1	0.964806364606606	1	NA	"abundance"	26	24
"NODE_28_length_164425_cov_74.042416|provirus_29_45282"	"PrePostFVT"	"Post"	"PrePostFVTPost"	0.965228514722404	0.558052786181425	0.507353892644601	0.435043012083656	1	0.680823601804492	1	NA	"abundance"	26	24
"NODE_281_length_12466_cov_5.775038"	"PrePostFVT"	"During"	"PrePostFVTDuring"	0.22256314010952	-0.082971466560033	0.709873446996811	0.672548795960601	1	0.892775708973148	1	NA	"abundance"	26	23
"NODE_281_length_12466_cov_5.775038"	"PrePostFVT"	"Post"	"PrePostFVTPost"	0.117876239837744	0.558052786181425	0.546655849039407	0.432910720483123	1	0.678409749057029	1	NA	"abundance"	26	23
"NODE_281_length_6882_cov_6.653288"	"PrePostFVT"	"During"	"PrePostFVTDuring"	0.253853421102034	-0.082971466560033	0.701233952297432	0.637236888178731	1	0.86840292470175	1	NA	"abundance"	26	23
"NODE_281_length_6882_cov_6.653288"	"PrePostFVT"	"Post"	"PrePostFVTPost"	0.254248998102147	0.558052786181425	0.540177674550445	0.582172128404637	1	0.825419869718089	1	NA	"abundance"	26	23
"NODE_2814_length_2535_cov_17.660484"	"PrePostFVT"	"During"	"PrePostFVTDuring"	0.176649238174719	-0.082971466560033	0.573020309378802	0.656075185704841	1	0.656075185704841	1	NA	"abundance"	26	26
"NODE_2814_length_2535_cov_17.660484"	"PrePostFVT"	"Post"	"PrePostFVTPost"	0.24095788363063	0.558052786181425	0.427104121419654	0.469190347141314	1	0.469190347141314	1	NA	"abundance"	26	26
"NODE_284_length_24493_cov_8.915378|provirus_641_11254"	"PrePostFVT"	"During"	"PrePostFVTDuring"	0.409036383628502	-0.082971466560033	0.578623339079865	0.406762967292619	1	0.648069823024542	1	NA	"abundance"	26	21
"NODE_284_length_24493_cov_8.915378|provirus_641_11254"	"PrePostFVT"	"Post"	"PrePostFVTPost"	0.701332987775164	0.558052786181425	0.454939934695674	0.757195034070298	1	0.941045748519876	1	NA	"abundance"	26	21
"NODE_286_length_13153_cov_47.017331"	"PrePostFVT"	"During"	"PrePostFVTDuring"	0.299300422425542	-0.082971466560033	0.650258784540099	0.565289332818317	1	0.811026635838456	1	NA	"abundance"	26	23
"NODE_286_length_13153_cov_47.017331"	"PrePostFVT"	"Post"	"PrePostFVTPost"	-0.184597373286481	0.558052786181425	0.500510082548583	0.158342395521963	1	0.291612476824293	1	NA	"abundance"	26	23
"NODE_2863_length_2659_cov_6.516129"	"PrePostFVT"	"During"	"PrePostFVTDuring"	1.14123176357021	-0.082971466560033	0.665378004116038	0.0915243208831503	1	0.174671940453179	1	NA	"abundance"	26	18
"NODE_2863_length_2659_cov_6.516129"	"PrePostFVT"	"Post"	"PrePostFVTPost"	-0.361451778288072	0.558052786181425	0.515641866588924	0.101509364754762	1	0.192714578376608	1	NA	"abundance"	26	18
"NODE_2865_length_2657_cov_17.344350"	"PrePostFVT"	"During"	"PrePostFVTDuring"	0.880704281489155	-0.082971466560033	0.622563147185382	0.148454918647872	1	0.274870974424997	1	NA	"abundance"	26	15
"NODE_2865_length_2657_cov_17.344350"	"PrePostFVT"	"Post"	"PrePostFVTPost"	0.236445807754514	0.558052786181425	0.448936669878226	0.488862876602238	1	0.738738841084661	1	NA	"abundance"	26	15
"NODE_292_length_47089_cov_379.804461|provirus_45_28630"	"PrePostFVT"	"During"	"PrePostFVTDuring"	2.3335352605636	-0.082971466560033	1.35889696029406	0.100850602483657	1	0.191530360945997	1	NA	"abundance"	26	15
"NODE_292_length_47089_cov_379.804461|provirus_45_28630"	"PrePostFVT"	"Post"	"PrePostFVTPost"	3.56465210050443	0.558052786181425	1.22663678815245	0.030630049498035	1	0.0603218990638179	1	NA	"abundance"	26	15
"NODE_294_length_12938_cov_7.822712"	"PrePostFVT"	"During"	"PrePostFVTDuring"	0.236186930702885	-0.082971466560033	0.683385978521412	0.646568055989514	1	0.875085860952968	1	NA	"abundance"	26	23
"NODE_294_length_12938_cov_7.822712"	"PrePostFVT"	"Post"	"PrePostFVTPost"	0.245561887431464	0.558052786181425	0.526341511779253	0.562204658979971	1	0.808335239381157	1	NA	"abundance"	26	23
"NODE_295_length_14834_cov_25.013194"	"PrePostFVT"	"During"	"PrePostFVTDuring"	0.82805393908436	-0.082971466560033	0.705057593329872	0.233835896405465	1	0.412992566363182	1	NA	"abundance"	26	12
"NODE_295_length_14834_cov_25.013194"	"PrePostFVT"	"Post"	"PrePostFVTPost"	2.03456299863059	0.558052786181425	0.631538814928408	0.0480856792697269	1	0.0938591259886227	1	NA	"abundance"	26	12
"NODE_295_length_27982_cov_394.127905"	"PrePostFVT"	"During"	"PrePostFVTDuring"	-0.249147565614151	-0.082971466560033	0.681175925397211	0.810835265133813	1	0.964216703083005	1	NA	"abundance"	26	22
"NODE_295_length_27982_cov_394.127905"	"PrePostFVT"	"Post"	"PrePostFVTPost"	-0.0427346787542411	0.558052786181425	0.552541552569126	0.295501855082352	1	0.503682363807593	1	NA	"abundance"	26	22
"NODE_296_length_13554_cov_17.365138"	"PrePostFVT"	"During"	"PrePostFVTDuring"	0.120213496729032	-0.082971466560033	0.640869169376811	0.755323128018342	1	0.940133228317271	1	NA	"abundance"	26	24
"NODE_296_length_13554_cov_17.365138"	"PrePostFVT"	"Post"	"PrePostFVTPost"	0.67491079060366	0.558052786181425	0.49320788111973	0.815972236999594	1	0.937162170722469	1	NA	"abundance"	26	24
"NODE_2968_length_1767_cov_7.109813"	"PrePostFVT"	"During"	"PrePostFVTDuring"	1.22913557333714	-0.082971466560033	0.591266792626957	0.0583068495918205	1	0.113214010474318	1	NA	"abundance"	26	13
"NODE_2968_length_1767_cov_7.109813"	"PrePostFVT"	"Post"	"PrePostFVTPost"	0.550447705307656	0.558052786181425	0.534710645566144	0.98906058888861	1	0.191582646722828	1	NA	"abundance"	26	13
"NODE_2985_length_1477_cov_5.940225"	"PrePostFVT"	"During"	"PrePostFVTDuring"	-1.557472163281	-0.082971466560033	1.71153183134314	0.479706202941459	1	0.633748201580241	1	NA	"abundance"	26	6
"NODE_2985_length_1477_cov_5.940225"	"PrePostFVT"	"Post"	"PrePostFVTPost"	-1.38567464259525	0.558052786181425	2.09618983266097	0.451592864629199	1	0.547176887820937	1	NA	"abundance"	26	6
"NODE_299_length_12840_cov_7.627063"	"PrePostFVT"	"During"	"PrePostFVTDuring"	-0.504920117187762	-0.082971466560033	0.512364566231039	0.427178872477773	1	0.671875955864164	1	NA	"abundance"	26	17
"NODE_299_length_12840_cov_7.627063"	"PrePostFVT"	"Post"	"PrePostFVTPost"	-0.0764864004689741	0.558052786181425	0.480640567245032	0.213095310424575	1	0.282948933047127	1	NA	"abundance"	26	17
"NODE_3011_length_1635_cov_5.785443"	"PrePostFVT"	"During"	"PrePostFVTDuring"	-0.133835232111972	-0.082971466560033	1.37151195586116	0.971606000995652	1	0.88914266804143	1	NA	"abundance"	26	9
"NODE_3011_length_1635_cov_5.785443"	"PrePostFVT"	"Post"	"PrePostFVTPost"	1.2650090483947	0.558052786181425	0.86742032373472	0.446475219196523	1	0.693610317036463	1	NA	"abundance"	26	9
"NODE_3013_length_1764_cov_13.636044"	"PrePostFVT"	"During"	"PrePostFVTDuring"	1.27901060673656	-0.082971466560033	0.482395678056714	0.0437380602686442	1	0.0855631026212249	1	NA	"abundance"	26	9
"NODE_3013_length_1764_cov_13.636044"	"PrePostFVT"	"Post"	"PrePostFVTPost"	0.744944793478043	0.558052786181425	0.482395678056714	0.717260406790346	1	0.920058322431639	1	NA	"abundance"	26	9
"NODE_303_length_11603_cov_19.569363"	"PrePostFVT"	"During"	"PrePostFVTDuring"	-0.662908311357044	-0.082971466560033	0.457565377918215	0.22588799221923	1	0.400750599409626	1	NA	"abundance"	26	23
"NODE_303_length_11603_cov_19.569363"	"PrePostFVT"	"Post"	"PrePostFVTPost"	0.306337552369103	0.558052786181425	0.359840702482976	0.497016202425997	1	0.554372230185331	1	NA	"abundance"	26	23
"NODE_3039_length_1648_cov_3.305712"	"PrePostFVT"	"During"	"PrePostFVTDuring"	1.21629590479638	-0.082971466560033	0.359516788051428	0.0088849229241804	1	0.0176909039929922	1	NA	"abundance"	26	10
"NODE_3039_length_1648_cov_3.305712"	"PrePostFVT"	"Post"	"PrePostFVTPost"	-0.0940523326532749	0.558052786181425	0.359516788051428	0.114797872266904	1	0.2164171930568	1	NA	"abundance"	26	10
"NODE_304_length_11539_cov_7.449408"	"PrePostFVT"	"During"	"PrePostFVTDuring"	0.262713197885503	-0.082971466560033	0.58272748288114	0.561912872894575	1	0.808079669064515	1	NA	"abundance"	26	19
"NODE_304_length_11539_cov_7.449408"	"PrePostFVT"	"Post"	"PrePostFVTPost"	1.29969332835	0.558052786181425	0.475794997385071	0.14007840289562	1	0.260534846833453	1	NA	"abundance"	26	19
"NODE_3059_length_1111_cov_5.649621"	"PrePostFVT"	"During"	"PrePostFVTDuring"	-2.80101040416944	-0.082971466560033	1.07556840826844	0.0394920102521082	1	0.0774244016304638	1	NA	"abundance"	26	10
"NODE_3059_length_1111_cov_5.649621"	"PrePostFVT"	"Post"	"PrePostFVTPost"	-0.239769902367644	0.558052786181425	0.938833075427296	0.423582535713623	1	0.118537430450121	1	NA	"abundance"	26	10
"NODE_3105_length_1745_cov_4.652071"	"PrePostFVT"	"Post"	"PrePostFVTPost"	-0.00757561299812153	0.558052786181425	0.822611384711654	0.530163037947449	1	0.339513724297463	1	NA	"abundance"	26	6
"NODE_313_length_7970_cov_11.130259"	"PrePostFVT"	"During"	"PrePostFVTDuring"	-0.209600346067701	-0.082971466560033	0.697734803517284	0.858497619931462	1	0.979977076434939	1	NA	"abundance"	26	20
"NODE_313_length_7970_cov_11.130259"	"PrePostFVT"	"Post"	"PrePostFVTPost"	0.329166545930022	0.558052786181425	0.595030239744504	0.706391300355665	1	0.338523369114505	1	NA	"abundance"	26	20
"NODE_315_length_19741_cov_19.947983"	"PrePostFVT"	"During"	"PrePostFVTDuring"	0.296132370580032	-0.082971466560033	0.565411157463123	0.512547606401657	1	0.762390163975246	1	NA	"abundance"	26	24
"NODE_315_length_19741_cov_19.947983"	"PrePostFVT"	"Post"	"PrePostFVTPost"	0.341459470996115	0.558052786181425	0.435175320004632	0.626297219350752	1	0.86034623173502	1	NA	"abundance"	26	24
"NODE_319_length_16836_cov_11.794708"	"PrePostFVT"	"During"	"PrePostFVTDuring"	-0.65856851185716	-0.082971466560033	1.01888955774595	0.583210549817945	1	0.631728346736625	1	NA	"abundance"	26	15
"NODE_319_length_16836_cov_11.794708"	"PrePostFVT"	"Post"	"PrePostFVTPost"	0.228440068182932	0.558052786181425	0.83615355633929	0.700937864564184	1	0.91056183914857	1	NA	"abundance"	26	15
"NODE_32_length_125259_cov_59.302315|provirus_14302_103731"	"PrePostFVT"	"During"	"PrePostFVTDuring"	0.849075792593081	-0.082971466560033	1.1840554139208	0.445129281620083	1	0.692118485884555	1	NA	"abundance"	26	21
"NODE_32_length_125259_cov_59.302315|provirus_14302_103731"	"PrePostFVT"	"Post"	"PrePostFVTPost"	0.470158674896469	0.558052786181425	0.976801810153898	0.929667200191992	1	0.514592068710929	1	NA	"abundance"	26	21
"NODE_321_length_5931_cov_9.859939"	"PrePostFVT"	"During"	"PrePostFVTDuring"	0.243973683088898	-0.082971466560033	0.594272884008288	0.58960687071458	1	0.58960687071458	1	NA	"abundance"	26	26
"NODE_321_length_5931_cov_9.859939"	"PrePostFVT"	"Post"	"PrePostFVTPost"	1.23377675084372	0.558052786181425	0.442944855275793	0.145897328180845	1	0.145897328180845	1	NA	"abundance"	26	26
"NODE_321_length_8192_cov_6.306624"	"PrePostFVT"	"During"	"PrePostFVTDuring"	-0.300069648012314	-0.082971466560033	0.516542366813995	0.681047228865744	1	0.821952955580814	1	NA	"abundance"	26	20
"NODE_321_length_8192_cov_6.306624"	"PrePostFVT"	"Post"	"PrePostFVTPost"	-0.128200208104722	0.558052786181425	0.424458000393034	0.130507479416012	1	0.243982756648504	1	NA	"abundance"	26	20
"NODE_322_length_15127_cov_72.883028"	"PrePostFVT"	"During"	"PrePostFVTDuring"	0.450991855935991	-0.082971466560033	0.581968499891109	0.372862172010646	1	0.606698144704795	1	NA	"abundance"	26	25
"NODE_322_length_15127_cov_72.883028"	"PrePostFVT"	"Post"	"PrePostFVTPost"	0.155496144730172	0.558052786181425	0.442274446818139	0.377014936725876	1	0.611889610937336	1	NA	"abundance"	26	25
"NODE_325_length_3511_cov_3.129340"	"PrePostFVT"	"During"	"PrePostFVTDuring"	-0.45888240202201	-0.082971466560033	0.559916626350683	0.511693080370898	1	0.761556352242338	1	NA	"abundance"	26	21
"NODE_325_length_3511_cov_3.129340"	"PrePostFVT"	"Post"	"PrePostFVTPost"	0.122530879523195	0.558052786181425	0.45717001101992	0.356870949720654	1	0.586385024686786	1	NA	"abundance"	26	21
"NODE_33_length_148803_cov_16.133501|provirus_110_29457"	"PrePostFVT"	"During"	"PrePostFVTDuring"	0.265097439042082	-0.082971466560033	0.430287406189922	0.434361328112265	1	0.680052892865079	1	NA	"abundance"	26	20
"NODE_33_length_148803_cov_16.133501|provirus_110_29457"	"PrePostFVT"	"Post"	"PrePostFVTPost"	1.31819113950425	0.558052786181425	0.352481165208457	0.0490344255458915	1	0.0956644762031675	1	NA	"abundance"	26	20
"NODE_330_length_31412_cov_3595.604713"	"PrePostFVT"	"During"	"PrePostFVTDuring"	-1.09821423662326	-0.082971466560033	1.13870550617168	0.388949123287842	1	0.626616826069303	1	NA	"abundance"	26	18
"NODE_330_length_31412_cov_3595.604713"	"PrePostFVT"	"Post"	"PrePostFVTPost"	-0.761763563889635	0.558052786181425	0.99394365262757	0.207395174353643	1	0.371777590362108	1	NA	"abundance"	26	18
"NODE_331_length_5691_cov_9.424769"	"PrePostFVT"	"During"	"PrePostFVTDuring"	-0.676130891653924	-0.082971466560033	1.25975921149868	0.671754694365762	1	0.892255019329086	1	NA	"abundance"	26	7
"NODE_331_length_5691_cov_9.424769"	"PrePostFVT"	"Post"	"PrePostFVTPost"	2.98099649113395	0.558052786181425	1.42815856791808	0.337376971423942	1	0.142923285727992	1	NA	"abundance"	26	7
"NODE_331_length_7917_cov_41.518189"	"PrePostFVT"	"During"	"PrePostFVTDuring"	-0.294665711311735	-0.082971466560033	0.638473621200823	0.74457393831289	1	0.934757527011013	1	NA	"abundance"	26	24
"NODE_331_length_7917_cov_41.518189"	"PrePostFVT"	"Post"	"PrePostFVTPost"	0.861856982591872	0.558052786181425	0.491726250876172	0.546107787427764	1	0.79398185936628	1	NA	"abundance"	26	24
"NODE_3358_length_2091_cov_11.059430"	"PrePostFVT"	"During"	"PrePostFVTDuring"	1.75551464220047	-0.082971466560033	0.61629244316305	0.0126459702695685	1	0.0251320199750782	1	NA	"abundance"	26	14
"NODE_3358_length_2091_cov_11.059430"	"PrePostFVT"	"Post"	"PrePostFVTPost"	1.07047685498918	0.558052786181425	0.511002698775817	0.338868366576242	1	0.562904963286434	1	NA	"abundance"	26	14
"NODE_336_length_3001_cov_13.074338"	"PrePostFVT"	"During"	"PrePostFVTDuring"	0.588150580648957	-0.082971466560033	2.02722147550787	0.748376237388371	1	0.103228969225418	1	NA	"abundance"	26	13
"NODE_336_length_3001_cov_13.074338"	"PrePostFVT"	"Post"	"PrePostFVTPost"	3.42549258984974	0.558052786181425	1.85177760348075	0.153143322652277	1	0.0310955708814208	1	NA	"abundance"	26	13
"NODE_336_length_5681_cov_48.252755"	"PrePostFVT"	"During"	"PrePostFVTDuring"	-0.138684740510231	-0.082971466560033	0.575105276227615	0.92390586559347	1	0.92390586559347	1	NA	"abundance"	26	26
"NODE_336_length_5681_cov_48.252755"	"PrePostFVT"	"Post"	"PrePostFVTPost"	0.359296097983765	0.558052786181425	0.42865816395458	0.649582350814108	1	0.649582350814108	1	NA	"abundance"	26	26
"NODE_336_length_5945_cov_6.382343"	"PrePostFVT"	"During"	"PrePostFVTDuring"	-0.754230438654033	-0.082971466560033	0.52638394994651	0.222212452846375	1	0.395046531492747	1	NA	"abundance"	26	23
"NODE_336_length_5945_cov_6.382343"	"PrePostFVT"	"Post"	"PrePostFVTPost"	0.421382176859166	0.558052786181425	0.41392708049325	0.746600479178454	1	0.554372230185331	1	NA	"abundance"	26	23
"NODE_340_length_10477_cov_17.771925"	"PrePostFVT"	"During"	"PrePostFVTDuring"	-0.0704994697294163	-0.082971466560033	0.709020449884039	0.98616020334765	1	0.999761165006851	1	NA	"abundance"	26	25
"NODE_340_length_10477_cov_17.771925"	"PrePostFVT"	"Post"	"PrePostFVTPost"	1.07924147484081	0.558052786181425	0.538643413658821	0.348136743832306	1	0.575074295258452	1	NA	"abundance"	26	25
"NODE_340_length_15085_cov_7.306520"	"PrePostFVT"	"During"	"PrePostFVTDuring"	-1.93759241173775	-0.082971466560033	0.72500030669094	0.125140987514713	1	0.234621708273269	1	NA	"abundance"	26	5
"NODE_341_length_2976_cov_5.997946"	"PrePostFVT"	"During"	"PrePostFVTDuring"	-1.56504628766515	-0.082971466560033	0.672790282563514	0.0517949492099026	1	0.100907181656149	1	NA	"abundance"	26	17
"NODE_341_length_2976_cov_5.997946"	"PrePostFVT"	"Post"	"PrePostFVTPost"	-1.14130463466178	0.558052786181425	0.635822097762966	0.0212133289301741	1	0.0419766525360485	1	NA	"abundance"	26	17
"NODE_341_length_5563_cov_16.639615"	"PrePostFVT"	"During"	"PrePostFVTDuring"	-0.963391819577112	-0.082971466560033	0.00356123997535572	0.033334317586915	1	0.0655574584448446	1	NA	"abundance"	26	8
"NODE_341_length_5563_cov_16.639615"	"PrePostFVT"	"Post"	"PrePostFVTPost"	1.59140544550291	0.558052786181425	0.0025181764032448	0.0286192469818305	1	0.0564194326658539	1	NA	"abundance"	26	8
"NODE_342_length_10504_cov_7.705618"	"PrePostFVT"	"During"	"PrePostFVTDuring"	0.0481872025473818	-0.082971466560033	0.596586756897117	0.828970499026397	1	0.964806364606606	1	NA	"abundance"	26	23
"NODE_342_length_10504_cov_7.705618"	"PrePostFVT"	"Post"	"PrePostFVTPost"	-0.256943491798087	0.558052786181425	0.459304489884869	0.0967465907559954	1	0.184133278689083	1	NA	"abundance"	26	23
"NODE_3433_length_2017_cov_7.702345"	"PrePostFVT"	"During"	"PrePostFVTDuring"	1.35759008943077	-0.082971466560033	0.519717588349797	0.0171411981068057	1	0.0339885755410746	1	NA	"abundance"	26	16
"NODE_3433_length_2017_cov_7.702345"	"PrePostFVT"	"Post"	"PrePostFVTPost"	0.00244331356695164	0.558052786181425	0.440994997228872	0.234416424149632	1	0.118509221356429	1	NA	"abundance"	26	16
"NODE_353_length_5638_cov_9.194340"	"PrePostFVT"	"During"	"PrePostFVTDuring"	-0.247394160950361	-0.082971466560033	0.693877647408442	0.815629957393214	1	0.964806364606606	1	NA	"abundance"	26	24
"NODE_353_length_5638_cov_9.194340"	"PrePostFVT"	"Post"	"PrePostFVTPost"	1.02393629263222	0.558052786181425	0.534580310056472	0.397231915744293	1	0.636670636602704	1	NA	"abundance"	26	24
"NODE_358_length_10507_cov_12.936854"	"PrePostFVT"	"During"	"PrePostFVTDuring"	-0.606551076871152	-0.082971466560033	0.506905803212974	0.31928225166422	1	0.536623347100666	1	NA	"abundance"	26	23
"NODE_358_length_10507_cov_12.936854"	"PrePostFVT"	"Post"	"PrePostFVTPost"	0.429989583567123	0.558052786181425	0.398601476837852	0.753222235085666	1	0.554372230185331	1	NA	"abundance"	26	23
"NODE_359_length_6935_cov_5.444913"	"PrePostFVT"	"During"	"PrePostFVTDuring"	-0.47281623837797	-0.082971466560033	0.532645583698984	0.517955342304513	1	0.76763294798724	1	NA	"abundance"	26	5
"NODE_3599_length_1022_cov_3.847983"	"PrePostFVT"	"During"	"PrePostFVTDuring"	-1.01011281536221	-0.082971466560033	1.24090831306943	0.47920930574991	1	0.728777052782509	1	NA	"abundance"	26	11
"NODE_3599_length_1022_cov_3.847983"	"PrePostFVT"	"Post"	"PrePostFVTPost"	-0.492119873230134	0.558052786181425	1.01319739486598	0.334638686504947	1	0.557294322504138	1	NA	"abundance"	26	11
"NODE_364_length_6238_cov_6.230309"	"PrePostFVT"	"During"	"PrePostFVTDuring"	-0.627631874533418	-0.082971466560033	0.418210790939296	0.214037168210306	1	0.382262427045125	1	NA	"abundance"	26	22
"NODE_364_length_6238_cov_6.230309"	"PrePostFVT"	"Post"	"PrePostFVTPost"	-0.127857544705917	0.558052786181425	0.328876842749202	0.0557771391145331	1	0.108443188981264	1	NA	"abundance"	26	22
"NODE_365_length_20565_cov_18.642223"	"PrePostFVT"	"During"	"PrePostFVTDuring"	0.135855608264476	-0.082971466560033	0.613979519491417	0.725994146455105	1	0.924920792223134	1	NA	"abundance"	26	23
"NODE_365_length_20565_cov_18.642223"	"PrePostFVT"	"Post"	"PrePostFVTPost"	0.265725324610153	0.558052786181425	0.472755233130662	0.546365968922735	1	0.794216165848591	1	NA	"abundance"	26	23
"NODE_366_length_26366_cov_7.678081|provirus_5747_26366"	"PrePostFVT"	"During"	"PrePostFVTDuring"	-0.898887789801939	-0.082971466560033	1.47294257864968	0.618079518369037	1	0.854136745710773	1	NA	"abundance"	26	6
"NODE_366_length_26366_cov_7.678081|provirus_5747_26366"	"PrePostFVT"	"Post"	"PrePostFVTPost"	0.435306295657633	0.558052786181425	1.16446335279367	0.922682053323556	1	0.515726288692476	1	NA	"abundance"	26	6
"NODE_3661_length_2098_cov_4.863436"	"PrePostFVT"	"During"	"PrePostFVTDuring"	1.39187568731513	-0.082971466560033	0.955999212257214	0.197686598330773	1	0.356293205501954	1	NA	"abundance"	26	7
"NODE_3661_length_2098_cov_4.863436"	"PrePostFVT"	"Post"	"PrePostFVTPost"	1.69592589404417	0.558052786181425	0.872703889184076	0.262413484541381	1	0.455966132213613	1	NA	"abundance"	26	7
"NODE_368_length_3350_cov_6.287102"	"PrePostFVT"	"During"	"PrePostFVTDuring"	0.0882773004466093	-0.082971466560033	0.591733465158494	0.776073490753408	1	0.949856918456636	1	NA	"abundance"	26	24
"NODE_368_length_3350_cov_6.287102"	"PrePostFVT"	"Post"	"PrePostFVTPost"	-0.659407636488674	0.558052786181425	0.455293128430116	0.0171394160375387	1	0.0339850724929695	1	NA	"abundance"	26	24
"NODE_369_length_11021_cov_18.926774"	"PrePostFVT"	"During"	"PrePostFVTDuring"	-0.509496796253522	-0.082971466560033	0.49707601614066	0.41325950511931	1	0.655735591667163	1	NA	"abundance"	26	16
"NODE_369_length_11021_cov_18.926774"	"PrePostFVT"	"Post"	"PrePostFVTPost"	0.374840005274382	0.558052786181425	0.427840884472253	0.678598697075749	1	0.302916659817669	1	NA	"abundance"	26	16
"NODE_371_length_7093_cov_11.975703"	"PrePostFVT"	"During"	"PrePostFVTDuring"	0.40333544554821	-0.082971466560033	0.568089277058214	0.403643021220034	1	0.403643021220034	1	NA	"abundance"	26	26
"NODE_371_length_7093_cov_11.975703"	"PrePostFVT"	"Post"	"PrePostFVTPost"	0.285483420977596	0.558052786181425	0.423428746930293	0.529696198084575	1	0.529696198084575	1	NA	"abundance"	26	26
"NODE_3714_length_1904_cov_5.448891"	"PrePostFVT"	"During"	"PrePostFVTDuring"	-0.0848583318485057	-0.082971466560033	0.605691319694663	0.997553579340396	1	0.964806364606606	1	NA	"abundance"	26	23
"NODE_3714_length_1904_cov_5.448891"	"PrePostFVT"	"Post"	"PrePostFVTPost"	-0.0738556665249597	0.558052786181425	0.466307717771651	0.195797127939154	1	0.353257740569086	1	NA	"abundance"	26	23
"NODE_372_length_12857_cov_13.769099"	"PrePostFVT"	"During"	"PrePostFVTDuring"	0.13696351405112	-0.082971466560033	0.51598149642801	0.676092890496386	1	0.895084184413014	1	NA	"abundance"	26	24
"NODE_372_length_12857_cov_13.769099"	"PrePostFVT"	"Post"	"PrePostFVTPost"	-0.0472978455322248	0.558052786181425	0.397089446908853	0.148924641807603	1	0.275670734677683	1	NA	"abundance"	26	24
"NODE_377_length_6517_cov_6.469205"	"PrePostFVT"	"During"	"PrePostFVTDuring"	-0.514252940710911	-0.082971466560033	0.852989598045315	0.622218842340191	1	0.83213667054287	1	NA	"abundance"	26	16
"NODE_377_length_6517_cov_6.469205"	"PrePostFVT"	"Post"	"PrePostFVTPost"	0.425953666582614	0.558052786181425	0.723785674871316	0.858345672216664	1	0.118530663164108	1	NA	"abundance"	26	16
"NODE_38_length_1261_cov_5.764511"	"PrePostFVT"	"During"	"PrePostFVTDuring"	-0.0714424771163577	-0.082971466560033	0.824114388059618	0.98896661305625	1	0.99987826437255	1	NA	"abundance"	26	25
"NODE_38_length_1261_cov_5.764511"	"PrePostFVT"	"Post"	"PrePostFVTPost"	1.2111932882475	0.558052786181425	0.614258597645649	0.300541514938627	1	0.510757827675649	1	NA	"abundance"	26	25
"NODE_386_length_12222_cov_6.937372"	"PrePostFVT"	"During"	"PrePostFVTDuring"	0.161205042428324	-0.082971466560033	0.683350156747151	0.725658799650387	1	0.924736905790734	1	NA	"abundance"	26	23
"NODE_386_length_12222_cov_6.937372"	"PrePostFVT"	"Post"	"PrePostFVTPost"	0.266845786322733	0.558052786181425	0.526121002849336	0.588262561176082	1	0.83047228147072	1	NA	"abundance"	26	23
"NODE_393_length_5776_cov_11.760007"	"PrePostFVT"	"During"	"PrePostFVTDuring"	-0.890924736666001	-0.082971466560033	0.475538541275402	0.110869883561135	1	0.209447636041411	1	NA	"abundance"	26	23
"NODE_393_length_5776_cov_11.760007"	"PrePostFVT"	"Post"	"PrePostFVTPost"	0.0529522470672047	0.558052786181425	0.373949126771171	0.199091218655788	1	0.358545123965729	1	NA	"abundance"	26	23
"NODE_396_length_13688_cov_5.961417"	"PrePostFVT"	"During"	"PrePostFVTDuring"	-0.334391361583504	-0.082971466560033	0.504280986262287	0.628234459402844	1	0.861790382824504	1	NA	"abundance"	26	16
"NODE_396_length_13688_cov_5.961417"	"PrePostFVT"	"Post"	"PrePostFVTPost"	0.921788348239062	0.558052786181425	0.504280986262287	0.486759917352128	1	0.152120540676789	1	NA	"abundance"	26	16
"NODE_4_length_209900_cov_20.895447|provirus_191243_209899"	"PrePostFVT"	"During"	"PrePostFVTDuring"	0.338678157242647	-0.082971466560033	0.570103164816507	0.469977088536059	1	0.469977088536059	1	NA	"abundance"	26	26
"NODE_4_length_209900_cov_20.895447|provirus_191243_209899"	"PrePostFVT"	"Post"	"PrePostFVTPost"	0.484226566647604	0.558052786181425	0.424929810239159	0.864523976606536	1	0.864523976606536	1	NA	"abundance"	26	26
"NODE_400_length_5362_cov_8.985114"	"PrePostFVT"	"During"	"PrePostFVTDuring"	-0.54087630522462	-0.082971466560033	0.535757182008621	0.406774542676802	1	0.648083556783683	1	NA	"abundance"	26	23
"NODE_400_length_5362_cov_8.985114"	"PrePostFVT"	"Post"	"PrePostFVTPost"	0.505020000332455	0.558052786181425	0.421286601763572	0.901778581303096	1	0.554372230185331	1	NA	"abundance"	26	23
"NODE_402_length_29684_cov_275.000203"	"PrePostFVT"	"During"	"PrePostFVTDuring"	-1.16686658419835	-0.082971466560033	0.415287941511321	0.0491534410650792	1	0.0958908213616201	1	NA	"abundance"	26	12
"NODE_402_length_29684_cov_275.000203"	"PrePostFVT"	"Post"	"PrePostFVTPost"	-1.95774901571354	0.558052786181425	0.463005223813705	0.00296982304528233	1	0.00593082624164436	1	NA	"abundance"	26	12
"NODE_403_length_17644_cov_1809.089886"	"PrePostFVT"	"During"	"PrePostFVTDuring"	-1.09472839312443	-0.082971466560033	0.575491933770762	0.12310055578873	1	0.231047364741965	1	NA	"abundance"	26	13
"NODE_403_length_17644_cov_1809.089886"	"PrePostFVT"	"Post"	"PrePostFVTPost"	-0.638005591766597	0.558052786181425	0.549444771904089	0.0661689492937332	1	0.12795956873683	1	NA	"abundance"	26	13
"NODE_403_length_4567_cov_8.259087"	"PrePostFVT"	"During"	"PrePostFVTDuring"	0.461269328555889	-0.082971466560033	0.566853556352985	0.350292409536123	1	0.350292409536123	1	NA	"abundance"	26	26
"NODE_403_length_4567_cov_8.259087"	"PrePostFVT"	"Post"	"PrePostFVTPost"	0.324971716837224	0.558052786181425	0.422507695097594	0.589190872035835	1	0.589190872035835	1	NA	"abundance"	26	26
"NODE_406_length_5653_cov_8.832797"	"PrePostFVT"	"During"	"PrePostFVTDuring"	-0.802500304166759	-0.082971466560033	0.568406947844726	0.22479837145232	1	0.399062435097024	1	NA	"abundance"	26	23
"NODE_406_length_5653_cov_8.832797"	"PrePostFVT"	"Post"	"PrePostFVTPost"	0.446817037015414	0.558052786181425	0.446922875440819	0.807184668002036	1	0.554372230185331	1	NA	"abundance"	26	23
"NODE_4060_length_1560_cov_5.491694"	"PrePostFVT"	"During"	"PrePostFVTDuring"	0.494073233819551	-0.082971466560033	0.570386538751942	0.34624723315815	1	0.572607319846626	1	NA	"abundance"	26	10
"NODE_4060_length_1560_cov_5.491694"	"PrePostFVT"	"Post"	"PrePostFVTPost"	1.0650088704136	0.558052786181425	0.46571865869816	0.313760463749388	1	0.529075298886545	1	NA	"abundance"	26	10
"NODE_41_length_88707_cov_853.230034"	"PrePostFVT"	"During"	"PrePostFVTDuring"	0.942404774059456	-0.082971466560033	0.72210696945901	0.182875866053979	1	0.332308149722965	1	NA	"abundance"	26	19
"NODE_41_length_88707_cov_853.230034"	"PrePostFVT"	"Post"	"PrePostFVTPost"	0.525569111719003	0.558052786181425	0.54801447032794	0.953835447409406	1	0.324025912083088	1	NA	"abundance"	26	19
"NODE_410_length_13108_cov_8.174519"	"PrePostFVT"	"During"	"PrePostFVTDuring"	-1.85321010057971	-0.082971466560033	0.675318644616655	0.02710544369702	1	0.0534761823160277	1	NA	"abundance"	26	16
"NODE_410_length_13108_cov_8.174519"	"PrePostFVT"	"Post"	"PrePostFVTPost"	-0.974860250882238	0.558052786181425	0.699125170399655	0.0514404655651442	1	0.10023480963273	1	NA	"abundance"	26	16
"NODE_413_length_12312_cov_8.098638"	"PrePostFVT"	"Post"	"PrePostFVTPost"	2.47149498019315	0.558052786181425	0.876993046338216	0.999850053097245	1	0.959339353465096	1	NA	"abundance"	26	3
"NODE_414_length_12838_cov_6.220840"	"PrePostFVT"	"During"	"PrePostFVTDuring"	-0.644706331597735	-0.082971466560033	0.560856261081476	0.33464535497575	1	0.557303196344654	1	NA	"abundance"	26	19
"NODE_414_length_12838_cov_6.220840"	"PrePostFVT"	"Post"	"PrePostFVTPost"	0.112662881795067	0.558052786181425	0.48339730436779	0.374442433975503	1	0.608677731589507	1	NA	"abundance"	26	19
"NODE_414_length_5262_cov_3.088151"	"PrePostFVT"	"During"	"PrePostFVTDuring"	-1.47876536981995	-0.082971466560033	0.831496134955395	0.219016124647473	1	0.390064186439348	1	NA	"abundance"	26	7
"NODE_414_length_5262_cov_3.088151"	"PrePostFVT"	"Post"	"PrePostFVTPost"	0.0675335877581654	0.558052786181425	0.713003367252636	0.578915094320369	1	0.512902201038141	1	NA	"abundance"	26	7
"NODE_415_length_21306_cov_20.049974"	"PrePostFVT"	"During"	"PrePostFVTDuring"	0.199964791335819	-0.082971466560033	0.94685473036119	0.774954597052908	1	0.697922826291504	1	NA	"abundance"	26	11
"NODE_415_length_21306_cov_20.049974"	"PrePostFVT"	"Post"	"PrePostFVTPost"	2.15977183247385	0.558052786181425	1.07363234753178	0.186625099728825	1	0.287729822951391	1	NA	"abundance"	26	11
"NODE_417_length_5474_cov_11.435689"	"PrePostFVT"	"During"	"PrePostFVTDuring"	-0.0683313935347577	-0.082971466560033	0.753490174378302	0.984712213748612	1	0.999761165006851	1	NA	"abundance"	26	25
"NODE_417_length_5474_cov_11.435689"	"PrePostFVT"	"Post"	"PrePostFVTPost"	1.37991362545255	0.558052786181425	0.572254590290819	0.169547210213828	1	0.310348163936364	1	NA	"abundance"	26	25
"NODE_4171_length_1046_cov_3.464178"	"PrePostFVT"	"During"	"PrePostFVTDuring"	-1.74870732990321	-0.082971466560033	1.02048288591345	0.154142056584961	1	0.284524339561681	1	NA	"abundance"	26	10
"NODE_4171_length_1046_cov_3.464178"	"PrePostFVT"	"Post"	"PrePostFVTPost"	-0.22025418048319	0.558052786181425	1.02048288591345	0.474687376372699	1	0.0906708969101217	1	NA	"abundance"	26	10
"NODE_419_length_11855_cov_14.191441"	"PrePostFVT"	"During"	"PrePostFVTDuring"	0.311727766266266	-0.082971466560033	0.603373484068325	0.524886194371673	1	0.774266871701369	1	NA	"abundance"	26	16
"NODE_419_length_11855_cov_14.191441"	"PrePostFVT"	"Post"	"PrePostFVTPost"	1.00653850052315	0.558052786181425	0.539673650479064	0.421742053271215	1	0.520387147311843	1	NA	"abundance"	26	16
"NODE_42_length_31081_cov_10.095017|provirus_3_24148"	"PrePostFVT"	"During"	"PrePostFVTDuring"	0.0160393638344944	-0.082971466560033	0.656378268612922	0.882135948755127	1	0.986108065424146	1	NA	"abundance"	26	25
"NODE_42_length_31081_cov_10.095017|provirus_3_24148"	"PrePostFVT"	"Post"	"PrePostFVTPost"	0.982698731101203	0.558052786181425	0.498942861758403	0.407617646328392	1	0.649083147058486	1	NA	"abundance"	26	25
"NODE_420_length_8092_cov_8.250467"	"PrePostFVT"	"During"	"PrePostFVTDuring"	0.293281075438209	-0.082971466560033	0.648846331715468	0.570843624990248	1	0.815824805788489	1	NA	"abundance"	26	22
"NODE_420_length_8092_cov_8.250467"	"PrePostFVT"	"Post"	"PrePostFVTPost"	0.207916064749007	0.558052786181425	0.510300555634275	0.504010265987623	1	0.753994183754331	1	NA	"abundance"	26	22
"NODE_423_length_12451_cov_8.742578"	"PrePostFVT"	"During"	"PrePostFVTDuring"	-0.0547402086031072	-0.082971466560033	0.456526957551901	0.951736933374023	1	0.997670676399857	1	NA	"abundance"	26	19
"NODE_423_length_12451_cov_8.742578"	"PrePostFVT"	"Post"	"PrePostFVTPost"	1.33900335098418	0.558052786181425	0.383883740012704	0.0622553031541944	1	0.120634883537568	1	NA	"abundance"	26	19
"NODE_424_length_13454_cov_10.768266"	"PrePostFVT"	"During"	"PrePostFVTDuring"	-0.375167891077925	-0.082971466560033	0.857660428612828	0.736760900622546	1	0.736760900622546	1	NA	"abundance"	26	26
"NODE_424_length_13454_cov_10.768266"	"PrePostFVT"	"Post"	"PrePostFVTPost"	1.13351151175221	0.558052786181425	0.63926233999663	0.378992317320344	1	0.378992317320344	1	NA	"abundance"	26	26
"NODE_424_length_5400_cov_8.976052"	"PrePostFVT"	"During"	"PrePostFVTDuring"	-0.734189953796777	-0.082971466560033	0.507398895496938	0.216440124848777	1	0.386033922053001	1	NA	"abundance"	26	23
"NODE_424_length_5400_cov_8.976052"	"PrePostFVT"	"Post"	"PrePostFVTPost"	0.35643111049406	0.558052786181425	0.398940044051995	0.62049099616525	1	0.554372230185331	1	NA	"abundance"	26	23
"NODE_4240_length_1184_cov_4.600531"	"PrePostFVT"	"During"	"PrePostFVTDuring"	-1.20519821228163	-0.082971466560033	0.676961487648362	0.136621746206642	1	0.254577990876733	1	NA	"abundance"	26	11
"NODE_4240_length_1184_cov_4.600531"	"PrePostFVT"	"Post"	"PrePostFVTPost"	0.793610911596257	0.558052786181425	0.626744552036781	0.716970205525175	1	0.693052360574806	1	NA	"abundance"	26	11
"NODE_427_length_16212_cov_30.515318"	"PrePostFVT"	"During"	"PrePostFVTDuring"	-0.310703066930925	-0.082971466560033	0.68599715803721	0.744763378431323	1	0.934854267010208	1	NA	"abundance"	26	22
"NODE_427_length_16212_cov_30.515318"	"PrePostFVT"	"Post"	"PrePostFVTPost"	-0.190824460944889	0.558052786181425	0.555940781171421	0.199900057349085	1	0.359840081770002	1	NA	"abundance"	26	22
"NODE_431_length_12194_cov_8.575912"	"PrePostFVT"	"During"	"PrePostFVTDuring"	-0.419870106438283	-0.082971466560033	0.490531943279414	0.503559416430944	1	0.753546746985615	1	NA	"abundance"	26	21
"NODE_431_length_12194_cov_8.575912"	"PrePostFVT"	"Post"	"PrePostFVTPost"	-0.109977144291979	0.558052786181425	0.393400856477367	0.113031349267726	1	0.21328661261817	1	NA	"abundance"	26	21
"NODE_431_length_6333_cov_17.949028"	"PrePostFVT"	"During"	"PrePostFVTDuring"	-1.00806749036691	-0.082971466560033	0.780465584979643	0.253600151531586	1	0.442887266206328	1	NA	"abundance"	26	21
"NODE_431_length_6333_cov_17.949028"	"PrePostFVT"	"Post"	"PrePostFVTPost"	-0.09820389559013	0.558052786181425	0.644448246743052	0.324261807864257	1	0.52285285165986	1	NA	"abundance"	26	21
"NODE_432_length_17999_cov_36.791239"	"PrePostFVT"	"During"	"PrePostFVTDuring"	-0.170360008520127	-0.082971466560033	0.572439214819378	0.880857078563005	1	0.985804964271458	1	NA	"abundance"	26	20
"NODE_432_length_17999_cov_36.791239"	"PrePostFVT"	"Post"	"PrePostFVTPost"	-0.414579229735393	0.558052786181425	0.478937008659926	0.0611864464947637	1	0.118629111754871	1	NA	"abundance"	26	20
"NODE_432_length_20945_cov_11.322451"	"PrePostFVT"	"During"	"PrePostFVTDuring"	-1.59951674975539	-0.082971466560033	1.16032965537196	0.290195444893434	1	0.49617749354997	1	NA	"abundance"	26	7
"NODE_432_length_20945_cov_11.322451"	"PrePostFVT"	"Post"	"PrePostFVTPost"	0.60376171423902	0.558052786181425	1.03069443824301	0.968958387331337	1	0.512902201038141	1	NA	"abundance"	26	7
"NODE_4320_length_1681_cov_4.281058"	"PrePostFVT"	"During"	"PrePostFVTDuring"	-0.379621709680536	-0.082971466560033	0.645678169288581	0.652063890335907	1	0.878940463591816	1	NA	"abundance"	26	25
"NODE_4320_length_1681_cov_4.281058"	"PrePostFVT"	"Post"	"PrePostFVTPost"	0.154716137386796	0.558052786181425	0.490767692263941	0.423493450187103	1	0.667640198022829	1	NA	"abundance"	26	25
"NODE_437_length_16107_cov_8.085161"	"PrePostFVT"	"During"	"PrePostFVTDuring"	0.139692624758292	-0.082971466560033	0.463069502840655	0.646257281098809	1	0.860367151199258	1	NA	"abundance"	26	14
"NODE_437_length_16107_cov_8.085161"	"PrePostFVT"	"Post"	"PrePostFVTPost"	-0.293780590820743	0.558052786181425	0.442525835852014	0.0972585380276936	1	0.185057852836103	1	NA	"abundance"	26	14
"NODE_4372_length_1017_cov_2.721414"	"PrePostFVT"	"During"	"PrePostFVTDuring"	0.0118718989098918	-0.082971466560033	0.482845179992059	0.847767907817998	1	0.527864226750972	1	NA	"abundance"	26	21
"NODE_4372_length_1017_cov_2.721414"	"PrePostFVT"	"Post"	"PrePostFVTPost"	0.371159059850009	0.558052786181425	0.387867133854504	0.638585229678352	1	0.706281523550549	1	NA	"abundance"	26	21
"NODE_4382_length_1351_cov_5.240741"	"PrePostFVT"	"During"	"PrePostFVTDuring"	0.0177749440895167	-0.082971466560033	0.87319709987375	0.909334936407586	1	0.909334936407586	1	NA	"abundance"	26	26
"NODE_4382_length_1351_cov_5.240741"	"PrePostFVT"	"Post"	"PrePostFVTPost"	1.52267758556071	0.558052786181425	0.650842691024459	0.154159189467159	1	0.154159189467159	1	NA	"abundance"	26	26
"NODE_4383_length_1318_cov_9.849565"	"PrePostFVT"	"During"	"PrePostFVTDuring"	-0.223387975357337	-0.082971466560033	0.915826471165324	0.879603427617092	1	0.985504665358447	1	NA	"abundance"	26	25
"NODE_4383_length_1318_cov_9.849565"	"PrePostFVT"	"Post"	"PrePostFVTPost"	1.19482125919963	0.558052786181425	0.694917138737254	0.370834151945324	1	0.60415033564164	1	NA	"abundance"	26	25
"NODE_44_length_91318_cov_778.137087"	"PrePostFVT"	"During"	"PrePostFVTDuring"	0.764212190065107	-0.082971466560033	1.03854392001468	0.427760357797556	1	0.672541791892019	1	NA	"abundance"	26	22
"NODE_44_length_91318_cov_778.137087"	"PrePostFVT"	"Post"	"PrePostFVTPost"	0.663183964231651	0.558052786181425	0.836577374592914	0.901768031152274	1	0.75127637145955	1	NA	"abundance"	26	22
"NODE_440_length_4091_cov_6.641724"	"PrePostFVT"	"During"	"PrePostFVTDuring"	0.463183536103027	-0.082971466560033	0.577263542750616	0.357685110385775	1	0.357685110385775	1	NA	"abundance"	26	26
"NODE_440_length_4091_cov_6.641724"	"PrePostFVT"	"Post"	"PrePostFVTPost"	0.3769060955618	0.558052786181425	0.430266840840911	0.679613284207313	1	0.679613284207313	1	NA	"abundance"	26	26
"NODE_4425_length_1021_cov_4.517598"	"PrePostFVT"	"During"	"PrePostFVTDuring"	-2.79720708423688	-0.082971466560033	1.94019541653731	0.256245033529428	1	0.446828549850357	1	NA	"abundance"	26	6
"NODE_4425_length_1021_cov_4.517598"	"PrePostFVT"	"Post"	"PrePostFVTPost"	-2.14087955284656	0.558052786181425	1.44613628033698	0.159032856579121	1	0.292774263686527	1	NA	"abundance"	26	6
"NODE_444_length_12751_cov_9.040013"	"PrePostFVT"	"During"	"PrePostFVTDuring"	-0.184971510093592	-0.082971466560033	0.399399765424241	0.803219557160179	1	0.961277457315764	1	NA	"abundance"	26	19
"NODE_444_length_12751_cov_9.040013"	"PrePostFVT"	"Post"	"PrePostFVTPost"	-0.0188723852485173	0.558052786181425	0.34122868925525	0.117635443715922	1	0.221432789813602	1	NA	"abundance"	26	19
"NODE_445_length_13206_cov_42.964718"	"PrePostFVT"	"During"	"PrePostFVTDuring"	-0.601286685455139	-0.082971466560033	0.597829616435263	0.400632336851001	1	0.640758404371308	1	NA	"abundance"	26	19
"NODE_445_length_13206_cov_42.964718"	"PrePostFVT"	"Post"	"PrePostFVTPost"	-0.563809848360873	0.558052786181425	0.515264329043577	0.0477169092152648	1	0.0931569150054718	1	NA	"abundance"	26	19
"NODE_446_length_10263_cov_13.200137"	"PrePostFVT"	"During"	"PrePostFVTDuring"	-0.0652747487776413	-0.082971466560033	0.675722555287242	0.979410384172434	1	0.999576067720073	1	NA	"abundance"	26	25
"NODE_446_length_10263_cov_13.200137"	"PrePostFVT"	"Post"	"PrePostFVTPost"	1.11288154338015	0.558052786181425	0.513295488764897	0.296176481758138	1	0.504632455169648	1	NA	"abundance"	26	25
"NODE_446_length_8151_cov_7.545949"	"PrePostFVT"	"During"	"PrePostFVTDuring"	-0.281749728212342	-0.082971466560033	0.556975823672192	0.728057778809266	1	0.92604742833385	1	NA	"abundance"	26	18
"NODE_446_length_8151_cov_7.545949"	"PrePostFVT"	"Post"	"PrePostFVTPost"	-0.40368159479241	0.558052786181425	0.479892352678431	0.0711962950760869	1	0.137323677719613	1	NA	"abundance"	26	18
"NODE_4478_length_1389_cov_4.104198"	"PrePostFVT"	"During"	"PrePostFVTDuring"	0.954781141969579	-0.082971466560033	0.512045300110271	0.0817565140722564	1	0.156828900551266	1	NA	"abundance"	26	13
"NODE_4478_length_1389_cov_4.104198"	"PrePostFVT"	"Post"	"PrePostFVTPost"	0.714177943763055	0.558052786181425	0.428398467166198	0.726885825581754	1	0.92540864773184	1	NA	"abundance"	26	13
"NODE_4483_length_1325_cov_2.606299"	"PrePostFVT"	"During"	"PrePostFVTDuring"	-0.864328236441274	-0.082971466560033	0.865730842534122	0.408222443375095	1	0.103227131095666	1	NA	"abundance"	26	8
"NODE_4483_length_1325_cov_2.606299"	"PrePostFVT"	"Post"	"PrePostFVTPost"	0.239091251548851	0.558052786181425	0.838240283858193	0.719220906088602	1	0.522831508263144	1	NA	"abundance"	26	8
"NODE_453_length_15514_cov_7.051297"	"PrePostFVT"	"During"	"PrePostFVTDuring"	0.64513280657622	-0.082971466560033	0.360974686532913	0.0687401052541988	1	0.132755008438039	1	NA	"abundance"	26	15
"NODE_453_length_15514_cov_7.051297"	"PrePostFVT"	"Post"	"PrePostFVTPost"	0.198477125717952	0.558052786181425	0.294734597355581	0.250391772121498	1	0.438087504696851	1	NA	"abundance"	26	15
"NODE_454_length_20811_cov_36.278859"	"PrePostFVT"	"During"	"PrePostFVTDuring"	-0.750731992750105	-0.082971466560033	1.02541216814538	0.550393262506647	1	0.797853781600583	1	NA	"abundance"	26	8
"NODE_454_length_20811_cov_36.278859"	"PrePostFVT"	"Post"	"PrePostFVTPost"	-0.361861310951087	0.558052786181425	1.32380141674184	0.525073759907477	1	0.142923279727395	1	NA	"abundance"	26	8
"NODE_455_length_4871_cov_3.309178"	"PrePostFVT"	"During"	"PrePostFVTDuring"	-0.720162365672273	-0.082971466560033	0.773526917434448	0.649917306844681	1	0.633632317420059	1	NA	"abundance"	26	6
"NODE_455_length_4871_cov_3.309178"	"PrePostFVT"	"Post"	"PrePostFVTPost"	0.723854817013393	0.558052786181425	0.773526917434448	0.887494246256158	1	0.877480545710421	1	NA	"abundance"	26	6
"NODE_455_length_9365_cov_7.862406"	"PrePostFVT"	"During"	"PrePostFVTDuring"	-0.948599155437218	-0.082971466560033	0.170094088704679	0.0189999547723876	1	0.0376389112634225	1	NA	"abundance"	26	6
"NODE_455_length_9365_cov_7.862406"	"PrePostFVT"	"Post"	"PrePostFVTPost"	1.44911700610662	0.558052786181425	0.182377867309839	0.0389112844607104	1	0.0763084808630386	1	NA	"abundance"	26	6
"NODE_463_length_12161_cov_9.640674"	"PrePostFVT"	"During"	"PrePostFVTDuring"	0.227720458082977	-0.082971466560033	0.470093871833165	0.51960695240391	1	0.769222519821341	1	NA	"abundance"	26	20
"NODE_463_length_12161_cov_9.640674"	"PrePostFVT"	"Post"	"PrePostFVTPost"	0.790239556224597	0.558052786181425	0.383679883997114	0.555872525839003	1	0.751160484719865	1	NA	"abundance"	26	20
"NODE_47_length_35571_cov_46.640585"	"PrePostFVT"	"During"	"PrePostFVTDuring"	-0.866801694953486	-0.082971466560033	1.23336364484906	0.5339785682072	1	0.782824025109788	1	NA	"abundance"	26	21
"NODE_47_length_35571_cov_46.640585"	"PrePostFVT"	"Post"	"PrePostFVTPost"	0.629724615055517	0.558052786181425	1.00703719905982	0.944144616197337	1	0.512852668723585	1	NA	"abundance"	26	21
"NODE_471_length_10690_cov_5.362482"	"PrePostFVT"	"During"	"PrePostFVTDuring"	-1.06825704662718	-0.082971466560033	0.296572462957234	0.998024475193015	1	0.999996097301737	1	NA	"abundance"	26	4
"NODE_471_length_10690_cov_5.362482"	"PrePostFVT"	"Post"	"PrePostFVTPost"	0.434801452700694	0.558052786181425	0.296572462957234	0.998722757344109	1	0.508495495674099	1	NA	"abundance"	26	4
"NODE_474_length_13836_cov_8.532327"	"PrePostFVT"	"During"	"PrePostFVTDuring"	0.052361315624952	-0.082971466560033	0.594805053459802	0.823133255519994	1	0.968718154697044	1	NA	"abundance"	26	21
"NODE_474_length_13836_cov_8.532327"	"PrePostFVT"	"Post"	"PrePostFVTPost"	0.932686822845492	0.558052786181425	0.467849956029543	0.436039725542455	1	0.681948808833771	1	NA	"abundance"	26	21
"NODE_4746_length_1191_cov_6.191901"	"PrePostFVT"	"During"	"PrePostFVTDuring"	-0.863110952631368	-0.082971466560033	1.29767049921024	0.580068856269043	1	0.333742926585495	1	NA	"abundance"	26	7
"NODE_4746_length_1191_cov_6.191901"	"PrePostFVT"	"Post"	"PrePostFVTPost"	0.167426687827364	0.558052786181425	1.18460567437739	0.758218202217741	1	0.522868703835947	1	NA	"abundance"	26	7
"NODE_476_length_10574_cov_8.492252"	"PrePostFVT"	"During"	"PrePostFVTDuring"	-1.01888376975916	-0.082971466560033	0.763779665400772	0.252131889876651	1	0.44069328986053	1	NA	"abundance"	26	13
"NODE_476_length_10574_cov_8.492252"	"PrePostFVT"	"Post"	"PrePostFVTPost"	-0.921481012837525	0.558052786181425	0.701576421054585	0.0646013947696551	1	0.125029449333125	1	NA	"abundance"	26	13
"NODE_477_length_15190_cov_11.631913"	"PrePostFVT"	"During"	"PrePostFVTDuring"	-0.755511163013529	-0.082971466560033	0.5219974667227	0.229845234315406	1	0.406861636893308	1	NA	"abundance"	26	16
"NODE_477_length_15190_cov_11.631913"	"PrePostFVT"	"Post"	"PrePostFVTPost"	0.609124714757572	0.558052786181425	0.45018233858123	0.912151212077245	1	0.302916659817669	1	NA	"abundance"	26	16
"NODE_48_length_29548_cov_16476.712644"	"PrePostFVT"	"During"	"PrePostFVTDuring"	0.818743246448796	-0.082971466560033	1.49414969847123	0.555683259576779	1	0.802582634179684	1	NA	"abundance"	26	18
"NODE_48_length_29548_cov_16476.712644"	"PrePostFVT"	"Post"	"PrePostFVTPost"	0.0182822963256165	0.558052786181425	1.28779508526876	0.681700233789431	1	0.695420116393744	1	NA	"abundance"	26	18
"NODE_480_length_16803_cov_99.263016"	"PrePostFVT"	"During"	"PrePostFVTDuring"	-0.0608667994833078	-0.082971466560033	0.716875300754577	0.975753722149382	1	0.999412118010391	1	NA	"abundance"	26	25
"NODE_480_length_16803_cov_99.263016"	"PrePostFVT"	"Post"	"PrePostFVTPost"	1.23350217990169	0.558052786181425	0.544616405114985	0.232670036061743	1	0.411204726442513	1	NA	"abundance"	26	25
"NODE_4819_length_1553_cov_13.226969"	"PrePostFVT"	"During"	"PrePostFVTDuring"	-0.214433676599341	-0.082971466560033	0.823398876587723	0.874957716183273	1	0.984364427257897	1	NA	"abundance"	26	25
"NODE_4819_length_1553_cov_13.226969"	"PrePostFVT"	"Post"	"PrePostFVTPost"	1.48258801815748	0.558052786181425	0.624861281225614	0.157725630116906	1	0.290573885838038	1	NA	"abundance"	26	25
"NODE_482_length_6261_cov_4.535127"	"PrePostFVT"	"During"	"PrePostFVTDuring"	0.257012406474673	-0.082971466560033	0.490972048655207	0.499916270875792	1	0.749916263865225	1	NA	"abundance"	26	20
"NODE_482_length_6261_cov_4.535127"	"PrePostFVT"	"Post"	"PrePostFVTPost"	0.997105396511381	0.558052786181425	0.397675299168843	0.289127498979967	1	0.494660287293523	1	NA	"abundance"	26	20
"NODE_483_length_7947_cov_8.551191"	"PrePostFVT"	"During"	"PrePostFVTDuring"	0.0725499508514908	-0.082971466560033	0.690522813318643	0.82458534883877	1	0.964806364606606	1	NA	"abundance"	26	23
"NODE_483_length_7947_cov_8.551191"	"PrePostFVT"	"Post"	"PrePostFVTPost"	0.0761697239138869	0.558052786181425	0.531820961414852	0.379457403605988	1	0.614926886060578	1	NA	"abundance"	26	23
"NODE_484_length_5956_cov_60.701745"	"PrePostFVT"	"During"	"PrePostFVTDuring"	-2.10580480727977	-0.082971466560033	1.35721160776797	0.164211488223936	1	0.301457563583151	1	NA	"abundance"	26	16
"NODE_484_length_5956_cov_60.701745"	"PrePostFVT"	"Post"	"PrePostFVTPost"	-1.2202487127347	0.558052786181425	1.27959137514377	0.192145479359146	1	0.347371073480136	1	NA	"abundance"	26	16
"NODE_486_length_6444_cov_8.092190"	"PrePostFVT"	"During"	"PrePostFVTDuring"	-0.790485278638779	-0.082971466560033	0.619866436171878	0.268976293781209	1	0.465604340946143	1	NA	"abundance"	26	24
"NODE_486_length_6444_cov_8.092190"	"PrePostFVT"	"Post"	"PrePostFVTPost"	0.714084371151068	0.558052786181425	0.480146476833326	0.749260411176081	1	0.937129658596412	1	NA	"abundance"	26	24
"NODE_486_length_8815_cov_3.911872"	"PrePostFVT"	"During"	"PrePostFVTDuring"	-0.350443748217299	-0.082971466560033	0.530446932849039	0.6272242691668	1	0.861038254501774	1	NA	"abundance"	26	16
"NODE_486_length_8815_cov_3.911872"	"PrePostFVT"	"Post"	"PrePostFVTPost"	0.851961203960686	0.558052786181425	0.531595944619167	0.592215953239134	1	0.152120540676789	1	NA	"abundance"	26	16
"NODE_492_length_8732_cov_6.818716"	"PrePostFVT"	"During"	"PrePostFVTDuring"	0.33125251839268	-0.082971466560033	0.651612542835374	0.534257300907392	1	0.783083738241932	1	NA	"abundance"	26	23
"NODE_492_length_8732_cov_6.818716"	"PrePostFVT"	"Post"	"PrePostFVTPost"	-0.109907046774002	0.558052786181425	0.50158886422686	0.203188300461475	1	0.365091115478528	1	NA	"abundance"	26	23
"NODE_493_length_18317_cov_24.839010"	"PrePostFVT"	"During"	"PrePostFVTDuring"	0.044596711337743	-0.082971466560033	0.510942133821825	0.806094203357259	1	0.962400542028344	1	NA	"abundance"	26	22
"NODE_493_length_18317_cov_24.839010"	"PrePostFVT"	"Post"	"PrePostFVTPost"	0.91760399300314	0.558052786181425	0.395426068366482	0.3790292686999	1	0.614395350868619	1	NA	"abundance"	26	22
"NODE_498_length_18150_cov_25.040951|provirus_5737_18148"	"PrePostFVT"	"During"	"PrePostFVTDuring"	0.243603351331036	-0.082971466560033	0.635859568964723	0.615223971293683	1	0.851947407732995	1	NA	"abundance"	26	18
"NODE_498_length_18150_cov_25.040951|provirus_5737_18148"	"PrePostFVT"	"Post"	"PrePostFVTPost"	0.989004603732159	0.558052786181425	0.531998283841971	0.431193415227724	1	0.6764590691197	1	NA	"abundance"	26	18
"NODE_499_length_7571_cov_37.322113"	"PrePostFVT"	"During"	"PrePostFVTDuring"	0.0892252903023321	-0.082971466560033	0.642012393547299	0.792042021936538	1	0.956753479359757	1	NA	"abundance"	26	22
"NODE_499_length_7571_cov_37.322113"	"PrePostFVT"	"Post"	"PrePostFVTPost"	0.22296501159369	0.558052786181425	0.504914138465622	0.517677390900157	1	0.76736490075112	1	NA	"abundance"	26	22
"NODE_502_length_4680_cov_4.082162"	"PrePostFVT"	"During"	"PrePostFVTDuring"	0.0195759362042257	-0.082971466560033	0.565946990944905	0.859034289909111	1	0.964806364606606	1	NA	"abundance"	26	23
"NODE_502_length_4680_cov_4.082162"	"PrePostFVT"	"Post"	"PrePostFVTPost"	-0.771025146556323	0.558052786181425	0.435519703883448	0.00787254061222	1	0.0156831043287489	1	NA	"abundance"	26	23
"NODE_502_length_7518_cov_18.659654"	"PrePostFVT"	"During"	"PrePostFVTDuring"	-0.258442412964892	-0.082971466560033	0.482721375908927	0.722048256801199	1	0.922742828452748	1	NA	"abundance"	26	21
"NODE_502_length_7518_cov_18.659654"	"PrePostFVT"	"Post"	"PrePostFVTPost"	-0.130865321185497	0.558052786181425	0.387130681677362	0.0981320606462681	1	0.186634219965853	1	NA	"abundance"	26	21
"NODE_502_length_8707_cov_57.547272"	"PrePostFVT"	"During"	"PrePostFVTDuring"	-0.065221250320764	-0.082971466560033	0.604633731090519	0.976930707666037	1	0.99946780775121	1	NA	"abundance"	26	25
"NODE_502_length_8707_cov_57.547272"	"PrePostFVT"	"Post"	"PrePostFVTPost"	0.937459925671574	0.558052786181425	0.459437256357007	0.421711312833736	1	0.665582194295519	1	NA	"abundance"	26	25
"NODE_502_length_9921_cov_9.503953"	"PrePostFVT"	"During"	"PrePostFVTDuring"	-1.57405579476026	-0.082971466560033	0.715098064979286	0.0660991546242882	1	0.127829211006531	1	NA	"abundance"	26	16
"NODE_502_length_9921_cov_9.503953"	"PrePostFVT"	"Post"	"PrePostFVTPost"	-0.821740557518872	0.558052786181425	0.747090799164067	0.0927195761263543	1	0.152053668755648	1	NA	"abundance"	26	16
"NODE_504_length_3999_cov_6.731237"	"PrePostFVT"	"During"	"PrePostFVTDuring"	-0.662570998742014	-0.082971466560033	0.604668481337772	0.350387111854172	1	0.578003095554836	1	NA	"abundance"	26	24
"NODE_504_length_3999_cov_6.731237"	"PrePostFVT"	"Post"	"PrePostFVTPost"	0.615832939249947	0.558052786181425	0.468374191639544	0.903297797215385	1	0.990648683976603	1	NA	"abundance"	26	24
"NODE_504_length_4677_cov_196.953700"	"PrePostFVT"	"During"	"PrePostFVTDuring"	1.13803361198087	-0.082971466560033	1.33214184397261	0.383413540078923	1	0.619821137441994	1	NA	"abundance"	26	12
"NODE_504_length_4677_cov_196.953700"	"PrePostFVT"	"Post"	"PrePostFVTPost"	0.669573173955064	0.558052786181425	1.27377123488603	0.932146763369624	1	0.978243383580793	1	NA	"abundance"	26	12
"NODE_504_length_8678_cov_23.069813"	"PrePostFVT"	"During"	"PrePostFVTDuring"	0.050917468683686	-0.082971466560033	0.637962462203947	0.83632695743032	1	0.973211135135984	1	NA	"abundance"	26	25
"NODE_504_length_8678_cov_23.069813"	"PrePostFVT"	"Post"	"PrePostFVTPost"	0.464756470910443	0.558052786181425	0.48446564340865	0.849815588883696	1	0.804887824006635	1	NA	"abundance"	26	25
"NODE_506_length_14593_cov_7.901087"	"PrePostFVT"	"During"	"PrePostFVTDuring"	-2.80101040416943	-0.082971466560033	0.699282686519609	0.0303504903520338	1	0.0597798284394587	1	NA	"abundance"	26	6
"NODE_506_length_14593_cov_7.901087"	"PrePostFVT"	"Post"	"PrePostFVTPost"	0.0420291188610337	0.558052786181425	0.659290039472483	0.491719240074335	1	0.741650669089389	1	NA	"abundance"	26	6
"NODE_5114_length_1045_cov_6.445455"	"PrePostFVT"	"During"	"PrePostFVTDuring"	-0.948481868070649	-0.082971466560033	1.17170304678132	0.537968427889109	1	0.786526826372739	1	NA	"abundance"	26	6
"NODE_5114_length_1045_cov_6.445455"	"PrePostFVT"	"Post"	"PrePostFVTPost"	-1.40837798878884	0.558052786181425	1.15276612037566	0.298644370896326	1	0.232081490335878	1	NA	"abundance"	26	6
"NODE_515_length_15976_cov_64.566108|provirus_96_3676"	"PrePostFVT"	"During"	"PrePostFVTDuring"	-0.872036544805479	-0.082971466560033	0.45773437989654	0.160986355694991	1	0.296056104670028	1	NA	"abundance"	26	8
"NODE_515_length_15976_cov_64.566108|provirus_96_3676"	"PrePostFVT"	"Post"	"PrePostFVTPost"	-0.678169494052242	0.558052786181425	0.590932543441959	0.105073948719259	1	0.142923174677024	1	NA	"abundance"	26	8
"NODE_515_length_5801_cov_5.203098"	"PrePostFVT"	"During"	"PrePostFVTDuring"	0.157032924791435	-0.082971466560033	0.411522440952674	0.571147371569208	1	0.816085423088001	1	NA	"abundance"	26	18
"NODE_515_length_5801_cov_5.203098"	"PrePostFVT"	"Post"	"PrePostFVTPost"	1.29766521072383	0.558052786181425	0.350005935957414	0.0562961185179671	1	0.109422984075745	1	NA	"abundance"	26	18
"NODE_516_length_24243_cov_6.742434"	"PrePostFVT"	"During"	"PrePostFVTDuring"	-2.36396161490334	-0.082971466560033	0.528341902947609	0.0799047477115914	1	0.15342472671633	1	NA	"abundance"	26	7
"NODE_516_length_24243_cov_6.742434"	"PrePostFVT"	"Post"	"PrePostFVTPost"	0.0101201965232567	0.558052786181425	0.498374005737977	0.377927607054427	1	0.522841134823363	1	NA	"abundance"	26	7
"NODE_518_length_4291_cov_13.228281"	"PrePostFVT"	"Post"	"PrePostFVTPost"	1.87793406932833	0.558052786181425	0.500885803378226	0.230569048989043	1	0.25568636573822	1	NA	"abundance"	26	4
"NODE_52_length_84715_cov_387.896220"	"PrePostFVT"	"During"	"PrePostFVTDuring"	0.245345513195963	-0.082971466560033	0.707961931956877	0.649393359211148	1	0.877074983434757	1	NA	"abundance"	26	24
"NODE_52_length_84715_cov_387.896220"	"PrePostFVT"	"Post"	"PrePostFVTPost"	0.76083767138055	0.558052786181425	0.544834612463605	0.714897414933525	1	0.918716515988413	1	NA	"abundance"	26	24
"NODE_520_length_9259_cov_14.997827"	"PrePostFVT"	"During"	"PrePostFVTDuring"	-1.83909495080655	-0.082971466560033	0.753136569074507	0.0440686877425797	1	0.0861953262458063	1	NA	"abundance"	26	16
"NODE_520_length_9259_cov_14.997827"	"PrePostFVT"	"Post"	"PrePostFVTPost"	-0.953427849408725	0.558052786181425	0.784914903424534	0.0811529187424317	1	0.152053668755648	1	NA	"abundance"	26	16
"NODE_5265_length_1240_cov_5.282700"	"PrePostFVT"	"During"	"PrePostFVTDuring"	0.636973106741864	-0.082971466560033	0.386754927717162	0.134148145355563	1	0.250300565808789	1	NA	"abundance"	26	11
"NODE_5265_length_1240_cov_5.282700"	"PrePostFVT"	"Post"	"PrePostFVTPost"	-0.297277623140454	0.558052786181425	0.386754927717162	0.0888089556559536	1	0.169730880707206	1	NA	"abundance"	26	11
"NODE_530_length_12000_cov_40.575303"	"PrePostFVT"	"During"	"PrePostFVTDuring"	-0.566358309595115	-0.082971466560033	0.537255924752747	0.386436498449707	1	0.623539829565343	1	NA	"abundance"	26	17
"NODE_530_length_12000_cov_40.575303"	"PrePostFVT"	"Post"	"PrePostFVTPost"	-0.206690288861387	0.558052786181425	0.503990731303759	0.156343478793717	1	0.282999296736184	1	NA	"abundance"	26	17
"NODE_530_length_12411_cov_6.230091"	"PrePostFVT"	"During"	"PrePostFVTDuring"	0.985999499827338	-0.082971466560033	0.355136940029175	0.013571536424083	1	0.0269588862472557	1	NA	"abundance"	26	13
"NODE_530_length_12411_cov_6.230091"	"PrePostFVT"	"Post"	"PrePostFVTPost"	0.512689465724395	0.558052786181425	0.307557611887536	0.886601744654197	1	0.59731224905515	1	NA	"abundance"	26	13
"NODE_535_length_9302_cov_18.873472"	"PrePostFVT"	"During"	"PrePostFVTDuring"	-0.440266970307811	-0.082971466560033	0.564187577322891	0.53674482176808	1	0.785394639841312	1	NA	"abundance"	26	22
"NODE_535_length_9302_cov_18.873472"	"PrePostFVT"	"Post"	"PrePostFVTPost"	-0.344908832722818	0.558052786181425	0.443639952908776	0.0608804115761994	1	0.118054398638711	1	NA	"abundance"	26	22
"NODE_5373_length_1043_cov_4.048583"	"PrePostFVT"	"During"	"PrePostFVTDuring"	-0.589747720583915	-0.082971466560033	0.586611410219393	0.479314314760338	1	0.728886417186504	1	NA	"abundance"	26	4
"NODE_540_length_11002_cov_8.996894"	"PrePostFVT"	"During"	"PrePostFVTDuring"	-1.15683369481361	-0.082971466560033	0.491276671934514	0.0521092043255726	1	0.101503039475701	1	NA	"abundance"	26	14
"NODE_540_length_11002_cov_8.996894"	"PrePostFVT"	"Post"	"PrePostFVTPost"	-0.0637832372319861	0.558052786181425	0.420704207431427	0.169301751947447	1	0.30291676146	1	NA	"abundance"	26	14
"NODE_543_length_4816_cov_8.005881"	"PrePostFVT"	"During"	"PrePostFVTDuring"	-0.253695320843103	-0.082971466560033	0.655969184363111	0.798002986395731	1	0.959197206494957	1	NA	"abundance"	26	24
"NODE_543_length_4816_cov_8.005881"	"PrePostFVT"	"Post"	"PrePostFVTPost"	0.951021469820006	0.558052786181425	0.505216463282866	0.448827708848159	1	0.69620910546643	1	NA	"abundance"	26	24
"NODE_5433_length_1204_cov_4.010444"	"PrePostFVT"	"During"	"PrePostFVTDuring"	1.03230321338084	-0.082971466560033	0.739164236312044	0.167398841857456	1	0.306775311459694	1	NA	"abundance"	26	15
"NODE_5433_length_1204_cov_4.010444"	"PrePostFVT"	"Post"	"PrePostFVTPost"	0.0472465555689481	0.558052786181425	0.615719172429598	0.431440113243354	1	0.302916617395458	1	NA	"abundance"	26	15
"NODE_545_length_14235_cov_14.402257"	"PrePostFVT"	"During"	"PrePostFVTDuring"	0.113255446356448	-0.082971466560033	0.56950490046451	0.734410227096102	1	0.929462072528856	1	NA	"abundance"	26	22
"NODE_545_length_14235_cov_14.402257"	"PrePostFVT"	"Post"	"PrePostFVTPost"	1.16188585182636	0.558052786181425	0.439309938586282	0.187385632025377	1	0.339657888961203	1	NA	"abundance"	26	22
"NODE_545_length_3550_cov_3.934478"	"PrePostFVT"	"During"	"PrePostFVTDuring"	-0.720662673527339	-0.082971466560033	0.961028304925896	0.551040385306254	1	0.798435264374043	1	NA	"abundance"	26	8
"NODE_545_length_3550_cov_3.934478"	"PrePostFVT"	"Post"	"PrePostFVTPost"	0.419770974207006	0.558052786181425	0.708978526665919	0.864223635134328	1	0.799554085314992	1	NA	"abundance"	26	8
"NODE_546_length_8041_cov_7.521913"	"PrePostFVT"	"During"	"PrePostFVTDuring"	0.231219877465995	-0.082971466560033	0.669843174302535	0.645716308161012	1	0.874483065696937	1	NA	"abundance"	26	22
"NODE_546_length_8041_cov_7.521913"	"PrePostFVT"	"Post"	"PrePostFVTPost"	0.452630877964759	0.558052786181425	0.526798295456695	0.844219836645334	1	0.95952540666932	1	NA	"abundance"	26	22
"NODE_548_length_8007_cov_11.081992"	"PrePostFVT"	"During"	"PrePostFVTDuring"	-0.589415954862978	-0.082971466560033	0.572138115410578	0.390050250422667	1	0.627961302990549	1	NA	"abundance"	26	23
"NODE_548_length_8007_cov_11.081992"	"PrePostFVT"	"Post"	"PrePostFVTPost"	0.735663889470017	0.558052786181425	0.449872047302028	0.699124166721556	1	0.554372230185331	1	NA	"abundance"	26	23
"NODE_55_length_89827_cov_97.896738"	"PrePostFVT"	"During"	"PrePostFVTDuring"	-0.816016192602339	-0.082971466560033	0.829266792543137	0.399717770769563	1	0.639661245270137	1	NA	"abundance"	26	12
"NODE_55_length_89827_cov_97.896738"	"PrePostFVT"	"Post"	"PrePostFVTPost"	0.503992200382909	0.558052786181425	0.626866772455238	0.933245624926644	1	0.597222561530468	1	NA	"abundance"	26	12
"NODE_550_length_6952_cov_55.107293"	"PrePostFVT"	"During"	"PrePostFVTDuring"	-3.23796945322192	-0.082971466560033	0.815235107376676	0.00195844108333176	1	0.00391304667518664	1	NA	"abundance"	26	18
"NODE_550_length_6952_cov_55.107293"	"PrePostFVT"	"Post"	"PrePostFVTPost"	-1.07316178060629	0.558052786181425	0.711595540712204	0.0396290854735643	1	0.0776877065316576	1	NA	"abundance"	26	18
"NODE_551_length_4189_cov_6.637639"	"PrePostFVT"	"During"	"PrePostFVTDuring"	-0.183182090688414	-0.082971466560033	0.671266178030149	0.883139966487593	1	0.964806364606606	1	NA	"abundance"	26	24
"NODE_551_length_4189_cov_6.637639"	"PrePostFVT"	"Post"	"PrePostFVTPost"	0.489510367830747	0.558052786181425	0.516921709517465	0.896331449407434	1	0.937162170722469	1	NA	"abundance"	26	24
"NODE_553_length_7537_cov_19.611868"	"PrePostFVT"	"During"	"PrePostFVTDuring"	-0.893283860255864	-0.082971466560033	1.43199305476888	0.581014965855407	1	0.824451541162854	1	NA	"abundance"	26	18
"NODE_553_length_7537_cov_19.611868"	"PrePostFVT"	"Post"	"PrePostFVTPost"	0.394267357442259	0.558052786181425	1.24994601297703	0.897764668131447	1	0.978163610153875	1	NA	"abundance"	26	18
"NODE_554_length_7991_cov_8.091482"	"PrePostFVT"	"During"	"PrePostFVTDuring"	0.0680782707816545	-0.082971466560033	0.649751598540373	0.819233269415613	1	0.964806364606606	1	NA	"abundance"	26	23
"NODE_554_length_7991_cov_8.091482"	"PrePostFVT"	"Post"	"PrePostFVTPost"	-0.107274819582845	0.558052786181425	0.500315808376972	0.203529242411633	1	0.365634332306612	1	NA	"abundance"	26	23
"NODE_555_length_13052_cov_9.809264"	"PrePostFVT"	"During"	"PrePostFVTDuring"	0.269691368942575	-0.082971466560033	0.49401008072172	0.485976465825728	1	0.735779806314991	1	NA	"abundance"	26	23
"NODE_555_length_13052_cov_9.809264"	"PrePostFVT"	"Post"	"PrePostFVTPost"	0.900480839348249	0.558052786181425	0.375082229004137	0.377189762124941	1	0.612107407598012	1	NA	"abundance"	26	23
"NODE_562_length_6184_cov_8.894926"	"PrePostFVT"	"During"	"PrePostFVTDuring"	-0.377521677248807	-0.082971466560033	0.559910222241584	0.608443957059046	1	0.821955795111619	1	NA	"abundance"	26	20
"NODE_562_length_6184_cov_8.894926"	"PrePostFVT"	"Post"	"PrePostFVTPost"	-0.391244876182536	0.558052786181425	0.457164782086736	0.0596655245896995	1	0.115771074354835	1	NA	"abundance"	26	20
"NODE_564_length_12863_cov_9.493910"	"PrePostFVT"	"During"	"PrePostFVTDuring"	-0.399367667580343	-0.082971466560033	0.65406523781596	0.656061128042413	1	0.881706052356543	1	NA	"abundance"	26	10
"NODE_564_length_12863_cov_9.493910"	"PrePostFVT"	"Post"	"PrePostFVTPost"	-0.830797549799216	0.558052786181425	0.713151851846783	0.100060206146566	1	0.0906564074550521	1	NA	"abundance"	26	10
"NODE_566_length_3670_cov_6.032365"	"PrePostFVT"	"During"	"PrePostFVTDuring"	-0.170917333816945	-0.082971466560033	0.725951703581565	0.905012376786744	1	0.990977351436297	1	NA	"abundance"	26	25
"NODE_566_length_3670_cov_6.032365"	"PrePostFVT"	"Post"	"PrePostFVTPost"	1.2470678892991	0.558052786181425	0.551484517479835	0.229255049611704	1	0.405952221450943	1	NA	"abundance"	26	25
"NODE_569_length_13179_cov_6.864066"	"PrePostFVT"	"During"	"PrePostFVTDuring"	-2.34040180512361	-0.082971466560033	1.17791287858897	0.172563966823226	1	0.315349611000684	1	NA	"abundance"	26	7
"NODE_569_length_13179_cov_6.864066"	"PrePostFVT"	"Post"	"PrePostFVTPost"	-1.7118913789539	0.558052786181425	1.17791287858897	0.171058535985249	1	0.312856049237082	1	NA	"abundance"	26	7
"NODE_570_length_6989_cov_7.928613"	"PrePostFVT"	"During"	"PrePostFVTDuring"	0.0152278003565595	-0.082971466560033	0.609990121590456	0.87443920723695	1	0.964806364606606	1	NA	"abundance"	26	23
"NODE_570_length_6989_cov_7.928613"	"PrePostFVT"	"Post"	"PrePostFVTPost"	0.138090661719928	0.558052786181425	0.46971810636235	0.385294430463753	1	0.622137062781118	1	NA	"abundance"	26	23
"NODE_578_length_8573_cov_7.456797"	"PrePostFVT"	"During"	"PrePostFVTDuring"	0.824810944101884	-0.082971466560033	0.291677102233477	0.0286834482600168	1	0.0565441563159486	1	NA	"abundance"	26	11
"NODE_578_length_8573_cov_7.456797"	"PrePostFVT"	"Post"	"PrePostFVTPost"	-0.059604472144496	0.558052786181425	0.291677102233477	0.0921107496183002	1	0.175737109041355	1	NA	"abundance"	26	11
"NODE_581_length_3648_cov_8.794044"	"PrePostFVT"	"During"	"PrePostFVTDuring"	-5.78468130202119	-0.082971466560033	0.814569902000655	0.0711877887050977	1	0.137307876149474	1	NA	"abundance"	26	6
"NODE_581_length_3648_cov_8.794044"	"PrePostFVT"	"Post"	"PrePostFVTPost"	2.76465033189724	0.558052786181425	0.714237529115157	0.183571434273211	1	0.129276423177693	1	NA	"abundance"	26	6
"NODE_584_length_6871_cov_8.615170"	"PrePostFVT"	"During"	"PrePostFVTDuring"	-0.794956479412847	-0.082971466560033	0.699189635102956	0.324481308591828	1	0.54367449755819	1	NA	"abundance"	26	21
"NODE_584_length_6871_cov_8.615170"	"PrePostFVT"	"Post"	"PrePostFVTPost"	0.0137410849183295	0.558052786181425	0.577336839900207	0.361521232393247	1	0.52285285165986	1	NA	"abundance"	26	21
"NODE_585_length_6652_cov_6.207367"	"PrePostFVT"	"During"	"PrePostFVTDuring"	-0.216474020856879	-0.082971466560033	0.778596840767513	0.86548910161441	1	0.86548910161441	1	NA	"abundance"	26	26
"NODE_585_length_6652_cov_6.207367"	"PrePostFVT"	"Post"	"PrePostFVTPost"	0.8942264120416	0.558052786181425	0.580331821007579	0.569213693811395	1	0.569213693811395	1	NA	"abundance"	26	26
"NODE_586_length_4007_cov_10.183451"	"PrePostFVT"	"During"	"PrePostFVTDuring"	-0.493381999274767	-0.082971466560033	0.584069808014771	0.491526713036162	1	0.74145491644419	1	NA	"abundance"	26	22
"NODE_586_length_4007_cov_10.183451"	"PrePostFVT"	"Post"	"PrePostFVTPost"	0.437424844444137	0.558052786181425	0.459222195804443	0.796277846959017	1	0.554372230185331	1	NA	"abundance"	26	22
"NODE_59_length_24933_cov_8.847938"	"PrePostFVT"	"During"	"PrePostFVTDuring"	0.180975529254987	-0.082971466560033	0.560056383373638	0.643826847233552	1	0.873140685248408	1	NA	"abundance"	26	24
"NODE_59_length_24933_cov_8.847938"	"PrePostFVT"	"Post"	"PrePostFVTPost"	0.372441236123107	0.558052786181425	0.430987208752399	0.673130081001744	1	0.893156056054073	1	NA	"abundance"	26	24
"NODE_590_length_11219_cov_18.329631"	"PrePostFVT"	"During"	"PrePostFVTDuring"	-0.0853613126400381	-0.082971466560033	0.737872316614392	0.997452549253896	1	0.999761165006851	1	NA	"abundance"	26	25
"NODE_590_length_11219_cov_18.329631"	"PrePostFVT"	"Post"	"PrePostFVTPost"	1.20254566641071	0.558052786181425	0.560653958446922	0.266653480955462	1	0.462202883005259	1	NA	"abundance"	26	25
"NODE_590_length_6739_cov_4.358767"	"PrePostFVT"	"During"	"PrePostFVTDuring"	-0.429655280011489	-0.082971466560033	0.565408516025159	0.551742822881197	1	0.799065503161482	1	NA	"abundance"	26	19
"NODE_590_length_6739_cov_4.358767"	"PrePostFVT"	"Post"	"PrePostFVTPost"	-0.244071288606272	0.558052786181425	0.476961494750013	0.118800417257209	1	0.22348729537393	1	NA	"abundance"	26	19
"NODE_598_length_6854_cov_9.988381"	"PrePostFVT"	"During"	"PrePostFVTDuring"	0.781812577379711	-0.082971466560033	0.391887708413921	0.0508783466501657	1	0.099168087142477	1	NA	"abundance"	26	14
"NODE_598_length_6854_cov_9.988381"	"PrePostFVT"	"Post"	"PrePostFVTPost"	1.32305667792695	0.558052786181425	0.324936122190295	0.0397040882976482	1	0.077831761967749	1	NA	"abundance"	26	14
"NODE_599_length_6553_cov_10.773161"	"PrePostFVT"	"During"	"PrePostFVTDuring"	0.0808421360977798	-0.082971466560033	0.72483292277543	0.823773156513865	1	0.823773156513865	1	NA	"abundance"	26	26
"NODE_599_length_6553_cov_10.773161"	"PrePostFVT"	"Post"	"PrePostFVTPost"	0.723838611154271	0.558052786181425	0.540258562551906	0.762816230717602	1	0.762816230717602	1	NA	"abundance"	26	26
"NODE_599_length_7106_cov_9.189760"	"PrePostFVT"	"Post"	"PrePostFVTPost"	0.109384105570049	0.558052786181425	0.850148792628428	0.620094872379332	1	0.206570710492005	1	NA	"abundance"	26	7
"NODE_60_length_70157_cov_14.317295|provirus_6729_54193"	"PrePostFVT"	"During"	"PrePostFVTDuring"	-1.79618659636461	-0.082971466560033	0.671787675730466	0.0307203265725807	1	0.0604969146804353	1	NA	"abundance"	26	15
"NODE_60_length_70157_cov_14.317295|provirus_6729_54193"	"PrePostFVT"	"Post"	"PrePostFVTPost"	-0.859727882824612	0.558052786181425	0.701211708106313	0.0689705125504697	1	0.133184093499465	1	NA	"abundance"	26	15
"NODE_607_length_4805_cov_7.701895"	"PrePostFVT"	"During"	"PrePostFVTDuring"	-0.732410975855085	-0.082971466560033	0.495623822350667	0.210872536367469	1	0.377277846140889	1	NA	"abundance"	26	23
"NODE_607_length_4805_cov_7.701895"	"PrePostFVT"	"Post"	"PrePostFVTPost"	0.25701878778165	0.558052786181425	0.389760281369238	0.453977389611514	1	0.554372230185331	1	NA	"abundance"	26	23
"NODE_608_length_12965_cov_13.707514"	"PrePostFVT"	"During"	"PrePostFVTDuring"	0.725336629902666	-0.082971466560033	0.403584639073231	0.0816871219409895	1	0.156701457990977	1	NA	"abundance"	26	11
"NODE_608_length_12965_cov_13.707514"	"PrePostFVT"	"Post"	"PrePostFVTPost"	0.0816550591196735	0.558052786181425	0.403584639073231	0.273760683540169	1	0.196472353608531	1	NA	"abundance"	26	11
"NODE_613_length_17805_cov_53.621634"	"PrePostFVT"	"During"	"PrePostFVTDuring"	-2.68404155305015	-0.082971466560033	1.18014752879165	0.15840992635629	1	0.291726147944374	1	NA	"abundance"	26	7
"NODE_613_length_17805_cov_53.621634"	"PrePostFVT"	"Post"	"PrePostFVTPost"	1.48725326204592	0.558052786181425	1.44537963337303	0.58617089235394	1	0.547185170651632	1	NA	"abundance"	26	7
"NODE_615_length_11576_cov_114.611145"	"PrePostFVT"	"During"	"PrePostFVTDuring"	-0.0245939728303909	-0.082971466560033	0.791776157471191	0.942203510412835	1	0.964806364606606	1	NA	"abundance"	26	24
"NODE_615_length_11576_cov_114.611145"	"PrePostFVT"	"Post"	"PrePostFVTPost"	1.25761440438835	0.558052786181425	0.610553408315034	0.269245458425329	1	0.465997799967992	1	NA	"abundance"	26	24
"NODE_615_length_6450_cov_19.525410"	"PrePostFVT"	"During"	"PrePostFVTDuring"	-0.160890597162393	-0.082971466560033	0.669948827416093	0.908743106907158	1	0.991672179463042	1	NA	"abundance"	26	25
"NODE_615_length_6450_cov_19.525410"	"PrePostFVT"	"Post"	"PrePostFVTPost"	1.10125185107761	0.558052786181425	0.508955856419264	0.301754654551904	1	0.512453437560069	1	NA	"abundance"	26	25
"NODE_615_length_9933_cov_5.439664"	"PrePostFVT"	"During"	"PrePostFVTDuring"	-0.08713799573245	-0.082971466560033	0.834452319351525	0.996061975781148	1	0.996061975781148	1	NA	"abundance"	26	26
"NODE_615_length_9933_cov_5.439664"	"PrePostFVT"	"Post"	"PrePostFVTPost"	1.3310438338245	0.558052786181425	0.621964036684124	0.227822461544574	1	0.227822461544574	1	NA	"abundance"	26	26
"NODE_619_length_11199_cov_10.410266"	"PrePostFVT"	"During"	"PrePostFVTDuring"	-0.39371949136496	-0.082971466560033	0.959439090493323	0.785996772542771	1	0.887745311772644	1	NA	"abundance"	26	7
"NODE_619_length_11199_cov_10.410266"	"PrePostFVT"	"Post"	"PrePostFVTPost"	0.815610350307203	0.558052786181425	0.728000075318717	0.768713706688301	1	0.515697128081247	1	NA	"abundance"	26	7
"NODE_620_length_4093_cov_9.471521"	"PrePostFVT"	"During"	"PrePostFVTDuring"	-0.558434172983426	-0.082971466560033	0.554847741788964	0.403405425736325	1	0.644074913959145	1	NA	"abundance"	26	23
"NODE_620_length_4093_cov_9.471521"	"PrePostFVT"	"Post"	"PrePostFVTPost"	0.581590652090759	0.558052786181425	0.436246480857338	0.957657012874202	1	0.554372230185331	1	NA	"abundance"	26	23
"NODE_621_length_7036_cov_14.523277"	"PrePostFVT"	"During"	"PrePostFVTDuring"	0.316660747121442	-0.082971466560033	0.630898352201754	0.538198209620183	1	0.786739106401996	1	NA	"abundance"	26	16
"NODE_621_length_7036_cov_14.523277"	"PrePostFVT"	"Post"	"PrePostFVTPost"	0.87635243978303	0.558052786181425	0.564292640966291	0.582844421369672	1	0.520387147311843	1	NA	"abundance"	26	16
"NODE_622_length_8361_cov_13.566458"	"PrePostFVT"	"During"	"PrePostFVTDuring"	0.0282234311738129	-0.082971466560033	0.584371665609424	0.851540220634184	1	0.977959693910653	1	NA	"abundance"	26	23
"NODE_622_length_8361_cov_13.566458"	"PrePostFVT"	"Post"	"PrePostFVTPost"	1.0996505005106	0.558052786181425	0.443413570812933	0.238126437305648	1	0.419548674467415	1	NA	"abundance"	26	23
"NODE_6235_length_1316_cov_8.171293"	"PrePostFVT"	"During"	"PrePostFVTDuring"	0.3335837311347	-0.082971466560033	0.144850489174094	0.071780248299021	1	0.138408092552173	1	NA	"abundance"	26	9
"NODE_6235_length_1316_cov_8.171293"	"PrePostFVT"	"Post"	"PrePostFVTPost"	0.423699103498936	0.558052786181425	0.170084659113296	0.50072381247629	1	0.512918386420061	1	NA	"abundance"	26	9
"NODE_626_length_2561_cov_6.706704"	"PrePostFVT"	"During"	"PrePostFVTDuring"	-0.370188132525243	-0.082971466560033	0.658790364624082	0.668230168072986	1	0.668230168072986	1	NA	"abundance"	26	26
"NODE_626_length_2561_cov_6.706704"	"PrePostFVT"	"Post"	"PrePostFVTPost"	0.567352121305298	0.558052786181425	0.491033346073774	0.985120008965163	1	0.985120008965163	1	NA	"abundance"	26	26
"NODE_63_length_110474_cov_16.315109|provirus_110_26744"	"PrePostFVT"	"During"	"PrePostFVTDuring"	0.338219657632073	-0.082971466560033	0.489038838705773	0.401528214205359	1	0.641831521607774	1	NA	"abundance"	26	21
"NODE_63_length_110474_cov_16.315109|provirus_110_26744"	"PrePostFVT"	"Post"	"PrePostFVTPost"	1.00454680311293	0.558052786181425	0.38450453398276	0.263205986815381	1	0.457134582135304	1	NA	"abundance"	26	21
"NODE_631_length_10280_cov_5.833154"	"PrePostFVT"	"During"	"PrePostFVTDuring"	1.2061276488063	-0.082971466560033	0.600537646889397	0.0501259948354273	1	0.0977393743126132	1	NA	"abundance"	26	18
"NODE_631_length_10280_cov_5.833154"	"PrePostFVT"	"Post"	"PrePostFVTPost"	-0.0952953829705251	0.558052786181425	0.465174461034645	0.183924303845392	1	0.334020458145772	1	NA	"abundance"	26	18
"NODE_6338_length_1009_cov_3.469602"	"PrePostFVT"	"During"	"PrePostFVTDuring"	0.499550937411594	-0.082971466560033	0.36500002856	0.261547200262506	1	0.454687462559856	1	NA	"abundance"	26	8
"NODE_6338_length_1009_cov_3.469602"	"PrePostFVT"	"Post"	"PrePostFVTPost"	-0.0945887011179089	0.558052786181425	0.513716957773008	0.336973236356612	1	0.044436073953596	1	NA	"abundance"	26	8
"NODE_634_length_10208_cov_6.749729"	"PrePostFVT"	"During"	"PrePostFVTDuring"	0.667632465002171	-0.082971466560033	0.428396476275796	0.114776908818437	1	0.216380078838958	1	NA	"abundance"	26	12
"NODE_634_length_10208_cov_6.749729"	"PrePostFVT"	"Post"	"PrePostFVTPost"	-0.187782321740255	0.558052786181425	0.393507290430757	0.0923685255993022	1	0.176205106677215	1	NA	"abundance"	26	12
"NODE_635_length_5374_cov_10.472081"	"PrePostFVT"	"During"	"PrePostFVTDuring"	-0.0402329151628287	-0.082971466560033	0.576360481657454	0.941830931672746	1	0.964806364606606	1	NA	"abundance"	26	24
"NODE_635_length_5374_cov_10.472081"	"PrePostFVT"	"Post"	"PrePostFVTPost"	0.699709733485884	0.558052786181425	0.443787999711642	0.754598083154658	1	0.937162170722469	1	NA	"abundance"	26	24
"NODE_638_length_12684_cov_14.580806"	"PrePostFVT"	"During"	"PrePostFVTDuring"	0.530557226768726	-0.082971466560033	0.787723823705203	0.471370065175766	1	0.720550392007727	1	NA	"abundance"	26	8
"NODE_638_length_12684_cov_14.580806"	"PrePostFVT"	"Post"	"PrePostFVTPost"	1.29607964655682	0.558052786181425	0.90958512332656	0.45412863936622	1	0.702024457639825	1	NA	"abundance"	26	8
"NODE_639_length_3393_cov_7.631216"	"PrePostFVT"	"During"	"PrePostFVTDuring"	-0.3181660354394	-0.082971466560033	0.689208406786162	0.739223147955453	1	0.931995433437736	1	NA	"abundance"	26	15
"NODE_639_length_3393_cov_7.631216"	"PrePostFVT"	"Post"	"PrePostFVTPost"	0.525538293632419	0.558052786181425	0.5902028186893	0.957071215495902	1	0.283004550284427	1	NA	"abundance"	26	15
"NODE_6390_length_1229_cov_3.322828"	"PrePostFVT"	"During"	"PrePostFVTDuring"	0.657218660683938	-0.082971466560033	0.776750046096416	0.372898491589267	1	0.606743698148984	1	NA	"abundance"	26	10
"NODE_6390_length_1229_cov_3.322828"	"PrePostFVT"	"Post"	"PrePostFVTPost"	1.80308381602152	0.558052786181425	0.634213756873177	0.0911160468917804	1	0.173929959782376	1	NA	"abundance"	26	10
"NODE_650_length_2189_cov_5.598875"	"PrePostFVT"	"During"	"PrePostFVTDuring"	-0.34138351234994	-0.082971466560033	0.687854421807677	0.711213111135309	1	0.711213111135309	1	NA	"abundance"	26	26
"NODE_650_length_2189_cov_5.598875"	"PrePostFVT"	"Post"	"PrePostFVTPost"	0.479135865463463	0.558052786181425	0.512696415261926	0.879602615972377	1	0.879602615972377	1	NA	"abundance"	26	26
"NODE_651_length_11453_cov_10.654589"	"PrePostFVT"	"During"	"PrePostFVTDuring"	0.578851973303856	-0.082971466560033	0.575153398134964	0.26514658613434	1	0.459990460129985	1	NA	"abundance"	26	22
"NODE_651_length_11453_cov_10.654589"	"PrePostFVT"	"Post"	"PrePostFVTPost"	1.31184673012736	0.558052786181425	0.443667128774967	0.107266088450458	1	0.203026163169454	1	NA	"abundance"	26	22
"NODE_652_length_3294_cov_3.960173"	"PrePostFVT"	"During"	"PrePostFVTDuring"	0.389957477323249	-0.082971466560033	0.72211291507624	0.521892490035999	1	0.771413208916023	1	NA	"abundance"	26	23
"NODE_652_length_3294_cov_3.960173"	"PrePostFVT"	"Post"	"PrePostFVTPost"	0.178551668009001	0.558052786181425	0.556298178728806	0.505496151167947	1	0.755465943490286	1	NA	"abundance"	26	23
"NODE_6522_length_1270_cov_9.375309"	"PrePostFVT"	"During"	"PrePostFVTDuring"	-0.0468122232764654	-0.082971466560033	0.557739042283142	0.949271815668773	1	0.997426651314457	1	NA	"abundance"	26	20
"NODE_6522_length_1270_cov_9.375309"	"PrePostFVT"	"Post"	"PrePostFVTPost"	0.515986292564571	0.558052786181425	0.466637961915703	0.929498565121546	1	0.904617110758282	1	NA	"abundance"	26	20
"NODE_657_length_7863_cov_7.580046"	"PrePostFVT"	"During"	"PrePostFVTDuring"	-1.16781285941289	-0.082971466560033	0.589744482651654	0.0964378253938097	1	0.183575396620933	1	NA	"abundance"	26	13
"NODE_657_length_7863_cov_7.580046"	"PrePostFVT"	"Post"	"PrePostFVTPost"	-0.214531476041875	0.558052786181425	0.510733703718043	0.162585527849426	1	0.298737001832774	1	NA	"abundance"	26	13
"NODE_657_length_8520_cov_10.546367"	"PrePostFVT"	"During"	"PrePostFVTDuring"	-0.0185533709270452	-0.082971466560033	0.808765069936367	0.937525347686552	1	0.996096917818314	1	NA	"abundance"	26	25
"NODE_657_length_8520_cov_10.546367"	"PrePostFVT"	"Post"	"PrePostFVTPost"	1.4541920902555	0.558052786181425	0.614018759589049	0.162574673392342	1	0.298718822356058	1	NA	"abundance"	26	25
"NODE_658_length_5901_cov_4.121280"	"PrePostFVT"	"During"	"PrePostFVTDuring"	-0.420409654447686	-0.082971466560033	0.185443558594066	0.96646005315527	1	0.998875071965653	1	NA	"abundance"	26	5
"NODE_658_length_5901_cov_4.121280"	"PrePostFVT"	"Post"	"PrePostFVTPost"	0.0358909132771247	0.558052786181425	0.179444919643885	0.957419919660768	1	0.875491639312777	1	NA	"abundance"	26	5
"NODE_66_length_134130_cov_18.587335|provirus_66308_107467"	"PrePostFVT"	"During"	"PrePostFVTDuring"	0.00889016985449059	-0.082971466560033	1.4031640605218	0.950362795144077	1	0.103227131095666	1	NA	"abundance"	26	8
"NODE_66_length_134130_cov_18.587335|provirus_66308_107467"	"PrePostFVT"	"Post"	"PrePostFVTPost"	0.728230241480886	0.558052786181425	1.35860775959942	0.905140633296159	1	0.522831508263144	1	NA	"abundance"	26	8
"NODE_66_length_44622_cov_51.812687"	"PrePostFVT"	"During"	"PrePostFVTDuring"	-0.209906651541441	-0.082971466560033	0.484776429313344	0.796780804787708	1	0.958701958697268	1	NA	"abundance"	26	25
"NODE_66_length_44622_cov_51.812687"	"PrePostFVT"	"Post"	"PrePostFVTPost"	0.371333280630173	0.558052786181425	0.368575359085869	0.620941863269053	1	0.856314928978062	1	NA	"abundance"	26	25
"NODE_660_length_7949_cov_14.370661"	"PrePostFVT"	"During"	"PrePostFVTDuring"	-1.8271740980695	-0.082971466560033	0.758699896522929	0.046460044856107	1	0.0907615539441824	1	NA	"abundance"	26	16
"NODE_660_length_7949_cov_14.370661"	"PrePostFVT"	"Post"	"PrePostFVTPost"	-0.884906395879419	0.558052786181425	0.796840357162301	0.098569827390405	1	0.152053668755648	1	NA	"abundance"	26	16
"NODE_661_length_4367_cov_5.651438"	"PrePostFVT"	"During"	"PrePostFVTDuring"	0.583441903050903	-0.082971466560033	0.411102600346272	0.148178721927025	1	0.274400510222122	1	NA	"abundance"	26	13
"NODE_661_length_4367_cov_5.651438"	"PrePostFVT"	"Post"	"PrePostFVTPost"	1.65196318024827	0.558052786181425	0.411102600346272	0.0312006768838878	1	0.0614278715297628	1	NA	"abundance"	26	13
"NODE_661_length_9488_cov_99.243613"	"PrePostFVT"	"During"	"PrePostFVTDuring"	-0.688962906861208	-0.082971466560033	0.573135860513146	0.326507312944194	1	0.546407600482351	1	NA	"abundance"	26	13
"NODE_661_length_9488_cov_99.243613"	"PrePostFVT"	"Post"	"PrePostFVTPost"	-1.86612345591451	0.558052786181425	0.546963772417104	0.00305987803308475	1	0.00611039321259215	1	NA	"abundance"	26	13
"NODE_663_length_9363_cov_7.272561"	"PrePostFVT"	"During"	"PrePostFVTDuring"	-0.625793555265475	-0.082971466560033	0.623435922784094	0.398344245329519	1	0.638010352871893	1	NA	"abundance"	26	22
"NODE_663_length_9363_cov_7.272561"	"PrePostFVT"	"Post"	"PrePostFVTPost"	-0.194097260175397	0.558052786181425	0.490226592385739	0.146707112866243	1	0.271891248766938	1	NA	"abundance"	26	22
"NODE_669_length_3318_cov_13.807539"	"PrePostFVT"	"Post"	"PrePostFVTPost"	2.53201493398909	0.558052786181425	0.909148944385327	0.263744756812682	1	0.263744756812682	1	NA	"abundance"	26	5
"NODE_671_length_9312_cov_18.108783"	"PrePostFVT"	"During"	"PrePostFVTDuring"	0.370662997087013	-0.082971466560033	0.585687267592137	0.449596484910327	1	0.697055970576932	1	NA	"abundance"	26	21
"NODE_671_length_9312_cov_18.108783"	"PrePostFVT"	"Post"	"PrePostFVTPost"	1.25247505194008	0.558052786181425	0.460493915945684	0.15030510184754	1	0.278018580053681	1	NA	"abundance"	26	21
"NODE_674_length_3219_cov_5.929520"	"PrePostFVT"	"During"	"PrePostFVTDuring"	-0.536225282029099	-0.082971466560033	0.475304101925104	0.356166744350751	1	0.585478738920089	1	NA	"abundance"	26	23
"NODE_674_length_3219_cov_5.929520"	"PrePostFVT"	"Post"	"PrePostFVTPost"	0.50152454888549	0.558052786181425	0.373799143985636	0.88255793195418	1	0.554372230185331	1	NA	"abundance"	26	23
"NODE_674_length_8037_cov_6.040967"	"PrePostFVT"	"During"	"PrePostFVTDuring"	-0.0278457079569888	-0.082971466560033	0.672288720091087	0.93584082754255	1	0.964806364606606	1	NA	"abundance"	26	23
"NODE_674_length_8037_cov_6.040967"	"PrePostFVT"	"Post"	"PrePostFVTPost"	0.0929198207050463	0.558052786181425	0.517598150216225	0.38260125185549	1	0.618818785789592	1	NA	"abundance"	26	23
"NODE_675_length_7581_cov_100.919612"	"PrePostFVT"	"During"	"PrePostFVTDuring"	-0.0690153303804066	-0.082971466560033	0.577316991419087	0.981017366405792	1	0.999639659621828	1	NA	"abundance"	26	25
"NODE_675_length_7581_cov_100.919612"	"PrePostFVT"	"Post"	"PrePostFVTPost"	0.511973179805826	0.558052786181425	0.438747579560386	0.917822170777578	1	0.99324680438429	1	NA	"abundance"	26	25
"NODE_676_length_9711_cov_334.290079"	"PrePostFVT"	"During"	"PrePostFVTDuring"	-0.537665930863148	-0.082971466560033	0.705320231926076	0.559005588920281	1	0.805523929396452	1	NA	"abundance"	26	10
"NODE_676_length_9711_cov_334.290079"	"PrePostFVT"	"Post"	"PrePostFVTPost"	-2.1783288885027	0.558052786181425	0.882571979050732	0.0313621027222774	1	0.0617406239573922	1	NA	"abundance"	26	10
"NODE_677_length_8295_cov_62.523301"	"PrePostFVT"	"During"	"PrePostFVTDuring"	-1.12072128764762	-0.082971466560033	1.57671594754077	0.549598297664133	1	0.123048259352549	1	NA	"abundance"	26	8
"NODE_677_length_8295_cov_62.523301"	"PrePostFVT"	"Post"	"PrePostFVTPost"	-0.768502001121003	0.558052786181425	1.54737996481683	0.439413684996118	1	0.506623762312808	1	NA	"abundance"	26	8
"NODE_678_length_9486_cov_7.880076"	"PrePostFVT"	"During"	"PrePostFVTDuring"	0.192249793761598	-0.082971466560033	0.497646887152124	0.588865375998829	1	0.830968320947416	1	NA	"abundance"	26	21
"NODE_678_length_9486_cov_7.880076"	"PrePostFVT"	"Post"	"PrePostFVTPost"	1.21258627033967	0.558052786181425	0.391340438331441	0.115810636925169	1	0.218209170225325	1	NA	"abundance"	26	21
"NODE_680_length_15026_cov_185.942956"	"PrePostFVT"	"During"	"PrePostFVTDuring"	0.188380011423796	-0.082971466560033	1.38808749948535	0.852565546968489	1	0.978263082059299	1	NA	"abundance"	26	10
"NODE_680_length_15026_cov_185.942956"	"PrePostFVT"	"Post"	"PrePostFVTPost"	1.8901901304932	0.558052786181425	1.38808749948535	0.381244925309177	1	0.287730035036434	1	NA	"abundance"	26	10
"NODE_680_length_2611_cov_5.318466"	"PrePostFVT"	"During"	"PrePostFVTDuring"	0.228970807407228	-0.082971466560033	0.457677943188639	0.504675961676629	1	0.754654097059027	1	NA	"abundance"	26	24
"NODE_680_length_2611_cov_5.318466"	"PrePostFVT"	"Post"	"PrePostFVTPost"	0.854881179933937	0.558052786181425	0.34728003257987	0.40501254886721	1	0.645989932994506	1	NA	"abundance"	26	24
"NODE_681_length_4804_cov_9.113708"	"PrePostFVT"	"During"	"PrePostFVTDuring"	-0.164805142577589	-0.082971466560033	0.766190281273258	0.915979901110907	1	0.915979901110907	1	NA	"abundance"	26	26
"NODE_681_length_4804_cov_9.113708"	"PrePostFVT"	"Post"	"PrePostFVTPost"	1.02013446895583	0.558052786181425	0.57108451754223	0.427866686002105	1	0.427866686002105	1	NA	"abundance"	26	26
"NODE_687_length_2813_cov_6.951777"	"PrePostFVT"	"During"	"PrePostFVTDuring"	0.3835555287028	-0.082971466560033	0.53661149873822	0.396363782286643	1	0.396363782286643	1	NA	"abundance"	26	26
"NODE_687_length_2813_cov_6.951777"	"PrePostFVT"	"Post"	"PrePostFVTPost"	0.105197138139242	0.558052786181425	0.399966596228901	0.274963949916247	1	0.274963949916247	1	NA	"abundance"	26	26
"NODE_689_length_5803_cov_139.537056"	"PrePostFVT"	"During"	"PrePostFVTDuring"	-0.764620714618219	-0.082971466560033	1.12368779633261	0.558956461414942	1	0.80548059707237	1	NA	"abundance"	26	14
"NODE_689_length_5803_cov_139.537056"	"PrePostFVT"	"Post"	"PrePostFVTPost"	-0.208542453352524	0.558052786181425	1.07445104170932	0.493461074677636	1	0.743418317133264	1	NA	"abundance"	26	14
"NODE_69_length_45823_cov_15.638940"	"PrePostFVT"	"During"	"PrePostFVTDuring"	-0.985345848643074	-0.082971466560033	0.658698697368933	0.200662636586295	1	0.361059779450827	1	NA	"abundance"	26	19
"NODE_69_length_45823_cov_15.638940"	"PrePostFVT"	"Post"	"PrePostFVTPost"	-1.05228087498932	0.558052786181425	0.570274093761603	0.0171026526798203	1	0.033912804630954	1	NA	"abundance"	26	19
"NODE_690_length_4287_cov_10.069707"	"PrePostFVT"	"During"	"PrePostFVTDuring"	-0.293526443304732	-0.082971466560033	0.691352047506054	0.764583110363407	1	0.944578888073832	1	NA	"abundance"	26	24
"NODE_690_length_4287_cov_10.069707"	"PrePostFVT"	"Post"	"PrePostFVTPost"	1.13386772869959	0.558052786181425	0.532412111174259	0.29648952059179	1	0.50507300536283	1	NA	"abundance"	26	24
"NODE_691_length_9321_cov_5.969566"	"PrePostFVT"	"During"	"PrePostFVTDuring"	-0.432158566453151	-0.082971466560033	0.541136673572071	0.53000793820251	1	0.779107461847344	1	NA	"abundance"	26	19
"NODE_691_length_9321_cov_5.969566"	"PrePostFVT"	"Post"	"PrePostFVTPost"	0.377298065172921	0.558052786181425	0.466401157392609	0.704514506471669	1	0.695414254095056	1	NA	"abundance"	26	19
"NODE_695_length_10897_cov_11.548054"	"PrePostFVT"	"During"	"PrePostFVTDuring"	0.060191122161203	-0.082971466560033	0.496737255676269	0.777013050394178	1	0.95027682030549	1	NA	"abundance"	26	22
"NODE_695_length_10897_cov_11.548054"	"PrePostFVT"	"Post"	"PrePostFVTPost"	0.767879474603482	0.558052786181425	0.383400105662566	0.593094229556451	1	0.834427693979742	1	NA	"abundance"	26	22
"NODE_696_length_11292_cov_19.369494"	"PrePostFVT"	"During"	"PrePostFVTDuring"	-0.409378974801448	-0.082971466560033	0.547359989997303	0.566047509655958	1	0.811685236124204	1	NA	"abundance"	26	16
"NODE_696_length_11292_cov_19.369494"	"PrePostFVT"	"Post"	"PrePostFVTPost"	1.22908962356465	0.558052786181425	0.515329162988101	0.223045695306988	1	0.282934474686591	1	NA	"abundance"	26	16
"NODE_698_length_2676_cov_4.006868"	"PrePostFVT"	"During"	"PrePostFVTDuring"	-1.11714209651739	-0.082971466560033	0.614333730570546	0.134252327346277	1	0.250480967294662	1	NA	"abundance"	26	13
"NODE_698_length_2676_cov_4.006868"	"PrePostFVT"	"Post"	"PrePostFVTPost"	0.361625292877074	0.558052786181425	0.53262648563111	0.723099752907594	1	0.597239027726227	1	NA	"abundance"	26	13
"NODE_700_length_2756_cov_6.677157"	"PrePostFVT"	"During"	"PrePostFVTDuring"	-0.0396750812523584	-0.082971466560033	0.718213722315863	0.952799189207584	1	0.964806364606606	1	NA	"abundance"	26	24
"NODE_700_length_2756_cov_6.677157"	"PrePostFVT"	"Post"	"PrePostFVTPost"	1.1106467760177	0.558052786181425	0.553225440800464	0.333666591472993	1	0.555999788680781	1	NA	"abundance"	26	24
"NODE_7013_length_1142_cov_2.417663"	"PrePostFVT"	"During"	"PrePostFVTDuring"	-0.000869465685979203	-0.082971466560033	0.76137446266814	0.916136389109599	1	0.992966894768423	1	NA	"abundance"	26	18
"NODE_7013_length_1142_cov_2.417663"	"PrePostFVT"	"Post"	"PrePostFVTPost"	0.255019516381635	0.558052786181425	0.675897311167325	0.662195659249141	1	0.206716386561258	1	NA	"abundance"	26	18
"NODE_706_length_9001_cov_11.109882"	"PrePostFVT"	"During"	"PrePostFVTDuring"	-0.474882145336913	-0.082971466560033	1.14739733782354	0.746463714975971	1	0.935719352176214	1	NA	"abundance"	26	9
"NODE_706_length_9001_cov_11.109882"	"PrePostFVT"	"Post"	"PrePostFVTPost"	2.12618640095837	0.558052786181425	1.14739733782354	0.230080239352485	1	0.287730010041908	1	NA	"abundance"	26	9
"NODE_706_length_9031_cov_24.872995"	"PrePostFVT"	"During"	"PrePostFVTDuring"	-0.102067351985034	-0.082971466560033	0.504215014589243	0.970286603316361	1	0.964806364606606	1	NA	"abundance"	26	22
"NODE_706_length_9031_cov_24.872995"	"PrePostFVT"	"Post"	"PrePostFVTPost"	0.791964026953569	0.558052786181425	0.388494173344872	0.557256575473195	1	0.803978260038277	1	NA	"abundance"	26	22
"NODE_707_length_10061_cov_16.960224"	"PrePostFVT"	"During"	"PrePostFVTDuring"	-1.15923482769021	-0.082971466560033	0.56449276394077	0.0839346055579433	1	0.160824193105719	1	NA	"abundance"	26	15
"NODE_707_length_10061_cov_16.960224"	"PrePostFVT"	"Post"	"PrePostFVTPost"	-0.136246745299653	0.558052786181425	0.48340272278618	0.180092649893713	1	0.30291676146	1	NA	"abundance"	26	15
"NODE_707_length_7557_cov_22.433484"	"PrePostFVT"	"During"	"PrePostFVTDuring"	-0.58220704150048	-0.082971466560033	0.58907355720562	0.411193990620441	1	0.653307483318518	1	NA	"abundance"	26	20
"NODE_707_length_7557_cov_22.433484"	"PrePostFVT"	"Post"	"PrePostFVTPost"	-0.136360309295435	0.558052786181425	0.492854298002176	0.180838395383508	1	0.328974265522134	1	NA	"abundance"	26	20
"NODE_708_length_8728_cov_26.528422"	"PrePostFVT"	"During"	"PrePostFVTDuring"	-0.556892998654139	-0.082971466560033	0.538595825241883	0.393336714697428	1	0.63195965826589	1	NA	"abundance"	26	20
"NODE_708_length_8728_cov_26.528422"	"PrePostFVT"	"Post"	"PrePostFVTPost"	0.12614670097839	0.558052786181425	0.450621597438016	0.354369186556144	1	0.583160852731825	1	NA	"abundance"	26	20
"NODE_709_length_10915_cov_13.716575"	"PrePostFVT"	"During"	"PrePostFVTDuring"	1.10917309386991	-0.082971466560033	0.67498324279436	0.114507764370018	1	0.215903500639016	1	NA	"abundance"	26	14
"NODE_709_length_10915_cov_13.716575"	"PrePostFVT"	"Post"	"PrePostFVTPost"	0.245648930648939	0.558052786181425	0.605006706980776	0.620468270354106	1	0.0633590317142327	1	NA	"abundance"	26	14
"NODE_712_length_5109_cov_8.122477"	"PrePostFVT"	"During"	"PrePostFVTDuring"	-1.70000242470568	-0.082971466560033	0.800694167542149	0.0765988184059158	1	0.147330257830649	1	NA	"abundance"	26	15
"NODE_712_length_5109_cov_8.122477"	"PrePostFVT"	"Post"	"PrePostFVTPost"	-1.04840831276572	0.558052786181425	0.802067420717054	0.0734786966224566	1	0.141558274387578	1	NA	"abundance"	26	15
"NODE_714_length_7001_cov_23.326663"	"PrePostFVT"	"During"	"PrePostFVTDuring"	-0.128337866552679	-0.082971466560033	0.656992987125985	0.945733167972454	1	0.945733167972454	1	NA	"abundance"	26	26
"NODE_714_length_7001_cov_23.326663"	"PrePostFVT"	"Post"	"PrePostFVTPost"	0.639726560896948	0.558052786181425	0.489693659984782	0.869652609575934	1	0.869652609575934	1	NA	"abundance"	26	26
"NODE_714_length_8767_cov_70.253558"	"PrePostFVT"	"During"	"PrePostFVTDuring"	0.0160584910593004	-0.082971466560033	0.641063855731185	0.879439850647394	1	0.964806364606606	1	NA	"abundance"	26	23
"NODE_714_length_8767_cov_70.253558"	"PrePostFVT"	"Post"	"PrePostFVTPost"	0.382169523565565	0.558052786181425	0.493889508584952	0.727186708121165	1	0.925572907774234	1	NA	"abundance"	26	23
"NODE_714_length_8853_cov_6.383951"	"PrePostFVT"	"During"	"PrePostFVTDuring"	1.03372706911572	-0.082971466560033	0.648759324659094	0.125177356220154	1	0.234685341930041	1	NA	"abundance"	26	13
"NODE_714_length_8853_cov_6.383951"	"PrePostFVT"	"Post"	"PrePostFVTPost"	0.24132886806137	0.558052786181425	0.582942023788417	0.604566116851062	1	0.191582646722828	1	NA	"abundance"	26	13
"NODE_72_length_64029_cov_53.309454|provirus_26592_63618"	"PrePostFVT"	"During"	"PrePostFVTDuring"	-0.00427703326090618	-0.082971466560033	0.552181199874012	0.888844172131261	1	0.964806364606606	1	NA	"abundance"	26	23
"NODE_72_length_64029_cov_53.309454|provirus_26592_63618"	"PrePostFVT"	"Post"	"PrePostFVTPost"	0.026891689270552	0.558052786181425	0.425011352330253	0.232507800405956	1	0.410955723562296	1	NA	"abundance"	26	23
"NODE_728_length_8488_cov_23.410056"	"PrePostFVT"	"During"	"PrePostFVTDuring"	0.165246930811902	-0.082971466560033	0.545149243996923	0.655793118889987	1	0.881521622996517	1	NA	"abundance"	26	18
"NODE_728_length_8488_cov_23.410056"	"PrePostFVT"	"Post"	"PrePostFVTPost"	1.20697031450217	0.558052786181425	0.456104580947497	0.176769904184818	1	0.322292209344126	1	NA	"abundance"	26	18
"NODE_729_length_5098_cov_19.285743"	"PrePostFVT"	"During"	"PrePostFVTDuring"	-0.0588985025779589	-0.082971466560033	0.793540698633452	0.976152120049222	1	0.999431278621853	1	NA	"abundance"	26	25
"NODE_729_length_5098_cov_19.285743"	"PrePostFVT"	"Post"	"PrePostFVTPost"	0.941232334003326	0.558052786181425	0.602634558337549	0.533466261340023	1	0.782346270691944	1	NA	"abundance"	26	25
"NODE_73_length_18156_cov_15.957737"	"PrePostFVT"	"During"	"PrePostFVTDuring"	-0.473958894971786	-0.082971466560033	0.871090259220377	0.658274277150221	1	0.658274277150221	1	NA	"abundance"	26	26
"NODE_73_length_18156_cov_15.957737"	"PrePostFVT"	"Post"	"PrePostFVTPost"	1.14343725973998	0.558052786181425	0.649272344718225	0.378486063513989	1	0.378486063513989	1	NA	"abundance"	26	26
"NODE_731_length_2682_cov_6.396650"	"PrePostFVT"	"During"	"PrePostFVTDuring"	-0.0270959884097718	-0.082971466560033	0.852982193540917	0.948889230295256	1	0.997387689220189	1	NA	"abundance"	26	19
"NODE_731_length_2682_cov_6.396650"	"PrePostFVT"	"Post"	"PrePostFVTPost"	-1.17778751227071	0.558052786181425	0.749436457514945	0.0381193585601092	1	0.0747856316231843	1	NA	"abundance"	26	19
"NODE_732_length_11018_cov_1316.019976"	"PrePostFVT"	"During"	"PrePostFVTDuring"	-0.352546188291843	-0.082971466560033	1.14024660138522	0.816629712317953	1	0.966375337595403	1	NA	"abundance"	26	17
"NODE_732_length_11018_cov_1316.019976"	"PrePostFVT"	"Post"	"PrePostFVTPost"	0.741684998559686	0.558052786181425	0.995288830812177	0.85635744726187	1	0.978163610153875	1	NA	"abundance"	26	17
"NODE_732_length_3221_cov_7.692988"	"PrePostFVT"	"During"	"PrePostFVTDuring"	-0.138219476452438	-0.082971466560033	0.772494232768386	0.943641093285747	1	0.943641093285747	1	NA	"abundance"	26	26
"NODE_732_length_3221_cov_7.692988"	"PrePostFVT"	"Post"	"PrePostFVTPost"	0.899377797074174	0.558052786181425	0.575783205565552	0.560520439748956	1	0.560520439748956	1	NA	"abundance"	26	26
"NODE_735_length_8116_cov_8.504404"	"PrePostFVT"	"During"	"PrePostFVTDuring"	0.493980252565863	-0.082971466560033	1.30321162522974	0.673433193921064	1	0.893354121167403	1	NA	"abundance"	26	9
"NODE_735_length_8116_cov_8.504404"	"PrePostFVT"	"Post"	"PrePostFVTPost"	-0.123999425045313	0.558052786181425	1.1493246220154	0.5747043527807	1	0.410000788570055	1	NA	"abundance"	26	9
"NODE_737_length_7618_cov_6.145577"	"PrePostFVT"	"During"	"PrePostFVTDuring"	0.148931072523932	-0.082971466560033	0.39836117651788	0.573713922921094	1	0.818280180488677	1	NA	"abundance"	26	16
"NODE_737_length_7618_cov_6.145577"	"PrePostFVT"	"Post"	"PrePostFVTPost"	1.59226702217107	0.558052786181425	0.347455025489509	0.0137187555565184	1	0.0272493068590172	1	NA	"abundance"	26	16
"NODE_738_length_3208_cov_8.286394"	"PrePostFVT"	"During"	"PrePostFVTDuring"	-0.0985655727524967	-0.082971466560033	0.742116451416593	0.983485580844366	1	0.999727273959952	1	NA	"abundance"	26	25
"NODE_738_length_3208_cov_8.286394"	"PrePostFVT"	"Post"	"PrePostFVTPost"	1.13155726433083	0.558052786181425	0.563763644899746	0.323990185404773	1	0.543010730570927	1	NA	"abundance"	26	25
"NODE_74_length_38703_cov_8.351144|provirus_2_22265"	"PrePostFVT"	"During"	"PrePostFVTDuring"	0.255134254299127	-0.082971466560033	0.596859015336679	0.578847685491499	1	0.822630727984133	1	NA	"abundance"	26	24
"NODE_74_length_38703_cov_8.351144|provirus_2_22265"	"PrePostFVT"	"Post"	"PrePostFVTPost"	0.491079799723989	0.558052786181425	0.459441044011706	0.886184610811611	1	0.937162170722469	1	NA	"abundance"	26	24
"NODE_742_length_2991_cov_3.668256"	"PrePostFVT"	"During"	"PrePostFVTDuring"	-0.431571016295788	-0.082971466560033	0.542028932814312	0.532104396514071	1	0.781073704238539	1	NA	"abundance"	26	17
"NODE_742_length_2991_cov_3.668256"	"PrePostFVT"	"Post"	"PrePostFVTPost"	0.0619905623876088	0.558052786181425	0.484805415817788	0.326697200954721	1	0.469940759904031	1	NA	"abundance"	26	17
"NODE_752_length_3170_cov_7.854896"	"PrePostFVT"	"During"	"PrePostFVTDuring"	-0.704171614996219	-0.082971466560033	0.675885399427157	0.370274366196889	1	0.603445626131271	1	NA	"abundance"	26	24
"NODE_752_length_3170_cov_7.854896"	"PrePostFVT"	"Post"	"PrePostFVTPost"	0.995309947654359	0.558052786181425	0.523538579185225	0.415254623879889	1	0.65807284510615	1	NA	"abundance"	26	24
"NODE_755_length_4875_cov_7.749585"	"PrePostFVT"	"During"	"PrePostFVTDuring"	-0.514035759836452	-0.082971466560033	0.626507930939907	0.504820451707997	1	0.754797214953328	1	NA	"abundance"	26	17
"NODE_755_length_4875_cov_7.749585"	"PrePostFVT"	"Post"	"PrePostFVTPost"	0.379878764878152	0.558052786181425	0.502323863072949	0.729578891796691	1	0.926872424238094	1	NA	"abundance"	26	17
"NODE_755_length_8367_cov_9.003248"	"PrePostFVT"	"During"	"PrePostFVTDuring"	0.101204472033761	-0.082971466560033	1.22264237903514	0.884434184646148	1	0.633664684634504	1	NA	"abundance"	26	10
"NODE_755_length_8367_cov_9.003248"	"PrePostFVT"	"Post"	"PrePostFVTPost"	0.880605497907409	0.558052786181425	0.998283322179536	0.75596303102491	1	0.469946122237116	1	NA	"abundance"	26	10
"NODE_76_length_13618_cov_10.242498"	"PrePostFVT"	"During"	"PrePostFVTDuring"	-0.105682597782431	-0.082971466560033	0.650557094157143	0.972537300196435	1	0.999245800119499	1	NA	"abundance"	26	25
"NODE_76_length_13618_cov_10.242498"	"PrePostFVT"	"Post"	"PrePostFVTPost"	1.08467423763812	0.558052786181425	0.494287073656653	0.302282505149831	1	0.513190297380004	1	NA	"abundance"	26	25
"NODE_76_length_24607_cov_45.251914"	"PrePostFVT"	"During"	"PrePostFVTDuring"	-0.206847654190847	-0.082971466560033	0.952010847988609	0.89770419706262	1	0.989535568701397	1	NA	"abundance"	26	24
"NODE_76_length_24607_cov_45.251914"	"PrePostFVT"	"Post"	"PrePostFVTPost"	-0.641789918219239	0.558052786181425	0.734370901500983	0.119357641477024	1	0.22446903637509	1	NA	"abundance"	26	24
"NODE_760_length_4785_cov_34.652643"	"PrePostFVT"	"During"	"PrePostFVTDuring"	0.188571319779822	-0.082971466560033	0.617971088339964	0.665731672897601	1	0.665731672897601	1	NA	"abundance"	26	26
"NODE_760_length_4785_cov_34.652643"	"PrePostFVT"	"Post"	"PrePostFVTPost"	0.256295347440136	0.558052786181425	0.460608453885895	0.52196387730456	1	0.52196387730456	1	NA	"abundance"	26	26
"NODE_765_length_5395_cov_6.556929"	"PrePostFVT"	"During"	"PrePostFVTDuring"	-0.171665568073299	-0.082971466560033	0.55719741197851	0.875822196871072	1	0.984579873210073	1	NA	"abundance"	26	17
"NODE_765_length_5395_cov_6.556929"	"PrePostFVT"	"Post"	"PrePostFVTPost"	0.522161679536786	0.558052786181425	0.480243773033306	0.941517960960078	1	0.695437014302426	1	NA	"abundance"	26	17
"NODE_765_length_5828_cov_11.426295"	"PrePostFVT"	"During"	"PrePostFVTDuring"	0.175951630627618	-0.082971466560033	0.662394419826422	0.701286254775566	1	0.660613584922497	1	NA	"abundance"	26	22
"NODE_765_length_5828_cov_11.426295"	"PrePostFVT"	"Post"	"PrePostFVTPost"	-0.0827858921889275	0.558052786181425	0.519695409288828	0.237970338159186	1	0.419310794474775	1	NA	"abundance"	26	22
"NODE_766_length_4069_cov_5.818884"	"PrePostFVT"	"During"	"PrePostFVTDuring"	0.197813098720789	-0.082971466560033	0.458537721475589	0.550009797055588	1	0.797508817254047	1	NA	"abundance"	26	24
"NODE_766_length_4069_cov_5.818884"	"PrePostFVT"	"Post"	"PrePostFVTPost"	1.05647647398681	0.558052786181425	0.348110034281603	0.173564116123411	1	0.317003729841121	1	NA	"abundance"	26	24
"NODE_766_length_5543_cov_5.652332"	"PrePostFVT"	"During"	"PrePostFVTDuring"	-0.566300254088093	-0.082971466560033	0.534975896847568	0.381375161012787	1	0.617303308588044	1	NA	"abundance"	26	20
"NODE_766_length_5543_cov_5.652332"	"PrePostFVT"	"Post"	"PrePostFVTPost"	0.0106784690446221	0.558052786181425	0.447592948051577	0.242311143290769	1	0.425907596418658	1	NA	"abundance"	26	20
"NODE_766_length_7639_cov_85.453718"	"PrePostFVT"	"During"	"PrePostFVTDuring"	0.270078266638636	-0.082971466560033	0.664145899552989	0.601480169031291	1	0.601480169031291	1	NA	"abundance"	26	26
"NODE_766_length_7639_cov_85.453718"	"PrePostFVT"	"Post"	"PrePostFVTPost"	0.689577483194436	0.558052786181425	0.495025126126077	0.79394807091118	1	0.79394807091118	1	NA	"abundance"	26	26
"NODE_769_length_8169_cov_24.866404"	"PrePostFVT"	"During"	"PrePostFVTDuring"	0.78353980396624	-0.082971466560033	0.348997726806095	0.0335913485253955	1	0.0660543183550364	1	NA	"abundance"	26	13
"NODE_769_length_8169_cov_24.866404"	"PrePostFVT"	"Post"	"PrePostFVTPost"	1.42098160933699	0.558052786181425	0.302240897277099	0.0181680980280622	1	0.0360061162701672	1	NA	"abundance"	26	13
"NODE_772_length_3519_cov_8.262991"	"PrePostFVT"	"During"	"PrePostFVTDuring"	-0.048367968797715	-0.082971466560033	0.678922981425478	0.959950073392364	1	0.998396003378723	1	NA	"abundance"	26	25
"NODE_772_length_3519_cov_8.262991"	"PrePostFVT"	"Post"	"PrePostFVTPost"	1.06269963470782	0.558052786181425	0.515885140838798	0.342491594882769	1	0.567682697200195	1	NA	"abundance"	26	25
"NODE_779_length_6166_cov_8.238423"	"PrePostFVT"	"During"	"PrePostFVTDuring"	0.121583225718846	-0.082971466560033	0.564984051872835	0.725446269216966	1	0.924620248913117	1	NA	"abundance"	26	15
"NODE_779_length_6166_cov_8.238423"	"PrePostFVT"	"Post"	"PrePostFVTPost"	1.53467313094163	0.558052786181425	0.510040906979778	0.0876924392023363	1	0.167694914511417	1	NA	"abundance"	26	15
"NODE_779_length_6446_cov_5.342826"	"PrePostFVT"	"During"	"PrePostFVTDuring"	0.343869042801965	-0.082971466560033	0.52064797618357	0.431452826556121	1	0.676754111568976	1	NA	"abundance"	26	16
"NODE_779_length_6446_cov_5.342826"	"PrePostFVT"	"Post"	"PrePostFVTPost"	1.42404918132862	0.558052786181425	0.454779217752719	0.0852747822692045	1	0.163277776047349	1	NA	"abundance"	26	16
"NODE_779_length_7907_cov_95.992486"	"PrePostFVT"	"During"	"PrePostFVTDuring"	-0.0877141833905819	-0.082971466560033	0.599626946863326	0.993778741102372	1	0.999761165006851	1	NA	"abundance"	26	25
"NODE_779_length_7907_cov_95.992486"	"PrePostFVT"	"Post"	"PrePostFVTPost"	0.258178469395544	0.558052786181425	0.45583921606473	0.520807686743012	1	0.770374726915417	1	NA	"abundance"	26	25
"NODE_784_length_6479_cov_5.934153"	"PrePostFVT"	"During"	"PrePostFVTDuring"	-1.61191225168388	-0.082971466560033	0.788343015252888	0.0926531423935735	1	0.176721679991743	1	NA	"abundance"	26	13
"NODE_784_length_6479_cov_5.934153"	"PrePostFVT"	"Post"	"PrePostFVTPost"	-0.866724120343338	0.558052786181425	0.863077185942642	0.136322226982461	1	0.196476585389362	1	NA	"abundance"	26	13
"NODE_790_length_9852_cov_19.892824"	"PrePostFVT"	"During"	"PrePostFVTDuring"	-1.07542975808493	-0.082971466560033	0.548246270584037	0.0990060328495938	1	0.188209871158573	1	NA	"abundance"	26	14
"NODE_790_length_9852_cov_19.892824"	"PrePostFVT"	"Post"	"PrePostFVTPost"	-0.259541094142299	0.558052786181425	0.469490057069182	0.110811197121775	1	0.20934327283599	1	NA	"abundance"	26	14
"NODE_792_length_7956_cov_4.092140"	"PrePostFVT"	"During"	"PrePostFVTDuring"	-1.80101040416942	-0.082971466560033	0.619615010285212	0.0697285615954775	1	0.134595050888781	1	NA	"abundance"	26	6
"NODE_792_length_7956_cov_4.092140"	"PrePostFVT"	"Post"	"PrePostFVTPost"	0.591720319852721	0.558052786181425	0.584178633996861	0.957683186117547	1	0.751237630719926	1	NA	"abundance"	26	6
"NODE_793_length_3426_cov_10.309107"	"PrePostFVT"	"During"	"PrePostFVTDuring"	0.146467111588894	-0.082971466560033	0.589780683205402	0.702206011744876	1	0.911318740559107	1	NA	"abundance"	26	25
"NODE_793_length_3426_cov_10.309107"	"PrePostFVT"	"Post"	"PrePostFVTPost"	0.816778918654454	0.558052786181425	0.448186332685317	0.572307518125803	1	0.81707914094829	1	NA	"abundance"	26	25
"NODE_795_length_2536_cov_4.845627"	"PrePostFVT"	"During"	"PrePostFVTDuring"	-0.0589026509193673	-0.082971466560033	0.699071765017945	0.972948602372821	1	0.964806364606606	1	NA	"abundance"	26	24
"NODE_795_length_2536_cov_4.845627"	"PrePostFVT"	"Post"	"PrePostFVTPost"	1.16152477635047	0.558052786181425	0.538594776233503	0.280036741361598	1	0.481652906210774	1	NA	"abundance"	26	24
"NODE_796_length_4002_cov_5.617938"	"PrePostFVT"	"During"	"PrePostFVTDuring"	-0.544328465508492	-0.082971466560033	0.555420815421798	0.419261754499442	1	0.662743090212933	1	NA	"abundance"	26	22
"NODE_796_length_4002_cov_5.617938"	"PrePostFVT"	"Post"	"PrePostFVTPost"	0.494480929216874	0.558052786181425	0.436697389976052	0.886467471933416	1	0.554372230185331	1	NA	"abundance"	26	22
"NODE_803_length_4498_cov_1136.345262"	"PrePostFVT"	"During"	"PrePostFVTDuring"	-3.56504159540719	-0.082971466560033	1.6265667384872	0.0989373272200401	1	0.188086059722635	1	NA	"abundance"	26	8
"NODE_803_length_4498_cov_1136.345262"	"PrePostFVT"	"Post"	"PrePostFVTPost"	-1.71687026704797	0.558052786181425	1.6265667384872	0.234640301415526	1	0.414224531782683	1	NA	"abundance"	26	8
"NODE_808_length_5181_cov_14.840616"	"PrePostFVT"	"During"	"PrePostFVTDuring"	-0.209910685959046	-0.082971466560033	0.557545674484379	0.82471796443572	1	0.969276208008443	1	NA	"abundance"	26	18
"NODE_808_length_5181_cov_14.840616"	"PrePostFVT"	"Post"	"PrePostFVTPost"	0.956143954318918	0.558052786181425	0.52398189263118	0.464368345280149	1	0.118563154149893	1	NA	"abundance"	26	18
"NODE_808_length_6843_cov_29.495580"	"PrePostFVT"	"During"	"PrePostFVTDuring"	-0.0410168857199148	-0.082971466560033	0.558093082850261	0.941051371463331	1	0.964806364606606	1	NA	"abundance"	26	24
"NODE_808_length_6843_cov_29.495580"	"PrePostFVT"	"Post"	"PrePostFVTPost"	0.750100921302162	0.558052786181425	0.430023999961723	0.6623521747634	1	0.885993946112994	1	NA	"abundance"	26	24
"NODE_811_length_5282_cov_6.841783"	"PrePostFVT"	"During"	"PrePostFVTDuring"	0.248642187608554	-0.082971466560033	0.587733646112852	0.581612180197205	1	0.824951632240664	1	NA	"abundance"	26	17
"NODE_811_length_5282_cov_6.841783"	"PrePostFVT"	"Post"	"PrePostFVTPost"	1.07361683678617	0.558052786181425	0.499477555054078	0.320854468505951	1	0.538761347051666	1	NA	"abundance"	26	17
"NODE_814_length_4101_cov_6.458725"	"PrePostFVT"	"During"	"PrePostFVTDuring"	-0.396562673909207	-0.082971466560033	0.629535834557897	0.626941703559733	1	0.821955795111619	1	NA	"abundance"	26	20
"NODE_814_length_4101_cov_6.458725"	"PrePostFVT"	"Post"	"PrePostFVTPost"	-0.0794651623983662	0.558052786181425	0.514013856488005	0.23844397041446	1	0.420032413801908	1	NA	"abundance"	26	20
"NODE_815_length_9452_cov_9.352453"	"PrePostFVT"	"During"	"PrePostFVTDuring"	1.40685142578672	-0.082971466560033	0.701797160703823	0.0599921273791432	1	0.116385199410811	1	NA	"abundance"	26	13
"NODE_815_length_9452_cov_9.352453"	"PrePostFVT"	"Post"	"PrePostFVTPost"	0.418906836585361	0.558052786181425	0.64065022618427	0.832565195061504	1	0.191582646722828	1	NA	"abundance"	26	13
"NODE_816_length_4609_cov_5.214756"	"PrePostFVT"	"During"	"PrePostFVTDuring"	0.178114683881695	-0.082971466560033	0.610052689069462	0.675121941750494	1	0.894454247268031	1	NA	"abundance"	26	22
"NODE_816_length_4609_cov_5.214756"	"PrePostFVT"	"Post"	"PrePostFVTPost"	0.224897850573333	0.558052786181425	0.479796357829217	0.49949284309036	1	0.749492585882229	1	NA	"abundance"	26	22
"NODE_817_length_4606_cov_10.906834"	"PrePostFVT"	"During"	"PrePostFVTDuring"	-0.470652564006156	-0.082971466560033	0.617535395464545	0.538051510305634	1	0.786603592869095	1	NA	"abundance"	26	24
"NODE_817_length_4606_cov_10.906834"	"PrePostFVT"	"Post"	"PrePostFVTPost"	0.628748837072977	0.558052786181425	0.478340860465559	0.884198488097626	1	0.986590009841124	1	NA	"abundance"	26	24
"NODE_818_length_6157_cov_23.997542"	"PrePostFVT"	"During"	"PrePostFVTDuring"	1.30373141109599	-0.082971466560033	0.774872482258988	0.0998277237618377	1	0.189689873092206	1	NA	"abundance"	26	17
"NODE_818_length_6157_cov_23.997542"	"PrePostFVT"	"Post"	"PrePostFVTPost"	-0.228694051272412	0.558052786181425	0.606533815451847	0.221709460942143	1	0.39426383681303	1	NA	"abundance"	26	17
"NODE_826_length_8466_cov_7.545952"	"PrePostFVT"	"During"	"PrePostFVTDuring"	0.31358443095299	-0.082971466560033	0.495499691437641	0.435837540708647	1	0.681720719526333	1	NA	"abundance"	26	19
"NODE_826_length_8466_cov_7.545952"	"PrePostFVT"	"Post"	"PrePostFVTPost"	1.06318514023477	0.558052786181425	0.41877367243519	0.24714536000847	1	0.250583303520518	1	NA	"abundance"	26	19
"NODE_830_length_4810_cov_5.175605"	"PrePostFVT"	"During"	"PrePostFVTDuring"	0.270385379116088	-0.082971466560033	0.605921127141995	0.568169191583539	1	0.813522152902386	1	NA	"abundance"	26	23
"NODE_830_length_4810_cov_5.175605"	"PrePostFVT"	"Post"	"PrePostFVTPost"	-0.0324618619966749	0.558052786181425	0.466389129592324	0.225349998291536	1	0.399917374853076	1	NA	"abundance"	26	23
"NODE_831_length_3694_cov_7.206650"	"PrePostFVT"	"During"	"PrePostFVTDuring"	-0.204492807434169	-0.082971466560033	0.73697303503283	0.87110424437505	1	0.964806364606606	1	NA	"abundance"	26	23
"NODE_831_length_3694_cov_7.206650"	"PrePostFVT"	"Post"	"PrePostFVTPost"	0.172310712031564	0.558052786181425	0.567389416036613	0.507074588690441	1	0.757024538885302	1	NA	"abundance"	26	23
"NODE_835_length_5286_cov_13.774995"	"PrePostFVT"	"During"	"PrePostFVTDuring"	0.119652796527815	-0.082971466560033	0.741001364090844	0.787961396117955	1	0.955039630463753	1	NA	"abundance"	26	23
"NODE_835_length_5286_cov_13.774995"	"PrePostFVT"	"Post"	"PrePostFVTPost"	0.0837194319427326	0.558052786181425	0.570706692945771	0.418645887082209	1	0.662027395393569	1	NA	"abundance"	26	23
"NODE_839_length_4261_cov_7.643367"	"PrePostFVT"	"During"	"PrePostFVTDuring"	-0.349725656623403	-0.082971466560033	0.603297159438932	0.66582353494647	1	0.821955795111619	1	NA	"abundance"	26	20
"NODE_839_length_4261_cov_7.643367"	"PrePostFVT"	"Post"	"PrePostFVTPost"	-0.0871704808112945	0.558052786181425	0.492590067965297	0.214358021446903	1	0.382766681535175	1	NA	"abundance"	26	20
"NODE_839_length_5381_cov_27.898235"	"PrePostFVT"	"During"	"PrePostFVTDuring"	0.451814743688615	-0.082971466560033	0.644226740197709	0.418938011206533	1	0.66236696517938	1	NA	"abundance"	26	23
"NODE_839_length_5381_cov_27.898235"	"PrePostFVT"	"Post"	"PrePostFVTPost"	0.604779691465264	0.558052786181425	0.496093095879029	0.926163385821345	1	0.937162170722469	1	NA	"abundance"	26	23
"NODE_839_length_9245_cov_8.674320"	"PrePostFVT"	"Post"	"PrePostFVTPost"	0.526908898472019	0.558052786181425	1.26288071324504	0.982032900900419	1	0.508611336423462	1	NA	"abundance"	26	5
"NODE_844_length_5836_cov_27.449922"	"PrePostFVT"	"During"	"PrePostFVTDuring"	0.204878109792583	-0.082971466560033	0.671202007115756	0.674639197177234	1	0.894140347986525	1	NA	"abundance"	26	18
"NODE_844_length_5836_cov_27.449922"	"PrePostFVT"	"Post"	"PrePostFVTPost"	-0.36970148757593	0.558052786181425	0.595775926285432	0.142426010089725	1	0.206716386561258	1	NA	"abundance"	26	18
"NODE_847_length_6595_cov_5.830734"	"PrePostFVT"	"During"	"PrePostFVTDuring"	-0.652868979801397	-0.082971466560033	1.26746137375447	0.668592176581258	1	0.633821073191057	1	NA	"abundance"	26	9
"NODE_847_length_6595_cov_5.830734"	"PrePostFVT"	"Post"	"PrePostFVTPost"	1.2603409474564	0.558052786181425	1.06043426659633	0.532367713827916	1	0.695281057609501	1	NA	"abundance"	26	9
"NODE_848_length_2982_cov_33.972327"	"PrePostFVT"	"During"	"PrePostFVTDuring"	-0.119116001509012	-0.082971466560033	0.612117750479197	0.953606733398267	1	0.953606733398267	1	NA	"abundance"	26	26
"NODE_848_length_2982_cov_33.972327"	"PrePostFVT"	"Post"	"PrePostFVTPost"	0.32407302388064	0.558052786181425	0.456245633435247	0.615432354084248	1	0.615432354084248	1	NA	"abundance"	26	26
"NODE_851_length_3033_cov_8.269980"	"PrePostFVT"	"During"	"PrePostFVTDuring"	-0.0527972807244038	-0.082971466560033	0.762977724902292	0.968889629774382	1	0.964806364606606	1	NA	"abundance"	26	24
"NODE_851_length_3033_cov_8.269980"	"PrePostFVT"	"Post"	"PrePostFVTPost"	1.00788180512474	0.558052786181425	0.58773699007666	0.456142529799685	1	0.704219052107314	1	NA	"abundance"	26	24
"NODE_851_length_9964_cov_16.891412"	"PrePostFVT"	"During"	"PrePostFVTDuring"	0.592396023594866	-0.082971466560033	0.44800005795992	0.196686251179571	1	0.354687020956069	1	NA	"abundance"	26	10
"NODE_851_length_9964_cov_16.891412"	"PrePostFVT"	"Post"	"PrePostFVTPost"	0.56471105703272	0.558052786181425	0.44800005795992	0.988770135460121	1	0.410000195788243	1	NA	"abundance"	26	10
"NODE_852_length_3922_cov_6.695112"	"PrePostFVT"	"During"	"PrePostFVTDuring"	0.250037969320547	-0.082971466560033	0.554649127975962	0.558125913209339	1	0.80474729142292	1	NA	"abundance"	26	22
"NODE_852_length_3922_cov_6.695112"	"PrePostFVT"	"Post"	"PrePostFVTPost"	-0.0701295732893244	0.558052786181425	0.436219360115218	0.172250721113265	1	0.31483113130249	1	NA	"abundance"	26	22
"NODE_856_length_7149_cov_8.614604"	"PrePostFVT"	"During"	"PrePostFVTDuring"	0.95570091442688	-0.082971466560033	0.33418465510142	0.0151831361891137	1	0.0301357447536902	1	NA	"abundance"	26	11
"NODE_856_length_7149_cov_8.614604"	"PrePostFVT"	"Post"	"PrePostFVTPost"	0.175206588741548	0.558052786181425	0.33418465510142	0.288099193565833	1	0.196472353608531	1	NA	"abundance"	26	11
"NODE_859_length_5065_cov_4.762275"	"PrePostFVT"	"During"	"PrePostFVTDuring"	-1.24266409737964	-0.082971466560033	1.2445363372734	0.378831480361002	1	0.420599755320955	1	NA	"abundance"	26	11
"NODE_859_length_5065_cov_4.762275"	"PrePostFVT"	"Post"	"PrePostFVTPost"	0.260900438165674	0.558052786181425	1.11314714024477	0.796258192361015	1	0.958489275819999	1	NA	"abundance"	26	11
"NODE_861_length_5911_cov_16.363559"	"PrePostFVT"	"During"	"PrePostFVTDuring"	0.512486822750415	-0.082971466560033	0.561651240465897	0.312570472512584	1	0.527440644738428	1	NA	"abundance"	26	17
"NODE_861_length_5911_cov_16.363559"	"PrePostFVT"	"Post"	"PrePostFVTPost"	1.08018832206458	0.558052786181425	0.477437603986204	0.29776772800688	1	0.506869836171381	1	NA	"abundance"	26	17
"NODE_864_length_5862_cov_26.281901"	"PrePostFVT"	"During"	"PrePostFVTDuring"	-0.232430426898646	-0.082971466560033	0.63853139263357	0.818028026508	1	0.966886200863427	1	NA	"abundance"	26	22
"NODE_864_length_5862_cov_26.281901"	"PrePostFVT"	"Post"	"PrePostFVTPost"	-0.218163973922742	0.558052786181425	0.502144438230241	0.144064600146042	1	0.267374591276845	1	NA	"abundance"	26	22
"NODE_865_length_2666_cov_5.653007"	"PrePostFVT"	"During"	"PrePostFVTDuring"	0.321624295799844	-0.082971466560033	0.632785586648033	0.532231316602389	1	0.781192458832465	1	NA	"abundance"	26	23
"NODE_865_length_2666_cov_5.653007"	"PrePostFVT"	"Post"	"PrePostFVTPost"	-0.134379401705725	0.558052786181425	0.487200193045103	0.175904714094479	1	0.320866959748298	1	NA	"abundance"	26	23
"NODE_865_length_6424_cov_16.567436"	"PrePostFVT"	"During"	"PrePostFVTDuring"	0.249888827567694	-0.082971466560033	0.470438016555338	0.489550075855021	1	0.739440874940386	1	NA	"abundance"	26	21
"NODE_865_length_6424_cov_16.567436"	"PrePostFVT"	"Post"	"PrePostFVTPost"	1.07214357566411	0.558052786181425	0.36987972325898	0.183708371928354	1	0.333667977940142	1	NA	"abundance"	26	21
"NODE_868_length_3871_cov_11.976677"	"PrePostFVT"	"During"	"PrePostFVTDuring"	-0.808259974848765	-0.082971466560033	0.541672901349656	0.198739317150589	1	0.357981318119696	1	NA	"abundance"	26	23
"NODE_868_length_3871_cov_11.976677"	"PrePostFVT"	"Post"	"PrePostFVTPost"	0.428345245878194	0.558052786181425	0.425887823257014	0.764843873995539	1	0.554372230185331	1	NA	"abundance"	26	23
"NODE_869_length_6477_cov_9.877297"	"PrePostFVT"	"Post"	"PrePostFVTPost"	0.637144335462213	0.558052786181425	0.582435983149395	0.898512856361393	1	0.339733143812881	1	NA	"abundance"	26	6
"NODE_87_length_21677_cov_16.894321"	"PrePostFVT"	"During"	"PrePostFVTDuring"	1.92535188972005	-0.082971466560033	0.656565429310475	0.0324795771133207	1	0.0639042312971813	1	NA	"abundance"	26	9
"NODE_871_length_5587_cov_53.783442"	"PrePostFVT"	"During"	"PrePostFVTDuring"	0.0626953337081111	-0.082971466560033	0.745414927927869	0.847089171197075	1	0.847089171197075	1	NA	"abundance"	26	26
"NODE_871_length_5587_cov_53.783442"	"PrePostFVT"	"Post"	"PrePostFVTPost"	1.1130675226395	0.558052786181425	0.55559948342994	0.33038956968796	1	0.33038956968796	1	NA	"abundance"	26	26
"NODE_877_length_4119_cov_7.801919"	"PrePostFVT"	"During"	"PrePostFVTDuring"	1.17495449333205	-0.082971466560033	0.597842346430461	0.0598589328809061	1	0.116134773916171	1	NA	"abundance"	26	14
"NODE_877_length_4119_cov_7.801919"	"PrePostFVT"	"Post"	"PrePostFVTPost"	1.74328301791838	0.558052786181425	0.49062040168901	0.034797714719544	1	0.0683845484893852	1	NA	"abundance"	26	14
"NODE_877_length_7168_cov_3.728947"	"PrePostFVT"	"During"	"PrePostFVTDuring"	-0.647373234608072	-0.082971466560033	1.39229745975239	0.705797198836503	1	0.333726667162647	1	NA	"abundance"	26	7
"NODE_877_length_7168_cov_3.728947"	"PrePostFVT"	"Post"	"PrePostFVTPost"	0.897242458337569	0.558052786181425	1.27098787577254	0.802705793210982	1	0.522869051507212	1	NA	"abundance"	26	7
"NODE_879_length_5803_cov_5.746173"	"PrePostFVT"	"During"	"PrePostFVTDuring"	-0.368866337770295	-0.082971466560033	0.493483752544998	0.571068792473411	1	0.660613584922497	1	NA	"abundance"	26	21
"NODE_879_length_5803_cov_5.746173"	"PrePostFVT"	"Post"	"PrePostFVTPost"	0.551601211817215	0.558052786181425	0.387321219586773	0.986987412767201	1	0.939030791411969	1	NA	"abundance"	26	21
"NODE_880_length_9528_cov_672.428798"	"PrePostFVT"	"During"	"PrePostFVTDuring"	-1.57979229393829	-0.082971466560033	0.382817362373109	0.00602593173154962	1	0.0120155516098659	1	NA	"abundance"	26	13
"NODE_883_length_5475_cov_5.002030"	"PrePostFVT"	"During"	"PrePostFVTDuring"	0.130602280281577	-0.082971466560033	0.528742375505272	0.692264778708878	1	0.905299033576904	1	NA	"abundance"	26	21
"NODE_883_length_5475_cov_5.002030"	"PrePostFVT"	"Post"	"PrePostFVTPost"	0.765782561136039	0.558052786181425	0.418905862916586	0.627711608230219	1	0.86140135335347	1	NA	"abundance"	26	21
"NODE_883_length_7119_cov_7.220838"	"PrePostFVT"	"During"	"PrePostFVTDuring"	0.387618759024	-0.082971466560033	0.400759840313144	0.268876556034916	1	0.465458509684634	1	NA	"abundance"	26	16
"NODE_883_length_7119_cov_7.220838"	"PrePostFVT"	"Post"	"PrePostFVTPost"	1.19485432960036	0.558052786181425	0.361581990746863	0.109499459204528	1	0.207008786842972	1	NA	"abundance"	26	16
"NODE_887_length_4870_cov_6.746210"	"PrePostFVT"	"During"	"PrePostFVTDuring"	-0.310318833150108	-0.082971466560033	1.29155373807931	0.866046722255106	1	0.88914266804143	1	NA	"abundance"	26	9
"NODE_887_length_4870_cov_6.746210"	"PrePostFVT"	"Post"	"PrePostFVTPost"	0.663454310112389	0.558052786181425	0.816850306567035	0.901552405014874	1	0.978164164244153	1	NA	"abundance"	26	9
"NODE_888_length_3605_cov_9.453803"	"PrePostFVT"	"During"	"PrePostFVTDuring"	-0.188169507211567	-0.082971466560033	0.506987956075111	0.839001567786761	1	0.974079504824879	1	NA	"abundance"	26	20
"NODE_888_length_3605_cov_9.453803"	"PrePostFVT"	"Post"	"PrePostFVTPost"	0.0378306224903302	0.558052786181425	0.413953932706865	0.232535460835536	1	0.410998181125077	1	NA	"abundance"	26	20
"NODE_888_length_4795_cov_5.692405"	"PrePostFVT"	"During"	"PrePostFVTDuring"	-0.177717152447267	-0.082971466560033	0.557920822079665	0.867921834054212	1	0.982555358080397	1	NA	"abundance"	26	19
"NODE_888_length_4795_cov_5.692405"	"PrePostFVT"	"Post"	"PrePostFVTPost"	-0.080738295587839	0.558052786181425	0.467322492399717	0.197488490259359	1	0.355975276733797	1	NA	"abundance"	26	19
"NODE_89_length_11981_cov_11.675918"	"PrePostFVT"	"During"	"PrePostFVTDuring"	-0.470281084009189	-0.082971466560033	0.804504892708833	0.635410297318043	1	0.635410297318043	1	NA	"abundance"	26	26
"NODE_89_length_11981_cov_11.675918"	"PrePostFVT"	"Post"	"PrePostFVTPost"	0.963996594186281	0.558052786181425	0.599642542776042	0.506431029522912	1	0.506431029522912	1	NA	"abundance"	26	26
"NODE_895_length_8805_cov_38.271086"	"PrePostFVT"	"During"	"PrePostFVTDuring"	-0.113993488835872	-0.082971466560033	0.815318317144919	0.970049760567196	1	0.999102983157918	1	NA	"abundance"	26	25
"NODE_895_length_8805_cov_38.271086"	"PrePostFVT"	"Post"	"PrePostFVTPost"	1.59892386400679	0.558052786181425	0.618652867054049	0.108675155231647	1	0.205540021098671	1	NA	"abundance"	26	25
"NODE_896_length_9114_cov_63.168230"	"PrePostFVT"	"During"	"PrePostFVTDuring"	0.986221035149997	-0.082971466560033	0.645377216506926	0.12030996559537	1	0.226145443369181	1	NA	"abundance"	26	18
"NODE_896_length_9114_cov_63.168230"	"PrePostFVT"	"Post"	"PrePostFVTPost"	-0.0495168230161854	0.558052786181425	0.499907042310605	0.245638196322561	1	0.338580748161815	1	NA	"abundance"	26	18
"NODE_897_length_4917_cov_16.169272"	"PrePostFVT"	"During"	"PrePostFVTDuring"	0.145194848718403	-0.082971466560033	0.654333249033885	0.731984115794973	1	0.928167485813798	1	NA	"abundance"	26	24
"NODE_897_length_4917_cov_16.169272"	"PrePostFVT"	"Post"	"PrePostFVTPost"	1.06409479431892	0.558052786181425	0.503670915240671	0.330905557524769	1	0.55231262704876	1	NA	"abundance"	26	24
"NODE_898_length_3266_cov_36.398941"	"PrePostFVT"	"During"	"PrePostFVTDuring"	-1.07712380402469	-0.082971466560033	0.921386558016831	0.301730686622109	1	0.512419965994768	1	NA	"abundance"	26	15
"NODE_898_length_3266_cov_36.398941"	"PrePostFVT"	"Post"	"PrePostFVTPost"	-0.542389968610785	0.558052786181425	0.816721891913693	0.203011917672694	1	0.364809996628243	1	NA	"abundance"	26	15
"NODE_90_length_62992_cov_10.132212|provirus_26642_40949"	"PrePostFVT"	"During"	"PrePostFVTDuring"	0.0650746250857197	-0.082971466560033	0.53770725052696	0.78666767807375	1	0.954489320421555	1	NA	"abundance"	26	22
"NODE_90_length_62992_cov_10.132212|provirus_26642_40949"	"PrePostFVT"	"Post"	"PrePostFVTPost"	1.17120018037893	0.558052786181425	0.415134740156527	0.160314885681358	1	0.294928908791689	1	NA	"abundance"	26	22
"NODE_902_length_5520_cov_8.255810"	"PrePostFVT"	"During"	"PrePostFVTDuring"	0.275350166486472	-0.082971466560033	0.680781681691636	0.605886490727945	1	0.844674541809266	1	NA	"abundance"	26	23
"NODE_902_length_5520_cov_8.255810"	"PrePostFVT"	"Post"	"PrePostFVTPost"	0.0849327812341298	0.558052786181425	0.524055744723489	0.38133564658214	1	0.617254417810061	1	NA	"abundance"	26	23
"NODE_908_length_7168_cov_5.459440"	"PrePostFVT"	"During"	"PrePostFVTDuring"	-0.160321870738944	-0.082971466560033	0.768296386052653	0.920692871264556	1	0.920692871264556	1	NA	"abundance"	26	26
"NODE_908_length_7168_cov_5.459440"	"PrePostFVT"	"Post"	"PrePostFVTPost"	0.913541658377508	0.558052786181425	0.572654315360384	0.541854595372737	1	0.541854595372737	1	NA	"abundance"	26	26
"NODE_912_length_8730_cov_850.056254"	"PrePostFVT"	"During"	"PrePostFVTDuring"	2.25680042588282	-0.082971466560033	2.47935266181127	0.37668252918919	1	0.611475330582016	1	NA	"abundance"	26	10
"NODE_912_length_8730_cov_850.056254"	"PrePostFVT"	"Post"	"PrePostFVTPost"	3.00261282322971	0.558052786181425	2.42925956553955	0.347843223552989	1	0.338673145642951	1	NA	"abundance"	26	10
"NODE_912_length_8852_cov_15.026486"	"PrePostFVT"	"During"	"PrePostFVTDuring"	0.806541881161033	-0.082971466560033	0.487060481565047	0.12469484871752	1	0.233840892138354	1	NA	"abundance"	26	11
"NODE_912_length_8852_cov_15.026486"	"PrePostFVT"	"Post"	"PrePostFVTPost"	0.634469795330944	0.558052786181425	0.446699942492301	0.871281937872439	1	0.693052079603201	1	NA	"abundance"	26	11
"NODE_913_length_4110_cov_6.185943"	"PrePostFVT"	"During"	"PrePostFVTDuring"	0.0445327559121909	-0.082971466560033	0.765573363309988	0.86982163567579	1	0.983053593461873	1	NA	"abundance"	26	25
"NODE_913_length_4110_cov_6.185943"	"PrePostFVT"	"Post"	"PrePostFVTPost"	1.25803771692582	0.558052786181425	0.581755849297774	0.246012993506673	1	0.431503594039231	1	NA	"abundance"	26	25
"NODE_913_length_5947_cov_9.871181"	"PrePostFVT"	"During"	"PrePostFVTDuring"	0.069139267176311	-0.082971466560033	0.514572945831902	0.772360746399843	1	0.948180370220363	1	NA	"abundance"	26	19
"NODE_913_length_5947_cov_9.871181"	"PrePostFVT"	"Post"	"PrePostFVTPost"	1.00609876129361	0.558052786181425	0.425888735761738	0.311676850230398	1	0.522833940574241	1	NA	"abundance"	26	19
"NODE_914_length_3710_cov_6.004104"	"PrePostFVT"	"During"	"PrePostFVTDuring"	0.0582366289610768	-0.082971466560033	0.678836698435156	0.848038665988106	1	0.697922946471637	1	NA	"abundance"	26	9
"NODE_914_length_3710_cov_6.004104"	"PrePostFVT"	"Post"	"PrePostFVTPost"	1.80540333970334	0.558052786181425	0.903656586825082	0.230247978840684	1	0.287729852964364	1	NA	"abundance"	26	9
"NODE_915_length_3149_cov_9.552683"	"PrePostFVT"	"During"	"PrePostFVTDuring"	-0.68280008063303	-0.082971466560033	0.537177574513784	0.279960662631048	1	0.48154335264128	1	NA	"abundance"	26	22
"NODE_915_length_3149_cov_9.552683"	"PrePostFVT"	"Post"	"PrePostFVTPost"	0.248379330310474	0.558052786181425	0.4223533932418	0.474271738972229	1	0.554372230185331	1	NA	"abundance"	26	22
"NODE_916_length_2601_cov_10.780047"	"PrePostFVT"	"Post"	"PrePostFVTPost"	2.08123728109269	0.558052786181425	1.49187346734418	0.460684319854239	1	0.460684319854239	1	NA	"abundance"	26	5
"NODE_928_length_4652_cov_7.668915"	"PrePostFVT"	"During"	"PrePostFVTDuring"	0.057540087173112	-0.082971466560033	0.562106093219741	0.805381255603256	1	0.962123544329435	1	NA	"abundance"	26	23
"NODE_928_length_4652_cov_7.668915"	"PrePostFVT"	"Post"	"PrePostFVTPost"	1.16295422205236	0.558052786181425	0.42651874592575	0.173251798336838	1	0.316487411046727	1	NA	"abundance"	26	23
"NODE_928_length_7174_cov_8.261554"	"PrePostFVT"	"Post"	"PrePostFVTPost"	2.6339282246545	0.558052786181425	0.714210832748219	0.195111562774005	1	0.195111562774005	1	NA	"abundance"	26	5
"NODE_930_length_4573_cov_5.266932"	"PrePostFVT"	"During"	"PrePostFVTDuring"	-0.0800310920847445	-0.082971466560033	0.609688256768428	0.996265741059478	1	0.999923416502853	1	NA	"abundance"	26	14
"NODE_930_length_4573_cov_5.266932"	"PrePostFVT"	"Post"	"PrePostFVTPost"	0.98322256749681	0.558052786181425	0.576505238340392	0.480119953893222	1	0.597214613793213	1	NA	"abundance"	26	14
"NODE_931_length_8430_cov_18.747463"	"PrePostFVT"	"During"	"PrePostFVTDuring"	2.03192185722569	-0.082971466560033	2.56548373345144	0.455901249629425	1	0.226060488313115	1	NA	"abundance"	26	7
"NODE_931_length_8430_cov_18.747463"	"PrePostFVT"	"Post"	"PrePostFVTPost"	3.15981579998259	0.558052786181425	2.81034662344785	0.406848786470509	1	0.648171637888492	1	NA	"abundance"	26	7
"NODE_937_length_6155_cov_17.701311"	"PrePostFVT"	"During"	"PrePostFVTDuring"	-0.758677462633722	-0.082971466560033	0.525939720394899	0.218760209180323	1	0.389664389240027	1	NA	"abundance"	26	23
"NODE_937_length_6155_cov_17.701311"	"PrePostFVT"	"Post"	"PrePostFVTPost"	0.380467805315244	0.558052786181425	0.413578227452938	0.674793533511237	1	0.554372230185331	1	NA	"abundance"	26	23
"NODE_938_length_3852_cov_8.090071"	"PrePostFVT"	"During"	"PrePostFVTDuring"	0.206853737280597	-0.082971466560033	0.623378309738607	0.648285801085613	1	0.876297122282011	1	NA	"abundance"	26	23
"NODE_938_length_3852_cov_8.090071"	"PrePostFVT"	"Post"	"PrePostFVTPost"	0.17015240548053	0.558052786181425	0.479973693188955	0.431842488511824	1	0.677197042139563	1	NA	"abundance"	26	23
"NODE_943_length_3363_cov_98.457981"	"PrePostFVT"	"During"	"PrePostFVTDuring"	-1.51628488045943	-0.082971466560033	1.73347118273285	0.468682633032613	1	0.146829964655854	1	NA	"abundance"	26	7
"NODE_943_length_3363_cov_98.457981"	"PrePostFVT"	"Post"	"PrePostFVTPost"	0.838991156528143	0.558052786181425	1.83862384245279	0.8881797185802	1	0.955442236379241	1	NA	"abundance"	26	7
"NODE_945_length_3174_cov_9.948702"	"PrePostFVT"	"During"	"PrePostFVTDuring"	-0.239914189235985	-0.082971466560033	0.625648620507428	0.804990226649016	1	0.961971188297598	1	NA	"abundance"	26	25
"NODE_945_length_3174_cov_9.948702"	"PrePostFVT"	"Post"	"PrePostFVTPost"	0.54075370356921	0.558052786181425	0.475387031450564	0.971451928499202	1	0.999185007613585	1	NA	"abundance"	26	25
"NODE_946_length_3616_cov_7.871665"	"PrePostFVT"	"During"	"PrePostFVTDuring"	0.120223133803931	-0.082971466560033	0.707851907069663	0.777627695815305	1	0.950550558331589	1	NA	"abundance"	26	25
"NODE_946_length_3616_cov_7.871665"	"PrePostFVT"	"Post"	"PrePostFVTPost"	0.9636693038834	0.558052786181425	0.537816470746837	0.461595141341492	1	0.710120208172912	1	NA	"abundance"	26	25
"NODE_947_length_4689_cov_9.039491"	"PrePostFVT"	"During"	"PrePostFVTDuring"	-0.763480770827381	-0.082971466560033	0.571486369988512	0.252189413131212	1	0.440779326166958	1	NA	"abundance"	26	24
"NODE_947_length_4689_cov_9.039491"	"PrePostFVT"	"Post"	"PrePostFVTPost"	0.496607634059194	0.558052786181425	0.44310334656976	0.891705845547934	1	0.988272376111512	1	NA	"abundance"	26	24
"NODE_947_length_5858_cov_6.238325"	"PrePostFVT"	"During"	"PrePostFVTDuring"	0.115030244817945	-0.082971466560033	0.554162064876266	0.725684611289563	1	0.924751067516642	1	NA	"abundance"	26	23
"NODE_947_length_5858_cov_6.238325"	"PrePostFVT"	"Post"	"PrePostFVTPost"	1.10760974755445	0.558052786181425	0.420625733270662	0.210995236346905	1	0.377471482932723	1	NA	"abundance"	26	23
"NODE_954_length_4585_cov_15.544371"	"PrePostFVT"	"During"	"PrePostFVTDuring"	-0.201820654590711	-0.082971466560033	0.573951349758175	0.839142042056071	1	0.974124717366109	1	NA	"abundance"	26	20
"NODE_954_length_4585_cov_15.544371"	"PrePostFVT"	"Post"	"PrePostFVTPost"	-0.166597291644881	0.558052786181425	0.470434149950917	0.147888609684384	1	0.273906178494388	1	NA	"abundance"	26	20
"NODE_957_length_6801_cov_3.555885"	"PrePostFVT"	"During"	"PrePostFVTDuring"	-0.592855432094609	-0.082971466560033	0.522645053430363	0.351102077819901	1	0.57893148659035	1	NA	"abundance"	26	16
"NODE_957_length_6801_cov_3.555885"	"PrePostFVT"	"Post"	"PrePostFVTPost"	0.510578879910076	0.558052786181425	0.447566484493458	0.917778375134927	1	0.302917586591984	1	NA	"abundance"	26	16
"NODE_959_length_2720_cov_600.235647"	"PrePostFVT"	"During"	"PrePostFVTDuring"	0.351416254791937	-0.082971466560033	2.98866916650453	0.893609755787697	1	0.333729375911201	1	NA	"abundance"	26	8
"NODE_959_length_2720_cov_600.235647"	"PrePostFVT"	"Post"	"PrePostFVTPost"	6.68923151617631	0.558052786181425	2.817744312478	0.117851608249482	1	0.221814214931975	1	NA	"abundance"	26	8
"NODE_960_length_6782_cov_11.387840"	"PrePostFVT"	"During"	"PrePostFVTDuring"	0.227306507703692	-0.082971466560033	0.659019976936657	0.644665872520514	1	0.873737657848392	1	NA	"abundance"	26	23
"NODE_960_length_6782_cov_11.387840"	"PrePostFVT"	"Post"	"PrePostFVTPost"	0.35773945419292	0.558052786181425	0.507396956713857	0.6986754724642	1	0.909203529105327	1	NA	"abundance"	26	23
"NODE_961_length_5451_cov_5.767606"	"PrePostFVT"	"During"	"PrePostFVTDuring"	-0.354368127473663	-0.082971466560033	0.784693563701903	0.752336119235912	1	0.333728991567368	1	NA	"abundance"	26	6
"NODE_961_length_5451_cov_5.767606"	"PrePostFVT"	"Post"	"PrePostFVTPost"	1.7458813461879	0.558052786181425	0.739816186729405	0.207155084811634	1	0.371396940459954	1	NA	"abundance"	26	6
"NODE_962_length_8216_cov_5.455581"	"PrePostFVT"	"During"	"PrePostFVTDuring"	-0.257875557374485	-0.082971466560033	0.644584510577495	0.791187653559567	1	0.956397403974041	1	NA	"abundance"	26	15
"NODE_962_length_8216_cov_5.455581"	"PrePostFVT"	"Post"	"PrePostFVTPost"	0.908762430892963	0.558052786181425	0.551989196998197	0.53885661914489	1	0.302917084365445	1	NA	"abundance"	26	15
"NODE_971_length_2671_cov_4.974006"	"PrePostFVT"	"During"	"PrePostFVTDuring"	0.212319854136367	-0.082971466560033	0.576684415012508	0.6155612589102	1	0.852206854349289	1	NA	"abundance"	26	24
"NODE_971_length_2671_cov_4.974006"	"PrePostFVT"	"Post"	"PrePostFVTPost"	-0.615722254839207	0.558052786181425	0.443768865839046	0.0181444197673337	1	0.0359596195659743	1	NA	"abundance"	26	24
"NODE_976_length_5283_cov_79.848317"	"PrePostFVT"	"During"	"PrePostFVTDuring"	-1.29893260870331	-0.082971466560033	0.454278454945474	0.0324316573688166	1	0.0638115023379449	1	NA	"abundance"	26	13
"NODE_977_length_3003_cov_5.709634"	"PrePostFVT"	"During"	"PrePostFVTDuring"	0.165332544507384	-0.082971466560033	0.721260889416924	0.735205984204595	1	0.929884129198943	1	NA	"abundance"	26	23
"NODE_977_length_3003_cov_5.709634"	"PrePostFVT"	"Post"	"PrePostFVTPost"	0.0699603691879136	0.558052786181425	0.555447272084788	0.39365011091142	1	0.632339812002267	1	NA	"abundance"	26	23
"NODE_98_length_33801_cov_18.976797"	"PrePostFVT"	"During"	"PrePostFVTDuring"	-0.274078339937004	-0.082971466560033	0.762287780750123	0.804574199155412	1	0.804574199155412	1	NA	"abundance"	26	26
"NODE_98_length_33801_cov_18.976797"	"PrePostFVT"	"Post"	"PrePostFVTPost"	0.884996480983894	0.558052786181425	0.568175765391577	0.571865466364587	1	0.571865466364587	1	NA	"abundance"	26	26
"NODE_980_length_5316_cov_14.526706"	"PrePostFVT"	"During"	"PrePostFVTDuring"	-1.55809646148965	-0.082971466560033	0.750741126367351	0.188638090326205	1	0.341691851530493	1	NA	"abundance"	26	5
"NODE_984_length_4725_cov_6.130835"	"PrePostFVT"	"During"	"PrePostFVTDuring"	0.62917059906916	-0.082971466560033	0.350547320046005	0.0661263801846536	1	0.127880062212982	1	NA	"abundance"	26	17
"NODE_984_length_4725_cov_6.130835"	"PrePostFVT"	"Post"	"PrePostFVTPost"	1.18343145090917	0.558052786181425	0.267541037547345	0.0394781468439973	1	0.0773977696097583	1	NA	"abundance"	26	17
"NODE_985_length_3872_cov_6.920094"	"PrePostFVT"	"During"	"PrePostFVTDuring"	-0.663062230101822	-0.082971466560033	0.63313458595912	0.372993116467735	1	0.606862368003157	1	NA	"abundance"	26	24
"NODE_985_length_3872_cov_6.920094"	"PrePostFVT"	"Post"	"PrePostFVTPost"	0.892768755272244	0.558052786181425	0.490726122224204	0.505681845965158	1	0.755649562591587	1	NA	"abundance"	26	24
"NODE_986_length_7357_cov_9.719118"	"PrePostFVT"	"During"	"PrePostFVTDuring"	1.35295526464512	-0.082971466560033	0.669320157321771	0.0609644598337678	1	0.118212254304712	1	NA	"abundance"	26	12
"NODE_986_length_7357_cov_9.719118"	"PrePostFVT"	"Post"	"PrePostFVTPost"	0.529296439235383	0.558052786181425	0.669320157321771	0.966678930462908	1	0.099472122373373	1	NA	"abundance"	26	12
"NODE_990_length_2631_cov_10.267857"	"PrePostFVT"	"During"	"PrePostFVTDuring"	-0.142119054562816	-0.082971466560033	0.618630079382952	0.924864834091004	1	0.994354706843828	1	NA	"abundance"	26	25
"NODE_990_length_2631_cov_10.267857"	"PrePostFVT"	"Post"	"PrePostFVTPost"	1.03133024641131	0.558052786181425	0.470158828599145	0.329690728272143	1	0.550685480235671	1	NA	"abundance"	26	25
"NODE_990_length_3671_cov_7.958794"	"PrePostFVT"	"During"	"PrePostFVTDuring"	0.158778740498063	-0.082971466560033	0.737059326961146	0.747232503919949	1	0.936108592925421	1	NA	"abundance"	26	19
"NODE_990_length_3671_cov_7.958794"	"PrePostFVT"	"Post"	"PrePostFVTPost"	1.06285539647746	0.558052786181425	0.601806420404667	0.414706532749021	1	0.508752283437059	1	NA	"abundance"	26	19
"NODE_994_length_4515_cov_8.534753"	"PrePostFVT"	"During"	"PrePostFVTDuring"	0.783740632605107	-0.082971466560033	0.77812843295806	0.285944222664773	1	0.490124346854185	1	NA	"abundance"	26	17
"NODE_994_length_4515_cov_8.534753"	"PrePostFVT"	"Post"	"PrePostFVTPost"	1.98166739037821	0.558052786181425	0.607426313289996	0.0361013100187805	1	0.0708993154524889	1	NA	"abundance"	26	17
"NODE_995_length_7936_cov_20.092755"	"PrePostFVT"	"During"	"PrePostFVTDuring"	0.410580999820468	-0.082971466560033	0.484667717227411	0.324674764453578	1	0.543935826234169	1	NA	"abundance"	26	19
"NODE_995_length_7936_cov_20.092755"	"PrePostFVT"	"Post"	"PrePostFVTPost"	1.05262625057135	0.558052786181425	0.400201196095417	0.236948913650961	1	0.417753039621552	1	NA	"abundance"	26	19
"NODE_996_length_5248_cov_12.190449"	"PrePostFVT"	"During"	"PrePostFVTDuring"	-0.339797026414687	-0.082971466560033	0.886640452262434	0.778084854984359	1	0.860350240767066	1	NA	"abundance"	26	14
"NODE_996_length_5248_cov_12.190449"	"PrePostFVT"	"Post"	"PrePostFVTPost"	1.8986378257616	0.558052786181425	0.841140988437325	0.142450287606325	1	0.264608490773525	1	NA	"abundance"	26	14
"NODE_996_length_7267_cov_6.743899"	"PrePostFVT"	"During"	"PrePostFVTDuring"	-1.79363070811449	-0.082971466560033	0.588887973938541	0.128696689270612	1	0.240830540712008	1	NA	"abundance"	26	7
"NODE_996_length_7267_cov_6.743899"	"PrePostFVT"	"Post"	"PrePostFVTPost"	0.973923997882633	0.558052786181425	0.565293156983417	0.5394252650807	1	0.522841134823363	1	NA	"abundance"	26	7
"NODE_998_length_3199_cov_3.878181"	"PrePostFVT"	"During"	"PrePostFVTDuring"	-0.631829737214523	-0.082971466560033	0.600216725284121	0.375619025570927	1	0.610148398771002	1	NA	"abundance"	26	20
"NODE_998_length_3199_cov_3.878181"	"PrePostFVT"	"Post"	"PrePostFVTPost"	0.0889032908502334	0.558052786181425	0.502177341302409	0.366042691333836	1	0.598098130788754	1	NA	"abundance"	26	20
"NODE_999_length_5046_cov_25.372470"	"PrePostFVT"	"During"	"PrePostFVTDuring"	0.0533061760295709	-0.082971466560033	0.606475362489083	0.825055541361221	1	0.964806364606606	1	NA	"abundance"	26	24
"NODE_999_length_5046_cov_25.372470"	"PrePostFVT"	"Post"	"PrePostFVTPost"	0.557944153270105	0.558052786181425	0.466734897391265	0.999817457995313	1	0.937162170722469	1	NA	"abundance"	26	24
"NODE_10_length_217393_cov_15.630805|provirus_4556_30967"	"PrePostFVT"	"During"	"PrePostFVTDuring"	6.35042058391378e-15	0	1.38282123088389	0.999999999999996	1	0.999999999999996	1	NA	"prevalence"	26	3
"NODE_10_length_217393_cov_15.630805|provirus_4556_30967"	"PrePostFVT"	"Post"	"PrePostFVTPost"	-4.58063000066496	0	4.79893345467439	0.339825546833967	1	0.339825546833967	1	NA	"prevalence"	26	3
"NODE_1002_length_3369_cov_4.085395"	"PrePostFVT"	"During"	"PrePostFVTDuring"	2.93342878905875e-17	0	1.22474555273009	1	1	0.930607740188051	1	NA	"prevalence"	26	11
"NODE_1002_length_3369_cov_4.085395"	"PrePostFVT"	"Post"	"PrePostFVTPost"	-0.312031101461666	0	0.917340454714344	0.733745420119767	1	0.9291084986928	1	NA	"prevalence"	26	11
"NODE_1004_length_2342_cov_3.848273"	"PrePostFVT"	"During"	"PrePostFVTDuring"	1.1723353285969	0	1.37287641406722	0.393145805259296	1	0.420062523687844	1	NA	"prevalence"	26	13
"NODE_1004_length_2342_cov_3.848273"	"PrePostFVT"	"Post"	"PrePostFVTPost"	-3.00685402502646e-16	0	0.912870412268084	1	1	0.22268515874752	1	NA	"prevalence"	26	13
"NODE_1006_length_5270_cov_5.930201"	"PrePostFVT"	"During"	"PrePostFVTDuring"	11.4545205956949	0	266.628150846788	0.965732895864849	1	0.925464821731212	1	NA	"prevalence"	26	20
"NODE_1006_length_5270_cov_5.930201"	"PrePostFVT"	"Post"	"PrePostFVTPost"	-0.405232321240635	0	1.02076223283828	0.691374890876068	1	0.668531296862258	1	NA	"prevalence"	26	20
"NODE_1009_length_3189_cov_4.301213"	"PrePostFVT"	"During"	"PrePostFVTDuring"	-0.587666409136869	0	1.3662419171317	0.667098536986265	1	0.889176615923315	1	NA	"prevalence"	26	8
"NODE_1009_length_3189_cov_4.301213"	"PrePostFVT"	"Post"	"PrePostFVTPost"	-0.182184956587559	0	0.953060978672482	0.848402033134984	1	0.872936360432626	1	NA	"prevalence"	26	8
"NODE_101_length_12442_cov_9.785824"	"PrePostFVT"	"During"	"PrePostFVTDuring"	14.5726222356505	0	2896.31037450853	0.995985505788141	1	0.637699538465758	1	NA	"prevalence"	26	22
"NODE_101_length_12442_cov_9.785824"	"PrePostFVT"	"Post"	"PrePostFVTPost"	-0.847234067246596	0	1.25986459590724	0.501278004755705	1	0.75127637145955	1	NA	"prevalence"	26	22
"NODE_1013_length_3589_cov_5.858800"	"PrePostFVT"	"During"	"PrePostFVTDuring"	10.6794096189638	0	274.907543066728	0.969012151247391	1	0.901592627556697	1	NA	"prevalence"	26	21
"NODE_1013_length_3589_cov_5.858800"	"PrePostFVT"	"Post"	"PrePostFVTPost"	-0.336484930595302	0	1.32017826163446	0.79881701530527	1	0.42619148049519	1	NA	"prevalence"	26	21
"NODE_1013_length_5104_cov_6.459893"	"PrePostFVT"	"During"	"PrePostFVTDuring"	1.09870433003293	0	1.29099893238859	0.394741712495621	1	0.633662405407267	1	NA	"prevalence"	26	8
"NODE_1013_length_5104_cov_6.459893"	"PrePostFVT"	"Post"	"PrePostFVTPost"	0.405485871908732	0	1.02062762641644	0.691153098981725	1	0.904613591731408	1	NA	"prevalence"	26	8
"NODE_1015_length_5103_cov_5.265848"	"PrePostFVT"	"During"	"PrePostFVTDuring"	1.94594606312382	0	1.46386085251042	0.18374094201482	1	0.333721150257147	1	NA	"prevalence"	26	5
"NODE_1015_length_5103_cov_5.265848"	"PrePostFVT"	"Post"	"PrePostFVTPost"	0.336483271670644	0	1.32018886292023	0.798819566714323	1	0.411714952070498	1	NA	"prevalence"	26	5
"NODE_1017_length_4404_cov_8.700851"	"PrePostFVT"	"During"	"PrePostFVTDuring"	0	0	3.2998296956836	1	1	0.28272732510397	1	NA	"prevalence"	26	25
"NODE_1017_length_4404_cov_8.700851"	"PrePostFVT"	"Post"	"PrePostFVTPost"	-1.23632920280551	0	2.11197231441812	0.558284960643895	1	0.406351219597008	1	NA	"prevalence"	26	25
"NODE_1021_length_3863_cov_7.928834"	"PrePostFVT"	"During"	"PrePostFVTDuring"	0	0	3.2998296956836	1	1	0.796909669030225	1	NA	"prevalence"	26	25
"NODE_1021_length_3863_cov_7.928834"	"PrePostFVT"	"Post"	"PrePostFVTPost"	-1.23632920280551	0	2.11197231441812	0.558284960643895	1	0.555536578060232	1	NA	"prevalence"	26	25
"NODE_1023_length_5456_cov_6.579893"	"PrePostFVT"	"During"	"PrePostFVTDuring"	3.29583610627297	0	2.15165669676602	0.125580012958258	1	0.125580012958258	1	NA	"prevalence"	26	2
"NODE_1023_length_5456_cov_6.579893"	"PrePostFVT"	"Post"	"PrePostFVTPost"	0	0	2.45954856511716	1	1	1	1	NA	"prevalence"	26	2
"NODE_1026_length_5707_cov_4.867127"	"PrePostFVT"	"During"	"PrePostFVTDuring"	22.8472194812608	0	1365.33339100607	0.986648980337996	1	0.986648980337996	1	NA	"prevalence"	26	4
"NODE_1026_length_5707_cov_4.867127"	"PrePostFVT"	"Post"	"PrePostFVTPost"	21.2377817895742	0	1365.33365956069	0.9875893963656	1	0.9875893963656	1	NA	"prevalence"	26	4
"NODE_1027_length_4636_cov_20.014189"	"PrePostFVT"	"During"	"PrePostFVTDuring"	13.4719427734071	0	803.292279403078	0.986619376839845	1	0.677261170553962	1	NA	"prevalence"	26	21
"NODE_1027_length_4636_cov_20.014189"	"PrePostFVT"	"Post"	"PrePostFVTPost"	0.51080354912358	0	1.12542808601434	0.649918877210217	1	0.445189454549798	1	NA	"prevalence"	26	21
"NODE_1038_length_3220_cov_3.203791"	"PrePostFVT"	"During"	"PrePostFVTDuring"	1.94586742321312	0	1.46383778475141	0.183751750212367	1	0.333738794718626	1	NA	"prevalence"	26	7
"NODE_1038_length_3220_cov_3.203791"	"PrePostFVT"	"Post"	"PrePostFVTPost"	1.25273564435794	0	1.23199807315215	0.309233132542797	1	0.522841134823363	1	NA	"prevalence"	26	7
"NODE_1039_length_3380_cov_25.711278"	"PrePostFVT"	"During"	"PrePostFVTDuring"	13.6593781619949	0	873.27068978415	0.987520292757542	1	0.996494610062977	1	NA	"prevalence"	26	20
"NODE_1039_length_3380_cov_25.711278"	"PrePostFVT"	"Post"	"PrePostFVTPost"	0.510850776756529	0	1.12545975561255	0.649897865698939	1	0.764070327474405	1	NA	"prevalence"	26	20
"NODE_1043_length_5009_cov_8.757771"	"PrePostFVT"	"During"	"PrePostFVTDuring"	13.2121366703683	0	568.013383897064	0.981442674317691	1	0.118263726048963	1	NA	"prevalence"	26	16
"NODE_1043_length_5009_cov_8.757771"	"PrePostFVT"	"Post"	"PrePostFVTPost"	-1.79179032575274	0	1.02062529109018	0.0791599860755659	1	0.133874491184596	1	NA	"prevalence"	26	16
"NODE_1045_length_6642_cov_13.697890"	"PrePostFVT"	"During"	"PrePostFVTDuring"	10.5302629249777	0	258.025996437599	0.967446681211256	1	0.951194857488239	1	NA	"prevalence"	26	17
"NODE_1045_length_6642_cov_13.697890"	"PrePostFVT"	"Post"	"PrePostFVTPost"	-2.28210795488961	0	1.21881449160843	0.0611513189815372	1	0.118563154149893	1	NA	"prevalence"	26	17
"NODE_1046_length_5621_cov_125.866870"	"PrePostFVT"	"During"	"PrePostFVTDuring"	6.59167363383922	0	13.5378872959924	0.626325204196751	1	0.0968971036573491	1	NA	"prevalence"	26	12
"NODE_1046_length_5621_cov_125.866870"	"PrePostFVT"	"Post"	"PrePostFVTPost"	-1.44691897981638	0	1.0200203436568	0.156039083327157	1	0.0390330022870567	1	NA	"prevalence"	26	12
"NODE_1048_length_3412_cov_3.720882"	"PrePostFVT"	"During"	"PrePostFVTDuring"	0.847781029497981	0	1.573635969853	0.590066099486722	1	0.590066099486722	1	NA	"prevalence"	26	2
"NODE_1048_length_3412_cov_3.720882"	"PrePostFVT"	"Post"	"PrePostFVTPost"	-12.9451623011714	0	455.112082889206	0.977308111693917	1	0.977308111693917	1	NA	"prevalence"	26	2
"NODE_1048_length_5983_cov_5.663293"	"PrePostFVT"	"During"	"PrePostFVTDuring"	7.04673359539228e-09	0	1.42368574550027	0.999999996050758	1	0.173468708396998	1	NA	"prevalence"	26	17
"NODE_1048_length_5983_cov_5.663293"	"PrePostFVT"	"Post"	"PrePostFVTPost"	-0.774200099428953	0	1.01860975055517	0.44722131909979	1	0.478076936963297	1	NA	"prevalence"	26	17
"NODE_105_length_34419_cov_13.781283|provirus_17286_34418"	"PrePostFVT"	"During"	"PrePostFVTDuring"	0.587786802675428	0	1.36626345262961	0.66703937327208	1	0.207367677908289	1	NA	"prevalence"	26	13
"NODE_105_length_34419_cov_13.781283|provirus_17286_34418"	"PrePostFVT"	"Post"	"PrePostFVTPost"	-0.847302762572002	0	0.936050610852002	0.365365242241388	1	0.231463204011877	1	NA	"prevalence"	26	13
"NODE_1050_length_3310_cov_18.847312"	"PrePostFVT"	"During"	"PrePostFVTDuring"	1.1160148415843	0	1.31129363513182	0.394725314998758	1	0.19337711944127	1	NA	"prevalence"	26	8
"NODE_1050_length_3310_cov_18.847312"	"PrePostFVT"	"Post"	"PrePostFVTPost"	0.411272220175398	0	1.02889549287928	0.68936124628832	1	0.321572597242877	1	NA	"prevalence"	26	8
"NODE_1053_length_6542_cov_6.675505"	"PrePostFVT"	"During"	"PrePostFVTDuring"	12.6136344549163	0	152.659944080951	0.93414916699191	1	0.93414916699191	1	NA	"prevalence"	26	3
"NODE_1053_length_6542_cov_6.675505"	"PrePostFVT"	"Post"	"PrePostFVTPost"	9.77777183976321	0	152.652034453136	0.948928280704194	1	0.948928280704194	1	NA	"prevalence"	26	3
"NODE_1057_length_3172_cov_99.676612"	"PrePostFVT"	"During"	"PrePostFVTDuring"	-10.1259842711035	0	203.348063714895	0.960284703105975	1	0.960284703105975	1	NA	"prevalence"	26	6
"NODE_1057_length_3172_cov_99.676612"	"PrePostFVT"	"Post"	"PrePostFVTPost"	0.880125504256301	0	1.2908957081583	0.495368946464791	1	0.50643277368964	1	NA	"prevalence"	26	6
"NODE_1058_length_3319_cov_5.354473"	"PrePostFVT"	"During"	"PrePostFVTDuring"	-2.75923385731638e-15	0	1.38282172121983	0.999999999999998	1	0.329507100876666	1	NA	"prevalence"	26	13
"NODE_1058_length_3319_cov_5.354473"	"PrePostFVT"	"Post"	"PrePostFVTPost"	-1.64555922079059	0	1.00302055265767	0.100879708326274	1	0.191582701100553	1	NA	"prevalence"	26	13
"NODE_106_length_96948_cov_59.874201|provirus_53627_96654"	"PrePostFVT"	"During"	"PrePostFVTDuring"	-0.847132245356374	0	1.57360027766062	0.590342221661543	1	0.325800971096916	1	NA	"prevalence"	26	17
"NODE_106_length_96948_cov_59.874201|provirus_53627_96654"	"PrePostFVT"	"Post"	"PrePostFVTPost"	-1.94585333345081	0	1.21496681100926	0.109250922644182	1	0.145845139744204	1	NA	"prevalence"	26	17
"NODE_1062_length_4753_cov_4.627501"	"PrePostFVT"	"During"	"PrePostFVTDuring"	1.35609986206917	0	1.47099525404563	0.356584520461989	1	0.478880005262813	1	NA	"prevalence"	26	8
"NODE_1062_length_4753_cov_4.627501"	"PrePostFVT"	"Post"	"PrePostFVTPost"	0.490139584196802	0	1.12463254801956	0.662965894953858	1	0.629151626238405	1	NA	"prevalence"	26	8
"NODE_1065_length_3478_cov_4.248028"	"PrePostFVT"	"During"	"PrePostFVTDuring"	9.68575441770509e-15	0	1.39855681362174	0.999999999999994	1	0.0408548391907914	1	NA	"prevalence"	26	14
"NODE_1065_length_3478_cov_4.248028"	"PrePostFVT"	"Post"	"PrePostFVTPost"	-1.38437454809938	0	0.997265689514955	0.16508521313325	1	0.30291729867125	1	NA	"prevalence"	26	14
"NODE_1066_length_4261_cov_4.494532"	"PrePostFVT"	"During"	"PrePostFVTDuring"	1.28833603142039	0	1.47588186965727	0.382703275301459	1	0.396507586071245	1	NA	"prevalence"	26	10
"NODE_1066_length_4261_cov_4.494532"	"PrePostFVT"	"Post"	"PrePostFVTPost"	-1.3077003752354	0	1.10190868681842	0.235322579317317	1	0.415268442298079	1	NA	"prevalence"	26	10
"NODE_1066_length_5519_cov_11.305454"	"PrePostFVT"	"During"	"PrePostFVTDuring"	0	0	3.2998296956836	1	1	0.556987600784214	1	NA	"prevalence"	26	23
"NODE_1066_length_5519_cov_11.305454"	"PrePostFVT"	"Post"	"PrePostFVTPost"	-1.23632920280551	0	2.11197231441812	0.558284960643895	1	0.682610134881498	1	NA	"prevalence"	26	23
"NODE_1067_length_5696_cov_15.288069"	"PrePostFVT"	"During"	"PrePostFVTDuring"	12.7493899540202	0	144.102135650575	0.929499409962618	1	0.784248153990889	1	NA	"prevalence"	26	19
"NODE_1067_length_5696_cov_15.288069"	"PrePostFVT"	"Post"	"PrePostFVTPost"	-1.12118041939499e-07	0	1.07407967046149	0.999999916712645	1	0.768370470341386	1	NA	"prevalence"	26	19
"NODE_1069_length_7411_cov_14.656607"	"PrePostFVT"	"During"	"PrePostFVTDuring"	0.587789782326891	0	1.36626456947622	0.667038042787662	1	0.14289390427833	1	NA	"prevalence"	26	11
"NODE_1069_length_7411_cov_14.656607"	"PrePostFVT"	"Post"	"PrePostFVTPost"	-1.60947229771436	0	0.988829932329855	0.103598421591967	1	0.196464210227587	1	NA	"prevalence"	26	11
"NODE_107_length_22047_cov_25.693889"	"PrePostFVT"	"During"	"PrePostFVTDuring"	0	0	3.29983118296883	1	1	1	1	NA	"prevalence"	26	3
"NODE_107_length_22047_cov_25.693889"	"PrePostFVT"	"Post"	"PrePostFVTPost"	1.23632920280551	0	2.11197687048564	0.558285809579174	1	0.558285809579174	1	NA	"prevalence"	26	3
"NODE_1070_length_4765_cov_8.258599"	"PrePostFVT"	"During"	"PrePostFVTDuring"	11.5551776582196	0	48.6881089893374	0.812400332107453	1	0.710528147953444	1	NA	"prevalence"	26	23
"NODE_1070_length_4765_cov_8.258599"	"PrePostFVT"	"Post"	"PrePostFVTPost"	0.507737699231846	0	1.58901814942	0.749325252014625	1	0.583105960482673	1	NA	"prevalence"	26	23
"NODE_1071_length_6474_cov_15.783611"	"PrePostFVT"	"During"	"PrePostFVTDuring"	-3.92710063702666e-16	0	1.39855637882222	1	1	0.958528274350932	1	NA	"prevalence"	26	15
"NODE_1071_length_6474_cov_15.783611"	"PrePostFVT"	"Post"	"PrePostFVTPost"	-1.38437462530975	0	0.997265442279194	0.165085084793333	1	0.302917084365445	1	NA	"prevalence"	26	15
"NODE_1072_length_4764_cov_12.172648"	"PrePostFVT"	"During"	"PrePostFVTDuring"	11.5551776582196	0	48.6881089893374	0.812400332107453	1	0.860068642218716	1	NA	"prevalence"	26	23
"NODE_1072_length_4764_cov_12.172648"	"PrePostFVT"	"Post"	"PrePostFVTPost"	0.507737699231846	0	1.58901814942	0.749325252014625	1	0.774483713599897	1	NA	"prevalence"	26	23
"NODE_1077_length_6283_cov_9.092807"	"PrePostFVT"	"During"	"PrePostFVTDuring"	3.29583610627301	0	2.15165672190275	0.125580017375727	1	0.125580017375727	1	NA	"prevalence"	26	2
"NODE_1077_length_6283_cov_9.092807"	"PrePostFVT"	"Post"	"PrePostFVTPost"	0	0	2.45954824585404	1	1	1	1	NA	"prevalence"	26	2
"NODE_108_length_16977_cov_116.663101"	"PrePostFVT"	"During"	"PrePostFVTDuring"	2.68213222745258e-06	0	1.43173782927498	0.999998505290668	1	0.954462501305007	1	NA	"prevalence"	26	6
"NODE_108_length_16977_cov_116.663101"	"PrePostFVT"	"Post"	"PrePostFVTPost"	-0.521818521328939	0	1.14000428882833	0.647143685095762	1	0.746637424233001	1	NA	"prevalence"	26	6
"NODE_108_length_44174_cov_28.077586"	"PrePostFVT"	"During"	"PrePostFVTDuring"	1.1723353234056	0	1.37287813255406	0.393146399643017	1	0.216175506305683	1	NA	"prevalence"	26	13
"NODE_108_length_44174_cov_28.077586"	"PrePostFVT"	"Post"	"PrePostFVTPost"	-0.339013906858612	0	0.918152131639817	0.711952566269298	1	0.73691509538054	1	NA	"prevalence"	26	13
"NODE_108_length_81464_cov_35.157759|provirus_7818_70337"	"PrePostFVT"	"During"	"PrePostFVTDuring"	6.59167372518138	0	13.5378877050086	0.626325209840506	1	0.778961687200903	1	NA	"prevalence"	26	14
"NODE_108_length_81464_cov_35.157759|provirus_7818_70337"	"PrePostFVT"	"Post"	"PrePostFVTPost"	-0.312031101462065	0	0.917340544866362	0.733745445292049	1	0.573158385144996	1	NA	"prevalence"	26	14
"NODE_1086_length_7321_cov_7.431599"	"PrePostFVT"	"During"	"PrePostFVTDuring"	13.5168108868239	0	13.3935872628958	0.31287863281002	1	0.527864226750972	1	NA	"prevalence"	26	21
"NODE_1086_length_7321_cov_7.431599"	"PrePostFVT"	"Post"	"PrePostFVTPost"	-1.04103891645771	0	1.4028759247644	0.458041997522455	1	0.197491606908647	1	NA	"prevalence"	26	21
"NODE_1089_length_4636_cov_5.018118"	"PrePostFVT"	"During"	"PrePostFVTDuring"	0.51078833365579	0	1.23827632612145	0.679973365881508	1	0.689290745748911	1	NA	"prevalence"	26	6
"NODE_1089_length_4636_cov_5.018118"	"PrePostFVT"	"Post"	"PrePostFVTPost"	-1.88710090631265	0	1.2744547830958	0.138683247968934	1	0.130546578107678	1	NA	"prevalence"	26	6
"NODE_109_length_27773_cov_17.890613|provirus_5305_23161"	"PrePostFVT"	"During"	"PrePostFVTDuring"	13.7974705231076	0	194.387663985993	0.94341435212814	1	0.470813973791383	1	NA	"prevalence"	26	23
"NODE_109_length_27773_cov_17.890613|provirus_5305_23161"	"PrePostFVT"	"Post"	"PrePostFVTPost"	1.30272054446431	0	1.34412225329487	0.332446429254798	1	0.554372230185331	1	NA	"prevalence"	26	23
"NODE_1092_length_3371_cov_6.075694"	"PrePostFVT"	"During"	"PrePostFVTDuring"	12.1155674867815	0	591.207832070244	0.983650169789232	1	0.999478091816237	1	NA	"prevalence"	26	23
"NODE_1092_length_3371_cov_6.075694"	"PrePostFVT"	"Post"	"PrePostFVTPost"	0.452235712845083	0	1.49463259843558	0.762215169124025	1	0.943458374205284	1	NA	"prevalence"	26	23
"NODE_1096_length_2260_cov_12.300680"	"PrePostFVT"	"During"	"PrePostFVTDuring"	13.7974705231076	0	194.387663985993	0.94341435212814	1	0.560307109733004	1	NA	"prevalence"	26	23
"NODE_1096_length_2260_cov_12.300680"	"PrePostFVT"	"Post"	"PrePostFVTPost"	1.30272054446431	0	1.34412225329487	0.332446429254798	1	0.554372230185331	1	NA	"prevalence"	26	23
"NODE_1098_length_4803_cov_5.912805"	"PrePostFVT"	"During"	"PrePostFVTDuring"	0.00625048927913244	0	72.8828255572458	0.99993157278345	1	0.912398121875199	1	NA	"prevalence"	26	23
"NODE_1098_length_4803_cov_5.912805"	"PrePostFVT"	"Post"	"PrePostFVTPost"	-10.5171460988154	0	34.2474426953352	0.758772670561746	1	0.368805370751958	1	NA	"prevalence"	26	23
"NODE_11_length_66886_cov_11.614326|provirus_7399_66886"	"PrePostFVT"	"During"	"PrePostFVTDuring"	11.4545205956949	0	266.628150846788	0.965732895864849	1	0.786985730769497	1	NA	"prevalence"	26	20
"NODE_11_length_66886_cov_11.614326|provirus_7399_66886"	"PrePostFVT"	"Post"	"PrePostFVTPost"	-0.405232321240635	0	1.02076223283828	0.691374890876068	1	0.606665343557352	1	NA	"prevalence"	26	20
"NODE_1102_length_3264_cov_3.307884"	"PrePostFVT"	"During"	"PrePostFVTDuring"	-0.847241439290311	0	1.57357656207631	0.590288724273873	1	0.404043517524244	1	NA	"prevalence"	26	15
"NODE_1102_length_3264_cov_3.307884"	"PrePostFVT"	"Post"	"PrePostFVTPost"	-2.28238294721664	0	1.2188798688909	0.0611340155081281	1	0.118530663164108	1	NA	"prevalence"	26	15
"NODE_1104_length_7235_cov_5.951811"	"PrePostFVT"	"During"	"PrePostFVTDuring"	0.587761775009131	0	1.36625764512534	0.667051367269617	1	0.074325407979032	1	NA	"prevalence"	26	11
"NODE_1104_length_7235_cov_5.951811"	"PrePostFVT"	"Post"	"PrePostFVTPost"	-1.60944674122635	0	0.988827237462154	0.10360296386508	1	0.196472353608531	1	NA	"prevalence"	26	11
"NODE_1105_length_4231_cov_8.810824"	"PrePostFVT"	"During"	"PrePostFVTDuring"	14.1518422236066	0	774.071610543868	0.985413613839588	1	0.99939592478916	1	NA	"prevalence"	26	16
"NODE_1105_length_4231_cov_8.810824"	"PrePostFVT"	"Post"	"PrePostFVTPost"	-0.174257602009737	0	0.936045966509338	0.852316539035093	1	0.246145796026366	1	NA	"prevalence"	26	16
"NODE_1105_length_5332_cov_3.971575"	"PrePostFVT"	"During"	"PrePostFVTDuring"	2.07117204443844	0	1.5698374641132	0.1870506421613	1	0.1870506421613	1	NA	"prevalence"	26	5
"NODE_1105_length_5332_cov_3.971575"	"PrePostFVT"	"Post"	"PrePostFVTPost"	0.350018594823026	0	1.34640787905805	0.79489096030476	1	0.79489096030476	1	NA	"prevalence"	26	5
"NODE_1109_length_4231_cov_23.831418"	"PrePostFVT"	"During"	"PrePostFVTDuring"	12.390951523722	0	639.688557820825	0.984545712790645	1	0.954806119174251	1	NA	"prevalence"	26	25
"NODE_1109_length_4231_cov_23.831418"	"PrePostFVT"	"Post"	"PrePostFVTPost"	12.8661483041099	0	460.837144274907	0.977726692109118	1	0.241335474809481	1	NA	"prevalence"	26	25
"NODE_111_length_16833_cov_22.753546"	"PrePostFVT"	"During"	"PrePostFVTDuring"	1.9458181709821	0	1.46383589689609	0.183762281176381	1	0.120412191384272	1	NA	"prevalence"	26	6
"NODE_111_length_16833_cov_22.753546"	"PrePostFVT"	"Post"	"PrePostFVTPost"	0.847233243024284	0	1.25986625541106	0.50127898483954	1	0.742440949067497	1	NA	"prevalence"	26	6
"NODE_1115_length_4488_cov_7.035867"	"PrePostFVT"	"During"	"PrePostFVTDuring"	14.6889922063797	0	463.781798195468	0.974733460926957	1	0.974733460926957	1	NA	"prevalence"	26	5
"NODE_1115_length_4488_cov_7.035867"	"PrePostFVT"	"Post"	"PrePostFVTPost"	13.5897203911296	0	463.781059612806	0.976623718436313	1	0.976623718436313	1	NA	"prevalence"	26	5
"NODE_1117_length_5033_cov_7.042989"	"PrePostFVT"	"During"	"PrePostFVTDuring"	1.60942591007114	0	1.3662555914201	0.23880336909619	1	0.420579689100689	1	NA	"prevalence"	26	9
"NODE_1117_length_5033_cov_7.042989"	"PrePostFVT"	"Post"	"PrePostFVTPost"	-0.587774891233421	0	0.988826328734	0.552233436116351	1	0.486357245056905	1	NA	"prevalence"	26	9
"NODE_1118_length_2789_cov_2.808339"	"PrePostFVT"	"During"	"PrePostFVTDuring"	12.7620428022725	0	160.298629710571	0.936544122750407	1	0.936544122750407	1	NA	"prevalence"	26	3
"NODE_1118_length_2789_cov_2.808339"	"PrePostFVT"	"Post"	"PrePostFVTPost"	9.92566236784888	0	160.29170840863	0.950624554170207	1	0.950624554170207	1	NA	"prevalence"	26	3
"NODE_1118_length_5021_cov_5.478856"	"PrePostFVT"	"During"	"PrePostFVTDuring"	1.09840465061864	0	1.29100476029831	0.394872801132734	1	0.633821073191057	1	NA	"prevalence"	26	9
"NODE_1118_length_5021_cov_5.478856"	"PrePostFVT"	"Post"	"PrePostFVTPost"	0.762387226801502	0	1.0047590592589	0.447986465391926	1	0.695281057609501	1	NA	"prevalence"	26	9
"NODE_1119_length_5023_cov_11.906200"	"PrePostFVT"	"During"	"PrePostFVTDuring"	13.1834714279777	0	682.667300556141	0.984592444203007	1	0.0887359981319109	1	NA	"prevalence"	26	17
"NODE_1119_length_5023_cov_11.906200"	"PrePostFVT"	"Post"	"PrePostFVTPost"	-1.4350616646624	0	1.00474715305256	0.153210880923254	1	0.0812086122655085	1	NA	"prevalence"	26	17
"NODE_112_length_41464_cov_15.281919"	"PrePostFVT"	"During"	"PrePostFVTDuring"	-13.3134212047515	0	760.608771125807	0.986034829942078	1	0.986034829942078	1	NA	"prevalence"	26	2
"NODE_112_length_41464_cov_15.281919"	"PrePostFVT"	"Post"	"PrePostFVTPost"	-16.367250258576	0	1057.58268076896	0.987652355469897	1	0.987652355469897	1	NA	"prevalence"	26	2
"NODE_1121_length_4468_cov_66.517109"	"PrePostFVT"	"During"	"PrePostFVTDuring"	0.510737663119009	0	1.23828031897971	0.680004327505264	1	0.897602769584642	1	NA	"prevalence"	26	13
"NODE_1121_length_4468_cov_66.517109"	"PrePostFVT"	"Post"	"PrePostFVTPost"	1.2040911649992	0	0.953073444190936	0.206453689537827	1	0.370284253151872	1	NA	"prevalence"	26	13
"NODE_1125_length_2758_cov_3.078801"	"PrePostFVT"	"During"	"PrePostFVTDuring"	2.07394385697526	0	1.54744638062039	0.18016852404426	1	0.189419548820461	1	NA	"prevalence"	26	9
"NODE_1125_length_2758_cov_3.078801"	"PrePostFVT"	"Post"	"PrePostFVTPost"	2.07392230732929	0	1.29147982548446	0.108306968728907	1	0.20488353798257	1	NA	"prevalence"	26	9
"NODE_1125_length_5473_cov_26.248431"	"PrePostFVT"	"During"	"PrePostFVTDuring"	11.5551776582196	0	48.6881089893374	0.812400332107453	1	0.964806364606606	1	NA	"prevalence"	26	24
"NODE_1125_length_5473_cov_26.248431"	"PrePostFVT"	"Post"	"PrePostFVTPost"	0.507737699231846	0	1.58901814942	0.749325252014625	1	0.937162170722469	1	NA	"prevalence"	26	24
"NODE_113_length_10944_cov_8.844155"	"PrePostFVT"	"During"	"PrePostFVTDuring"	13.7974705231076	0	194.387663985993	0.94341435212814	1	0.560594823062311	1	NA	"prevalence"	26	23
"NODE_113_length_10944_cov_8.844155"	"PrePostFVT"	"Post"	"PrePostFVTPost"	1.30272054446431	0	1.34412225329487	0.332446429254798	1	0.554372230185331	1	NA	"prevalence"	26	23
"NODE_1133_length_5136_cov_33.778981"	"PrePostFVT"	"During"	"PrePostFVTDuring"	-0.510360781526723	0	1.23827480210497	0.680226036688777	1	0.610427434460624	1	NA	"prevalence"	26	9
"NODE_1133_length_5136_cov_33.778981"	"PrePostFVT"	"Post"	"PrePostFVTPost"	-2.90872206429097	0	1.27448420940439	0.0224731736703957	1	0.0444413038059716	1	NA	"prevalence"	26	9
"NODE_1136_length_5103_cov_5.667393"	"PrePostFVT"	"During"	"PrePostFVTDuring"	-12.7115157508129	0	482.71893440669	0.978991604872217	1	0.978991604872217	1	NA	"prevalence"	26	3
"NODE_1136_length_5103_cov_5.667393"	"PrePostFVT"	"Post"	"PrePostFVTPost"	-1.30258396445059	0	1.34397248469792	0.332443246326448	1	0.332443246326448	1	NA	"prevalence"	26	3
"NODE_1136_length_5719_cov_15.513771"	"PrePostFVT"	"During"	"PrePostFVTDuring"	12.6897301885645	0	682.667307562786	0.985169413216688	1	0.618827432417173	1	NA	"prevalence"	26	20
"NODE_1136_length_5719_cov_15.513771"	"PrePostFVT"	"Post"	"PrePostFVTPost"	-0.847217382110719	0	1.2598572189395	0.501283927261559	1	0.362457753835873	1	NA	"prevalence"	26	20
"NODE_114_length_41139_cov_24.287119"	"PrePostFVT"	"During"	"PrePostFVTDuring"	1.09761716407242	0	1.29096378123128	0.395196782909907	1	0.395196782909907	1	NA	"prevalence"	26	6
"NODE_114_length_41139_cov_24.287119"	"PrePostFVT"	"Post"	"PrePostFVTPost"	-13.2632803265353	0	367.832451531235	0.97123615982451	1	0.97123615982451	1	NA	"prevalence"	26	6
"NODE_1148_length_3207_cov_13.351840"	"PrePostFVT"	"During"	"PrePostFVTDuring"	1.09864022824838	0	1.29099926077373	0.394769414174681	1	0.344217785428912	1	NA	"prevalence"	26	7
"NODE_1148_length_3207_cov_13.351840"	"PrePostFVT"	"Post"	"PrePostFVTPost"	-1.2992234080902	0	1.32573463309834	0.327084827524027	1	0.547185170651632	1	NA	"prevalence"	26	7
"NODE_115_length_39977_cov_22.569661"	"PrePostFVT"	"During"	"PrePostFVTDuring"	14.1912726017749	0	1448.15561221159	0.992181215894583	1	0.543770655959898	1	NA	"prevalence"	26	16
"NODE_115_length_39977_cov_22.569661"	"PrePostFVT"	"Post"	"PrePostFVTPost"	-1.79174390869032	0	1.02063412361952	0.079170353843686	1	0.0542563311960686	1	NA	"prevalence"	26	16
"NODE_115_length_68071_cov_76.287815|provirus_44295_57657"	"PrePostFVT"	"During"	"PrePostFVTDuring"	13.7974705231076	0	194.387663985993	0.94341435212814	1	0.5746079638669	1	NA	"prevalence"	26	23
"NODE_115_length_68071_cov_76.287815|provirus_44295_57657"	"PrePostFVT"	"Post"	"PrePostFVTPost"	1.30272054446431	0	1.34412225329487	0.332446429254798	1	0.554372230185331	1	NA	"prevalence"	26	23
"NODE_1150_length_3473_cov_5.646870"	"PrePostFVT"	"During"	"PrePostFVTDuring"	11.5551776582196	0	48.6881089893374	0.812400332107453	1	0.744557678172148	1	NA	"prevalence"	26	23
"NODE_1150_length_3473_cov_5.646870"	"PrePostFVT"	"Post"	"PrePostFVTPost"	0.507737699231846	0	1.58901814942	0.749325252014625	1	0.468272425349668	1	NA	"prevalence"	26	23
"NODE_1151_length_2920_cov_3.823037"	"PrePostFVT"	"During"	"PrePostFVTDuring"	-2.2133647507426	0	2.12275828616638	0.297094965252955	1	0.505924512127256	1	NA	"prevalence"	26	7
"NODE_1151_length_2920_cov_3.823037"	"PrePostFVT"	"Post"	"PrePostFVTPost"	-3.21292925547366	0	2.02256371178152	0.112163624782188	1	0.211746570840097	1	NA	"prevalence"	26	7
"NODE_1152_length_2993_cov_5.899592"	"PrePostFVT"	"During"	"PrePostFVTDuring"	4.42388849665904e-15	0	1.3828215023207	0.999999999999997	1	0.999999999999997	1	NA	"prevalence"	26	3
"NODE_1152_length_2993_cov_5.899592"	"PrePostFVT"	"Post"	"PrePostFVTPost"	-4.58063000066496	0	4.79891380392453	0.33982356933905	1	0.33982356933905	1	NA	"prevalence"	26	3
"NODE_1153_length_3979_cov_63.329001"	"PrePostFVT"	"During"	"PrePostFVTDuring"	-11.8290930007769	0	486.106909839215	0.980585918298199	1	0.980585918298199	1	NA	"prevalence"	26	3
"NODE_1153_length_3979_cov_63.329001"	"PrePostFVT"	"Post"	"PrePostFVTPost"	-11.6323926930891	0	255.503683593399	0.963687015702945	1	0.963687015702945	1	NA	"prevalence"	26	3
"NODE_1158_length_3043_cov_3.853414"	"PrePostFVT"	"During"	"PrePostFVTDuring"	11.5551776582196	0	48.6881089893374	0.812400332107453	1	0.964806364606606	1	NA	"prevalence"	26	23
"NODE_1158_length_3043_cov_3.853414"	"PrePostFVT"	"Post"	"PrePostFVTPost"	0.507737699231846	0	1.58901814942	0.749325252014625	1	0.362665391110662	1	NA	"prevalence"	26	23
"NODE_116_length_38613_cov_286.577597"	"PrePostFVT"	"During"	"PrePostFVTDuring"	11.3658923436365	0	383.626986203684	0.976364166766569	1	0.972931054874875	1	NA	"prevalence"	26	22
"NODE_116_length_38613_cov_286.577597"	"PrePostFVT"	"Post"	"PrePostFVTPost"	-0.847333060234869	0	1.25989489622885	0.501238293778797	1	0.751236760407315	1	NA	"prevalence"	26	22
"NODE_1162_length_5509_cov_7.356986"	"PrePostFVT"	"During"	"PrePostFVTDuring"	1.94586970802617	0	1.46381469772515	0.183744321405754	1	0.333726667162647	1	NA	"prevalence"	26	7
"NODE_1162_length_5509_cov_7.356986"	"PrePostFVT"	"Post"	"PrePostFVTPost"	1.25265593449534	0	1.23197113800709	0.309253339861286	1	0.522869051507212	1	NA	"prevalence"	26	7
"NODE_1163_length_4650_cov_11.917519"	"PrePostFVT"	"During"	"PrePostFVTDuring"	15.1439863438658	0	112.739252514379	0.893143577572172	1	0.649095242159878	1	NA	"prevalence"	26	16
"NODE_1163_length_4650_cov_11.917519"	"PrePostFVT"	"Post"	"PrePostFVTPost"	-0.181749789306007	0	0.956168868585518	0.849245449804629	1	0.254118107978926	1	NA	"prevalence"	26	16
"NODE_1164_length_4593_cov_10.455046"	"PrePostFVT"	"During"	"PrePostFVTDuring"	6.59167087789923	0	13.5370004402445	0.626302742075377	1	0.860350359419618	1	NA	"prevalence"	26	15
"NODE_1164_length_4593_cov_10.455046"	"PrePostFVT"	"Post"	"PrePostFVTPost"	-0.312031101449153	0	0.917339836723456	0.733745247572002	1	0.619126672999654	1	NA	"prevalence"	26	15
"NODE_1177_length_5283_cov_27.285386"	"PrePostFVT"	"During"	"PrePostFVTDuring"	13.7974705231076	0	194.387663985993	0.94341435212814	1	0.35672524770325	1	NA	"prevalence"	26	22
"NODE_1177_length_5283_cov_27.285386"	"PrePostFVT"	"Post"	"PrePostFVTPost"	1.30272054446431	0	1.34412225329487	0.332446429254798	1	0.285882625794893	1	NA	"prevalence"	26	22
"NODE_1185_length_3872_cov_14.769190"	"PrePostFVT"	"During"	"PrePostFVTDuring"	11.5551776582196	0	48.6881089893374	0.812400332107453	1	0.964806364606606	1	NA	"prevalence"	26	24
"NODE_1185_length_3872_cov_14.769190"	"PrePostFVT"	"Post"	"PrePostFVTPost"	0.507737699231846	0	1.58901814942	0.749325252014625	1	0.714149041791101	1	NA	"prevalence"	26	24
"NODE_119_length_41869_cov_11.496795|provirus_190_24455"	"PrePostFVT"	"During"	"PrePostFVTDuring"	-14.2686605912636	0	1182.41356606678	0.990371839422405	1	0.990371839422405	1	NA	"prevalence"	26	7
"NODE_119_length_41869_cov_11.496795|provirus_190_24455"	"PrePostFVT"	"Post"	"PrePostFVTPost"	1.94579359689092	0	1.2149384202964	0.109253521192481	1	0.206570710492005	1	NA	"prevalence"	26	7
"NODE_1194_length_3879_cov_4.682531"	"PrePostFVT"	"During"	"PrePostFVTDuring"	12.1155674867815	0	591.207832070244	0.983650169789232	1	0.980960648580485	1	NA	"prevalence"	26	22
"NODE_1194_length_3879_cov_4.682531"	"PrePostFVT"	"Post"	"PrePostFVTPost"	0.452235712845083	0	1.49463259843558	0.762215169124025	1	0.501374747350134	1	NA	"prevalence"	26	22
"NODE_1195_length_3589_cov_5.580645"	"PrePostFVT"	"During"	"PrePostFVTDuring"	12.1155674867815	0	591.207832070244	0.983650169789232	1	0.995137825425864	1	NA	"prevalence"	26	22
"NODE_1195_length_3589_cov_5.580645"	"PrePostFVT"	"Post"	"PrePostFVTPost"	0.452235712845083	0	1.49463259843558	0.762215169124025	1	0.388707859591159	1	NA	"prevalence"	26	22
"NODE_1195_length_5236_cov_6.947693"	"PrePostFVT"	"During"	"PrePostFVTDuring"	3.29583610627301	0	2.15165672190275	0.125580017375727	1	0.125580017375727	1	NA	"prevalence"	26	2
"NODE_1195_length_5236_cov_6.947693"	"PrePostFVT"	"Post"	"PrePostFVTPost"	0	0	2.45954824585404	1	1	1	1	NA	"prevalence"	26	2
"NODE_1196_length_2946_cov_6.579730"	"PrePostFVT"	"During"	"PrePostFVTDuring"	1.17233532860378	0	1.37287784079515	0.393146296988285	1	0.532747688425145	1	NA	"prevalence"	26	12
"NODE_1196_length_2946_cov_6.579730"	"PrePostFVT"	"Post"	"PrePostFVTPost"	-0.339013906858885	0	0.918151846550447	0.711952480820512	1	0.917028626694543	1	NA	"prevalence"	26	12
"NODE_1196_length_4706_cov_6.610621"	"PrePostFVT"	"During"	"PrePostFVTDuring"	0.847781337190917	0	1.57363602486557	0.590065977547865	1	0.590065977547865	1	NA	"prevalence"	26	2
"NODE_1196_length_4706_cov_6.610621"	"PrePostFVT"	"Post"	"PrePostFVTPost"	-12.9451636153924	0	455.112055748629	0.977308108037944	1	0.977308108037944	1	NA	"prevalence"	26	2
"NODE_120_length_40096_cov_374.797208"	"PrePostFVT"	"During"	"PrePostFVTDuring"	-0.847241439290311	0	1.57357656207631	0.590288724273873	1	0.127024662399682	1	NA	"prevalence"	26	16
"NODE_120_length_40096_cov_374.797208"	"PrePostFVT"	"Post"	"PrePostFVTPost"	-2.28238294721664	0	1.2188798688909	0.0611340155081281	1	0.118530663164108	1	NA	"prevalence"	26	16
"NODE_1206_length_2948_cov_736.924300"	"PrePostFVT"	"During"	"PrePostFVTDuring"	1.6094600942503	0	1.36625932037485	0.238794676067066	1	0.420566454816156	1	NA	"prevalence"	26	11
"NODE_1206_length_2948_cov_736.924300"	"PrePostFVT"	"Post"	"PrePostFVTPost"	-0.587732401581726	0	0.988826508809128	0.552262241687324	1	0.79953089978114	1	NA	"prevalence"	26	11
"NODE_1206_length_5083_cov_16.050716"	"PrePostFVT"	"During"	"PrePostFVTDuring"	4.58062647013003	0	8.23499017704894	0.578047168635729	1	0.821955808103675	1	NA	"prevalence"	26	19
"NODE_1206_length_5083_cov_16.050716"	"PrePostFVT"	"Post"	"PrePostFVTPost"	5.39282691205741e-15	0	1.03069488982012	0.999999999999996	1	0.23265508381585	1	NA	"prevalence"	26	19
"NODE_1209_length_3352_cov_2.694874"	"PrePostFVT"	"During"	"PrePostFVTDuring"	0.847292756356708	0	1.57357563595178	0.590265996315114	1	0.590265996315114	1	NA	"prevalence"	26	3
"NODE_1209_length_3352_cov_2.694874"	"PrePostFVT"	"Post"	"PrePostFVTPost"	-0.451928344007511	0	1.4945414050436	0.762357853091443	1	0.762357853091443	1	NA	"prevalence"	26	3
"NODE_1211_length_2702_cov_7.191160"	"PrePostFVT"	"During"	"PrePostFVTDuring"	-7.65838905774385e-14	0	3.29982208084833	0.999999999999981	1	0.999999999999981	1	NA	"prevalence"	26	4
"NODE_1211_length_2702_cov_7.191160"	"PrePostFVT"	"Post"	"PrePostFVTPost"	2.65579766059999	0	1.99956549997351	0.184116212764932	1	0.184116212764932	1	NA	"prevalence"	26	4
"NODE_1213_length_5747_cov_6.697470"	"PrePostFVT"	"During"	"PrePostFVTDuring"	1.59176785183126e-07	0	1.44048939146029	0.999999911832256	1	0.094185669256318	1	NA	"prevalence"	26	15
"NODE_1213_length_5747_cov_6.697470"	"PrePostFVT"	"Post"	"PrePostFVTPost"	-1.1501395580462	0	1.04125298971476	0.2693448142263	1	0.466142999502	1	NA	"prevalence"	26	15
"NODE_1215_length_4762_cov_296.029530"	"PrePostFVT"	"During"	"PrePostFVTDuring"	6.59167242180668	0	13.5361141951477	0.62628006781059	1	0.860333412284343	1	NA	"prevalence"	26	15
"NODE_1215_length_4762_cov_296.029530"	"PrePostFVT"	"Post"	"PrePostFVTPost"	0.312031101448703	0	0.917340269513514	0.733745368417869	1	0.559646561564123	1	NA	"prevalence"	26	15
"NODE_1218_length_3762_cov_7.912868"	"PrePostFVT"	"During"	"PrePostFVTDuring"	-6.3723158731877e-15	0	1.38282072303595	0.999999999999996	1	0.918115152516967	1	NA	"prevalence"	26	19
"NODE_1218_length_3762_cov_7.912868"	"PrePostFVT"	"Post"	"PrePostFVTPost"	-0.365484504446975	0	1.00302078003048	0.715571444959572	1	0.643751106367523	1	NA	"prevalence"	26	19
"NODE_1220_length_2903_cov_3.497191"	"PrePostFVT"	"During"	"PrePostFVTDuring"	-0.84727180700865	0	1.57360703462324	0.590282600738743	1	0.184095749937003	1	NA	"prevalence"	26	17
"NODE_1220_length_2903_cov_3.497191"	"PrePostFVT"	"Post"	"PrePostFVTPost"	-1.60943506628618	0	1.21890731695858	0.186704283744435	1	0.178172284696298	1	NA	"prevalence"	26	17
"NODE_1226_length_5681_cov_10.171170"	"PrePostFVT"	"During"	"PrePostFVTDuring"	1.17233532859784	0	1.37287721051085	0.393146079758868	1	0.214797711058939	1	NA	"prevalence"	26	11
"NODE_1226_length_5681_cov_10.171170"	"PrePostFVT"	"Post"	"PrePostFVTPost"	-0.7140047148746	0	0.936831104146224	0.44597119172664	1	0.693052079603201	1	NA	"prevalence"	26	11
"NODE_123_length_29020_cov_48.579838|provirus_13140_29018"	"PrePostFVT"	"During"	"PrePostFVTDuring"	11.5551776582196	0	48.6881089893374	0.812400332107453	1	0.924742268957893	1	NA	"prevalence"	26	23
"NODE_123_length_29020_cov_48.579838|provirus_13140_29018"	"PrePostFVT"	"Post"	"PrePostFVTPost"	0.507737699231846	0	1.58901814942	0.749325252014625	1	0.879463137768004	1	NA	"prevalence"	26	23
"NODE_1233_length_4439_cov_10.491560"	"PrePostFVT"	"During"	"PrePostFVTDuring"	14.0261966814867	0	682.666975305555	0.983607675716032	1	0.73978060202125	1	NA	"prevalence"	26	16
"NODE_1233_length_4439_cov_10.491560"	"PrePostFVT"	"Post"	"PrePostFVTPost"	-0.174242340402322	0	0.936049883776275	0.852329935429586	1	0.84619388081972	1	NA	"prevalence"	26	16
"NODE_1237_length_3955_cov_5.959744"	"PrePostFVT"	"During"	"PrePostFVTDuring"	3.29583428232894	0	2.15165572365529	0.125580051204897	1	0.125580051204897	1	NA	"prevalence"	26	5
"NODE_1237_length_3955_cov_5.959744"	"PrePostFVT"	"Post"	"PrePostFVTPost"	2.29031246424441	0	2.0135920746668	0.255360142671996	1	0.255360142671996	1	NA	"prevalence"	26	5
"NODE_124_length_39539_cov_31.076005"	"PrePostFVT"	"During"	"PrePostFVTDuring"	-1.09854693738317	0	1.29097747181597	0.394801578627316	1	0.183577956545147	1	NA	"prevalence"	26	9
"NODE_124_length_39539_cov_31.076005"	"PrePostFVT"	"Post"	"PrePostFVTPost"	-17.0292379156035	0	915.893985132542	0.985165768728302	1	0.985165768728302	1	NA	"prevalence"	26	9
"NODE_125_length_42935_cov_10.789366"	"PrePostFVT"	"During"	"PrePostFVTDuring"	-13.1338301499604	0	993.426564957169	0.989451686311447	1	0.989451686311447	1	NA	"prevalence"	26	3
"NODE_125_length_42935_cov_10.789366"	"PrePostFVT"	"Post"	"PrePostFVTPost"	-14.8678858811388	0	1365.33393038544	0.991311559844857	1	0.991311559844857	1	NA	"prevalence"	26	3
"NODE_1250_length_4468_cov_38.665307"	"PrePostFVT"	"During"	"PrePostFVTDuring"	12.390951523722	0	639.688557820825	0.984545712790645	1	0.89981372948863	1	NA	"prevalence"	26	25
"NODE_1250_length_4468_cov_38.665307"	"PrePostFVT"	"Post"	"PrePostFVTPost"	12.8661483041099	0	460.837144274907	0.977726692109118	1	0.965265476837909	1	NA	"prevalence"	26	25
"NODE_1250_length_5037_cov_5.407668"	"PrePostFVT"	"During"	"PrePostFVTDuring"	1.94603683093848	0	1.4638540449499	0.183718456303472	1	0.183718456303472	1	NA	"prevalence"	26	6
"NODE_1250_length_5037_cov_5.407668"	"PrePostFVT"	"Post"	"PrePostFVTPost"	0.847324737429187	0	1.2598850893727	0.501239166252929	1	0.501239166252929	1	NA	"prevalence"	26	6
"NODE_1253_length_4696_cov_4.147382"	"PrePostFVT"	"During"	"PrePostFVTDuring"	1.94640230606829	0	1.46394981205487	0.183664817355876	1	0.183664817355876	1	NA	"prevalence"	26	3
"NODE_1253_length_4696_cov_4.147382"	"PrePostFVT"	"Post"	"PrePostFVTPost"	-13.4060602813264	0	579.262656735314	0.981535951595354	1	0.981535951595354	1	NA	"prevalence"	26	3
"NODE_1255_length_3675_cov_10.237293"	"PrePostFVT"	"During"	"PrePostFVTDuring"	11.8558780679571	0	321.813150650084	0.970611882590261	1	0.959879883836643	1	NA	"prevalence"	26	20
"NODE_1255_length_3675_cov_10.237293"	"PrePostFVT"	"Post"	"PrePostFVTPost"	0.510838632873371	0	1.12546429056513	0.649906948716751	1	0.075570113340594	1	NA	"prevalence"	26	20
"NODE_1256_length_5020_cov_5.298892"	"PrePostFVT"	"During"	"PrePostFVTDuring"	3.29583428232894	0	2.15165572365529	0.125580051204897	1	0.125580051204897	1	NA	"prevalence"	26	5
"NODE_1256_length_5020_cov_5.298892"	"PrePostFVT"	"Post"	"PrePostFVTPost"	2.29031246424441	0	2.0135920746668	0.255360142671996	1	0.255360142671996	1	NA	"prevalence"	26	5
"NODE_1259_length_3670_cov_6.403873"	"PrePostFVT"	"During"	"PrePostFVTDuring"	-1.89232688812462e-14	0	1.44124510716829	0.99999999999999	1	0.271489488288078	1	NA	"prevalence"	26	18
"NODE_1259_length_3670_cov_6.403873"	"PrePostFVT"	"Post"	"PrePostFVTPost"	7.18976337160524e-29	0	1.07424062408838	1	1	0.409253971021722	1	NA	"prevalence"	26	18
"NODE_126_length_18108_cov_304.913809"	"PrePostFVT"	"During"	"PrePostFVTDuring"	4.04121180963559e-14	0	16.5567388404407	0.999999999999998	1	0.999999999999998	1	NA	"prevalence"	26	2
"NODE_126_length_18108_cov_304.913809"	"PrePostFVT"	"Post"	"PrePostFVTPost"	4.34056083257155e-14	0	12.3406658937263	0.999999999999997	1	0.999999999999997	1	NA	"prevalence"	26	2
"NODE_1260_length_2744_cov_11.166977"	"PrePostFVT"	"During"	"PrePostFVTDuring"	12.390951523722	0	639.688557820825	0.984545712790645	1	0.976870889419544	1	NA	"prevalence"	26	25
"NODE_1260_length_2744_cov_11.166977"	"PrePostFVT"	"Post"	"PrePostFVTPost"	12.8661483041099	0	460.837144274907	0.977726692109118	1	0.648101131893422	1	NA	"prevalence"	26	25
"NODE_1260_length_5519_cov_9.765190"	"PrePostFVT"	"During"	"PrePostFVTDuring"	-0.848537635545244	0	1.57362624363275	0.589732039899232	1	0.142245461919221	1	NA	"prevalence"	26	15
"NODE_1260_length_5519_cov_9.765190"	"PrePostFVT"	"Post"	"PrePostFVTPost"	-2.28292016077257	0	1.21911279413321	0.0611225596633375	1	0.118509152026877	1	NA	"prevalence"	26	15
"NODE_1263_length_3025_cov_5.382155"	"PrePostFVT"	"During"	"PrePostFVTDuring"	13.4719427734071	0	803.292279403078	0.986619376839845	1	0.943094872129309	1	NA	"prevalence"	26	21
"NODE_1263_length_3025_cov_5.382155"	"PrePostFVT"	"Post"	"PrePostFVTPost"	0.51080354912358	0	1.12542808601434	0.649918877210217	1	0.364908713479883	1	NA	"prevalence"	26	21
"NODE_1264_length_2611_cov_5.178404"	"PrePostFVT"	"During"	"PrePostFVTDuring"	13.2121366703683	0	568.013383897064	0.981442674317691	1	0.0981947474961356	1	NA	"prevalence"	26	16
"NODE_1264_length_2611_cov_5.178404"	"PrePostFVT"	"Post"	"PrePostFVTPost"	-1.79179032575274	0	1.02062529109018	0.0791599860755659	1	0.147818341168905	1	NA	"prevalence"	26	16
"NODE_1268_length_3996_cov_39.488962"	"PrePostFVT"	"During"	"PrePostFVTDuring"	11.5551776582196	0	48.6881089893374	0.812400332107453	1	0.878703004067617	1	NA	"prevalence"	26	24
"NODE_1268_length_3996_cov_39.488962"	"PrePostFVT"	"Post"	"PrePostFVTPost"	0.507737699231846	0	1.58901814942	0.749325252014625	1	0.761633115207905	1	NA	"prevalence"	26	24
"NODE_1268_length_4917_cov_20.181201"	"PrePostFVT"	"During"	"PrePostFVTDuring"	-0.847132245356374	0	1.57360027766062	0.590342221661543	1	0.208044216583381	1	NA	"prevalence"	26	17
"NODE_1268_length_4917_cov_20.181201"	"PrePostFVT"	"Post"	"PrePostFVTPost"	-1.94585333345081	0	1.21496681100926	0.109250922644182	1	0.20656608118976	1	NA	"prevalence"	26	17
"NODE_1273_length_4490_cov_9.000000"	"PrePostFVT"	"During"	"PrePostFVTDuring"	1.00552185855752	0	1.29806681399046	0.438558159908707	1	0.684783060194903	1	NA	"prevalence"	26	7
"NODE_1273_length_4490_cov_9.000000"	"PrePostFVT"	"Post"	"PrePostFVTPost"	-2.40919971572373e-15	0	1.06498020595038	0.999999999999998	1	0.548715819752292	1	NA	"prevalence"	26	7
"NODE_1276_length_3712_cov_7.215204"	"PrePostFVT"	"During"	"PrePostFVTDuring"	6.84989186579464e-15	0	1.38282081935272	0.999999999999996	1	0.999999999999996	1	NA	"prevalence"	26	3
"NODE_1276_length_3712_cov_7.215204"	"PrePostFVT"	"Post"	"PrePostFVTPost"	-4.58063000066495	0	4.79891375850676	0.339823564768558	1	0.339823564768558	1	NA	"prevalence"	26	3
"NODE_1277_length_2938_cov_4.712799"	"PrePostFVT"	"During"	"PrePostFVTDuring"	11.5551776582196	0	48.6881089893374	0.812400332107453	1	0.297014353539827	1	NA	"prevalence"	26	22
"NODE_1277_length_2938_cov_4.712799"	"PrePostFVT"	"Post"	"PrePostFVTPost"	0.507737699231846	0	1.58901814942	0.749325252014625	1	0.261176230762156	1	NA	"prevalence"	26	22
"NODE_1278_length_3628_cov_4.986846"	"PrePostFVT"	"During"	"PrePostFVTDuring"	0	0	3.2998296956836	1	1	0.713758509481048	1	NA	"prevalence"	26	24
"NODE_1278_length_3628_cov_4.986846"	"PrePostFVT"	"Post"	"PrePostFVTPost"	-1.23632920280551	0	2.11197231441812	0.558284960643895	1	0.804887824006635	1	NA	"prevalence"	26	24
"NODE_1279_length_3475_cov_5.432456"	"PrePostFVT"	"During"	"PrePostFVTDuring"	7.39251933258534e-15	0	3.29982731604338	0.999999999999998	1	0.243651146524155	1	NA	"prevalence"	26	21
"NODE_1279_length_3475_cov_5.432456"	"PrePostFVT"	"Post"	"PrePostFVTPost"	-2.29031500033248	0	2.01359123693519	0.255359418684892	1	0.34904849792533	1	NA	"prevalence"	26	21
"NODE_129_length_27218_cov_9.424806"	"PrePostFVT"	"During"	"PrePostFVTDuring"	2.35922412715666	0	1.55151443332825	0.12836165811965	1	0.240246600964073	1	NA	"prevalence"	26	10
"NODE_129_length_27218_cov_9.424806"	"PrePostFVT"	"Post"	"PrePostFVTPost"	1.17504605657169e-06	0	1.08475388498212	0.999999135701545	1	0.418538649954321	1	NA	"prevalence"	26	10
"NODE_1299_length_4337_cov_85.098085"	"PrePostFVT"	"During"	"PrePostFVTDuring"	11.5551776582196	0	48.6881089893374	0.812400332107453	1	0.964806364606606	1	NA	"prevalence"	26	24
"NODE_1299_length_4337_cov_85.098085"	"PrePostFVT"	"Post"	"PrePostFVTPost"	0.507737699231846	0	1.58901814942	0.749325252014625	1	0.467731974707221	1	NA	"prevalence"	26	24
"NODE_130_length_77265_cov_22.063904|provirus_67829_77021"	"PrePostFVT"	"During"	"PrePostFVTDuring"	1.94640230606829	0	1.46394981205487	0.183664817355876	1	0.183664817355876	1	NA	"prevalence"	26	3
"NODE_130_length_77265_cov_22.063904|provirus_67829_77021"	"PrePostFVT"	"Post"	"PrePostFVTPost"	-13.4060602813264	0	579.262656735314	0.981535951595354	1	0.981535951595354	1	NA	"prevalence"	26	3
"NODE_1300_length_4422_cov_7.244104"	"PrePostFVT"	"During"	"PrePostFVTDuring"	1.94586970808694	0	1.46381624150139	0.183744783720028	1	0.333727421895736	1	NA	"prevalence"	26	7
"NODE_1300_length_4422_cov_7.244104"	"PrePostFVT"	"Post"	"PrePostFVTPost"	1.2526559345025	0	1.23197237794771	0.309253826793764	1	0.36043628724731	1	NA	"prevalence"	26	7
"NODE_1301_length_3307_cov_6.593173"	"PrePostFVT"	"During"	"PrePostFVTDuring"	13.6377681940609	0	144.097958853678	0.924598917310375	1	0.819267044344161	1	NA	"prevalence"	26	16
"NODE_1301_length_3307_cov_6.593173"	"PrePostFVT"	"Post"	"PrePostFVTPost"	-1.17445414261747	0	1.06164203092951	0.268613172476223	1	0.386787933168425	1	NA	"prevalence"	26	16
"NODE_1305_length_4092_cov_12.236810"	"PrePostFVT"	"During"	"PrePostFVTDuring"	12.78896889201	0	281.35544827278	0.963744764437501	1	0.807172449083126	1	NA	"prevalence"	26	19
"NODE_1305_length_4092_cov_12.236810"	"PrePostFVT"	"Post"	"PrePostFVTPost"	1.90678059292446e-08	0	1.07416486755052	0.999999985836524	1	0.874747641438096	1	NA	"prevalence"	26	19
"NODE_1309_length_2953_cov_6.256384"	"PrePostFVT"	"During"	"PrePostFVTDuring"	12.390951523722	0	639.688557820825	0.984545712790645	1	0.999219192761312	1	NA	"prevalence"	26	25
"NODE_1309_length_2953_cov_6.256384"	"PrePostFVT"	"Post"	"PrePostFVTPost"	12.8661483041099	0	460.837144274907	0.977726692109118	1	0.797391995283253	1	NA	"prevalence"	26	25
"NODE_1310_length_3849_cov_5.680548"	"PrePostFVT"	"During"	"PrePostFVTDuring"	6.84030947279843e-17	0	1.38282198390025	1	1	1	1	NA	"prevalence"	26	4
"NODE_1310_length_3849_cov_5.680548"	"PrePostFVT"	"Post"	"PrePostFVTPost"	-1.05398513700472	0	1.21169332292454	0.384385224614922	1	0.384385224614922	1	NA	"prevalence"	26	4
"NODE_1320_length_3894_cov_6.729096"	"PrePostFVT"	"During"	"PrePostFVTDuring"	0.00625048927913244	0	72.8828255572458	0.99993157278345	1	0.999998381755937	1	NA	"prevalence"	26	22
"NODE_1320_length_3894_cov_6.729096"	"PrePostFVT"	"Post"	"PrePostFVTPost"	-10.5171460988154	0	34.2474426953352	0.758772670561746	1	0.941809375532088	1	NA	"prevalence"	26	22
"NODE_1320_length_3944_cov_3.698123"	"PrePostFVT"	"During"	"PrePostFVTDuring"	1.94586840310736	0	1.46384750683272	0.183754440995163	1	0.199371783222921	1	NA	"prevalence"	26	7
"NODE_1320_length_3944_cov_3.698123"	"PrePostFVT"	"Post"	"PrePostFVTPost"	1.25269824657856	0	1.23201244723379	0.309253220416041	1	0.0540374263360357	1	NA	"prevalence"	26	7
"NODE_1322_length_2624_cov_4.678863"	"PrePostFVT"	"During"	"PrePostFVTDuring"	13.7974705231076	0	194.387663985993	0.94341435212814	1	0.786870514956031	1	NA	"prevalence"	26	22
"NODE_1322_length_2624_cov_4.678863"	"PrePostFVT"	"Post"	"PrePostFVTPost"	1.30272054446431	0	1.34412225329487	0.332446429254798	1	0.101736691478255	1	NA	"prevalence"	26	22
"NODE_1323_length_3039_cov_6.837466"	"PrePostFVT"	"During"	"PrePostFVTDuring"	6.59167275629869	0	13.538183095898	0.626332789642229	1	0.685888472346423	1	NA	"prevalence"	26	14
"NODE_1323_length_3039_cov_6.837466"	"PrePostFVT"	"Post"	"PrePostFVTPost"	-1.71820230001514e-16	0	0.912871560367717	1	1	0.132725596254165	1	NA	"prevalence"	26	14
"NODE_1324_length_4029_cov_5.772521"	"PrePostFVT"	"During"	"PrePostFVTDuring"	-0.587418415256492	0	1.36620142647001	0.667221304239456	1	0.667221304239456	1	NA	"prevalence"	26	4
"NODE_1324_length_4029_cov_5.772521"	"PrePostFVT"	"Post"	"PrePostFVTPost"	-14.0593737681067	0	427.038171908394	0.973735998793713	1	0.973735998793713	1	NA	"prevalence"	26	4
"NODE_1327_length_4130_cov_5.709448"	"PrePostFVT"	"During"	"PrePostFVTDuring"	-1.19237843514495	0	2.04811446046667	0.56044308938385	1	0.806789722329586	1	NA	"prevalence"	26	5
"NODE_1327_length_4130_cov_5.709448"	"PrePostFVT"	"Post"	"PrePostFVTPost"	-12.2458821603141	0	50.0157699681135	0.806579995046061	1	0.806579995046061	1	NA	"prevalence"	26	5
"NODE_1329_length_4796_cov_16.524784"	"PrePostFVT"	"During"	"PrePostFVTDuring"	4.58062647013004	0	8.2349898435987	0.578047153240578	1	0.821955795111619	1	NA	"prevalence"	26	20
"NODE_1329_length_4796_cov_16.524784"	"PrePostFVT"	"Post"	"PrePostFVTPost"	4.76320752638574e-15	0	1.03069458699721	0.999999999999996	1	0.100537786039922	1	NA	"prevalence"	26	20
"NODE_1334_length_2095_cov_3.035784"	"PrePostFVT"	"During"	"PrePostFVTDuring"	-0.847241439176135	0	1.57357386863198	0.590288088216422	1	0.768800708250355	1	NA	"prevalence"	26	15
"NODE_1334_length_2095_cov_3.035784"	"PrePostFVT"	"Post"	"PrePostFVTPost"	-2.28238294698631	0	1.2188783897635	0.0611337014705028	1	0.118530073485521	1	NA	"prevalence"	26	15
"NODE_1338_length_4214_cov_5.262804"	"PrePostFVT"	"During"	"PrePostFVTDuring"	1.9459508173202	0	1.4638159772773	0.183726432308003	1	0.183726432308003	1	NA	"prevalence"	26	3
"NODE_1338_length_4214_cov_5.262804"	"PrePostFVT"	"Post"	"PrePostFVTPost"	-13.5825876418674	0	664.459712861415	0.98369113722048	1	0.98369113722048	1	NA	"prevalence"	26	3
"NODE_1340_length_4045_cov_20.261404"	"PrePostFVT"	"During"	"PrePostFVTDuring"	-1.1778896039687e-16	0	1.22474478622445	1	1	0.243512483304829	1	NA	"prevalence"	26	10
"NODE_1340_length_4045_cov_20.261404"	"PrePostFVT"	"Post"	"PrePostFVTPost"	-0.714004714874433	0	0.936830783830447	0.445971036215258	1	0.693051907287605	1	NA	"prevalence"	26	10
"NODE_1341_length_4160_cov_9.409013"	"PrePostFVT"	"During"	"PrePostFVTDuring"	0.587714712114368	0	1.36623174825368	0.667070491868315	1	0.120697412536645	1	NA	"prevalence"	26	13
"NODE_1341_length_4160_cov_9.409013"	"PrePostFVT"	"Post"	"PrePostFVTPost"	-1.20393620601252	0	0.953062823337442	0.206507041160184	1	0.370368924271635	1	NA	"prevalence"	26	13
"NODE_1349_length_2092_cov_11.966618"	"PrePostFVT"	"During"	"PrePostFVTDuring"	0.991829408430849	0	1.72246054588081	0.56473599930687	1	0.56473599930687	1	NA	"prevalence"	26	4
"NODE_1349_length_2092_cov_11.966618"	"PrePostFVT"	"Post"	"PrePostFVTPost"	0.384873688391687	0	1.41164760383305	0.785128824943886	1	0.785128824943886	1	NA	"prevalence"	26	4
"NODE_1349_length_4098_cov_5.409102"	"PrePostFVT"	"During"	"PrePostFVTDuring"	-12.0515528922085	0	244.867562937384	0.960746669411824	1	0.960746669411824	1	NA	"prevalence"	26	5
"NODE_1349_length_4098_cov_5.409102"	"PrePostFVT"	"Post"	"PrePostFVTPost"	-1.16787033006133	0	1.12450781560495	0.29900879921604	1	0.508611336423462	1	NA	"prevalence"	26	5
"NODE_1353_length_4112_cov_5.476214"	"PrePostFVT"	"During"	"PrePostFVTDuring"	1.94640230606829	0	1.46394981205487	0.183664817355876	1	0.183664817355876	1	NA	"prevalence"	26	3
"NODE_1353_length_4112_cov_5.476214"	"PrePostFVT"	"Post"	"PrePostFVTPost"	-13.4060602813264	0	579.262656735314	0.981535951595354	1	0.981535951595354	1	NA	"prevalence"	26	3
"NODE_1358_length_3536_cov_36.249354"	"PrePostFVT"	"During"	"PrePostFVTDuring"	0	0	3.2998296956836	1	1	0.891719282311582	1	NA	"prevalence"	26	24
"NODE_1358_length_3536_cov_36.249354"	"PrePostFVT"	"Post"	"PrePostFVTPost"	-1.23632920280551	0	2.11197231441812	0.558284960643895	1	0.804887824006635	1	NA	"prevalence"	26	24
"NODE_136_length_36768_cov_19.035982"	"PrePostFVT"	"During"	"PrePostFVTDuring"	13.2121366703683	0	568.013383897064	0.981442674317691	1	0.0879847491559997	1	NA	"prevalence"	26	16
"NODE_136_length_36768_cov_19.035982"	"PrePostFVT"	"Post"	"PrePostFVTPost"	-1.79179032575274	0	1.02062529109018	0.0791599860755659	1	0.152053668755648	1	NA	"prevalence"	26	16
"NODE_1361_length_3313_cov_10.090853"	"PrePostFVT"	"During"	"PrePostFVTDuring"	0.847132244542123	0	1.5736009675457	0.590342384928636	1	0.125562303781295	1	NA	"prevalence"	26	8
"NODE_1361_length_3313_cov_10.090853"	"PrePostFVT"	"Post"	"PrePostFVTPost"	1.9458533322159	0	1.21496705660634	0.109250994509292	1	0.206566209217315	1	NA	"prevalence"	26	8
"NODE_1368_length_3847_cov_6.648734"	"PrePostFVT"	"During"	"PrePostFVTDuring"	13.4719427734071	0	803.292279403078	0.986619376839845	1	0.723927880287786	1	NA	"prevalence"	26	21
"NODE_1368_length_3847_cov_6.648734"	"PrePostFVT"	"Post"	"PrePostFVTPost"	0.51080354912358	0	1.12542808601434	0.649918877210217	1	0.0365530331780761	1	NA	"prevalence"	26	21
"NODE_1369_length_4054_cov_4.923481"	"PrePostFVT"	"During"	"PrePostFVTDuring"	1.09907948232545	0	1.2909595014009	0.394565876582721	1	0.584532288338923	1	NA	"prevalence"	26	4
"NODE_1369_length_4054_cov_4.923481"	"PrePostFVT"	"Post"	"PrePostFVTPost"	-14.7974346115936	0	702.458482196145	0.983193638076287	1	0.983193638076287	1	NA	"prevalence"	26	4
"NODE_1370_length_3520_cov_6.086291"	"PrePostFVT"	"During"	"PrePostFVTDuring"	0.587715555830365	0	1.36622332309139	0.667068113127419	1	0.166974316406695	1	NA	"prevalence"	26	13
"NODE_1370_length_3520_cov_6.086291"	"PrePostFVT"	"Post"	"PrePostFVTPost"	-0.847215098420026	0	0.936045040589218	0.365411997783411	1	0.149896175166105	1	NA	"prevalence"	26	13
"NODE_1375_length_3855_cov_5.352368"	"PrePostFVT"	"During"	"PrePostFVTDuring"	2.28509855175834	0	1.52829711462318	0.134864181621628	1	0.251540015758784	1	NA	"prevalence"	26	7
"NODE_1375_length_3855_cov_5.352368"	"PrePostFVT"	"Post"	"PrePostFVTPost"	-0.52488135620248	0	1.14431110636283	0.646458494031618	1	0.847774971186653	1	NA	"prevalence"	26	7
"NODE_1375_length_4304_cov_6.077901"	"PrePostFVT"	"During"	"PrePostFVTDuring"	1.94587810476942	0	1.46384691517653	0.183752078108932	1	0.333739330008513	1	NA	"prevalence"	26	7
"NODE_1375_length_4304_cov_6.077901"	"PrePostFVT"	"Post"	"PrePostFVTPost"	1.25276760492931	0	1.23200975801922	0.309225378185756	1	0.522830421857389	1	NA	"prevalence"	26	7
"NODE_1376_length_2860_cov_17.377184"	"PrePostFVT"	"During"	"PrePostFVTDuring"	11.5551776582196	0	48.6881089893374	0.812400332107453	1	0.809504062197717	1	NA	"prevalence"	26	24
"NODE_1376_length_2860_cov_17.377184"	"PrePostFVT"	"Post"	"PrePostFVTPost"	0.507737699231846	0	1.58901814942	0.749325252014625	1	0.513474174897858	1	NA	"prevalence"	26	24
"NODE_1379_length_3383_cov_8.485577"	"PrePostFVT"	"During"	"PrePostFVTDuring"	11.7946167098047	0	446.911245081452	0.97894514772083	1	0.827163239105459	1	NA	"prevalence"	26	20
"NODE_1379_length_3383_cov_8.485577"	"PrePostFVT"	"Post"	"PrePostFVTPost"	-0.847507602804886	0	1.25992933467496	0.501161834579455	1	0.441880023455166	1	NA	"prevalence"	26	20
"NODE_1379_length_3878_cov_8.002877"	"PrePostFVT"	"During"	"PrePostFVTDuring"	-3.59979140662542e-15	0	1.38282054791627	0.999999999999998	1	0.829883094186332	1	NA	"prevalence"	26	8
"NODE_1379_length_3878_cov_8.002877"	"PrePostFVT"	"Post"	"PrePostFVTPost"	0.693490762250567	0	0.98939895969728	0.48335215791475	1	0.733075007268655	1	NA	"prevalence"	26	8
"NODE_138_length_18101_cov_24.902139"	"PrePostFVT"	"During"	"PrePostFVTDuring"	13.2121366703683	0	568.013383897064	0.981442674317691	1	0.0785834218739427	1	NA	"prevalence"	26	16
"NODE_138_length_18101_cov_24.902139"	"PrePostFVT"	"Post"	"PrePostFVTPost"	-1.79179032575274	0	1.02062529109018	0.0791599860755659	1	0.128830856616409	1	NA	"prevalence"	26	16
"NODE_1385_length_4354_cov_8.070714"	"PrePostFVT"	"During"	"PrePostFVTDuring"	0.510930786506696	0	1.23828130180843	0.679890279467603	1	0.897529766820671	1	NA	"prevalence"	26	14
"NODE_1385_length_4354_cov_8.070714"	"PrePostFVT"	"Post"	"PrePostFVTPost"	1.60947334941406	0	0.988828616794969	0.103597736530688	1	0.0473431559425001	1	NA	"prevalence"	26	14
"NODE_1386_length_2054_cov_6.680840"	"PrePostFVT"	"During"	"PrePostFVTDuring"	-9.07529775936439	0	123.95524554149	0.941635579304857	1	0.941635579304857	1	NA	"prevalence"	26	4
"NODE_1386_length_2054_cov_6.680840"	"PrePostFVT"	"Post"	"PrePostFVTPost"	0.335921132078362	0	1.32008332296318	0.79913275362695	1	0.79913275362695	1	NA	"prevalence"	26	4
"NODE_1388_length_3793_cov_6.935795"	"PrePostFVT"	"During"	"PrePostFVTDuring"	13.5236665837166	0	496.713311280942	0.978279237575528	1	0.828903676033849	1	NA	"prevalence"	26	15
"NODE_1388_length_3793_cov_6.935795"	"PrePostFVT"	"Post"	"PrePostFVTPost"	-0.510772758898415	0	0.930943889183204	0.583238001872563	1	0.152912397251011	1	NA	"prevalence"	26	15
"NODE_1389_length_3851_cov_11.429663"	"PrePostFVT"	"During"	"PrePostFVTDuring"	-8.32505309090161e-14	0	3.29983374108775	0.99999999999998	1	0.99999999999998	1	NA	"prevalence"	26	2
"NODE_1389_length_3851_cov_11.429663"	"PrePostFVT"	"Post"	"PrePostFVTPost"	1.84891755143231	0	2.04207538162586	0.365247680496474	1	0.365247680496474	1	NA	"prevalence"	26	2
"NODE_1399_length_3690_cov_6.675103"	"PrePostFVT"	"During"	"PrePostFVTDuring"	-1.19237843514495	0	2.04811446046667	0.56044308938385	1	0.806789722329586	1	NA	"prevalence"	26	5
"NODE_1399_length_3690_cov_6.675103"	"PrePostFVT"	"Post"	"PrePostFVTPost"	-12.2458821603141	0	50.0157699681135	0.806579995046061	1	0.806579995046061	1	NA	"prevalence"	26	5
"NODE_140_length_42940_cov_112.379737"	"PrePostFVT"	"During"	"PrePostFVTDuring"	-1.09837819882999	0	1.2909846508513	0.394876821715964	1	0.633825939103427	1	NA	"prevalence"	26	11
"NODE_140_length_42940_cov_112.379737"	"PrePostFVT"	"Post"	"PrePostFVTPost"	-3.49640255011235	0	1.3257161348148	0.00835519059263276	1	0.0166405719754263	1	NA	"prevalence"	26	11
"NODE_1406_length_2725_cov_3.810112"	"PrePostFVT"	"During"	"PrePostFVTDuring"	1.60936224260579	0	1.36623988822365	0.238816549917797	1	0.172904206885769	1	NA	"prevalence"	26	11
"NODE_1406_length_2725_cov_3.810112"	"PrePostFVT"	"Post"	"PrePostFVTPost"	0.174363636664461	0	0.936050535259085	0.852228421820387	1	0.554855528748044	1	NA	"prevalence"	26	11
"NODE_1414_length_2598_cov_9.086119"	"PrePostFVT"	"During"	"PrePostFVTDuring"	11.5551776582196	0	48.6881089893374	0.812400332107453	1	0.942688392517095	1	NA	"prevalence"	26	23
"NODE_1414_length_2598_cov_9.086119"	"PrePostFVT"	"Post"	"PrePostFVTPost"	0.507737699231846	0	1.58901814942	0.749325252014625	1	0.626182811292471	1	NA	"prevalence"	26	23
"NODE_1415_length_4181_cov_5.726369"	"PrePostFVT"	"During"	"PrePostFVTDuring"	0.510829708906342	0	1.23828049868747	0.679949898909551	1	0.897567932791994	1	NA	"prevalence"	26	10
"NODE_1415_length_4181_cov_5.726369"	"PrePostFVT"	"Post"	"PrePostFVTPost"	0.174380673694072	0	0.93605384598996	0.852214666034202	1	0.978159495064618	1	NA	"prevalence"	26	10
"NODE_1420_length_4785_cov_12.858774"	"PrePostFVT"	"During"	"PrePostFVTDuring"	1.09864022824838	0	1.29099926077373	0.394769414174681	1	0.421720443904609	1	NA	"prevalence"	26	6
"NODE_1420_length_4785_cov_12.858774"	"PrePostFVT"	"Post"	"PrePostFVTPost"	-1.2992234080902	0	1.32573463309834	0.327084827524027	1	0.547185170651632	1	NA	"prevalence"	26	6
"NODE_1420_length_4797_cov_9.089414"	"PrePostFVT"	"During"	"PrePostFVTDuring"	1.17233532857163	0	1.37287724057182	0.393146090130168	1	0.183778902232525	1	NA	"prevalence"	26	10
"NODE_1420_length_4797_cov_9.089414"	"PrePostFVT"	"Post"	"PrePostFVTPost"	-1.17233532857163	0	0.980610455265914	0.231885552660441	1	0.410000195788243	1	NA	"prevalence"	26	10
"NODE_1422_length_2645_cov_4.424324"	"PrePostFVT"	"During"	"PrePostFVTDuring"	0.510795362900759	0	1.23828014012395	0.679970137060712	1	0.883154072621361	1	NA	"prevalence"	26	10
"NODE_1422_length_2645_cov_4.424324"	"PrePostFVT"	"Post"	"PrePostFVTPost"	0.174419573448986	0	0.936051084014331	0.852181647605715	1	0.375497076511397	1	NA	"prevalence"	26	10
"NODE_1423_length_4186_cov_6.996369"	"PrePostFVT"	"During"	"PrePostFVTDuring"	1.17233532857163	0	1.37287724057182	0.393146090130168	1	0.0626433758035426	1	NA	"prevalence"	26	11
"NODE_1423_length_4186_cov_6.996369"	"PrePostFVT"	"Post"	"PrePostFVTPost"	-1.17233532857163	0	0.980610455265914	0.231885552660441	1	0.410000195788243	1	NA	"prevalence"	26	11
"NODE_1425_length_3539_cov_7.956085"	"PrePostFVT"	"During"	"PrePostFVTDuring"	-1.09861539396711	0	1.29099473601335	0.394778443237514	1	0.124660394529835	1	NA	"prevalence"	26	11
"NODE_1425_length_3539_cov_7.956085"	"PrePostFVT"	"Post"	"PrePostFVTPost"	-2.19723400722745	0	1.05409380438425	0.0371168246775772	1	0.0728559906810083	1	NA	"prevalence"	26	11
"NODE_1428_length_2589_cov_4.398579"	"PrePostFVT"	"During"	"PrePostFVTDuring"	1.34984789402476e-13	0	3.29983064754209	0.999999999999967	1	0.444401750317096	1	NA	"prevalence"	26	22
"NODE_1428_length_2589_cov_4.398579"	"PrePostFVT"	"Post"	"PrePostFVTPost"	-1.84891755143228	0	2.04207410661961	0.365247381121198	1	0.286903492908219	1	NA	"prevalence"	26	22
"NODE_143_length_27086_cov_220.060153"	"PrePostFVT"	"During"	"PrePostFVTDuring"	0	0	3.29983118296883	1	1	1	1	NA	"prevalence"	26	3
"NODE_143_length_27086_cov_220.060153"	"PrePostFVT"	"Post"	"PrePostFVTPost"	1.23632920280551	0	2.11197687048564	0.558285809579174	1	0.558285809579174	1	NA	"prevalence"	26	3
"NODE_143_length_37282_cov_21.851586"	"PrePostFVT"	"During"	"PrePostFVTDuring"	10.4842849378411	0	249.276889592663	0.966451830021362	1	0.968061854406193	1	NA	"prevalence"	26	23
"NODE_143_length_37282_cov_21.851586"	"PrePostFVT"	"Post"	"PrePostFVTPost"	-0.336174224196406	0	1.32047348322317	0.799042778589636	1	0.959616195163026	1	NA	"prevalence"	26	23
"NODE_143_length_7437_cov_7.422650"	"PrePostFVT"	"During"	"PrePostFVTDuring"	11.5551776582196	0	48.6881089893374	0.812400332107453	1	0.964806364606606	1	NA	"prevalence"	26	24
"NODE_143_length_7437_cov_7.422650"	"PrePostFVT"	"Post"	"PrePostFVTPost"	0.507737699231846	0	1.58901814942	0.749325252014625	1	0.937162170722469	1	NA	"prevalence"	26	24
"NODE_1437_length_4716_cov_90.242223"	"PrePostFVT"	"During"	"PrePostFVTDuring"	12.390951523722	0	639.688557820825	0.984545712790645	1	0.999761165006851	1	NA	"prevalence"	26	25
"NODE_1437_length_4716_cov_90.242223"	"PrePostFVT"	"Post"	"PrePostFVTPost"	12.8661483041099	0	460.837144274907	0.977726692109118	1	0.765008140621322	1	NA	"prevalence"	26	25
"NODE_1438_length_3663_cov_5.024667"	"PrePostFVT"	"During"	"PrePostFVTDuring"	3.03650084343207e-08	0	1.45350084627266	0.999999983331436	1	0.413195220568588	1	NA	"prevalence"	26	7
"NODE_1438_length_3663_cov_5.024667"	"PrePostFVT"	"Post"	"PrePostFVTPost"	0.430751739725589	0	1.05385862086612	0.682732170273678	1	0.562696217596544	1	NA	"prevalence"	26	7
"NODE_1447_length_3472_cov_27.441030"	"PrePostFVT"	"During"	"PrePostFVTDuring"	-5.85608593918004e-07	0	1.58970285741308	0.99999970607837	1	0.99999970607837	1	NA	"prevalence"	26	4
"NODE_1447_length_3472_cov_27.441030"	"PrePostFVT"	"Post"	"PrePostFVTPost"	-1.53941073317089	0	1.48199967461687	0.298926177691749	1	0.298926177691749	1	NA	"prevalence"	26	4
"NODE_145_length_14038_cov_8.862905"	"PrePostFVT"	"During"	"PrePostFVTDuring"	13.7974705231076	0	194.387663985993	0.94341435212814	1	0.525993595111013	1	NA	"prevalence"	26	23
"NODE_145_length_14038_cov_8.862905"	"PrePostFVT"	"Post"	"PrePostFVTPost"	1.30272054446431	0	1.34412225329487	0.332446429254798	1	0.554372230185331	1	NA	"prevalence"	26	23
"NODE_1450_length_3588_cov_6.542881"	"PrePostFVT"	"During"	"PrePostFVTDuring"	1.94586840310736	0	1.46384750683272	0.183754440995163	1	0.238070877265648	1	NA	"prevalence"	26	7
"NODE_1450_length_3588_cov_6.542881"	"PrePostFVT"	"Post"	"PrePostFVTPost"	1.25269824657856	0	1.23201244723379	0.309253220416041	1	0.0590009466889398	1	NA	"prevalence"	26	7
"NODE_1450_length_3880_cov_5.610196"	"PrePostFVT"	"During"	"PrePostFVTDuring"	1.01727560645649e-30	0	1.39855755640525	1	1	0.0521891056021382	1	NA	"prevalence"	26	14
"NODE_1450_length_3880_cov_5.610196"	"PrePostFVT"	"Post"	"PrePostFVTPost"	-1.38437461041685	0	0.997264771631033	0.165084805142138	1	0.302916617395458	1	NA	"prevalence"	26	14
"NODE_1450_length_4643_cov_4813.538361"	"PrePostFVT"	"During"	"PrePostFVTDuring"	15.2226582164994	0	836.092972827516	0.985473800941809	1	0.53107439919911	1	NA	"prevalence"	26	15
"NODE_1450_length_4643_cov_4813.538361"	"PrePostFVT"	"Post"	"PrePostFVTPost"	0.51080044526473	0	0.930948804667056	0.583219577198954	1	0.283288909558414	1	NA	"prevalence"	26	15
"NODE_146_length_35576_cov_13.034318"	"PrePostFVT"	"During"	"PrePostFVTDuring"	-0.727256679601369	0	1.54438071659494	0.637708541120579	1	0.868744898823021	1	NA	"prevalence"	26	4
"NODE_146_length_35576_cov_13.034318"	"PrePostFVT"	"Post"	"PrePostFVTPost"	-13.58210829708	0	271.268207291733	0.960067460658575	1	0.960067460658575	1	NA	"prevalence"	26	4
"NODE_1467_length_3864_cov_6.331846"	"PrePostFVT"	"During"	"PrePostFVTDuring"	13.2121366703683	0	568.013383897064	0.981442674317691	1	0.0932110499835423	1	NA	"prevalence"	26	16
"NODE_1467_length_3864_cov_6.331846"	"PrePostFVT"	"Post"	"PrePostFVTPost"	-1.79179032575274	0	1.02062529109018	0.0791599860755659	1	0.148487476197935	1	NA	"prevalence"	26	16
"NODE_1469_length_4268_cov_8.622122"	"PrePostFVT"	"During"	"PrePostFVTDuring"	14.6449859051254	0	75.4391705382377	0.846074302239822	1	0.675868388894886	1	NA	"prevalence"	26	15
"NODE_1469_length_4268_cov_8.622122"	"PrePostFVT"	"Post"	"PrePostFVTPost"	-0.553842835122936	0	0.976264402153248	0.570504782926523	1	0.174226107510226	1	NA	"prevalence"	26	15
"NODE_147_length_36185_cov_117.717548"	"PrePostFVT"	"During"	"PrePostFVTDuring"	12.1995885630554	0	387.0364663305	0.974854432038329	1	0.726203162205233	1	NA	"prevalence"	26	16
"NODE_147_length_36185_cov_117.717548"	"PrePostFVT"	"Post"	"PrePostFVTPost"	-1.43509429036974	0	1.00475019775259	0.153202783829913	1	0.282934474686591	1	NA	"prevalence"	26	16
"NODE_1470_length_2559_cov_6.530351"	"PrePostFVT"	"During"	"PrePostFVTDuring"	13.5264152012613	0	1024.00031392252	0.989460741512482	1	0.806730669088808	1	NA	"prevalence"	26	21
"NODE_1470_length_2559_cov_6.530351"	"PrePostFVT"	"Post"	"PrePostFVTPost"	-0.33661560899831	0	1.32020706343538	0.798744857842756	1	0.353173756111805	1	NA	"prevalence"	26	21
"NODE_1472_length_3486_cov_6.937919"	"PrePostFVT"	"During"	"PrePostFVTDuring"	6.59167087789923	0	13.5370004468491	0.626302742243742	1	0.860350359545453	1	NA	"prevalence"	26	14
"NODE_1472_length_3486_cov_6.937919"	"PrePostFVT"	"Post"	"PrePostFVTPost"	-0.312031101449153	0	0.917340112795424	0.733745324658015	1	0.605601046936947	1	NA	"prevalence"	26	14
"NODE_1472_length_4419_cov_16.031852"	"PrePostFVT"	"During"	"PrePostFVTDuring"	13.7974705231076	0	194.387663985993	0.94341435212814	1	0.790302043418834	1	NA	"prevalence"	26	23
"NODE_1472_length_4419_cov_16.031852"	"PrePostFVT"	"Post"	"PrePostFVTPost"	1.30272054446431	0	1.34412225329487	0.332446429254798	1	0.554372230185331	1	NA	"prevalence"	26	23
"NODE_1474_length_4254_cov_5.462967"	"PrePostFVT"	"During"	"PrePostFVTDuring"	-10.4591858442385	0	236.498102218006	0.964724861389313	1	0.964724861389313	1	NA	"prevalence"	26	6
"NODE_1474_length_4254_cov_5.462967"	"PrePostFVT"	"Post"	"PrePostFVTPost"	1.6997134676959	0	1.28941557605628	0.187435185785874	1	0.339738422701162	1	NA	"prevalence"	26	6
"NODE_1476_length_3230_cov_10.609449"	"PrePostFVT"	"During"	"PrePostFVTDuring"	0.587786802654157	0	1.36626355190373	0.66703939602057	1	0.526068432753156	1	NA	"prevalence"	26	13
"NODE_1476_length_3230_cov_10.609449"	"PrePostFVT"	"Post"	"PrePostFVTPost"	-0.847302762555164	0	0.936050653545933	0.365365264119608	1	0.597238752014025	1	NA	"prevalence"	26	13
"NODE_1477_length_3228_cov_71.520328"	"PrePostFVT"	"During"	"PrePostFVTDuring"	10.7963483495116	0	406.00845592374	0.978785602988128	1	0.484496330418227	1	NA	"prevalence"	26	21
"NODE_1477_length_3228_cov_71.520328"	"PrePostFVT"	"Post"	"PrePostFVTPost"	-1.32119735336739	0	1.28367157664429	0.303370123497186	1	0.514706815163674	1	NA	"prevalence"	26	21
"NODE_1478_length_3161_cov_4.203155"	"PrePostFVT"	"During"	"PrePostFVTDuring"	12.637143246995	0	192.875619907642	0.947760260946129	1	0.947760260946129	1	NA	"prevalence"	26	3
"NODE_1478_length_3161_cov_4.203155"	"PrePostFVT"	"Post"	"PrePostFVTPost"	10.2392555297581	0	192.875892125843	0.95766237022029	1	0.95766237022029	1	NA	"prevalence"	26	3
"NODE_1481_length_2759_cov_3.989645"	"PrePostFVT"	"During"	"PrePostFVTDuring"	0.991829408430849	0	1.72246054588081	0.56473599930687	1	0.56473599930687	1	NA	"prevalence"	26	4
"NODE_1481_length_2759_cov_3.989645"	"PrePostFVT"	"Post"	"PrePostFVTPost"	0.384873688391687	0	1.41164760383305	0.785128824943886	1	0.785128824943886	1	NA	"prevalence"	26	4
"NODE_1490_length_4211_cov_5.142926"	"PrePostFVT"	"During"	"PrePostFVTDuring"	1.94590156223014	0	1.46385696174385	0.183749802106845	1	0.333735614439385	1	NA	"prevalence"	26	5
"NODE_1490_length_4211_cov_5.142926"	"PrePostFVT"	"Post"	"PrePostFVTPost"	0.336443610999952	0	1.32018906020729	0.798842799952726	1	0.618145783174727	1	NA	"prevalence"	26	5
"NODE_1503_length_2806_cov_3.922937"	"PrePostFVT"	"During"	"PrePostFVTDuring"	-1.90847818239e-16	0	1.22474429956529	1	1	0.932102350338948	1	NA	"prevalence"	26	6
"NODE_1503_length_2806_cov_3.922937"	"PrePostFVT"	"Post"	"PrePostFVTPost"	-6.59167355351899	0	7.83651483326979	0.400264686244505	1	0.400264686244505	1	NA	"prevalence"	26	6
"NODE_1513_length_2581_cov_6.406572"	"PrePostFVT"	"During"	"PrePostFVTDuring"	11.0907453283045	0	157.811059338906	0.943971889825663	1	0.879524564886755	1	NA	"prevalence"	26	20
"NODE_1513_length_2581_cov_6.406572"	"PrePostFVT"	"Post"	"PrePostFVTPost"	-0.880105051965948	0	1.29090973201125	0.495383650187092	1	0.0424239907339111	1	NA	"prevalence"	26	20
"NODE_1516_length_3749_cov_10.734164"	"PrePostFVT"	"During"	"PrePostFVTDuring"	12.1566618192772	0	356.511812082384	0.972798282986939	1	0.99445027572475	1	NA	"prevalence"	26	15
"NODE_1516_length_3749_cov_10.734164"	"PrePostFVT"	"Post"	"PrePostFVTPost"	-1.43519276862821	0	1.00474229999334	0.153171357382162	1	0.28288125004203	1	NA	"prevalence"	26	15
"NODE_1529_length_2587_cov_5.628752"	"PrePostFVT"	"During"	"PrePostFVTDuring"	10.5302629249777	0	258.025996437599	0.967446681211256	1	0.952633287361264	1	NA	"prevalence"	26	16
"NODE_1529_length_2587_cov_5.628752"	"PrePostFVT"	"Post"	"PrePostFVTPost"	-2.28210795488961	0	1.21881449160843	0.0611513189815372	1	0.118563154149893	1	NA	"prevalence"	26	16
"NODE_153_length_65213_cov_33.549280"	"PrePostFVT"	"During"	"PrePostFVTDuring"	1.09860914827403	0	1.29099215054159	0.394780183989614	1	0.633708974308355	1	NA	"prevalence"	26	9
"NODE_153_length_65213_cov_33.549280"	"PrePostFVT"	"Post"	"PrePostFVTPost"	0.405428251097886	0	1.0206183648325	0.691192068757429	1	0.617115788562916	1	NA	"prevalence"	26	9
"NODE_1531_length_4294_cov_12.828969"	"PrePostFVT"	"During"	"PrePostFVTDuring"	0.587990079448239	0	1.36624186743161	0.666926212723423	1	0.0328864597883458	1	NA	"prevalence"	26	14
"NODE_1531_length_4294_cov_12.828969"	"PrePostFVT"	"Post"	"PrePostFVTPost"	-1.20379347238674	0	0.95305223756732	0.206555811218985	1	0.355084604533558	1	NA	"prevalence"	26	14
"NODE_1532_length_2944_cov_14.650744"	"PrePostFVT"	"During"	"PrePostFVTDuring"	0	0	3.2998296956836	1	1	0.826000209477437	1	NA	"prevalence"	26	24
"NODE_1532_length_2944_cov_14.650744"	"PrePostFVT"	"Post"	"PrePostFVTPost"	-1.23632920280551	0	2.11197231441812	0.558284960643895	1	0.804887824006635	1	NA	"prevalence"	26	24
"NODE_1542_length_3340_cov_7.443227"	"PrePostFVT"	"During"	"PrePostFVTDuring"	0	0	3.2998296956836	1	1	0.723317405653531	1	NA	"prevalence"	26	23
"NODE_1542_length_3340_cov_7.443227"	"PrePostFVT"	"Post"	"PrePostFVTPost"	-1.23632920280551	0	2.11197231441812	0.558284960643895	1	0.431308140017046	1	NA	"prevalence"	26	23
"NODE_1545_length_2573_cov_4.320890"	"PrePostFVT"	"During"	"PrePostFVTDuring"	-11.5348222797673	0	413.759752958564	0.977759401324386	1	0.977759401324386	1	NA	"prevalence"	26	5
"NODE_1545_length_2573_cov_4.320890"	"PrePostFVT"	"Post"	"PrePostFVTPost"	1.25274973761291	0	1.23200338646062	0.309229776303868	1	0.522836498054795	1	NA	"prevalence"	26	5
"NODE_1545_length_3266_cov_19.607910"	"PrePostFVT"	"During"	"PrePostFVTDuring"	1.60936224262697	0	1.36624026669517	0.238816680008516	1	0.420599953366742	1	NA	"prevalence"	26	11
"NODE_1545_length_3266_cov_19.607910"	"PrePostFVT"	"Post"	"PrePostFVTPost"	0.174363636661515	0	0.936051031874748	0.852228499319491	1	0.876617717368014	1	NA	"prevalence"	26	11
"NODE_1553_length_4236_cov_29.627601"	"PrePostFVT"	"During"	"PrePostFVTDuring"	12.390951523722	0	639.688557820825	0.984545712790645	1	0.999761165006851	1	NA	"prevalence"	26	25
"NODE_1553_length_4236_cov_29.627601"	"PrePostFVT"	"Post"	"PrePostFVTPost"	12.8661483041099	0	460.837144274907	0.977726692109118	1	0.637013156236399	1	NA	"prevalence"	26	25
"NODE_1556_length_2521_cov_7.834144"	"PrePostFVT"	"During"	"PrePostFVTDuring"	1.34984789402476e-13	0	3.29983064754209	0.999999999999967	1	0.967658078987722	1	NA	"prevalence"	26	23
"NODE_1556_length_2521_cov_7.834144"	"PrePostFVT"	"Post"	"PrePostFVTPost"	-1.84891755143228	0	2.04207410661961	0.365247381121198	1	0.377112952255396	1	NA	"prevalence"	26	23
"NODE_1557_length_2521_cov_5.727088"	"PrePostFVT"	"During"	"PrePostFVTDuring"	1.27151332520468e-14	0	3.29983005263105	0.999999999999997	1	0.724141130775841	1	NA	"prevalence"	26	22
"NODE_1557_length_2521_cov_5.727088"	"PrePostFVT"	"Post"	"PrePostFVTPost"	-2.29031500033247	0	2.01359272665712	0.255359770298084	1	0.445510928309479	1	NA	"prevalence"	26	22
"NODE_156_length_14543_cov_6.802250"	"PrePostFVT"	"During"	"PrePostFVTDuring"	13.7974705231076	0	194.387663985993	0.94341435212814	1	0.504913325942712	1	NA	"prevalence"	26	23
"NODE_156_length_14543_cov_6.802250"	"PrePostFVT"	"Post"	"PrePostFVTPost"	1.30272054446431	0	1.34412225329487	0.332446429254798	1	0.554372230185331	1	NA	"prevalence"	26	23
"NODE_156_length_62050_cov_244.358481|provirus_1478_13348"	"PrePostFVT"	"During"	"PrePostFVTDuring"	13.7974705231076	0	194.387663985993	0.94341435212814	1	0.603169426796907	1	NA	"prevalence"	26	23
"NODE_156_length_62050_cov_244.358481|provirus_1478_13348"	"PrePostFVT"	"Post"	"PrePostFVTPost"	1.30272054446431	0	1.34412225329487	0.332446429254798	1	0.187834057439252	1	NA	"prevalence"	26	23
"NODE_1562_length_3627_cov_5.036114"	"PrePostFVT"	"During"	"PrePostFVTDuring"	1.01727560645649e-30	0	1.39855755640525	1	1	0.0262647744556593	1	NA	"prevalence"	26	15
"NODE_1562_length_3627_cov_5.036114"	"PrePostFVT"	"Post"	"PrePostFVTPost"	-1.38437461041685	0	0.997264771631033	0.165084805142138	1	0.302916617395458	1	NA	"prevalence"	26	15
"NODE_1563_length_2301_cov_10.660285"	"PrePostFVT"	"During"	"PrePostFVTDuring"	11.5551776582196	0	48.6881089893374	0.812400332107453	1	0.964806364606606	1	NA	"prevalence"	26	24
"NODE_1563_length_2301_cov_10.660285"	"PrePostFVT"	"Post"	"PrePostFVTPost"	0.507737699231846	0	1.58901814942	0.749325252014625	1	0.937162170722469	1	NA	"prevalence"	26	24
"NODE_1568_length_3144_cov_7.337650"	"PrePostFVT"	"During"	"PrePostFVTDuring"	15.3587512530435	0	1295.27046187061	0.990539255161689	1	0.990539255161689	1	NA	"prevalence"	26	4
"NODE_1568_length_3144_cov_7.337650"	"PrePostFVT"	"Post"	"PrePostFVTPost"	13.7493120785383	0	1295.26996004321	0.991530601225854	1	0.991530601225854	1	NA	"prevalence"	26	4
"NODE_1570_length_4197_cov_19.349107"	"PrePostFVT"	"During"	"PrePostFVTDuring"	12.390951523722	0	639.688557820825	0.984545712790645	1	0.995261953008998	1	NA	"prevalence"	26	25
"NODE_1570_length_4197_cov_19.349107"	"PrePostFVT"	"Post"	"PrePostFVTPost"	12.8661483041099	0	460.837144274907	0.977726692109118	1	0.720409173343771	1	NA	"prevalence"	26	25
"NODE_158_length_11081_cov_10.553238"	"PrePostFVT"	"During"	"PrePostFVTDuring"	11.5551776582196	0	48.6881089893374	0.812400332107453	1	0.964806364606606	1	NA	"prevalence"	26	24
"NODE_158_length_11081_cov_10.553238"	"PrePostFVT"	"Post"	"PrePostFVTPost"	0.507737699231846	0	1.58901814942	0.749325252014625	1	0.213009847017327	1	NA	"prevalence"	26	24
"NODE_1581_length_5015_cov_8.134073"	"PrePostFVT"	"During"	"PrePostFVTDuring"	-15.6799228974241	0	803.300613138162	0.984426783959539	1	0.984426783959539	1	NA	"prevalence"	26	4
"NODE_1581_length_5015_cov_8.134073"	"PrePostFVT"	"Post"	"PrePostFVTPost"	-2.74549533149784	0	1.84750254767282	0.137263867534354	1	0.25568636573822	1	NA	"prevalence"	26	4
"NODE_1587_length_2566_cov_3.740342"	"PrePostFVT"	"During"	"PrePostFVTDuring"	-4.15153591453166e-15	0	1.38282098571569	0.999999999999998	1	0.100634642238887	1	NA	"prevalence"	26	5
"NODE_1587_length_2566_cov_3.740342"	"PrePostFVT"	"Post"	"PrePostFVTPost"	-0.441396989135441	0	1.08528306945956	0.684219971657797	1	0.440926336659616	1	NA	"prevalence"	26	5
"NODE_159_length_9578_cov_8.532395"	"PrePostFVT"	"During"	"PrePostFVTDuring"	11.5551776582196	0	48.6881089893374	0.812400332107453	1	0.47432856849358	1	NA	"prevalence"	26	24
"NODE_159_length_9578_cov_8.532395"	"PrePostFVT"	"Post"	"PrePostFVTPost"	0.507737699231846	0	1.58901814942	0.749325252014625	1	0.937162170722469	1	NA	"prevalence"	26	24
"NODE_1590_length_3270_cov_6.386625"	"PrePostFVT"	"During"	"PrePostFVTDuring"	11.5551776582196	0	48.6881089893374	0.812400332107453	1	0.964806364606606	1	NA	"prevalence"	26	23
"NODE_1590_length_3270_cov_6.386625"	"PrePostFVT"	"Post"	"PrePostFVTPost"	0.507737699231846	0	1.58901814942	0.749325252014625	1	0.719511378583799	1	NA	"prevalence"	26	23
"NODE_1595_length_1770_cov_2.963848"	"PrePostFVT"	"During"	"PrePostFVTDuring"	-4.37779806259099e-15	0	1.38282113456793	0.999999999999997	1	0.999999999999997	1	NA	"prevalence"	26	4
"NODE_1595_length_1770_cov_2.963848"	"PrePostFVT"	"Post"	"PrePostFVTPost"	-1.05398513700472	0	1.21169384137186	0.384385428034862	1	0.384385428034862	1	NA	"prevalence"	26	4
"NODE_1607_length_3696_cov_24.127712"	"PrePostFVT"	"During"	"PrePostFVTDuring"	0.587990079358868	0	1.36624176815312	0.666926190025769	1	0.456179259324505	1	NA	"prevalence"	26	12
"NODE_1607_length_3696_cov_24.127712"	"PrePostFVT"	"Post"	"PrePostFVTPost"	-1.20379347257593	0	0.953052534843035	0.206555952720692	1	0.37044654383703	1	NA	"prevalence"	26	12
"NODE_1609_length_2520_cov_15.341582"	"PrePostFVT"	"During"	"PrePostFVTDuring"	12.390951523722	0	639.688557820825	0.984545712790645	1	0.970259685893108	1	NA	"prevalence"	26	25
"NODE_1609_length_2520_cov_15.341582"	"PrePostFVT"	"Post"	"PrePostFVTPost"	12.8661483041099	0	460.837144274907	0.977726692109118	1	0.696881129895659	1	NA	"prevalence"	26	25
"NODE_1614_length_3970_cov_12.181865"	"PrePostFVT"	"During"	"PrePostFVTDuring"	0.588032005110279	0	1.36628231092073	0.666913160084121	1	0.275043125023555	1	NA	"prevalence"	26	13
"NODE_1614_length_3970_cov_12.181865"	"PrePostFVT"	"Post"	"PrePostFVTPost"	-0.847193323580165	0	0.936041746406536	0.365422633397456	1	0.577233436050793	1	NA	"prevalence"	26	13
"NODE_1616_length_2000_cov_5.291003"	"PrePostFVT"	"During"	"PrePostFVTDuring"	-1.20118623168723e-13	0	3.29982160492997	0.999999999999971	1	0.999999999999971	1	NA	"prevalence"	26	2
"NODE_1616_length_2000_cov_5.291003"	"PrePostFVT"	"Post"	"PrePostFVTPost"	1.84891755143229	0	2.04206871852044	0.365246115976955	1	0.365246115976955	1	NA	"prevalence"	26	2
"NODE_162_length_19737_cov_26.076466"	"PrePostFVT"	"During"	"PrePostFVTDuring"	11.5551776582196	0	48.6881089893374	0.812400332107453	1	0.919275410126443	1	NA	"prevalence"	26	24
"NODE_162_length_19737_cov_26.076466"	"PrePostFVT"	"Post"	"PrePostFVTPost"	0.507737699231846	0	1.58901814942	0.749325252014625	1	0.937162170722469	1	NA	"prevalence"	26	24
"NODE_162_length_43197_cov_12.090260"	"PrePostFVT"	"During"	"PrePostFVTDuring"	1.94589438874455	0	1.46384988589187	0.183749299169023	1	0.183749299169023	1	NA	"prevalence"	26	4
"NODE_162_length_43197_cov_12.090260"	"PrePostFVT"	"Post"	"PrePostFVTPost"	-0.451994213845107	0	1.4945808550765	0.762330343793026	1	0.762330343793026	1	NA	"prevalence"	26	4
"NODE_1621_length_2980_cov_3.932991"	"PrePostFVT"	"During"	"PrePostFVTDuring"	12.6136344549163	0	152.659944080951	0.93414916699191	1	0.93414916699191	1	NA	"prevalence"	26	3
"NODE_1621_length_2980_cov_3.932991"	"PrePostFVT"	"Post"	"PrePostFVTPost"	9.77777183976321	0	152.652034453136	0.948928280704194	1	0.948928280704194	1	NA	"prevalence"	26	3
"NODE_1624_length_2501_cov_5.282911"	"PrePostFVT"	"During"	"PrePostFVTDuring"	10.5302629249777	0	258.025996437599	0.967446681211256	1	0.990099133730941	1	NA	"prevalence"	26	17
"NODE_1624_length_2501_cov_5.282911"	"PrePostFVT"	"Post"	"PrePostFVTPost"	-2.28210795488961	0	1.21881449160843	0.0611513189815372	1	0.118563154149893	1	NA	"prevalence"	26	17
"NODE_1627_length_2508_cov_5.315124"	"PrePostFVT"	"During"	"PrePostFVTDuring"	10.8673994628976	0	305.299748677763	0.97160462945063	1	0.827098350408981	1	NA	"prevalence"	26	22
"NODE_1627_length_2508_cov_5.315124"	"PrePostFVT"	"Post"	"PrePostFVTPost"	-0.335785674632519	0	1.32012522416332	0.799218256256664	1	0.889448775989673	1	NA	"prevalence"	26	22
"NODE_1627_length_3422_cov_7.821503"	"PrePostFVT"	"During"	"PrePostFVTDuring"	1.09870433003051	0	1.29099966085529	0.394741979245195	1	0.0480088090599768	1	NA	"prevalence"	26	8
"NODE_1627_length_3422_cov_7.821503"	"PrePostFVT"	"Post"	"PrePostFVTPost"	0.405485871899763	0	1.02062826620057	0.691153282616612	1	0.135344266859948	1	NA	"prevalence"	26	8
"NODE_164_length_28999_cov_13.463136"	"PrePostFVT"	"During"	"PrePostFVTDuring"	14.6860482618678	0	774.071383089896	0.984863064978988	1	0.194072189756261	1	NA	"prevalence"	26	15
"NODE_164_length_28999_cov_13.463136"	"PrePostFVT"	"Post"	"PrePostFVTPost"	-0.510872172240693	0	0.930944242238351	0.583164848612841	1	0.0637982398561928	1	NA	"prevalence"	26	15
"NODE_1641_length_3110_cov_3.553519"	"PrePostFVT"	"During"	"PrePostFVTDuring"	1.09861333631273	0	1.29099389471179	0.394779020569909	1	0.570832066500019	1	NA	"prevalence"	26	4
"NODE_1641_length_3110_cov_3.553519"	"PrePostFVT"	"Post"	"PrePostFVTPost"	-16.5401416079466	0	1094.70212299743	0.987945011492813	1	0.987945011492813	1	NA	"prevalence"	26	4
"NODE_1648_length_4785_cov_13.005285"	"PrePostFVT"	"During"	"PrePostFVTDuring"	14.1878010587332	0	1182.41373544395	0.99042640030122	1	0.879261460995336	1	NA	"prevalence"	26	20
"NODE_1648_length_4785_cov_13.005285"	"PrePostFVT"	"Post"	"PrePostFVTPost"	0.510893090791748	0	1.12546333142326	0.649871842272706	1	0.252950521926335	1	NA	"prevalence"	26	20
"NODE_165_length_16883_cov_194.874733"	"PrePostFVT"	"During"	"PrePostFVTDuring"	5.80954871285382e-05	0	1.2247452607277	0.999962152544124	1	0.825782803869911	1	NA	"prevalence"	26	12
"NODE_165_length_16883_cov_194.874733"	"PrePostFVT"	"Post"	"PrePostFVTPost"	-0.693187379239444	0	0.935417170416642	0.458665402652221	1	0.0755617895054338	1	NA	"prevalence"	26	12
"NODE_1654_length_2858_cov_11.802711"	"PrePostFVT"	"During"	"PrePostFVTDuring"	12.1155674867815	0	591.207832070244	0.983650169789232	1	0.878369581884233	1	NA	"prevalence"	26	23
"NODE_1654_length_2858_cov_11.802711"	"PrePostFVT"	"Post"	"PrePostFVTPost"	0.452235712845083	0	1.49463259843558	0.762215169124025	1	0.943458374205284	1	NA	"prevalence"	26	23
"NODE_1656_length_2587_cov_5.100316"	"PrePostFVT"	"During"	"PrePostFVTDuring"	14.7185383141246	0	836.092678272352	0.985954801122605	1	0.136700446057418	1	NA	"prevalence"	26	14
"NODE_1656_length_2587_cov_5.100316"	"PrePostFVT"	"Post"	"PrePostFVTPost"	-1.60935145772491	0	0.988820185394342	0.103620946817874	1	0.196504593016314	1	NA	"prevalence"	26	14
"NODE_1656_length_3207_cov_14.056472"	"PrePostFVT"	"During"	"PrePostFVTDuring"	11.5551776582196	0	48.6881089893374	0.812400332107453	1	0.945416573566604	1	NA	"prevalence"	26	23
"NODE_1656_length_3207_cov_14.056472"	"PrePostFVT"	"Post"	"PrePostFVTPost"	0.507737699231846	0	1.58901814942	0.749325252014625	1	0.58640062559547	1	NA	"prevalence"	26	23
"NODE_166_length_5801_cov_289.933171"	"PrePostFVT"	"During"	"PrePostFVTDuring"	4.04121180963559e-14	0	16.5567388404407	0.999999999999998	1	0.999999999999998	1	NA	"prevalence"	26	2
"NODE_166_length_5801_cov_289.933171"	"PrePostFVT"	"Post"	"PrePostFVTPost"	4.34056083257155e-14	0	12.3406658937263	0.999999999999997	1	0.999999999999997	1	NA	"prevalence"	26	2
"NODE_1665_length_2883_cov_17.205799"	"PrePostFVT"	"During"	"PrePostFVTDuring"	11.5551776582196	0	48.6881089893374	0.812400332107453	1	0.849376780855152	1	NA	"prevalence"	26	23
"NODE_1665_length_2883_cov_17.205799"	"PrePostFVT"	"Post"	"PrePostFVTPost"	0.507737699231846	0	1.58901814942	0.749325252014625	1	0.245126699887103	1	NA	"prevalence"	26	23
"NODE_1667_length_2751_cov_4.843472"	"PrePostFVT"	"During"	"PrePostFVTDuring"	1.09861333631273	0	1.29099389471179	0.394779020569909	1	0.633707566057681	1	NA	"prevalence"	26	4
"NODE_1667_length_2751_cov_4.843472"	"PrePostFVT"	"Post"	"PrePostFVTPost"	-16.5401416079466	0	1094.70212299743	0.987945011492813	1	0.987945011492813	1	NA	"prevalence"	26	4
"NODE_1670_length_2836_cov_3.867314"	"PrePostFVT"	"During"	"PrePostFVTDuring"	2.07048051733574	0	1.56962947820244	0.187139458456808	1	0.339257740002109	1	NA	"prevalence"	26	5
"NODE_1670_length_2836_cov_3.867314"	"PrePostFVT"	"Post"	"PrePostFVTPost"	0.349103947420956	0	1.34625822221766	0.795392781889893	1	0.814928432106553	1	NA	"prevalence"	26	5
"NODE_1671_length_3911_cov_10.739108"	"PrePostFVT"	"During"	"PrePostFVTDuring"	1.17233532859783	0	1.37287710076886	0.393146041935527	1	0.56867331370479	1	NA	"prevalence"	26	11
"NODE_1671_length_3911_cov_10.739108"	"PrePostFVT"	"Post"	"PrePostFVTPost"	-0.7140047148746	0	0.936831327759137	0.445971300289393	1	0.233884426010332	1	NA	"prevalence"	26	11
"NODE_1677_length_3422_cov_7.484110"	"PrePostFVT"	"During"	"PrePostFVTDuring"	-0.8472778840625	0	1.57359322309369	0.590276673337836	1	0.195939711442242	1	NA	"prevalence"	26	13
"NODE_1677_length_3422_cov_7.484110"	"PrePostFVT"	"Post"	"PrePostFVTPost"	-3.04451366941429	0	1.25987869383705	0.0156699520683797	1	0.0310943567389341	1	NA	"prevalence"	26	13
"NODE_1678_length_2720_cov_50.305816"	"PrePostFVT"	"During"	"PrePostFVTDuring"	9.51636663686281	0	154.597290605414	0.950916541944633	1	0.952767723014266	1	NA	"prevalence"	26	20
"NODE_1678_length_2720_cov_50.305816"	"PrePostFVT"	"Post"	"PrePostFVTPost"	-0.847301614773052	0	1.25982647095352	0.501230932190933	1	0.323078516083594	1	NA	"prevalence"	26	20
"NODE_168_length_21353_cov_13.414217"	"PrePostFVT"	"During"	"PrePostFVTDuring"	-0.715140975572176	0	1.49856409670455	0.633207268076399	1	0.865463091808021	1	NA	"prevalence"	26	18
"NODE_168_length_21353_cov_13.414217"	"PrePostFVT"	"Post"	"PrePostFVTPost"	-1.72066278942382	0	1.14202834887891	0.131894605389331	1	0.246393023847855	1	NA	"prevalence"	26	18
"NODE_1681_length_1944_cov_3.751720"	"PrePostFVT"	"During"	"PrePostFVTDuring"	-1.20118623168723e-13	0	3.29982160492997	0.999999999999971	1	0.999999999999971	1	NA	"prevalence"	26	3
"NODE_1681_length_1944_cov_3.751720"	"PrePostFVT"	"Post"	"PrePostFVTPost"	1.84891755143229	0	2.04206871852044	0.365246115976955	1	0.365246115976955	1	NA	"prevalence"	26	3
"NODE_1689_length_2357_cov_6.206777"	"PrePostFVT"	"During"	"PrePostFVTDuring"	6.42177362418247e-15	0	1.38282080184121	0.999999999999996	1	0.999999999999996	1	NA	"prevalence"	26	4
"NODE_1689_length_2357_cov_6.206777"	"PrePostFVT"	"Post"	"PrePostFVTPost"	-4.58063000066495	0	4.79891366987807	0.339823555849653	1	0.339823555849653	1	NA	"prevalence"	26	4
"NODE_169_length_60470_cov_54.574162"	"PrePostFVT"	"During"	"PrePostFVTDuring"	1.94523249033941	0	1.46453016030874	0.184102227770277	1	0.184102227770277	1	NA	"prevalence"	26	3
"NODE_169_length_60470_cov_54.574162"	"PrePostFVT"	"Post"	"PrePostFVTPost"	-12.3541255461294	0	367.833164983817	0.97320711103878	1	0.97320711103878	1	NA	"prevalence"	26	3
"NODE_1691_length_3010_cov_5.814213"	"PrePostFVT"	"During"	"PrePostFVTDuring"	-0.587803486468938	0	1.36626328510632	0.667030452946541	1	0.889131280735014	1	NA	"prevalence"	26	9
"NODE_1691_length_3010_cov_5.814213"	"PrePostFVT"	"Post"	"PrePostFVTPost"	0.174339480863662	0	0.936050932625469	0.852248720000347	1	0.978169559258464	1	NA	"prevalence"	26	9
"NODE_17_length_139991_cov_17.814237|provirus_88907_131566"	"PrePostFVT"	"During"	"PrePostFVTDuring"	11.5551776582196	0	48.6881089893374	0.812400332107453	1	0.9006943328775	1	NA	"prevalence"	26	23
"NODE_17_length_139991_cov_17.814237|provirus_88907_131566"	"PrePostFVT"	"Post"	"PrePostFVTPost"	0.507737699231846	0	1.58901814942	0.749325252014625	1	0.60093528334576	1	NA	"prevalence"	26	23
"NODE_17_length_40591_cov_28.392293"	"PrePostFVT"	"During"	"PrePostFVTDuring"	6.18049390832264	0	3.73062270914948	0.097581701001285	1	0.185641213632266	1	NA	"prevalence"	26	5
"NODE_17_length_40591_cov_28.392293"	"PrePostFVT"	"Post"	"PrePostFVTPost"	-13.6894316522637	0	101.087273546906	0.892278302086116	1	0.892278302086116	1	NA	"prevalence"	26	5
"NODE_1700_length_2454_cov_12.135890"	"PrePostFVT"	"During"	"PrePostFVTDuring"	-1.92649173931483e-15	0	1.38282165117221	0.999999999999999	1	0.999999999999999	1	NA	"prevalence"	26	5
"NODE_1700_length_2454_cov_12.135890"	"PrePostFVT"	"Post"	"PrePostFVTPost"	-4.58062992044765	0	4.79897257676123	0.339829492199988	1	0.339829492199988	1	NA	"prevalence"	26	5
"NODE_1700_length_2749_cov_7.180772"	"PrePostFVT"	"During"	"PrePostFVTDuring"	13.7974705231076	0	194.387663985993	0.94341435212814	1	0.713548780830867	1	NA	"prevalence"	26	22
"NODE_1700_length_2749_cov_7.180772"	"PrePostFVT"	"Post"	"PrePostFVTPost"	1.30272054446431	0	1.34412225329487	0.332446429254798	1	0.047543481173241	1	NA	"prevalence"	26	22
"NODE_1705_length_3384_cov_5.820066"	"PrePostFVT"	"During"	"PrePostFVTDuring"	12.390951523722	0	639.688557820825	0.984545712790645	1	0.968221350296706	1	NA	"prevalence"	26	25
"NODE_1705_length_3384_cov_5.820066"	"PrePostFVT"	"Post"	"PrePostFVTPost"	12.8661483041099	0	460.837144274907	0.977726692109118	1	0.872943784599972	1	NA	"prevalence"	26	25
"NODE_1709_length_2618_cov_3.747171"	"PrePostFVT"	"During"	"PrePostFVTDuring"	1.9459508173202	0	1.4638159772773	0.183726432308003	1	0.183726432308003	1	NA	"prevalence"	26	3
"NODE_1709_length_2618_cov_3.747171"	"PrePostFVT"	"Post"	"PrePostFVTPost"	-13.5825876418674	0	664.459712861415	0.98369113722048	1	0.98369113722048	1	NA	"prevalence"	26	3
"NODE_1710_length_2968_cov_4.391692"	"PrePostFVT"	"During"	"PrePostFVTDuring"	1.34984789402476e-13	0	3.29983064754209	0.999999999999967	1	0.559941178608806	1	NA	"prevalence"	26	22
"NODE_1710_length_2968_cov_4.391692"	"PrePostFVT"	"Post"	"PrePostFVTPost"	-1.84891755143228	0	2.04207410661961	0.365247381121198	1	0.113021337479861	1	NA	"prevalence"	26	22
"NODE_1712_length_2968_cov_4.969791"	"PrePostFVT"	"During"	"PrePostFVTDuring"	1.94591024296826	0	1.41060127856702	0.167743752422456	1	0.167743752422456	1	NA	"prevalence"	26	3
"NODE_1712_length_2968_cov_4.969791"	"PrePostFVT"	"Post"	"PrePostFVTPost"	-22.2083394986725	0	48904.1502357437	0.999637664891168	1	0.999637664891168	1	NA	"prevalence"	26	3
"NODE_1715_length_3261_cov_6.728322"	"PrePostFVT"	"During"	"PrePostFVTDuring"	1.01727560645649e-30	0	1.39855755640525	1	1	0.126805874665193	1	NA	"prevalence"	26	15
"NODE_1715_length_3261_cov_6.728322"	"PrePostFVT"	"Post"	"PrePostFVTPost"	-1.38437461041685	0	0.997264771631033	0.165084805142138	1	0.302916617395458	1	NA	"prevalence"	26	15
"NODE_1717_length_3737_cov_4.790060"	"PrePostFVT"	"During"	"PrePostFVTDuring"	-0.848537635545244	0	1.57362624363275	0.589732039899232	1	0.0944801322696781	1	NA	"prevalence"	26	15
"NODE_1717_length_3737_cov_4.790060"	"PrePostFVT"	"Post"	"PrePostFVTPost"	-2.28292016077257	0	1.21911279413321	0.0611225596633375	1	0.118509152026877	1	NA	"prevalence"	26	15
"NODE_1719_length_2592_cov_7.839574"	"PrePostFVT"	"During"	"PrePostFVTDuring"	2.36898216293811	0	1.45560699225001	0.103633604472784	1	0.196527284969547	1	NA	"prevalence"	26	8
"NODE_1719_length_2592_cov_7.839574"	"PrePostFVT"	"Post"	"PrePostFVTPost"	-1.53289408348785e-15	0	1.05891004452517	0.999999999999999	1	0.202504751324555	1	NA	"prevalence"	26	8
"NODE_172_length_22899_cov_500.400893"	"PrePostFVT"	"During"	"PrePostFVTDuring"	-1.3754078303721	0	2.18972274285829	0.529925577165083	1	0.77903003699642	1	NA	"prevalence"	26	11
"NODE_172_length_22899_cov_500.400893"	"PrePostFVT"	"Post"	"PrePostFVTPost"	-7.18645431551131	0	4.702601430105	0.126466118507172	1	0.236938557884074	1	NA	"prevalence"	26	11
"NODE_1723_length_3057_cov_7.331113"	"PrePostFVT"	"During"	"PrePostFVTDuring"	11.5551776582196	0	48.6881089893374	0.812400332107453	1	0.935787170288478	1	NA	"prevalence"	26	23
"NODE_1723_length_3057_cov_7.331113"	"PrePostFVT"	"Post"	"PrePostFVTPost"	0.507737699231846	0	1.58901814942	0.749325252014625	1	0.560413553018005	1	NA	"prevalence"	26	23
"NODE_173_length_16054_cov_33.606850"	"PrePostFVT"	"During"	"PrePostFVTDuring"	12.390951523722	0	639.688557820825	0.984545712790645	1	0.968015953817328	1	NA	"prevalence"	26	25
"NODE_173_length_16054_cov_33.606850"	"PrePostFVT"	"Post"	"PrePostFVTPost"	12.8661483041099	0	460.837144274907	0.977726692109118	1	0.976109504752651	1	NA	"prevalence"	26	25
"NODE_173_length_34151_cov_24.803555"	"PrePostFVT"	"During"	"PrePostFVTDuring"	13.4693644012895	0	591.207289580448	0.981823518679746	1	0.159573377942712	1	NA	"prevalence"	26	14
"NODE_173_length_34151_cov_24.803555"	"PrePostFVT"	"Post"	"PrePostFVTPost"	-1.20387905065624	0	0.953058601742866	0.206526577442998	1	0.243631040879571	1	NA	"prevalence"	26	14
"NODE_1734_length_3262_cov_5.212660"	"PrePostFVT"	"During"	"PrePostFVTDuring"	14.6897787736086	0	915.89370678859	0.98720348757949	1	0.863004118315033	1	NA	"prevalence"	26	15
"NODE_1734_length_3262_cov_5.212660"	"PrePostFVT"	"Post"	"PrePostFVTPost"	-0.846603700303454	0	0.936010657574356	0.365740492645084	1	0.438571880801507	1	NA	"prevalence"	26	15
"NODE_1736_length_2914_cov_5.421126"	"PrePostFVT"	"During"	"PrePostFVTDuring"	1.94640230606829	0	1.46394981205487	0.183664817355876	1	0.183664817355876	1	NA	"prevalence"	26	3
"NODE_1736_length_2914_cov_5.421126"	"PrePostFVT"	"Post"	"PrePostFVTPost"	-13.4060602813264	0	579.262656735314	0.981535951595354	1	0.981535951595354	1	NA	"prevalence"	26	3
"NODE_1742_length_1577_cov_8.919842"	"PrePostFVT"	"During"	"PrePostFVTDuring"	13.6830385614572	0	647.634963008311	0.983143786752042	1	0.0650795901876106	1	NA	"prevalence"	26	20
"NODE_1742_length_1577_cov_8.919842"	"PrePostFVT"	"Post"	"PrePostFVTPost"	0.587910287997673	0	0.98881511909846	0.55213737376728	1	0.36223371046242	1	NA	"prevalence"	26	20
"NODE_1744_length_3031_cov_72.943884"	"PrePostFVT"	"During"	"PrePostFVTDuring"	13.7471808059167	0	367.833132155185	0.970187268514501	1	0.970187268514501	1	NA	"prevalence"	26	7
"NODE_1744_length_3031_cov_72.943884"	"PrePostFVT"	"Post"	"PrePostFVTPost"	13.4092493102408	0	367.832197003047	0.970919718814683	1	0.970919718814683	1	NA	"prevalence"	26	7
"NODE_1748_length_2651_cov_3.706857"	"PrePostFVT"	"During"	"PrePostFVTDuring"	1.09870433003293	0	1.29099893238859	0.394741712495621	1	0.633662405407267	1	NA	"prevalence"	26	8
"NODE_1748_length_2651_cov_3.706857"	"PrePostFVT"	"Post"	"PrePostFVTPost"	0.405485871908732	0	1.02062762641644	0.691153098981725	1	0.904613591731408	1	NA	"prevalence"	26	8
"NODE_1749_length_3670_cov_4.176210"	"PrePostFVT"	"During"	"PrePostFVTDuring"	3.04454186686301	0	1.57359734038229	0.053019076800206	1	0.103227131095666	1	NA	"prevalence"	26	8
"NODE_1749_length_3670_cov_4.176210"	"PrePostFVT"	"Post"	"PrePostFVTPost"	1.25277348837758	0	1.23201754647988	0.309226164553943	1	0.522831508263144	1	NA	"prevalence"	26	8
"NODE_1752_length_2889_cov_4.153846"	"PrePostFVT"	"During"	"PrePostFVTDuring"	13.2121366703683	0	568.013383897064	0.981442674317691	1	0.134379633388486	1	NA	"prevalence"	26	16
"NODE_1752_length_2889_cov_4.153846"	"PrePostFVT"	"Post"	"PrePostFVTPost"	-1.79179032575274	0	1.02062529109018	0.0791599860755659	1	0.152053668755648	1	NA	"prevalence"	26	16
"NODE_1758_length_3104_cov_7.219416"	"PrePostFVT"	"During"	"PrePostFVTDuring"	0.510812133022873	0	1.23827872087895	0.679959866136449	1	0.434168327598367	1	NA	"prevalence"	26	9
"NODE_1758_length_3104_cov_7.219416"	"PrePostFVT"	"Post"	"PrePostFVTPost"	-0.182299665995543	0	0.95306450617642	0.848308294957955	1	0.956545237704328	1	NA	"prevalence"	26	9
"NODE_176_length_48312_cov_16.718466|provirus_34_38596"	"PrePostFVT"	"During"	"PrePostFVTDuring"	10.9339271074414	0	207.944867232272	0.958065839959951	1	0.84619879295055	1	NA	"prevalence"	26	21
"NODE_176_length_48312_cov_16.718466|provirus_34_38596"	"PrePostFVT"	"Post"	"PrePostFVTPost"	1.30297122612262	0	1.34449443470541	0.33248725707521	1	0.343279680656829	1	NA	"prevalence"	26	21
"NODE_1761_length_2502_cov_7.919085"	"PrePostFVT"	"During"	"PrePostFVTDuring"	12.6136344549163	0	152.659944080951	0.93414916699191	1	0.93414916699191	1	NA	"prevalence"	26	3
"NODE_1761_length_2502_cov_7.919085"	"PrePostFVT"	"Post"	"PrePostFVTPost"	9.77777183976321	0	152.652034453136	0.948928280704194	1	0.948928280704194	1	NA	"prevalence"	26	3
"NODE_1766_length_2369_cov_3.469317"	"PrePostFVT"	"During"	"PrePostFVTDuring"	-1.20118623168723e-13	0	3.29982160492997	0.999999999999971	1	0.999999999999971	1	NA	"prevalence"	26	2
"NODE_1766_length_2369_cov_3.469317"	"PrePostFVT"	"Post"	"PrePostFVTPost"	1.84891755143229	0	2.04206871852044	0.365246115976955	1	0.365246115976955	1	NA	"prevalence"	26	2
"NODE_1769_length_1947_cov_6.059197"	"PrePostFVT"	"During"	"PrePostFVTDuring"	10.6794096189638	0	274.907543066728	0.969012151247391	1	0.994005113316946	1	NA	"prevalence"	26	22
"NODE_1769_length_1947_cov_6.059197"	"PrePostFVT"	"Post"	"PrePostFVTPost"	-0.336484930595302	0	1.32017826163446	0.79881701530527	1	0.885292791154449	1	NA	"prevalence"	26	22
"NODE_177_length_43590_cov_15.368715"	"PrePostFVT"	"During"	"PrePostFVTDuring"	11.6208199914144	0	436.636317099809	0.978767276110102	1	0.574621935864258	1	NA	"prevalence"	26	19
"NODE_177_length_43590_cov_15.368715"	"PrePostFVT"	"Post"	"PrePostFVTPost"	-1.94599120820943	0	1.21500979966536	0.109238351871161	1	0.00772693344367681	1	NA	"prevalence"	26	19
"NODE_1770_length_3083_cov_15.330581"	"PrePostFVT"	"During"	"PrePostFVTDuring"	0.588032005093558	0	1.36628347743128	0.666913427347744	1	0.0218578918940619	1	NA	"prevalence"	26	13
"NODE_1770_length_3083_cov_15.330581"	"PrePostFVT"	"Post"	"PrePostFVTPost"	-0.847193323561598	0	0.936042123069777	0.365422826340087	1	0.597311810669797	1	NA	"prevalence"	26	13
"NODE_1774_length_2850_cov_22.364222"	"PrePostFVT"	"During"	"PrePostFVTDuring"	10.3209315411676	0	106.369385241782	0.922703241538836	1	0.922703241538836	1	NA	"prevalence"	26	4
"NODE_1774_length_2850_cov_22.364222"	"PrePostFVT"	"Post"	"PrePostFVTPost"	9.80836933680942	0	106.365699227617	0.926528293299949	1	0.926528293299949	1	NA	"prevalence"	26	4
"NODE_1790_length_3353_cov_6.374773"	"PrePostFVT"	"During"	"PrePostFVTDuring"	-0.587803486468938	0	1.36626328510632	0.667030452946541	1	0.889131280735014	1	NA	"prevalence"	26	9
"NODE_1790_length_3353_cov_6.374773"	"PrePostFVT"	"Post"	"PrePostFVTPost"	0.174339480863662	0	0.936050932625469	0.852248720000347	1	0.726771505430621	1	NA	"prevalence"	26	9
"NODE_1797_length_2793_cov_3.438641"	"PrePostFVT"	"During"	"PrePostFVTDuring"	1.94591339627008	0	1.46385222593627	0.18374571783131	1	0.18374571783131	1	NA	"prevalence"	26	4
"NODE_1797_length_2793_cov_3.438641"	"PrePostFVT"	"Post"	"PrePostFVTPost"	-0.451948153893739	0	1.4945722454334	0.762352506191941	1	0.762352506191941	1	NA	"prevalence"	26	4
"NODE_1798_length_2684_cov_29.311145"	"PrePostFVT"	"During"	"PrePostFVTDuring"	-4.93385901054358e-08	0	1.45528300229835	0.999999972949248	1	0.128373521398132	1	NA	"prevalence"	26	13
"NODE_1798_length_2684_cov_29.311145"	"PrePostFVT"	"Post"	"PrePostFVTPost"	-2.35581517309653	0	1.19477783669819	0.0486370081397552	1	0.0289026964132342	1	NA	"prevalence"	26	13
"NODE_1799_length_3032_cov_23.869667"	"PrePostFVT"	"During"	"PrePostFVTDuring"	1.13718054236262	0	1.38687377665697	0.412239107577145	1	0.654537133338289	1	NA	"prevalence"	26	11
"NODE_1799_length_3032_cov_23.869667"	"PrePostFVT"	"Post"	"PrePostFVTPost"	-0.718383239098058	0	0.959965104777159	0.454253248452827	1	0.525632136861384	1	NA	"prevalence"	26	11
"NODE_18_length_170276_cov_137.036740|provirus_122720_154544"	"PrePostFVT"	"During"	"PrePostFVTDuring"	11.5551776582196	0	48.6881089893374	0.812400332107453	1	0.964806364606606	1	NA	"prevalence"	26	23
"NODE_18_length_170276_cov_137.036740|provirus_122720_154544"	"PrePostFVT"	"Post"	"PrePostFVTPost"	0.507737699231846	0	1.58901814942	0.749325252014625	1	0.643549122445875	1	NA	"prevalence"	26	23
"NODE_1801_length_2808_cov_5.873956"	"PrePostFVT"	"During"	"PrePostFVTDuring"	6.59167087789923	0	13.5358185242279	0.626272610392233	1	0.140423123000258	1	NA	"prevalence"	26	13
"NODE_1801_length_2808_cov_5.873956"	"PrePostFVT"	"Post"	"PrePostFVTPost"	-0.312031101449153	0	0.917339652907979	0.733745196246223	1	0.0496707438673841	1	NA	"prevalence"	26	13
"NODE_1802_length_2870_cov_5.132149"	"PrePostFVT"	"During"	"PrePostFVTDuring"	13.1834714279777	0	682.667300556141	0.984592444203007	1	0.0834181775806492	1	NA	"prevalence"	26	17
"NODE_1802_length_2870_cov_5.132149"	"PrePostFVT"	"Post"	"PrePostFVTPost"	-1.4350616646624	0	1.00474715305256	0.153210880923254	1	0.0271954572505129	1	NA	"prevalence"	26	17
"NODE_181_length_44721_cov_43.504254"	"PrePostFVT"	"During"	"PrePostFVTDuring"	0.991829407821053	0	1.7224599112282	0.564735856124395	1	0.564735856124395	1	NA	"prevalence"	26	4
"NODE_181_length_44721_cov_43.504254"	"PrePostFVT"	"Post"	"PrePostFVTPost"	0.384873687083192	0	1.41164707251645	0.785128746767213	1	0.785128746767213	1	NA	"prevalence"	26	4
"NODE_1811_length_4326_cov_11.406696"	"PrePostFVT"	"During"	"PrePostFVTDuring"	13.7974705231076	0	194.387663985993	0.94341435212814	1	0.972613487930835	1	NA	"prevalence"	26	22
"NODE_1811_length_4326_cov_11.406696"	"PrePostFVT"	"Post"	"PrePostFVTPost"	1.30272054446431	0	1.34412225329487	0.332446429254798	1	0.289782648481291	1	NA	"prevalence"	26	22
"NODE_1812_length_3305_cov_5.784923"	"PrePostFVT"	"During"	"PrePostFVTDuring"	1.94591435836758	0	1.46385270706453	0.183745645170884	1	0.17404734816955	1	NA	"prevalence"	26	6
"NODE_1812_length_3305_cov_5.784923"	"PrePostFVT"	"Post"	"PrePostFVTPost"	0.847310642550744	0	1.25988466747698	0.501246142502728	1	0.130358770201045	1	NA	"prevalence"	26	6
"NODE_1816_length_3002_cov_18.713607"	"PrePostFVT"	"During"	"PrePostFVTDuring"	13.5617609812738	0	617.495791493523	0.98247785650238	1	0.861795283077294	1	NA	"prevalence"	26	15
"NODE_1816_length_3002_cov_18.713607"	"PrePostFVT"	"Post"	"PrePostFVTPost"	-0.510865712315486	0	0.930948808968808	0.583171458911648	1	0.148232169994186	1	NA	"prevalence"	26	15
"NODE_1822_length_4306_cov_6.684780"	"PrePostFVT"	"During"	"PrePostFVTDuring"	-3.92710063702666e-16	0	1.39855637882222	1	1	0.986751000417837	1	NA	"prevalence"	26	15
"NODE_1822_length_4306_cov_6.684780"	"PrePostFVT"	"Post"	"PrePostFVTPost"	-1.38437462530975	0	0.997265442279194	0.165085084793333	1	0.302917084365445	1	NA	"prevalence"	26	15
"NODE_1824_length_2591_cov_4.697950"	"PrePostFVT"	"During"	"PrePostFVTDuring"	11.5551776582196	0	48.6881089893374	0.812400332107453	1	0.617230985476762	1	NA	"prevalence"	26	22
"NODE_1824_length_2591_cov_4.697950"	"PrePostFVT"	"Post"	"PrePostFVTPost"	0.507737699231846	0	1.58901814942	0.749325252014625	1	0.363561409079042	1	NA	"prevalence"	26	22
"NODE_1827_length_3438_cov_6.818504"	"PrePostFVT"	"During"	"PrePostFVTDuring"	24.1552928844888	0	836.093234848137	0.976951787592253	1	0.976951787592253	1	NA	"prevalence"	26	7
"NODE_1827_length_3438_cov_6.818504"	"PrePostFVT"	"Post"	"PrePostFVTPost"	22.3635332807476	0	836.092583878919	0.978660987016942	1	0.978660987016942	1	NA	"prevalence"	26	7
"NODE_1830_length_3125_cov_4.702280"	"PrePostFVT"	"During"	"PrePostFVTDuring"	2.74068257899061	0	1.87187407305299	0.143156156236232	1	0.265818627404131	1	NA	"prevalence"	26	6
"NODE_1830_length_3125_cov_4.702280"	"PrePostFVT"	"Post"	"PrePostFVTPost"	-1.4770944629276	0	1.44835687955585	0.307803634262351	1	0.297776252872354	1	NA	"prevalence"	26	6
"NODE_1837_length_3530_cov_8.391942"	"PrePostFVT"	"During"	"PrePostFVTDuring"	14.8492422528134	0	13.791499802121	0.281616437549527	1	0.483925057200968	1	NA	"prevalence"	26	20
"NODE_1837_length_3530_cov_8.391942"	"PrePostFVT"	"Post"	"PrePostFVTPost"	0.629997537737041	0	1.26433854696107	0.618285071256698	1	0.662221139963402	1	NA	"prevalence"	26	20
"NODE_1839_length_3460_cov_6.952717"	"PrePostFVT"	"During"	"PrePostFVTDuring"	11.1935761904251	0	346.176672406561	0.974205004972515	1	0.936876095599799	1	NA	"prevalence"	26	18
"NODE_1839_length_3460_cov_6.952717"	"PrePostFVT"	"Post"	"PrePostFVTPost"	-1.94567092821011	0	1.21496157354054	0.109282620608808	1	0.159249899884722	1	NA	"prevalence"	26	18
"NODE_1843_length_2797_cov_5.328957"	"PrePostFVT"	"During"	"PrePostFVTDuring"	11.0959478018483	0	334.438607248507	0.973532776185026	1	0.978329716902297	1	NA	"prevalence"	26	19
"NODE_1843_length_2797_cov_5.328957"	"PrePostFVT"	"Post"	"PrePostFVTPost"	-1.25289641690311	0	1.23202503414901	0.309181633897889	1	0.522769985056009	1	NA	"prevalence"	26	19
"NODE_1850_length_2736_cov_7.120104"	"PrePostFVT"	"During"	"PrePostFVTDuring"	0	0	3.2998296956836	1	1	0.37005627746365	1	NA	"prevalence"	26	25
"NODE_1850_length_2736_cov_7.120104"	"PrePostFVT"	"Post"	"PrePostFVTPost"	-1.23632920280551	0	2.11197231441812	0.558284960643895	1	0.529894856267418	1	NA	"prevalence"	26	25
"NODE_1852_length_2714_cov_5.670929"	"PrePostFVT"	"During"	"PrePostFVTDuring"	0.847781337190917	0	1.57363602486557	0.590065977547865	1	0.590065977547865	1	NA	"prevalence"	26	2
"NODE_1852_length_2714_cov_5.670929"	"PrePostFVT"	"Post"	"PrePostFVTPost"	-12.9451636153924	0	455.112055748629	0.977308108037944	1	0.977308108037944	1	NA	"prevalence"	26	2
"NODE_1855_length_3427_cov_4.307236"	"PrePostFVT"	"During"	"PrePostFVTDuring"	0	0	3.2998296956836	1	1	0.31836503573211	1	NA	"prevalence"	26	25
"NODE_1855_length_3427_cov_4.307236"	"PrePostFVT"	"Post"	"PrePostFVTPost"	-1.23632920280551	0	2.11197231441812	0.558284960643895	1	0.804887824006635	1	NA	"prevalence"	26	25
"NODE_1858_length_2630_cov_15.348350"	"PrePostFVT"	"During"	"PrePostFVTDuring"	14.4329148326118	0	1136.33273836376	0.989866092999646	1	0.77663706748211	1	NA	"prevalence"	26	24
"NODE_1858_length_2630_cov_15.348350"	"PrePostFVT"	"Post"	"PrePostFVTPost"	15.3901840097538	0	1058.7982631177	0.988402740878364	1	0.999865503580866	1	NA	"prevalence"	26	24
"NODE_1861_length_1706_cov_9.000606"	"PrePostFVT"	"During"	"PrePostFVTDuring"	12.390951523722	0	639.688557820825	0.984545712790645	1	0.873899368804443	1	NA	"prevalence"	26	25
"NODE_1861_length_1706_cov_9.000606"	"PrePostFVT"	"Post"	"PrePostFVTPost"	12.8661483041099	0	460.837144274907	0.977726692109118	1	0.384228067214505	1	NA	"prevalence"	26	25
"NODE_1869_length_3204_cov_4.899968"	"PrePostFVT"	"During"	"PrePostFVTDuring"	2.9895345484243	0	2.25619646071639	0.185160238149802	1	0.185160238149802	1	NA	"prevalence"	26	4
"NODE_1869_length_3204_cov_4.899968"	"PrePostFVT"	"Post"	"PrePostFVTPost"	-0.577162149222915	0	1.69815781337742	0.733950326105576	1	0.733950326105576	1	NA	"prevalence"	26	4
"NODE_1876_length_1287_cov_2.543831"	"PrePostFVT"	"During"	"PrePostFVTDuring"	-7.78987110648651e-14	0	3.29982684011839	0.999999999999981	1	0.999999999999981	1	NA	"prevalence"	26	2
"NODE_1876_length_1287_cov_2.543831"	"PrePostFVT"	"Post"	"PrePostFVTPost"	1.84891755143231	0	2.04207065273961	0.365246570138725	1	0.365246570138725	1	NA	"prevalence"	26	2
"NODE_1876_length_2784_cov_5.208868"	"PrePostFVT"	"During"	"PrePostFVTDuring"	4.58062647013003	0	8.23492358702435	0.578044094202612	1	0.821953213562706	1	NA	"prevalence"	26	19
"NODE_1876_length_2784_cov_5.208868"	"PrePostFVT"	"Post"	"PrePostFVTPost"	3.55871826683992e-15	0	1.03069467053448	0.999999999999997	1	0.13032124742033	1	NA	"prevalence"	26	19
"NODE_189_length_21480_cov_167.721820"	"PrePostFVT"	"During"	"PrePostFVTDuring"	1.09860381964095	0	1.29099357037732	0.394782996776054	1	0.452354148597583	1	NA	"prevalence"	26	4
"NODE_189_length_21480_cov_167.721820"	"PrePostFVT"	"Post"	"PrePostFVTPost"	-15.1677397503533	0	965.436667444449	0.98746514614631	1	0.98746514614631	1	NA	"prevalence"	26	4
"NODE_1896_length_2650_cov_4.356840"	"PrePostFVT"	"During"	"PrePostFVTDuring"	12.7620428022725	0	160.298629710571	0.936544122750407	1	0.936544122750407	1	NA	"prevalence"	26	3
"NODE_1896_length_2650_cov_4.356840"	"PrePostFVT"	"Post"	"PrePostFVTPost"	9.92566236784888	0	160.29170840863	0.950624554170207	1	0.950624554170207	1	NA	"prevalence"	26	3
"NODE_1898_length_2647_cov_5.482639"	"PrePostFVT"	"During"	"PrePostFVTDuring"	1.94604407946953	0	1.4638750533185	0.183723114590819	1	0.333692046346686	1	NA	"prevalence"	26	8
"NODE_1898_length_2647_cov_5.482639"	"PrePostFVT"	"Post"	"PrePostFVTPost"	1.60952462875898	0	1.21892881446458	0.186687536011171	1	0.33852283592042	1	NA	"prevalence"	26	8
"NODE_19_length_128753_cov_65.537825|provirus_112776_127566"	"PrePostFVT"	"During"	"PrePostFVTDuring"	12.3059129679795	0	427.038442110673	0.977010642984129	1	0.809416900130003	1	NA	"prevalence"	26	18
"NODE_19_length_128753_cov_65.537825|provirus_112776_127566"	"PrePostFVT"	"Post"	"PrePostFVTPost"	-0.762048475594838	0	1.0047097617649	0.448165935801155	1	0.199910659643851	1	NA	"prevalence"	26	18
"NODE_19_length_40010_cov_71.909198"	"PrePostFVT"	"During"	"PrePostFVTDuring"	3.40792733925897	0	2.72677437866936	0.211371983511346	1	0.211371983511346	1	NA	"prevalence"	26	4
"NODE_19_length_40010_cov_71.909198"	"PrePostFVT"	"Post"	"PrePostFVTPost"	-10.0654819427858	0	113.827054117048	0.929536624971391	1	0.929536624971391	1	NA	"prevalence"	26	4
"NODE_191_length_11482_cov_6.117791"	"PrePostFVT"	"During"	"PrePostFVTDuring"	11.5551776582196	0	48.6881089893374	0.812400332107453	1	0.964806364606606	1	NA	"prevalence"	26	24
"NODE_191_length_11482_cov_6.117791"	"PrePostFVT"	"Post"	"PrePostFVTPost"	0.507737699231846	0	1.58901814942	0.749325252014625	1	0.66152326763401	1	NA	"prevalence"	26	24
"NODE_191_length_14612_cov_5.894621"	"PrePostFVT"	"During"	"PrePostFVTDuring"	11.5551776582196	0	48.6881089893374	0.812400332107453	1	0.911487550526908	1	NA	"prevalence"	26	23
"NODE_191_length_14612_cov_5.894621"	"PrePostFVT"	"Post"	"PrePostFVTPost"	0.507737699231846	0	1.58901814942	0.749325252014625	1	0.726774876976419	1	NA	"prevalence"	26	23
"NODE_1919_length_3324_cov_4.704191"	"PrePostFVT"	"During"	"PrePostFVTDuring"	-1.79341838919749	0	1.85184384590256	0.332819620239422	1	0.554870340862532	1	NA	"prevalence"	26	6
"NODE_1919_length_3324_cov_4.704191"	"PrePostFVT"	"Post"	"PrePostFVTPost"	-3.69345625542417	0	2.08862079582428	0.0769989165960193	1	0.148069000035078	1	NA	"prevalence"	26	6
"NODE_1923_length_2760_cov_6.805176"	"PrePostFVT"	"During"	"PrePostFVTDuring"	11.7946167098047	0	446.911245081452	0.97894514772083	1	0.71550517522711	1	NA	"prevalence"	26	20
"NODE_1923_length_2760_cov_6.805176"	"PrePostFVT"	"Post"	"PrePostFVTPost"	-0.847507602804886	0	1.25992933467496	0.501161834579455	1	0.362866041275775	1	NA	"prevalence"	26	20
"NODE_1929_length_2592_cov_45.237682"	"PrePostFVT"	"During"	"PrePostFVTDuring"	14.4329148326118	0	1136.33273836376	0.989866092999646	1	0.65587435775848	1	NA	"prevalence"	26	24
"NODE_1929_length_2592_cov_45.237682"	"PrePostFVT"	"Post"	"PrePostFVTPost"	15.3901840097538	0	1058.7982631177	0.988402740878364	1	0.926793721657238	1	NA	"prevalence"	26	24
"NODE_193_length_39712_cov_6.226190"	"PrePostFVT"	"During"	"PrePostFVTDuring"	-0.847241439290311	0	1.57357656207631	0.590288724273873	1	0.125845695950593	1	NA	"prevalence"	26	17
"NODE_193_length_39712_cov_6.226190"	"PrePostFVT"	"Post"	"PrePostFVTPost"	-2.28238294721664	0	1.2188798688909	0.0611340155081281	1	0.0344426188587039	1	NA	"prevalence"	26	17
"NODE_1931_length_2526_cov_16.422096"	"PrePostFVT"	"During"	"PrePostFVTDuring"	10.6794096189638	0	274.907543066728	0.969012151247391	1	0.876301277414943	1	NA	"prevalence"	26	22
"NODE_1931_length_2526_cov_16.422096"	"PrePostFVT"	"Post"	"PrePostFVTPost"	-0.336484930595302	0	1.32017826163446	0.79881701530527	1	0.926070052380482	1	NA	"prevalence"	26	22
"NODE_1931_length_2612_cov_7.167775"	"PrePostFVT"	"During"	"PrePostFVTDuring"	0.00625048927913244	0	72.8828255572458	0.99993157278345	1	0.546729757168	1	NA	"prevalence"	26	22
"NODE_1931_length_2612_cov_7.167775"	"PrePostFVT"	"Post"	"PrePostFVTPost"	-10.5171460988154	0	34.2474426953352	0.758772670561746	1	0.411710933052942	1	NA	"prevalence"	26	22
"NODE_1935_length_3195_cov_8.132166"	"PrePostFVT"	"During"	"PrePostFVTDuring"	1.17233532860378	0	1.37287738287584	0.393146139163259	1	0.177940226893226	1	NA	"prevalence"	26	12
"NODE_1935_length_3195_cov_8.132166"	"PrePostFVT"	"Post"	"PrePostFVTPost"	-0.339013906858885	0	0.918151515947906	0.711952381730426	1	0.912939971336218	1	NA	"prevalence"	26	12
"NODE_1936_length_2977_cov_4.843258"	"PrePostFVT"	"During"	"PrePostFVTDuring"	16.0433230177875	0	1894.81351548709	0.993244418677283	1	0.679394542835114	1	NA	"prevalence"	26	16
"NODE_1936_length_2977_cov_4.843258"	"PrePostFVT"	"Post"	"PrePostFVTPost"	-0.84730158600554	0	0.902001098526027	0.347547175111037	1	0.574305311294412	1	NA	"prevalence"	26	16
"NODE_1948_length_3066_cov_2.655596"	"PrePostFVT"	"During"	"PrePostFVTDuring"	0	0	3.29982826790361	1	1	1	1	NA	"prevalence"	26	3
"NODE_1948_length_3066_cov_2.655596"	"PrePostFVT"	"Post"	"PrePostFVTPost"	2.29031500033249	0	2.01359011603146	0.255359154122281	1	0.255359154122281	1	NA	"prevalence"	26	3
"NODE_1950_length_1653_cov_4.717772"	"PrePostFVT"	"During"	"PrePostFVTDuring"	7.62048510633315e-15	0	1.38282096820372	0.999999999999996	1	0.994199656044763	1	NA	"prevalence"	26	14
"NODE_1950_length_1653_cov_4.717772"	"PrePostFVT"	"Post"	"PrePostFVTPost"	-1.64555921328005	0	1.00302038146776	0.100879651719173	1	0.0965835791339995	1	NA	"prevalence"	26	14
"NODE_1950_length_3117_cov_12.812541"	"PrePostFVT"	"During"	"PrePostFVTDuring"	-0.859526497218197	0	1.58907627336471	0.58857861864261	1	0.204479560327383	1	NA	"prevalence"	26	14
"NODE_1950_length_3117_cov_12.812541"	"PrePostFVT"	"Post"	"PrePostFVTPost"	-2.69539000461473	0	1.32632287261355	0.0421306157168184	1	0.0824862426529586	1	NA	"prevalence"	26	14
"NODE_1959_length_1469_cov_2.435644"	"PrePostFVT"	"During"	"PrePostFVTDuring"	2.36898225862157	0	1.45560813531841	0.103633861744688	1	0.196527746189258	1	NA	"prevalence"	26	8
"NODE_1959_length_1469_cov_2.435644"	"PrePostFVT"	"Post"	"PrePostFVTPost"	-1.09517935220476e-15	0	1.05891113157436	0.999999999999999	1	0.601518077129704	1	NA	"prevalence"	26	8
"NODE_196_length_10813_cov_8.589515"	"PrePostFVT"	"During"	"PrePostFVTDuring"	13.7974705231076	0	194.387663985993	0.94341435212814	1	0.50949282639505	1	NA	"prevalence"	26	23
"NODE_196_length_10813_cov_8.589515"	"PrePostFVT"	"Post"	"PrePostFVTPost"	1.30272054446431	0	1.34412225329487	0.332446429254798	1	0.554372230185331	1	NA	"prevalence"	26	23
"NODE_196_length_44600_cov_157.390863"	"PrePostFVT"	"During"	"PrePostFVTDuring"	0	0	3.29982791095283	1	1	0.849263967871781	1	NA	"prevalence"	26	25
"NODE_196_length_44600_cov_157.390863"	"PrePostFVT"	"Post"	"PrePostFVTPost"	-1.23632920280552	0	2.11197045160907	0.558284613544491	1	0.0334765904486346	1	NA	"prevalence"	26	25
"NODE_1960_length_3107_cov_46.232962"	"PrePostFVT"	"During"	"PrePostFVTDuring"	14.318134959158	0	431.757417565947	0.973545040007982	1	0.973545040007982	1	NA	"prevalence"	26	4
"NODE_1960_length_3107_cov_46.232962"	"PrePostFVT"	"Post"	"PrePostFVTPost"	12.7087113727956	0	431.756967201648	0.976517760442872	1	0.976517760442872	1	NA	"prevalence"	26	4
"NODE_1960_length_3491_cov_16.300058"	"PrePostFVT"	"During"	"PrePostFVTDuring"	15.165566135314	0	214.692387013857	0.943685401798622	1	0.996828666029417	1	NA	"prevalence"	26	19
"NODE_1960_length_3491_cov_16.300058"	"PrePostFVT"	"Post"	"PrePostFVTPost"	-0.415646121648519	0	1.03548459358642	0.688123796939903	1	0.0627941327756117	1	NA	"prevalence"	26	19
"NODE_1962_length_3106_cov_8.513274"	"PrePostFVT"	"During"	"PrePostFVTDuring"	13.2121366703683	0	568.013383897064	0.981442674317691	1	0.132338878677078	1	NA	"prevalence"	26	16
"NODE_1962_length_3106_cov_8.513274"	"PrePostFVT"	"Post"	"PrePostFVTPost"	-1.79179032575274	0	1.02062529109018	0.0791599860755659	1	0.141399443524543	1	NA	"prevalence"	26	16
"NODE_197_length_23469_cov_64.990988"	"PrePostFVT"	"During"	"PrePostFVTDuring"	14.318134959158	0	431.757417565947	0.973545040007982	1	0.973545040007982	1	NA	"prevalence"	26	4
"NODE_197_length_23469_cov_64.990988"	"PrePostFVT"	"Post"	"PrePostFVTPost"	12.7087113727956	0	431.756967201648	0.976517760442872	1	0.976517760442872	1	NA	"prevalence"	26	4
"NODE_197_length_8479_cov_9.496083"	"PrePostFVT"	"During"	"PrePostFVTDuring"	13.7974705231076	0	194.387663985993	0.94341435212814	1	0.594759294004939	1	NA	"prevalence"	26	23
"NODE_197_length_8479_cov_9.496083"	"PrePostFVT"	"Post"	"PrePostFVTPost"	1.30272054446431	0	1.34412225329487	0.332446429254798	1	0.554372230185331	1	NA	"prevalence"	26	23
"NODE_1972_length_2680_cov_4.646476"	"PrePostFVT"	"During"	"PrePostFVTDuring"	12.1155674867815	0	591.207832070244	0.983650169789232	1	0.994444006226623	1	NA	"prevalence"	26	22
"NODE_1972_length_2680_cov_4.646476"	"PrePostFVT"	"Post"	"PrePostFVTPost"	0.452235712845083	0	1.49463259843558	0.762215169124025	1	0.387587158010534	1	NA	"prevalence"	26	22
"NODE_1974_length_1324_cov_3.793538"	"PrePostFVT"	"During"	"PrePostFVTDuring"	12.390951523722	0	639.688557820825	0.984545712790645	1	0.931724033334451	1	NA	"prevalence"	26	25
"NODE_1974_length_1324_cov_3.793538"	"PrePostFVT"	"Post"	"PrePostFVTPost"	12.8661483041099	0	460.837144274907	0.977726692109118	1	0.528795281362277	1	NA	"prevalence"	26	25
"NODE_1991_length_3188_cov_5.819342"	"PrePostFVT"	"During"	"PrePostFVTDuring"	-1.71957732578698e-07	0	1.51050510850345	0.999999909167854	1	0.193824877850773	1	NA	"prevalence"	26	15
"NODE_1991_length_3188_cov_5.819342"	"PrePostFVT"	"Post"	"PrePostFVTPost"	-1.70964441710197	0	1.15653664671461	0.139342235849346	1	0.259268213007197	1	NA	"prevalence"	26	15
"NODE_1992_length_2011_cov_4.148773"	"PrePostFVT"	"During"	"PrePostFVTDuring"	1.9459508173202	0	1.4638159772773	0.183726432308003	1	0.183726432308003	1	NA	"prevalence"	26	3
"NODE_1992_length_2011_cov_4.148773"	"PrePostFVT"	"Post"	"PrePostFVTPost"	-13.5825876418674	0	664.459712861415	0.98369113722048	1	0.98369113722048	1	NA	"prevalence"	26	3
"NODE_1994_length_1614_cov_5.948044"	"PrePostFVT"	"During"	"PrePostFVTDuring"	1.19590514924813	0	2.03189370013324	0.55615191850379	1	0.0861611784229498	1	NA	"prevalence"	26	6
"NODE_1994_length_1614_cov_5.948044"	"PrePostFVT"	"Post"	"PrePostFVTPost"	-15.0726594471204	0	295.693026378035	0.959346230191364	1	0.959346230191364	1	NA	"prevalence"	26	6
"NODE_2_length_2231_cov_4.778033"	"PrePostFVT"	"During"	"PrePostFVTDuring"	15.937017798986	0	1182.4135778289	0.989246135458258	1	0.440049423731576	1	NA	"prevalence"	26	13
"NODE_2_length_2231_cov_4.778033"	"PrePostFVT"	"Post"	"PrePostFVTPost"	0.174040781870065	0	0.936049643108181	0.852498757906222	1	0.0206549882424417	1	NA	"prevalence"	26	13
"NODE_2001_length_2507_cov_6.845024"	"PrePostFVT"	"During"	"PrePostFVTDuring"	-5.85608593918004e-07	0	1.58970285741308	0.99999970607837	1	0.99999970607837	1	NA	"prevalence"	26	4
"NODE_2001_length_2507_cov_6.845024"	"PrePostFVT"	"Post"	"PrePostFVTPost"	-1.53941073317089	0	1.48199967461687	0.298926177691749	1	0.298926177691749	1	NA	"prevalence"	26	4
"NODE_2004_length_2512_cov_6.669109"	"PrePostFVT"	"During"	"PrePostFVTDuring"	-11.0907459944178	0	310.813781923045	0.971535182871058	1	0.971535182871058	1	NA	"prevalence"	26	4
"NODE_2004_length_2512_cov_6.669109"	"PrePostFVT"	"Post"	"PrePostFVTPost"	0.880105043439065	0	1.29091877518694	0.495386674794803	1	0.745365392025354	1	NA	"prevalence"	26	4
"NODE_2005_length_1578_cov_7.019698"	"PrePostFVT"	"During"	"PrePostFVTDuring"	11.5551776582196	0	48.6881089893374	0.812400332107453	1	0.964806364606606	1	NA	"prevalence"	26	24
"NODE_2005_length_1578_cov_7.019698"	"PrePostFVT"	"Post"	"PrePostFVTPost"	0.507737699231846	0	1.58901814942	0.749325252014625	1	0.937162170722469	1	NA	"prevalence"	26	24
"NODE_2008_length_3000_cov_5.932428"	"PrePostFVT"	"During"	"PrePostFVTDuring"	3.04456029246103	0	1.5736014550317	0.0530182603703318	1	0.103225584807967	1	NA	"prevalence"	26	7
"NODE_2008_length_3000_cov_5.932428"	"PrePostFVT"	"Post"	"PrePostFVTPost"	0.847339916805276	0	1.25988963771848	0.501233044077447	1	0.75123152367975	1	NA	"prevalence"	26	7
"NODE_201_length_27274_cov_8.129836"	"PrePostFVT"	"During"	"PrePostFVTDuring"	11.5551776582196	0	48.6881089893374	0.812400332107453	1	0.938347481536455	1	NA	"prevalence"	26	23
"NODE_201_length_27274_cov_8.129836"	"PrePostFVT"	"Post"	"PrePostFVTPost"	0.507737699231846	0	1.58901814942	0.749325252014625	1	0.551408524179475	1	NA	"prevalence"	26	23
"NODE_2011_length_2669_cov_260.882173"	"PrePostFVT"	"During"	"PrePostFVTDuring"	13.8314631864368	0	295.60453719124	0.962680257024144	1	0.79708925420966	1	NA	"prevalence"	26	13
"NODE_2011_length_2669_cov_260.882173"	"PrePostFVT"	"Post"	"PrePostFVTPost"	0.762458116248759	0	1.00478594348806	0.447956401454813	1	0.69524786530528	1	NA	"prevalence"	26	13
"NODE_2011_length_2793_cov_8.678963"	"PrePostFVT"	"During"	"PrePostFVTDuring"	13.2121366703683	0	568.013383897064	0.981442674317691	1	0.106365664678087	1	NA	"prevalence"	26	16
"NODE_2011_length_2793_cov_8.678963"	"PrePostFVT"	"Post"	"PrePostFVTPost"	-1.79179032575274	0	1.02062529109018	0.0791599860755659	1	0.115978083138181	1	NA	"prevalence"	26	16
"NODE_2021_length_2786_cov_6.888685"	"PrePostFVT"	"During"	"PrePostFVTDuring"	1.20720303683271	0	1.39187562120223	0.385766121639039	1	0.622716742673652	1	NA	"prevalence"	26	5
"NODE_2021_length_2786_cov_6.888685"	"PrePostFVT"	"Post"	"PrePostFVTPost"	-1.36997839598504	0	1.3766153479536	0.319649315679409	1	0.537122946344503	1	NA	"prevalence"	26	5
"NODE_2033_length_3140_cov_4.623339"	"PrePostFVT"	"During"	"PrePostFVTDuring"	0.587785982977265	0	1.36626018278784	0.667039060749868	1	0.092749592980059	1	NA	"prevalence"	26	11
"NODE_2033_length_3140_cov_4.623339"	"PrePostFVT"	"Post"	"PrePostFVTPost"	-1.60943833605507	0	0.988826628783672	0.1036045547514	1	0.196475205737565	1	NA	"prevalence"	26	11
"NODE_204_length_29412_cov_9.598392"	"PrePostFVT"	"During"	"PrePostFVTDuring"	-14.2686605912636	0	1182.41356606678	0.990371839422405	1	0.990371839422405	1	NA	"prevalence"	26	7
"NODE_204_length_29412_cov_9.598392"	"PrePostFVT"	"Post"	"PrePostFVTPost"	1.94579359689092	0	1.2149384202964	0.109253521192481	1	0.206570710492005	1	NA	"prevalence"	26	7
"NODE_204_length_7962_cov_6.369546"	"PrePostFVT"	"During"	"PrePostFVTDuring"	13.7974705231076	0	194.387663985993	0.94341435212814	1	0.442441555093334	1	NA	"prevalence"	26	23
"NODE_204_length_7962_cov_6.369546"	"PrePostFVT"	"Post"	"PrePostFVTPost"	1.30272054446431	0	1.34412225329487	0.332446429254798	1	0.554372230185331	1	NA	"prevalence"	26	23
"NODE_2040_length_2988_cov_5.530856"	"PrePostFVT"	"During"	"PrePostFVTDuring"	2.36555440062559e-15	0	1.44124542439606	0.999999999999999	1	0.562076001983653	1	NA	"prevalence"	26	6
"NODE_2040_length_2988_cov_5.530856"	"PrePostFVT"	"Post"	"PrePostFVTPost"	-3.15155155389345e-30	0	1.07424106151655	1	1	0.269925429870173	1	NA	"prevalence"	26	6
"NODE_2041_length_1386_cov_3.691210"	"PrePostFVT"	"During"	"PrePostFVTDuring"	6.92124490606333e-15	0	1.382821484809	0.999999999999996	1	0.999999999999996	1	NA	"prevalence"	26	3
"NODE_2041_length_1386_cov_3.691210"	"PrePostFVT"	"Post"	"PrePostFVTPost"	-4.58063000066496	0	4.79892011526158	0.339824204462693	1	0.339824204462693	1	NA	"prevalence"	26	3
"NODE_2048_length_1701_cov_4.141555"	"PrePostFVT"	"During"	"PrePostFVTDuring"	12.390951523722	0	639.688557820825	0.984545712790645	1	0.996984330327171	1	NA	"prevalence"	26	25
"NODE_2048_length_1701_cov_4.141555"	"PrePostFVT"	"Post"	"PrePostFVTPost"	12.8661483041099	0	460.837144274907	0.977726692109118	1	0.522705610985483	1	NA	"prevalence"	26	25
"NODE_2051_length_3108_cov_4.075336"	"PrePostFVT"	"During"	"PrePostFVTDuring"	10.7071344011209	0	274.907469857037	0.968931736137498	1	0.81118372098637	1	NA	"prevalence"	26	21
"NODE_2051_length_3108_cov_4.075336"	"PrePostFVT"	"Post"	"PrePostFVTPost"	-1.25278913828672	0	1.23202059930625	0.309221319623134	1	0.522824814736796	1	NA	"prevalence"	26	21
"NODE_2059_length_1526_cov_4.799456"	"PrePostFVT"	"During"	"PrePostFVTDuring"	0.847781029497981	0	1.573635969853	0.590066099486722	1	0.590066099486722	1	NA	"prevalence"	26	2
"NODE_2059_length_1526_cov_4.799456"	"PrePostFVT"	"Post"	"PrePostFVTPost"	-12.9451623011714	0	455.112082889206	0.977308111693917	1	0.977308111693917	1	NA	"prevalence"	26	2
"NODE_206_length_8044_cov_8.274377"	"PrePostFVT"	"During"	"PrePostFVTDuring"	11.5551776582196	0	48.6881089893374	0.812400332107453	1	0.964806364606606	1	NA	"prevalence"	26	24
"NODE_206_length_8044_cov_8.274377"	"PrePostFVT"	"Post"	"PrePostFVTPost"	0.507737699231846	0	1.58901814942	0.749325252014625	1	0.825269965292362	1	NA	"prevalence"	26	24
"NODE_2061_length_3718_cov_15.018291"	"PrePostFVT"	"During"	"PrePostFVTDuring"	13.7974705231076	0	194.387663985993	0.94341435212814	1	0.991977021552454	1	NA	"prevalence"	26	23
"NODE_2061_length_3718_cov_15.018291"	"PrePostFVT"	"Post"	"PrePostFVTPost"	1.30272054446431	0	1.34412225329487	0.332446429254798	1	0.554372230185331	1	NA	"prevalence"	26	23
"NODE_2064_length_2932_cov_9.610706"	"PrePostFVT"	"During"	"PrePostFVTDuring"	13.9800677927915	0	79.7183550310413	0.86079029291693	1	0.76233345964931	1	NA	"prevalence"	26	18
"NODE_2064_length_2932_cov_9.610706"	"PrePostFVT"	"Post"	"PrePostFVTPost"	-2.01493634532768	0	1.28869571850682	0.11792398607066	1	0.221941905650527	1	NA	"prevalence"	26	18
"NODE_208_length_51348_cov_41.610220"	"PrePostFVT"	"During"	"PrePostFVTDuring"	2.40151018644861e-16	0	1.22474457938977	1	1	0.750513888352942	1	NA	"prevalence"	26	8
"NODE_208_length_51348_cov_41.610220"	"PrePostFVT"	"Post"	"PrePostFVTPost"	-1.44691898293633	0	1.02002015865157	0.156039007375021	1	0.28772984292746	1	NA	"prevalence"	26	8
"NODE_2080_length_2689_cov_8.647684"	"PrePostFVT"	"During"	"PrePostFVTDuring"	-0.847144780810334	0	1.5735717842703	0.59032999442099	1	0.082091217655297	1	NA	"prevalence"	26	18
"NODE_2080_length_2689_cov_8.647684"	"PrePostFVT"	"Post"	"PrePostFVTPost"	-1.60931664250867	0	1.21886135597841	0.186720091628967	1	0.0881214610331102	1	NA	"prevalence"	26	18
"NODE_2087_length_3045_cov_7.023077"	"PrePostFVT"	"During"	"PrePostFVTDuring"	12.7475076374381	0	836.093396495606	0.987835515104403	1	0.97225780714983	1	NA	"prevalence"	26	22
"NODE_2087_length_3045_cov_7.023077"	"PrePostFVT"	"Post"	"PrePostFVTPost"	0.451661831658074	0	1.49474343318721	0.762524916016617	1	0.124867739542856	1	NA	"prevalence"	26	22
"NODE_2089_length_3294_cov_24.345477"	"PrePostFVT"	"During"	"PrePostFVTDuring"	0.587990079429621	0	1.36624208458693	0.666926262484765	1	0.674362956325342	1	NA	"prevalence"	26	13
"NODE_2089_length_3294_cov_24.345477"	"PrePostFVT"	"Post"	"PrePostFVTPost"	-1.20379347240173	0	0.953052152356368	0.206555770632909	1	0.370446254884063	1	NA	"prevalence"	26	13
"NODE_2090_length_2500_cov_4.756646"	"PrePostFVT"	"During"	"PrePostFVTDuring"	1.17233532716126	0	1.37287794933496	0.393146334979485	1	0.631728629251169	1	NA	"prevalence"	26	12
"NODE_2090_length_2500_cov_4.756646"	"PrePostFVT"	"Post"	"PrePostFVTPost"	-0.714004714856045	0	0.936831522859993	0.4459713950215	1	0.693052304865578	1	NA	"prevalence"	26	12
"NODE_210_length_20479_cov_11.050382|provirus_7480_20477"	"PrePostFVT"	"During"	"PrePostFVTDuring"	-4.58161740986444e-15	0	1.39855703102161	0.999999999999997	1	0.236531978726926	1	NA	"prevalence"	26	15
"NODE_210_length_20479_cov_11.050382|provirus_7480_20477"	"PrePostFVT"	"Post"	"PrePostFVTPost"	-1.38437462530976	0	0.997264985950758	0.165084891417097	1	0.30291676146	1	NA	"prevalence"	26	15
"NODE_2100_length_1460_cov_5.042705"	"PrePostFVT"	"During"	"PrePostFVTDuring"	-0.587779880021757	0	1.36626043717733	0.667042368064504	1	0.718088623616166	1	NA	"prevalence"	26	5
"NODE_2100_length_1460_cov_5.042705"	"PrePostFVT"	"Post"	"PrePostFVTPost"	-1.88706388246336	0	1.27445894507153	0.138692281888513	1	0.258149014721583	1	NA	"prevalence"	26	5
"NODE_2125_length_3601_cov_8.942188"	"PrePostFVT"	"During"	"PrePostFVTDuring"	0.587990079551462	0	1.36624191706607	0.666926224039991	1	0.14718207200192	1	NA	"prevalence"	26	12
"NODE_2125_length_3601_cov_8.942188"	"PrePostFVT"	"Post"	"PrePostFVTPost"	-1.20379347218381	0	0.9530522272051	0.206555806360645	1	0.370446311579995	1	NA	"prevalence"	26	12
"NODE_213_length_49538_cov_20.727785"	"PrePostFVT"	"During"	"PrePostFVTDuring"	-5.85608593918004e-07	0	1.58970285741308	0.99999970607837	1	0.99999970607837	1	NA	"prevalence"	26	4
"NODE_213_length_49538_cov_20.727785"	"PrePostFVT"	"Post"	"PrePostFVTPost"	-1.53941073317089	0	1.48199967461687	0.298926177691749	1	0.298926177691749	1	NA	"prevalence"	26	4
"NODE_2137_length_1853_cov_3.723582"	"PrePostFVT"	"During"	"PrePostFVTDuring"	-17.0631920097893	0	647.64354545404	0.978980902904852	1	0.978980902904852	1	NA	"prevalence"	26	6
"NODE_2137_length_1853_cov_3.723582"	"PrePostFVT"	"Post"	"PrePostFVTPost"	-2.5831802873701	0	1.66165890899065	0.120046333634824	1	0.182541679357217	1	NA	"prevalence"	26	6
"NODE_2138_length_2448_cov_4.907229"	"PrePostFVT"	"During"	"PrePostFVTDuring"	0.847781361653167	0	1.57363624764252	0.590066019453438	1	0.590066019453438	1	NA	"prevalence"	26	2
"NODE_2138_length_2448_cov_4.907229"	"PrePostFVT"	"Post"	"PrePostFVTPost"	-12.9451616187123	0	533.255070306161	0.98063266383641	1	0.98063266383641	1	NA	"prevalence"	26	2
"NODE_216_length_49094_cov_18.408858"	"PrePostFVT"	"During"	"PrePostFVTDuring"	1.94586970817572	0	1.46381687301206	0.183744972823934	1	0.0798437998232202	1	NA	"prevalence"	26	7
"NODE_216_length_49094_cov_18.408858"	"PrePostFVT"	"Post"	"PrePostFVTPost"	1.25265593452665	0	1.23197289243153	0.309254028826478	1	0.103873670122852	1	NA	"prevalence"	26	7
"NODE_2168_length_2642_cov_5.300734"	"PrePostFVT"	"During"	"PrePostFVTDuring"	13.8790947329804	0	647.634836408061	0.982902297405098	1	0.441466623017008	1	NA	"prevalence"	26	13
"NODE_2168_length_2642_cov_5.300734"	"PrePostFVT"	"Post"	"PrePostFVTPost"	-1.20398796024909	0	0.953066181362946	0.206489131090274	1	0.370340500922131	1	NA	"prevalence"	26	13
"NODE_217_length_49720_cov_10.704681|provirus_35239_49720"	"PrePostFVT"	"During"	"PrePostFVTDuring"	-1.24745372998165	0	1.46002955194467	0.392881696068888	1	0.63140736503181	1	NA	"prevalence"	26	8
"NODE_217_length_49720_cov_10.704681|provirus_35239_49720"	"PrePostFVT"	"Post"	"PrePostFVTPost"	-1.2474536022992	0	1.07001303139675	0.243683068141797	1	0.427984698584595	1	NA	"prevalence"	26	8
"NODE_2176_length_2505_cov_7.395510"	"PrePostFVT"	"During"	"PrePostFVTDuring"	0.847292756356708	0	1.57357563595178	0.590265996315114	1	0.590265996315114	1	NA	"prevalence"	26	3
"NODE_2176_length_2505_cov_7.395510"	"PrePostFVT"	"Post"	"PrePostFVTPost"	-0.451928344007511	0	1.4945414050436	0.762357853091443	1	0.762357853091443	1	NA	"prevalence"	26	3
"NODE_2179_length_2865_cov_4.766192"	"PrePostFVT"	"During"	"PrePostFVTDuring"	1.01727560645649e-30	0	1.39855755640525	1	1	0.372100966935367	1	NA	"prevalence"	26	14
"NODE_2179_length_2865_cov_4.766192"	"PrePostFVT"	"Post"	"PrePostFVTPost"	-1.38437461041685	0	0.997264771631033	0.165084805142138	1	0.302916617395458	1	NA	"prevalence"	26	14
"NODE_2184_length_2897_cov_7.643209"	"PrePostFVT"	"During"	"PrePostFVTDuring"	1.0287387033757e-13	0	3.29983219431487	0.999999999999975	1	0.680570712493458	1	NA	"prevalence"	26	23
"NODE_2184_length_2897_cov_7.643209"	"PrePostFVT"	"Post"	"PrePostFVTPost"	-1.8489175514323	0	2.04207646762222	0.365247935491496	1	0.597089816602193	1	NA	"prevalence"	26	23
"NODE_2185_length_2811_cov_5.858853"	"PrePostFVT"	"During"	"PrePostFVTDuring"	11.5551776582196	0	48.6881089893374	0.812400332107453	1	0.964806364606606	1	NA	"prevalence"	26	24
"NODE_2185_length_2811_cov_5.858853"	"PrePostFVT"	"Post"	"PrePostFVTPost"	0.507737699231846	0	1.58901814942	0.749325252014625	1	0.170436579380558	1	NA	"prevalence"	26	24
"NODE_2189_length_2739_cov_5.156110"	"PrePostFVT"	"During"	"PrePostFVTDuring"	-1.18636717492726e-16	0	1.22474428738819	1	1	0.111183785279478	1	NA	"prevalence"	26	10
"NODE_2189_length_2739_cov_5.156110"	"PrePostFVT"	"Post"	"PrePostFVTPost"	-1.17233532859792	0	0.980610525970525	0.231885586307885	1	0.410000247478418	1	NA	"prevalence"	26	10
"NODE_22_length_128069_cov_21.086295|provirus_34170_98395"	"PrePostFVT"	"During"	"PrePostFVTDuring"	13.1834714279777	0	682.667300556141	0.984592444203007	1	0.0868593634783883	1	NA	"prevalence"	26	17
"NODE_22_length_128069_cov_21.086295|provirus_34170_98395"	"PrePostFVT"	"Post"	"PrePostFVTPost"	-1.4350616646624	0	1.00474715305256	0.153210880923254	1	0.0522579767678279	1	NA	"prevalence"	26	17
"NODE_2205_length_3140_cov_13.088493"	"PrePostFVT"	"During"	"PrePostFVTDuring"	11.5551776582196	0	48.6881089893374	0.812400332107453	1	0.869814404060003	1	NA	"prevalence"	26	24
"NODE_2205_length_3140_cov_13.088493"	"PrePostFVT"	"Post"	"PrePostFVTPost"	0.507737699231846	0	1.58901814942	0.749325252014625	1	0.634313513896884	1	NA	"prevalence"	26	24
"NODE_2206_length_2597_cov_7.216758"	"PrePostFVT"	"During"	"PrePostFVTDuring"	14.6897787736086	0	915.89370678859	0.98720348757949	1	0.771191347909982	1	NA	"prevalence"	26	16
"NODE_2206_length_2597_cov_7.216758"	"PrePostFVT"	"Post"	"PrePostFVTPost"	-0.846603700303454	0	0.936010657574356	0.365740492645084	1	0.585173190865114	1	NA	"prevalence"	26	16
"NODE_2208_length_1898_cov_12.739555"	"PrePostFVT"	"During"	"PrePostFVTDuring"	13.7974705231076	0	194.387663985993	0.94341435212814	1	0.441145958077405	1	NA	"prevalence"	26	23
"NODE_2208_length_1898_cov_12.739555"	"PrePostFVT"	"Post"	"PrePostFVTPost"	1.30272054446431	0	1.34412225329487	0.332446429254798	1	0.554372230185331	1	NA	"prevalence"	26	23
"NODE_2210_length_2500_cov_8.474029"	"PrePostFVT"	"During"	"PrePostFVTDuring"	-1.17233532860378	0	1.37287779487836	0.39314628116275	1	0.6317285639334	1	NA	"prevalence"	26	12
"NODE_2210_length_2500_cov_8.474029"	"PrePostFVT"	"Post"	"PrePostFVTPost"	0.339013906858884	0	0.918151732943877	0.711952446769708	1	0.699197795551826	1	NA	"prevalence"	26	12
"NODE_2224_length_2870_cov_6.035524"	"PrePostFVT"	"During"	"PrePostFVTDuring"	1.13042684538075	0	1.32812646390815	0.394689376814534	1	0.633599049458823	1	NA	"prevalence"	26	6
"NODE_2224_length_2870_cov_6.035524"	"PrePostFVT"	"Post"	"PrePostFVTPost"	-0.521111992630237	0	1.13920407347899	0.647358300431933	1	0.541909694704583	1	NA	"prevalence"	26	6
"NODE_223_length_48370_cov_26.409769"	"PrePostFVT"	"During"	"PrePostFVTDuring"	0.510825624486613	0	1.19323489885178	0.668577240353656	1	0.123055499568364	1	NA	"prevalence"	26	6
"NODE_223_length_48370_cov_26.409769"	"PrePostFVT"	"Post"	"PrePostFVTPost"	-22.7634499250877	0	31496.4608299867	0.999423344617584	1	0.999423344617584	1	NA	"prevalence"	26	6
"NODE_2236_length_1333_cov_10.253521"	"PrePostFVT"	"During"	"PrePostFVTDuring"	-12.7115157508129	0	482.71893440669	0.978991604872217	1	0.978991604872217	1	NA	"prevalence"	26	3
"NODE_2236_length_1333_cov_10.253521"	"PrePostFVT"	"Post"	"PrePostFVTPost"	-1.30258396445059	0	1.34397248469792	0.332443246326448	1	0.332443246326448	1	NA	"prevalence"	26	3
"NODE_2237_length_2656_cov_5.000384"	"PrePostFVT"	"During"	"PrePostFVTDuring"	1.94596170165069	0	1.46386680929471	0.183739202876319	1	0.333718311079013	1	NA	"prevalence"	26	5
"NODE_2237_length_2656_cov_5.000384"	"PrePostFVT"	"Post"	"PrePostFVTPost"	0.336560455750289	0	1.32018712456308	0.79877415072814	1	0.109176747470265	1	NA	"prevalence"	26	5
"NODE_2238_length_2860_cov_3.888057"	"PrePostFVT"	"During"	"PrePostFVTDuring"	2.9895345484243	0	2.25619646071639	0.185160238149802	1	0.185160238149802	1	NA	"prevalence"	26	4
"NODE_2238_length_2860_cov_3.888057"	"PrePostFVT"	"Post"	"PrePostFVTPost"	-0.577162149222915	0	1.69815781337742	0.733950326105576	1	0.733950326105576	1	NA	"prevalence"	26	4
"NODE_2244_length_1328_cov_28.197958"	"PrePostFVT"	"During"	"PrePostFVTDuring"	6.59167363383922	0	13.5378872959924	0.626325204196751	1	0.8603671469814	1	NA	"prevalence"	26	10
"NODE_2244_length_1328_cov_28.197958"	"PrePostFVT"	"Post"	"PrePostFVTPost"	-1.44691897981638	0	1.02002040937223	0.156039109989033	1	0.287730016131897	1	NA	"prevalence"	26	10
"NODE_2263_length_3069_cov_20.793298"	"PrePostFVT"	"During"	"PrePostFVTDuring"	12.390951523722	0	639.688557820825	0.984545712790645	1	0.997608948020118	1	NA	"prevalence"	26	25
"NODE_2263_length_3069_cov_20.793298"	"PrePostFVT"	"Post"	"PrePostFVTPost"	12.8661483041099	0	460.837144274907	0.977726692109118	1	0.796447234349627	1	NA	"prevalence"	26	25
"NODE_2269_length_1480_cov_4.322807"	"PrePostFVT"	"During"	"PrePostFVTDuring"	6.59167302241681	0	13.5367047321598	0.626295091478579	1	0.860344641346997	1	NA	"prevalence"	26	12
"NODE_2269_length_1480_cov_4.322807"	"PrePostFVT"	"Post"	"PrePostFVTPost"	-0.640037355082709	0	0.93201473826906	0.492256354950217	1	0.590837287045976	1	NA	"prevalence"	26	12
"NODE_2269_length_2821_cov_4.664497"	"PrePostFVT"	"During"	"PrePostFVTDuring"	13.2085195177974	0	263.30275147544	0.959991093073165	1	0.959991093073165	1	NA	"prevalence"	26	5
"NODE_2269_length_2821_cov_4.664497"	"PrePostFVT"	"Post"	"PrePostFVTPost"	12.1097632765974	0	263.301720891168	0.9633166549075	1	0.9633166549075	1	NA	"prevalence"	26	5
"NODE_2273_length_2598_cov_6.685804"	"PrePostFVT"	"During"	"PrePostFVTDuring"	-0.510825556561704	0	1.23827846415816	0.679951859530743	1	0.64424586221946	1	NA	"prevalence"	26	10
"NODE_2273_length_2598_cov_6.685804"	"PrePostFVT"	"Post"	"PrePostFVTPost"	-1.60943733287412	0	0.988826146796607	0.103604601674343	1	0.196475289860586	1	NA	"prevalence"	26	10
"NODE_2281_length_1616_cov_6.754644"	"PrePostFVT"	"During"	"PrePostFVTDuring"	3.29583610627301	0	2.15165672190275	0.125580017375727	1	0.125580017375727	1	NA	"prevalence"	26	2
"NODE_2281_length_1616_cov_6.754644"	"PrePostFVT"	"Post"	"PrePostFVTPost"	0	0	2.45954824585404	1	1	1	1	NA	"prevalence"	26	2
"NODE_2288_length_2197_cov_6.152194"	"PrePostFVT"	"During"	"PrePostFVTDuring"	0.511203577458523	0	1.2382802731949	0.679728606547408	1	0.0879947367749561	1	NA	"prevalence"	26	7
"NODE_2288_length_2197_cov_6.152194"	"PrePostFVT"	"Post"	"PrePostFVTPost"	-1.09863972702319	0	1.06459428909795	0.302081613297893	1	0.121981563268394	1	NA	"prevalence"	26	7
"NODE_2289_length_2513_cov_5.871440"	"PrePostFVT"	"During"	"PrePostFVTDuring"	6.59167369933409	0	13.5367043419628	0.626295046092987	1	0.304624934844946	1	NA	"prevalence"	26	15
"NODE_2289_length_2513_cov_5.871440"	"PrePostFVT"	"Post"	"PrePostFVTPost"	-8.59101150007558e-17	0	0.912870929177502	1	1	0.423403076488105	1	NA	"prevalence"	26	15
"NODE_2291_length_2512_cov_5.264550"	"PrePostFVT"	"During"	"PrePostFVTDuring"	1.17233532859784	0	1.37287721051085	0.393146079758868	1	0.508266754571712	1	NA	"prevalence"	26	11
"NODE_2291_length_2512_cov_5.264550"	"PrePostFVT"	"Post"	"PrePostFVTPost"	-0.7140047148746	0	0.936831104146224	0.44597119172664	1	0.638465552050229	1	NA	"prevalence"	26	11
"NODE_2297_length_1338_cov_4.257989"	"PrePostFVT"	"During"	"PrePostFVTDuring"	12.390951523722	0	639.688557820825	0.984545712790645	1	0.914123369739379	1	NA	"prevalence"	26	25
"NODE_2297_length_1338_cov_4.257989"	"PrePostFVT"	"Post"	"PrePostFVTPost"	12.8661483041099	0	460.837144274907	0.977726692109118	1	0.314635770101745	1	NA	"prevalence"	26	25
"NODE_2307_length_3029_cov_16.683591"	"PrePostFVT"	"During"	"PrePostFVTDuring"	-2.2133647507426	0	2.12275828616638	0.297094965252955	1	0.505924512127256	1	NA	"prevalence"	26	7
"NODE_2307_length_3029_cov_16.683591"	"PrePostFVT"	"Post"	"PrePostFVTPost"	-3.21292925547366	0	2.02256371178152	0.112163624782188	1	0.211746570840097	1	NA	"prevalence"	26	7
"NODE_231_length_47332_cov_15.070605"	"PrePostFVT"	"During"	"PrePostFVTDuring"	-0.510736178731004	0	1.23827574594523	0.680004089720598	1	0.897602617404457	1	NA	"prevalence"	26	10
"NODE_231_length_47332_cov_15.070605"	"PrePostFVT"	"Post"	"PrePostFVTPost"	-2.12021113697329	0	1.06457633800833	0.0464148703258443	1	0.0386431504446338	1	NA	"prevalence"	26	10
"NODE_2315_length_1592_cov_4.810020"	"PrePostFVT"	"During"	"PrePostFVTDuring"	-1.20118623168723e-13	0	3.29982160492997	0.999999999999971	1	0.999999999999971	1	NA	"prevalence"	26	3
"NODE_2315_length_1592_cov_4.810020"	"PrePostFVT"	"Post"	"PrePostFVTPost"	1.84891755143229	0	2.04206871852044	0.365246115976955	1	0.365246115976955	1	NA	"prevalence"	26	3
"NODE_2317_length_1568_cov_6.822868"	"PrePostFVT"	"During"	"PrePostFVTDuring"	6.5916730224168	0	13.5367047310591	0.62629509145052	1	0.860344641326025	1	NA	"prevalence"	26	12
"NODE_2317_length_1568_cov_6.822868"	"PrePostFVT"	"Post"	"PrePostFVTPost"	-0.640037355082709	0	0.932014734069063	0.492256352999724	1	0.742196388930859	1	NA	"prevalence"	26	12
"NODE_2320_length_2772_cov_4.598822"	"PrePostFVT"	"During"	"PrePostFVTDuring"	1.94591435844819	0	1.46385374745435	0.183745956719867	1	0.183745956719867	1	NA	"prevalence"	26	6
"NODE_2320_length_2772_cov_4.598822"	"PrePostFVT"	"Post"	"PrePostFVTPost"	0.84731064267967	0	1.25988565235072	0.501246477007133	1	0.501246477007133	1	NA	"prevalence"	26	6
"NODE_2327_length_2704_cov_11.934315"	"PrePostFVT"	"During"	"PrePostFVTDuring"	4.58062647013003	0	8.23492358408374	0.578044094066845	1	0.248304180112356	1	NA	"prevalence"	26	19
"NODE_2327_length_2704_cov_11.934315"	"PrePostFVT"	"Post"	"PrePostFVTPost"	4.21571240841037e-15	0	1.03069463137639	0.999999999999997	1	0.195368809876811	1	NA	"prevalence"	26	19
"NODE_234_length_14417_cov_37.181381"	"PrePostFVT"	"During"	"PrePostFVTDuring"	1.94640230606829	0	1.46394981205487	0.183664817355876	1	0.183664817355876	1	NA	"prevalence"	26	3
"NODE_234_length_14417_cov_37.181381"	"PrePostFVT"	"Post"	"PrePostFVTPost"	-13.4060602813264	0	579.262656735314	0.981535951595354	1	0.981535951595354	1	NA	"prevalence"	26	3
"NODE_234_length_45717_cov_33.579234"	"PrePostFVT"	"During"	"PrePostFVTDuring"	12.0612930778208	0	174.580788608685	0.944920231401889	1	0.944920231401889	1	NA	"prevalence"	26	2
"NODE_234_length_45717_cov_33.579234"	"PrePostFVT"	"Post"	"PrePostFVTPost"	10.401521796709	0	174.594581079023	0.952493903704594	1	0.952493903704594	1	NA	"prevalence"	26	2
"NODE_2345_length_2515_cov_8.681707"	"PrePostFVT"	"During"	"PrePostFVTDuring"	1.00552186552626	0	1.29806735014485	0.4385583458512	1	0.684783268986659	1	NA	"prevalence"	26	7
"NODE_2345_length_2515_cov_8.681707"	"PrePostFVT"	"Post"	"PrePostFVTPost"	-6.13295290739678e-15	0	1.06498070127907	0.999999999999995	1	0.817973732233011	1	NA	"prevalence"	26	7
"NODE_2350_length_2684_cov_4.486877"	"PrePostFVT"	"During"	"PrePostFVTDuring"	1.17233532859783	0	1.37287710076886	0.393146041935527	1	0.485116458555257	1	NA	"prevalence"	26	11
"NODE_2350_length_2684_cov_4.486877"	"PrePostFVT"	"Post"	"PrePostFVTPost"	-0.7140047148746	0	0.936831327759137	0.445971300289393	1	0.693052199896974	1	NA	"prevalence"	26	11
"NODE_2391_length_2195_cov_9.615888"	"PrePostFVT"	"During"	"PrePostFVTDuring"	20.7259773766567	0	26425.7352716235	0.999374210954171	1	0.466860833861046	1	NA	"prevalence"	26	18
"NODE_2391_length_2195_cov_9.615888"	"PrePostFVT"	"Post"	"PrePostFVTPost"	-0.762140439869343	0	0.968201959288487	0.431181810160571	1	0.640187074922643	1	NA	"prevalence"	26	18
"NODE_2392_length_2556_cov_7.717313"	"PrePostFVT"	"During"	"PrePostFVTDuring"	11.5551776582196	0	48.6881089893374	0.812400332107453	1	0.964806364606606	1	NA	"prevalence"	26	24
"NODE_2392_length_2556_cov_7.717313"	"PrePostFVT"	"Post"	"PrePostFVTPost"	0.507737699231846	0	1.58901814942	0.749325252014625	1	0.29712328529861	1	NA	"prevalence"	26	24
"NODE_2395_length_2662_cov_10.331032"	"PrePostFVT"	"During"	"PrePostFVTDuring"	3.04454186686301	0	1.57359734038229	0.053019076800206	1	0.103227131095666	1	NA	"prevalence"	26	8
"NODE_2395_length_2662_cov_10.331032"	"PrePostFVT"	"Post"	"PrePostFVTPost"	1.25277348837758	0	1.23201754647988	0.309226164553943	1	0.522831508263144	1	NA	"prevalence"	26	8
"NODE_2416_length_2609_cov_7.559123"	"PrePostFVT"	"During"	"PrePostFVTDuring"	14.1878010587332	0	1182.41373544395	0.99042640030122	1	0.921486669462641	1	NA	"prevalence"	26	20
"NODE_2416_length_2609_cov_7.559123"	"PrePostFVT"	"Post"	"PrePostFVTPost"	0.510893090791748	0	1.12546333142326	0.649871842272706	1	0.166499281231264	1	NA	"prevalence"	26	20
"NODE_2427_length_1787_cov_2.825635"	"PrePostFVT"	"During"	"PrePostFVTDuring"	3.29583610627297	0	2.15165669676602	0.125580012958258	1	0.125580012958258	1	NA	"prevalence"	26	2
"NODE_2427_length_1787_cov_2.825635"	"PrePostFVT"	"Post"	"PrePostFVTPost"	0	0	2.45954856511716	1	1	1	1	NA	"prevalence"	26	2
"NODE_2428_length_1534_cov_4.545639"	"PrePostFVT"	"During"	"PrePostFVTDuring"	1.60936224274927	0	1.36623995647412	0.238816573336542	1	0.420599790972875	1	NA	"prevalence"	26	11
"NODE_2428_length_1534_cov_4.545639"	"PrePostFVT"	"Post"	"PrePostFVTPost"	0.174363636667109	0	0.936050651142164	0.852228439901675	1	0.794528641502629	1	NA	"prevalence"	26	11
"NODE_2435_length_2625_cov_14.320233"	"PrePostFVT"	"During"	"PrePostFVTDuring"	11.5551776582196	0	48.6881089893374	0.812400332107453	1	0.718128702261094	1	NA	"prevalence"	26	24
"NODE_2435_length_2625_cov_14.320233"	"PrePostFVT"	"Post"	"PrePostFVTPost"	0.507737699231846	0	1.58901814942	0.749325252014625	1	0.838460495868942	1	NA	"prevalence"	26	24
"NODE_244_length_13727_cov_20.945802"	"PrePostFVT"	"During"	"PrePostFVTDuring"	11.5551776582196	0	48.6881089893374	0.812400332107453	1	0.964806364606606	1	NA	"prevalence"	26	23
"NODE_244_length_13727_cov_20.945802"	"PrePostFVT"	"Post"	"PrePostFVTPost"	0.507737699231846	0	1.58901814942	0.749325252014625	1	0.125766616794356	1	NA	"prevalence"	26	23
"NODE_2460_length_2605_cov_26.049804"	"PrePostFVT"	"During"	"PrePostFVTDuring"	13.7974705231076	0	194.387663985993	0.94341435212814	1	0.915980602350303	1	NA	"prevalence"	26	22
"NODE_2460_length_2605_cov_26.049804"	"PrePostFVT"	"Post"	"PrePostFVTPost"	1.30272054446431	0	1.34412225329487	0.332446429254798	1	0.10055057892749	1	NA	"prevalence"	26	22
"NODE_249_length_15525_cov_6.736070"	"PrePostFVT"	"During"	"PrePostFVTDuring"	-14.2686605912636	0	1182.41356606678	0.990371839422405	1	0.990371839422405	1	NA	"prevalence"	26	7
"NODE_249_length_15525_cov_6.736070"	"PrePostFVT"	"Post"	"PrePostFVTPost"	1.94579359689092	0	1.2149384202964	0.109253521192481	1	0.206570710492005	1	NA	"prevalence"	26	7
"NODE_2490_length_2526_cov_4.607851"	"PrePostFVT"	"During"	"PrePostFVTDuring"	14.8644116892867	0	617.495555851836	0.980795101825997	1	0.762955952033417	1	NA	"prevalence"	26	12
"NODE_2490_length_2526_cov_4.607851"	"PrePostFVT"	"Post"	"PrePostFVTPost"	0.174236261024819	0	0.936119813425984	0.852345932471837	1	0.788371387521213	1	NA	"prevalence"	26	12
"NODE_252_length_21786_cov_7.743316|provirus_11205_21743"	"PrePostFVT"	"During"	"PrePostFVTDuring"	-11.5348222797673	0	413.759752958564	0.977759401324386	1	0.977759401324386	1	NA	"prevalence"	26	5
"NODE_252_length_21786_cov_7.743316|provirus_11205_21743"	"PrePostFVT"	"Post"	"PrePostFVTPost"	1.25274973761291	0	1.23200338646062	0.309229776303868	1	0.522836498054795	1	NA	"prevalence"	26	5
"NODE_2528_length_2034_cov_12.868621"	"PrePostFVT"	"During"	"PrePostFVTDuring"	13.7974705231076	0	194.387663985993	0.94341435212814	1	0.322087030543108	1	NA	"prevalence"	26	23
"NODE_2528_length_2034_cov_12.868621"	"PrePostFVT"	"Post"	"PrePostFVTPost"	1.30272054446431	0	1.34412225329487	0.332446429254798	1	0.554372230185331	1	NA	"prevalence"	26	23
"NODE_253_length_10761_cov_24.310854"	"PrePostFVT"	"During"	"PrePostFVTDuring"	6.59167369579604	0	13.5370004512522	0.626302594834478	1	0.526143672666202	1	NA	"prevalence"	26	11
"NODE_253_length_10761_cov_24.310854"	"PrePostFVT"	"Post"	"PrePostFVTPost"	-1.00552186549606	0	0.961733931321941	0.295777992258699	1	0.0034615495419353	1	NA	"prevalence"	26	11
"NODE_253_length_8024_cov_6.829590"	"PrePostFVT"	"During"	"PrePostFVTDuring"	11.5551776582196	0	48.6881089893374	0.812400332107453	1	0.95363328078135	1	NA	"prevalence"	26	24
"NODE_253_length_8024_cov_6.829590"	"PrePostFVT"	"Post"	"PrePostFVTPost"	0.507737699231846	0	1.58901814942	0.749325252014625	1	0.768090000847678	1	NA	"prevalence"	26	24
"NODE_2530_length_2547_cov_6.221108"	"PrePostFVT"	"During"	"PrePostFVTDuring"	0.511203577458523	0	1.2382802731949	0.679728606547408	1	0.497027413118605	1	NA	"prevalence"	26	7
"NODE_2530_length_2547_cov_6.221108"	"PrePostFVT"	"Post"	"PrePostFVTPost"	-1.09863972702319	0	1.06459428909795	0.302081613297893	1	0.512909925503128	1	NA	"prevalence"	26	7
"NODE_2534_length_1967_cov_5.160565"	"PrePostFVT"	"During"	"PrePostFVTDuring"	3.29583610627301	0	2.15165672190275	0.125580017375727	1	0.125580017375727	1	NA	"prevalence"	26	2
"NODE_2534_length_1967_cov_5.160565"	"PrePostFVT"	"Post"	"PrePostFVTPost"	0	0	2.45954824585404	1	1	1	1	NA	"prevalence"	26	2
"NODE_2552_length_1347_cov_3.110681"	"PrePostFVT"	"During"	"PrePostFVTDuring"	-1.20118623168723e-13	0	3.29982160492997	0.999999999999971	1	0.999999999999971	1	NA	"prevalence"	26	2
"NODE_2552_length_1347_cov_3.110681"	"PrePostFVT"	"Post"	"PrePostFVTPost"	1.84891755143229	0	2.04206871852044	0.365246115976955	1	0.365246115976955	1	NA	"prevalence"	26	2
"NODE_2559_length_1942_cov_4.955485"	"PrePostFVT"	"During"	"PrePostFVTDuring"	-0.510997008931145	0	1.23828172541797	0.679851195024644	1	0.619371068644268	1	NA	"prevalence"	26	12
"NODE_2559_length_1942_cov_4.955485"	"PrePostFVT"	"Post"	"PrePostFVTPost"	-0.847360909690737	0	0.936055025749268	0.365334600822312	1	0.177779220522541	1	NA	"prevalence"	26	12
"NODE_2562_length_1651_cov_5.389724"	"PrePostFVT"	"During"	"PrePostFVTDuring"	1.09844675739388	0	1.29097109913314	0.394842355370931	1	0.606583562661966	1	NA	"prevalence"	26	10
"NODE_2562_length_1651_cov_5.389724"	"PrePostFVT"	"Post"	"PrePostFVTPost"	1.0982907083879	0	0.999969497993889	0.272062944157899	1	0.120221564733729	1	NA	"prevalence"	26	10
"NODE_259_length_15570_cov_23.236932"	"PrePostFVT"	"During"	"PrePostFVTDuring"	13.4759352829845	0	724.077804536892	0.985151291821846	1	0.963364823278658	1	NA	"prevalence"	26	17
"NODE_259_length_15570_cov_23.236932"	"PrePostFVT"	"Post"	"PrePostFVTPost"	-1.09871163879911	0	1.00001552439722	0.271901306503532	1	0.200283016816139	1	NA	"prevalence"	26	17
"NODE_2591_length_2948_cov_11.896647"	"PrePostFVT"	"During"	"PrePostFVTDuring"	-0.877120303061073	0	1.60563468924474	0.584875971021323	1	0.180900637372115	1	NA	"prevalence"	26	17
"NODE_2591_length_2948_cov_11.896647"	"PrePostFVT"	"Post"	"PrePostFVTPost"	-2.03859409277285	0	1.2838734051613	0.112321018455185	1	0.21202602572356	1	NA	"prevalence"	26	17
"NODE_2595_length_2506_cov_4.128519"	"PrePostFVT"	"During"	"PrePostFVTDuring"	1.94586742321312	0	1.46383778475141	0.183751750212367	1	0.160320939281931	1	NA	"prevalence"	26	7
"NODE_2595_length_2506_cov_4.128519"	"PrePostFVT"	"Post"	"PrePostFVTPost"	1.25273564435794	0	1.23199807315215	0.309233132542797	1	0.522841134823363	1	NA	"prevalence"	26	7
"NODE_2601_length_2732_cov_10.304072"	"PrePostFVT"	"During"	"PrePostFVTDuring"	2.19738556467708	0	1.41425739980149	0.120246907877283	1	0.226034496900517	1	NA	"prevalence"	26	9
"NODE_2601_length_2732_cov_10.304072"	"PrePostFVT"	"Post"	"PrePostFVTPost"	0.405358090413306	0	1.02061629001247	0.691242162084908	1	0.275430305549602	1	NA	"prevalence"	26	9
"NODE_2605_length_1682_cov_3.442532"	"PrePostFVT"	"During"	"PrePostFVTDuring"	-5.85673306959517e-07	0	1.58970245831765	0.999999706045816	1	0.999999999959884	1	NA	"prevalence"	26	4
"NODE_2605_length_1682_cov_3.442532"	"PrePostFVT"	"Post"	"PrePostFVTPost"	-1.53941073318541	0	1.481999803812	0.298926219812904	1	0.508495554734175	1	NA	"prevalence"	26	4
"NODE_2608_length_2724_cov_13.636193"	"PrePostFVT"	"During"	"PrePostFVTDuring"	13.7974705231076	0	194.387663985993	0.94341435212814	1	0.935645151751406	1	NA	"prevalence"	26	22
"NODE_2608_length_2724_cov_13.636193"	"PrePostFVT"	"Post"	"PrePostFVTPost"	1.30272054446431	0	1.34412225329487	0.332446429254798	1	0.142232573234601	1	NA	"prevalence"	26	22
"NODE_2617_length_1899_cov_4.373102"	"PrePostFVT"	"During"	"PrePostFVTDuring"	2.19709173021002	0	1.41418334955361	0.12027707818916	1	0.226087580840599	1	NA	"prevalence"	26	6
"NODE_2617_length_1899_cov_4.373102"	"PrePostFVT"	"Post"	"PrePostFVTPost"	-1.29924880355274	0	1.32572456848078	0.327071699496636	1	0.502227901818966	1	NA	"prevalence"	26	6
"NODE_2629_length_2708_cov_15.615530"	"PrePostFVT"	"During"	"PrePostFVTDuring"	11.5551776582196	0	48.6881089893374	0.812400332107453	1	0.943641101327031	1	NA	"prevalence"	26	24
"NODE_2629_length_2708_cov_15.615530"	"PrePostFVT"	"Post"	"PrePostFVTPost"	0.507737699231846	0	1.58901814942	0.749325252014625	1	0.374886747251128	1	NA	"prevalence"	26	24
"NODE_264_length_3553_cov_349.182962"	"PrePostFVT"	"During"	"PrePostFVTDuring"	-12.5465154548502	0	713.022904722619	0.985960963757591	1	0.985960963757591	1	NA	"prevalence"	26	3
"NODE_264_length_3553_cov_349.182962"	"PrePostFVT"	"Post"	"PrePostFVTPost"	-14.0409139325286	0	803.292210509115	0.986054317641261	1	0.986054317641261	1	NA	"prevalence"	26	3
"NODE_264_length_9822_cov_108.515716"	"PrePostFVT"	"During"	"PrePostFVTDuring"	-7.84933577142152e-14	0	3.29982695909517	0.999999999999981	1	0.999999999999981	1	NA	"prevalence"	26	2
"NODE_264_length_9822_cov_108.515716"	"PrePostFVT"	"Post"	"PrePostFVTPost"	1.84891755143231	0	2.04207397161045	0.365247349420622	1	0.365247349420622	1	NA	"prevalence"	26	2
"NODE_2645_length_1971_cov_15.283403"	"PrePostFVT"	"During"	"PrePostFVTDuring"	1.60943702772664	0	1.36625802989749	0.238800963169681	1	0.240707075979654	1	NA	"prevalence"	26	8
"NODE_2645_length_1971_cov_15.283403"	"PrePostFVT"	"Post"	"PrePostFVTPost"	-1.09859882265666	0	1.06458036572377	0.302093290538822	1	0.385185885885794	1	NA	"prevalence"	26	8
"NODE_2646_length_1322_cov_3.449882"	"PrePostFVT"	"During"	"PrePostFVTDuring"	2.42987296501389	0	2.0873855526445	0.244393691241808	1	0.244393691241808	1	NA	"prevalence"	26	3
"NODE_2646_length_1322_cov_3.449882"	"PrePostFVT"	"Post"	"PrePostFVTPost"	-11.8542592942054	0	258.028042808023	0.96335667927501	1	0.96335667927501	1	NA	"prevalence"	26	3
"NODE_2649_length_2878_cov_6.199433"	"PrePostFVT"	"During"	"PrePostFVTDuring"	0.510507104672296	0	1.23825467497055	0.680134521405855	1	0.555759509925921	1	NA	"prevalence"	26	9
"NODE_2649_length_2878_cov_6.199433"	"PrePostFVT"	"Post"	"PrePostFVTPost"	-0.182570277259028	0	0.953021789913441	0.848079131744607	1	0.542837716195792	1	NA	"prevalence"	26	9
"NODE_265_length_40929_cov_8.278955|provirus_10946_19741"	"PrePostFVT"	"During"	"PrePostFVTDuring"	1.09876691799324	0	1.29100459612592	0.394716857512171	1	0.633632317420059	1	NA	"prevalence"	26	6
"NODE_265_length_40929_cov_8.278955|provirus_10946_19741"	"PrePostFVT"	"Post"	"PrePostFVTPost"	-0.510740400276596	0	1.12547268012488	0.649972209261066	1	0.877480545710421	1	NA	"prevalence"	26	6
"NODE_266_length_13446_cov_8.802479"	"PrePostFVT"	"During"	"PrePostFVTDuring"	11.5551776582196	0	48.6881089893374	0.812400332107453	1	0.909725939785607	1	NA	"prevalence"	26	23
"NODE_266_length_13446_cov_8.802479"	"PrePostFVT"	"Post"	"PrePostFVTPost"	0.507737699231846	0	1.58901814942	0.749325252014625	1	0.558397717991241	1	NA	"prevalence"	26	23
"NODE_266_length_18584_cov_177.325760"	"PrePostFVT"	"During"	"PrePostFVTDuring"	0.774320107538209	0	1.59665643846953	0.627702231374527	1	0.180471717562363	1	NA	"prevalence"	26	8
"NODE_266_length_18584_cov_177.325760"	"PrePostFVT"	"Post"	"PrePostFVTPost"	-13.006562242605	0	78.1360606612005	0.867794621093914	1	0.867794621093914	1	NA	"prevalence"	26	8
"NODE_2674_length_2654_cov_15.941901"	"PrePostFVT"	"During"	"PrePostFVTDuring"	4.58062647013004	0	8.2349898435987	0.578047153240578	1	0.821955795111619	1	NA	"prevalence"	26	20
"NODE_2674_length_2654_cov_15.941901"	"PrePostFVT"	"Post"	"PrePostFVTPost"	4.76320752638574e-15	0	1.03069458699721	0.999999999999996	1	0.115588142111799	1	NA	"prevalence"	26	20
"NODE_2679_length_1284_cov_2.926770"	"PrePostFVT"	"During"	"PrePostFVTDuring"	12.0918656439411	0	173.79507056417	0.944531598698197	1	0.944531598698197	1	NA	"prevalence"	26	2
"NODE_2679_length_1284_cov_2.926770"	"PrePostFVT"	"Post"	"PrePostFVTPost"	10.4318445323568	0	173.809058383266	0.952140508309768	1	0.952140508309768	1	NA	"prevalence"	26	2
"NODE_272_length_6801_cov_41.752298"	"PrePostFVT"	"During"	"PrePostFVTDuring"	-1.20118623168723e-13	0	3.29982160492997	0.999999999999971	1	0.999999999999971	1	NA	"prevalence"	26	4
"NODE_272_length_6801_cov_41.752298"	"PrePostFVT"	"Post"	"PrePostFVTPost"	1.84891755143229	0	2.04206871852044	0.365246115976955	1	0.365246115976955	1	NA	"prevalence"	26	4
"NODE_273_length_6498_cov_6.629986"	"PrePostFVT"	"During"	"PrePostFVTDuring"	11.5551776582196	0	48.6881089893374	0.812400332107453	1	0.964806364606606	1	NA	"prevalence"	26	24
"NODE_273_length_6498_cov_6.629986"	"PrePostFVT"	"Post"	"PrePostFVTPost"	0.507737699231846	0	1.58901814942	0.749325252014625	1	0.867500414369402	1	NA	"prevalence"	26	24
"NODE_274_length_6768_cov_241.150305"	"PrePostFVT"	"During"	"PrePostFVTDuring"	0	0	3.29983159940275	1	1	1	1	NA	"prevalence"	26	4
"NODE_274_length_6768_cov_241.150305"	"PrePostFVT"	"Post"	"PrePostFVTPost"	2.6557995107584	0	1.99957236760535	0.184117413793036	1	0.184117413793036	1	NA	"prevalence"	26	4
"NODE_2752_length_1027_cov_22.139918"	"PrePostFVT"	"During"	"PrePostFVTDuring"	15.2040001395371	0	836.092932999202	0.985491602729433	1	0.996214009670865	1	NA	"prevalence"	26	10
"NODE_2752_length_1027_cov_22.139918"	"PrePostFVT"	"Post"	"PrePostFVTPost"	-0.58770240065549	0	0.988835333311548	0.552286076759347	1	0.799552242936463	1	NA	"prevalence"	26	10
"NODE_276_length_13170_cov_54.100343"	"PrePostFVT"	"During"	"PrePostFVTDuring"	14.0165928778683	0	803.292585757602	0.986078477788994	1	0.986078477788994	1	NA	"prevalence"	26	7
"NODE_276_length_13170_cov_54.100343"	"PrePostFVT"	"Post"	"PrePostFVTPost"	14.7786642276243	0	803.29193825621	0.985321646719028	1	0.985321646719028	1	NA	"prevalence"	26	7
"NODE_277_length_17415_cov_84.582488"	"PrePostFVT"	"During"	"PrePostFVTDuring"	1.94616030698063	0	1.46388548184454	0.183700057348321	1	0.293521353617624	1	NA	"prevalence"	26	5
"NODE_277_length_17415_cov_84.582488"	"PrePostFVT"	"Post"	"PrePostFVTPost"	0.337081572732156	0	1.32013929133713	0.798462142513317	1	0.514428115233492	1	NA	"prevalence"	26	5
"NODE_277_length_7921_cov_10.657513"	"PrePostFVT"	"During"	"PrePostFVTDuring"	11.5551776582196	0	48.6881089893374	0.812400332107453	1	0.916428523899506	1	NA	"prevalence"	26	23
"NODE_277_length_7921_cov_10.657513"	"PrePostFVT"	"Post"	"PrePostFVTPost"	0.507737699231846	0	1.58901814942	0.749325252014625	1	0.937162170722469	1	NA	"prevalence"	26	23
"NODE_2778_length_1596_cov_3.332901"	"PrePostFVT"	"During"	"PrePostFVTDuring"	2.5365640342023e-14	0	1.40764886991987	0.999999999999986	1	0.184354802224603	1	NA	"prevalence"	26	15
"NODE_2778_length_1596_cov_3.332901"	"PrePostFVT"	"Post"	"PrePostFVTPost"	-1.00552186557658	0	0.997139006027726	0.313259156207671	1	0.5283870134674	1	NA	"prevalence"	26	15
"NODE_28_length_164425_cov_74.042416|provirus_29_45282"	"PrePostFVT"	"During"	"PrePostFVTDuring"	11.5551776582196	0	48.6881089893374	0.812400332107453	1	0.964806364606606	1	NA	"prevalence"	26	24
"NODE_28_length_164425_cov_74.042416|provirus_29_45282"	"PrePostFVT"	"Post"	"PrePostFVTPost"	0.507737699231846	0	1.58901814942	0.749325252014625	1	0.680823601804492	1	NA	"prevalence"	26	24
"NODE_2805_length_2358_cov_3.557968"	"PrePostFVT"	"During"	"PrePostFVTDuring"	1.94591339627008	0	1.46385222593627	0.18374571783131	1	0.18374571783131	1	NA	"prevalence"	26	4
"NODE_2805_length_2358_cov_3.557968"	"PrePostFVT"	"Post"	"PrePostFVTPost"	-0.451948153893739	0	1.4945722454334	0.762352506191941	1	0.762352506191941	1	NA	"prevalence"	26	4
"NODE_281_length_12466_cov_5.775038"	"PrePostFVT"	"During"	"PrePostFVTDuring"	11.5551776582196	0	48.6881089893374	0.812400332107453	1	0.892775708973148	1	NA	"prevalence"	26	23
"NODE_281_length_12466_cov_5.775038"	"PrePostFVT"	"Post"	"PrePostFVTPost"	0.507737699231846	0	1.58901814942	0.749325252014625	1	0.678409749057029	1	NA	"prevalence"	26	23
"NODE_281_length_6882_cov_6.653288"	"PrePostFVT"	"During"	"PrePostFVTDuring"	11.5551776582196	0	48.6881089893374	0.812400332107453	1	0.86840292470175	1	NA	"prevalence"	26	23
"NODE_281_length_6882_cov_6.653288"	"PrePostFVT"	"Post"	"PrePostFVTPost"	0.507737699231846	0	1.58901814942	0.749325252014625	1	0.825419869718089	1	NA	"prevalence"	26	23
"NODE_2822_length_1727_cov_3.586722"	"PrePostFVT"	"During"	"PrePostFVTDuring"	12.0791050042526	0	174.740728030066	0.944889428290335	1	0.944889428290335	1	NA	"prevalence"	26	2
"NODE_2822_length_1727_cov_3.586722"	"PrePostFVT"	"Post"	"PrePostFVTPost"	10.4193020305303	0	174.754724240846	0.952456350319935	1	0.952456350319935	1	NA	"prevalence"	26	2
"NODE_284_length_24493_cov_8.915378|provirus_641_11254"	"PrePostFVT"	"During"	"PrePostFVTDuring"	11.4367084338964	0	394.139141199778	0.97685108695194	1	0.648069823024542	1	NA	"prevalence"	26	21
"NODE_284_length_24493_cov_8.915378|provirus_641_11254"	"PrePostFVT"	"Post"	"PrePostFVTPost"	-0.336539952364333	0	1.32019227043666	0.798786913681343	1	0.941045748519876	1	NA	"prevalence"	26	21
"NODE_286_length_13153_cov_47.017331"	"PrePostFVT"	"During"	"PrePostFVTDuring"	11.5551776582196	0	48.6881089893374	0.812400332107453	1	0.811026635838456	1	NA	"prevalence"	26	23
"NODE_286_length_13153_cov_47.017331"	"PrePostFVT"	"Post"	"PrePostFVTPost"	0.507737699231846	0	1.58901814942	0.749325252014625	1	0.291612476824293	1	NA	"prevalence"	26	23
"NODE_2863_length_2659_cov_6.516129"	"PrePostFVT"	"During"	"PrePostFVTDuring"	-0.847091417742162	0	1.57360049311493	0.590360181531738	1	0.174671940453179	1	NA	"prevalence"	26	18
"NODE_2863_length_2659_cov_6.516129"	"PrePostFVT"	"Post"	"PrePostFVTPost"	-1.60932310187927	0	1.21887467916988	0.186723139491732	1	0.192714578376608	1	NA	"prevalence"	26	18
"NODE_2865_length_2657_cov_17.344350"	"PrePostFVT"	"During"	"PrePostFVTDuring"	-12.5975394332368	0	191.396111819743	0.947521768036098	1	0.274870974424997	1	NA	"prevalence"	26	15
"NODE_2865_length_2657_cov_17.344350"	"PrePostFVT"	"Post"	"PrePostFVTPost"	-12.9334700169739	0	191.394406494504	0.946123986129992	1	0.738738841084661	1	NA	"prevalence"	26	15
"NODE_292_length_47089_cov_379.804461|provirus_45_28630"	"PrePostFVT"	"During"	"PrePostFVTDuring"	14.6860482618678	0	774.071383089896	0.984863064978988	1	0.191530360945997	1	NA	"prevalence"	26	15
"NODE_292_length_47089_cov_379.804461|provirus_45_28630"	"PrePostFVT"	"Post"	"PrePostFVTPost"	-0.510872172240693	0	0.930944242238351	0.583164848612841	1	0.0603218990638179	1	NA	"prevalence"	26	15
"NODE_294_length_12938_cov_7.822712"	"PrePostFVT"	"During"	"PrePostFVTDuring"	11.5551776582196	0	48.6881089893374	0.812400332107453	1	0.875085860952968	1	NA	"prevalence"	26	23
"NODE_294_length_12938_cov_7.822712"	"PrePostFVT"	"Post"	"PrePostFVTPost"	0.507737699231846	0	1.58901814942	0.749325252014625	1	0.808335239381157	1	NA	"prevalence"	26	23
"NODE_2942_length_1160_cov_4.734842"	"PrePostFVT"	"During"	"PrePostFVTDuring"	12.6136344549163	0	152.659944080951	0.93414916699191	1	0.93414916699191	1	NA	"prevalence"	26	3
"NODE_2942_length_1160_cov_4.734842"	"PrePostFVT"	"Post"	"PrePostFVTPost"	9.77777183976321	0	152.652034453136	0.948928280704194	1	0.948928280704194	1	NA	"prevalence"	26	3
"NODE_295_length_14834_cov_25.013194"	"PrePostFVT"	"During"	"PrePostFVTDuring"	1.60945212731135	0	1.36626144853316	0.238797732277266	1	0.412992566363182	1	NA	"prevalence"	26	12
"NODE_295_length_14834_cov_25.013194"	"PrePostFVT"	"Post"	"PrePostFVTPost"	0.174371281779151	0	0.936051599650161	0.852222183358931	1	0.0938591259886227	1	NA	"prevalence"	26	12
"NODE_295_length_27982_cov_394.127905"	"PrePostFVT"	"During"	"PrePostFVTDuring"	10.4203176191901	0	241.361425071282	0.96556355914905	1	0.964216703083005	1	NA	"prevalence"	26	22
"NODE_295_length_27982_cov_394.127905"	"PrePostFVT"	"Post"	"PrePostFVTPost"	-0.847338716887866	0	1.25989884224438	0.501236777041975	1	0.503682363807593	1	NA	"prevalence"	26	22
"NODE_296_length_13554_cov_17.365138"	"PrePostFVT"	"During"	"PrePostFVTDuring"	11.5551776582196	0	48.6881089893374	0.812400332107453	1	0.940133228317271	1	NA	"prevalence"	26	24
"NODE_296_length_13554_cov_17.365138"	"PrePostFVT"	"Post"	"PrePostFVTPost"	0.507737699231846	0	1.58901814942	0.749325252014625	1	0.937162170722469	1	NA	"prevalence"	26	24
"NODE_2968_length_1767_cov_7.109813"	"PrePostFVT"	"During"	"PrePostFVTDuring"	-2.10227341509819e-15	0	1.38282102073968	0.999999999999999	1	0.113214010474318	1	NA	"prevalence"	26	13
"NODE_2968_length_1767_cov_7.109813"	"PrePostFVT"	"Post"	"PrePostFVTPost"	-1.64555922079059	0	1.00302046365386	0.10087967808687	1	0.191582646722828	1	NA	"prevalence"	26	13
"NODE_2971_length_1148_cov_1.535224"	"PrePostFVT"	"During"	"PrePostFVTDuring"	2.29031442733426	0	2.21459191879311	0.301046163953988	1	0.301046163953988	1	NA	"prevalence"	26	2
"NODE_2971_length_1148_cov_1.535224"	"PrePostFVT"	"Post"	"PrePostFVTPost"	-2.49199930893118e-15	0	2.45954689785609	0.999999999999999	1	0.999999999999999	1	NA	"prevalence"	26	2
"NODE_2985_length_1477_cov_5.940225"	"PrePostFVT"	"During"	"PrePostFVTDuring"	1.09853252829229	0	1.29099061671293	0.394812592315604	1	0.633748201580241	1	NA	"prevalence"	26	6
"NODE_2985_length_1477_cov_5.940225"	"PrePostFVT"	"Post"	"PrePostFVTPost"	-1.29919951694532	0	1.32569338836038	0.327078673113221	1	0.547176887820937	1	NA	"prevalence"	26	6
"NODE_299_length_10882_cov_30.015147"	"PrePostFVT"	"During"	"PrePostFVTDuring"	4.04121180963559e-14	0	16.5567388404407	0.999999999999998	1	0.999999999999998	1	NA	"prevalence"	26	2
"NODE_299_length_10882_cov_30.015147"	"PrePostFVT"	"Post"	"PrePostFVTPost"	4.34056083257155e-14	0	12.3406658937263	0.999999999999997	1	0.999999999999997	1	NA	"prevalence"	26	2
"NODE_299_length_12840_cov_7.627063"	"PrePostFVT"	"During"	"PrePostFVTDuring"	13.2391151411927	0	591.207128126152	0.982134175511618	1	0.671875955864164	1	NA	"prevalence"	26	17
"NODE_299_length_12840_cov_7.627063"	"PrePostFVT"	"Post"	"PrePostFVTPost"	-1.43506602272688	0	1.00475128021099	0.153211320958485	1	0.282948933047127	1	NA	"prevalence"	26	17
"NODE_300_length_10875_cov_215.011368"	"PrePostFVT"	"During"	"PrePostFVTDuring"	-11.6887774151538	0	457.947954043315	0.979636807217017	1	0.979636807217017	1	NA	"prevalence"	26	4
"NODE_300_length_10875_cov_215.011368"	"PrePostFVT"	"Post"	"PrePostFVTPost"	-0.451965307269436	0	1.49457033891721	0.762343464020004	1	0.762343464020004	1	NA	"prevalence"	26	4
"NODE_3011_length_1635_cov_5.785443"	"PrePostFVT"	"During"	"PrePostFVTDuring"	-0.58776889421648	0	1.36625753964014	0.667047553007084	1	0.88914266804143	1	NA	"prevalence"	26	9
"NODE_3011_length_1635_cov_5.785443"	"PrePostFVT"	"Post"	"PrePostFVTPost"	0.174361162786607	0	0.936050341566332	0.852230464046722	1	0.693610317036463	1	NA	"prevalence"	26	9
"NODE_3013_length_1764_cov_13.636044"	"PrePostFVT"	"During"	"PrePostFVTDuring"	2.36898225346436	0	1.45560679416931	0.103633544275122	1	0.0855631026212249	1	NA	"prevalence"	26	9
"NODE_3013_length_1764_cov_13.636044"	"PrePostFVT"	"Post"	"PrePostFVTPost"	7.66583846810091e-16	0	1.05891022853061	1	1	0.920058322431639	1	NA	"prevalence"	26	9
"NODE_303_length_11603_cov_19.569363"	"PrePostFVT"	"During"	"PrePostFVTDuring"	13.7974705231076	0	194.387663985993	0.94341435212814	1	0.400750599409626	1	NA	"prevalence"	26	23
"NODE_303_length_11603_cov_19.569363"	"PrePostFVT"	"Post"	"PrePostFVTPost"	1.30272054446431	0	1.34412225329487	0.332446429254798	1	0.554372230185331	1	NA	"prevalence"	26	23
"NODE_3039_length_1648_cov_3.305712"	"PrePostFVT"	"During"	"PrePostFVTDuring"	1.17233532857163	0	1.37287789051207	0.393146314136535	1	0.0176909039929922	1	NA	"prevalence"	26	10
"NODE_3039_length_1648_cov_3.305712"	"PrePostFVT"	"Post"	"PrePostFVTPost"	-1.17233532857163	0	0.98061197384022	0.231886275555531	1	0.2164171930568	1	NA	"prevalence"	26	10
"NODE_304_length_11539_cov_7.449408"	"PrePostFVT"	"During"	"PrePostFVTDuring"	12.7493899540202	0	144.102135650575	0.929499409962618	1	0.808079669064515	1	NA	"prevalence"	26	19
"NODE_304_length_11539_cov_7.449408"	"PrePostFVT"	"Post"	"PrePostFVTPost"	-1.12118041939499e-07	0	1.07407967046149	0.999999916712645	1	0.260534846833453	1	NA	"prevalence"	26	19
"NODE_3049_length_1449_cov_3.841463"	"PrePostFVT"	"During"	"PrePostFVTDuring"	13.0176743770491	0	240.943266720851	0.956912883941042	1	0.956912883941042	1	NA	"prevalence"	26	3
"NODE_3049_length_1449_cov_3.841463"	"PrePostFVT"	"Post"	"PrePostFVTPost"	10.6199946462384	0	240.943518948927	0.964843267274548	1	0.964843267274548	1	NA	"prevalence"	26	3
"NODE_3059_length_1111_cov_5.649621"	"PrePostFVT"	"During"	"PrePostFVTDuring"	1.94595085318786	0	1.46385552078914	0.183738266247014	1	0.0774244016304638	1	NA	"prevalence"	26	10
"NODE_3059_length_1111_cov_5.649621"	"PrePostFVT"	"Post"	"PrePostFVTPost"	2.28239743297613	0	1.21890457818248	0.0611376194830901	1	0.118537430450121	1	NA	"prevalence"	26	10
"NODE_309_length_14316_cov_11.820279"	"PrePostFVT"	"During"	"PrePostFVTDuring"	-10.477215703898	0	253.054062890214	0.96697456342482	1	0.96697456342482	1	NA	"prevalence"	26	3
"NODE_309_length_14316_cov_11.820279"	"PrePostFVT"	"Post"	"PrePostFVTPost"	0.336771351498785	0	1.32018065339	0.798649803257477	1	0.798649803257477	1	NA	"prevalence"	26	3
"NODE_31_length_41541_cov_15.540929"	"PrePostFVT"	"During"	"PrePostFVTDuring"	6.92124490606333e-15	0	1.382821484809	0.999999999999996	1	0.999999999999996	1	NA	"prevalence"	26	4
"NODE_31_length_41541_cov_15.540929"	"PrePostFVT"	"Post"	"PrePostFVTPost"	-4.58063000066496	0	4.79892011526158	0.339824204462693	1	0.339824204462693	1	NA	"prevalence"	26	4
"NODE_3105_length_1745_cov_4.652071"	"PrePostFVT"	"During"	"PrePostFVTDuring"	-10.0512263957536	0	195.278228514325	0.958949962189918	1	0.958949962189918	1	NA	"prevalence"	26	6
"NODE_3105_length_1745_cov_4.652071"	"PrePostFVT"	"Post"	"PrePostFVTPost"	1.70097690684681	0	1.28996966080181	0.187296932636195	1	0.339513724297463	1	NA	"prevalence"	26	6
"NODE_313_length_7970_cov_11.130259"	"PrePostFVT"	"During"	"PrePostFVTDuring"	12.19849850461	0	568.013822902675	0.982866181897964	1	0.979977076434939	1	NA	"prevalence"	26	20
"NODE_313_length_7970_cov_11.130259"	"PrePostFVT"	"Post"	"PrePostFVTPost"	-1.60948762296968	0	1.21890169596995	0.186687863802897	1	0.338523369114505	1	NA	"prevalence"	26	20
"NODE_3139_length_1729_cov_6.163082"	"PrePostFVT"	"During"	"PrePostFVTDuring"	1.94523249033941	0	1.46453016030874	0.184102227770277	1	0.184102227770277	1	NA	"prevalence"	26	3
"NODE_3139_length_1729_cov_6.163082"	"PrePostFVT"	"Post"	"PrePostFVTPost"	-12.3541255461294	0	367.833164983817	0.97320711103878	1	0.97320711103878	1	NA	"prevalence"	26	3
"NODE_314_length_7969_cov_4.678292"	"PrePostFVT"	"During"	"PrePostFVTDuring"	11.893292668644	0	236.485537375057	0.95988982674907	1	0.95988982674907	1	NA	"prevalence"	26	3
"NODE_314_length_7969_cov_4.678292"	"PrePostFVT"	"Post"	"PrePostFVTPost"	10.5948038271019	0	236.485068479964	0.964265805746391	1	0.964265805746391	1	NA	"prevalence"	26	3
"NODE_315_length_19741_cov_19.947983"	"PrePostFVT"	"During"	"PrePostFVTDuring"	11.5551776582196	0	48.6881089893374	0.812400332107453	1	0.762390163975246	1	NA	"prevalence"	26	24
"NODE_315_length_19741_cov_19.947983"	"PrePostFVT"	"Post"	"PrePostFVTPost"	0.507737699231846	0	1.58901814942	0.749325252014625	1	0.86034623173502	1	NA	"prevalence"	26	24
"NODE_317_length_13362_cov_13.186669"	"PrePostFVT"	"During"	"PrePostFVTDuring"	4.04121180963559e-14	0	16.5567388404407	0.999999999999998	1	0.999999999999998	1	NA	"prevalence"	26	2
"NODE_317_length_13362_cov_13.186669"	"PrePostFVT"	"Post"	"PrePostFVTPost"	4.34056083257155e-14	0	12.3406658937263	0.999999999999997	1	0.999999999999997	1	NA	"prevalence"	26	2
"NODE_3186_length_1702_cov_3.933212"	"PrePostFVT"	"During"	"PrePostFVTDuring"	0.847781361653167	0	1.57363624764252	0.590066019453438	1	0.590066019453438	1	NA	"prevalence"	26	2
"NODE_3186_length_1702_cov_3.933212"	"PrePostFVT"	"Post"	"PrePostFVTPost"	-12.9451616187123	0	533.255070306161	0.98063266383641	1	0.98063266383641	1	NA	"prevalence"	26	2
"NODE_319_length_16836_cov_11.794708"	"PrePostFVT"	"During"	"PrePostFVTDuring"	1.17233532858446	0	1.37287727563461	0.393146102209621	1	0.631728346736625	1	NA	"prevalence"	26	15
"NODE_319_length_16836_cov_11.794708"	"PrePostFVT"	"Post"	"PrePostFVTPost"	0.339013906858883	0	0.918151960119322	0.711952514860012	1	0.91056183914857	1	NA	"prevalence"	26	15
"NODE_32_length_125259_cov_59.302315|provirus_14302_103731"	"PrePostFVT"	"During"	"PrePostFVTDuring"	10.7394887639859	0	233.469408044027	0.963310604977062	1	0.692118485884555	1	NA	"prevalence"	26	21
"NODE_32_length_125259_cov_59.302315|provirus_14302_103731"	"PrePostFVT"	"Post"	"PrePostFVTPost"	-1.32132411784025	0	1.28357610694998	0.303287770102267	1	0.514592068710929	1	NA	"prevalence"	26	21
"NODE_3202_length_1566_cov_4.050960"	"PrePostFVT"	"During"	"PrePostFVTDuring"	18.5929480487889	0	915.893964962186	0.983803794007675	1	0.983803794007675	1	NA	"prevalence"	26	6
"NODE_3202_length_1566_cov_4.050960"	"PrePostFVT"	"Post"	"PrePostFVTPost"	17.8997473599455	0	915.893524819148	0.98440755113176	1	0.98440755113176	1	NA	"prevalence"	26	6
"NODE_321_length_8192_cov_6.306624"	"PrePostFVT"	"During"	"PrePostFVTDuring"	4.58062996108516	0	8.23492324182048	0.578043788505032	1	0.821952955580814	1	NA	"prevalence"	26	20
"NODE_321_length_8192_cov_6.306624"	"PrePostFVT"	"Post"	"PrePostFVTPost"	-2.46413323667004e-16	0	1.03069407011121	1	1	0.243982756648504	1	NA	"prevalence"	26	20
"NODE_322_length_15127_cov_72.883028"	"PrePostFVT"	"During"	"PrePostFVTDuring"	0	0	3.2998296956836	1	1	0.606698144704795	1	NA	"prevalence"	26	25
"NODE_322_length_15127_cov_72.883028"	"PrePostFVT"	"Post"	"PrePostFVTPost"	-1.23632920280551	0	2.11197231441812	0.558284960643895	1	0.611889610937336	1	NA	"prevalence"	26	25
"NODE_325_length_3511_cov_3.129340"	"PrePostFVT"	"During"	"PrePostFVTDuring"	4.58062996108517	0	8.23498922963496	0.578046835136371	1	0.761556352242338	1	NA	"prevalence"	26	21
"NODE_325_length_3511_cov_3.129340"	"PrePostFVT"	"Post"	"PrePostFVTPost"	6.57102196445344e-16	0	1.03069460266045	1	1	0.586385024686786	1	NA	"prevalence"	26	21
"NODE_3284_length_1275_cov_10.163115"	"PrePostFVT"	"During"	"PrePostFVTDuring"	5.77959626176422e-15	0	1.3828214060043	0.999999999999997	1	0.999999999999997	1	NA	"prevalence"	26	3
"NODE_3284_length_1275_cov_10.163115"	"PrePostFVT"	"Post"	"PrePostFVTPost"	-4.58063000066496	0	4.79892688746831	0.339824885963646	1	0.339824885963646	1	NA	"prevalence"	26	3
"NODE_3288_length_1028_cov_3.192189"	"PrePostFVT"	"During"	"PrePostFVTDuring"	12.2953513786474	0	287.485149309024	0.965885955765701	1	0.965885955765701	1	NA	"prevalence"	26	2
"NODE_3288_length_1028_cov_3.192189"	"PrePostFVT"	"Post"	"PrePostFVTPost"	10.9959995050963	0	287.484767255177	0.969489167964222	1	0.969489167964222	1	NA	"prevalence"	26	2
"NODE_33_length_148803_cov_16.133501|provirus_110_29457"	"PrePostFVT"	"During"	"PrePostFVTDuring"	1.96734848768691	0	9.97980227611188	0.84372344998103	1	0.680052892865079	1	NA	"prevalence"	26	20
"NODE_33_length_148803_cov_16.133501|provirus_110_29457"	"PrePostFVT"	"Post"	"PrePostFVTPost"	-14.0533600083653	0	7.19017194017237	0.0506393387677882	1	0.0956644762031675	1	NA	"prevalence"	26	20
"NODE_330_length_31412_cov_3595.604713"	"PrePostFVT"	"During"	"PrePostFVTDuring"	16.6460161900052	0	1024.00001692998	0.987030259600549	1	0.626616826069303	1	NA	"prevalence"	26	18
"NODE_330_length_31412_cov_3595.604713"	"PrePostFVT"	"Post"	"PrePostFVTPost"	-0.174363336423933	0	0.936049996138098	0.852228589212511	1	0.371777590362108	1	NA	"prevalence"	26	18
"NODE_331_length_5691_cov_9.424769"	"PrePostFVT"	"During"	"PrePostFVTDuring"	1.22542833087612e-16	0	1.22474476189098	1	1	0.892255019329086	1	NA	"prevalence"	26	7
"NODE_331_length_5691_cov_9.424769"	"PrePostFVT"	"Post"	"PrePostFVTPost"	-2.05950659853545	0	1.15360309940578	0.0742156221495157	1	0.142923285727992	1	NA	"prevalence"	26	7
"NODE_331_length_7917_cov_41.518189"	"PrePostFVT"	"During"	"PrePostFVTDuring"	11.5551776582196	0	48.6881089893374	0.812400332107453	1	0.934757527011013	1	NA	"prevalence"	26	24
"NODE_331_length_7917_cov_41.518189"	"PrePostFVT"	"Post"	"PrePostFVTPost"	0.507737699231846	0	1.58901814942	0.749325252014625	1	0.79398185936628	1	NA	"prevalence"	26	24
"NODE_3322_length_2065_cov_6.450249"	"PrePostFVT"	"During"	"PrePostFVTDuring"	-13.1338301499604	0	993.426564957169	0.989451686311447	1	0.989451686311447	1	NA	"prevalence"	26	2
"NODE_3322_length_2065_cov_6.450249"	"PrePostFVT"	"Post"	"PrePostFVTPost"	-14.8678858811388	0	1365.33393038544	0.991311559844857	1	0.991311559844857	1	NA	"prevalence"	26	2
"NODE_335_length_20808_cov_107.089963"	"PrePostFVT"	"During"	"PrePostFVTDuring"	14.112360398122	0	323.819505412932	0.96523844010799	1	0.96523844010799	1	NA	"prevalence"	26	4
"NODE_335_length_20808_cov_107.089963"	"PrePostFVT"	"Post"	"PrePostFVTPost"	12.1679888793656	0	323.818106554328	0.970025251899992	1	0.970025251899992	1	NA	"prevalence"	26	4
"NODE_3358_length_2091_cov_11.059430"	"PrePostFVT"	"During"	"PrePostFVTDuring"	0.65303204707396	0	1.43662943411711	0.649426933437507	1	0.0251320199750782	1	NA	"prevalence"	26	14
"NODE_3358_length_2091_cov_11.059430"	"PrePostFVT"	"Post"	"PrePostFVTPost"	-0.579471352801718	0	0.996080185947522	0.56073393442647	1	0.562904963286434	1	NA	"prevalence"	26	14
"NODE_336_length_3001_cov_13.074338"	"PrePostFVT"	"During"	"PrePostFVTDuring"	3.04450270470234	0	1.57358352854419	0.0530200473217072	1	0.103228969225418	1	NA	"prevalence"	26	13
"NODE_336_length_3001_cov_13.074338"	"PrePostFVT"	"Post"	"PrePostFVTPost"	3.04448518488753	0	1.25987437652961	0.0156705688040313	1	0.0310955708814208	1	NA	"prevalence"	26	13
"NODE_336_length_5945_cov_6.382343"	"PrePostFVT"	"During"	"PrePostFVTDuring"	13.7974705231076	0	194.387663985993	0.94341435212814	1	0.395046531492747	1	NA	"prevalence"	26	23
"NODE_336_length_5945_cov_6.382343"	"PrePostFVT"	"Post"	"PrePostFVTPost"	1.30272054446431	0	1.34412225329487	0.332446429254798	1	0.554372230185331	1	NA	"prevalence"	26	23
"NODE_340_length_10477_cov_17.771925"	"PrePostFVT"	"During"	"PrePostFVTDuring"	12.390951523722	0	639.688557820825	0.984545712790645	1	0.999761165006851	1	NA	"prevalence"	26	25
"NODE_340_length_10477_cov_17.771925"	"PrePostFVT"	"Post"	"PrePostFVTPost"	12.8661483041099	0	460.837144274907	0.977726692109118	1	0.575074295258452	1	NA	"prevalence"	26	25
"NODE_340_length_15085_cov_7.306520"	"PrePostFVT"	"During"	"PrePostFVTDuring"	1.09860381964095	0	1.29099357037732	0.394782996776054	1	0.234621708273269	1	NA	"prevalence"	26	5
"NODE_340_length_15085_cov_7.306520"	"PrePostFVT"	"Post"	"PrePostFVTPost"	-15.1677397503533	0	965.436667444449	0.98746514614631	1	0.98746514614631	1	NA	"prevalence"	26	5
"NODE_341_length_2976_cov_5.997946"	"PrePostFVT"	"During"	"PrePostFVTDuring"	13.1834714279777	0	682.667300556141	0.984592444203007	1	0.100907181656149	1	NA	"prevalence"	26	17
"NODE_341_length_2976_cov_5.997946"	"PrePostFVT"	"Post"	"PrePostFVTPost"	-1.4350616646624	0	1.00474715305256	0.153210880923254	1	0.0419766525360485	1	NA	"prevalence"	26	17
"NODE_341_length_5563_cov_16.639615"	"PrePostFVT"	"During"	"PrePostFVTDuring"	-0.587545455682054	0	1.3662122564614	0.667156142313468	1	0.0655574584448446	1	NA	"prevalence"	26	8
"NODE_341_length_5563_cov_16.639615"	"PrePostFVT"	"Post"	"PrePostFVTPost"	-0.58774862023076	0	0.988828976826215	0.552252265927785	1	0.0564194326658539	1	NA	"prevalence"	26	8
"NODE_342_length_10504_cov_7.705618"	"PrePostFVT"	"During"	"PrePostFVTDuring"	11.5551776582196	0	48.6881089893374	0.812400332107453	1	0.964806364606606	1	NA	"prevalence"	26	23
"NODE_342_length_10504_cov_7.705618"	"PrePostFVT"	"Post"	"PrePostFVTPost"	0.507737699231846	0	1.58901814942	0.749325252014625	1	0.184133278689083	1	NA	"prevalence"	26	23
"NODE_3433_length_2017_cov_7.702345"	"PrePostFVT"	"During"	"PrePostFVTDuring"	-0.848537635558145	0	1.57362699130864	0.589732216653099	1	0.0339885755410746	1	NA	"prevalence"	26	16
"NODE_3433_length_2017_cov_7.702345"	"PrePostFVT"	"Post"	"PrePostFVTPost"	-2.2829201607554	0	1.21911296806346	0.0611225965848519	1	0.118509221356429	1	NA	"prevalence"	26	16
"NODE_344_length_20349_cov_6.230117"	"PrePostFVT"	"During"	"PrePostFVTDuring"	13.3517135608164	0	284.008185728929	0.962503885931045	1	0.962503885931045	1	NA	"prevalence"	26	6
"NODE_344_length_20349_cov_6.230117"	"PrePostFVT"	"Post"	"PrePostFVTPost"	12.6585446200086	0	284.007177553772	0.964449087940579	1	0.964449087940579	1	NA	"prevalence"	26	6
"NODE_353_length_5638_cov_9.194340"	"PrePostFVT"	"During"	"PrePostFVTDuring"	11.5551776582196	0	48.6881089893374	0.812400332107453	1	0.964806364606606	1	NA	"prevalence"	26	24
"NODE_353_length_5638_cov_9.194340"	"PrePostFVT"	"Post"	"PrePostFVTPost"	0.507737699231846	0	1.58901814942	0.749325252014625	1	0.636670636602704	1	NA	"prevalence"	26	24
"NODE_3531_length_1517_cov_6.123119"	"PrePostFVT"	"During"	"PrePostFVTDuring"	-7.67094177661648e-14	0	3.29983112347146	0.999999999999981	1	0.999999999999981	1	NA	"prevalence"	26	2
"NODE_3531_length_1517_cov_6.123119"	"PrePostFVT"	"Post"	"PrePostFVTPost"	1.84891755143231	0	2.04207499019525	0.365247588587417	1	0.365247588587417	1	NA	"prevalence"	26	2
"NODE_3536_length_1468_cov_4.662420"	"PrePostFVT"	"During"	"PrePostFVTDuring"	10.7565231371465	0	133.38956365361	0.935728321603265	1	0.935728321603265	1	NA	"prevalence"	26	4
"NODE_3536_length_1468_cov_4.662420"	"PrePostFVT"	"Post"	"PrePostFVTPost"	10.2438440324851	0	133.386578468823	0.938784113108725	1	0.938784113108725	1	NA	"prevalence"	26	4
"NODE_358_length_10507_cov_12.936854"	"PrePostFVT"	"During"	"PrePostFVTDuring"	13.7974705231076	0	194.387663985993	0.94341435212814	1	0.536623347100666	1	NA	"prevalence"	26	23
"NODE_358_length_10507_cov_12.936854"	"PrePostFVT"	"Post"	"PrePostFVTPost"	1.30272054446431	0	1.34412225329487	0.332446429254798	1	0.554372230185331	1	NA	"prevalence"	26	23
"NODE_359_length_6935_cov_5.444913"	"PrePostFVT"	"During"	"PrePostFVTDuring"	0.510826969378763	0	1.19323510554503	0.668576473791561	1	0.76763294798724	1	NA	"prevalence"	26	5
"NODE_359_length_6935_cov_5.444913"	"PrePostFVT"	"Post"	"PrePostFVTPost"	-16.4321047887365	0	1328.70501174843	0.990132807206662	1	0.990132807206662	1	NA	"prevalence"	26	5
"NODE_3599_length_1022_cov_3.847983"	"PrePostFVT"	"During"	"PrePostFVTDuring"	-1.1778896039687e-16	0	1.22474477405772	1	1	0.728777052782509	1	NA	"prevalence"	26	11
"NODE_3599_length_1022_cov_3.847983"	"PrePostFVT"	"Post"	"PrePostFVTPost"	-0.714004714874433	0	0.936830755910743	0.445971022660397	1	0.557294322504138	1	NA	"prevalence"	26	11
"NODE_364_length_6238_cov_6.230309"	"PrePostFVT"	"During"	"PrePostFVTDuring"	13.7974705231076	0	194.387663985993	0.94341435212814	1	0.382262427045125	1	NA	"prevalence"	26	22
"NODE_364_length_6238_cov_6.230309"	"PrePostFVT"	"Post"	"PrePostFVTPost"	1.30272054446431	0	1.34412225329487	0.332446429254798	1	0.108443188981264	1	NA	"prevalence"	26	22
"NODE_365_length_20565_cov_18.642223"	"PrePostFVT"	"During"	"PrePostFVTDuring"	11.5551776582196	0	48.6881089893374	0.812400332107453	1	0.924920792223134	1	NA	"prevalence"	26	23
"NODE_365_length_20565_cov_18.642223"	"PrePostFVT"	"Post"	"PrePostFVTPost"	0.507737699231846	0	1.58901814942	0.749325252014625	1	0.794216165848591	1	NA	"prevalence"	26	23
"NODE_366_length_26366_cov_7.678081|provirus_5747_26366"	"PrePostFVT"	"During"	"PrePostFVTDuring"	-0.597961718856201	0	1.38105492835277	0.665033215481875	1	0.854136745710773	1	NA	"prevalence"	26	6
"NODE_366_length_26366_cov_7.678081|provirus_5747_26366"	"PrePostFVT"	"Post"	"PrePostFVTPost"	-1.11547629833	0	1.08543570024271	0.304102226395626	1	0.515726288692476	1	NA	"prevalence"	26	6
"NODE_3661_length_2098_cov_4.863436"	"PrePostFVT"	"During"	"PrePostFVTDuring"	1.00552186552626	0	1.29806672133202	0.438558124052434	1	0.356293205501954	1	NA	"prevalence"	26	7
"NODE_3661_length_2098_cov_4.863436"	"PrePostFVT"	"Post"	"PrePostFVTPost"	-6.13295290739678e-15	0	1.06498022322928	0.999999999999995	1	0.455966132213613	1	NA	"prevalence"	26	7
"NODE_368_length_3350_cov_6.287102"	"PrePostFVT"	"During"	"PrePostFVTDuring"	11.5551776582196	0	48.6881089893374	0.812400332107453	1	0.949856918456636	1	NA	"prevalence"	26	24
"NODE_368_length_3350_cov_6.287102"	"PrePostFVT"	"Post"	"PrePostFVTPost"	0.507737699231846	0	1.58901814942	0.749325252014625	1	0.0339850724929695	1	NA	"prevalence"	26	24
"NODE_3686_length_1625_cov_3.493631"	"PrePostFVT"	"During"	"PrePostFVTDuring"	-12.0657164289286	0	579.263025871302	0.983381724140646	1	0.983381724140646	1	NA	"prevalence"	26	2
"NODE_3686_length_1625_cov_3.493631"	"PrePostFVT"	"Post"	"PrePostFVTPost"	-0.451782211771422	0	1.49458414778993	0.76243897239794	1	0.76243897239794	1	NA	"prevalence"	26	2
"NODE_369_length_11021_cov_18.926774"	"PrePostFVT"	"During"	"PrePostFVTDuring"	-4.97432747356711e-15	0	1.39855701290502	0.999999999999997	1	0.655735591667163	1	NA	"prevalence"	26	16
"NODE_369_length_11021_cov_18.926774"	"PrePostFVT"	"Post"	"PrePostFVTPost"	-1.38437462530976	0	0.997264842310324	0.16508483054724	1	0.302916659817669	1	NA	"prevalence"	26	16
"NODE_3710_length_1432_cov_6.719680"	"PrePostFVT"	"During"	"PrePostFVTDuring"	-9.45488172466684e-14	0	3.29983100448909	0.999999999999977	1	0.999999999999977	1	NA	"prevalence"	26	3
"NODE_3710_length_1432_cov_6.719680"	"PrePostFVT"	"Post"	"PrePostFVTPost"	1.8489175514323	0	2.04207518246149	0.365247633732098	1	0.365247633732098	1	NA	"prevalence"	26	3
"NODE_3714_length_1904_cov_5.448891"	"PrePostFVT"	"During"	"PrePostFVTDuring"	11.5551776582196	0	48.6881089893374	0.812400332107453	1	0.964806364606606	1	NA	"prevalence"	26	23
"NODE_3714_length_1904_cov_5.448891"	"PrePostFVT"	"Post"	"PrePostFVTPost"	0.507737699231846	0	1.58901814942	0.749325252014625	1	0.353257740569086	1	NA	"prevalence"	26	23
"NODE_372_length_12857_cov_13.769099"	"PrePostFVT"	"During"	"PrePostFVTDuring"	11.5551776582196	0	48.6881089893374	0.812400332107453	1	0.895084184413014	1	NA	"prevalence"	26	24
"NODE_372_length_12857_cov_13.769099"	"PrePostFVT"	"Post"	"PrePostFVTPost"	0.507737699231846	0	1.58901814942	0.749325252014625	1	0.275670734677683	1	NA	"prevalence"	26	24
"NODE_377_length_6517_cov_6.469205"	"PrePostFVT"	"During"	"PrePostFVTDuring"	-0.847241439290311	0	1.57357656207631	0.590288724273873	1	0.83213667054287	1	NA	"prevalence"	26	16
"NODE_377_length_6517_cov_6.469205"	"PrePostFVT"	"Post"	"PrePostFVTPost"	-2.28238294721664	0	1.2188798688909	0.0611340155081281	1	0.118530663164108	1	NA	"prevalence"	26	16
"NODE_3796_length_1869_cov_4.323594"	"PrePostFVT"	"During"	"PrePostFVTDuring"	-13.1338301499604	0	993.426564957169	0.989451686311447	1	0.989451686311447	1	NA	"prevalence"	26	2
"NODE_3796_length_1869_cov_4.323594"	"PrePostFVT"	"Post"	"PrePostFVTPost"	-14.8678858811388	0	1365.33393038544	0.991311559844857	1	0.991311559844857	1	NA	"prevalence"	26	2
"NODE_38_length_1261_cov_5.764511"	"PrePostFVT"	"During"	"PrePostFVTDuring"	-4.02250249570211e-14	0	16.556690583339	0.999999999999998	1	0.99987826437255	1	NA	"prevalence"	26	25
"NODE_38_length_1261_cov_5.764511"	"PrePostFVT"	"Post"	"PrePostFVTPost"	-4.23454138694841e-14	0	12.3406153100066	0.999999999999997	1	0.510757827675649	1	NA	"prevalence"	26	25
"NODE_3804_length_1429_cov_2.868996"	"PrePostFVT"	"During"	"PrePostFVTDuring"	13.6021023413492	0	310.518495966852	0.965060253179089	1	0.965060253179089	1	NA	"prevalence"	26	7
"NODE_3804_length_1429_cov_2.868996"	"PrePostFVT"	"Post"	"PrePostFVTPost"	13.2659422262854	0	310.51748645564	0.965923105737408	1	0.965923105737408	1	NA	"prevalence"	26	7
"NODE_386_length_12222_cov_6.937372"	"PrePostFVT"	"During"	"PrePostFVTDuring"	11.5551776582196	0	48.6881089893374	0.812400332107453	1	0.924736905790734	1	NA	"prevalence"	26	23
"NODE_386_length_12222_cov_6.937372"	"PrePostFVT"	"Post"	"PrePostFVTPost"	0.507737699231846	0	1.58901814942	0.749325252014625	1	0.83047228147072	1	NA	"prevalence"	26	23
"NODE_393_length_5776_cov_11.760007"	"PrePostFVT"	"During"	"PrePostFVTDuring"	13.7974705231076	0	194.387663985993	0.94341435212814	1	0.209447636041411	1	NA	"prevalence"	26	23
"NODE_393_length_5776_cov_11.760007"	"PrePostFVT"	"Post"	"PrePostFVTPost"	1.30272054446431	0	1.34412225329487	0.332446429254798	1	0.358545123965729	1	NA	"prevalence"	26	23
"NODE_396_length_13688_cov_5.961417"	"PrePostFVT"	"During"	"PrePostFVTDuring"	12.373143793696	0	418.047046608488	0.976388066150819	1	0.861790382824504	1	NA	"prevalence"	26	16
"NODE_396_length_13688_cov_5.961417"	"PrePostFVT"	"Post"	"PrePostFVTPost"	-1.79144886126372	0	1.02055429655891	0.0791962970734693	1	0.152120540676789	1	NA	"prevalence"	26	16
"NODE_397_length_16929_cov_5.824641"	"PrePostFVT"	"During"	"PrePostFVTDuring"	13.3517135608164	0	284.008185728929	0.962503885931045	1	0.962503885931045	1	NA	"prevalence"	26	6
"NODE_397_length_16929_cov_5.824641"	"PrePostFVT"	"Post"	"PrePostFVTPost"	12.6585446200086	0	284.007177553772	0.964449087940579	1	0.964449087940579	1	NA	"prevalence"	26	6
"NODE_3973_length_1301_cov_4.520867"	"PrePostFVT"	"During"	"PrePostFVTDuring"	4.04121180963559e-14	0	16.5567388404407	0.999999999999998	1	0.999999999999998	1	NA	"prevalence"	26	2
"NODE_3973_length_1301_cov_4.520867"	"PrePostFVT"	"Post"	"PrePostFVTPost"	4.34056083257155e-14	0	12.3406658937263	0.999999999999997	1	0.999999999999997	1	NA	"prevalence"	26	2
"NODE_40_length_38412_cov_55.863441"	"PrePostFVT"	"During"	"PrePostFVTDuring"	-12.5690257495962	0	760.609063273029	0.986815598621488	1	0.986815598621488	1	NA	"prevalence"	26	2
"NODE_40_length_38412_cov_55.863441"	"PrePostFVT"	"Post"	"PrePostFVTPost"	-14.2827150092215	0	993.426445704405	0.988529029749308	1	0.988529029749308	1	NA	"prevalence"	26	2
"NODE_400_length_5362_cov_8.985114"	"PrePostFVT"	"During"	"PrePostFVTDuring"	13.7974705231076	0	194.387663985993	0.94341435212814	1	0.648083556783683	1	NA	"prevalence"	26	23
"NODE_400_length_5362_cov_8.985114"	"PrePostFVT"	"Post"	"PrePostFVTPost"	1.30272054446431	0	1.34412225329487	0.332446429254798	1	0.554372230185331	1	NA	"prevalence"	26	23
"NODE_402_length_29684_cov_275.000203"	"PrePostFVT"	"During"	"PrePostFVTDuring"	6.59167369579604	0	13.537000053326	0.626302584690552	1	0.0958908213616201	1	NA	"prevalence"	26	12
"NODE_402_length_29684_cov_275.000203"	"PrePostFVT"	"Post"	"PrePostFVTPost"	-1.00552186549606	0	0.96173406835164	0.295778061070905	1	0.00593082624164436	1	NA	"prevalence"	26	12
"NODE_403_length_17644_cov_1809.089886"	"PrePostFVT"	"During"	"PrePostFVTDuring"	6.59167372518137	0	13.5369996532002	0.626302572952186	1	0.231047364741965	1	NA	"prevalence"	26	13
"NODE_403_length_17644_cov_1809.089886"	"PrePostFVT"	"Post"	"PrePostFVTPost"	-0.312031101462065	0	0.91734036102249	0.733745393958416	1	0.12795956873683	1	NA	"prevalence"	26	13
"NODE_406_length_5653_cov_8.832797"	"PrePostFVT"	"During"	"PrePostFVTDuring"	13.7974705231076	0	194.387663985993	0.94341435212814	1	0.399062435097024	1	NA	"prevalence"	26	23
"NODE_406_length_5653_cov_8.832797"	"PrePostFVT"	"Post"	"PrePostFVTPost"	1.30272054446431	0	1.34412225329487	0.332446429254798	1	0.554372230185331	1	NA	"prevalence"	26	23
"NODE_4060_length_1560_cov_5.491694"	"PrePostFVT"	"During"	"PrePostFVTDuring"	-1.1778896039687e-16	0	1.22474478622445	1	1	0.572607319846626	1	NA	"prevalence"	26	10
"NODE_4060_length_1560_cov_5.491694"	"PrePostFVT"	"Post"	"PrePostFVTPost"	-0.714004714874433	0	0.936830783830447	0.445971036215258	1	0.529075298886545	1	NA	"prevalence"	26	10
"NODE_408_length_8696_cov_40.826988"	"PrePostFVT"	"During"	"PrePostFVTDuring"	-0.587797313671838	0	1.36627838159824	0.667037196784674	1	0.667037196784674	1	NA	"prevalence"	26	6
"NODE_408_length_8696_cov_40.826988"	"PrePostFVT"	"Post"	"PrePostFVTPost"	-15.1908333274795	0	702.458530798593	0.982746900754571	1	0.982746900754571	1	NA	"prevalence"	26	6
"NODE_41_length_88707_cov_853.230034"	"PrePostFVT"	"During"	"PrePostFVTDuring"	-0.907901443101823	0	1.63612535492325	0.578956588488234	1	0.332308149722965	1	NA	"prevalence"	26	19
"NODE_41_length_88707_cov_853.230034"	"PrePostFVT"	"Post"	"PrePostFVTPost"	-1.75421301829774	0	1.30184078934822	0.177823566430592	1	0.324025912083088	1	NA	"prevalence"	26	19
"NODE_410_length_13108_cov_8.174519"	"PrePostFVT"	"During"	"PrePostFVTDuring"	13.2121366703683	0	568.013383897064	0.981442674317691	1	0.0534761823160277	1	NA	"prevalence"	26	16
"NODE_410_length_13108_cov_8.174519"	"PrePostFVT"	"Post"	"PrePostFVTPost"	-1.79179032575274	0	1.02062529109018	0.0791599860755659	1	0.10023480963273	1	NA	"prevalence"	26	16
"NODE_413_length_12312_cov_8.098638"	"PrePostFVT"	"During"	"PrePostFVTDuring"	-10.3206698657998	0	230.420485001297	0.964274224294193	1	0.964274224294193	1	NA	"prevalence"	26	3
"NODE_413_length_12312_cov_8.098638"	"PrePostFVT"	"Post"	"PrePostFVTPost"	0.337428322301222	0	1.32078064929948	0.798355147512008	1	0.959339353465096	1	NA	"prevalence"	26	3
"NODE_414_length_12838_cov_6.220840"	"PrePostFVT"	"During"	"PrePostFVTDuring"	12.2062154904972	0	367.832384719521	0.973527714950306	1	0.557303196344654	1	NA	"prevalence"	26	19
"NODE_414_length_12838_cov_6.220840"	"PrePostFVT"	"Post"	"PrePostFVTPost"	-0.76218130762771	0	1.0047547023794	0.448107124611176	1	0.608677731589507	1	NA	"prevalence"	26	19
"NODE_414_length_5262_cov_3.088151"	"PrePostFVT"	"During"	"PrePostFVTDuring"	0.510810119242487	0	1.23827742573381	0.679960741700462	1	0.390064186439348	1	NA	"prevalence"	26	7
"NODE_414_length_5262_cov_3.088151"	"PrePostFVT"	"Post"	"PrePostFVTPost"	-1.09863645331417	0	1.06457893089024	0.302076079388406	1	0.512902201038141	1	NA	"prevalence"	26	7
"NODE_4142_length_1265_cov_9.221488"	"PrePostFVT"	"During"	"PrePostFVTDuring"	-11.2712708495354	0	356.512430953294	0.974778789529701	1	0.974778789529701	1	NA	"prevalence"	26	4
"NODE_4142_length_1265_cov_9.221488"	"PrePostFVT"	"Post"	"PrePostFVTPost"	0.847028621422625	0	1.25983649889467	0.50137224685859	1	0.50137224685859	1	NA	"prevalence"	26	4
"NODE_415_length_21306_cov_20.049974"	"PrePostFVT"	"During"	"PrePostFVTDuring"	1.0055218656021	0	1.33221560305408	0.450384521953306	1	0.697922826291504	1	NA	"prevalence"	26	11
"NODE_415_length_21306_cov_20.049974"	"PrePostFVT"	"Post"	"PrePostFVTPost"	-1.44691898293616	0	1.02002012948159	0.15603899554031	1	0.287729822951391	1	NA	"prevalence"	26	11
"NODE_4157_length_1238_cov_8.467456"	"PrePostFVT"	"During"	"PrePostFVTDuring"	-0.587779879831935	0	1.36626018278801	0.667042309902022	1	0.667042309902022	1	NA	"prevalence"	26	5
"NODE_4157_length_1238_cov_8.467456"	"PrePostFVT"	"Post"	"PrePostFVTPost"	-1.88706388249265	0	1.27445800280505	0.138691990023319	1	0.138691990023319	1	NA	"prevalence"	26	5
"NODE_417_length_5474_cov_11.435689"	"PrePostFVT"	"During"	"PrePostFVTDuring"	12.390951523722	0	639.688557820825	0.984545712790645	1	0.999761165006851	1	NA	"prevalence"	26	25
"NODE_417_length_5474_cov_11.435689"	"PrePostFVT"	"Post"	"PrePostFVTPost"	12.8661483041099	0	460.837144274907	0.977726692109118	1	0.310348163936364	1	NA	"prevalence"	26	25
"NODE_4171_length_1046_cov_3.464178"	"PrePostFVT"	"During"	"PrePostFVTDuring"	-0.510789359660859	0	1.23827736154791	0.679973011458526	1	0.284524339561681	1	NA	"prevalence"	26	10
"NODE_4171_length_1046_cov_3.464178"	"PrePostFVT"	"Post"	"PrePostFVTPost"	-2.12024071738097	0	1.06457969531139	0.0464125089485085	1	0.0906708969101217	1	NA	"prevalence"	26	10
"NODE_419_length_11855_cov_14.191441"	"PrePostFVT"	"During"	"PrePostFVTDuring"	4.58062002189877	0	8.23472415418927	0.57803542145329	1	0.774266871701369	1	NA	"prevalence"	26	16
"NODE_419_length_11855_cov_14.191441"	"PrePostFVT"	"Post"	"PrePostFVTPost"	-1.00552180876456	0	0.985256992956543	0.307459132838966	1	0.520387147311843	1	NA	"prevalence"	26	16
"NODE_42_length_31081_cov_10.095017|provirus_3_24148"	"PrePostFVT"	"During"	"PrePostFVTDuring"	12.390951523722	0	639.688557820825	0.984545712790645	1	0.986108065424146	1	NA	"prevalence"	26	25
"NODE_42_length_31081_cov_10.095017|provirus_3_24148"	"PrePostFVT"	"Post"	"PrePostFVTPost"	12.8661483041099	0	460.837144274907	0.977726692109118	1	0.649083147058486	1	NA	"prevalence"	26	25
"NODE_420_length_8092_cov_8.250467"	"PrePostFVT"	"During"	"PrePostFVTDuring"	10.6794096189638	0	274.907543066728	0.969012151247391	1	0.815824805788489	1	NA	"prevalence"	26	22
"NODE_420_length_8092_cov_8.250467"	"PrePostFVT"	"Post"	"PrePostFVTPost"	-0.336484930595302	0	1.32017826163446	0.79881701530527	1	0.753994183754331	1	NA	"prevalence"	26	22
"NODE_423_length_12451_cov_8.742578"	"PrePostFVT"	"During"	"PrePostFVTDuring"	11.7728120795714	0	463.781812352151	0.979748372941837	1	0.997670676399857	1	NA	"prevalence"	26	19
"NODE_423_length_12451_cov_8.742578"	"PrePostFVT"	"Post"	"PrePostFVTPost"	-1.2527770344988	0	1.23201890354878	0.309225328001271	1	0.120634883537568	1	NA	"prevalence"	26	19
"NODE_424_length_5400_cov_8.976052"	"PrePostFVT"	"During"	"PrePostFVTDuring"	13.7974705231076	0	194.387663985993	0.94341435212814	1	0.386033922053001	1	NA	"prevalence"	26	23
"NODE_424_length_5400_cov_8.976052"	"PrePostFVT"	"Post"	"PrePostFVTPost"	1.30272054446431	0	1.34412225329487	0.332446429254798	1	0.554372230185331	1	NA	"prevalence"	26	23
"NODE_4240_length_1184_cov_4.600531"	"PrePostFVT"	"During"	"PrePostFVTDuring"	1.17233532716126	0	1.37287826030099	0.39314644215601	1	0.254577990876733	1	NA	"prevalence"	26	11
"NODE_4240_length_1184_cov_4.600531"	"PrePostFVT"	"Post"	"PrePostFVTPost"	-0.714004714856044	0	0.936831626417416	0.445971445297994	1	0.693052360574806	1	NA	"prevalence"	26	11
"NODE_4268_length_1176_cov_6.979483"	"PrePostFVT"	"During"	"PrePostFVTDuring"	-8.32505309090161e-14	0	3.29983374108775	0.99999999999998	1	0.99999999999998	1	NA	"prevalence"	26	2
"NODE_4268_length_1176_cov_6.979483"	"PrePostFVT"	"Post"	"PrePostFVTPost"	1.84891755143231	0	2.04207538162586	0.365247680496474	1	0.365247680496474	1	NA	"prevalence"	26	2
"NODE_427_length_16212_cov_30.515318"	"PrePostFVT"	"During"	"PrePostFVTDuring"	10.4203176191901	0	241.361425071282	0.96556355914905	1	0.934854267010208	1	NA	"prevalence"	26	22
"NODE_427_length_16212_cov_30.515318"	"PrePostFVT"	"Post"	"PrePostFVTPost"	-0.847338716887866	0	1.25989884224438	0.501236777041975	1	0.359840081770002	1	NA	"prevalence"	26	22
"NODE_4270_length_1095_cov_4.632692"	"PrePostFVT"	"During"	"PrePostFVTDuring"	-1.20118623168723e-13	0	3.29982160492997	0.999999999999971	1	0.999999999999971	1	NA	"prevalence"	26	2
"NODE_4270_length_1095_cov_4.632692"	"PrePostFVT"	"Post"	"PrePostFVTPost"	1.84891755143229	0	2.04206871852044	0.365246115976955	1	0.365246115976955	1	NA	"prevalence"	26	2
"NODE_428_length_4500_cov_14.119685"	"PrePostFVT"	"During"	"PrePostFVTDuring"	-7.84933577142152e-14	0	3.29982695909517	0.999999999999981	1	0.999999999999981	1	NA	"prevalence"	26	2
"NODE_428_length_4500_cov_14.119685"	"PrePostFVT"	"Post"	"PrePostFVTPost"	1.84891755143231	0	2.04207397161045	0.365247349420622	1	0.365247349420622	1	NA	"prevalence"	26	2
"NODE_431_length_12194_cov_8.575912"	"PrePostFVT"	"During"	"PrePostFVTDuring"	13.4719427734071	0	803.292279403078	0.986619376839845	1	0.753546746985615	1	NA	"prevalence"	26	21
"NODE_431_length_12194_cov_8.575912"	"PrePostFVT"	"Post"	"PrePostFVTPost"	0.51080354912358	0	1.12542808601434	0.649918877210217	1	0.21328661261817	1	NA	"prevalence"	26	21
"NODE_431_length_6333_cov_17.949028"	"PrePostFVT"	"During"	"PrePostFVTDuring"	12.1555974080204	0	603.923415436742	0.983941492542344	1	0.442887266206328	1	NA	"prevalence"	26	21
"NODE_431_length_6333_cov_17.949028"	"PrePostFVT"	"Post"	"PrePostFVTPost"	-1.25269634494055	0	1.23198102068101	0.309241613630251	1	0.52285285165986	1	NA	"prevalence"	26	21
"NODE_432_length_17999_cov_36.791239"	"PrePostFVT"	"During"	"PrePostFVTDuring"	11.4545205956949	0	266.628150846788	0.965732895864849	1	0.985804964271458	1	NA	"prevalence"	26	20
"NODE_432_length_17999_cov_36.791239"	"PrePostFVT"	"Post"	"PrePostFVTPost"	-0.405232321240635	0	1.02076223283828	0.691374890876068	1	0.118629111754871	1	NA	"prevalence"	26	20
"NODE_432_length_20945_cov_11.322451"	"PrePostFVT"	"During"	"PrePostFVTDuring"	0.510810119242487	0	1.23827742573381	0.679960741700462	1	0.49617749354997	1	NA	"prevalence"	26	7
"NODE_432_length_20945_cov_11.322451"	"PrePostFVT"	"Post"	"PrePostFVTPost"	-1.09863645331417	0	1.06457893089024	0.302076079388406	1	0.512902201038141	1	NA	"prevalence"	26	7
"NODE_4320_length_1681_cov_4.281058"	"PrePostFVT"	"During"	"PrePostFVTDuring"	12.390951523722	0	639.688557820825	0.984545712790645	1	0.878940463591816	1	NA	"prevalence"	26	25
"NODE_4320_length_1681_cov_4.281058"	"PrePostFVT"	"Post"	"PrePostFVTPost"	12.8661483041099	0	460.837144274907	0.977726692109118	1	0.667640198022829	1	NA	"prevalence"	26	25
"NODE_437_length_16107_cov_8.085161"	"PrePostFVT"	"During"	"PrePostFVTDuring"	6.59167372518138	0	13.5378877050086	0.626325209840506	1	0.860367151199258	1	NA	"prevalence"	26	14
"NODE_437_length_16107_cov_8.085161"	"PrePostFVT"	"Post"	"PrePostFVTPost"	-0.312031101462065	0	0.917340544866362	0.733745445292049	1	0.185057852836103	1	NA	"prevalence"	26	14
"NODE_4372_length_1017_cov_2.721414"	"PrePostFVT"	"During"	"PrePostFVTDuring"	13.5168108868239	0	13.3935872628958	0.31287863281002	1	0.527864226750972	1	NA	"prevalence"	26	21
"NODE_4372_length_1017_cov_2.721414"	"PrePostFVT"	"Post"	"PrePostFVTPost"	-1.04103891645771	0	1.4028759247644	0.458041997522455	1	0.706281523550549	1	NA	"prevalence"	26	21
"NODE_4372_length_1213_cov_2.302245"	"PrePostFVT"	"During"	"PrePostFVTDuring"	0.847776836079999	0	1.57363583597078	0.590067906845147	1	0.590067906845147	1	NA	"prevalence"	26	2
"NODE_4372_length_1213_cov_2.302245"	"PrePostFVT"	"Post"	"PrePostFVTPost"	-12.9451596075995	0	452.328464823627	0.977168509134356	1	0.977168509134356	1	NA	"prevalence"	26	2
"NODE_4383_length_1318_cov_9.849565"	"PrePostFVT"	"During"	"PrePostFVTDuring"	12.9558147084078	0	836.114486988855	0.987637062822589	1	0.985504665358447	1	NA	"prevalence"	26	25
"NODE_4383_length_1318_cov_9.849565"	"PrePostFVT"	"Post"	"PrePostFVTPost"	13.2988525466771	0	573.570304665985	0.981501834418609	1	0.60415033564164	1	NA	"prevalence"	26	25
"NODE_44_length_91318_cov_778.137087"	"PrePostFVT"	"During"	"PrePostFVTDuring"	14.5726222356505	0	2896.31037450853	0.995985505788141	1	0.672541791892019	1	NA	"prevalence"	26	22
"NODE_44_length_91318_cov_778.137087"	"PrePostFVT"	"Post"	"PrePostFVTPost"	-0.847234067246596	0	1.25986459590724	0.501278004755705	1	0.75127637145955	1	NA	"prevalence"	26	22
"NODE_4425_length_1021_cov_4.517598"	"PrePostFVT"	"During"	"PrePostFVTDuring"	9.85313367690894e-16	0	1.44124562266354	1	1	0.446828549850357	1	NA	"prevalence"	26	6
"NODE_4425_length_1021_cov_4.517598"	"PrePostFVT"	"Post"	"PrePostFVTPost"	3.28437789230299e-16	0	1.07424080142405	1	1	0.292774263686527	1	NA	"prevalence"	26	6
"NODE_444_length_12751_cov_9.040013"	"PrePostFVT"	"During"	"PrePostFVTDuring"	14.2529482055835	0	1024.00024922642	0.988894690076193	1	0.961277457315764	1	NA	"prevalence"	26	19
"NODE_444_length_12751_cov_9.040013"	"PrePostFVT"	"Post"	"PrePostFVTPost"	-0.405445300777919	0	1.0206212132416	0.691180568640209	1	0.221432789813602	1	NA	"prevalence"	26	19
"NODE_445_length_13206_cov_42.964718"	"PrePostFVT"	"During"	"PrePostFVTDuring"	12.2062154904972	0	367.832384719521	0.973527714950306	1	0.640758404371308	1	NA	"prevalence"	26	19
"NODE_445_length_13206_cov_42.964718"	"PrePostFVT"	"Post"	"PrePostFVTPost"	-0.76218130762771	0	1.0047547023794	0.448107124611176	1	0.0931569150054718	1	NA	"prevalence"	26	19
"NODE_446_length_10263_cov_13.200137"	"PrePostFVT"	"During"	"PrePostFVTDuring"	12.390951523722	0	639.688557820825	0.984545712790645	1	0.999576067720073	1	NA	"prevalence"	26	25
"NODE_446_length_10263_cov_13.200137"	"PrePostFVT"	"Post"	"PrePostFVTPost"	12.8661483041099	0	460.837144274907	0.977726692109118	1	0.504632455169648	1	NA	"prevalence"	26	25
"NODE_446_length_8151_cov_7.545949"	"PrePostFVT"	"During"	"PrePostFVTDuring"	12.3059129679795	0	427.038442110673	0.977010642984129	1	0.92604742833385	1	NA	"prevalence"	26	18
"NODE_446_length_8151_cov_7.545949"	"PrePostFVT"	"Post"	"PrePostFVTPost"	-0.762048475594838	0	1.0047097617649	0.448165935801155	1	0.137323677719613	1	NA	"prevalence"	26	18
"NODE_4478_length_1389_cov_4.104198"	"PrePostFVT"	"During"	"PrePostFVTDuring"	1.1723353285969	0	1.372877120328	0.393146048677097	1	0.156828900551266	1	NA	"prevalence"	26	13
"NODE_4478_length_1389_cov_4.104198"	"PrePostFVT"	"Post"	"PrePostFVTPost"	2.27497861414005e-15	0	0.912870820352629	0.999999999999998	1	0.92540864773184	1	NA	"prevalence"	26	13
"NODE_4483_length_1325_cov_2.606299"	"PrePostFVT"	"During"	"PrePostFVTDuring"	3.04454186686301	0	1.57359734038229	0.053019076800206	1	0.103227131095666	1	NA	"prevalence"	26	8
"NODE_4483_length_1325_cov_2.606299"	"PrePostFVT"	"Post"	"PrePostFVTPost"	1.25277348837758	0	1.23201754647988	0.309226164553943	1	0.522831508263144	1	NA	"prevalence"	26	8
"NODE_4504_length_1360_cov_3.496552"	"PrePostFVT"	"During"	"PrePostFVTDuring"	-7.78987110648651e-14	0	3.29982684011839	0.999999999999981	1	0.999999999999981	1	NA	"prevalence"	26	2
"NODE_4504_length_1360_cov_3.496552"	"PrePostFVT"	"Post"	"PrePostFVTPost"	1.84891755143231	0	2.04207065273961	0.365246570138725	1	0.365246570138725	1	NA	"prevalence"	26	2
"NODE_453_length_15514_cov_7.051297"	"PrePostFVT"	"During"	"PrePostFVTDuring"	2.46177421595996e-07	0	1.49810336995185	0.999999868886775	1	0.132755008438039	1	NA	"prevalence"	26	15
"NODE_453_length_15514_cov_7.051297"	"PrePostFVT"	"Post"	"PrePostFVTPost"	-1.26778601753692	0	1.10323045523554	0.250490867981201	1	0.438087504696851	1	NA	"prevalence"	26	15
"NODE_454_length_20811_cov_36.278859"	"PrePostFVT"	"During"	"PrePostFVTDuring"	0	0	1.22474472539076	1	1	0.797853781600583	1	NA	"prevalence"	26	8
"NODE_454_length_20811_cov_36.278859"	"PrePostFVT"	"Post"	"PrePostFVTPost"	-2.05950659853545	0	1.15360308648875	0.0742156189086981	1	0.142923279727395	1	NA	"prevalence"	26	8
"NODE_455_length_4871_cov_3.309178"	"PrePostFVT"	"During"	"PrePostFVTDuring"	1.09876691799324	0	1.29100459612592	0.394716857512171	1	0.633632317420059	1	NA	"prevalence"	26	6
"NODE_455_length_4871_cov_3.309178"	"PrePostFVT"	"Post"	"PrePostFVTPost"	-0.510740400276596	0	1.12547268012488	0.649972209261066	1	0.877480545710421	1	NA	"prevalence"	26	6
"NODE_455_length_9365_cov_7.862406"	"PrePostFVT"	"During"	"PrePostFVTDuring"	1.13042681953428	0	1.32812864352872	0.394690163464493	1	0.0376389112634225	1	NA	"prevalence"	26	6
"NODE_455_length_9365_cov_7.862406"	"PrePostFVT"	"Post"	"PrePostFVTPost"	-0.521111999537275	0	1.1392056016131	0.647358737027198	1	0.0763084808630386	1	NA	"prevalence"	26	6
"NODE_4616_length_1165_cov_6.749550"	"PrePostFVT"	"During"	"PrePostFVTDuring"	3.29583610627297	0	2.15165669676602	0.125580012958258	1	0.125580012958258	1	NA	"prevalence"	26	2
"NODE_4616_length_1165_cov_6.749550"	"PrePostFVT"	"Post"	"PrePostFVTPost"	0	0	2.45954856511716	1	1	1	1	NA	"prevalence"	26	2
"NODE_463_length_12161_cov_9.640674"	"PrePostFVT"	"During"	"PrePostFVTDuring"	11.7946167098047	0	446.911245081452	0.97894514772083	1	0.769222519821341	1	NA	"prevalence"	26	20
"NODE_463_length_12161_cov_9.640674"	"PrePostFVT"	"Post"	"PrePostFVTPost"	-0.847507602804886	0	1.25992933467496	0.501161834579455	1	0.751160484719865	1	NA	"prevalence"	26	20
"NODE_4672_length_1015_cov_3.415625"	"PrePostFVT"	"During"	"PrePostFVTDuring"	9.84793642396306	0	84.1802215825228	0.906870874477998	1	0.906870874477998	1	NA	"prevalence"	26	2
"NODE_4672_length_1015_cov_3.415625"	"PrePostFVT"	"Post"	"PrePostFVTPost"	8.54887476696475	0	84.1787467508003	0.91910893634347	1	0.91910893634347	1	NA	"prevalence"	26	2
"NODE_47_length_35571_cov_46.640585"	"PrePostFVT"	"During"	"PrePostFVTDuring"	13.812630598365	0	647.634886905543	0.982984163674603	1	0.782824025109788	1	NA	"prevalence"	26	21
"NODE_47_length_35571_cov_46.640585"	"PrePostFVT"	"Post"	"PrePostFVTPost"	1.09871513705676	0	1.06457703415673	0.302040594822009	1	0.512852668723585	1	NA	"prevalence"	26	21
"NODE_471_length_10690_cov_5.362482"	"PrePostFVT"	"During"	"PrePostFVTDuring"	-5.85608593918004e-07	0	1.58970285741308	0.99999970607837	1	0.999996097301737	1	NA	"prevalence"	26	4
"NODE_471_length_10690_cov_5.362482"	"PrePostFVT"	"Post"	"PrePostFVTPost"	-1.53941073317089	0	1.48199967461687	0.298926177691749	1	0.508495495674099	1	NA	"prevalence"	26	4
"NODE_4717_length_1198_cov_5.545932"	"PrePostFVT"	"During"	"PrePostFVTDuring"	-9.45488172466684e-14	0	3.29983100448909	0.999999999999977	1	0.999999999999977	1	NA	"prevalence"	26	3
"NODE_4717_length_1198_cov_5.545932"	"PrePostFVT"	"Post"	"PrePostFVTPost"	1.8489175514323	0	2.04207518246149	0.365247633732098	1	0.365247633732098	1	NA	"prevalence"	26	3
"NODE_474_length_13836_cov_8.532327"	"PrePostFVT"	"During"	"PrePostFVTDuring"	11.4367084338964	0	394.139141199778	0.97685108695194	1	0.968718154697044	1	NA	"prevalence"	26	21
"NODE_474_length_13836_cov_8.532327"	"PrePostFVT"	"Post"	"PrePostFVTPost"	-0.336539952364333	0	1.32019227043666	0.798786913681343	1	0.681948808833771	1	NA	"prevalence"	26	21
"NODE_4746_length_1191_cov_6.191901"	"PrePostFVT"	"During"	"PrePostFVTDuring"	1.9458684031177	0	1.46384697335188	0.183754281227457	1	0.333742926585495	1	NA	"prevalence"	26	7
"NODE_4746_length_1191_cov_6.191901"	"PrePostFVT"	"Post"	"PrePostFVTPost"	1.25269824659265	0	1.23201211055408	0.309253088197962	1	0.522868703835947	1	NA	"prevalence"	26	7
"NODE_476_length_10574_cov_8.492252"	"PrePostFVT"	"During"	"PrePostFVTDuring"	0.587990079442406	0	1.36624222726217	0.666926295165601	1	0.44069328986053	1	NA	"prevalence"	26	13
"NODE_476_length_10574_cov_8.492252"	"PrePostFVT"	"Post"	"PrePostFVTPost"	-1.2037934723913	0	0.95305323925377	0.206556288255139	1	0.125029449333125	1	NA	"prevalence"	26	13
"NODE_477_length_15190_cov_11.631913"	"PrePostFVT"	"During"	"PrePostFVTDuring"	-4.97432747356711e-15	0	1.39855701290502	0.999999999999997	1	0.406861636893308	1	NA	"prevalence"	26	16
"NODE_477_length_15190_cov_11.631913"	"PrePostFVT"	"Post"	"PrePostFVTPost"	-1.38437462530976	0	0.997264842310324	0.16508483054724	1	0.302916659817669	1	NA	"prevalence"	26	16
"NODE_48_length_29548_cov_16476.712644"	"PrePostFVT"	"During"	"PrePostFVTDuring"	12.2037199174919	0	394.138693317439	0.975299040041972	1	0.802582634179684	1	NA	"prevalence"	26	18
"NODE_48_length_29548_cov_16476.712644"	"PrePostFVT"	"Post"	"PrePostFVTPost"	-0.762174269892667	0	1.00475718083293	0.448112435720594	1	0.695420116393744	1	NA	"prevalence"	26	18
"NODE_480_length_16803_cov_99.263016"	"PrePostFVT"	"During"	"PrePostFVTDuring"	12.390951523722	0	639.688557820825	0.984545712790645	1	0.999412118010391	1	NA	"prevalence"	26	25
"NODE_480_length_16803_cov_99.263016"	"PrePostFVT"	"Post"	"PrePostFVTPost"	12.8661483041099	0	460.837144274907	0.977726692109118	1	0.411204726442513	1	NA	"prevalence"	26	25
"NODE_4819_length_1553_cov_13.226969"	"PrePostFVT"	"During"	"PrePostFVTDuring"	12.390951523722	0	639.688557820825	0.984545712790645	1	0.984364427257897	1	NA	"prevalence"	26	25
"NODE_4819_length_1553_cov_13.226969"	"PrePostFVT"	"Post"	"PrePostFVTPost"	12.8661483041099	0	460.837144274907	0.977726692109118	1	0.290573885838038	1	NA	"prevalence"	26	25
"NODE_482_length_6261_cov_4.535127"	"PrePostFVT"	"During"	"PrePostFVTDuring"	11.7946167098047	0	446.911245081452	0.97894514772083	1	0.749916263865225	1	NA	"prevalence"	26	20
"NODE_482_length_6261_cov_4.535127"	"PrePostFVT"	"Post"	"PrePostFVTPost"	-0.847507602804886	0	1.25992933467496	0.501161834579455	1	0.494660287293523	1	NA	"prevalence"	26	20
"NODE_483_length_7947_cov_8.551191"	"PrePostFVT"	"During"	"PrePostFVTDuring"	11.5551776582196	0	48.6881089893374	0.812400332107453	1	0.964806364606606	1	NA	"prevalence"	26	23
"NODE_483_length_7947_cov_8.551191"	"PrePostFVT"	"Post"	"PrePostFVTPost"	0.507737699231846	0	1.58901814942	0.749325252014625	1	0.614926886060578	1	NA	"prevalence"	26	23
"NODE_484_length_5956_cov_60.701745"	"PrePostFVT"	"During"	"PrePostFVTDuring"	14.4007122928511	0	1024.00049299983	0.988779568610089	1	0.301457563583151	1	NA	"prevalence"	26	16
"NODE_484_length_5956_cov_60.701745"	"PrePostFVT"	"Post"	"PrePostFVTPost"	-0.847256529888615	0	0.936048106332967	0.365390121704158	1	0.347371073480136	1	NA	"prevalence"	26	16
"NODE_486_length_6444_cov_8.092190"	"PrePostFVT"	"During"	"PrePostFVTDuring"	14.4329148326118	0	1136.33273836376	0.989866092999646	1	0.465604340946143	1	NA	"prevalence"	26	24
"NODE_486_length_6444_cov_8.092190"	"PrePostFVT"	"Post"	"PrePostFVTPost"	15.3901840097538	0	1058.7982631177	0.988402740878364	1	0.937129658596412	1	NA	"prevalence"	26	24
"NODE_486_length_8815_cov_3.911872"	"PrePostFVT"	"During"	"PrePostFVTDuring"	12.373143793696	0	418.047046608488	0.976388066150819	1	0.861038254501774	1	NA	"prevalence"	26	16
"NODE_486_length_8815_cov_3.911872"	"PrePostFVT"	"Post"	"PrePostFVTPost"	-1.79144886126372	0	1.02055429655891	0.0791962970734693	1	0.152120540676789	1	NA	"prevalence"	26	16
"NODE_489_length_18498_cov_16.453017"	"PrePostFVT"	"During"	"PrePostFVTDuring"	0.510824077775536	0	1.23827812615676	0.679952652145567	1	0.679952652145567	1	NA	"prevalence"	26	5
"NODE_489_length_18498_cov_16.453017"	"PrePostFVT"	"Post"	"PrePostFVTPost"	-16.0278136087849	0	2896.31217167708	0.99558463349492	1	0.99558463349492	1	NA	"prevalence"	26	5
"NODE_491_length_7982_cov_27.348808"	"PrePostFVT"	"During"	"PrePostFVTDuring"	-16.8336471920833	0	3774.00935850806	0.996441115698409	1	0.996441115698409	1	NA	"prevalence"	26	4
"NODE_491_length_7982_cov_27.348808"	"PrePostFVT"	"Post"	"PrePostFVTPost"	-16.0472323932392	0	1470.53241722279	0.991293231822657	1	0.991293231822657	1	NA	"prevalence"	26	4
"NODE_492_length_8732_cov_6.818716"	"PrePostFVT"	"During"	"PrePostFVTDuring"	11.5551776582196	0	48.6881089893374	0.812400332107453	1	0.783083738241932	1	NA	"prevalence"	26	23
"NODE_492_length_8732_cov_6.818716"	"PrePostFVT"	"Post"	"PrePostFVTPost"	0.507737699231846	0	1.58901814942	0.749325252014625	1	0.365091115478528	1	NA	"prevalence"	26	23
"NODE_493_length_18317_cov_24.839010"	"PrePostFVT"	"During"	"PrePostFVTDuring"	12.1155674867815	0	591.207832070244	0.983650169789232	1	0.962400542028344	1	NA	"prevalence"	26	22
"NODE_493_length_18317_cov_24.839010"	"PrePostFVT"	"Post"	"PrePostFVTPost"	0.452235712845083	0	1.49463259843558	0.762215169124025	1	0.614395350868619	1	NA	"prevalence"	26	22
"NODE_498_length_18150_cov_25.040951|provirus_5737_18148"	"PrePostFVT"	"During"	"PrePostFVTDuring"	11.9274674425691	0	332.230408966407	0.971361146022258	1	0.851947407732995	1	NA	"prevalence"	26	18
"NODE_498_length_18150_cov_25.040951|provirus_5737_18148"	"PrePostFVT"	"Post"	"PrePostFVTPost"	-0.405393552814839	0	1.02063630221815	0.69122228424226	1	0.6764590691197	1	NA	"prevalence"	26	18
"NODE_499_length_7571_cov_37.322113"	"PrePostFVT"	"During"	"PrePostFVTDuring"	10.6794096189638	0	274.907543066728	0.969012151247391	1	0.956753479359757	1	NA	"prevalence"	26	22
"NODE_499_length_7571_cov_37.322113"	"PrePostFVT"	"Post"	"PrePostFVTPost"	-0.336484930595302	0	1.32017826163446	0.79881701530527	1	0.76736490075112	1	NA	"prevalence"	26	22
"NODE_502_length_4680_cov_4.082162"	"PrePostFVT"	"During"	"PrePostFVTDuring"	11.5551776582196	0	48.6881089893374	0.812400332107453	1	0.964806364606606	1	NA	"prevalence"	26	23
"NODE_502_length_4680_cov_4.082162"	"PrePostFVT"	"Post"	"PrePostFVTPost"	0.507737699231846	0	1.58901814942	0.749325252014625	1	0.0156831043287489	1	NA	"prevalence"	26	23
"NODE_502_length_7518_cov_18.659654"	"PrePostFVT"	"During"	"PrePostFVTDuring"	13.4719427734071	0	803.292279403078	0.986619376839845	1	0.922742828452748	1	NA	"prevalence"	26	21
"NODE_502_length_7518_cov_18.659654"	"PrePostFVT"	"Post"	"PrePostFVTPost"	0.51080354912358	0	1.12542808601434	0.649918877210217	1	0.186634219965853	1	NA	"prevalence"	26	21
"NODE_502_length_8707_cov_57.547272"	"PrePostFVT"	"During"	"PrePostFVTDuring"	12.390951523722	0	639.688557820825	0.984545712790645	1	0.99946780775121	1	NA	"prevalence"	26	25
"NODE_502_length_8707_cov_57.547272"	"PrePostFVT"	"Post"	"PrePostFVTPost"	12.8661483041099	0	460.837144274907	0.977726692109118	1	0.665582194295519	1	NA	"prevalence"	26	25
"NODE_502_length_9921_cov_9.503953"	"PrePostFVT"	"During"	"PrePostFVTDuring"	13.2121366703683	0	568.013383897064	0.981442674317691	1	0.127829211006531	1	NA	"prevalence"	26	16
"NODE_502_length_9921_cov_9.503953"	"PrePostFVT"	"Post"	"PrePostFVTPost"	-1.79179032575274	0	1.02062529109018	0.0791599860755659	1	0.152053668755648	1	NA	"prevalence"	26	16
"NODE_5020_length_1499_cov_5.474377"	"PrePostFVT"	"During"	"PrePostFVTDuring"	-11.2712708495354	0	356.512430953294	0.974778789529701	1	0.974778789529701	1	NA	"prevalence"	26	5
"NODE_5020_length_1499_cov_5.474377"	"PrePostFVT"	"Post"	"PrePostFVTPost"	0.847028621422625	0	1.25983649889467	0.50137224685859	1	0.50137224685859	1	NA	"prevalence"	26	5
"NODE_504_length_3999_cov_6.731237"	"PrePostFVT"	"During"	"PrePostFVTDuring"	14.4329148326118	0	1136.33273836376	0.989866092999646	1	0.578003095554836	1	NA	"prevalence"	26	24
"NODE_504_length_3999_cov_6.731237"	"PrePostFVT"	"Post"	"PrePostFVTPost"	15.3901840097538	0	1058.7982631177	0.988402740878364	1	0.990648683976603	1	NA	"prevalence"	26	24
"NODE_504_length_4677_cov_196.953700"	"PrePostFVT"	"During"	"PrePostFVTDuring"	15.937017798986	0	1182.4135778289	0.989246135458258	1	0.619821137441994	1	NA	"prevalence"	26	12
"NODE_504_length_4677_cov_196.953700"	"PrePostFVT"	"Post"	"PrePostFVTPost"	0.174040781870065	0	0.936049643108181	0.852498757906222	1	0.978243383580793	1	NA	"prevalence"	26	12
"NODE_504_length_8678_cov_23.069813"	"PrePostFVT"	"During"	"PrePostFVTDuring"	0	0	3.2998296956836	1	1	0.973211135135984	1	NA	"prevalence"	26	25
"NODE_504_length_8678_cov_23.069813"	"PrePostFVT"	"Post"	"PrePostFVTPost"	-1.23632920280551	0	2.11197231441812	0.558284960643895	1	0.804887824006635	1	NA	"prevalence"	26	25
"NODE_506_length_14593_cov_7.901087"	"PrePostFVT"	"During"	"PrePostFVTDuring"	1.99918792097316	0	1.52024408892607	0.1884951035701	1	0.0597798284394587	1	NA	"prevalence"	26	6
"NODE_506_length_14593_cov_7.901087"	"PrePostFVT"	"Post"	"PrePostFVTPost"	0.864735431561602	0	1.27603973582909	0.497980164753977	1	0.741650669089389	1	NA	"prevalence"	26	6
"NODE_5114_length_1045_cov_6.445455"	"PrePostFVT"	"During"	"PrePostFVTDuring"	-0.795342041181666	0	1.6010899837468	0.619365097729748	1	0.786526826372739	1	NA	"prevalence"	26	6
"NODE_5114_length_1045_cov_6.445455"	"PrePostFVT"	"Post"	"PrePostFVTPost"	-2.36429923619464	0	1.53579109361151	0.123690403074278	1	0.232081490335878	1	NA	"prevalence"	26	6
"NODE_5130_length_1228_cov_2.198636"	"PrePostFVT"	"During"	"PrePostFVTDuring"	-5.86130822982681e-06	0	1.44546363162544	0.999996764603937	1	0.999996764603937	1	NA	"prevalence"	26	4
"NODE_5130_length_1228_cov_2.198636"	"PrePostFVT"	"Post"	"PrePostFVTPost"	-1.33789378162783	0	1.35870484039615	0.324779724938654	1	0.324779724938654	1	NA	"prevalence"	26	4
"NODE_515_length_15976_cov_64.566108|provirus_96_3676"	"PrePostFVT"	"During"	"PrePostFVTDuring"	-1.22542833087612e-16	0	1.22474429955504	1	1	0.296056104670028	1	NA	"prevalence"	26	8
"NODE_515_length_15976_cov_64.566108|provirus_96_3676"	"PrePostFVT"	"Post"	"PrePostFVTPost"	-2.05950659853545	0	1.15360286035479	0.0742155621728264	1	0.142923174677024	1	NA	"prevalence"	26	8
"NODE_515_length_5801_cov_5.203098"	"PrePostFVT"	"During"	"PrePostFVTDuring"	15.2709540486101	0	53.2905646183926	0.774449104215346	1	0.816085423088001	1	NA	"prevalence"	26	18
"NODE_515_length_5801_cov_5.203098"	"PrePostFVT"	"Post"	"PrePostFVTPost"	-0.415644599606052	0	1.03533296669359	0.688081605437384	1	0.109422984075745	1	NA	"prevalence"	26	18
"NODE_516_length_24243_cov_6.742434"	"PrePostFVT"	"During"	"PrePostFVTDuring"	1.94586742321312	0	1.46383778475141	0.183751750212367	1	0.15342472671633	1	NA	"prevalence"	26	7
"NODE_516_length_24243_cov_6.742434"	"PrePostFVT"	"Post"	"PrePostFVTPost"	1.25273564435794	0	1.23199807315215	0.309233132542797	1	0.522841134823363	1	NA	"prevalence"	26	7
"NODE_518_length_4291_cov_13.228281"	"PrePostFVT"	"During"	"PrePostFVTDuring"	-15.6799228974241	0	803.300613138162	0.984426783959539	1	0.984426783959539	1	NA	"prevalence"	26	4
"NODE_518_length_4291_cov_13.228281"	"PrePostFVT"	"Post"	"PrePostFVTPost"	-2.74549533149784	0	1.84750254767282	0.137263867534354	1	0.25568636573822	1	NA	"prevalence"	26	4
"NODE_518_length_7351_cov_49.470943"	"PrePostFVT"	"During"	"PrePostFVTDuring"	-11.8290930007769	0	486.106909839215	0.980585918298199	1	0.980585918298199	1	NA	"prevalence"	26	3
"NODE_518_length_7351_cov_49.470943"	"PrePostFVT"	"Post"	"PrePostFVTPost"	-11.6323926930891	0	255.503683593399	0.963687015702945	1	0.963687015702945	1	NA	"prevalence"	26	3
"NODE_52_length_84715_cov_387.896220"	"PrePostFVT"	"During"	"PrePostFVTDuring"	11.5551776582196	0	48.6881089893374	0.812400332107453	1	0.877074983434757	1	NA	"prevalence"	26	24
"NODE_52_length_84715_cov_387.896220"	"PrePostFVT"	"Post"	"PrePostFVTPost"	0.507737699231846	0	1.58901814942	0.749325252014625	1	0.918716515988413	1	NA	"prevalence"	26	24
"NODE_520_length_9259_cov_14.997827"	"PrePostFVT"	"During"	"PrePostFVTDuring"	13.2121366703683	0	568.013383897064	0.981442674317691	1	0.0861953262458063	1	NA	"prevalence"	26	16
"NODE_520_length_9259_cov_14.997827"	"PrePostFVT"	"Post"	"PrePostFVTPost"	-1.79179032575274	0	1.02062529109018	0.0791599860755659	1	0.152053668755648	1	NA	"prevalence"	26	16
"NODE_5265_length_1240_cov_5.282700"	"PrePostFVT"	"During"	"PrePostFVTDuring"	1.17233532694672	0	1.37287786835523	0.393146307155865	1	0.250300565808789	1	NA	"prevalence"	26	11
"NODE_5265_length_1240_cov_5.282700"	"PrePostFVT"	"Post"	"PrePostFVTPost"	-1.17233532481127	0	0.980610613261986	0.231885629369507	1	0.169730880707206	1	NA	"prevalence"	26	11
"NODE_530_length_12000_cov_40.575303"	"PrePostFVT"	"During"	"PrePostFVTDuring"	11.182476968281	0	233.392725667822	0.961785813368153	1	0.623539829565343	1	NA	"prevalence"	26	17
"NODE_530_length_12000_cov_40.575303"	"PrePostFVT"	"Post"	"PrePostFVTPost"	-1.43482454023664	0	1.00465490694858	0.153241059531217	1	0.282999296736184	1	NA	"prevalence"	26	17
"NODE_530_length_12411_cov_6.230091"	"PrePostFVT"	"During"	"PrePostFVTDuring"	0.588032005062278	0	1.36628438331556	0.666913634907754	1	0.0269588862472557	1	NA	"prevalence"	26	13
"NODE_530_length_12411_cov_6.230091"	"PrePostFVT"	"Post"	"PrePostFVTPost"	-0.847193323583659	0	0.936042797452431	0.3654231717555	1	0.59731224905515	1	NA	"prevalence"	26	13
"NODE_535_length_9302_cov_18.873472"	"PrePostFVT"	"During"	"PrePostFVTDuring"	13.7974705231076	0	194.387663985993	0.94341435212814	1	0.785394639841312	1	NA	"prevalence"	26	22
"NODE_535_length_9302_cov_18.873472"	"PrePostFVT"	"Post"	"PrePostFVTPost"	1.30272054446431	0	1.34412225329487	0.332446429254798	1	0.118054398638711	1	NA	"prevalence"	26	22
"NODE_536_length_3624_cov_406.142337"	"PrePostFVT"	"During"	"PrePostFVTDuring"	1.94640230606829	0	1.46394981205487	0.183664817355876	1	0.183664817355876	1	NA	"prevalence"	26	3
"NODE_536_length_3624_cov_406.142337"	"PrePostFVT"	"Post"	"PrePostFVTPost"	-13.4060602813264	0	579.262656735314	0.981535951595354	1	0.981535951595354	1	NA	"prevalence"	26	3
"NODE_5373_length_1043_cov_4.048583"	"PrePostFVT"	"During"	"PrePostFVTDuring"	-1.19237843514495	0	2.04811446046667	0.56044308938385	1	0.728886417186504	1	NA	"prevalence"	26	4
"NODE_5373_length_1043_cov_4.048583"	"PrePostFVT"	"Post"	"PrePostFVTPost"	-12.2458821603141	0	50.0157699681135	0.806579995046061	1	0.806579995046061	1	NA	"prevalence"	26	4
"NODE_540_length_11002_cov_8.996894"	"PrePostFVT"	"During"	"PrePostFVTDuring"	-4.58161740986444e-15	0	1.39855703102161	0.999999999999997	1	0.101503039475701	1	NA	"prevalence"	26	14
"NODE_540_length_11002_cov_8.996894"	"PrePostFVT"	"Post"	"PrePostFVTPost"	-1.38437462530976	0	0.997264985950758	0.165084891417097	1	0.30291676146	1	NA	"prevalence"	26	14
"NODE_543_length_4816_cov_8.005881"	"PrePostFVT"	"During"	"PrePostFVTDuring"	11.5551776582196	0	48.6881089893374	0.812400332107453	1	0.959197206494957	1	NA	"prevalence"	26	24
"NODE_543_length_4816_cov_8.005881"	"PrePostFVT"	"Post"	"PrePostFVTPost"	0.507737699231846	0	1.58901814942	0.749325252014625	1	0.69620910546643	1	NA	"prevalence"	26	24
"NODE_5433_length_1204_cov_4.010444"	"PrePostFVT"	"During"	"PrePostFVTDuring"	1.01727560645649e-30	0	1.39855755640525	1	1	0.306775311459694	1	NA	"prevalence"	26	15
"NODE_5433_length_1204_cov_4.010444"	"PrePostFVT"	"Post"	"PrePostFVTPost"	-1.38437461041685	0	0.997264771631033	0.165084805142138	1	0.302916617395458	1	NA	"prevalence"	26	15
"NODE_545_length_14235_cov_14.402257"	"PrePostFVT"	"During"	"PrePostFVTDuring"	12.1155674867815	0	591.207832070244	0.983650169789232	1	0.929462072528856	1	NA	"prevalence"	26	22
"NODE_545_length_14235_cov_14.402257"	"PrePostFVT"	"Post"	"PrePostFVTPost"	0.452235712845083	0	1.49463259843558	0.762215169124025	1	0.339657888961203	1	NA	"prevalence"	26	22
"NODE_545_length_3550_cov_3.934478"	"PrePostFVT"	"During"	"PrePostFVTDuring"	0.510834626104294	0	1.23828282935212	0.679947557963237	1	0.798435264374043	1	NA	"prevalence"	26	8
"NODE_545_length_3550_cov_3.934478"	"PrePostFVT"	"Post"	"PrePostFVTPost"	-0.587697344909015	0	0.988831945997467	0.552288134303983	1	0.799554085314992	1	NA	"prevalence"	26	8
"NODE_546_length_8041_cov_7.521913"	"PrePostFVT"	"During"	"PrePostFVTDuring"	10.6794096189638	0	274.907543066728	0.969012151247391	1	0.874483065696937	1	NA	"prevalence"	26	22
"NODE_546_length_8041_cov_7.521913"	"PrePostFVT"	"Post"	"PrePostFVTPost"	-0.336484930595302	0	1.32017826163446	0.79881701530527	1	0.95952540666932	1	NA	"prevalence"	26	22
"NODE_548_length_8007_cov_11.081992"	"PrePostFVT"	"During"	"PrePostFVTDuring"	13.7974705231076	0	194.387663985993	0.94341435212814	1	0.627961302990549	1	NA	"prevalence"	26	23
"NODE_548_length_8007_cov_11.081992"	"PrePostFVT"	"Post"	"PrePostFVTPost"	1.30272054446431	0	1.34412225329487	0.332446429254798	1	0.554372230185331	1	NA	"prevalence"	26	23
"NODE_55_length_89827_cov_97.896738"	"PrePostFVT"	"During"	"PrePostFVTDuring"	-0.51088199108782	0	1.23827832082305	0.679918427461159	1	0.639661245270137	1	NA	"prevalence"	26	12
"NODE_55_length_89827_cov_97.896738"	"PrePostFVT"	"Post"	"PrePostFVTPost"	-0.847325784197762	0	0.936051183612986	0.365352508498197	1	0.597222561530468	1	NA	"prevalence"	26	12
"NODE_550_length_6952_cov_55.107293"	"PrePostFVT"	"During"	"PrePostFVTDuring"	16.6460161900052	0	1024.00001692998	0.987030259600549	1	0.00391304667518664	1	NA	"prevalence"	26	18
"NODE_550_length_6952_cov_55.107293"	"PrePostFVT"	"Post"	"PrePostFVTPost"	-0.174363336423933	0	0.936049996138098	0.852228589212511	1	0.0776877065316576	1	NA	"prevalence"	26	18
"NODE_551_length_4189_cov_6.637639"	"PrePostFVT"	"During"	"PrePostFVTDuring"	11.5551776582196	0	48.6881089893374	0.812400332107453	1	0.964806364606606	1	NA	"prevalence"	26	24
"NODE_551_length_4189_cov_6.637639"	"PrePostFVT"	"Post"	"PrePostFVTPost"	0.507737699231846	0	1.58901814942	0.749325252014625	1	0.937162170722469	1	NA	"prevalence"	26	24
"NODE_553_length_7537_cov_19.611868"	"PrePostFVT"	"During"	"PrePostFVTDuring"	16.6460161900052	0	1024.00001692998	0.987030259600549	1	0.824451541162854	1	NA	"prevalence"	26	18
"NODE_553_length_7537_cov_19.611868"	"PrePostFVT"	"Post"	"PrePostFVTPost"	-0.174363336423933	0	0.936049996138098	0.852228589212511	1	0.978163610153875	1	NA	"prevalence"	26	18
"NODE_554_length_7991_cov_8.091482"	"PrePostFVT"	"During"	"PrePostFVTDuring"	11.5551776582196	0	48.6881089893374	0.812400332107453	1	0.964806364606606	1	NA	"prevalence"	26	23
"NODE_554_length_7991_cov_8.091482"	"PrePostFVT"	"Post"	"PrePostFVTPost"	0.507737699231846	0	1.58901814942	0.749325252014625	1	0.365634332306612	1	NA	"prevalence"	26	23
"NODE_555_length_13052_cov_9.809264"	"PrePostFVT"	"During"	"PrePostFVTDuring"	0	0	3.2998296956836	1	1	0.735779806314991	1	NA	"prevalence"	26	23
"NODE_555_length_13052_cov_9.809264"	"PrePostFVT"	"Post"	"PrePostFVTPost"	-1.23632920280551	0	2.11197231441812	0.558284960643895	1	0.612107407598012	1	NA	"prevalence"	26	23
"NODE_5555_length_1440_cov_3.178339"	"PrePostFVT"	"During"	"PrePostFVTDuring"	-11.2712708495354	0	356.512430953294	0.974778789529701	1	0.974778789529701	1	NA	"prevalence"	26	6
"NODE_5555_length_1440_cov_3.178339"	"PrePostFVT"	"Post"	"PrePostFVTPost"	0.847028621422625	0	1.25983649889467	0.50137224685859	1	0.50137224685859	1	NA	"prevalence"	26	6
"NODE_56_length_26185_cov_36.992576"	"PrePostFVT"	"During"	"PrePostFVTDuring"	-1.20118623168723e-13	0	3.29982160492997	0.999999999999971	1	0.999999999999971	1	NA	"prevalence"	26	2
"NODE_56_length_26185_cov_36.992576"	"PrePostFVT"	"Post"	"PrePostFVTPost"	1.84891755143229	0	2.04206871852044	0.365246115976955	1	0.365246115976955	1	NA	"prevalence"	26	2
"NODE_5616_length_1009_cov_7.381551"	"PrePostFVT"	"During"	"PrePostFVTDuring"	3.29583610627297	0	2.15165669676602	0.125580012958258	1	0.125580012958258	1	NA	"prevalence"	26	2
"NODE_5616_length_1009_cov_7.381551"	"PrePostFVT"	"Post"	"PrePostFVTPost"	0	0	2.45954856511716	1	1	1	1	NA	"prevalence"	26	2
"NODE_562_length_6184_cov_8.894926"	"PrePostFVT"	"During"	"PrePostFVTDuring"	4.58062647013004	0	8.2349898435987	0.578047153240578	1	0.821955795111619	1	NA	"prevalence"	26	20
"NODE_562_length_6184_cov_8.894926"	"PrePostFVT"	"Post"	"PrePostFVTPost"	4.76320752638574e-15	0	1.03069458699721	0.999999999999996	1	0.115771074354835	1	NA	"prevalence"	26	20
"NODE_564_length_12863_cov_9.493910"	"PrePostFVT"	"During"	"PrePostFVTDuring"	-0.510896746076866	0	1.23828293727719	0.679910822934734	1	0.881706052356543	1	NA	"prevalence"	26	10
"NODE_564_length_12863_cov_9.493910"	"PrePostFVT"	"Post"	"PrePostFVTPost"	-2.12030617368932	0	1.06457557434628	0.0464049116396688	1	0.0906564074550521	1	NA	"prevalence"	26	10
"NODE_566_length_3670_cov_6.032365"	"PrePostFVT"	"During"	"PrePostFVTDuring"	12.390951523722	0	639.688557820825	0.984545712790645	1	0.990977351436297	1	NA	"prevalence"	26	25
"NODE_566_length_3670_cov_6.032365"	"PrePostFVT"	"Post"	"PrePostFVTPost"	12.8661483041099	0	460.837144274907	0.977726692109118	1	0.405952221450943	1	NA	"prevalence"	26	25
"NODE_569_length_13179_cov_6.864066"	"PrePostFVT"	"During"	"PrePostFVTDuring"	0.510710890943243	0	1.23827237939939	0.680018233587697	1	0.315349611000684	1	NA	"prevalence"	26	7
"NODE_569_length_13179_cov_6.864066"	"PrePostFVT"	"Post"	"PrePostFVTPost"	-1.09869628715279	0	1.06457396793102	0.302047496657859	1	0.312856049237082	1	NA	"prevalence"	26	7
"NODE_569_length_3346_cov_3.490125"	"PrePostFVT"	"During"	"PrePostFVTDuring"	-9.09809373505677e-14	0	3.29983040957748	0.999999999999978	1	0.999999999999978	1	NA	"prevalence"	26	3
"NODE_569_length_3346_cov_3.490125"	"PrePostFVT"	"Post"	"PrePostFVTPost"	1.8489175514323	0	2.04207409809443	0.365247379119453	1	0.365247379119453	1	NA	"prevalence"	26	3
"NODE_57_length_40080_cov_51.611518"	"PrePostFVT"	"During"	"PrePostFVTDuring"	4.04121180963559e-14	0	16.5567388404407	0.999999999999998	1	0.999999999999998	1	NA	"prevalence"	26	2
"NODE_57_length_40080_cov_51.611518"	"PrePostFVT"	"Post"	"PrePostFVTPost"	4.34056083257155e-14	0	12.3406658937263	0.999999999999997	1	0.999999999999997	1	NA	"prevalence"	26	2
"NODE_570_length_4207_cov_5.436175"	"PrePostFVT"	"During"	"PrePostFVTDuring"	-1.20118623168723e-13	0	3.29982160492997	0.999999999999971	1	0.999999999999971	1	NA	"prevalence"	26	2
"NODE_570_length_4207_cov_5.436175"	"PrePostFVT"	"Post"	"PrePostFVTPost"	1.84891755143229	0	2.04206871852044	0.365246115976955	1	0.365246115976955	1	NA	"prevalence"	26	2
"NODE_570_length_6989_cov_7.928613"	"PrePostFVT"	"During"	"PrePostFVTDuring"	11.5551776582196	0	48.6881089893374	0.812400332107453	1	0.964806364606606	1	NA	"prevalence"	26	23
"NODE_570_length_6989_cov_7.928613"	"PrePostFVT"	"Post"	"PrePostFVTPost"	0.507737699231846	0	1.58901814942	0.749325252014625	1	0.622137062781118	1	NA	"prevalence"	26	23
"NODE_578_length_8573_cov_7.456797"	"PrePostFVT"	"During"	"PrePostFVTDuring"	0.587761775009131	0	1.36625764512534	0.667051367269617	1	0.0565441563159486	1	NA	"prevalence"	26	11
"NODE_578_length_8573_cov_7.456797"	"PrePostFVT"	"Post"	"PrePostFVTPost"	-1.60944674122635	0	0.988827237462154	0.10360296386508	1	0.175737109041355	1	NA	"prevalence"	26	11
"NODE_581_length_3648_cov_8.794044"	"PrePostFVT"	"During"	"PrePostFVTDuring"	-1.20344830477443	0	1.44845468486545	0.406058477953684	1	0.137307876149474	1	NA	"prevalence"	26	6
"NODE_581_length_3648_cov_8.794044"	"PrePostFVT"	"Post"	"PrePostFVTPost"	-2.5690858845928	0	1.40194313236831	0.0668742974163092	1	0.129276423177693	1	NA	"prevalence"	26	6
"NODE_584_length_6871_cov_8.615170"	"PrePostFVT"	"During"	"PrePostFVTDuring"	12.1555974080204	0	603.923415436742	0.983941492542344	1	0.54367449755819	1	NA	"prevalence"	26	21
"NODE_584_length_6871_cov_8.615170"	"PrePostFVT"	"Post"	"PrePostFVTPost"	-1.25269634494055	0	1.23198102068101	0.309241613630251	1	0.52285285165986	1	NA	"prevalence"	26	21
"NODE_586_length_4007_cov_10.183451"	"PrePostFVT"	"During"	"PrePostFVTDuring"	13.7974705231076	0	194.387663985993	0.94341435212814	1	0.74145491644419	1	NA	"prevalence"	26	22
"NODE_586_length_4007_cov_10.183451"	"PrePostFVT"	"Post"	"PrePostFVTPost"	1.30272054446431	0	1.34412225329487	0.332446429254798	1	0.554372230185331	1	NA	"prevalence"	26	22
"NODE_59_length_24933_cov_8.847938"	"PrePostFVT"	"During"	"PrePostFVTDuring"	11.5551776582196	0	48.6881089893374	0.812400332107453	1	0.873140685248408	1	NA	"prevalence"	26	24
"NODE_59_length_24933_cov_8.847938"	"PrePostFVT"	"Post"	"PrePostFVTPost"	0.507737699231846	0	1.58901814942	0.749325252014625	1	0.893156056054073	1	NA	"prevalence"	26	24
"NODE_590_length_11219_cov_18.329631"	"PrePostFVT"	"During"	"PrePostFVTDuring"	12.390951523722	0	639.688557820825	0.984545712790645	1	0.999761165006851	1	NA	"prevalence"	26	25
"NODE_590_length_11219_cov_18.329631"	"PrePostFVT"	"Post"	"PrePostFVTPost"	12.8661483041099	0	460.837144274907	0.977726692109118	1	0.462202883005259	1	NA	"prevalence"	26	25
"NODE_590_length_3147_cov_3.171087"	"PrePostFVT"	"During"	"PrePostFVTDuring"	0	0	3.29983171838443	1	1	1	1	NA	"prevalence"	26	2
"NODE_590_length_3147_cov_3.171087"	"PrePostFVT"	"Post"	"PrePostFVTPost"	1.23632920280551	0	2.11197445798043	0.558285360055754	1	0.558285360055754	1	NA	"prevalence"	26	2
"NODE_590_length_6739_cov_4.358767"	"PrePostFVT"	"During"	"PrePostFVTDuring"	20.6347826472527	0	25247.8386867501	0.999347897740431	1	0.799065503161482	1	NA	"prevalence"	26	19
"NODE_590_length_6739_cov_4.358767"	"PrePostFVT"	"Post"	"PrePostFVTPost"	-0.405463715401698	0	0.983494636691423	0.680142740928739	1	0.22348729537393	1	NA	"prevalence"	26	19
"NODE_598_length_6854_cov_9.988381"	"PrePostFVT"	"During"	"PrePostFVTDuring"	0.587630116379415	0	1.36624214689296	0.667117911927293	1	0.099168087142477	1	NA	"prevalence"	26	14
"NODE_598_length_6854_cov_9.988381"	"PrePostFVT"	"Post"	"PrePostFVTPost"	-0.510875838328477	0	0.930954205686416	0.583166176804401	1	0.077831761967749	1	NA	"prevalence"	26	14
"NODE_599_length_7106_cov_9.189760"	"PrePostFVT"	"During"	"PrePostFVTDuring"	-14.2686605912636	0	1182.41356606678	0.990371839422405	1	0.990371839422405	1	NA	"prevalence"	26	7
"NODE_599_length_7106_cov_9.189760"	"PrePostFVT"	"Post"	"PrePostFVTPost"	1.94579359689092	0	1.2149384202964	0.109253521192481	1	0.206570710492005	1	NA	"prevalence"	26	7
"NODE_60_length_70157_cov_14.317295|provirus_6729_54193"	"PrePostFVT"	"During"	"PrePostFVTDuring"	13.2121366703683	0	568.013383897064	0.981442674317691	1	0.0604969146804353	1	NA	"prevalence"	26	15
"NODE_60_length_70157_cov_14.317295|provirus_6729_54193"	"PrePostFVT"	"Post"	"PrePostFVTPost"	-1.79179032575274	0	1.02062529109018	0.0791599860755659	1	0.133184093499465	1	NA	"prevalence"	26	15
"NODE_607_length_4805_cov_7.701895"	"PrePostFVT"	"During"	"PrePostFVTDuring"	13.7974705231076	0	194.387663985993	0.94341435212814	1	0.377277846140889	1	NA	"prevalence"	26	23
"NODE_607_length_4805_cov_7.701895"	"PrePostFVT"	"Post"	"PrePostFVTPost"	1.30272054446431	0	1.34412225329487	0.332446429254798	1	0.554372230185331	1	NA	"prevalence"	26	23
"NODE_608_length_12965_cov_13.707514"	"PrePostFVT"	"During"	"PrePostFVTDuring"	0.587761775009131	0	1.36625764512534	0.667051367269617	1	0.156701457990977	1	NA	"prevalence"	26	11
"NODE_608_length_12965_cov_13.707514"	"PrePostFVT"	"Post"	"PrePostFVTPost"	-1.60944674122635	0	0.988827237462154	0.10360296386508	1	0.196472353608531	1	NA	"prevalence"	26	11
"NODE_61_length_38116_cov_51.972281"	"PrePostFVT"	"During"	"PrePostFVTDuring"	4.04121180963559e-14	0	16.5567388404407	0.999999999999998	1	0.999999999999998	1	NA	"prevalence"	26	2
"NODE_61_length_38116_cov_51.972281"	"PrePostFVT"	"Post"	"PrePostFVTPost"	4.34056083257155e-14	0	12.3406658937263	0.999999999999997	1	0.999999999999997	1	NA	"prevalence"	26	2
"NODE_610_length_3029_cov_10.024210"	"PrePostFVT"	"During"	"PrePostFVTDuring"	2.85406183602197e-16	0	1.38282179126834	1	1	1	1	NA	"prevalence"	26	3
"NODE_610_length_3029_cov_10.024210"	"PrePostFVT"	"Post"	"PrePostFVTPost"	-4.58062992044764	0	4.79897257676125	0.339829492199991	1	0.339829492199991	1	NA	"prevalence"	26	3
"NODE_6107_length_1279_cov_3.598856"	"PrePostFVT"	"During"	"PrePostFVTDuring"	-13.1338301499604	0	993.426564957169	0.989451686311447	1	0.989451686311447	1	NA	"prevalence"	26	2
"NODE_6107_length_1279_cov_3.598856"	"PrePostFVT"	"Post"	"PrePostFVTPost"	-14.8678858811388	0	1365.33393038544	0.991311559844857	1	0.991311559844857	1	NA	"prevalence"	26	2
"NODE_6118_length_1014_cov_9.704901"	"PrePostFVT"	"During"	"PrePostFVTDuring"	4.04121180963559e-14	0	16.5567388404407	0.999999999999998	1	0.999999999999998	1	NA	"prevalence"	26	2
"NODE_6118_length_1014_cov_9.704901"	"PrePostFVT"	"Post"	"PrePostFVTPost"	4.34056083257155e-14	0	12.3406658937263	0.999999999999997	1	0.999999999999997	1	NA	"prevalence"	26	2
"NODE_613_length_17805_cov_53.621634"	"PrePostFVT"	"During"	"PrePostFVTDuring"	1.09864022824838	0	1.29099926077373	0.394769414174681	1	0.291726147944374	1	NA	"prevalence"	26	7
"NODE_613_length_17805_cov_53.621634"	"PrePostFVT"	"Post"	"PrePostFVTPost"	-1.2992234080902	0	1.32573463309834	0.327084827524027	1	0.547185170651632	1	NA	"prevalence"	26	7
"NODE_615_length_11576_cov_114.611145"	"PrePostFVT"	"During"	"PrePostFVTDuring"	11.5551776582196	0	48.6881089893374	0.812400332107453	1	0.964806364606606	1	NA	"prevalence"	26	24
"NODE_615_length_11576_cov_114.611145"	"PrePostFVT"	"Post"	"PrePostFVTPost"	0.507737699231846	0	1.58901814942	0.749325252014625	1	0.465997799967992	1	NA	"prevalence"	26	24
"NODE_615_length_6450_cov_19.525410"	"PrePostFVT"	"During"	"PrePostFVTDuring"	12.390951523722	0	639.688557820825	0.984545712790645	1	0.991672179463042	1	NA	"prevalence"	26	25
"NODE_615_length_6450_cov_19.525410"	"PrePostFVT"	"Post"	"PrePostFVTPost"	12.8661483041099	0	460.837144274907	0.977726692109118	1	0.512453437560069	1	NA	"prevalence"	26	25
"NODE_6183_length_1314_cov_3.867355"	"PrePostFVT"	"During"	"PrePostFVTDuring"	0	0	3.299831361439	1	1	1	1	NA	"prevalence"	26	2
"NODE_6183_length_1314_cov_3.867355"	"PrePostFVT"	"Post"	"PrePostFVTPost"	1.23632920280552	0	2.1119756758164	0.558285586975903	1	0.558285586975903	1	NA	"prevalence"	26	2
"NODE_619_length_11199_cov_10.410266"	"PrePostFVT"	"During"	"PrePostFVTDuring"	-0.598132915138901	0	1.3811099344756	0.66495569214303	1	0.887745311772644	1	NA	"prevalence"	26	7
"NODE_619_length_11199_cov_10.410266"	"PrePostFVT"	"Post"	"PrePostFVTPost"	-1.11553677437359	0	1.08544751813548	0.304081274918721	1	0.515697128081247	1	NA	"prevalence"	26	7
"NODE_620_length_4093_cov_9.471521"	"PrePostFVT"	"During"	"PrePostFVTDuring"	13.7974705231076	0	194.387663985993	0.94341435212814	1	0.644074913959145	1	NA	"prevalence"	26	23
"NODE_620_length_4093_cov_9.471521"	"PrePostFVT"	"Post"	"PrePostFVTPost"	1.30272054446431	0	1.34412225329487	0.332446429254798	1	0.554372230185331	1	NA	"prevalence"	26	23
"NODE_621_length_7036_cov_14.523277"	"PrePostFVT"	"During"	"PrePostFVTDuring"	4.58062002189877	0	8.23472415418927	0.57803542145329	1	0.786739106401996	1	NA	"prevalence"	26	16
"NODE_621_length_7036_cov_14.523277"	"PrePostFVT"	"Post"	"PrePostFVTPost"	-1.00552180876456	0	0.985256992956543	0.307459132838966	1	0.520387147311843	1	NA	"prevalence"	26	16
"NODE_622_length_8361_cov_13.566458"	"PrePostFVT"	"During"	"PrePostFVTDuring"	0	0	3.2998296956836	1	1	0.977959693910653	1	NA	"prevalence"	26	23
"NODE_622_length_8361_cov_13.566458"	"PrePostFVT"	"Post"	"PrePostFVTPost"	-1.23632920280551	0	2.11197231441812	0.558284960643895	1	0.419548674467415	1	NA	"prevalence"	26	23
"NODE_6235_length_1316_cov_8.171293"	"PrePostFVT"	"During"	"PrePostFVTDuring"	15.326762903907	0	747.824122816838	0.983648385982668	1	0.138408092552173	1	NA	"prevalence"	26	9
"NODE_6235_length_1316_cov_8.171293"	"PrePostFVT"	"Post"	"PrePostFVTPost"	-1.0986129698357	0	1.06458170881385	0.302087674861707	1	0.512918386420061	1	NA	"prevalence"	26	9
"NODE_627_length_6108_cov_41.545845"	"PrePostFVT"	"During"	"PrePostFVTDuring"	4.04121180963559e-14	0	16.5567388404407	0.999999999999998	1	0.999999999999998	1	NA	"prevalence"	26	2
"NODE_627_length_6108_cov_41.545845"	"PrePostFVT"	"Post"	"PrePostFVTPost"	4.34056083257155e-14	0	12.3406658937263	0.999999999999997	1	0.999999999999997	1	NA	"prevalence"	26	2
"NODE_63_length_110474_cov_16.315109|provirus_110_26744"	"PrePostFVT"	"During"	"PrePostFVTDuring"	10.9339271074414	0	207.944867232272	0.958065839959951	1	0.641831521607774	1	NA	"prevalence"	26	21
"NODE_63_length_110474_cov_16.315109|provirus_110_26744"	"PrePostFVT"	"Post"	"PrePostFVTPost"	1.30297122612262	0	1.34449443470541	0.33248725707521	1	0.457134582135304	1	NA	"prevalence"	26	21
"NODE_631_length_10280_cov_5.833154"	"PrePostFVT"	"During"	"PrePostFVTDuring"	-0.847091417742162	0	1.57360049311493	0.590360181531738	1	0.0977393743126132	1	NA	"prevalence"	26	18
"NODE_631_length_10280_cov_5.833154"	"PrePostFVT"	"Post"	"PrePostFVTPost"	-1.60932310187927	0	1.21887467916988	0.186723139491732	1	0.334020458145772	1	NA	"prevalence"	26	18
"NODE_6338_length_1009_cov_3.469602"	"PrePostFVT"	"During"	"PrePostFVTDuring"	-0.510761605529226	0	1.23827847913362	0.679989709170594	1	0.454687462559856	1	NA	"prevalence"	26	8
"NODE_6338_length_1009_cov_3.469602"	"PrePostFVT"	"Post"	"PrePostFVTPost"	-2.90874489445821	0	1.27446889375009	0.0224704986311646	1	0.044436073953596	1	NA	"prevalence"	26	8
"NODE_634_length_10208_cov_6.749729"	"PrePostFVT"	"During"	"PrePostFVTDuring"	0.587990079449056	0	1.36624239477384	0.666926333539851	1	0.216380078838958	1	NA	"prevalence"	26	12
"NODE_634_length_10208_cov_6.749729"	"PrePostFVT"	"Post"	"PrePostFVTPost"	-1.20379347239606	0	0.95305341359901	0.20655637128258	1	0.176205106677215	1	NA	"prevalence"	26	12
"NODE_634_length_3858_cov_41.866421"	"PrePostFVT"	"During"	"PrePostFVTDuring"	11.7243150764203	0	125.163885180145	0.925369944090768	1	0.925369944090768	1	NA	"prevalence"	26	5
"NODE_634_length_3858_cov_41.866421"	"PrePostFVT"	"Post"	"PrePostFVTPost"	10.6239861096544	0	125.161701234878	0.932355134816829	1	0.932355134816829	1	NA	"prevalence"	26	5
"NODE_635_length_5374_cov_10.472081"	"PrePostFVT"	"During"	"PrePostFVTDuring"	11.5551776582196	0	48.6881089893374	0.812400332107453	1	0.964806364606606	1	NA	"prevalence"	26	24
"NODE_635_length_5374_cov_10.472081"	"PrePostFVT"	"Post"	"PrePostFVTPost"	0.507737699231846	0	1.58901814942	0.749325252014625	1	0.937162170722469	1	NA	"prevalence"	26	24
"NODE_638_length_12684_cov_14.580806"	"PrePostFVT"	"During"	"PrePostFVTDuring"	15.647385963296	0	747.824357123307	0.983306378529846	1	0.720550392007727	1	NA	"prevalence"	26	8
"NODE_638_length_12684_cov_14.580806"	"PrePostFVT"	"Post"	"PrePostFVTPost"	-0.510838613995519	0	1.12546404553009	0.649906889660068	1	0.702024457639825	1	NA	"prevalence"	26	8
"NODE_639_length_3393_cov_7.631216"	"PrePostFVT"	"During"	"PrePostFVTDuring"	0.000679985606594858	0	1.41437620196185	0.999616403333557	1	0.931995433437736	1	NA	"prevalence"	26	15
"NODE_639_length_3393_cov_7.631216"	"PrePostFVT"	"Post"	"PrePostFVTPost"	-1.43494545206874	0	1.00474715280197	0.153244161687932	1	0.283004550284427	1	NA	"prevalence"	26	15
"NODE_6390_length_1229_cov_3.322828"	"PrePostFVT"	"During"	"PrePostFVTDuring"	-1.76683440595305e-16	0	1.22474494439208	1	1	0.606743698148984	1	NA	"prevalence"	26	10
"NODE_6390_length_1229_cov_3.322828"	"PrePostFVT"	"Post"	"PrePostFVTPost"	-0.714004714874434	0	0.936831219379718	0.445971247671934	1	0.173929959782376	1	NA	"prevalence"	26	10
"NODE_651_length_11453_cov_10.654589"	"PrePostFVT"	"During"	"PrePostFVTDuring"	11.5551776582196	0	48.6881089893374	0.812400332107453	1	0.459990460129985	1	NA	"prevalence"	26	22
"NODE_651_length_11453_cov_10.654589"	"PrePostFVT"	"Post"	"PrePostFVTPost"	0.507737699231846	0	1.58901814942	0.749325252014625	1	0.203026163169454	1	NA	"prevalence"	26	22
"NODE_652_length_10452_cov_8.919592"	"PrePostFVT"	"During"	"PrePostFVTDuring"	1.94640230606829	0	1.46394981205487	0.183664817355876	1	0.183664817355876	1	NA	"prevalence"	26	3
"NODE_652_length_10452_cov_8.919592"	"PrePostFVT"	"Post"	"PrePostFVTPost"	-13.4060602813264	0	579.262656735314	0.981535951595354	1	0.981535951595354	1	NA	"prevalence"	26	3
"NODE_652_length_3294_cov_3.960173"	"PrePostFVT"	"During"	"PrePostFVTDuring"	11.5551776582196	0	48.6881089893374	0.812400332107453	1	0.771413208916023	1	NA	"prevalence"	26	23
"NODE_652_length_3294_cov_3.960173"	"PrePostFVT"	"Post"	"PrePostFVTPost"	0.507737699231846	0	1.58901814942	0.749325252014625	1	0.755465943490286	1	NA	"prevalence"	26	23
"NODE_6522_length_1270_cov_9.375309"	"PrePostFVT"	"During"	"PrePostFVTDuring"	12.7486405419245	0	512.000651024489	0.980135000906331	1	0.997426651314457	1	NA	"prevalence"	26	20
"NODE_6522_length_1270_cov_9.375309"	"PrePostFVT"	"Post"	"PrePostFVTPost"	-0.405470531155408	0	1.0206088619687	0.691158796075203	1	0.904617110758282	1	NA	"prevalence"	26	20
"NODE_657_length_7863_cov_7.580046"	"PrePostFVT"	"During"	"PrePostFVTDuring"	0.587786802675428	0	1.36626345262961	0.66703937327208	1	0.183575396620933	1	NA	"prevalence"	26	13
"NODE_657_length_7863_cov_7.580046"	"PrePostFVT"	"Post"	"PrePostFVTPost"	-0.847302762572002	0	0.936050610852002	0.365365242241388	1	0.298737001832774	1	NA	"prevalence"	26	13
"NODE_657_length_8520_cov_10.546367"	"PrePostFVT"	"During"	"PrePostFVTDuring"	12.390951523722	0	639.688557820825	0.984545712790645	1	0.996096917818314	1	NA	"prevalence"	26	25
"NODE_657_length_8520_cov_10.546367"	"PrePostFVT"	"Post"	"PrePostFVTPost"	12.8661483041099	0	460.837144274907	0.977726692109118	1	0.298718822356058	1	NA	"prevalence"	26	25
"NODE_658_length_5901_cov_4.121280"	"PrePostFVT"	"During"	"PrePostFVTDuring"	2.52023396291957e-07	0	1.43173747940944	0.999999859551364	1	0.998875071965653	1	NA	"prevalence"	26	5
"NODE_658_length_5901_cov_4.121280"	"PrePostFVT"	"Post"	"PrePostFVTPost"	-0.521820213577488	0	1.14000414636113	0.647142577395313	1	0.875491639312777	1	NA	"prevalence"	26	5
"NODE_66_length_134130_cov_18.587335|provirus_66308_107467"	"PrePostFVT"	"During"	"PrePostFVTDuring"	3.04454186686301	0	1.57359734038229	0.053019076800206	1	0.103227131095666	1	NA	"prevalence"	26	8
"NODE_66_length_134130_cov_18.587335|provirus_66308_107467"	"PrePostFVT"	"Post"	"PrePostFVTPost"	1.25277348837758	0	1.23201754647988	0.309226164553943	1	0.522831508263144	1	NA	"prevalence"	26	8
"NODE_66_length_44622_cov_51.812687"	"PrePostFVT"	"During"	"PrePostFVTDuring"	12.390951523722	0	639.688557820825	0.984545712790645	1	0.958701958697268	1	NA	"prevalence"	26	25
"NODE_66_length_44622_cov_51.812687"	"PrePostFVT"	"Post"	"PrePostFVTPost"	12.8661483041099	0	460.837144274907	0.977726692109118	1	0.856314928978062	1	NA	"prevalence"	26	25
"NODE_660_length_7949_cov_14.370661"	"PrePostFVT"	"During"	"PrePostFVTDuring"	13.2121366703683	0	568.013383897064	0.981442674317691	1	0.0907615539441824	1	NA	"prevalence"	26	16
"NODE_660_length_7949_cov_14.370661"	"PrePostFVT"	"Post"	"PrePostFVTPost"	-1.79179032575274	0	1.02062529109018	0.0791599860755659	1	0.152053668755648	1	NA	"prevalence"	26	16
"NODE_661_length_4367_cov_5.651438"	"PrePostFVT"	"During"	"PrePostFVTDuring"	13.8790947329804	0	647.634836408061	0.982902297405098	1	0.274400510222122	1	NA	"prevalence"	26	13
"NODE_661_length_4367_cov_5.651438"	"PrePostFVT"	"Post"	"PrePostFVTPost"	-1.20398796024909	0	0.953066181362946	0.206489131090274	1	0.0614278715297628	1	NA	"prevalence"	26	13
"NODE_661_length_9488_cov_99.243613"	"PrePostFVT"	"During"	"PrePostFVTDuring"	6.59167372518137	0	13.5369996532002	0.626302572952186	1	0.546407600482351	1	NA	"prevalence"	26	13
"NODE_661_length_9488_cov_99.243613"	"PrePostFVT"	"Post"	"PrePostFVTPost"	-0.312031101462065	0	0.91734036102249	0.733745393958416	1	0.00611039321259215	1	NA	"prevalence"	26	13
"NODE_663_length_9363_cov_7.272561"	"PrePostFVT"	"During"	"PrePostFVTDuring"	13.7974705231076	0	194.387663985993	0.94341435212814	1	0.638010352871893	1	NA	"prevalence"	26	22
"NODE_663_length_9363_cov_7.272561"	"PrePostFVT"	"Post"	"PrePostFVTPost"	1.30272054446431	0	1.34412225329487	0.332446429254798	1	0.271891248766938	1	NA	"prevalence"	26	22
"NODE_668_length_9775_cov_8.395165"	"PrePostFVT"	"During"	"PrePostFVTDuring"	4.04121180963559e-14	0	16.5567388404407	0.999999999999998	1	0.999999999999998	1	NA	"prevalence"	26	2
"NODE_668_length_9775_cov_8.395165"	"PrePostFVT"	"Post"	"PrePostFVTPost"	4.34056083257155e-14	0	12.3406658937263	0.999999999999997	1	0.999999999999997	1	NA	"prevalence"	26	2
"NODE_671_length_9312_cov_18.108783"	"PrePostFVT"	"During"	"PrePostFVTDuring"	10.9339271074414	0	207.944867232272	0.958065839959951	1	0.697055970576932	1	NA	"prevalence"	26	21
"NODE_671_length_9312_cov_18.108783"	"PrePostFVT"	"Post"	"PrePostFVTPost"	1.30297122612262	0	1.34449443470541	0.33248725707521	1	0.278018580053681	1	NA	"prevalence"	26	21
"NODE_674_length_3219_cov_5.929520"	"PrePostFVT"	"During"	"PrePostFVTDuring"	13.7974705231076	0	194.387663985993	0.94341435212814	1	0.585478738920089	1	NA	"prevalence"	26	23
"NODE_674_length_3219_cov_5.929520"	"PrePostFVT"	"Post"	"PrePostFVTPost"	1.30272054446431	0	1.34412225329487	0.332446429254798	1	0.554372230185331	1	NA	"prevalence"	26	23
"NODE_674_length_8037_cov_6.040967"	"PrePostFVT"	"During"	"PrePostFVTDuring"	11.5551776582196	0	48.6881089893374	0.812400332107453	1	0.964806364606606	1	NA	"prevalence"	26	23
"NODE_674_length_8037_cov_6.040967"	"PrePostFVT"	"Post"	"PrePostFVTPost"	0.507737699231846	0	1.58901814942	0.749325252014625	1	0.618818785789592	1	NA	"prevalence"	26	23
"NODE_675_length_7581_cov_100.919612"	"PrePostFVT"	"During"	"PrePostFVTDuring"	12.390951523722	0	639.688557820825	0.984545712790645	1	0.999639659621828	1	NA	"prevalence"	26	25
"NODE_675_length_7581_cov_100.919612"	"PrePostFVT"	"Post"	"PrePostFVTPost"	12.8661483041099	0	460.837144274907	0.977726692109118	1	0.99324680438429	1	NA	"prevalence"	26	25
"NODE_676_length_9711_cov_334.290079"	"PrePostFVT"	"During"	"PrePostFVTDuring"	6.59167363383922	0	13.5372961853226	0.626310136778448	1	0.805523929396452	1	NA	"prevalence"	26	10
"NODE_676_length_9711_cov_334.290079"	"PrePostFVT"	"Post"	"PrePostFVTPost"	-1.44691897981638	0	1.02002036671933	0.15603909268402	1	0.0617406239573922	1	NA	"prevalence"	26	10
"NODE_677_length_8295_cov_62.523301"	"PrePostFVT"	"During"	"PrePostFVTDuring"	3.3233285768532	0	1.7911916570439	0.0635429851576471	1	0.123048259352549	1	NA	"prevalence"	26	8
"NODE_677_length_8295_cov_62.523301"	"PrePostFVT"	"Post"	"PrePostFVTPost"	1.34183206470488	0	1.28822889122276	0.297592541549286	1	0.506623762312808	1	NA	"prevalence"	26	8
"NODE_678_length_9486_cov_7.880076"	"PrePostFVT"	"During"	"PrePostFVTDuring"	13.5264152012613	0	1024.00031392252	0.989460741512482	1	0.830968320947416	1	NA	"prevalence"	26	21
"NODE_678_length_9486_cov_7.880076"	"PrePostFVT"	"Post"	"PrePostFVTPost"	-0.33661560899831	0	1.32020706343538	0.798744857842756	1	0.218209170225325	1	NA	"prevalence"	26	21
"NODE_680_length_15026_cov_185.942956"	"PrePostFVT"	"During"	"PrePostFVTDuring"	-1.20071643694983e-16	0	1.22474504172609	1	1	0.978263082059299	1	NA	"prevalence"	26	10
"NODE_680_length_15026_cov_185.942956"	"PrePostFVT"	"Post"	"PrePostFVTPost"	-1.44691864187439	0	1.02002019874172	0.156039121188923	1	0.287730035036434	1	NA	"prevalence"	26	10
"NODE_680_length_2611_cov_5.318466"	"PrePostFVT"	"During"	"PrePostFVTDuring"	0	0	3.2998296956836	1	1	0.754654097059027	1	NA	"prevalence"	26	24
"NODE_680_length_2611_cov_5.318466"	"PrePostFVT"	"Post"	"PrePostFVTPost"	-1.23632920280551	0	2.11197231441812	0.558284960643895	1	0.645989932994506	1	NA	"prevalence"	26	24
"NODE_680_length_3182_cov_4.424368"	"PrePostFVT"	"During"	"PrePostFVTDuring"	0.847781361653167	0	1.57363624764252	0.590066019453438	1	0.590066019453438	1	NA	"prevalence"	26	2
"NODE_680_length_3182_cov_4.424368"	"PrePostFVT"	"Post"	"PrePostFVTPost"	-12.9451616187123	0	533.255070306161	0.98063266383641	1	0.98063266383641	1	NA	"prevalence"	26	2
"NODE_689_length_5803_cov_139.537056"	"PrePostFVT"	"During"	"PrePostFVTDuring"	14.8924173946167	0	724.077863506987	0.983590725783415	1	0.80548059707237	1	NA	"prevalence"	26	14
"NODE_689_length_5803_cov_139.537056"	"PrePostFVT"	"Post"	"PrePostFVTPost"	0.17432924853906	0	0.936052814845038	0.852257585673796	1	0.743418317133264	1	NA	"prevalence"	26	14
"NODE_69_length_45823_cov_15.638940"	"PrePostFVT"	"During"	"PrePostFVTDuring"	14.5144713134493	0	1182.41351088118	0.990205979862792	1	0.361059779450827	1	NA	"prevalence"	26	19
"NODE_69_length_45823_cov_15.638940"	"PrePostFVT"	"Post"	"PrePostFVTPost"	-0.762137326067162	0	1.00475086119958	0.448131583404061	1	0.033912804630954	1	NA	"prevalence"	26	19
"NODE_690_length_4287_cov_10.069707"	"PrePostFVT"	"During"	"PrePostFVTDuring"	11.5551776582196	0	48.6881089893374	0.812400332107453	1	0.944578888073832	1	NA	"prevalence"	26	24
"NODE_690_length_4287_cov_10.069707"	"PrePostFVT"	"Post"	"PrePostFVTPost"	0.507737699231846	0	1.58901814942	0.749325252014625	1	0.50507300536283	1	NA	"prevalence"	26	24
"NODE_691_length_9321_cov_5.969566"	"PrePostFVT"	"During"	"PrePostFVTDuring"	12.2062154904972	0	367.832384719521	0.973527714950306	1	0.779107461847344	1	NA	"prevalence"	26	19
"NODE_691_length_9321_cov_5.969566"	"PrePostFVT"	"Post"	"PrePostFVTPost"	-0.76218130762771	0	1.0047547023794	0.448107124611176	1	0.695414254095056	1	NA	"prevalence"	26	19
"NODE_695_length_10897_cov_11.548054"	"PrePostFVT"	"During"	"PrePostFVTDuring"	12.1155674867815	0	591.207832070244	0.983650169789232	1	0.95027682030549	1	NA	"prevalence"	26	22
"NODE_695_length_10897_cov_11.548054"	"PrePostFVT"	"Post"	"PrePostFVTPost"	0.452235712845083	0	1.49463259843558	0.762215169124025	1	0.834427693979742	1	NA	"prevalence"	26	22
"NODE_696_length_11292_cov_19.369494"	"PrePostFVT"	"During"	"PrePostFVTDuring"	12.1995885630554	0	387.0364663305	0.974854432038329	1	0.811685236124204	1	NA	"prevalence"	26	16
"NODE_696_length_11292_cov_19.369494"	"PrePostFVT"	"Post"	"PrePostFVTPost"	-1.43509429036974	0	1.00475019775259	0.153202783829913	1	0.282934474686591	1	NA	"prevalence"	26	16
"NODE_698_length_2676_cov_4.006868"	"PrePostFVT"	"During"	"PrePostFVTDuring"	0.587786802580022	0	1.36626307414498	0.667039286636925	1	0.250480967294662	1	NA	"prevalence"	26	13
"NODE_698_length_2676_cov_4.006868"	"PrePostFVT"	"Post"	"PrePostFVTPost"	-0.847302762634546	0	0.936051077711561	0.365365481340817	1	0.597239027726227	1	NA	"prevalence"	26	13
"NODE_700_length_2756_cov_6.677157"	"PrePostFVT"	"During"	"PrePostFVTDuring"	11.5551776582196	0	48.6881089893374	0.812400332107453	1	0.964806364606606	1	NA	"prevalence"	26	24
"NODE_700_length_2756_cov_6.677157"	"PrePostFVT"	"Post"	"PrePostFVTPost"	0.507737699231846	0	1.58901814942	0.749325252014625	1	0.555999788680781	1	NA	"prevalence"	26	24
"NODE_7013_length_1142_cov_2.417663"	"PrePostFVT"	"During"	"PrePostFVTDuring"	11.0304953434158	0	327.944202991137	0.973167988192787	1	0.992966894768423	1	NA	"prevalence"	26	18
"NODE_7013_length_1142_cov_2.417663"	"PrePostFVT"	"Post"	"PrePostFVTPost"	-1.94607614662835	0	1.21539519835641	0.109335296849178	1	0.206716386561258	1	NA	"prevalence"	26	18
"NODE_706_length_9001_cov_11.109882"	"PrePostFVT"	"During"	"PrePostFVTDuring"	-1.20071643694983e-16	0	1.22474511472661	1	1	0.935719352176214	1	NA	"prevalence"	26	9
"NODE_706_length_9001_cov_11.109882"	"PrePostFVT"	"Post"	"PrePostFVTPost"	-1.44691864187439	0	1.02002016224371	0.156039106381053	1	0.287730010041908	1	NA	"prevalence"	26	9
"NODE_706_length_9031_cov_24.872995"	"PrePostFVT"	"During"	"PrePostFVTDuring"	11.5551776582196	0	48.6881089893374	0.812400332107453	1	0.964806364606606	1	NA	"prevalence"	26	22
"NODE_706_length_9031_cov_24.872995"	"PrePostFVT"	"Post"	"PrePostFVTPost"	0.507737699231846	0	1.58901814942	0.749325252014625	1	0.803978260038277	1	NA	"prevalence"	26	22
"NODE_707_length_10061_cov_16.960224"	"PrePostFVT"	"During"	"PrePostFVTDuring"	-4.58161740986444e-15	0	1.39855703102161	0.999999999999997	1	0.160824193105719	1	NA	"prevalence"	26	15
"NODE_707_length_10061_cov_16.960224"	"PrePostFVT"	"Post"	"PrePostFVTPost"	-1.38437462530976	0	0.997264985950758	0.165084891417097	1	0.30291676146	1	NA	"prevalence"	26	15
"NODE_707_length_7557_cov_22.433484"	"PrePostFVT"	"During"	"PrePostFVTDuring"	11.4545205956949	0	266.628150846788	0.965732895864849	1	0.653307483318518	1	NA	"prevalence"	26	20
"NODE_707_length_7557_cov_22.433484"	"PrePostFVT"	"Post"	"PrePostFVTPost"	-0.405232321240635	0	1.02076223283828	0.691374890876068	1	0.328974265522134	1	NA	"prevalence"	26	20
"NODE_708_length_8728_cov_26.528422"	"PrePostFVT"	"During"	"PrePostFVTDuring"	11.4545205956949	0	266.628150846788	0.965732895864849	1	0.63195965826589	1	NA	"prevalence"	26	20
"NODE_708_length_8728_cov_26.528422"	"PrePostFVT"	"Post"	"PrePostFVTPost"	-0.405232321240635	0	1.02076223283828	0.691374890876068	1	0.583160852731825	1	NA	"prevalence"	26	20
"NODE_709_length_10915_cov_13.716575"	"PrePostFVT"	"During"	"PrePostFVTDuring"	-0.842573869503493	0	1.57382689930851	0.592396594961952	1	0.215903500639016	1	NA	"prevalence"	26	14
"NODE_709_length_10915_cov_13.716575"	"PrePostFVT"	"Post"	"PrePostFVTPost"	-2.6377567541602	0	1.23147705826805	0.0321978671826729	1	0.0633590317142327	1	NA	"prevalence"	26	14
"NODE_712_length_5109_cov_8.122477"	"PrePostFVT"	"During"	"PrePostFVTDuring"	13.4693644012895	0	591.207289580448	0.981823518679746	1	0.147330257830649	1	NA	"prevalence"	26	15
"NODE_712_length_5109_cov_8.122477"	"PrePostFVT"	"Post"	"PrePostFVTPost"	-1.20387905065624	0	0.953058601742866	0.206526577442998	1	0.141558274387578	1	NA	"prevalence"	26	15
"NODE_714_length_8767_cov_70.253558"	"PrePostFVT"	"During"	"PrePostFVTDuring"	11.5551776582196	0	48.6881089893374	0.812400332107453	1	0.964806364606606	1	NA	"prevalence"	26	23
"NODE_714_length_8767_cov_70.253558"	"PrePostFVT"	"Post"	"PrePostFVTPost"	0.507737699231846	0	1.58901814942	0.749325252014625	1	0.925572907774234	1	NA	"prevalence"	26	23
"NODE_714_length_8853_cov_6.383951"	"PrePostFVT"	"During"	"PrePostFVTDuring"	-2.10227341509819e-15	0	1.38282102073968	0.999999999999999	1	0.234685341930041	1	NA	"prevalence"	26	13
"NODE_714_length_8853_cov_6.383951"	"PrePostFVT"	"Post"	"PrePostFVTPost"	-1.64555922079059	0	1.00302046365386	0.10087967808687	1	0.191582646722828	1	NA	"prevalence"	26	13
"NODE_72_length_64029_cov_53.309454|provirus_26592_63618"	"PrePostFVT"	"During"	"PrePostFVTDuring"	11.5551776582196	0	48.6881089893374	0.812400332107453	1	0.964806364606606	1	NA	"prevalence"	26	23
"NODE_72_length_64029_cov_53.309454|provirus_26592_63618"	"PrePostFVT"	"Post"	"PrePostFVTPost"	0.507737699231846	0	1.58901814942	0.749325252014625	1	0.410955723562296	1	NA	"prevalence"	26	23
"NODE_728_length_8488_cov_23.410056"	"PrePostFVT"	"During"	"PrePostFVTDuring"	11.8274614413344	0	316.014265862767	0.970144556182505	1	0.881521622996517	1	NA	"prevalence"	26	18
"NODE_728_length_8488_cov_23.410056"	"PrePostFVT"	"Post"	"PrePostFVTPost"	-0.405442546574579	0	1.02060651717914	0.691178340678138	1	0.322292209344126	1	NA	"prevalence"	26	18
"NODE_729_length_5098_cov_19.285743"	"PrePostFVT"	"During"	"PrePostFVTDuring"	12.390951523722	0	639.688557820825	0.984545712790645	1	0.999431278621853	1	NA	"prevalence"	26	25
"NODE_729_length_5098_cov_19.285743"	"PrePostFVT"	"Post"	"PrePostFVTPost"	12.8661483041099	0	460.837144274907	0.977726692109118	1	0.782346270691944	1	NA	"prevalence"	26	25
"NODE_731_length_2682_cov_6.396650"	"PrePostFVT"	"During"	"PrePostFVTDuring"	10.2094944425438	0	222.139530498745	0.963342269279614	1	0.997387689220189	1	NA	"prevalence"	26	19
"NODE_731_length_2682_cov_6.396650"	"PrePostFVT"	"Post"	"PrePostFVTPost"	-1.60945090818995	0	1.21892429089996	0.18670608249633	1	0.0747856316231843	1	NA	"prevalence"	26	19
"NODE_732_length_11018_cov_1316.019976"	"PrePostFVT"	"During"	"PrePostFVTDuring"	16.6460161900052	0	1024.00001692998	0.987030259600549	1	0.966375337595403	1	NA	"prevalence"	26	17
"NODE_732_length_11018_cov_1316.019976"	"PrePostFVT"	"Post"	"PrePostFVTPost"	-0.174363336423933	0	0.936049996138098	0.852228589212511	1	0.978163610153875	1	NA	"prevalence"	26	17
"NODE_735_length_8116_cov_8.504404"	"PrePostFVT"	"During"	"PrePostFVTDuring"	-3.559086841189e-16	0	1.22474539456212	1	1	0.893354121167403	1	NA	"prevalence"	26	9
"NODE_735_length_8116_cov_8.504404"	"PrePostFVT"	"Post"	"PrePostFVTPost"	-1.17233532674577	0	0.980611264325835	0.231885938528694	1	0.410000788570055	1	NA	"prevalence"	26	9
"NODE_737_length_7618_cov_6.145577"	"PrePostFVT"	"During"	"PrePostFVTDuring"	14.4900194747853	0	122.831197815036	0.906093859881011	1	0.818280180488677	1	NA	"prevalence"	26	16
"NODE_737_length_7618_cov_6.145577"	"PrePostFVT"	"Post"	"PrePostFVTPost"	-0.18175998126434	0	0.956219525344275	0.849244988392037	1	0.0272493068590172	1	NA	"prevalence"	26	16
"NODE_738_length_3208_cov_8.286394"	"PrePostFVT"	"During"	"PrePostFVTDuring"	12.390951523722	0	639.688557820825	0.984545712790645	1	0.999727273959952	1	NA	"prevalence"	26	25
"NODE_738_length_3208_cov_8.286394"	"PrePostFVT"	"Post"	"PrePostFVTPost"	12.8661483041099	0	460.837144274907	0.977726692109118	1	0.543010730570927	1	NA	"prevalence"	26	25
"NODE_74_length_38703_cov_8.351144|provirus_2_22265"	"PrePostFVT"	"During"	"PrePostFVTDuring"	11.5551776582196	0	48.6881089893374	0.812400332107453	1	0.822630727984133	1	NA	"prevalence"	26	24
"NODE_74_length_38703_cov_8.351144|provirus_2_22265"	"PrePostFVT"	"Post"	"PrePostFVTPost"	0.507737699231846	0	1.58901814942	0.749325252014625	1	0.937162170722469	1	NA	"prevalence"	26	24
"NODE_742_length_2991_cov_3.668256"	"PrePostFVT"	"During"	"PrePostFVTDuring"	13.3160593310009	0	724.07799310986	0.985327437935036	1	0.781073704238539	1	NA	"prevalence"	26	17
"NODE_742_length_2991_cov_3.668256"	"PrePostFVT"	"Post"	"PrePostFVTPost"	-1.09858757137378	0	1.00000067717609	0.271948325943845	1	0.469940759904031	1	NA	"prevalence"	26	17
"NODE_752_length_3170_cov_7.854896"	"PrePostFVT"	"During"	"PrePostFVTDuring"	14.4329148326118	0	1136.33273836376	0.989866092999646	1	0.603445626131271	1	NA	"prevalence"	26	24
"NODE_752_length_3170_cov_7.854896"	"PrePostFVT"	"Post"	"PrePostFVTPost"	15.3901840097538	0	1058.7982631177	0.988402740878364	1	0.65807284510615	1	NA	"prevalence"	26	24
"NODE_755_length_4875_cov_7.749585"	"PrePostFVT"	"During"	"PrePostFVTDuring"	0.587803486462275	0	1.36626206279498	0.667030172992225	1	0.754797214953328	1	NA	"prevalence"	26	17
"NODE_755_length_4875_cov_7.749585"	"PrePostFVT"	"Post"	"PrePostFVTPost"	-0.174339481052646	0	0.936050098342369	0.852248589669889	1	0.926872424238094	1	NA	"prevalence"	26	17
"NODE_755_length_8367_cov_9.003248"	"PrePostFVT"	"During"	"PrePostFVTDuring"	1.09869420853752	0	1.29099218131763	0.394743595353592	1	0.633664684634504	1	NA	"prevalence"	26	10
"NODE_755_length_8367_cov_9.003248"	"PrePostFVT"	"Post"	"PrePostFVTPost"	1.09857496887279	0	0.999996887337467	0.271952008612836	1	0.469946122237116	1	NA	"prevalence"	26	10
"NODE_758_length_7743_cov_7.138528"	"PrePostFVT"	"During"	"PrePostFVTDuring"	22.8472194812608	0	1365.33339100607	0.986648980337996	1	0.986648980337996	1	NA	"prevalence"	26	4
"NODE_758_length_7743_cov_7.138528"	"PrePostFVT"	"Post"	"PrePostFVTPost"	21.2377817895742	0	1365.33365956069	0.9875893963656	1	0.9875893963656	1	NA	"prevalence"	26	4
"NODE_759_length_7518_cov_9.268659"	"PrePostFVT"	"During"	"PrePostFVTDuring"	0.847776836079999	0	1.57363583597078	0.590067906845147	1	0.590067906845147	1	NA	"prevalence"	26	2
"NODE_759_length_7518_cov_9.268659"	"PrePostFVT"	"Post"	"PrePostFVTPost"	-12.9451596075995	0	452.328464823627	0.977168509134356	1	0.977168509134356	1	NA	"prevalence"	26	2
"NODE_76_length_13618_cov_10.242498"	"PrePostFVT"	"During"	"PrePostFVTDuring"	12.390951523722	0	639.688557820825	0.984545712790645	1	0.999245800119499	1	NA	"prevalence"	26	25
"NODE_76_length_13618_cov_10.242498"	"PrePostFVT"	"Post"	"PrePostFVTPost"	12.8661483041099	0	460.837144274907	0.977726692109118	1	0.513190297380004	1	NA	"prevalence"	26	25
"NODE_76_length_24607_cov_45.251914"	"PrePostFVT"	"During"	"PrePostFVTDuring"	13.0438320133122	0	803.292199177158	0.987044546372044	1	0.989535568701397	1	NA	"prevalence"	26	24
"NODE_76_length_24607_cov_45.251914"	"PrePostFVT"	"Post"	"PrePostFVTPost"	0.451636939138365	0	1.49460341510079	0.762516033366413	1	0.22446903637509	1	NA	"prevalence"	26	24
"NODE_765_length_5395_cov_6.556929"	"PrePostFVT"	"During"	"PrePostFVTDuring"	14.0779442993779	0	1182.41385247955	0.990500526523084	1	0.984579873210073	1	NA	"prevalence"	26	17
"NODE_765_length_5395_cov_6.556929"	"PrePostFVT"	"Post"	"PrePostFVTPost"	-0.762147817367499	0	1.00475619604661	0.448127745127938	1	0.695437014302426	1	NA	"prevalence"	26	17
"NODE_765_length_5828_cov_11.426295"	"PrePostFVT"	"During"	"PrePostFVTDuring"	11.3270272357128	0	13.9687064535754	0.41743119283856	1	0.660613584922497	1	NA	"prevalence"	26	22
"NODE_765_length_5828_cov_11.426295"	"PrePostFVT"	"Post"	"PrePostFVTPost"	-0.501985615746887	0	1.59573274715649	0.753080562555251	1	0.419310794474775	1	NA	"prevalence"	26	22
"NODE_766_length_4069_cov_5.818884"	"PrePostFVT"	"During"	"PrePostFVTDuring"	0	0	3.2998296956836	1	1	0.797508817254047	1	NA	"prevalence"	26	24
"NODE_766_length_4069_cov_5.818884"	"PrePostFVT"	"Post"	"PrePostFVTPost"	-1.23632920280551	0	2.11197231441812	0.558284960643895	1	0.317003729841121	1	NA	"prevalence"	26	24
"NODE_766_length_5543_cov_5.652332"	"PrePostFVT"	"During"	"PrePostFVTDuring"	11.4545205956949	0	266.628150846788	0.965732895864849	1	0.617303308588044	1	NA	"prevalence"	26	20
"NODE_766_length_5543_cov_5.652332"	"PrePostFVT"	"Post"	"PrePostFVTPost"	-0.405232321240635	0	1.02076223283828	0.691374890876068	1	0.425907596418658	1	NA	"prevalence"	26	20
"NODE_769_length_8169_cov_24.866404"	"PrePostFVT"	"During"	"PrePostFVTDuring"	0.587786802654046	0	1.36626376286097	0.667039444337039	1	0.0660543183550364	1	NA	"prevalence"	26	13
"NODE_769_length_8169_cov_24.866404"	"PrePostFVT"	"Post"	"PrePostFVTPost"	-0.847302762572817	0	0.936051222612261	0.365365555596761	1	0.0360061162701672	1	NA	"prevalence"	26	13
"NODE_772_length_3519_cov_8.262991"	"PrePostFVT"	"During"	"PrePostFVTDuring"	12.390951523722	0	639.688557820825	0.984545712790645	1	0.998396003378723	1	NA	"prevalence"	26	25
"NODE_772_length_3519_cov_8.262991"	"PrePostFVT"	"Post"	"PrePostFVTPost"	12.8661483041099	0	460.837144274907	0.977726692109118	1	0.567682697200195	1	NA	"prevalence"	26	25
"NODE_779_length_6166_cov_8.238423"	"PrePostFVT"	"During"	"PrePostFVTDuring"	13.5617609812738	0	617.495791493523	0.98247785650238	1	0.924620248913117	1	NA	"prevalence"	26	15
"NODE_779_length_6166_cov_8.238423"	"PrePostFVT"	"Post"	"PrePostFVTPost"	-0.510865712315486	0	0.930948808968808	0.583171458911648	1	0.167694914511417	1	NA	"prevalence"	26	15
"NODE_779_length_6446_cov_5.342826"	"PrePostFVT"	"During"	"PrePostFVTDuring"	11.204231696384	0	173.089056013547	0.948388161690343	1	0.676754111568976	1	NA	"prevalence"	26	16
"NODE_779_length_6446_cov_5.342826"	"PrePostFVT"	"Post"	"PrePostFVTPost"	-0.17455668012758	0	0.936060920185075	0.852068328171702	1	0.163277776047349	1	NA	"prevalence"	26	16
"NODE_779_length_7907_cov_95.992486"	"PrePostFVT"	"During"	"PrePostFVTDuring"	12.390951523722	0	639.688557820825	0.984545712790645	1	0.999761165006851	1	NA	"prevalence"	26	25
"NODE_779_length_7907_cov_95.992486"	"PrePostFVT"	"Post"	"PrePostFVTPost"	12.8661483041099	0	460.837144274907	0.977726692109118	1	0.770374726915417	1	NA	"prevalence"	26	25
"NODE_783_length_2569_cov_12.409706"	"PrePostFVT"	"During"	"PrePostFVTDuring"	-16.8336471920833	0	3774.00935850806	0.996441115698409	1	0.996441115698409	1	NA	"prevalence"	26	4
"NODE_783_length_2569_cov_12.409706"	"PrePostFVT"	"Post"	"PrePostFVTPost"	-16.0472323932392	0	1470.53241722279	0.991293231822657	1	0.991293231822657	1	NA	"prevalence"	26	4
"NODE_784_length_6479_cov_5.934153"	"PrePostFVT"	"During"	"PrePostFVTDuring"	13.2920059879817	0	482.718751453694	0.978032454150896	1	0.176721679991743	1	NA	"prevalence"	26	13
"NODE_784_length_6479_cov_5.934153"	"PrePostFVT"	"Post"	"PrePostFVTPost"	-1.60943330378773	0	0.988825740543964	0.103605324307068	1	0.196476585389362	1	NA	"prevalence"	26	13
"NODE_790_length_2543_cov_9.216640"	"PrePostFVT"	"During"	"PrePostFVTDuring"	4.04121180963559e-14	0	16.5567388404407	0.999999999999998	1	0.999999999999998	1	NA	"prevalence"	26	2
"NODE_790_length_2543_cov_9.216640"	"PrePostFVT"	"Post"	"PrePostFVTPost"	4.34056083257155e-14	0	12.3406658937263	0.999999999999997	1	0.999999999999997	1	NA	"prevalence"	26	2
"NODE_790_length_9852_cov_19.892824"	"PrePostFVT"	"During"	"PrePostFVTDuring"	-4.58161740986444e-15	0	1.39855703102161	0.999999999999997	1	0.188209871158573	1	NA	"prevalence"	26	14
"NODE_790_length_9852_cov_19.892824"	"PrePostFVT"	"Post"	"PrePostFVTPost"	-1.38437462530976	0	0.997264985950758	0.165084891417097	1	0.20934327283599	1	NA	"prevalence"	26	14
"NODE_792_length_7956_cov_4.092140"	"PrePostFVT"	"During"	"PrePostFVTDuring"	1.94603683093848	0	1.4638540449499	0.183718456303472	1	0.134595050888781	1	NA	"prevalence"	26	6
"NODE_792_length_7956_cov_4.092140"	"PrePostFVT"	"Post"	"PrePostFVTPost"	0.847324737429187	0	1.2598850893727	0.501239166252929	1	0.751237630719926	1	NA	"prevalence"	26	6
"NODE_793_length_3426_cov_10.309107"	"PrePostFVT"	"During"	"PrePostFVTDuring"	12.390951523722	0	639.688557820825	0.984545712790645	1	0.911318740559107	1	NA	"prevalence"	26	25
"NODE_793_length_3426_cov_10.309107"	"PrePostFVT"	"Post"	"PrePostFVTPost"	12.8661483041099	0	460.837144274907	0.977726692109118	1	0.81707914094829	1	NA	"prevalence"	26	25
"NODE_795_length_2536_cov_4.845627"	"PrePostFVT"	"During"	"PrePostFVTDuring"	11.5551776582196	0	48.6881089893374	0.812400332107453	1	0.964806364606606	1	NA	"prevalence"	26	24
"NODE_795_length_2536_cov_4.845627"	"PrePostFVT"	"Post"	"PrePostFVTPost"	0.507737699231846	0	1.58901814942	0.749325252014625	1	0.481652906210774	1	NA	"prevalence"	26	24
"NODE_796_length_4002_cov_5.617938"	"PrePostFVT"	"During"	"PrePostFVTDuring"	13.7974705231076	0	194.387663985993	0.94341435212814	1	0.662743090212933	1	NA	"prevalence"	26	22
"NODE_796_length_4002_cov_5.617938"	"PrePostFVT"	"Post"	"PrePostFVTPost"	1.30272054446431	0	1.34412225329487	0.332446429254798	1	0.554372230185331	1	NA	"prevalence"	26	22
"NODE_796_length_7723_cov_6.146583"	"PrePostFVT"	"During"	"PrePostFVTDuring"	-5.85608593918004e-07	0	1.58970285741308	0.99999970607837	1	0.99999970607837	1	NA	"prevalence"	26	4
"NODE_796_length_7723_cov_6.146583"	"PrePostFVT"	"Post"	"PrePostFVTPost"	-1.53941073317089	0	1.48199967461687	0.298926177691749	1	0.298926177691749	1	NA	"prevalence"	26	4
"NODE_803_length_4498_cov_1136.345262"	"PrePostFVT"	"During"	"PrePostFVTDuring"	0.510903527359658	0	1.23827962882213	0.679906002157688	1	0.188086059722635	1	NA	"prevalence"	26	8
"NODE_803_length_4498_cov_1136.345262"	"PrePostFVT"	"Post"	"PrePostFVTPost"	-1.09857664131453	0	1.06458164423402	0.302103632435481	1	0.414224531782683	1	NA	"prevalence"	26	8
"NODE_808_length_5181_cov_14.840616"	"PrePostFVT"	"During"	"PrePostFVTDuring"	10.5302629249777	0	258.025996437599	0.967446681211256	1	0.969276208008443	1	NA	"prevalence"	26	18
"NODE_808_length_5181_cov_14.840616"	"PrePostFVT"	"Post"	"PrePostFVTPost"	-2.28210795488961	0	1.21881449160843	0.0611513189815372	1	0.118563154149893	1	NA	"prevalence"	26	18
"NODE_808_length_6843_cov_29.495580"	"PrePostFVT"	"During"	"PrePostFVTDuring"	11.5551776582196	0	48.6881089893374	0.812400332107453	1	0.964806364606606	1	NA	"prevalence"	26	24
"NODE_808_length_6843_cov_29.495580"	"PrePostFVT"	"Post"	"PrePostFVTPost"	0.507737699231846	0	1.58901814942	0.749325252014625	1	0.885993946112994	1	NA	"prevalence"	26	24
"NODE_811_length_5282_cov_6.841783"	"PrePostFVT"	"During"	"PrePostFVTDuring"	21.506001082386	0	29091.8186081408	0.999410167343043	1	0.824951632240664	1	NA	"prevalence"	26	17
"NODE_811_length_5282_cov_6.841783"	"PrePostFVT"	"Post"	"PrePostFVTPost"	0.182321558884174	0	0.918396636024531	0.842636995836242	1	0.538761347051666	1	NA	"prevalence"	26	17
"NODE_8110_length_1052_cov_2.930792"	"PrePostFVT"	"During"	"PrePostFVTDuring"	-11.4525143911809	0	409.601465884872	0.977693942261172	1	0.977693942261172	1	NA	"prevalence"	26	3
"NODE_8110_length_1052_cov_2.930792"	"PrePostFVT"	"Post"	"PrePostFVTPost"	-0.451978188572645	0	1.49458845600228	0.76233968877544	1	0.76233968877544	1	NA	"prevalence"	26	3
"NODE_814_length_4101_cov_6.458725"	"PrePostFVT"	"During"	"PrePostFVTDuring"	4.58062647013004	0	8.2349898435987	0.578047153240578	1	0.821955795111619	1	NA	"prevalence"	26	20
"NODE_814_length_4101_cov_6.458725"	"PrePostFVT"	"Post"	"PrePostFVTPost"	4.76320752638574e-15	0	1.03069458699721	0.999999999999996	1	0.420032413801908	1	NA	"prevalence"	26	20
"NODE_815_length_9452_cov_9.352453"	"PrePostFVT"	"During"	"PrePostFVTDuring"	-2.10227341509819e-15	0	1.38282102073968	0.999999999999999	1	0.116385199410811	1	NA	"prevalence"	26	13
"NODE_815_length_9452_cov_9.352453"	"PrePostFVT"	"Post"	"PrePostFVTPost"	-1.64555922079059	0	1.00302046365386	0.10087967808687	1	0.191582646722828	1	NA	"prevalence"	26	13
"NODE_816_length_4609_cov_5.214756"	"PrePostFVT"	"During"	"PrePostFVTDuring"	10.6794096189638	0	274.907543066728	0.969012151247391	1	0.894454247268031	1	NA	"prevalence"	26	22
"NODE_816_length_4609_cov_5.214756"	"PrePostFVT"	"Post"	"PrePostFVTPost"	-0.336484930595302	0	1.32017826163446	0.79881701530527	1	0.749492585882229	1	NA	"prevalence"	26	22
"NODE_817_length_4606_cov_10.906834"	"PrePostFVT"	"During"	"PrePostFVTDuring"	14.4329148326118	0	1136.33273836376	0.989866092999646	1	0.786603592869095	1	NA	"prevalence"	26	24
"NODE_817_length_4606_cov_10.906834"	"PrePostFVT"	"Post"	"PrePostFVTPost"	15.3901840097538	0	1058.7982631177	0.988402740878364	1	0.986590009841124	1	NA	"prevalence"	26	24
"NODE_818_length_6157_cov_23.997542"	"PrePostFVT"	"During"	"PrePostFVTDuring"	7.04673359539228e-09	0	1.42368574550027	0.999999996050758	1	0.189689873092206	1	NA	"prevalence"	26	17
"NODE_818_length_6157_cov_23.997542"	"PrePostFVT"	"Post"	"PrePostFVTPost"	-0.774200099428953	0	1.01860975055517	0.44722131909979	1	0.39426383681303	1	NA	"prevalence"	26	17
"NODE_826_length_8466_cov_7.545952"	"PrePostFVT"	"During"	"PrePostFVTDuring"	0	0	3.29983207533176	1	1	0.681720719526333	1	NA	"prevalence"	26	19
"NODE_826_length_8466_cov_7.545952"	"PrePostFVT"	"Post"	"PrePostFVTPost"	-2.98380571404981	0	1.99277147568366	0.134311432165422	1	0.250583303520518	1	NA	"prevalence"	26	19
"NODE_830_length_4810_cov_5.175605"	"PrePostFVT"	"During"	"PrePostFVTDuring"	11.5551776582196	0	48.6881089893374	0.812400332107453	1	0.813522152902386	1	NA	"prevalence"	26	23
"NODE_830_length_4810_cov_5.175605"	"PrePostFVT"	"Post"	"PrePostFVTPost"	0.507737699231846	0	1.58901814942	0.749325252014625	1	0.399917374853076	1	NA	"prevalence"	26	23
"NODE_831_length_3694_cov_7.206650"	"PrePostFVT"	"During"	"PrePostFVTDuring"	11.5551776582196	0	48.6881089893374	0.812400332107453	1	0.964806364606606	1	NA	"prevalence"	26	23
"NODE_831_length_3694_cov_7.206650"	"PrePostFVT"	"Post"	"PrePostFVTPost"	0.507737699231846	0	1.58901814942	0.749325252014625	1	0.757024538885302	1	NA	"prevalence"	26	23
"NODE_834_length_6781_cov_6.453464"	"PrePostFVT"	"During"	"PrePostFVTDuring"	3.29583610627301	0	2.15165672190275	0.125580017375727	1	0.125580017375727	1	NA	"prevalence"	26	2
"NODE_834_length_6781_cov_6.453464"	"PrePostFVT"	"Post"	"PrePostFVTPost"	0	0	2.45954824585404	1	1	1	1	NA	"prevalence"	26	2
"NODE_835_length_5286_cov_13.774995"	"PrePostFVT"	"During"	"PrePostFVTDuring"	11.5551776582196	0	48.6881089893374	0.812400332107453	1	0.955039630463753	1	NA	"prevalence"	26	23
"NODE_835_length_5286_cov_13.774995"	"PrePostFVT"	"Post"	"PrePostFVTPost"	0.507737699231846	0	1.58901814942	0.749325252014625	1	0.662027395393569	1	NA	"prevalence"	26	23
"NODE_836_length_3127_cov_6.355794"	"PrePostFVT"	"During"	"PrePostFVTDuring"	0	0	3.29983207533209	1	1	1	1	NA	"prevalence"	26	3
"NODE_836_length_3127_cov_6.355794"	"PrePostFVT"	"Post"	"PrePostFVTPost"	2.2903150003325	0	2.01359279681469	0.255359786857088	1	0.255359786857088	1	NA	"prevalence"	26	3
"NODE_839_length_4261_cov_7.643367"	"PrePostFVT"	"During"	"PrePostFVTDuring"	4.58062647013004	0	8.2349898435987	0.578047153240578	1	0.821955795111619	1	NA	"prevalence"	26	20
"NODE_839_length_4261_cov_7.643367"	"PrePostFVT"	"Post"	"PrePostFVTPost"	4.76320752638574e-15	0	1.03069458699721	0.999999999999996	1	0.382766681535175	1	NA	"prevalence"	26	20
"NODE_839_length_5381_cov_27.898235"	"PrePostFVT"	"During"	"PrePostFVTDuring"	11.5551776582196	0	48.6881089893374	0.812400332107453	1	0.66236696517938	1	NA	"prevalence"	26	23
"NODE_839_length_5381_cov_27.898235"	"PrePostFVT"	"Post"	"PrePostFVTPost"	0.507737699231846	0	1.58901814942	0.749325252014625	1	0.937162170722469	1	NA	"prevalence"	26	23
"NODE_839_length_9245_cov_8.674320"	"PrePostFVT"	"During"	"PrePostFVTDuring"	-12.0515528922085	0	244.867562937384	0.960746669411824	1	0.960746669411824	1	NA	"prevalence"	26	5
"NODE_839_length_9245_cov_8.674320"	"PrePostFVT"	"Post"	"PrePostFVTPost"	-1.16787033006133	0	1.12450781560495	0.29900879921604	1	0.508611336423462	1	NA	"prevalence"	26	5
"NODE_844_length_5836_cov_27.449922"	"PrePostFVT"	"During"	"PrePostFVTDuring"	11.0304953434158	0	327.944202991137	0.973167988192787	1	0.894140347986525	1	NA	"prevalence"	26	18
"NODE_844_length_5836_cov_27.449922"	"PrePostFVT"	"Post"	"PrePostFVTPost"	-1.94607614662835	0	1.21539519835641	0.109335296849178	1	0.206716386561258	1	NA	"prevalence"	26	18
"NODE_847_length_6595_cov_5.830734"	"PrePostFVT"	"During"	"PrePostFVTDuring"	1.09840465061864	0	1.29100476029831	0.394872801132734	1	0.633821073191057	1	NA	"prevalence"	26	9
"NODE_847_length_6595_cov_5.830734"	"PrePostFVT"	"Post"	"PrePostFVTPost"	0.762387226801502	0	1.0047590592589	0.447986465391926	1	0.695281057609501	1	NA	"prevalence"	26	9
"NODE_851_length_3033_cov_8.269980"	"PrePostFVT"	"During"	"PrePostFVTDuring"	11.5551776582196	0	48.6881089893374	0.812400332107453	1	0.964806364606606	1	NA	"prevalence"	26	24
"NODE_851_length_3033_cov_8.269980"	"PrePostFVT"	"Post"	"PrePostFVTPost"	0.507737699231846	0	1.58901814942	0.749325252014625	1	0.704219052107314	1	NA	"prevalence"	26	24
"NODE_851_length_9964_cov_16.891412"	"PrePostFVT"	"During"	"PrePostFVTDuring"	1.17233532857163	0	1.37287724057182	0.393146090130168	1	0.354687020956069	1	NA	"prevalence"	26	10
"NODE_851_length_9964_cov_16.891412"	"PrePostFVT"	"Post"	"PrePostFVTPost"	-1.17233532857163	0	0.980610455265914	0.231885552660441	1	0.410000195788243	1	NA	"prevalence"	26	10
"NODE_852_length_3922_cov_6.695112"	"PrePostFVT"	"During"	"PrePostFVTDuring"	10.6794096189638	0	274.907543066728	0.969012151247391	1	0.80474729142292	1	NA	"prevalence"	26	22
"NODE_852_length_3922_cov_6.695112"	"PrePostFVT"	"Post"	"PrePostFVTPost"	-0.336484930595302	0	1.32017826163446	0.79881701530527	1	0.31483113130249	1	NA	"prevalence"	26	22
"NODE_852_length_4233_cov_16.573959"	"PrePostFVT"	"During"	"PrePostFVTDuring"	-0.586520352454891	0	1.3660372664439	0.667662008754145	1	0.667662008754145	1	NA	"prevalence"	26	6
"NODE_852_length_4233_cov_16.573959"	"PrePostFVT"	"Post"	"PrePostFVTPost"	-13.1389378822198	0	277.417256425736	0.962224996786965	1	0.962224996786965	1	NA	"prevalence"	26	6
"NODE_854_length_5650_cov_8.915639"	"PrePostFVT"	"During"	"PrePostFVTDuring"	0.847292756356708	0	1.57357563595178	0.590265996315114	1	0.590265996315114	1	NA	"prevalence"	26	3
"NODE_854_length_5650_cov_8.915639"	"PrePostFVT"	"Post"	"PrePostFVTPost"	-0.451928344007511	0	1.4945414050436	0.762357853091443	1	0.762357853091443	1	NA	"prevalence"	26	3
"NODE_855_length_4964_cov_12.551232"	"PrePostFVT"	"During"	"PrePostFVTDuring"	-11.614640961493	0	387.04271456171	0.976060130663136	1	0.976060130663136	1	NA	"prevalence"	26	2
"NODE_855_length_4964_cov_12.551232"	"PrePostFVT"	"Post"	"PrePostFVTPost"	-0.508167967872715	0	1.59082490557678	0.749395332498806	1	0.749395332498806	1	NA	"prevalence"	26	2
"NODE_856_length_7149_cov_8.614604"	"PrePostFVT"	"During"	"PrePostFVTDuring"	0.587761775009131	0	1.36625764512534	0.667051367269617	1	0.0301357447536902	1	NA	"prevalence"	26	11
"NODE_856_length_7149_cov_8.614604"	"PrePostFVT"	"Post"	"PrePostFVTPost"	-1.60944674122635	0	0.988827237462154	0.10360296386508	1	0.196472353608531	1	NA	"prevalence"	26	11
"NODE_859_length_5065_cov_4.762275"	"PrePostFVT"	"During"	"PrePostFVTDuring"	1.60936224260579	0	1.36623988822365	0.238816549917797	1	0.420599755320955	1	NA	"prevalence"	26	11
"NODE_859_length_5065_cov_4.762275"	"PrePostFVT"	"Post"	"PrePostFVTPost"	0.174363636664461	0	0.936050535259085	0.852228421820387	1	0.958489275819999	1	NA	"prevalence"	26	11
"NODE_86_length_18717_cov_289.596774"	"PrePostFVT"	"During"	"PrePostFVTDuring"	-7.84933577142152e-14	0	3.29982695909517	0.999999999999981	1	0.999999999999981	1	NA	"prevalence"	26	2
"NODE_86_length_18717_cov_289.596774"	"PrePostFVT"	"Post"	"PrePostFVTPost"	1.84891755143231	0	2.04207397161045	0.365247349420622	1	0.365247349420622	1	NA	"prevalence"	26	2
"NODE_860_length_5585_cov_16.822966"	"PrePostFVT"	"During"	"PrePostFVTDuring"	1.09761716407242	0	1.29096378123128	0.395196782909907	1	0.395196782909907	1	NA	"prevalence"	26	4
"NODE_860_length_5585_cov_16.822966"	"PrePostFVT"	"Post"	"PrePostFVTPost"	-13.2632803265353	0	367.832451531235	0.97123615982451	1	0.97123615982451	1	NA	"prevalence"	26	4
"NODE_861_length_5911_cov_16.363559"	"PrePostFVT"	"During"	"PrePostFVTDuring"	13.1087410844783	0	436.635597477573	0.976049384914145	1	0.527440644738428	1	NA	"prevalence"	26	17
"NODE_861_length_5911_cov_16.363559"	"PrePostFVT"	"Post"	"PrePostFVTPost"	0.181929741064887	0	0.953134505159443	0.848623369013021	1	0.506869836171381	1	NA	"prevalence"	26	17
"NODE_864_length_5862_cov_26.281901"	"PrePostFVT"	"During"	"PrePostFVTDuring"	13.7974705231076	0	194.387663985993	0.94341435212814	1	0.966886200863427	1	NA	"prevalence"	26	22
"NODE_864_length_5862_cov_26.281901"	"PrePostFVT"	"Post"	"PrePostFVTPost"	1.30272054446431	0	1.34412225329487	0.332446429254798	1	0.267374591276845	1	NA	"prevalence"	26	22
"NODE_865_length_2666_cov_5.653007"	"PrePostFVT"	"During"	"PrePostFVTDuring"	11.5551776582196	0	48.6881089893374	0.812400332107453	1	0.781192458832465	1	NA	"prevalence"	26	23
"NODE_865_length_2666_cov_5.653007"	"PrePostFVT"	"Post"	"PrePostFVTPost"	0.507737699231846	0	1.58901814942	0.749325252014625	1	0.320866959748298	1	NA	"prevalence"	26	23
"NODE_865_length_6424_cov_16.567436"	"PrePostFVT"	"During"	"PrePostFVTDuring"	13.5264152012613	0	1024.00031392252	0.989460741512482	1	0.739440874940386	1	NA	"prevalence"	26	21
"NODE_865_length_6424_cov_16.567436"	"PrePostFVT"	"Post"	"PrePostFVTPost"	-0.33661560899831	0	1.32020706343538	0.798744857842756	1	0.333667977940142	1	NA	"prevalence"	26	21
"NODE_867_length_2238_cov_287.902428"	"PrePostFVT"	"During"	"PrePostFVTDuring"	1.94640230606829	0	1.46394981205487	0.183664817355876	1	0.183664817355876	1	NA	"prevalence"	26	3
"NODE_867_length_2238_cov_287.902428"	"PrePostFVT"	"Post"	"PrePostFVTPost"	-13.4060602813264	0	579.262656735314	0.981535951595354	1	0.981535951595354	1	NA	"prevalence"	26	3
"NODE_867_length_5878_cov_6.202645"	"PrePostFVT"	"During"	"PrePostFVTDuring"	-0.629639555030151	0	1.41935643364393	0.657325161730031	1	0.657325161730031	1	NA	"prevalence"	26	5
"NODE_867_length_5878_cov_6.202645"	"PrePostFVT"	"Post"	"PrePostFVTPost"	-1.98310933138727	0	1.34654553407219	0.140821584811684	1	0.140821584811684	1	NA	"prevalence"	26	5
"NODE_868_length_3871_cov_11.976677"	"PrePostFVT"	"During"	"PrePostFVTDuring"	13.7974705231076	0	194.387663985993	0.94341435212814	1	0.357981318119696	1	NA	"prevalence"	26	23
"NODE_868_length_3871_cov_11.976677"	"PrePostFVT"	"Post"	"PrePostFVTPost"	1.30272054446431	0	1.34412225329487	0.332446429254798	1	0.554372230185331	1	NA	"prevalence"	26	23
"NODE_869_length_6477_cov_9.877297"	"PrePostFVT"	"During"	"PrePostFVTDuring"	-11.3939204583648	0	362.102022441234	0.974897866652131	1	0.974897866652131	1	NA	"prevalence"	26	6
"NODE_869_length_6477_cov_9.877297"	"PrePostFVT"	"Post"	"PrePostFVTPost"	1.70006822963132	0	1.28967520511911	0.187431937504852	1	0.339733143812881	1	NA	"prevalence"	26	6
"NODE_87_length_21677_cov_16.894321"	"PrePostFVT"	"During"	"PrePostFVTDuring"	1.85517939949197e-15	0	1.38282170370859	0.999999999999999	1	0.0639042312971813	1	NA	"prevalence"	26	9
"NODE_87_length_21677_cov_16.894321"	"PrePostFVT"	"Post"	"PrePostFVTPost"	-8.60271746318674	0	12.9171905296461	0.505417603937646	1	0.505417603937646	1	NA	"prevalence"	26	9
"NODE_877_length_4119_cov_7.801919"	"PrePostFVT"	"During"	"PrePostFVTDuring"	1.17233532858446	0	1.37287746970747	0.393146169098177	1	0.116134773916171	1	NA	"prevalence"	26	14
"NODE_877_length_4119_cov_7.801919"	"PrePostFVT"	"Post"	"PrePostFVTPost"	0.339013906858887	0	0.918151814078821	0.711952471087932	1	0.0683845484893852	1	NA	"prevalence"	26	14
"NODE_877_length_7168_cov_3.728947"	"PrePostFVT"	"During"	"PrePostFVTDuring"	1.94586970802617	0	1.46381469772515	0.183744321405754	1	0.333726667162647	1	NA	"prevalence"	26	7
"NODE_877_length_7168_cov_3.728947"	"PrePostFVT"	"Post"	"PrePostFVTPost"	1.25265593449534	0	1.23197113800709	0.309253339861286	1	0.522869051507212	1	NA	"prevalence"	26	7
"NODE_879_length_5803_cov_5.746173"	"PrePostFVT"	"During"	"PrePostFVTDuring"	11.3270272357128	0	13.9687064535754	0.41743119283856	1	0.660613584922497	1	NA	"prevalence"	26	21
"NODE_879_length_5803_cov_5.746173"	"PrePostFVT"	"Post"	"PrePostFVTPost"	-0.501985615746887	0	1.59573274715649	0.753080562555251	1	0.939030791411969	1	NA	"prevalence"	26	21
"NODE_880_length_9528_cov_672.428798"	"PrePostFVT"	"During"	"PrePostFVTDuring"	6.59167372518137	0	13.5369996532002	0.626302572952186	1	0.0120155516098659	1	NA	"prevalence"	26	13
"NODE_880_length_9528_cov_672.428798"	"PrePostFVT"	"Post"	"PrePostFVTPost"	-0.312031101462065	0	0.91734036102249	0.733745393958416	1	0.00010699323128026	0.0982197863152789	NA	"prevalence"	26	13
"NODE_883_length_5475_cov_5.002030"	"PrePostFVT"	"During"	"PrePostFVTDuring"	11.4367084338964	0	394.139141199778	0.97685108695194	1	0.905299033576904	1	NA	"prevalence"	26	21
"NODE_883_length_5475_cov_5.002030"	"PrePostFVT"	"Post"	"PrePostFVTPost"	-0.336539952364333	0	1.32019227043666	0.798786913681343	1	0.86140135335347	1	NA	"prevalence"	26	21
"NODE_883_length_7119_cov_7.220838"	"PrePostFVT"	"During"	"PrePostFVTDuring"	14.3872492873409	0	915.89364875153	0.987467003386188	1	0.465458509684634	1	NA	"prevalence"	26	16
"NODE_883_length_7119_cov_7.220838"	"PrePostFVT"	"Post"	"PrePostFVTPost"	-1.09869642046257	0	0.999991033174616	0.271896205775689	1	0.207008786842972	1	NA	"prevalence"	26	16
"NODE_887_length_4870_cov_6.746210"	"PrePostFVT"	"During"	"PrePostFVTDuring"	-0.58776889421648	0	1.36625753964014	0.667047553007084	1	0.88914266804143	1	NA	"prevalence"	26	9
"NODE_887_length_4870_cov_6.746210"	"PrePostFVT"	"Post"	"PrePostFVTPost"	0.174361162786607	0	0.936050341566332	0.852230464046722	1	0.978164164244153	1	NA	"prevalence"	26	9
"NODE_888_length_3605_cov_9.453803"	"PrePostFVT"	"During"	"PrePostFVTDuring"	16.1730963927158	0	2896.30975049671	0.99554460746198	1	0.974079504824879	1	NA	"prevalence"	26	20
"NODE_888_length_3605_cov_9.453803"	"PrePostFVT"	"Post"	"PrePostFVTPost"	1.09863876940382	0	1.06458083426763	0.302075924571283	1	0.410998181125077	1	NA	"prevalence"	26	20
"NODE_888_length_4795_cov_5.692405"	"PrePostFVT"	"During"	"PrePostFVTDuring"	12.8266664910918	0	512.0006109673	0.980013444251824	1	0.982555358080397	1	NA	"prevalence"	26	19
"NODE_888_length_4795_cov_5.692405"	"PrePostFVT"	"Post"	"PrePostFVTPost"	-0.405246782044178	0	1.02055401943373	0.691304716372378	1	0.355975276733797	1	NA	"prevalence"	26	19
"NODE_895_length_8805_cov_38.271086"	"PrePostFVT"	"During"	"PrePostFVTDuring"	12.390951523722	0	639.688557820825	0.984545712790645	1	0.999102983157918	1	NA	"prevalence"	26	25
"NODE_895_length_8805_cov_38.271086"	"PrePostFVT"	"Post"	"PrePostFVTPost"	12.8661483041099	0	460.837144274907	0.977726692109118	1	0.205540021098671	1	NA	"prevalence"	26	25
"NODE_896_length_9114_cov_63.168230"	"PrePostFVT"	"During"	"PrePostFVTDuring"	-0.847091417742162	0	1.57360049311493	0.590360181531738	1	0.226145443369181	1	NA	"prevalence"	26	18
"NODE_896_length_9114_cov_63.168230"	"PrePostFVT"	"Post"	"PrePostFVTPost"	-1.60932310187927	0	1.21887467916988	0.186723139491732	1	0.338580748161815	1	NA	"prevalence"	26	18
"NODE_897_length_4917_cov_16.169272"	"PrePostFVT"	"During"	"PrePostFVTDuring"	11.5551776582196	0	48.6881089893374	0.812400332107453	1	0.928167485813798	1	NA	"prevalence"	26	24
"NODE_897_length_4917_cov_16.169272"	"PrePostFVT"	"Post"	"PrePostFVTPost"	0.507737699231846	0	1.58901814942	0.749325252014625	1	0.55231262704876	1	NA	"prevalence"	26	24
"NODE_898_length_3266_cov_36.398941"	"PrePostFVT"	"During"	"PrePostFVTDuring"	6.59167242180668	0	13.5361141951477	0.62628006781059	1	0.512419965994768	1	NA	"prevalence"	26	15
"NODE_898_length_3266_cov_36.398941"	"PrePostFVT"	"Post"	"PrePostFVTPost"	0.312031101448703	0	0.917340269513514	0.733745368417869	1	0.364809996628243	1	NA	"prevalence"	26	15
"NODE_898_length_6495_cov_6.899224"	"PrePostFVT"	"During"	"PrePostFVTDuring"	-0.629639555030151	0	1.41935643364393	0.657325161730031	1	0.657325161730031	1	NA	"prevalence"	26	5
"NODE_898_length_6495_cov_6.899224"	"PrePostFVT"	"Post"	"PrePostFVTPost"	-1.98310933138727	0	1.34654553407219	0.140821584811684	1	0.140821584811684	1	NA	"prevalence"	26	5
"NODE_90_length_62992_cov_10.132212|provirus_26642_40949"	"PrePostFVT"	"During"	"PrePostFVTDuring"	12.1155674867815	0	591.207832070244	0.983650169789232	1	0.954489320421555	1	NA	"prevalence"	26	22
"NODE_90_length_62992_cov_10.132212|provirus_26642_40949"	"PrePostFVT"	"Post"	"PrePostFVTPost"	0.452235712845083	0	1.49463259843558	0.762215169124025	1	0.294928908791689	1	NA	"prevalence"	26	22
"NODE_902_length_5520_cov_8.255810"	"PrePostFVT"	"During"	"PrePostFVTDuring"	11.5551776582196	0	48.6881089893374	0.812400332107453	1	0.844674541809266	1	NA	"prevalence"	26	23
"NODE_902_length_5520_cov_8.255810"	"PrePostFVT"	"Post"	"PrePostFVTPost"	0.507737699231846	0	1.58901814942	0.749325252014625	1	0.617254417810061	1	NA	"prevalence"	26	23
"NODE_908_length_6433_cov_7.265130"	"PrePostFVT"	"During"	"PrePostFVTDuring"	1.09876691799324	0	1.29100459612592	0.394716857512171	1	0.394716857512171	1	NA	"prevalence"	26	6
"NODE_908_length_6433_cov_7.265130"	"PrePostFVT"	"Post"	"PrePostFVTPost"	-0.510740400276596	0	1.12547268012488	0.649972209261066	1	0.649972209261066	1	NA	"prevalence"	26	6
"NODE_909_length_6938_cov_5.084556"	"PrePostFVT"	"During"	"PrePostFVTDuring"	12.6136344549163	0	152.659944080951	0.93414916699191	1	0.93414916699191	1	NA	"prevalence"	26	3
"NODE_909_length_6938_cov_5.084556"	"PrePostFVT"	"Post"	"PrePostFVTPost"	9.77777183976321	0	152.652034453136	0.948928280704194	1	0.948928280704194	1	NA	"prevalence"	26	3
"NODE_912_length_8730_cov_850.056254"	"PrePostFVT"	"During"	"PrePostFVTDuring"	15.073771943382	0	346.176740240576	0.965268231711969	1	0.611475330582016	1	NA	"prevalence"	26	10
"NODE_912_length_8730_cov_850.056254"	"PrePostFVT"	"Post"	"PrePostFVTPost"	1.60907120196679	0	1.21884101396435	0.186779947150189	1	0.338673145642951	1	NA	"prevalence"	26	10
"NODE_912_length_8852_cov_15.026486"	"PrePostFVT"	"During"	"PrePostFVTDuring"	1.17233532859784	0	1.37287721051085	0.393146079758868	1	0.233840892138354	1	NA	"prevalence"	26	11
"NODE_912_length_8852_cov_15.026486"	"PrePostFVT"	"Post"	"PrePostFVTPost"	-0.7140047148746	0	0.936831104146224	0.44597119172664	1	0.693052079603201	1	NA	"prevalence"	26	11
"NODE_913_length_4110_cov_6.185943"	"PrePostFVT"	"During"	"PrePostFVTDuring"	12.390951523722	0	639.688557820825	0.984545712790645	1	0.983053593461873	1	NA	"prevalence"	26	25
"NODE_913_length_4110_cov_6.185943"	"PrePostFVT"	"Post"	"PrePostFVTPost"	12.8661483041099	0	460.837144274907	0.977726692109118	1	0.431503594039231	1	NA	"prevalence"	26	25
"NODE_913_length_5947_cov_9.871181"	"PrePostFVT"	"During"	"PrePostFVTDuring"	12.6105672211918	0	747.824681087406	0.986545910691183	1	0.948180370220363	1	NA	"prevalence"	26	19
"NODE_913_length_5947_cov_9.871181"	"PrePostFVT"	"Post"	"PrePostFVTPost"	-1.25276154471928	0	1.23201028399653	0.30922792512598	1	0.522833940574241	1	NA	"prevalence"	26	19
"NODE_914_length_3710_cov_6.004104"	"PrePostFVT"	"During"	"PrePostFVTDuring"	1.0055218656021	0	1.33221592461748	0.45038463128442	1	0.697922946471637	1	NA	"prevalence"	26	9
"NODE_914_length_3710_cov_6.004104"	"PrePostFVT"	"Post"	"PrePostFVTPost"	-1.44691898293616	0	1.02002017330774	0.156039013321329	1	0.287729852964364	1	NA	"prevalence"	26	9
"NODE_915_length_3149_cov_9.552683"	"PrePostFVT"	"During"	"PrePostFVTDuring"	13.7974705231076	0	194.387663985993	0.94341435212814	1	0.48154335264128	1	NA	"prevalence"	26	22
"NODE_915_length_3149_cov_9.552683"	"PrePostFVT"	"Post"	"PrePostFVTPost"	1.30272054446431	0	1.34412225329487	0.332446429254798	1	0.554372230185331	1	NA	"prevalence"	26	22
"NODE_920_length_3929_cov_113.413268"	"PrePostFVT"	"During"	"PrePostFVTDuring"	0	0	3.29983159940275	1	1	1	1	NA	"prevalence"	26	6
"NODE_920_length_3929_cov_113.413268"	"PrePostFVT"	"Post"	"PrePostFVTPost"	2.6557995107584	0	1.99957236760535	0.184117413793036	1	0.184117413793036	1	NA	"prevalence"	26	6
"NODE_928_length_4652_cov_7.668915"	"PrePostFVT"	"During"	"PrePostFVTDuring"	0	0	3.2998296956836	1	1	0.962123544329435	1	NA	"prevalence"	26	23
"NODE_928_length_4652_cov_7.668915"	"PrePostFVT"	"Post"	"PrePostFVTPost"	-1.23632920280551	0	2.11197231441812	0.558284960643895	1	0.316487411046727	1	NA	"prevalence"	26	23
"NODE_930_length_4573_cov_5.266932"	"PrePostFVT"	"During"	"PrePostFVTDuring"	15.8836830223191	0	1448.15473390592	0.991248800245255	1	0.999923416502853	1	NA	"prevalence"	26	14
"NODE_930_length_4573_cov_5.266932"	"PrePostFVT"	"Post"	"PrePostFVTPost"	-0.847338010192187	0	0.936052465541312	0.365346246992278	1	0.597214613793213	1	NA	"prevalence"	26	14
"NODE_931_length_8430_cov_18.747463"	"PrePostFVT"	"During"	"PrePostFVTDuring"	2.1972324727212	0	1.4142152107864	0.120261679994054	1	0.226060488313115	1	NA	"prevalence"	26	7
"NODE_931_length_8430_cov_18.747463"	"PrePostFVT"	"Post"	"PrePostFVTPost"	-0.510825468774255	0	1.12546390576201	0.649915256094169	1	0.648171637888492	1	NA	"prevalence"	26	7
"NODE_935_length_4543_cov_8.768048"	"PrePostFVT"	"During"	"PrePostFVTDuring"	2.52023396291957e-07	0	1.43173747940944	0.999999859551364	1	0.999999859551364	1	NA	"prevalence"	26	5
"NODE_935_length_4543_cov_8.768048"	"PrePostFVT"	"Post"	"PrePostFVTPost"	-0.521820213577488	0	1.14000414636113	0.647142577395313	1	0.647142577395313	1	NA	"prevalence"	26	5
"NODE_937_length_6155_cov_17.701311"	"PrePostFVT"	"During"	"PrePostFVTDuring"	13.7974705231076	0	194.387663985993	0.94341435212814	1	0.389664389240027	1	NA	"prevalence"	26	23
"NODE_937_length_6155_cov_17.701311"	"PrePostFVT"	"Post"	"PrePostFVTPost"	1.30272054446431	0	1.34412225329487	0.332446429254798	1	0.554372230185331	1	NA	"prevalence"	26	23
"NODE_938_length_3852_cov_8.090071"	"PrePostFVT"	"During"	"PrePostFVTDuring"	11.5551776582196	0	48.6881089893374	0.812400332107453	1	0.876297122282011	1	NA	"prevalence"	26	23
"NODE_938_length_3852_cov_8.090071"	"PrePostFVT"	"Post"	"PrePostFVTPost"	0.507737699231846	0	1.58901814942	0.749325252014625	1	0.677197042139563	1	NA	"prevalence"	26	23
"NODE_943_length_3363_cov_98.457981"	"PrePostFVT"	"During"	"PrePostFVTDuring"	3.57600808808166	0	2.01760629897318	0.076327961154964	1	0.146829964655854	1	NA	"prevalence"	26	7
"NODE_943_length_3363_cov_98.457981"	"PrePostFVT"	"Post"	"PrePostFVTPost"	0.371020846099312	0	1.3858409135929	0.788912900392376	1	0.955442236379241	1	NA	"prevalence"	26	7
"NODE_945_length_3174_cov_9.948702"	"PrePostFVT"	"During"	"PrePostFVTDuring"	12.390951523722	0	639.688557820825	0.984545712790645	1	0.961971188297598	1	NA	"prevalence"	26	25
"NODE_945_length_3174_cov_9.948702"	"PrePostFVT"	"Post"	"PrePostFVTPost"	12.8661483041099	0	460.837144274907	0.977726692109118	1	0.999185007613585	1	NA	"prevalence"	26	25
"NODE_946_length_3616_cov_7.871665"	"PrePostFVT"	"During"	"PrePostFVTDuring"	12.390951523722	0	639.688557820825	0.984545712790645	1	0.950550558331589	1	NA	"prevalence"	26	25
"NODE_946_length_3616_cov_7.871665"	"PrePostFVT"	"Post"	"PrePostFVTPost"	12.8661483041099	0	460.837144274907	0.977726692109118	1	0.710120208172912	1	NA	"prevalence"	26	25
"NODE_947_length_4689_cov_9.039491"	"PrePostFVT"	"During"	"PrePostFVTDuring"	14.4329148326118	0	1136.33273836376	0.989866092999646	1	0.440779326166958	1	NA	"prevalence"	26	24
"NODE_947_length_4689_cov_9.039491"	"PrePostFVT"	"Post"	"PrePostFVTPost"	15.3901840097538	0	1058.7982631177	0.988402740878364	1	0.988272376111512	1	NA	"prevalence"	26	24
"NODE_947_length_5858_cov_6.238325"	"PrePostFVT"	"During"	"PrePostFVTDuring"	0	0	3.2998296956836	1	1	0.924751067516642	1	NA	"prevalence"	26	23
"NODE_947_length_5858_cov_6.238325"	"PrePostFVT"	"Post"	"PrePostFVTPost"	-1.23632920280551	0	2.11197231441812	0.558284960643895	1	0.377471482932723	1	NA	"prevalence"	26	23
"NODE_952_length_5554_cov_6.763593"	"PrePostFVT"	"During"	"PrePostFVTDuring"	22.8472194812608	0	1365.33339100607	0.986648980337996	1	0.986648980337996	1	NA	"prevalence"	26	4
"NODE_952_length_5554_cov_6.763593"	"PrePostFVT"	"Post"	"PrePostFVTPost"	21.2377817895742	0	1365.33365956069	0.9875893963656	1	0.9875893963656	1	NA	"prevalence"	26	4
"NODE_954_length_4585_cov_15.544371"	"PrePostFVT"	"During"	"PrePostFVTDuring"	12.78896889201	0	281.35544827278	0.963744764437501	1	0.974124717366109	1	NA	"prevalence"	26	20
"NODE_954_length_4585_cov_15.544371"	"PrePostFVT"	"Post"	"PrePostFVTPost"	1.90678059292446e-08	0	1.07416486755052	0.999999985836524	1	0.273906178494388	1	NA	"prevalence"	26	20
"NODE_957_length_6801_cov_3.555885"	"PrePostFVT"	"During"	"PrePostFVTDuring"	7.35344938381409e-30	0	1.39855712160543	1	1	0.57893148659035	1	NA	"prevalence"	26	16
"NODE_957_length_6801_cov_3.555885"	"PrePostFVT"	"Post"	"PrePostFVTPost"	-1.38437461041685	0	0.997266141295146	0.165085385558489	1	0.302917586591984	1	NA	"prevalence"	26	16
"NODE_959_length_2720_cov_600.235647"	"PrePostFVT"	"During"	"PrePostFVTDuring"	1.94591435822498	0	1.46385382722752	0.183745980659943	1	0.333729375911201	1	NA	"prevalence"	26	8
"NODE_959_length_2720_cov_600.235647"	"PrePostFVT"	"Post"	"PrePostFVTPost"	0.847310642407104	0	1.25988551541444	0.501246430626481	1	0.221814214931975	1	NA	"prevalence"	26	8
"NODE_960_length_6782_cov_11.387840"	"PrePostFVT"	"During"	"PrePostFVTDuring"	11.5551776582196	0	48.6881089893374	0.812400332107453	1	0.873737657848392	1	NA	"prevalence"	26	23
"NODE_960_length_6782_cov_11.387840"	"PrePostFVT"	"Post"	"PrePostFVTPost"	0.507737699231846	0	1.58901814942	0.749325252014625	1	0.909203529105327	1	NA	"prevalence"	26	23
"NODE_961_length_5451_cov_5.767606"	"PrePostFVT"	"During"	"PrePostFVTDuring"	1.94591435828788	0	1.46385304111838	0.183745745228467	1	0.333728991567368	1	NA	"prevalence"	26	6
"NODE_961_length_5451_cov_5.767606"	"PrePostFVT"	"Post"	"PrePostFVTPost"	0.847310642498284	0	1.25988491960718	0.50124622817992	1	0.371396940459954	1	NA	"prevalence"	26	6
"NODE_962_length_8216_cov_5.455581"	"PrePostFVT"	"During"	"PrePostFVTDuring"	-3.92710063702666e-16	0	1.39855637882222	1	1	0.956397403974041	1	NA	"prevalence"	26	15
"NODE_962_length_8216_cov_5.455581"	"PrePostFVT"	"Post"	"PrePostFVTPost"	-1.38437462530975	0	0.997265442279194	0.165085084793333	1	0.302917084365445	1	NA	"prevalence"	26	15
"NODE_971_length_2671_cov_4.974006"	"PrePostFVT"	"During"	"PrePostFVTDuring"	11.5551776582196	0	48.6881089893374	0.812400332107453	1	0.852206854349289	1	NA	"prevalence"	26	24
"NODE_971_length_2671_cov_4.974006"	"PrePostFVT"	"Post"	"PrePostFVTPost"	0.507737699231846	0	1.58901814942	0.749325252014625	1	0.0359596195659743	1	NA	"prevalence"	26	24
"NODE_976_length_5283_cov_79.848317"	"PrePostFVT"	"During"	"PrePostFVTDuring"	6.59167372518137	0	13.5369996532002	0.626302572952186	1	0.0638115023379449	1	NA	"prevalence"	26	13
"NODE_976_length_5283_cov_79.848317"	"PrePostFVT"	"Post"	"PrePostFVTPost"	-0.312031101462065	0	0.91734036102249	0.733745393958416	1	7.0981906056312e-05	0.0982197863152789	NA	"prevalence"	26	13
"NODE_977_length_3003_cov_5.709634"	"PrePostFVT"	"During"	"PrePostFVTDuring"	11.5551776582196	0	48.6881089893374	0.812400332107453	1	0.929884129198943	1	NA	"prevalence"	26	23
"NODE_977_length_3003_cov_5.709634"	"PrePostFVT"	"Post"	"PrePostFVTPost"	0.507737699231846	0	1.58901814942	0.749325252014625	1	0.632339812002267	1	NA	"prevalence"	26	23
"NODE_980_length_5316_cov_14.526706"	"PrePostFVT"	"During"	"PrePostFVTDuring"	1.09860381964095	0	1.29099357037732	0.394782996776054	1	0.341691851530493	1	NA	"prevalence"	26	5
"NODE_980_length_5316_cov_14.526706"	"PrePostFVT"	"Post"	"PrePostFVTPost"	-15.1677397503533	0	965.436667444449	0.98746514614631	1	0.98746514614631	1	NA	"prevalence"	26	5
"NODE_982_length_5697_cov_6.203297"	"PrePostFVT"	"During"	"PrePostFVTDuring"	6.84030947279843e-17	0	1.38282198390025	1	1	1	1	NA	"prevalence"	26	4
"NODE_982_length_5697_cov_6.203297"	"PrePostFVT"	"Post"	"PrePostFVTPost"	-1.05398513700472	0	1.21169332292454	0.384385224614922	1	0.384385224614922	1	NA	"prevalence"	26	4
"NODE_984_length_4725_cov_6.130835"	"PrePostFVT"	"During"	"PrePostFVTDuring"	0	0	1.38282081059584	1	1	0.127880062212982	1	NA	"prevalence"	26	17
"NODE_984_length_4725_cov_6.130835"	"PrePostFVT"	"Post"	"PrePostFVTPost"	-0.365484504446974	0	1.00302053986718	0.715571379817124	1	0.0773977696097583	1	NA	"prevalence"	26	17
"NODE_985_length_3872_cov_6.920094"	"PrePostFVT"	"During"	"PrePostFVTDuring"	14.4329148326118	0	1136.33273836376	0.989866092999646	1	0.606862368003157	1	NA	"prevalence"	26	24
"NODE_985_length_3872_cov_6.920094"	"PrePostFVT"	"Post"	"PrePostFVTPost"	15.3901840097538	0	1058.7982631177	0.988402740878364	1	0.755649562591587	1	NA	"prevalence"	26	24
"NODE_986_length_7357_cov_9.719118"	"PrePostFVT"	"During"	"PrePostFVTDuring"	-1.8524454799632e-15	0	1.38282133595587	0.999999999999999	1	0.118212254304712	1	NA	"prevalence"	26	12
"NODE_986_length_7357_cov_9.719118"	"PrePostFVT"	"Post"	"PrePostFVTPost"	-2.01104372507323	0	1.03069361587828	0.0510385267954094	1	0.099472122373373	1	NA	"prevalence"	26	12
"NODE_987_length_3611_cov_4.640045"	"PrePostFVT"	"During"	"PrePostFVTDuring"	3.29583610627301	0	2.15165672190275	0.125580017375727	1	0.125580017375727	1	NA	"prevalence"	26	2
"NODE_987_length_3611_cov_4.640045"	"PrePostFVT"	"Post"	"PrePostFVTPost"	0	0	2.45954824585404	1	1	1	1	NA	"prevalence"	26	2
"NODE_99_length_21899_cov_271.349387"	"PrePostFVT"	"During"	"PrePostFVTDuring"	4.04121180963559e-14	0	16.5567388404407	0.999999999999998	1	0.999999999999998	1	NA	"prevalence"	26	2
"NODE_99_length_21899_cov_271.349387"	"PrePostFVT"	"Post"	"PrePostFVTPost"	4.34056083257155e-14	0	12.3406658937263	0.999999999999997	1	0.999999999999997	1	NA	"prevalence"	26	2
"NODE_990_length_2631_cov_10.267857"	"PrePostFVT"	"During"	"PrePostFVTDuring"	12.390951523722	0	639.688557820825	0.984545712790645	1	0.994354706843828	1	NA	"prevalence"	26	25
"NODE_990_length_2631_cov_10.267857"	"PrePostFVT"	"Post"	"PrePostFVTPost"	12.8661483041099	0	460.837144274907	0.977726692109118	1	0.550685480235671	1	NA	"prevalence"	26	25
"NODE_990_length_3671_cov_7.958794"	"PrePostFVT"	"During"	"PrePostFVTDuring"	12.3996534942084	0	190.613011551583	0.948133032852893	1	0.936108592925421	1	NA	"prevalence"	26	19
"NODE_990_length_3671_cov_7.958794"	"PrePostFVT"	"Post"	"PrePostFVTPost"	1.16767446722322	0	1.12455317376576	0.299109340508135	1	0.508752283437059	1	NA	"prevalence"	26	19
"NODE_990_length_4014_cov_42.693609"	"PrePostFVT"	"During"	"PrePostFVTDuring"	0.847292756307283	0	1.5735753734683	0.590265934343737	1	0.590265934343737	1	NA	"prevalence"	26	3
"NODE_990_length_4014_cov_42.693609"	"PrePostFVT"	"Post"	"PrePostFVTPost"	-0.451928344040527	0	1.49454003006177	0.76235764102585	1	0.76235764102585	1	NA	"prevalence"	26	3
"NODE_994_length_4515_cov_8.534753"	"PrePostFVT"	"During"	"PrePostFVTDuring"	0.587666409208305	0	1.36624196678718	0.667098548319463	1	0.490124346854185	1	NA	"prevalence"	26	17
"NODE_994_length_4515_cov_8.534753"	"PrePostFVT"	"Post"	"PrePostFVTPost"	0.182184956624023	0	0.953061579723428	0.848402127551837	1	0.0708993154524889	1	NA	"prevalence"	26	17
"NODE_995_length_7936_cov_20.092755"	"PrePostFVT"	"During"	"PrePostFVTDuring"	11.3990045217635	0	394.139220271249	0.976927386333627	1	0.543935826234169	1	NA	"prevalence"	26	19
"NODE_995_length_7936_cov_20.092755"	"PrePostFVT"	"Post"	"PrePostFVTPost"	-1.25280317142928	0	1.23203764909719	0.309222595576662	1	0.417753039621552	1	NA	"prevalence"	26	19
"NODE_996_length_5248_cov_12.190449"	"PrePostFVT"	"During"	"PrePostFVTDuring"	6.59167372518138	0	13.5370000599286	0.626302583320496	1	0.860350240767066	1	NA	"prevalence"	26	14
"NODE_996_length_5248_cov_12.190449"	"PrePostFVT"	"Post"	"PrePostFVTPost"	-0.312031101462064	0	0.917340485533849	0.733745428724986	1	0.264608490773525	1	NA	"prevalence"	26	14
"NODE_996_length_7267_cov_6.743899"	"PrePostFVT"	"During"	"PrePostFVTDuring"	1.94586742321312	0	1.46383778475141	0.183751750212367	1	0.240830540712008	1	NA	"prevalence"	26	7
"NODE_996_length_7267_cov_6.743899"	"PrePostFVT"	"Post"	"PrePostFVTPost"	1.25273564435794	0	1.23199807315215	0.309233132542797	1	0.522841134823363	1	NA	"prevalence"	26	7
"NODE_998_length_3199_cov_3.878181"	"PrePostFVT"	"During"	"PrePostFVTDuring"	11.4545205956949	0	266.628150846788	0.965732895864849	1	0.610148398771002	1	NA	"prevalence"	26	20
"NODE_998_length_3199_cov_3.878181"	"PrePostFVT"	"Post"	"PrePostFVTPost"	-0.405232321240635	0	1.02076223283828	0.691374890876068	1	0.598098130788754	1	NA	"prevalence"	26	20
"NODE_999_length_5046_cov_25.372470"	"PrePostFVT"	"During"	"PrePostFVTDuring"	11.5551776582196	0	48.6881089893374	0.812400332107453	1	0.964806364606606	1	NA	"prevalence"	26	24
"NODE_999_length_5046_cov_25.372470"	"PrePostFVT"	"Post"	"PrePostFVTPost"	0.507737699231846	0	1.58901814942	0.749325252014625	1	0.937162170722469	1	NA	"prevalence"	26	24
"NODE_10_length_217393_cov_15.630805|provirus_4556_30967"	"PrePostFVT"	"During"	"PrePostFVTDuring"	-0.783989550597529	NA	1.00768569305054	0.559279661752697	NA	0.999999999999996	1	"Model may not have converged with 1 eigenvalue close to zero: 5.1e-11"	"abundance"	26	3
"NODE_10_length_217393_cov_15.630805|provirus_4556_30967"	"PrePostFVT"	"Post"	"PrePostFVTPost"	NA	NA	NA	NA	NA	0.339825546833967	1	"Model may not have converged with 1 eigenvalue close to zero: 5.1e-11"	"abundance"	26	3
"NODE_1023_length_5456_cov_6.579893"	"PrePostFVT"	"During"	"PrePostFVTDuring"	NA	NA	NA	NA	NA	0.125580012958258	1	"No data points have the baseline factor level"	"abundance"	26	2
"NODE_1023_length_5456_cov_6.579893"	"PrePostFVT"	"Post"	"PrePostFVTPost"	NA	NA	NA	NA	NA	1	1	"No data points have the baseline factor level"	"abundance"	26	2
"NODE_1026_length_5707_cov_4.867127"	"PrePostFVT"	"During"	"PrePostFVTDuring"	NA	NA	NA	NA	NA	0.986648980337996	1	"No data points have the baseline factor level"	"abundance"	26	4
"NODE_1026_length_5707_cov_4.867127"	"PrePostFVT"	"Post"	"PrePostFVTPost"	NA	NA	NA	NA	NA	0.9875893963656	1	"No data points have the baseline factor level"	"abundance"	26	4
"NODE_1048_length_3412_cov_3.720882"	"PrePostFVT"	"During"	"PrePostFVTDuring"	NA	NA	NA	NA	NA	0.590066099486722	1	"number of levels of each grouping factor must be < number of observations (problems: AnimalID)"	"abundance"	26	2
"NODE_1048_length_3412_cov_3.720882"	"PrePostFVT"	"Post"	"PrePostFVTPost"	NA	NA	NA	NA	NA	0.977308111693917	1	"number of levels of each grouping factor must be < number of observations (problems: AnimalID)"	"abundance"	26	2
"NODE_1053_length_6542_cov_6.675505"	"PrePostFVT"	"During"	"PrePostFVTDuring"	NA	NA	NA	NA	NA	0.93414916699191	1	"No data points have the baseline factor level"	"abundance"	26	3
"NODE_1053_length_6542_cov_6.675505"	"PrePostFVT"	"Post"	"PrePostFVTPost"	NA	NA	NA	NA	NA	0.948928280704194	1	"No data points have the baseline factor level"	"abundance"	26	3
"NODE_1057_length_3172_cov_99.676612"	"PrePostFVT"	"During"	"PrePostFVTDuring"	NA	NA	NA	NA	NA	0.960284703105975	1	"Fitting error (NA p-value returned from fitting procedure)"	"abundance"	26	6
"NODE_107_length_22047_cov_25.693889"	"PrePostFVT"	"During"	"PrePostFVTDuring"	NA	NA	NA	NA	NA	1	1	"No data points have the baseline factor level"	"abundance"	26	3
"NODE_107_length_22047_cov_25.693889"	"PrePostFVT"	"Post"	"PrePostFVTPost"	NA	NA	NA	NA	NA	0.558285809579174	1	"No data points have the baseline factor level"	"abundance"	26	3
"NODE_1077_length_6283_cov_9.092807"	"PrePostFVT"	"During"	"PrePostFVTDuring"	NA	NA	NA	NA	NA	0.125580017375727	1	"No data points have the baseline factor level"	"abundance"	26	2
"NODE_1077_length_6283_cov_9.092807"	"PrePostFVT"	"Post"	"PrePostFVTPost"	NA	NA	NA	NA	NA	1	1	"No data points have the baseline factor level"	"abundance"	26	2
"NODE_1105_length_5332_cov_3.971575"	"PrePostFVT"	"During"	"PrePostFVTDuring"	-2.3141051911491	NA	1.78998531910651e-05	0	NA	0.1870506421613	1	"Model failed to converge with 1 negative eigenvalue: -4.3e-01"	"abundance"	26	5
"NODE_1105_length_5332_cov_3.971575"	"PrePostFVT"	"Post"	"PrePostFVTPost"	0.124163491109386	NA	1.78998531910651e-05	0	NA	0.79489096030476	1	"Model failed to converge with 1 negative eigenvalue: -4.3e-01"	"abundance"	26	5
"NODE_1115_length_4488_cov_7.035867"	"PrePostFVT"	"During"	"PrePostFVTDuring"	NA	NA	NA	NA	NA	0.974733460926957	1	"No data points have the baseline factor level"	"abundance"	26	5
"NODE_1115_length_4488_cov_7.035867"	"PrePostFVT"	"Post"	"PrePostFVTPost"	NA	NA	NA	NA	NA	0.976623718436313	1	"No data points have the baseline factor level"	"abundance"	26	5
"NODE_1118_length_2789_cov_2.808339"	"PrePostFVT"	"During"	"PrePostFVTDuring"	NA	NA	NA	NA	NA	0.936544122750407	1	"No data points have the baseline factor level"	"abundance"	26	3
"NODE_1118_length_2789_cov_2.808339"	"PrePostFVT"	"Post"	"PrePostFVTPost"	NA	NA	NA	NA	NA	0.950624554170207	1	"No data points have the baseline factor level"	"abundance"	26	3
"NODE_112_length_41464_cov_15.281919"	"PrePostFVT"	"During"	"PrePostFVTDuring"	NA	NA	NA	NA	NA	0.986034829942078	1	"number of levels of each grouping factor must be < number of observations (problems: AnimalID)"	"abundance"	26	2
"NODE_112_length_41464_cov_15.281919"	"PrePostFVT"	"Post"	"PrePostFVTPost"	NA	NA	NA	NA	NA	0.987652355469897	1	"number of levels of each grouping factor must be < number of observations (problems: AnimalID)"	"abundance"	26	2
"NODE_1136_length_5103_cov_5.667393"	"PrePostFVT"	"During"	"PrePostFVTDuring"	NA	NA	NA	NA	NA	0.978991604872217	1	"Model may not have converged with 1 eigenvalue close to zero: 1.6e-12"	"abundance"	26	3
"NODE_1136_length_5103_cov_5.667393"	"PrePostFVT"	"Post"	"PrePostFVTPost"	1.576482654067	NA	2.1486698074871	0.530882131456844	NA	0.332443246326448	1	"Model may not have converged with 1 eigenvalue close to zero: 1.6e-12"	"abundance"	26	3
"NODE_114_length_41139_cov_24.287119"	"PrePostFVT"	"During"	"PrePostFVTDuring"	NA	NA	NA	NA	NA	0.395196782909907	1	"number of levels of each grouping factor must be < number of observations (problems: AnimalID)"	"abundance"	26	6
"NODE_114_length_41139_cov_24.287119"	"PrePostFVT"	"Post"	"PrePostFVTPost"	NA	NA	NA	NA	NA	0.97123615982451	1	"number of levels of each grouping factor must be < number of observations (problems: AnimalID)"	"abundance"	26	6
"NODE_1152_length_2993_cov_5.899592"	"PrePostFVT"	"During"	"PrePostFVTDuring"	0.946910170754678	NA	1.17575986742181	0.546622580396323	NA	0.999999999999997	1	"Model may not have converged with 1 eigenvalue close to zero: 3.8e-11"	"abundance"	26	3
"NODE_1152_length_2993_cov_5.899592"	"PrePostFVT"	"Post"	"PrePostFVTPost"	NA	NA	NA	NA	NA	0.33982356933905	1	"Model may not have converged with 1 eigenvalue close to zero: 3.8e-11"	"abundance"	26	3
"NODE_1153_length_3979_cov_63.329001"	"PrePostFVT"	"During"	"PrePostFVTDuring"	NA	NA	NA	NA	NA	0.980585918298199	1	"grouping factors must have > 1 sampled level"	"abundance"	26	3
"NODE_1153_length_3979_cov_63.329001"	"PrePostFVT"	"Post"	"PrePostFVTPost"	NA	NA	NA	NA	NA	0.963687015702945	1	"grouping factors must have > 1 sampled level"	"abundance"	26	3
"NODE_1162_length_4872_cov_5.882292"	"PrePostFVT"	"During"	"PrePostFVTDuring"	NA	NA	NA	NA	NA	NA	NA	"Fitting error (NA p-value returned from fitting procedure)"	"abundance"	26	5
"NODE_119_length_41869_cov_11.496795|provirus_190_24455"	"PrePostFVT"	"During"	"PrePostFVTDuring"	NA	NA	NA	NA	NA	0.990371839422405	1	"Fitting error (NA p-value returned from fitting procedure)"	"abundance"	26	7
"NODE_1195_length_5236_cov_6.947693"	"PrePostFVT"	"During"	"PrePostFVTDuring"	NA	NA	NA	NA	NA	0.125580017375727	1	"No data points have the baseline factor level"	"abundance"	26	2
"NODE_1195_length_5236_cov_6.947693"	"PrePostFVT"	"Post"	"PrePostFVTPost"	NA	NA	NA	NA	NA	1	1	"No data points have the baseline factor level"	"abundance"	26	2
"NODE_1196_length_4706_cov_6.610621"	"PrePostFVT"	"During"	"PrePostFVTDuring"	NA	NA	NA	NA	NA	0.590065977547865	1	"number of levels of each grouping factor must be < number of observations (problems: AnimalID)"	"abundance"	26	2
"NODE_1196_length_4706_cov_6.610621"	"PrePostFVT"	"Post"	"PrePostFVTPost"	NA	NA	NA	NA	NA	0.977308108037944	1	"number of levels of each grouping factor must be < number of observations (problems: AnimalID)"	"abundance"	26	2
"NODE_1209_length_3352_cov_2.694874"	"PrePostFVT"	"During"	"PrePostFVTDuring"	NA	NA	NA	NA	NA	0.590265996315114	1	"not a positive definite matrix (and positive semidefiniteness is not checked)"	"abundance"	26	3
"NODE_1209_length_3352_cov_2.694874"	"PrePostFVT"	"Post"	"PrePostFVTPost"	NA	NA	NA	NA	NA	0.762357853091443	1	"not a positive definite matrix (and positive semidefiniteness is not checked)"	"abundance"	26	3
"NODE_1211_length_2702_cov_7.191160"	"PrePostFVT"	"During"	"PrePostFVTDuring"	NA	NA	NA	NA	NA	0.999999999999981	1	"No data points have the baseline factor level"	"abundance"	26	4
"NODE_1211_length_2702_cov_7.191160"	"PrePostFVT"	"Post"	"PrePostFVTPost"	NA	NA	NA	NA	NA	0.184116212764932	1	"No data points have the baseline factor level"	"abundance"	26	4
"NODE_1237_length_3955_cov_5.959744"	"PrePostFVT"	"During"	"PrePostFVTDuring"	NA	NA	NA	NA	NA	0.125580051204897	1	"No data points have the baseline factor level"	"abundance"	26	5
"NODE_1237_length_3955_cov_5.959744"	"PrePostFVT"	"Post"	"PrePostFVTPost"	NA	NA	NA	NA	NA	0.255360142671996	1	"No data points have the baseline factor level"	"abundance"	26	5
"NODE_124_length_39539_cov_31.076005"	"PrePostFVT"	"Post"	"PrePostFVTPost"	NA	NA	NA	NA	NA	0.985165768728302	1	"Fitting error (NA p-value returned from fitting procedure)"	"abundance"	26	9
"NODE_125_length_42935_cov_10.789366"	"PrePostFVT"	"During"	"PrePostFVTDuring"	NA	NA	NA	NA	NA	0.989451686311447	1	"grouping factors must have > 1 sampled level"	"abundance"	26	3
"NODE_125_length_42935_cov_10.789366"	"PrePostFVT"	"Post"	"PrePostFVTPost"	NA	NA	NA	NA	NA	0.991311559844857	1	"grouping factors must have > 1 sampled level"	"abundance"	26	3
"NODE_1250_length_5037_cov_5.407668"	"PrePostFVT"	"During"	"PrePostFVTDuring"	-1.05107078228599	NA	0.000164064489764128	8.38723079226472e-12	NA	0.183718456303472	1	"Model may not have converged with 1 eigenvalue close to zero: 9.3e-12"	"abundance"	26	6
"NODE_1250_length_5037_cov_5.407668"	"PrePostFVT"	"Post"	"PrePostFVTPost"	0.709125988461776	NA	0.000164064489583676	2.73114169196453e-11	NA	0.501239166252929	1	"Model may not have converged with 1 eigenvalue close to zero: 9.3e-12"	"abundance"	26	6
"NODE_1253_length_4696_cov_4.147382"	"PrePostFVT"	"During"	"PrePostFVTDuring"	NA	NA	NA	NA	NA	0.183664817355876	1	"number of levels of each grouping factor must be < number of observations (problems: AnimalID)"	"abundance"	26	3
"NODE_1253_length_4696_cov_4.147382"	"PrePostFVT"	"Post"	"PrePostFVTPost"	NA	NA	NA	NA	NA	0.981535951595354	1	"number of levels of each grouping factor must be < number of observations (problems: AnimalID)"	"abundance"	26	3
"NODE_1256_length_5020_cov_5.298892"	"PrePostFVT"	"During"	"PrePostFVTDuring"	NA	NA	NA	NA	NA	0.125580051204897	1	"No data points have the baseline factor level"	"abundance"	26	5
"NODE_1256_length_5020_cov_5.298892"	"PrePostFVT"	"Post"	"PrePostFVTPost"	NA	NA	NA	NA	NA	0.255360142671996	1	"No data points have the baseline factor level"	"abundance"	26	5
"NODE_126_length_18108_cov_304.913809"	"PrePostFVT"	"During"	"PrePostFVTDuring"	NA	NA	NA	NA	NA	0.999999999999998	1	"No data points have the baseline factor level"	"abundance"	26	2
"NODE_126_length_18108_cov_304.913809"	"PrePostFVT"	"Post"	"PrePostFVTPost"	NA	NA	NA	NA	NA	0.999999999999997	1	"No data points have the baseline factor level"	"abundance"	26	2
"NODE_1276_length_3712_cov_7.215204"	"PrePostFVT"	"During"	"PrePostFVTDuring"	-0.942404319087562	NA	0.346860870790165	0.219395851897397	NA	0.999999999999996	1	"Model may not have converged with 1 eigenvalue close to zero: 5.7e-11"	"abundance"	26	3
"NODE_1276_length_3712_cov_7.215204"	"PrePostFVT"	"Post"	"PrePostFVTPost"	NA	NA	NA	NA	NA	0.339823564768558	1	"Model may not have converged with 1 eigenvalue close to zero: 5.7e-11"	"abundance"	26	3
"NODE_130_length_77265_cov_22.063904|provirus_67829_77021"	"PrePostFVT"	"During"	"PrePostFVTDuring"	NA	NA	NA	NA	NA	0.183664817355876	1	"number of levels of each grouping factor must be < number of observations (problems: AnimalID)"	"abundance"	26	3
"NODE_130_length_77265_cov_22.063904|provirus_67829_77021"	"PrePostFVT"	"Post"	"PrePostFVTPost"	NA	NA	NA	NA	NA	0.981535951595354	1	"number of levels of each grouping factor must be < number of observations (problems: AnimalID)"	"abundance"	26	3
"NODE_1310_length_3849_cov_5.680548"	"PrePostFVT"	"During"	"PrePostFVTDuring"	-0.118330098560097	NA	1.34853953031441	0.94428132878657	NA	1	1	"Model may not have converged with 1 eigenvalue close to zero: 3.2e-11"	"abundance"	26	4
"NODE_1310_length_3849_cov_5.680548"	"PrePostFVT"	"Post"	"PrePostFVTPost"	1.64776280660158	NA	1.34853953031441	0.436634575815018	NA	0.384385224614922	1	"Model may not have converged with 1 eigenvalue close to zero: 3.2e-11"	"abundance"	26	4
"NODE_1324_length_4029_cov_5.772521"	"PrePostFVT"	"During"	"PrePostFVTDuring"	-0.576766086379339	NA	0.451370249184459	0.327887976313575	NA	0.667221304239456	1	"Model may not have converged with 1 eigenvalue close to zero: 9.7e-11"	"abundance"	26	4
"NODE_1324_length_4029_cov_5.772521"	"PrePostFVT"	"Post"	"PrePostFVTPost"	NA	NA	NA	NA	NA	0.973735998793713	1	"Model may not have converged with 1 eigenvalue close to zero: 9.7e-11"	"abundance"	26	4
"NODE_1327_length_4130_cov_5.709448"	"PrePostFVT"	"Post"	"PrePostFVTPost"	NA	NA	NA	NA	NA	0.806579995046061	1	"Fitting error (NA p-value returned from fitting procedure)"	"abundance"	26	5
"NODE_1338_length_4214_cov_5.262804"	"PrePostFVT"	"During"	"PrePostFVTDuring"	NA	NA	NA	NA	NA	0.183726432308003	1	"number of levels of each grouping factor must be < number of observations (problems: AnimalID)"	"abundance"	26	3
"NODE_1338_length_4214_cov_5.262804"	"PrePostFVT"	"Post"	"PrePostFVTPost"	NA	NA	NA	NA	NA	0.98369113722048	1	"number of levels of each grouping factor must be < number of observations (problems: AnimalID)"	"abundance"	26	3
"NODE_1349_length_2092_cov_11.966618"	"PrePostFVT"	"During"	"PrePostFVTDuring"	-0.332702828881303	NA	0.731780856279797	0.722463654805088	NA	0.56473599930687	1	"Model may not have converged with 1 eigenvalue close to zero: 4.1e-11"	"abundance"	26	4
"NODE_1349_length_2092_cov_11.966618"	"PrePostFVT"	"Post"	"PrePostFVTPost"	1.58853522112645	NA	0.70757357298419	0.248682664115445	NA	0.785128824943886	1	"Model may not have converged with 1 eigenvalue close to zero: 4.1e-11"	"abundance"	26	4
"NODE_1349_length_4098_cov_5.409102"	"PrePostFVT"	"During"	"PrePostFVTDuring"	NA	NA	NA	NA	NA	0.960746669411824	1	"Fitting error (NA p-value returned from fitting procedure)"	"abundance"	26	5
"NODE_1353_length_4112_cov_5.476214"	"PrePostFVT"	"During"	"PrePostFVTDuring"	NA	NA	NA	NA	NA	0.183664817355876	1	"number of levels of each grouping factor must be < number of observations (problems: AnimalID)"	"abundance"	26	3
"NODE_1353_length_4112_cov_5.476214"	"PrePostFVT"	"Post"	"PrePostFVTPost"	NA	NA	NA	NA	NA	0.981535951595354	1	"number of levels of each grouping factor must be < number of observations (problems: AnimalID)"	"abundance"	26	3
"NODE_1369_length_4054_cov_4.923481"	"PrePostFVT"	"Post"	"PrePostFVTPost"	NA	NA	NA	NA	NA	0.983193638076287	1	"Fitting error (NA p-value returned from fitting procedure)"	"abundance"	26	4
"NODE_1386_length_2054_cov_6.680840"	"PrePostFVT"	"During"	"PrePostFVTDuring"	NA	NA	NA	NA	NA	0.941635579304857	1	"Model may not have converged with 1 eigenvalue close to zero: 2.6e-10"	"abundance"	26	4
"NODE_1386_length_2054_cov_6.680840"	"PrePostFVT"	"Post"	"PrePostFVTPost"	4.40429449876915	NA	0.332407730924169	0.0461660474550297	NA	0.79913275362695	1	"Model may not have converged with 1 eigenvalue close to zero: 2.6e-10"	"abundance"	26	4
"NODE_1389_length_3851_cov_11.429663"	"PrePostFVT"	"During"	"PrePostFVTDuring"	NA	NA	NA	NA	NA	0.99999999999998	1	"No data points have the baseline factor level"	"abundance"	26	2
"NODE_1389_length_3851_cov_11.429663"	"PrePostFVT"	"Post"	"PrePostFVTPost"	NA	NA	NA	NA	NA	0.365247680496474	1	"No data points have the baseline factor level"	"abundance"	26	2
"NODE_1399_length_3690_cov_6.675103"	"PrePostFVT"	"Post"	"PrePostFVTPost"	NA	NA	NA	NA	NA	0.806579995046061	1	"Fitting error (NA p-value returned from fitting procedure)"	"abundance"	26	5
"NODE_143_length_27086_cov_220.060153"	"PrePostFVT"	"During"	"PrePostFVTDuring"	NA	NA	NA	NA	NA	1	1	"No data points have the baseline factor level"	"abundance"	26	3
"NODE_143_length_27086_cov_220.060153"	"PrePostFVT"	"Post"	"PrePostFVTPost"	NA	NA	NA	NA	NA	0.558285809579174	1	"No data points have the baseline factor level"	"abundance"	26	3
"NODE_1447_length_3472_cov_27.441030"	"PrePostFVT"	"During"	"PrePostFVTDuring"	-0.878926201799093	NA	1.15026616645684	0.561109597421634	NA	0.99999970607837	1	"Model may not have converged with 1 eigenvalue close to zero: 1.5e-10"	"abundance"	26	4
"NODE_1447_length_3472_cov_27.441030"	"PrePostFVT"	"Post"	"PrePostFVTPost"	-0.375867702471215	NA	1.15026616645684	0.789436030839675	NA	0.298926177691749	1	"Model may not have converged with 1 eigenvalue close to zero: 1.5e-10"	"abundance"	26	4
"NODE_146_length_35576_cov_13.034318"	"PrePostFVT"	"Post"	"PrePostFVTPost"	NA	NA	NA	NA	NA	0.960067460658575	1	"Fitting error (NA p-value returned from fitting procedure)"	"abundance"	26	4
"NODE_1474_length_4254_cov_5.462967"	"PrePostFVT"	"During"	"PrePostFVTDuring"	NA	NA	NA	NA	NA	0.964724861389313	1	"Fitting error (NA p-value returned from fitting procedure)"	"abundance"	26	6
"NODE_1478_length_3161_cov_4.203155"	"PrePostFVT"	"During"	"PrePostFVTDuring"	NA	NA	NA	NA	NA	0.947760260946129	1	"No data points have the baseline factor level"	"abundance"	26	3
"NODE_1478_length_3161_cov_4.203155"	"PrePostFVT"	"Post"	"PrePostFVTPost"	NA	NA	NA	NA	NA	0.95766237022029	1	"No data points have the baseline factor level"	"abundance"	26	3
"NODE_1481_length_2759_cov_3.989645"	"PrePostFVT"	"During"	"PrePostFVTDuring"	1.4042627652849	NA	0.362710775448276	0.156445339474389	NA	0.56473599930687	1	"Model may not have converged with 1 eigenvalue close to zero: 4.0e-10"	"abundance"	26	4
"NODE_1481_length_2759_cov_3.989645"	"PrePostFVT"	"Post"	"PrePostFVTPost"	3.82778639273446	NA	0.325979374074577	0.0519403062571604	NA	0.785128824943886	1	"Model may not have converged with 1 eigenvalue close to zero: 4.0e-10"	"abundance"	26	4
"NODE_1503_length_2806_cov_3.922937"	"PrePostFVT"	"Post"	"PrePostFVTPost"	NA	NA	NA	NA	NA	0.400264686244505	1	"Fitting error (NA p-value returned from fitting procedure)"	"abundance"	26	6
"NODE_1545_length_2573_cov_4.320890"	"PrePostFVT"	"During"	"PrePostFVTDuring"	NA	NA	NA	NA	NA	0.977759401324386	1	"Fitting error (NA p-value returned from fitting procedure)"	"abundance"	26	5
"NODE_1568_length_3144_cov_7.337650"	"PrePostFVT"	"During"	"PrePostFVTDuring"	NA	NA	NA	NA	NA	0.990539255161689	1	"No data points have the baseline factor level"	"abundance"	26	4
"NODE_1568_length_3144_cov_7.337650"	"PrePostFVT"	"Post"	"PrePostFVTPost"	NA	NA	NA	NA	NA	0.991530601225854	1	"No data points have the baseline factor level"	"abundance"	26	4
"NODE_1581_length_5015_cov_8.134073"	"PrePostFVT"	"During"	"PrePostFVTDuring"	NA	NA	NA	NA	NA	0.984426783959539	1	"Fitting error (NA p-value returned from fitting procedure)"	"abundance"	26	4
"NODE_1595_length_1770_cov_2.963848"	"PrePostFVT"	"During"	"PrePostFVTDuring"	-0.978276816080101	NA	0.0883648272189832	0.0571299158516932	NA	0.999999999999997	1	"Model may not have converged with 1 eigenvalue close to zero: 5.6e-10"	"abundance"	26	4
"NODE_1595_length_1770_cov_2.963848"	"PrePostFVT"	"Post"	"PrePostFVTPost"	0.19653421413643	NA	0.104027426439716	0.309918824229213	NA	0.384385428034862	1	"Model may not have converged with 1 eigenvalue close to zero: 5.6e-10"	"abundance"	26	4
"NODE_1616_length_2000_cov_5.291003"	"PrePostFVT"	"During"	"PrePostFVTDuring"	NA	NA	NA	NA	NA	0.999999999999971	1	"No data points have the baseline factor level"	"abundance"	26	2
"NODE_1616_length_2000_cov_5.291003"	"PrePostFVT"	"Post"	"PrePostFVTPost"	NA	NA	NA	NA	NA	0.365246115976955	1	"No data points have the baseline factor level"	"abundance"	26	2
"NODE_162_length_43197_cov_12.090260"	"PrePostFVT"	"During"	"PrePostFVTDuring"	NA	NA	NA	NA	NA	0.183749299169023	1	"number of levels of each grouping factor must be < number of observations (problems: AnimalID)"	"abundance"	26	4
"NODE_162_length_43197_cov_12.090260"	"PrePostFVT"	"Post"	"PrePostFVTPost"	NA	NA	NA	NA	NA	0.762330343793026	1	"number of levels of each grouping factor must be < number of observations (problems: AnimalID)"	"abundance"	26	4
"NODE_1621_length_2980_cov_3.932991"	"PrePostFVT"	"During"	"PrePostFVTDuring"	NA	NA	NA	NA	NA	0.93414916699191	1	"No data points have the baseline factor level"	"abundance"	26	3
"NODE_1621_length_2980_cov_3.932991"	"PrePostFVT"	"Post"	"PrePostFVTPost"	NA	NA	NA	NA	NA	0.948928280704194	1	"No data points have the baseline factor level"	"abundance"	26	3
"NODE_1641_length_3110_cov_3.553519"	"PrePostFVT"	"Post"	"PrePostFVTPost"	NA	NA	NA	NA	NA	0.987945011492813	1	"Fitting error (NA p-value returned from fitting procedure)"	"abundance"	26	4
"NODE_166_length_5801_cov_289.933171"	"PrePostFVT"	"During"	"PrePostFVTDuring"	NA	NA	NA	NA	NA	0.999999999999998	1	"No data points have the baseline factor level"	"abundance"	26	2
"NODE_166_length_5801_cov_289.933171"	"PrePostFVT"	"Post"	"PrePostFVTPost"	NA	NA	NA	NA	NA	0.999999999999997	1	"No data points have the baseline factor level"	"abundance"	26	2
"NODE_1667_length_2751_cov_4.843472"	"PrePostFVT"	"Post"	"PrePostFVTPost"	NA	NA	NA	NA	NA	0.987945011492813	1	"Fitting error (NA p-value returned from fitting procedure)"	"abundance"	26	4
"NODE_1681_length_1944_cov_3.751720"	"PrePostFVT"	"During"	"PrePostFVTDuring"	NA	NA	NA	NA	NA	0.999999999999971	1	"No data points have the baseline factor level"	"abundance"	26	3
"NODE_1681_length_1944_cov_3.751720"	"PrePostFVT"	"Post"	"PrePostFVTPost"	NA	NA	NA	NA	NA	0.365246115976955	1	"No data points have the baseline factor level"	"abundance"	26	3
"NODE_1689_length_2357_cov_6.206777"	"PrePostFVT"	"During"	"PrePostFVTDuring"	-1.20672373277053	NA	0.0671036544186615	0.0352851685748756	NA	0.999999999999996	1	"Model may not have converged with 1 eigenvalue close to zero: 1.7e-09"	"abundance"	26	4
"NODE_1689_length_2357_cov_6.206777"	"PrePostFVT"	"Post"	"PrePostFVTPost"	NA	NA	NA	NA	NA	0.339823555849653	1	"Model may not have converged with 1 eigenvalue close to zero: 1.7e-09"	"abundance"	26	4
"NODE_169_length_60470_cov_54.574162"	"PrePostFVT"	"During"	"PrePostFVTDuring"	NA	NA	NA	NA	NA	0.184102227770277	1	"number of levels of each grouping factor must be < number of observations (problems: AnimalID)"	"abundance"	26	3
"NODE_169_length_60470_cov_54.574162"	"PrePostFVT"	"Post"	"PrePostFVTPost"	NA	NA	NA	NA	NA	0.97320711103878	1	"number of levels of each grouping factor must be < number of observations (problems: AnimalID)"	"abundance"	26	3
"NODE_17_length_40591_cov_28.392293"	"PrePostFVT"	"Post"	"PrePostFVTPost"	NA	NA	NA	NA	NA	0.892278302086116	1	"Fitting error (NA p-value returned from fitting procedure)"	"abundance"	26	5
"NODE_1700_length_2454_cov_12.135890"	"PrePostFVT"	"During"	"PrePostFVTDuring"	NA	NA	NA	NA	NA	0.999999999999999	1	"number of levels of each grouping factor must be < number of observations (problems: AnimalID)"	"abundance"	26	5
"NODE_1700_length_2454_cov_12.135890"	"PrePostFVT"	"Post"	"PrePostFVTPost"	NA	NA	NA	NA	NA	0.339829492199988	1	"number of levels of each grouping factor must be < number of observations (problems: AnimalID)"	"abundance"	26	5
"NODE_1709_length_2618_cov_3.747171"	"PrePostFVT"	"During"	"PrePostFVTDuring"	NA	NA	NA	NA	NA	0.183726432308003	1	"number of levels of each grouping factor must be < number of observations (problems: AnimalID)"	"abundance"	26	3
"NODE_1709_length_2618_cov_3.747171"	"PrePostFVT"	"Post"	"PrePostFVTPost"	NA	NA	NA	NA	NA	0.98369113722048	1	"number of levels of each grouping factor must be < number of observations (problems: AnimalID)"	"abundance"	26	3
"NODE_1712_length_2968_cov_4.969791"	"PrePostFVT"	"During"	"PrePostFVTDuring"	NA	NA	NA	NA	NA	0.167743752422456	1	"number of levels of each grouping factor must be < number of observations (problems: AnimalID)"	"abundance"	26	3
"NODE_1712_length_2968_cov_4.969791"	"PrePostFVT"	"Post"	"PrePostFVTPost"	NA	NA	NA	NA	NA	0.999637664891168	1	"number of levels of each grouping factor must be < number of observations (problems: AnimalID)"	"abundance"	26	3
"NODE_1736_length_2914_cov_5.421126"	"PrePostFVT"	"During"	"PrePostFVTDuring"	NA	NA	NA	NA	NA	0.183664817355876	1	"number of levels of each grouping factor must be < number of observations (problems: AnimalID)"	"abundance"	26	3
"NODE_1736_length_2914_cov_5.421126"	"PrePostFVT"	"Post"	"PrePostFVTPost"	NA	NA	NA	NA	NA	0.981535951595354	1	"number of levels of each grouping factor must be < number of observations (problems: AnimalID)"	"abundance"	26	3
"NODE_1744_length_3031_cov_72.943884"	"PrePostFVT"	"During"	"PrePostFVTDuring"	NA	NA	NA	NA	NA	0.970187268514501	1	"No data points have the baseline factor level"	"abundance"	26	7
"NODE_1744_length_3031_cov_72.943884"	"PrePostFVT"	"Post"	"PrePostFVTPost"	NA	NA	NA	NA	NA	0.970919718814683	1	"No data points have the baseline factor level"	"abundance"	26	7
"NODE_1761_length_2502_cov_7.919085"	"PrePostFVT"	"During"	"PrePostFVTDuring"	NA	NA	NA	NA	NA	0.93414916699191	1	"No data points have the baseline factor level"	"abundance"	26	3
"NODE_1761_length_2502_cov_7.919085"	"PrePostFVT"	"Post"	"PrePostFVTPost"	NA	NA	NA	NA	NA	0.948928280704194	1	"No data points have the baseline factor level"	"abundance"	26	3
"NODE_1766_length_2369_cov_3.469317"	"PrePostFVT"	"During"	"PrePostFVTDuring"	NA	NA	NA	NA	NA	0.999999999999971	1	"No data points have the baseline factor level"	"abundance"	26	2
"NODE_1766_length_2369_cov_3.469317"	"PrePostFVT"	"Post"	"PrePostFVTPost"	NA	NA	NA	NA	NA	0.365246115976955	1	"No data points have the baseline factor level"	"abundance"	26	2
"NODE_1774_length_2850_cov_22.364222"	"PrePostFVT"	"During"	"PrePostFVTDuring"	NA	NA	NA	NA	NA	0.922703241538836	1	"No data points have the baseline factor level"	"abundance"	26	4
"NODE_1774_length_2850_cov_22.364222"	"PrePostFVT"	"Post"	"PrePostFVTPost"	NA	NA	NA	NA	NA	0.926528293299949	1	"No data points have the baseline factor level"	"abundance"	26	4
"NODE_1797_length_2793_cov_3.438641"	"PrePostFVT"	"During"	"PrePostFVTDuring"	0.0141146696094128	NA	0.711706026316962	0.987376108065443	NA	0.18374571783131	1	"Model may not have converged with 1 eigenvalue close to zero: 9.1e-11"	"abundance"	26	4
"NODE_1797_length_2793_cov_3.438641"	"PrePostFVT"	"Post"	"PrePostFVTPost"	1.86617202308851	NA	0.820311159444592	0.263007639495258	NA	0.762352506191941	1	"Model may not have converged with 1 eigenvalue close to zero: 9.1e-11"	"abundance"	26	4
"NODE_181_length_44721_cov_43.504254"	"PrePostFVT"	"During"	"PrePostFVTDuring"	-0.432238502432222	NA	0.699520522940127	0.64251511204973	NA	0.564735856124395	1	"Model may not have converged with 1 eigenvalue close to zero: 5.3e-10"	"abundance"	26	4
"NODE_181_length_44721_cov_43.504254"	"PrePostFVT"	"Post"	"PrePostFVTPost"	2.10044887711693	NA	0.621061589745488	0.174123991188935	NA	0.785128746767213	1	"Model may not have converged with 1 eigenvalue close to zero: 5.3e-10"	"abundance"	26	4
"NODE_1827_length_3438_cov_6.818504"	"PrePostFVT"	"During"	"PrePostFVTDuring"	NA	NA	NA	NA	NA	0.976951787592253	1	"No data points have the baseline factor level"	"abundance"	26	7
"NODE_1827_length_3438_cov_6.818504"	"PrePostFVT"	"Post"	"PrePostFVTPost"	NA	NA	NA	NA	NA	0.978660987016942	1	"No data points have the baseline factor level"	"abundance"	26	7
"NODE_1852_length_2714_cov_5.670929"	"PrePostFVT"	"During"	"PrePostFVTDuring"	NA	NA	NA	NA	NA	0.590065977547865	1	"number of levels of each grouping factor must be < number of observations (problems: AnimalID)"	"abundance"	26	2
"NODE_1852_length_2714_cov_5.670929"	"PrePostFVT"	"Post"	"PrePostFVTPost"	NA	NA	NA	NA	NA	0.977308108037944	1	"number of levels of each grouping factor must be < number of observations (problems: AnimalID)"	"abundance"	26	2
"NODE_1869_length_3204_cov_4.899968"	"PrePostFVT"	"During"	"PrePostFVTDuring"	-2.44031455790992	NA	0.396812523814	0.0984728259254283	NA	0.185160238149802	1	"Model may not have converged with 1 eigenvalue close to zero: 2.3e-10"	"abundance"	26	4
"NODE_1869_length_3204_cov_4.899968"	"PrePostFVT"	"Post"	"PrePostFVTPost"	-0.290874008169495	NA	0.442454517164701	0.626849800806048	NA	0.733950326105576	1	"Model may not have converged with 1 eigenvalue close to zero: 2.3e-10"	"abundance"	26	4
"NODE_1876_length_1287_cov_2.543831"	"PrePostFVT"	"During"	"PrePostFVTDuring"	NA	NA	NA	NA	NA	0.999999999999981	1	"No data points have the baseline factor level"	"abundance"	26	2
"NODE_1876_length_1287_cov_2.543831"	"PrePostFVT"	"Post"	"PrePostFVTPost"	NA	NA	NA	NA	NA	0.365246570138725	1	"No data points have the baseline factor level"	"abundance"	26	2
"NODE_189_length_21480_cov_167.721820"	"PrePostFVT"	"Post"	"PrePostFVTPost"	NA	NA	NA	NA	NA	0.98746514614631	1	"Fitting error (NA p-value returned from fitting procedure)"	"abundance"	26	4
"NODE_1896_length_2650_cov_4.356840"	"PrePostFVT"	"During"	"PrePostFVTDuring"	NA	NA	NA	NA	NA	0.936544122750407	1	"No data points have the baseline factor level"	"abundance"	26	3
"NODE_1896_length_2650_cov_4.356840"	"PrePostFVT"	"Post"	"PrePostFVTPost"	NA	NA	NA	NA	NA	0.950624554170207	1	"No data points have the baseline factor level"	"abundance"	26	3
"NODE_19_length_40010_cov_71.909198"	"PrePostFVT"	"During"	"PrePostFVTDuring"	-7.78335228465858	NA	1.09272712368396	0.0104097183976746	NA	0.211371983511346	1	"Model may not have converged with 1 eigenvalue close to zero: 7.7e-11"	"abundance"	26	4
"NODE_19_length_40010_cov_71.909198"	"PrePostFVT"	"Post"	"PrePostFVTPost"	NA	NA	NA	NA	NA	0.929536624971391	1	"Model may not have converged with 1 eigenvalue close to zero: 7.7e-11"	"abundance"	26	4
"NODE_1948_length_3066_cov_2.655596"	"PrePostFVT"	"During"	"PrePostFVTDuring"	NA	NA	NA	NA	NA	1	1	"No data points have the baseline factor level"	"abundance"	26	3
"NODE_1948_length_3066_cov_2.655596"	"PrePostFVT"	"Post"	"PrePostFVTPost"	NA	NA	NA	NA	NA	0.255359154122281	1	"No data points have the baseline factor level"	"abundance"	26	3
"NODE_1960_length_3107_cov_46.232962"	"PrePostFVT"	"During"	"PrePostFVTDuring"	NA	NA	NA	NA	NA	0.973545040007982	1	"No data points have the baseline factor level"	"abundance"	26	4
"NODE_1960_length_3107_cov_46.232962"	"PrePostFVT"	"Post"	"PrePostFVTPost"	NA	NA	NA	NA	NA	0.976517760442872	1	"No data points have the baseline factor level"	"abundance"	26	4
"NODE_197_length_23469_cov_64.990988"	"PrePostFVT"	"During"	"PrePostFVTDuring"	NA	NA	NA	NA	NA	0.973545040007982	1	"No data points have the baseline factor level"	"abundance"	26	4
"NODE_197_length_23469_cov_64.990988"	"PrePostFVT"	"Post"	"PrePostFVTPost"	NA	NA	NA	NA	NA	0.976517760442872	1	"No data points have the baseline factor level"	"abundance"	26	4
"NODE_1992_length_2011_cov_4.148773"	"PrePostFVT"	"During"	"PrePostFVTDuring"	NA	NA	NA	NA	NA	0.183726432308003	1	"number of levels of each grouping factor must be < number of observations (problems: AnimalID)"	"abundance"	26	3
"NODE_1992_length_2011_cov_4.148773"	"PrePostFVT"	"Post"	"PrePostFVTPost"	NA	NA	NA	NA	NA	0.98369113722048	1	"number of levels of each grouping factor must be < number of observations (problems: AnimalID)"	"abundance"	26	3
"NODE_1994_length_1614_cov_5.948044"	"PrePostFVT"	"Post"	"PrePostFVTPost"	NA	NA	NA	NA	NA	0.959346230191364	1	"Fitting error (NA p-value returned from fitting procedure)"	"abundance"	26	6
"NODE_2001_length_2507_cov_6.845024"	"PrePostFVT"	"During"	"PrePostFVTDuring"	0.306836360218562	NA	0.337757916074347	0.53011735020292	NA	0.99999970607837	1	"Model may not have converged with 1 eigenvalue close to zero: 5.3e-09"	"abundance"	26	4
"NODE_2001_length_2507_cov_6.845024"	"PrePostFVT"	"Post"	"PrePostFVTPost"	1.07292926538023	NA	0.337757916074347	0.193502050895896	NA	0.298926177691749	1	"Model may not have converged with 1 eigenvalue close to zero: 5.3e-09"	"abundance"	26	4
"NODE_2004_length_2512_cov_6.669109"	"PrePostFVT"	"During"	"PrePostFVTDuring"	NA	NA	NA	NA	NA	0.971535182871058	1	"Fitting error (NA p-value returned from fitting procedure)"	"abundance"	26	4
"NODE_204_length_29412_cov_9.598392"	"PrePostFVT"	"During"	"PrePostFVTDuring"	NA	NA	NA	NA	NA	0.990371839422405	1	"Fitting error (NA p-value returned from fitting procedure)"	"abundance"	26	7
"NODE_2041_length_1386_cov_3.691210"	"PrePostFVT"	"During"	"PrePostFVTDuring"	-0.0607628083679124	NA	0.732800435944704	0.947332844324583	NA	0.999999999999996	1	"Model may not have converged with 1 eigenvalue close to zero: 4.3e-09"	"abundance"	26	3
"NODE_2041_length_1386_cov_3.691210"	"PrePostFVT"	"Post"	"PrePostFVTPost"	NA	NA	NA	NA	NA	0.339824204462693	1	"Model may not have converged with 1 eigenvalue close to zero: 4.3e-09"	"abundance"	26	3
"NODE_2059_length_1526_cov_4.799456"	"PrePostFVT"	"During"	"PrePostFVTDuring"	NA	NA	NA	NA	NA	0.590066099486722	1	"number of levels of each grouping factor must be < number of observations (problems: AnimalID)"	"abundance"	26	2
"NODE_2059_length_1526_cov_4.799456"	"PrePostFVT"	"Post"	"PrePostFVTPost"	NA	NA	NA	NA	NA	0.977308111693917	1	"number of levels of each grouping factor must be < number of observations (problems: AnimalID)"	"abundance"	26	2
"NODE_213_length_49538_cov_20.727785"	"PrePostFVT"	"During"	"PrePostFVTDuring"	-0.737583170683694	NA	0.51024134542738	0.382428634278597	NA	0.99999970607837	1	"Model may not have converged with 1 eigenvalue close to zero: 1.3e-09"	"abundance"	26	4
"NODE_213_length_49538_cov_20.727785"	"PrePostFVT"	"Post"	"PrePostFVTPost"	0.280048501473942	NA	0.51024134542738	0.67921671560171	NA	0.298926177691749	1	"Model may not have converged with 1 eigenvalue close to zero: 1.3e-09"	"abundance"	26	4
"NODE_2137_length_1853_cov_3.723582"	"PrePostFVT"	"During"	"PrePostFVTDuring"	NA	NA	NA	NA	NA	0.978980902904852	1	"Fitting error (NA p-value returned from fitting procedure)"	"abundance"	26	6
"NODE_2138_length_2448_cov_4.907229"	"PrePostFVT"	"During"	"PrePostFVTDuring"	NA	NA	NA	NA	NA	0.590066019453438	1	"number of levels of each grouping factor must be < number of observations (problems: AnimalID)"	"abundance"	26	2
"NODE_2138_length_2448_cov_4.907229"	"PrePostFVT"	"Post"	"PrePostFVTPost"	NA	NA	NA	NA	NA	0.98063266383641	1	"number of levels of each grouping factor must be < number of observations (problems: AnimalID)"	"abundance"	26	2
"NODE_2176_length_2505_cov_7.395510"	"PrePostFVT"	"During"	"PrePostFVTDuring"	NA	NA	NA	NA	NA	0.590265996315114	1	"not a positive definite matrix (and positive semidefiniteness is not checked)"	"abundance"	26	3
"NODE_2176_length_2505_cov_7.395510"	"PrePostFVT"	"Post"	"PrePostFVTPost"	NA	NA	NA	NA	NA	0.762357853091443	1	"not a positive definite matrix (and positive semidefiniteness is not checked)"	"abundance"	26	3
"NODE_223_length_48370_cov_26.409769"	"PrePostFVT"	"Post"	"PrePostFVTPost"	NA	NA	NA	NA	NA	0.999423344617584	1	"Fitting error (NA p-value returned from fitting procedure)"	"abundance"	26	6
"NODE_2236_length_1333_cov_10.253521"	"PrePostFVT"	"During"	"PrePostFVTDuring"	NA	NA	NA	NA	NA	0.978991604872217	1	"Model may not have converged with 1 eigenvalue close to zero: 1.6e-11"	"abundance"	26	3
"NODE_2236_length_1333_cov_10.253521"	"PrePostFVT"	"Post"	"PrePostFVTPost"	1.93736504769216	NA	2.63178517770927	0.513907778985535	NA	0.332443246326448	1	"Model may not have converged with 1 eigenvalue close to zero: 1.6e-11"	"abundance"	26	3
"NODE_2238_length_2860_cov_3.888057"	"PrePostFVT"	"During"	"PrePostFVTDuring"	-1.90287979737355	NA	0.298431098201553	0.0967702191204791	NA	0.185160238149802	1	"Model may not have converged with 1 eigenvalue close to zero: 3.3e-10"	"abundance"	26	4
"NODE_2238_length_2860_cov_3.888057"	"PrePostFVT"	"Post"	"PrePostFVTPost"	-0.290874008169492	NA	0.333199173776538	0.540972859952376	NA	0.733950326105576	1	"Model may not have converged with 1 eigenvalue close to zero: 3.3e-10"	"abundance"	26	4
"NODE_2269_length_2821_cov_4.664497"	"PrePostFVT"	"During"	"PrePostFVTDuring"	NA	NA	NA	NA	NA	0.959991093073165	1	"No data points have the baseline factor level"	"abundance"	26	5
"NODE_2269_length_2821_cov_4.664497"	"PrePostFVT"	"Post"	"PrePostFVTPost"	NA	NA	NA	NA	NA	0.9633166549075	1	"No data points have the baseline factor level"	"abundance"	26	5
"NODE_2281_length_1616_cov_6.754644"	"PrePostFVT"	"During"	"PrePostFVTDuring"	NA	NA	NA	NA	NA	0.125580017375727	1	"No data points have the baseline factor level"	"abundance"	26	2
"NODE_2281_length_1616_cov_6.754644"	"PrePostFVT"	"Post"	"PrePostFVTPost"	NA	NA	NA	NA	NA	1	1	"No data points have the baseline factor level"	"abundance"	26	2
"NODE_2315_length_1592_cov_4.810020"	"PrePostFVT"	"During"	"PrePostFVTDuring"	NA	NA	NA	NA	NA	0.999999999999971	1	"No data points have the baseline factor level"	"abundance"	26	3
"NODE_2315_length_1592_cov_4.810020"	"PrePostFVT"	"Post"	"PrePostFVTPost"	NA	NA	NA	NA	NA	0.365246115976955	1	"No data points have the baseline factor level"	"abundance"	26	3
"NODE_2320_length_2772_cov_4.598822"	"PrePostFVT"	"During"	"PrePostFVTDuring"	-0.421072553961584	NA	0.000101078300345252	3.05051836810743e-11	NA	0.183745956719867	1	"Model may not have converged with 1 eigenvalue close to zero: 5.1e-12"	"abundance"	26	6
"NODE_2320_length_2772_cov_4.598822"	"PrePostFVT"	"Post"	"PrePostFVTPost"	1.85369739356334	NA	7.14731516977818e-05	1.26410464150934e-13	NA	0.501246477007133	1	"Model may not have converged with 1 eigenvalue close to zero: 5.1e-12"	"abundance"	26	6
"NODE_234_length_14417_cov_37.181381"	"PrePostFVT"	"During"	"PrePostFVTDuring"	NA	NA	NA	NA	NA	0.183664817355876	1	"number of levels of each grouping factor must be < number of observations (problems: AnimalID)"	"abundance"	26	3
"NODE_234_length_14417_cov_37.181381"	"PrePostFVT"	"Post"	"PrePostFVTPost"	NA	NA	NA	NA	NA	0.981535951595354	1	"number of levels of each grouping factor must be < number of observations (problems: AnimalID)"	"abundance"	26	3
"NODE_234_length_45717_cov_33.579234"	"PrePostFVT"	"During"	"PrePostFVTDuring"	NA	NA	NA	NA	NA	0.944920231401889	1	"No data points have the baseline factor level"	"abundance"	26	2
"NODE_234_length_45717_cov_33.579234"	"PrePostFVT"	"Post"	"PrePostFVTPost"	NA	NA	NA	NA	NA	0.952493903704594	1	"No data points have the baseline factor level"	"abundance"	26	2
"NODE_2427_length_1787_cov_2.825635"	"PrePostFVT"	"During"	"PrePostFVTDuring"	NA	NA	NA	NA	NA	0.125580012958258	1	"No data points have the baseline factor level"	"abundance"	26	2
"NODE_2427_length_1787_cov_2.825635"	"PrePostFVT"	"Post"	"PrePostFVTPost"	NA	NA	NA	NA	NA	1	1	"No data points have the baseline factor level"	"abundance"	26	2
"NODE_249_length_15525_cov_6.736070"	"PrePostFVT"	"During"	"PrePostFVTDuring"	NA	NA	NA	NA	NA	0.990371839422405	1	"Fitting error (NA p-value returned from fitting procedure)"	"abundance"	26	7
"NODE_252_length_21786_cov_7.743316|provirus_11205_21743"	"PrePostFVT"	"During"	"PrePostFVTDuring"	NA	NA	NA	NA	NA	0.977759401324386	1	"Fitting error (NA p-value returned from fitting procedure)"	"abundance"	26	5
"NODE_2534_length_1967_cov_5.160565"	"PrePostFVT"	"During"	"PrePostFVTDuring"	NA	NA	NA	NA	NA	0.125580017375727	1	"No data points have the baseline factor level"	"abundance"	26	2
"NODE_2534_length_1967_cov_5.160565"	"PrePostFVT"	"Post"	"PrePostFVTPost"	NA	NA	NA	NA	NA	1	1	"No data points have the baseline factor level"	"abundance"	26	2
"NODE_2552_length_1347_cov_3.110681"	"PrePostFVT"	"During"	"PrePostFVTDuring"	NA	NA	NA	NA	NA	0.999999999999971	1	"No data points have the baseline factor level"	"abundance"	26	2
"NODE_2552_length_1347_cov_3.110681"	"PrePostFVT"	"Post"	"PrePostFVTPost"	NA	NA	NA	NA	NA	0.365246115976955	1	"No data points have the baseline factor level"	"abundance"	26	2
"NODE_264_length_3553_cov_349.182962"	"PrePostFVT"	"During"	"PrePostFVTDuring"	NA	NA	NA	NA	NA	0.985960963757591	1	"grouping factors must have > 1 sampled level"	"abundance"	26	3
"NODE_264_length_3553_cov_349.182962"	"PrePostFVT"	"Post"	"PrePostFVTPost"	NA	NA	NA	NA	NA	0.986054317641261	1	"grouping factors must have > 1 sampled level"	"abundance"	26	3
"NODE_264_length_9822_cov_108.515716"	"PrePostFVT"	"During"	"PrePostFVTDuring"	NA	NA	NA	NA	NA	0.999999999999981	1	"No data points have the baseline factor level"	"abundance"	26	2
"NODE_264_length_9822_cov_108.515716"	"PrePostFVT"	"Post"	"PrePostFVTPost"	NA	NA	NA	NA	NA	0.365247349420622	1	"No data points have the baseline factor level"	"abundance"	26	2
"NODE_2646_length_1322_cov_3.449882"	"PrePostFVT"	"During"	"PrePostFVTDuring"	-2.22575071029581	NA	0.423229359003722	0.117898264460604	NA	0.244393691241808	1	"Model may not have converged with 1 eigenvalue close to zero: 8.2e-10"	"abundance"	26	3
"NODE_2646_length_1322_cov_3.449882"	"PrePostFVT"	"Post"	"PrePostFVTPost"	NA	NA	NA	NA	NA	0.96335667927501	1	"Model may not have converged with 1 eigenvalue close to zero: 8.2e-10"	"abundance"	26	3
"NODE_266_length_18584_cov_177.325760"	"PrePostFVT"	"Post"	"PrePostFVTPost"	NA	NA	NA	NA	NA	0.867794621093914	1	"Fitting error (NA p-value returned from fitting procedure)"	"abundance"	26	8
"NODE_2679_length_1284_cov_2.926770"	"PrePostFVT"	"During"	"PrePostFVTDuring"	NA	NA	NA	NA	NA	0.944531598698197	1	"No data points have the baseline factor level"	"abundance"	26	2
"NODE_2679_length_1284_cov_2.926770"	"PrePostFVT"	"Post"	"PrePostFVTPost"	NA	NA	NA	NA	NA	0.952140508309768	1	"No data points have the baseline factor level"	"abundance"	26	2
"NODE_272_length_6801_cov_41.752298"	"PrePostFVT"	"During"	"PrePostFVTDuring"	NA	NA	NA	NA	NA	0.999999999999971	1	"No data points have the baseline factor level"	"abundance"	26	4
"NODE_272_length_6801_cov_41.752298"	"PrePostFVT"	"Post"	"PrePostFVTPost"	NA	NA	NA	NA	NA	0.365246115976955	1	"No data points have the baseline factor level"	"abundance"	26	4
"NODE_274_length_6768_cov_241.150305"	"PrePostFVT"	"During"	"PrePostFVTDuring"	NA	NA	NA	NA	NA	1	1	"No data points have the baseline factor level"	"abundance"	26	4
"NODE_274_length_6768_cov_241.150305"	"PrePostFVT"	"Post"	"PrePostFVTPost"	NA	NA	NA	NA	NA	0.184117413793036	1	"No data points have the baseline factor level"	"abundance"	26	4
"NODE_276_length_13170_cov_54.100343"	"PrePostFVT"	"During"	"PrePostFVTDuring"	NA	NA	NA	NA	NA	0.986078477788994	1	"No data points have the baseline factor level"	"abundance"	26	7
"NODE_276_length_13170_cov_54.100343"	"PrePostFVT"	"Post"	"PrePostFVTPost"	NA	NA	NA	NA	NA	0.985321646719028	1	"No data points have the baseline factor level"	"abundance"	26	7
"NODE_2805_length_2358_cov_3.557968"	"PrePostFVT"	"During"	"PrePostFVTDuring"	-1.43933062819484	NA	0.939500503838374	0.36815404103634	NA	0.18374571783131	1	"Model may not have converged with 1 eigenvalue close to zero: 1.3e-11"	"abundance"	26	4
"NODE_2805_length_2358_cov_3.557968"	"PrePostFVT"	"Post"	"PrePostFVTPost"	-0.288496769396606	NA	1.04613036946963	0.828087580612723	NA	0.762352506191941	1	"Model may not have converged with 1 eigenvalue close to zero: 1.3e-11"	"abundance"	26	4
"NODE_2822_length_1727_cov_3.586722"	"PrePostFVT"	"During"	"PrePostFVTDuring"	NA	NA	NA	NA	NA	0.944889428290335	1	"No data points have the baseline factor level"	"abundance"	26	2
"NODE_2822_length_1727_cov_3.586722"	"PrePostFVT"	"Post"	"PrePostFVTPost"	NA	NA	NA	NA	NA	0.952456350319935	1	"No data points have the baseline factor level"	"abundance"	26	2
"NODE_2942_length_1160_cov_4.734842"	"PrePostFVT"	"During"	"PrePostFVTDuring"	NA	NA	NA	NA	NA	0.93414916699191	1	"No data points have the baseline factor level"	"abundance"	26	3
"NODE_2942_length_1160_cov_4.734842"	"PrePostFVT"	"Post"	"PrePostFVTPost"	NA	NA	NA	NA	NA	0.948928280704194	1	"No data points have the baseline factor level"	"abundance"	26	3
"NODE_2971_length_1148_cov_1.535224"	"PrePostFVT"	"During"	"PrePostFVTDuring"	NA	NA	NA	NA	NA	0.301046163953988	1	"No data points have the baseline factor level"	"abundance"	26	2
"NODE_2971_length_1148_cov_1.535224"	"PrePostFVT"	"Post"	"PrePostFVTPost"	NA	NA	NA	NA	NA	0.999999999999999	1	"No data points have the baseline factor level"	"abundance"	26	2
"NODE_299_length_10882_cov_30.015147"	"PrePostFVT"	"During"	"PrePostFVTDuring"	NA	NA	NA	NA	NA	0.999999999999998	1	"No data points have the baseline factor level"	"abundance"	26	2
"NODE_299_length_10882_cov_30.015147"	"PrePostFVT"	"Post"	"PrePostFVTPost"	NA	NA	NA	NA	NA	0.999999999999997	1	"No data points have the baseline factor level"	"abundance"	26	2
"NODE_300_length_10875_cov_215.011368"	"PrePostFVT"	"During"	"PrePostFVTDuring"	NA	NA	NA	NA	NA	0.979636807217017	1	"number of levels of each grouping factor must be < number of observations (problems: AnimalID)"	"abundance"	26	4
"NODE_300_length_10875_cov_215.011368"	"PrePostFVT"	"Post"	"PrePostFVTPost"	NA	NA	NA	NA	NA	0.762343464020004	1	"number of levels of each grouping factor must be < number of observations (problems: AnimalID)"	"abundance"	26	4
"NODE_3049_length_1449_cov_3.841463"	"PrePostFVT"	"During"	"PrePostFVTDuring"	NA	NA	NA	NA	NA	0.956912883941042	1	"No data points have the baseline factor level"	"abundance"	26	3
"NODE_3049_length_1449_cov_3.841463"	"PrePostFVT"	"Post"	"PrePostFVTPost"	NA	NA	NA	NA	NA	0.964843267274548	1	"No data points have the baseline factor level"	"abundance"	26	3
"NODE_309_length_14316_cov_11.820279"	"PrePostFVT"	"During"	"PrePostFVTDuring"	NA	NA	NA	NA	NA	0.96697456342482	1	"Model may not have converged with 1 eigenvalue close to zero: 3.1e-11"	"abundance"	26	3
"NODE_309_length_14316_cov_11.820279"	"PrePostFVT"	"Post"	"PrePostFVTPost"	0.131270034977706	NA	0.0966952025708255	0.404143606536317	NA	0.798649803257477	1	"Model may not have converged with 1 eigenvalue close to zero: 3.1e-11"	"abundance"	26	3
"NODE_31_length_41541_cov_15.540929"	"PrePostFVT"	"During"	"PrePostFVTDuring"	-1.34428310472985	NA	1.65332323622755	0.565401661523137	NA	0.999999999999996	1	"Model may not have converged with 1 eigenvalue close to zero: 6.4e-12"	"abundance"	26	4
"NODE_31_length_41541_cov_15.540929"	"PrePostFVT"	"Post"	"PrePostFVTPost"	NA	NA	NA	NA	NA	0.339824204462693	1	"Model may not have converged with 1 eigenvalue close to zero: 6.4e-12"	"abundance"	26	4
"NODE_3105_length_1745_cov_4.652071"	"PrePostFVT"	"During"	"PrePostFVTDuring"	NA	NA	NA	NA	NA	0.958949962189918	1	"Fitting error (NA p-value returned from fitting procedure)"	"abundance"	26	6
"NODE_3139_length_1729_cov_6.163082"	"PrePostFVT"	"During"	"PrePostFVTDuring"	NA	NA	NA	NA	NA	0.184102227770277	1	"number of levels of each grouping factor must be < number of observations (problems: AnimalID)"	"abundance"	26	3
"NODE_3139_length_1729_cov_6.163082"	"PrePostFVT"	"Post"	"PrePostFVTPost"	NA	NA	NA	NA	NA	0.97320711103878	1	"number of levels of each grouping factor must be < number of observations (problems: AnimalID)"	"abundance"	26	3
"NODE_314_length_7969_cov_4.678292"	"PrePostFVT"	"During"	"PrePostFVTDuring"	NA	NA	NA	NA	NA	0.95988982674907	1	"No data points have the baseline factor level"	"abundance"	26	3
"NODE_314_length_7969_cov_4.678292"	"PrePostFVT"	"Post"	"PrePostFVTPost"	NA	NA	NA	NA	NA	0.964265805746391	1	"No data points have the baseline factor level"	"abundance"	26	3
"NODE_317_length_13362_cov_13.186669"	"PrePostFVT"	"During"	"PrePostFVTDuring"	NA	NA	NA	NA	NA	0.999999999999998	1	"No data points have the baseline factor level"	"abundance"	26	2
"NODE_317_length_13362_cov_13.186669"	"PrePostFVT"	"Post"	"PrePostFVTPost"	NA	NA	NA	NA	NA	0.999999999999997	1	"No data points have the baseline factor level"	"abundance"	26	2
"NODE_3186_length_1702_cov_3.933212"	"PrePostFVT"	"During"	"PrePostFVTDuring"	NA	NA	NA	NA	NA	0.590066019453438	1	"number of levels of each grouping factor must be < number of observations (problems: AnimalID)"	"abundance"	26	2
"NODE_3186_length_1702_cov_3.933212"	"PrePostFVT"	"Post"	"PrePostFVTPost"	NA	NA	NA	NA	NA	0.98063266383641	1	"number of levels of each grouping factor must be < number of observations (problems: AnimalID)"	"abundance"	26	2
"NODE_3202_length_1566_cov_4.050960"	"PrePostFVT"	"During"	"PrePostFVTDuring"	NA	NA	NA	NA	NA	0.983803794007675	1	"No data points have the baseline factor level"	"abundance"	26	6
"NODE_3202_length_1566_cov_4.050960"	"PrePostFVT"	"Post"	"PrePostFVTPost"	NA	NA	NA	NA	NA	0.98440755113176	1	"No data points have the baseline factor level"	"abundance"	26	6
"NODE_3284_length_1275_cov_10.163115"	"PrePostFVT"	"During"	"PrePostFVTDuring"	-1.40657291787066	NA	0.623189270981903	0.252733694842469	NA	0.999999999999997	1	"Model may not have converged with 1 eigenvalue close to zero: 4.8e-11"	"abundance"	26	3
"NODE_3284_length_1275_cov_10.163115"	"PrePostFVT"	"Post"	"PrePostFVTPost"	NA	NA	NA	NA	NA	0.339824885963646	1	"Model may not have converged with 1 eigenvalue close to zero: 4.8e-11"	"abundance"	26	3
"NODE_3288_length_1028_cov_3.192189"	"PrePostFVT"	"During"	"PrePostFVTDuring"	NA	NA	NA	NA	NA	0.965885955765701	1	"No data points have the baseline factor level"	"abundance"	26	2
"NODE_3288_length_1028_cov_3.192189"	"PrePostFVT"	"Post"	"PrePostFVTPost"	NA	NA	NA	NA	NA	0.969489167964222	1	"No data points have the baseline factor level"	"abundance"	26	2
"NODE_3322_length_2065_cov_6.450249"	"PrePostFVT"	"During"	"PrePostFVTDuring"	NA	NA	NA	NA	NA	0.989451686311447	1	"grouping factors must have > 1 sampled level"	"abundance"	26	2
"NODE_3322_length_2065_cov_6.450249"	"PrePostFVT"	"Post"	"PrePostFVTPost"	NA	NA	NA	NA	NA	0.991311559844857	1	"grouping factors must have > 1 sampled level"	"abundance"	26	2
"NODE_335_length_20808_cov_107.089963"	"PrePostFVT"	"During"	"PrePostFVTDuring"	NA	NA	NA	NA	NA	0.96523844010799	1	"No data points have the baseline factor level"	"abundance"	26	4
"NODE_335_length_20808_cov_107.089963"	"PrePostFVT"	"Post"	"PrePostFVTPost"	NA	NA	NA	NA	NA	0.970025251899992	1	"No data points have the baseline factor level"	"abundance"	26	4
"NODE_340_length_15085_cov_7.306520"	"PrePostFVT"	"Post"	"PrePostFVTPost"	NA	NA	NA	NA	NA	0.98746514614631	1	"Fitting error (NA p-value returned from fitting procedure)"	"abundance"	26	5
"NODE_344_length_20349_cov_6.230117"	"PrePostFVT"	"During"	"PrePostFVTDuring"	NA	NA	NA	NA	NA	0.962503885931045	1	"No data points have the baseline factor level"	"abundance"	26	6
"NODE_344_length_20349_cov_6.230117"	"PrePostFVT"	"Post"	"PrePostFVTPost"	NA	NA	NA	NA	NA	0.964449087940579	1	"No data points have the baseline factor level"	"abundance"	26	6
"NODE_3531_length_1517_cov_6.123119"	"PrePostFVT"	"During"	"PrePostFVTDuring"	NA	NA	NA	NA	NA	0.999999999999981	1	"No data points have the baseline factor level"	"abundance"	26	2
"NODE_3531_length_1517_cov_6.123119"	"PrePostFVT"	"Post"	"PrePostFVTPost"	NA	NA	NA	NA	NA	0.365247588587417	1	"No data points have the baseline factor level"	"abundance"	26	2
"NODE_3536_length_1468_cov_4.662420"	"PrePostFVT"	"During"	"PrePostFVTDuring"	NA	NA	NA	NA	NA	0.935728321603265	1	"No data points have the baseline factor level"	"abundance"	26	4
"NODE_3536_length_1468_cov_4.662420"	"PrePostFVT"	"Post"	"PrePostFVTPost"	NA	NA	NA	NA	NA	0.938784113108725	1	"No data points have the baseline factor level"	"abundance"	26	4
"NODE_359_length_6935_cov_5.444913"	"PrePostFVT"	"Post"	"PrePostFVTPost"	NA	NA	NA	NA	NA	0.990132807206662	1	"Fitting error (NA p-value returned from fitting procedure)"	"abundance"	26	5
"NODE_3686_length_1625_cov_3.493631"	"PrePostFVT"	"During"	"PrePostFVTDuring"	NA	NA	NA	NA	NA	0.983381724140646	1	"number of levels of each grouping factor must be < number of observations (problems: AnimalID)"	"abundance"	26	2
"NODE_3686_length_1625_cov_3.493631"	"PrePostFVT"	"Post"	"PrePostFVTPost"	NA	NA	NA	NA	NA	0.76243897239794	1	"number of levels of each grouping factor must be < number of observations (problems: AnimalID)"	"abundance"	26	2
"NODE_3710_length_1432_cov_6.719680"	"PrePostFVT"	"During"	"PrePostFVTDuring"	NA	NA	NA	NA	NA	0.999999999999977	1	"No data points have the baseline factor level"	"abundance"	26	3
"NODE_3710_length_1432_cov_6.719680"	"PrePostFVT"	"Post"	"PrePostFVTPost"	NA	NA	NA	NA	NA	0.365247633732098	1	"No data points have the baseline factor level"	"abundance"	26	3
"NODE_3716_length_1611_cov_2.967866"	"PrePostFVT"	"During"	"PrePostFVTDuring"	NA	NA	NA	NA	NA	NA	NA	"No data points have the baseline factor level"	"abundance"	26	4
"NODE_3716_length_1611_cov_2.967866"	"PrePostFVT"	"Post"	"PrePostFVTPost"	NA	NA	NA	NA	NA	NA	NA	"No data points have the baseline factor level"	"abundance"	26	4
"NODE_3796_length_1869_cov_4.323594"	"PrePostFVT"	"During"	"PrePostFVTDuring"	NA	NA	NA	NA	NA	0.989451686311447	1	"grouping factors must have > 1 sampled level"	"abundance"	26	2
"NODE_3796_length_1869_cov_4.323594"	"PrePostFVT"	"Post"	"PrePostFVTPost"	NA	NA	NA	NA	NA	0.991311559844857	1	"grouping factors must have > 1 sampled level"	"abundance"	26	2
"NODE_3804_length_1429_cov_2.868996"	"PrePostFVT"	"During"	"PrePostFVTDuring"	NA	NA	NA	NA	NA	0.965060253179089	1	"No data points have the baseline factor level"	"abundance"	26	7
"NODE_3804_length_1429_cov_2.868996"	"PrePostFVT"	"Post"	"PrePostFVTPost"	NA	NA	NA	NA	NA	0.965923105737408	1	"No data points have the baseline factor level"	"abundance"	26	7
"NODE_397_length_16929_cov_5.824641"	"PrePostFVT"	"During"	"PrePostFVTDuring"	NA	NA	NA	NA	NA	0.962503885931045	1	"No data points have the baseline factor level"	"abundance"	26	6
"NODE_397_length_16929_cov_5.824641"	"PrePostFVT"	"Post"	"PrePostFVTPost"	NA	NA	NA	NA	NA	0.964449087940579	1	"No data points have the baseline factor level"	"abundance"	26	6
"NODE_3973_length_1301_cov_4.520867"	"PrePostFVT"	"During"	"PrePostFVTDuring"	NA	NA	NA	NA	NA	0.999999999999998	1	"No data points have the baseline factor level"	"abundance"	26	2
"NODE_3973_length_1301_cov_4.520867"	"PrePostFVT"	"Post"	"PrePostFVTPost"	NA	NA	NA	NA	NA	0.999999999999997	1	"No data points have the baseline factor level"	"abundance"	26	2
"NODE_40_length_38412_cov_55.863441"	"PrePostFVT"	"During"	"PrePostFVTDuring"	NA	NA	NA	NA	NA	0.986815598621488	1	"grouping factors must have > 1 sampled level"	"abundance"	26	2
"NODE_40_length_38412_cov_55.863441"	"PrePostFVT"	"Post"	"PrePostFVTPost"	NA	NA	NA	NA	NA	0.988529029749308	1	"grouping factors must have > 1 sampled level"	"abundance"	26	2
"NODE_408_length_8696_cov_40.826988"	"PrePostFVT"	"During"	"PrePostFVTDuring"	0.746556047340811	NA	0.592423540466536	0.331285390058088	NA	0.667037196784674	1	"Model may not have converged with 1 eigenvalue close to zero: 9.8e-11"	"abundance"	26	6
"NODE_408_length_8696_cov_40.826988"	"PrePostFVT"	"Post"	"PrePostFVTPost"	NA	NA	NA	NA	NA	0.982746900754571	1	"Model may not have converged with 1 eigenvalue close to zero: 9.8e-11"	"abundance"	26	6
"NODE_413_length_12312_cov_8.098638"	"PrePostFVT"	"During"	"PrePostFVTDuring"	NA	NA	NA	NA	NA	0.964274224294193	1	"Fitting error (NA p-value returned from fitting procedure)"	"abundance"	26	3
"NODE_4142_length_1265_cov_9.221488"	"PrePostFVT"	"During"	"PrePostFVTDuring"	NA	NA	NA	NA	NA	0.974778789529701	1	"Model may not have converged with 1 eigenvalue close to zero: 3.6e-11"	"abundance"	26	4
"NODE_4142_length_1265_cov_9.221488"	"PrePostFVT"	"Post"	"PrePostFVTPost"	-0.285102676283618	NA	0.194634681931378	0.280516873487503	NA	0.50137224685859	1	"Model may not have converged with 1 eigenvalue close to zero: 3.6e-11"	"abundance"	26	4
"NODE_4157_length_1238_cov_8.467456"	"PrePostFVT"	"During"	"PrePostFVTDuring"	-1.98319623377625	NA	1.78193452068556	0.34454865405442	NA	0.667042309902022	1	"Model may not have converged with 1 eigenvalue close to zero: 3.3e-11"	"abundance"	26	5
"NODE_4157_length_1238_cov_8.467456"	"PrePostFVT"	"Post"	"PrePostFVTPost"	-2.5653865243062	NA	1.78193452068556	0.242815329069329	NA	0.138691990023319	1	"Model may not have converged with 1 eigenvalue close to zero: 3.3e-11"	"abundance"	26	5
"NODE_4268_length_1176_cov_6.979483"	"PrePostFVT"	"During"	"PrePostFVTDuring"	NA	NA	NA	NA	NA	0.99999999999998	1	"No data points have the baseline factor level"	"abundance"	26	2
"NODE_4268_length_1176_cov_6.979483"	"PrePostFVT"	"Post"	"PrePostFVTPost"	NA	NA	NA	NA	NA	0.365247680496474	1	"No data points have the baseline factor level"	"abundance"	26	2
"NODE_4270_length_1095_cov_4.632692"	"PrePostFVT"	"During"	"PrePostFVTDuring"	NA	NA	NA	NA	NA	0.999999999999971	1	"No data points have the baseline factor level"	"abundance"	26	2
"NODE_4270_length_1095_cov_4.632692"	"PrePostFVT"	"Post"	"PrePostFVTPost"	NA	NA	NA	NA	NA	0.365246115976955	1	"No data points have the baseline factor level"	"abundance"	26	2
"NODE_428_length_4500_cov_14.119685"	"PrePostFVT"	"During"	"PrePostFVTDuring"	NA	NA	NA	NA	NA	0.999999999999981	1	"No data points have the baseline factor level"	"abundance"	26	2
"NODE_428_length_4500_cov_14.119685"	"PrePostFVT"	"Post"	"PrePostFVTPost"	NA	NA	NA	NA	NA	0.365247349420622	1	"No data points have the baseline factor level"	"abundance"	26	2
"NODE_4372_length_1213_cov_2.302245"	"PrePostFVT"	"During"	"PrePostFVTDuring"	NA	NA	NA	NA	NA	0.590067906845147	1	"number of levels of each grouping factor must be < number of observations (problems: AnimalID)"	"abundance"	26	2
"NODE_4372_length_1213_cov_2.302245"	"PrePostFVT"	"Post"	"PrePostFVTPost"	NA	NA	NA	NA	NA	0.977168509134356	1	"number of levels of each grouping factor must be < number of observations (problems: AnimalID)"	"abundance"	26	2
"NODE_4504_length_1360_cov_3.496552"	"PrePostFVT"	"During"	"PrePostFVTDuring"	NA	NA	NA	NA	NA	0.999999999999981	1	"No data points have the baseline factor level"	"abundance"	26	2
"NODE_4504_length_1360_cov_3.496552"	"PrePostFVT"	"Post"	"PrePostFVTPost"	NA	NA	NA	NA	NA	0.365246570138725	1	"No data points have the baseline factor level"	"abundance"	26	2
"NODE_4616_length_1165_cov_6.749550"	"PrePostFVT"	"During"	"PrePostFVTDuring"	NA	NA	NA	NA	NA	0.125580012958258	1	"No data points have the baseline factor level"	"abundance"	26	2
"NODE_4616_length_1165_cov_6.749550"	"PrePostFVT"	"Post"	"PrePostFVTPost"	NA	NA	NA	NA	NA	1	1	"No data points have the baseline factor level"	"abundance"	26	2
"NODE_4672_length_1015_cov_3.415625"	"PrePostFVT"	"During"	"PrePostFVTDuring"	NA	NA	NA	NA	NA	0.906870874477998	1	"No data points have the baseline factor level"	"abundance"	26	2
"NODE_4672_length_1015_cov_3.415625"	"PrePostFVT"	"Post"	"PrePostFVTPost"	NA	NA	NA	NA	NA	0.91910893634347	1	"No data points have the baseline factor level"	"abundance"	26	2
"NODE_4717_length_1198_cov_5.545932"	"PrePostFVT"	"During"	"PrePostFVTDuring"	NA	NA	NA	NA	NA	0.999999999999977	1	"No data points have the baseline factor level"	"abundance"	26	3
"NODE_4717_length_1198_cov_5.545932"	"PrePostFVT"	"Post"	"PrePostFVTPost"	NA	NA	NA	NA	NA	0.365247633732098	1	"No data points have the baseline factor level"	"abundance"	26	3
"NODE_489_length_18498_cov_16.453017"	"PrePostFVT"	"During"	"PrePostFVTDuring"	0.0336975760105618	NA	4.05913810694328e-05	3.85455259902601e-09	NA	0.679952652145567	1	"Model may not have converged with 1 eigenvalue close to zero: -3.1e-12"	"abundance"	26	5
"NODE_489_length_18498_cov_16.453017"	"PrePostFVT"	"Post"	"PrePostFVTPost"	NA	NA	NA	NA	NA	0.99558463349492	1	"Model may not have converged with 1 eigenvalue close to zero: -3.1e-12"	"abundance"	26	5
"NODE_491_length_7982_cov_27.348808"	"PrePostFVT"	"During"	"PrePostFVTDuring"	NA	NA	NA	NA	NA	0.996441115698409	1	"number of levels of each grouping factor must be < number of observations (problems: AnimalID)"	"abundance"	26	4
"NODE_491_length_7982_cov_27.348808"	"PrePostFVT"	"Post"	"PrePostFVTPost"	NA	NA	NA	NA	NA	0.991293231822657	1	"number of levels of each grouping factor must be < number of observations (problems: AnimalID)"	"abundance"	26	4
"NODE_5020_length_1499_cov_5.474377"	"PrePostFVT"	"During"	"PrePostFVTDuring"	NA	NA	NA	NA	NA	0.974778789529701	1	"Model may not have converged with 1 eigenvalue close to zero: 7.9e-11"	"abundance"	26	5
"NODE_5020_length_1499_cov_5.474377"	"PrePostFVT"	"Post"	"PrePostFVTPost"	-0.204286961065657	NA	0.104161649914892	0.188819879332938	NA	0.50137224685859	1	"Model may not have converged with 1 eigenvalue close to zero: 7.9e-11"	"abundance"	26	5
"NODE_5130_length_1228_cov_2.198636"	"PrePostFVT"	"During"	"PrePostFVTDuring"	-1.00766756947652	NA	0.782984780495569	0.411876510925684	NA	0.999996764603937	1	"Model may not have converged with 1 eigenvalue close to zero: 2.3e-10"	"abundance"	26	4
"NODE_5130_length_1228_cov_2.198636"	"PrePostFVT"	"Post"	"PrePostFVTPost"	0.974223558465748	NA	0.782984780495569	0.422516814059534	NA	0.324779724938654	1	"Model may not have converged with 1 eigenvalue close to zero: 2.3e-10"	"abundance"	26	4
"NODE_518_length_4291_cov_13.228281"	"PrePostFVT"	"During"	"PrePostFVTDuring"	NA	NA	NA	NA	NA	0.984426783959539	1	"Fitting error (NA p-value returned from fitting procedure)"	"abundance"	26	4
"NODE_518_length_7351_cov_49.470943"	"PrePostFVT"	"During"	"PrePostFVTDuring"	NA	NA	NA	NA	NA	0.980585918298199	1	"grouping factors must have > 1 sampled level"	"abundance"	26	3
"NODE_518_length_7351_cov_49.470943"	"PrePostFVT"	"Post"	"PrePostFVTPost"	NA	NA	NA	NA	NA	0.963687015702945	1	"grouping factors must have > 1 sampled level"	"abundance"	26	3
"NODE_536_length_3624_cov_406.142337"	"PrePostFVT"	"During"	"PrePostFVTDuring"	NA	NA	NA	NA	NA	0.183664817355876	1	"number of levels of each grouping factor must be < number of observations (problems: AnimalID)"	"abundance"	26	3
"NODE_536_length_3624_cov_406.142337"	"PrePostFVT"	"Post"	"PrePostFVTPost"	NA	NA	NA	NA	NA	0.981535951595354	1	"number of levels of each grouping factor must be < number of observations (problems: AnimalID)"	"abundance"	26	3
"NODE_5373_length_1043_cov_4.048583"	"PrePostFVT"	"Post"	"PrePostFVTPost"	NA	NA	NA	NA	NA	0.806579995046061	1	"Fitting error (NA p-value returned from fitting procedure)"	"abundance"	26	4
"NODE_5555_length_1440_cov_3.178339"	"PrePostFVT"	"During"	"PrePostFVTDuring"	NA	NA	NA	NA	NA	0.974778789529701	1	"Model may not have converged with 1 eigenvalue close to zero: 1.3e-10"	"abundance"	26	6
"NODE_5555_length_1440_cov_3.178339"	"PrePostFVT"	"Post"	"PrePostFVTPost"	0.763395196997065	NA	0.704822838260607	0.381390166268071	NA	0.50137224685859	1	"Model may not have converged with 1 eigenvalue close to zero: 1.3e-10"	"abundance"	26	6
"NODE_56_length_26185_cov_36.992576"	"PrePostFVT"	"During"	"PrePostFVTDuring"	NA	NA	NA	NA	NA	0.999999999999971	1	"No data points have the baseline factor level"	"abundance"	26	2
"NODE_56_length_26185_cov_36.992576"	"PrePostFVT"	"Post"	"PrePostFVTPost"	NA	NA	NA	NA	NA	0.365246115976955	1	"No data points have the baseline factor level"	"abundance"	26	2
"NODE_5616_length_1009_cov_7.381551"	"PrePostFVT"	"During"	"PrePostFVTDuring"	NA	NA	NA	NA	NA	0.125580012958258	1	"No data points have the baseline factor level"	"abundance"	26	2
"NODE_5616_length_1009_cov_7.381551"	"PrePostFVT"	"Post"	"PrePostFVTPost"	NA	NA	NA	NA	NA	1	1	"No data points have the baseline factor level"	"abundance"	26	2
"NODE_569_length_3346_cov_3.490125"	"PrePostFVT"	"During"	"PrePostFVTDuring"	NA	NA	NA	NA	NA	0.999999999999978	1	"No data points have the baseline factor level"	"abundance"	26	3
"NODE_569_length_3346_cov_3.490125"	"PrePostFVT"	"Post"	"PrePostFVTPost"	NA	NA	NA	NA	NA	0.365247379119453	1	"No data points have the baseline factor level"	"abundance"	26	3
"NODE_57_length_40080_cov_51.611518"	"PrePostFVT"	"During"	"PrePostFVTDuring"	NA	NA	NA	NA	NA	0.999999999999998	1	"No data points have the baseline factor level"	"abundance"	26	2
"NODE_57_length_40080_cov_51.611518"	"PrePostFVT"	"Post"	"PrePostFVTPost"	NA	NA	NA	NA	NA	0.999999999999997	1	"No data points have the baseline factor level"	"abundance"	26	2
"NODE_570_length_4207_cov_5.436175"	"PrePostFVT"	"During"	"PrePostFVTDuring"	NA	NA	NA	NA	NA	0.999999999999971	1	"No data points have the baseline factor level"	"abundance"	26	2
"NODE_570_length_4207_cov_5.436175"	"PrePostFVT"	"Post"	"PrePostFVTPost"	NA	NA	NA	NA	NA	0.365246115976955	1	"No data points have the baseline factor level"	"abundance"	26	2
"NODE_590_length_3147_cov_3.171087"	"PrePostFVT"	"During"	"PrePostFVTDuring"	NA	NA	NA	NA	NA	1	1	"No data points have the baseline factor level"	"abundance"	26	2
"NODE_590_length_3147_cov_3.171087"	"PrePostFVT"	"Post"	"PrePostFVTPost"	NA	NA	NA	NA	NA	0.558285360055754	1	"No data points have the baseline factor level"	"abundance"	26	2
"NODE_599_length_7106_cov_9.189760"	"PrePostFVT"	"During"	"PrePostFVTDuring"	NA	NA	NA	NA	NA	0.990371839422405	1	"Fitting error (NA p-value returned from fitting procedure)"	"abundance"	26	7
"NODE_61_length_38116_cov_51.972281"	"PrePostFVT"	"During"	"PrePostFVTDuring"	NA	NA	NA	NA	NA	0.999999999999998	1	"No data points have the baseline factor level"	"abundance"	26	2
"NODE_61_length_38116_cov_51.972281"	"PrePostFVT"	"Post"	"PrePostFVTPost"	NA	NA	NA	NA	NA	0.999999999999997	1	"No data points have the baseline factor level"	"abundance"	26	2
"NODE_610_length_3029_cov_10.024210"	"PrePostFVT"	"During"	"PrePostFVTDuring"	NA	NA	NA	NA	NA	1	1	"number of levels of each grouping factor must be < number of observations (problems: AnimalID)"	"abundance"	26	3
"NODE_610_length_3029_cov_10.024210"	"PrePostFVT"	"Post"	"PrePostFVTPost"	NA	NA	NA	NA	NA	0.339829492199991	1	"number of levels of each grouping factor must be < number of observations (problems: AnimalID)"	"abundance"	26	3
"NODE_6107_length_1279_cov_3.598856"	"PrePostFVT"	"During"	"PrePostFVTDuring"	NA	NA	NA	NA	NA	0.989451686311447	1	"grouping factors must have > 1 sampled level"	"abundance"	26	2
"NODE_6107_length_1279_cov_3.598856"	"PrePostFVT"	"Post"	"PrePostFVTPost"	NA	NA	NA	NA	NA	0.991311559844857	1	"grouping factors must have > 1 sampled level"	"abundance"	26	2
"NODE_6118_length_1014_cov_9.704901"	"PrePostFVT"	"During"	"PrePostFVTDuring"	NA	NA	NA	NA	NA	0.999999999999998	1	"No data points have the baseline factor level"	"abundance"	26	2
"NODE_6118_length_1014_cov_9.704901"	"PrePostFVT"	"Post"	"PrePostFVTPost"	NA	NA	NA	NA	NA	0.999999999999997	1	"No data points have the baseline factor level"	"abundance"	26	2
"NODE_6183_length_1314_cov_3.867355"	"PrePostFVT"	"During"	"PrePostFVTDuring"	NA	NA	NA	NA	NA	1	1	"No data points have the baseline factor level"	"abundance"	26	2
"NODE_6183_length_1314_cov_3.867355"	"PrePostFVT"	"Post"	"PrePostFVTPost"	NA	NA	NA	NA	NA	0.558285586975903	1	"No data points have the baseline factor level"	"abundance"	26	2
"NODE_627_length_6108_cov_41.545845"	"PrePostFVT"	"During"	"PrePostFVTDuring"	NA	NA	NA	NA	NA	0.999999999999998	1	"No data points have the baseline factor level"	"abundance"	26	2
"NODE_627_length_6108_cov_41.545845"	"PrePostFVT"	"Post"	"PrePostFVTPost"	NA	NA	NA	NA	NA	0.999999999999997	1	"No data points have the baseline factor level"	"abundance"	26	2
"NODE_634_length_3858_cov_41.866421"	"PrePostFVT"	"During"	"PrePostFVTDuring"	NA	NA	NA	NA	NA	0.925369944090768	1	"No data points have the baseline factor level"	"abundance"	26	5
"NODE_634_length_3858_cov_41.866421"	"PrePostFVT"	"Post"	"PrePostFVTPost"	NA	NA	NA	NA	NA	0.932355134816829	1	"No data points have the baseline factor level"	"abundance"	26	5
"NODE_652_length_10452_cov_8.919592"	"PrePostFVT"	"During"	"PrePostFVTDuring"	NA	NA	NA	NA	NA	0.183664817355876	1	"number of levels of each grouping factor must be < number of observations (problems: AnimalID)"	"abundance"	26	3
"NODE_652_length_10452_cov_8.919592"	"PrePostFVT"	"Post"	"PrePostFVTPost"	NA	NA	NA	NA	NA	0.981535951595354	1	"number of levels of each grouping factor must be < number of observations (problems: AnimalID)"	"abundance"	26	3
"NODE_668_length_9775_cov_8.395165"	"PrePostFVT"	"During"	"PrePostFVTDuring"	NA	NA	NA	NA	NA	0.999999999999998	1	"No data points have the baseline factor level"	"abundance"	26	2
"NODE_668_length_9775_cov_8.395165"	"PrePostFVT"	"Post"	"PrePostFVTPost"	NA	NA	NA	NA	NA	0.999999999999997	1	"No data points have the baseline factor level"	"abundance"	26	2
"NODE_669_length_3318_cov_13.807539"	"PrePostFVT"	"During"	"PrePostFVTDuring"	NA	NA	NA	NA	NA	NA	NA	"Fitting error (NA p-value returned from fitting procedure)"	"abundance"	26	5
"NODE_680_length_3182_cov_4.424368"	"PrePostFVT"	"During"	"PrePostFVTDuring"	NA	NA	NA	NA	NA	0.590066019453438	1	"number of levels of each grouping factor must be < number of observations (problems: AnimalID)"	"abundance"	26	2
"NODE_680_length_3182_cov_4.424368"	"PrePostFVT"	"Post"	"PrePostFVTPost"	NA	NA	NA	NA	NA	0.98063266383641	1	"number of levels of each grouping factor must be < number of observations (problems: AnimalID)"	"abundance"	26	2
"NODE_707_length_8757_cov_7.045852"	"PrePostFVT"	"During"	"PrePostFVTDuring"	NA	NA	NA	NA	NA	NA	NA	"No data points have the baseline factor level"	"abundance"	26	4
"NODE_707_length_8757_cov_7.045852"	"PrePostFVT"	"Post"	"PrePostFVTPost"	NA	NA	NA	NA	NA	NA	NA	"No data points have the baseline factor level"	"abundance"	26	4
"NODE_758_length_7743_cov_7.138528"	"PrePostFVT"	"During"	"PrePostFVTDuring"	NA	NA	NA	NA	NA	0.986648980337996	1	"No data points have the baseline factor level"	"abundance"	26	4
"NODE_758_length_7743_cov_7.138528"	"PrePostFVT"	"Post"	"PrePostFVTPost"	NA	NA	NA	NA	NA	0.9875893963656	1	"No data points have the baseline factor level"	"abundance"	26	4
"NODE_759_length_7518_cov_9.268659"	"PrePostFVT"	"During"	"PrePostFVTDuring"	NA	NA	NA	NA	NA	0.590067906845147	1	"number of levels of each grouping factor must be < number of observations (problems: AnimalID)"	"abundance"	26	2
"NODE_759_length_7518_cov_9.268659"	"PrePostFVT"	"Post"	"PrePostFVTPost"	NA	NA	NA	NA	NA	0.977168509134356	1	"number of levels of each grouping factor must be < number of observations (problems: AnimalID)"	"abundance"	26	2
"NODE_783_length_2569_cov_12.409706"	"PrePostFVT"	"During"	"PrePostFVTDuring"	NA	NA	NA	NA	NA	0.996441115698409	1	"number of levels of each grouping factor must be < number of observations (problems: AnimalID)"	"abundance"	26	4
"NODE_783_length_2569_cov_12.409706"	"PrePostFVT"	"Post"	"PrePostFVTPost"	NA	NA	NA	NA	NA	0.991293231822657	1	"number of levels of each grouping factor must be < number of observations (problems: AnimalID)"	"abundance"	26	4
"NODE_790_length_2543_cov_9.216640"	"PrePostFVT"	"During"	"PrePostFVTDuring"	NA	NA	NA	NA	NA	0.999999999999998	1	"No data points have the baseline factor level"	"abundance"	26	2
"NODE_790_length_2543_cov_9.216640"	"PrePostFVT"	"Post"	"PrePostFVTPost"	NA	NA	NA	NA	NA	0.999999999999997	1	"No data points have the baseline factor level"	"abundance"	26	2
"NODE_796_length_7723_cov_6.146583"	"PrePostFVT"	"During"	"PrePostFVTDuring"	-0.937635117631004	NA	0.276618712359603	0.179067034106677	NA	0.99999970607837	1	"Model may not have converged with 1 eigenvalue close to zero: 6.3e-11"	"abundance"	26	4
"NODE_796_length_7723_cov_6.146583"	"PrePostFVT"	"Post"	"PrePostFVTPost"	-0.112648523415764	NA	0.276618712359603	0.752844380207075	NA	0.298926177691749	1	"Model may not have converged with 1 eigenvalue close to zero: 6.3e-11"	"abundance"	26	4
"NODE_8110_length_1052_cov_2.930792"	"PrePostFVT"	"During"	"PrePostFVTDuring"	NA	NA	NA	NA	NA	0.977693942261172	1	"number of levels of each grouping factor must be < number of observations (problems: AnimalID)"	"abundance"	26	3
"NODE_8110_length_1052_cov_2.930792"	"PrePostFVT"	"Post"	"PrePostFVTPost"	NA	NA	NA	NA	NA	0.76233968877544	1	"number of levels of each grouping factor must be < number of observations (problems: AnimalID)"	"abundance"	26	3
"NODE_834_length_6781_cov_6.453464"	"PrePostFVT"	"During"	"PrePostFVTDuring"	NA	NA	NA	NA	NA	0.125580017375727	1	"No data points have the baseline factor level"	"abundance"	26	2
"NODE_834_length_6781_cov_6.453464"	"PrePostFVT"	"Post"	"PrePostFVTPost"	NA	NA	NA	NA	NA	1	1	"No data points have the baseline factor level"	"abundance"	26	2
"NODE_836_length_3127_cov_6.355794"	"PrePostFVT"	"During"	"PrePostFVTDuring"	NA	NA	NA	NA	NA	1	1	"No data points have the baseline factor level"	"abundance"	26	3
"NODE_836_length_3127_cov_6.355794"	"PrePostFVT"	"Post"	"PrePostFVTPost"	NA	NA	NA	NA	NA	0.255359786857088	1	"No data points have the baseline factor level"	"abundance"	26	3
"NODE_839_length_9245_cov_8.674320"	"PrePostFVT"	"During"	"PrePostFVTDuring"	NA	NA	NA	NA	NA	0.960746669411824	1	"Fitting error (NA p-value returned from fitting procedure)"	"abundance"	26	5
"NODE_852_length_4233_cov_16.573959"	"PrePostFVT"	"During"	"PrePostFVTDuring"	NA	NA	NA	NA	NA	0.667662008754145	1	"number of levels of each grouping factor must be < number of observations (problems: AnimalID)"	"abundance"	26	6
"NODE_852_length_4233_cov_16.573959"	"PrePostFVT"	"Post"	"PrePostFVTPost"	NA	NA	NA	NA	NA	0.962224996786965	1	"number of levels of each grouping factor must be < number of observations (problems: AnimalID)"	"abundance"	26	6
"NODE_854_length_5650_cov_8.915639"	"PrePostFVT"	"During"	"PrePostFVTDuring"	NA	NA	NA	NA	NA	0.590265996315114	1	"not a positive definite matrix (and positive semidefiniteness is not checked)"	"abundance"	26	3
"NODE_854_length_5650_cov_8.915639"	"PrePostFVT"	"Post"	"PrePostFVTPost"	NA	NA	NA	NA	NA	0.762357853091443	1	"not a positive definite matrix (and positive semidefiniteness is not checked)"	"abundance"	26	3
"NODE_855_length_4964_cov_12.551232"	"PrePostFVT"	"During"	"PrePostFVTDuring"	NA	NA	NA	NA	NA	0.976060130663136	1	"grouping factors must have > 1 sampled level"	"abundance"	26	2
"NODE_855_length_4964_cov_12.551232"	"PrePostFVT"	"Post"	"PrePostFVTPost"	NA	NA	NA	NA	NA	0.749395332498806	1	"grouping factors must have > 1 sampled level"	"abundance"	26	2
"NODE_86_length_18717_cov_289.596774"	"PrePostFVT"	"During"	"PrePostFVTDuring"	NA	NA	NA	NA	NA	0.999999999999981	1	"No data points have the baseline factor level"	"abundance"	26	2
"NODE_86_length_18717_cov_289.596774"	"PrePostFVT"	"Post"	"PrePostFVTPost"	NA	NA	NA	NA	NA	0.365247349420622	1	"No data points have the baseline factor level"	"abundance"	26	2
"NODE_860_length_5585_cov_16.822966"	"PrePostFVT"	"During"	"PrePostFVTDuring"	NA	NA	NA	NA	NA	0.395196782909907	1	"number of levels of each grouping factor must be < number of observations (problems: AnimalID)"	"abundance"	26	4
"NODE_860_length_5585_cov_16.822966"	"PrePostFVT"	"Post"	"PrePostFVTPost"	NA	NA	NA	NA	NA	0.97123615982451	1	"number of levels of each grouping factor must be < number of observations (problems: AnimalID)"	"abundance"	26	4
"NODE_867_length_2238_cov_287.902428"	"PrePostFVT"	"During"	"PrePostFVTDuring"	NA	NA	NA	NA	NA	0.183664817355876	1	"number of levels of each grouping factor must be < number of observations (problems: AnimalID)"	"abundance"	26	3
"NODE_867_length_2238_cov_287.902428"	"PrePostFVT"	"Post"	"PrePostFVTPost"	NA	NA	NA	NA	NA	0.981535951595354	1	"number of levels of each grouping factor must be < number of observations (problems: AnimalID)"	"abundance"	26	3
"NODE_867_length_5878_cov_6.202645"	"PrePostFVT"	"During"	"PrePostFVTDuring"	-0.877028101299431	NA	0.732591048321377	0.347297487589579	NA	0.657325161730031	1	"Model may not have converged with 1 eigenvalue close to zero: 1.1e-10"	"abundance"	26	5
"NODE_867_length_5878_cov_6.202645"	"PrePostFVT"	"Post"	"PrePostFVTPost"	0.140603570858205	NA	0.732591048321377	0.86452830136402	NA	0.140821584811684	1	"Model may not have converged with 1 eigenvalue close to zero: 1.1e-10"	"abundance"	26	5
"NODE_869_length_6477_cov_9.877297"	"PrePostFVT"	"During"	"PrePostFVTDuring"	NA	NA	NA	NA	NA	0.974897866652131	1	"Fitting error (NA p-value returned from fitting procedure)"	"abundance"	26	6
"NODE_87_length_21677_cov_16.894321"	"PrePostFVT"	"Post"	"PrePostFVTPost"	NA	NA	NA	NA	NA	0.505417603937646	1	"Fitting error (NA p-value returned from fitting procedure)"	"abundance"	26	9
"NODE_898_length_6495_cov_6.899224"	"PrePostFVT"	"During"	"PrePostFVTDuring"	0.389684920337112	NA	0.601332867724447	0.580914524895831	NA	0.657325161730031	1	"Model may not have converged with 1 eigenvalue close to zero: 1.0e-10"	"abundance"	26	5
"NODE_898_length_6495_cov_6.899224"	"PrePostFVT"	"Post"	"PrePostFVTPost"	1.04474651311004	NA	0.601332867724447	0.2190476391751	NA	0.140821584811684	1	"Model may not have converged with 1 eigenvalue close to zero: 1.0e-10"	"abundance"	26	5
"NODE_908_length_6433_cov_7.265130"	"PrePostFVT"	"During"	"PrePostFVTDuring"	-0.949916111758249	NA	0.00017668222192507	1.41903624100213e-11	NA	0.394716857512171	1	"Model may not have converged with 1 eigenvalue close to zero: 7.4e-12"	"abundance"	26	6
"NODE_908_length_6433_cov_7.265130"	"PrePostFVT"	"Post"	"PrePostFVTPost"	-0.321326713199141	NA	0.00017668222192507	3.66613400191689e-10	NA	0.649972209261066	1	"Model may not have converged with 1 eigenvalue close to zero: 7.4e-12"	"abundance"	26	6
"NODE_909_length_6938_cov_5.084556"	"PrePostFVT"	"During"	"PrePostFVTDuring"	NA	NA	NA	NA	NA	0.93414916699191	1	"No data points have the baseline factor level"	"abundance"	26	3
"NODE_909_length_6938_cov_5.084556"	"PrePostFVT"	"Post"	"PrePostFVTPost"	NA	NA	NA	NA	NA	0.948928280704194	1	"No data points have the baseline factor level"	"abundance"	26	3
"NODE_916_length_2601_cov_10.780047"	"PrePostFVT"	"During"	"PrePostFVTDuring"	NA	NA	NA	NA	NA	NA	NA	"Fitting error (NA p-value returned from fitting procedure)"	"abundance"	26	5
"NODE_920_length_3929_cov_113.413268"	"PrePostFVT"	"During"	"PrePostFVTDuring"	NA	NA	NA	NA	NA	1	1	"No data points have the baseline factor level"	"abundance"	26	6
"NODE_920_length_3929_cov_113.413268"	"PrePostFVT"	"Post"	"PrePostFVTPost"	NA	NA	NA	NA	NA	0.184117413793036	1	"No data points have the baseline factor level"	"abundance"	26	6
"NODE_928_length_7174_cov_8.261554"	"PrePostFVT"	"During"	"PrePostFVTDuring"	NA	NA	NA	NA	NA	NA	NA	"Fitting error (NA p-value returned from fitting procedure)"	"abundance"	26	5
"NODE_935_length_4543_cov_8.768048"	"PrePostFVT"	"During"	"PrePostFVTDuring"	-0.824385204598474	NA	8.60203196415472e-05	1.08878397280433e-08	NA	0.999999859551364	1	"Model may not have converged with 1 eigenvalue close to zero: 7.7e-12"	"abundance"	26	5
"NODE_935_length_4543_cov_8.768048"	"PrePostFVT"	"Post"	"PrePostFVTPost"	0.000601382578137163	NA	8.60203191022568e-05	0.0198525237609344	NA	0.647142577395313	1	"Model may not have converged with 1 eigenvalue close to zero: 7.7e-12"	"abundance"	26	5
"NODE_952_length_5554_cov_6.763593"	"PrePostFVT"	"During"	"PrePostFVTDuring"	NA	NA	NA	NA	NA	0.986648980337996	1	"No data points have the baseline factor level"	"abundance"	26	4
"NODE_952_length_5554_cov_6.763593"	"PrePostFVT"	"Post"	"PrePostFVTPost"	NA	NA	NA	NA	NA	0.9875893963656	1	"No data points have the baseline factor level"	"abundance"	26	4
"NODE_980_length_5316_cov_14.526706"	"PrePostFVT"	"Post"	"PrePostFVTPost"	NA	NA	NA	NA	NA	0.98746514614631	1	"Fitting error (NA p-value returned from fitting procedure)"	"abundance"	26	5
"NODE_982_length_5697_cov_6.203297"	"PrePostFVT"	"During"	"PrePostFVTDuring"	0.398777759108858	NA	1.06974162195003	0.772839728053944	NA	1	1	"Model may not have converged with 1 eigenvalue close to zero: 3.2e-11"	"abundance"	26	4
"NODE_982_length_5697_cov_6.203297"	"PrePostFVT"	"Post"	"PrePostFVTPost"	1.70919118049434	NA	1.06974162195003	0.356016207242225	NA	0.384385224614922	1	"Model may not have converged with 1 eigenvalue close to zero: 3.2e-11"	"abundance"	26	4
"NODE_987_length_3611_cov_4.640045"	"PrePostFVT"	"During"	"PrePostFVTDuring"	NA	NA	NA	NA	NA	0.125580017375727	1	"No data points have the baseline factor level"	"abundance"	26	2
"NODE_987_length_3611_cov_4.640045"	"PrePostFVT"	"Post"	"PrePostFVTPost"	NA	NA	NA	NA	NA	1	1	"No data points have the baseline factor level"	"abundance"	26	2
"NODE_99_length_21899_cov_271.349387"	"PrePostFVT"	"During"	"PrePostFVTDuring"	NA	NA	NA	NA	NA	0.999999999999998	1	"No data points have the baseline factor level"	"abundance"	26	2
"NODE_99_length_21899_cov_271.349387"	"PrePostFVT"	"Post"	"PrePostFVTPost"	NA	NA	NA	NA	NA	0.999999999999997	1	"No data points have the baseline factor level"	"abundance"	26	2
"NODE_990_length_4014_cov_42.693609"	"PrePostFVT"	"During"	"PrePostFVTDuring"	NA	NA	NA	NA	NA	0.590265934343737	1	"not a positive definite matrix (and positive semidefiniteness is not checked)"	"abundance"	26	3
"NODE_990_length_4014_cov_42.693609"	"PrePostFVT"	"Post"	"PrePostFVTPost"	NA	NA	NA	NA	NA	0.76235764102585	1	"not a positive definite matrix (and positive semidefiniteness is not checked)"	"abundance"	26	3
"NODE_1000_length_3623_cov_9.385090"	"PrePostFVT"	"During"	"PrePostFVTDuring"	NA	0	NA	NA	NA	0.827056781920776	1	"All logistic values are the same"	"prevalence"	26	26
"NODE_1000_length_3623_cov_9.385090"	"PrePostFVT"	"Post"	"PrePostFVTPost"	NA	0	NA	NA	NA	0.359460546132977	1	"All logistic values are the same"	"prevalence"	26	26
"NODE_1070_length_3145_cov_8.108414"	"PrePostFVT"	"During"	"PrePostFVTDuring"	NA	0	NA	NA	NA	0.896635705172563	1	"All logistic values are the same"	"prevalence"	26	26
"NODE_1070_length_3145_cov_8.108414"	"PrePostFVT"	"Post"	"PrePostFVTPost"	NA	0	NA	NA	NA	0.875030710854165	1	"All logistic values are the same"	"prevalence"	26	26
"NODE_1085_length_2628_cov_21.639583"	"PrePostFVT"	"During"	"PrePostFVTDuring"	NA	0	NA	NA	NA	0.640254765271936	1	"All logistic values are the same"	"prevalence"	26	26
"NODE_1085_length_2628_cov_21.639583"	"PrePostFVT"	"Post"	"PrePostFVTPost"	NA	0	NA	NA	NA	0.0998070812884191	1	"All logistic values are the same"	"prevalence"	26	26
"NODE_109_length_17329_cov_21.961503"	"PrePostFVT"	"During"	"PrePostFVTDuring"	NA	0	NA	NA	NA	0.724630391618607	1	"All logistic values are the same"	"prevalence"	26	26
"NODE_109_length_17329_cov_21.961503"	"PrePostFVT"	"Post"	"PrePostFVTPost"	NA	0	NA	NA	NA	0.639738314022463	1	"All logistic values are the same"	"prevalence"	26	26
"NODE_1161_length_3909_cov_93.481318"	"PrePostFVT"	"During"	"PrePostFVTDuring"	NA	0	NA	NA	NA	0.387044971513121	1	"All logistic values are the same"	"prevalence"	26	26
"NODE_1161_length_3909_cov_93.481318"	"PrePostFVT"	"Post"	"PrePostFVTPost"	NA	0	NA	NA	NA	0.980371910889373	1	"All logistic values are the same"	"prevalence"	26	26
"NODE_1162_length_4872_cov_5.882292"	"PrePostFVT"	"During"	"PrePostFVTDuring"	-19.1818799947446	0	1672.18575779011	0.990847553762981	NA	NA	NA	" Hessian is numerically singular: parameters are not uniquely determined"	"prevalence"	26	5
"NODE_1162_length_4872_cov_5.882292"	"PrePostFVT"	"Post"	"PrePostFVTPost"	-2.9071486395043	0	1.66721551317686	0.0812088046366389	NA	0.170041054876533	1	" Hessian is numerically singular: parameters are not uniquely determined"	"prevalence"	26	5
"NODE_1204_length_4872_cov_178.189329"	"PrePostFVT"	"During"	"PrePostFVTDuring"	NA	0	NA	NA	NA	0.934177018007957	1	"All logistic values are the same"	"prevalence"	26	26
"NODE_1204_length_4872_cov_178.189329"	"PrePostFVT"	"Post"	"PrePostFVTPost"	NA	0	NA	NA	NA	0.675920016417201	1	"All logistic values are the same"	"prevalence"	26	26
"NODE_1286_length_2776_cov_23.367879"	"PrePostFVT"	"During"	"PrePostFVTDuring"	NA	0	NA	NA	NA	0.797276214576992	1	"All logistic values are the same"	"prevalence"	26	26
"NODE_1286_length_2776_cov_23.367879"	"PrePostFVT"	"Post"	"PrePostFVTPost"	NA	0	NA	NA	NA	0.395942189617964	1	"All logistic values are the same"	"prevalence"	26	26
"NODE_1286_length_3943_cov_8.614969"	"PrePostFVT"	"During"	"PrePostFVTDuring"	NA	0	NA	NA	NA	0.677737380472352	1	"All logistic values are the same"	"prevalence"	26	26
"NODE_1286_length_3943_cov_8.614969"	"PrePostFVT"	"Post"	"PrePostFVTPost"	NA	0	NA	NA	NA	0.278003044033943	1	"All logistic values are the same"	"prevalence"	26	26
"NODE_1301_length_2543_cov_7.558682"	"PrePostFVT"	"During"	"PrePostFVTDuring"	NA	0	NA	NA	NA	0.952110709874112	1	"All logistic values are the same"	"prevalence"	26	26
"NODE_1301_length_2543_cov_7.558682"	"PrePostFVT"	"Post"	"PrePostFVTPost"	NA	0	NA	NA	NA	0.117180676286983	1	"All logistic values are the same"	"prevalence"	26	26
"NODE_1352_length_2592_cov_8.143871"	"PrePostFVT"	"During"	"PrePostFVTDuring"	NA	0	NA	NA	NA	0.779801203801397	1	"All logistic values are the same"	"prevalence"	26	26
"NODE_1352_length_2592_cov_8.143871"	"PrePostFVT"	"Post"	"PrePostFVTPost"	NA	0	NA	NA	NA	0.97245913698399	1	"All logistic values are the same"	"prevalence"	26	26
"NODE_1483_length_3329_cov_5.952352"	"PrePostFVT"	"During"	"PrePostFVTDuring"	NA	0	NA	NA	NA	0.559141260335925	1	"All logistic values are the same"	"prevalence"	26	26
"NODE_1483_length_3329_cov_5.952352"	"PrePostFVT"	"Post"	"PrePostFVTPost"	NA	0	NA	NA	NA	0.242939120679004	1	"All logistic values are the same"	"prevalence"	26	26
"NODE_153_length_9880_cov_18.089873"	"PrePostFVT"	"During"	"PrePostFVTDuring"	NA	0	NA	NA	NA	0.8432483049239	1	"All logistic values are the same"	"prevalence"	26	26
"NODE_153_length_9880_cov_18.089873"	"PrePostFVT"	"Post"	"PrePostFVTPost"	NA	0	NA	NA	NA	0.299205415184431	1	"All logistic values are the same"	"prevalence"	26	26
"NODE_1535_length_2614_cov_6.153576"	"PrePostFVT"	"During"	"PrePostFVTDuring"	NA	0	NA	NA	NA	0.891376102508569	1	"All logistic values are the same"	"prevalence"	26	26
"NODE_1535_length_2614_cov_6.153576"	"PrePostFVT"	"Post"	"PrePostFVTPost"	NA	0	NA	NA	NA	0.419502000675468	1	"All logistic values are the same"	"prevalence"	26	26
"NODE_1621_length_3853_cov_100.034229"	"PrePostFVT"	"During"	"PrePostFVTDuring"	NA	0	NA	NA	NA	0.449178118963167	1	"All logistic values are the same"	"prevalence"	26	26
"NODE_1621_length_3853_cov_100.034229"	"PrePostFVT"	"Post"	"PrePostFVTPost"	NA	0	NA	NA	NA	0.645251559034694	1	"All logistic values are the same"	"prevalence"	26	26
"NODE_168_length_20682_cov_21.840016"	"PrePostFVT"	"During"	"PrePostFVTDuring"	NA	0	NA	NA	NA	0.779797471656895	1	"All logistic values are the same"	"prevalence"	26	26
"NODE_168_length_20682_cov_21.840016"	"PrePostFVT"	"Post"	"PrePostFVTPost"	NA	0	NA	NA	NA	0.35594180524702	1	"All logistic values are the same"	"prevalence"	26	26
"NODE_1686_length_3018_cov_10.032400"	"PrePostFVT"	"During"	"PrePostFVTDuring"	NA	0	NA	NA	NA	0.999511001777985	1	"All logistic values are the same"	"prevalence"	26	26
"NODE_1686_length_3018_cov_10.032400"	"PrePostFVT"	"Post"	"PrePostFVTPost"	NA	0	NA	NA	NA	0.231166288275842	1	"All logistic values are the same"	"prevalence"	26	26
"NODE_1840_length_3253_cov_88.970294"	"PrePostFVT"	"During"	"PrePostFVTDuring"	NA	0	NA	NA	NA	0.671552775649092	1	"All logistic values are the same"	"prevalence"	26	26
"NODE_1840_length_3253_cov_88.970294"	"PrePostFVT"	"Post"	"PrePostFVTPost"	NA	0	NA	NA	NA	0.247177003724023	1	"All logistic values are the same"	"prevalence"	26	26
"NODE_198_length_8163_cov_9.324741"	"PrePostFVT"	"During"	"PrePostFVTDuring"	NA	0	NA	NA	NA	0.599270705923615	1	"All logistic values are the same"	"prevalence"	26	26
"NODE_198_length_8163_cov_9.324741"	"PrePostFVT"	"Post"	"PrePostFVTPost"	NA	0	NA	NA	NA	0.467947663998324	1	"All logistic values are the same"	"prevalence"	26	26
"NODE_2141_length_3217_cov_14.745098"	"PrePostFVT"	"During"	"PrePostFVTDuring"	NA	0	NA	NA	NA	0.994599947528336	1	"All logistic values are the same"	"prevalence"	26	26
"NODE_2141_length_3217_cov_14.745098"	"PrePostFVT"	"Post"	"PrePostFVTPost"	NA	0	NA	NA	NA	0.159369493618555	1	"All logistic values are the same"	"prevalence"	26	26
"NODE_2814_length_2535_cov_17.660484"	"PrePostFVT"	"During"	"PrePostFVTDuring"	NA	0	NA	NA	NA	0.656075185704841	1	"All logistic values are the same"	"prevalence"	26	26
"NODE_2814_length_2535_cov_17.660484"	"PrePostFVT"	"Post"	"PrePostFVTPost"	NA	0	NA	NA	NA	0.469190347141314	1	"All logistic values are the same"	"prevalence"	26	26
"NODE_321_length_5931_cov_9.859939"	"PrePostFVT"	"During"	"PrePostFVTDuring"	NA	0	NA	NA	NA	0.58960687071458	1	"All logistic values are the same"	"prevalence"	26	26
"NODE_321_length_5931_cov_9.859939"	"PrePostFVT"	"Post"	"PrePostFVTPost"	NA	0	NA	NA	NA	0.145897328180845	1	"All logistic values are the same"	"prevalence"	26	26
"NODE_336_length_5681_cov_48.252755"	"PrePostFVT"	"During"	"PrePostFVTDuring"	NA	0	NA	NA	NA	0.92390586559347	1	"All logistic values are the same"	"prevalence"	26	26
"NODE_336_length_5681_cov_48.252755"	"PrePostFVT"	"Post"	"PrePostFVTPost"	NA	0	NA	NA	NA	0.649582350814108	1	"All logistic values are the same"	"prevalence"	26	26
"NODE_371_length_7093_cov_11.975703"	"PrePostFVT"	"During"	"PrePostFVTDuring"	NA	0	NA	NA	NA	0.403643021220034	1	"All logistic values are the same"	"prevalence"	26	26
"NODE_371_length_7093_cov_11.975703"	"PrePostFVT"	"Post"	"PrePostFVTPost"	NA	0	NA	NA	NA	0.529696198084575	1	"All logistic values are the same"	"prevalence"	26	26
"NODE_3716_length_1611_cov_2.967866"	"PrePostFVT"	"During"	"PrePostFVTDuring"	17.9878696345203	0	747.824253605656	0.980809849992295	NA	NA	NA	"Model is nearly unidentifiable: large eigenvalue ratio
 - Rescale variables?"	"prevalence"	26	4
"NODE_3716_length_1611_cov_2.967866"	"PrePostFVT"	"Post"	"PrePostFVTPost"	17.98786963554	0	747.824561467686	0.980809857889824	NA	NA	NA	"Model is nearly unidentifiable: large eigenvalue ratio
 - Rescale variables?"	"prevalence"	26	4
"NODE_4_length_209900_cov_20.895447|provirus_191243_209899"	"PrePostFVT"	"During"	"PrePostFVTDuring"	NA	0	NA	NA	NA	0.469977088536059	1	"All logistic values are the same"	"prevalence"	26	26
"NODE_4_length_209900_cov_20.895447|provirus_191243_209899"	"PrePostFVT"	"Post"	"PrePostFVTPost"	NA	0	NA	NA	NA	0.864523976606536	1	"All logistic values are the same"	"prevalence"	26	26
"NODE_403_length_4567_cov_8.259087"	"PrePostFVT"	"During"	"PrePostFVTDuring"	NA	0	NA	NA	NA	0.350292409536123	1	"All logistic values are the same"	"prevalence"	26	26
"NODE_403_length_4567_cov_8.259087"	"PrePostFVT"	"Post"	"PrePostFVTPost"	NA	0	NA	NA	NA	0.589190872035835	1	"All logistic values are the same"	"prevalence"	26	26
"NODE_424_length_13454_cov_10.768266"	"PrePostFVT"	"During"	"PrePostFVTDuring"	NA	0	NA	NA	NA	0.736760900622546	1	"All logistic values are the same"	"prevalence"	26	26
"NODE_424_length_13454_cov_10.768266"	"PrePostFVT"	"Post"	"PrePostFVTPost"	NA	0	NA	NA	NA	0.378992317320344	1	"All logistic values are the same"	"prevalence"	26	26
"NODE_4382_length_1351_cov_5.240741"	"PrePostFVT"	"During"	"PrePostFVTDuring"	NA	0	NA	NA	NA	0.909334936407586	1	"All logistic values are the same"	"prevalence"	26	26
"NODE_4382_length_1351_cov_5.240741"	"PrePostFVT"	"Post"	"PrePostFVTPost"	NA	0	NA	NA	NA	0.154159189467159	1	"All logistic values are the same"	"prevalence"	26	26
"NODE_440_length_4091_cov_6.641724"	"PrePostFVT"	"During"	"PrePostFVTDuring"	NA	0	NA	NA	NA	0.357685110385775	1	"All logistic values are the same"	"prevalence"	26	26
"NODE_440_length_4091_cov_6.641724"	"PrePostFVT"	"Post"	"PrePostFVTPost"	NA	0	NA	NA	NA	0.679613284207313	1	"All logistic values are the same"	"prevalence"	26	26
"NODE_585_length_6652_cov_6.207367"	"PrePostFVT"	"During"	"PrePostFVTDuring"	NA	0	NA	NA	NA	0.86548910161441	1	"All logistic values are the same"	"prevalence"	26	26
"NODE_585_length_6652_cov_6.207367"	"PrePostFVT"	"Post"	"PrePostFVTPost"	NA	0	NA	NA	NA	0.569213693811395	1	"All logistic values are the same"	"prevalence"	26	26
"NODE_599_length_6553_cov_10.773161"	"PrePostFVT"	"During"	"PrePostFVTDuring"	NA	0	NA	NA	NA	0.823773156513865	1	"All logistic values are the same"	"prevalence"	26	26
"NODE_599_length_6553_cov_10.773161"	"PrePostFVT"	"Post"	"PrePostFVTPost"	NA	0	NA	NA	NA	0.762816230717602	1	"All logistic values are the same"	"prevalence"	26	26
"NODE_615_length_9933_cov_5.439664"	"PrePostFVT"	"During"	"PrePostFVTDuring"	NA	0	NA	NA	NA	0.996061975781148	1	"All logistic values are the same"	"prevalence"	26	26
"NODE_615_length_9933_cov_5.439664"	"PrePostFVT"	"Post"	"PrePostFVTPost"	NA	0	NA	NA	NA	0.227822461544574	1	"All logistic values are the same"	"prevalence"	26	26
"NODE_626_length_2561_cov_6.706704"	"PrePostFVT"	"During"	"PrePostFVTDuring"	NA	0	NA	NA	NA	0.668230168072986	1	"All logistic values are the same"	"prevalence"	26	26
"NODE_626_length_2561_cov_6.706704"	"PrePostFVT"	"Post"	"PrePostFVTPost"	NA	0	NA	NA	NA	0.985120008965163	1	"All logistic values are the same"	"prevalence"	26	26
"NODE_650_length_2189_cov_5.598875"	"PrePostFVT"	"During"	"PrePostFVTDuring"	NA	0	NA	NA	NA	0.711213111135309	1	"All logistic values are the same"	"prevalence"	26	26
"NODE_650_length_2189_cov_5.598875"	"PrePostFVT"	"Post"	"PrePostFVTPost"	NA	0	NA	NA	NA	0.879602615972377	1	"All logistic values are the same"	"prevalence"	26	26
"NODE_669_length_3318_cov_13.807539"	"PrePostFVT"	"During"	"PrePostFVTDuring"	-19.1818799947446	0	1672.18575779011	0.990847553762981	NA	NA	NA	" Hessian is numerically singular: parameters are not uniquely determined"	"prevalence"	26	5
"NODE_669_length_3318_cov_13.807539"	"PrePostFVT"	"Post"	"PrePostFVTPost"	-2.9071486395043	0	1.66721551317686	0.0812088046366389	NA	0.263744756812682	1	" Hessian is numerically singular: parameters are not uniquely determined"	"prevalence"	26	5
"NODE_681_length_4804_cov_9.113708"	"PrePostFVT"	"During"	"PrePostFVTDuring"	NA	0	NA	NA	NA	0.915979901110907	1	"All logistic values are the same"	"prevalence"	26	26
"NODE_681_length_4804_cov_9.113708"	"PrePostFVT"	"Post"	"PrePostFVTPost"	NA	0	NA	NA	NA	0.427866686002105	1	"All logistic values are the same"	"prevalence"	26	26
"NODE_687_length_2813_cov_6.951777"	"PrePostFVT"	"During"	"PrePostFVTDuring"	NA	0	NA	NA	NA	0.396363782286643	1	"All logistic values are the same"	"prevalence"	26	26
"NODE_687_length_2813_cov_6.951777"	"PrePostFVT"	"Post"	"PrePostFVTPost"	NA	0	NA	NA	NA	0.274963949916247	1	"All logistic values are the same"	"prevalence"	26	26
"NODE_707_length_8757_cov_7.045852"	"PrePostFVT"	"During"	"PrePostFVTDuring"	NA	0	NA	NA	NA	NA	NA	"Downdated VtV is not positive definite"	"prevalence"	26	4
"NODE_707_length_8757_cov_7.045852"	"PrePostFVT"	"Post"	"PrePostFVTPost"	NA	0	NA	NA	NA	NA	NA	"Downdated VtV is not positive definite"	"prevalence"	26	4
"NODE_714_length_7001_cov_23.326663"	"PrePostFVT"	"During"	"PrePostFVTDuring"	NA	0	NA	NA	NA	0.945733167972454	1	"All logistic values are the same"	"prevalence"	26	26
"NODE_714_length_7001_cov_23.326663"	"PrePostFVT"	"Post"	"PrePostFVTPost"	NA	0	NA	NA	NA	0.869652609575934	1	"All logistic values are the same"	"prevalence"	26	26
"NODE_73_length_18156_cov_15.957737"	"PrePostFVT"	"During"	"PrePostFVTDuring"	NA	0	NA	NA	NA	0.658274277150221	1	"All logistic values are the same"	"prevalence"	26	26
"NODE_73_length_18156_cov_15.957737"	"PrePostFVT"	"Post"	"PrePostFVTPost"	NA	0	NA	NA	NA	0.378486063513989	1	"All logistic values are the same"	"prevalence"	26	26
"NODE_732_length_3221_cov_7.692988"	"PrePostFVT"	"During"	"PrePostFVTDuring"	NA	0	NA	NA	NA	0.943641093285747	1	"All logistic values are the same"	"prevalence"	26	26
"NODE_732_length_3221_cov_7.692988"	"PrePostFVT"	"Post"	"PrePostFVTPost"	NA	0	NA	NA	NA	0.560520439748956	1	"All logistic values are the same"	"prevalence"	26	26
"NODE_760_length_4785_cov_34.652643"	"PrePostFVT"	"During"	"PrePostFVTDuring"	NA	0	NA	NA	NA	0.665731672897601	1	"All logistic values are the same"	"prevalence"	26	26
"NODE_760_length_4785_cov_34.652643"	"PrePostFVT"	"Post"	"PrePostFVTPost"	NA	0	NA	NA	NA	0.52196387730456	1	"All logistic values are the same"	"prevalence"	26	26
"NODE_766_length_7639_cov_85.453718"	"PrePostFVT"	"During"	"PrePostFVTDuring"	NA	0	NA	NA	NA	0.601480169031291	1	"All logistic values are the same"	"prevalence"	26	26
"NODE_766_length_7639_cov_85.453718"	"PrePostFVT"	"Post"	"PrePostFVTPost"	NA	0	NA	NA	NA	0.79394807091118	1	"All logistic values are the same"	"prevalence"	26	26
"NODE_848_length_2982_cov_33.972327"	"PrePostFVT"	"During"	"PrePostFVTDuring"	NA	0	NA	NA	NA	0.953606733398267	1	"All logistic values are the same"	"prevalence"	26	26
"NODE_848_length_2982_cov_33.972327"	"PrePostFVT"	"Post"	"PrePostFVTPost"	NA	0	NA	NA	NA	0.615432354084248	1	"All logistic values are the same"	"prevalence"	26	26
"NODE_871_length_5587_cov_53.783442"	"PrePostFVT"	"During"	"PrePostFVTDuring"	NA	0	NA	NA	NA	0.847089171197075	1	"All logistic values are the same"	"prevalence"	26	26
"NODE_871_length_5587_cov_53.783442"	"PrePostFVT"	"Post"	"PrePostFVTPost"	NA	0	NA	NA	NA	0.33038956968796	1	"All logistic values are the same"	"prevalence"	26	26
"NODE_89_length_11981_cov_11.675918"	"PrePostFVT"	"During"	"PrePostFVTDuring"	NA	0	NA	NA	NA	0.635410297318043	1	"All logistic values are the same"	"prevalence"	26	26
"NODE_89_length_11981_cov_11.675918"	"PrePostFVT"	"Post"	"PrePostFVTPost"	NA	0	NA	NA	NA	0.506431029522912	1	"All logistic values are the same"	"prevalence"	26	26
"NODE_908_length_7168_cov_5.459440"	"PrePostFVT"	"During"	"PrePostFVTDuring"	NA	0	NA	NA	NA	0.920692871264556	1	"All logistic values are the same"	"prevalence"	26	26
"NODE_908_length_7168_cov_5.459440"	"PrePostFVT"	"Post"	"PrePostFVTPost"	NA	0	NA	NA	NA	0.541854595372737	1	"All logistic values are the same"	"prevalence"	26	26
"NODE_916_length_2601_cov_10.780047"	"PrePostFVT"	"During"	"PrePostFVTDuring"	-19.1818799947446	0	1672.18575779011	0.990847553762981	NA	NA	NA	" Hessian is numerically singular: parameters are not uniquely determined"	"prevalence"	26	5
"NODE_916_length_2601_cov_10.780047"	"PrePostFVT"	"Post"	"PrePostFVTPost"	-2.9071486395043	0	1.66721551317686	0.0812088046366389	NA	0.460684319854239	1	" Hessian is numerically singular: parameters are not uniquely determined"	"prevalence"	26	5
"NODE_928_length_7174_cov_8.261554"	"PrePostFVT"	"During"	"PrePostFVTDuring"	-19.1818799947446	0	1672.18575779011	0.990847553762981	NA	NA	NA	" Hessian is numerically singular: parameters are not uniquely determined"	"prevalence"	26	5
"NODE_928_length_7174_cov_8.261554"	"PrePostFVT"	"Post"	"PrePostFVTPost"	-2.9071486395043	0	1.66721551317686	0.0812088046366389	NA	0.195111562774005	1	" Hessian is numerically singular: parameters are not uniquely determined"	"prevalence"	26	5
"NODE_98_length_33801_cov_18.976797"	"PrePostFVT"	"During"	"PrePostFVTDuring"	NA	0	NA	NA	NA	0.804574199155412	1	"All logistic values are the same"	"prevalence"	26	26
"NODE_98_length_33801_cov_18.976797"	"PrePostFVT"	"Post"	"PrePostFVTPost"	NA	0	NA	NA	NA	0.571865466364587	1	"All logistic values are the same"	"prevalence"	26	26
