"feature"	"metadata"	"value"	"name"	"coef"	"null_hypothesis"	"stderr"	"pval_individual"	"qval_individual"	"pval_joint"	"qval_joint"	"error"	"model"	"N"	"N_not_zero"
"NODE_1000_length_3623_cov_9.385090"	"PrePostFVT"	"Post"	"PrePostFVTPost"	2.27869231293253	-0.289783364067339	0.433908616034452	7.94737349495637e-06	0.0224354353762618	7.94737349495637e-06	0.013836377254719	NA	"abundance"	26	26
"NODE_109_length_17329_cov_21.961503"	"PrePostFVT"	"Post"	"PrePostFVTPost"	2.20462559776266	-0.289783364067339	0.491128091915063	8.44471595787521e-05	0.0476788662981634	8.44471595787521e-05	0.0294045009653215	NA	"abundance"	26	26
"NODE_198_length_8163_cov_9.324741"	"PrePostFVT"	"Post"	"PrePostFVTPost"	2.24542919876445	-0.289783364067339	0.502963567010456	6.01959316118382e-05	0.0476788662981634	6.01959316118382e-05	0.0294045009653215	NA	"abundance"	26	26
"NODE_368_length_3350_cov_6.287102"	"PrePostFVT"	"Post"	"PrePostFVTPost"	-2.22971157167506	-0.289783364067339	0.393248368499262	8.14308760570079e-05	0.0476788662981634	8.14308760570079e-05	0.0294045009653215	NA	"abundance"	26	26
"NODE_502_length_4680_cov_4.082162"	"PrePostFVT"	"Post"	"PrePostFVTPost"	-2.41625645756093	-0.289783364067339	0.41337618831821	4.89023734326415e-05	0.0476788662981634	4.89023734326415e-05	0.0294045009653215	NA	"abundance"	26	26
"NODE_244_length_13727_cov_20.945802"	"PrePostFVT"	"Post"	"PrePostFVTPost"	-2.31619142221502	-0.289783364067339	0.435662809120898	0.000152489178193293	0.0717461583399444	0.000152489178193293	0.0442472765390872	NA	"abundance"	26	25
"NODE_168_length_21353_cov_13.414217"	"PrePostFVT"	"Post"	"PrePostFVTPost"	1.17924138147521	-0.289783364067339	0.332012555931418	0.000276839771689886	0.0982283472319443	0.000276839771689886	0.0605793668192756	NA	"abundance"	26	26
"NODE_2185_length_2811_cov_5.858853"	"PrePostFVT"	"Post"	"PrePostFVTPost"	-2.02797382474352	-0.289783364067339	0.404274632796174	0.000347957305107844	0.0982283472319443	0.000347957305107844	0.0605793668192756	NA	"abundance"	26	26
"NODE_650_length_2189_cov_5.598875"	"PrePostFVT"	"Post"	"PrePostFVTPost"	1.97444924790752	-0.289783364067339	0.527040927826965	0.000343210180357581	0.0982283472319443	0.000343210180357581	0.0605793668192756	NA	"abundance"	26	26
"NODE_971_length_2671_cov_4.974006"	"PrePostFVT"	"Post"	"PrePostFVTPost"	-2.00297795012122	-0.289783364067339	0.391108252788422	0.000295053230182106	0.0982283472319443	0.000295053230182106	0.0605793668192756	NA	"abundance"	26	25
"NODE_626_length_2561_cov_6.706704"	"PrePostFVT"	"Post"	"PrePostFVTPost"	2.28427541445249	-0.289783364067339	0.58806844330889	0.000382897743440824	0.0982654845212223	0.000382897743440824	0.0606022701209522	NA	"abundance"	26	26
"NODE_1352_length_2592_cov_8.143871"	"PrePostFVT"	"Post"	"PrePostFVTPost"	1.99957061142826	-0.289783364067339	0.587772309928602	0.0011667245183324	0.202058472977724	0.00233208779056312	0.166580652463964	NA	"abundance"	26	25
"NODE_286_length_13153_cov_47.017331"	"PrePostFVT"	"Post"	"PrePostFVTPost"	-2.07012390513637	-0.289783364067339	0.472292502199793	0.00121678853723745	0.202058472977724	0.00121678853723745	0.162956064871569	NA	"abundance"	26	25
"NODE_403_length_17644_cov_1809.089886"	"PrePostFVT"	"Post"	"PrePostFVTPost"	2.49812737858593	-0.289783364067339	0.674414969056704	0.00104385537503578	0.202058472977724	0.00208662111602756	0.166580652463964	NA	"abundance"	26	19
"NODE_676_length_9711_cov_334.290079"	"PrePostFVT"	"Post"	"PrePostFVTPost"	2.61213096375347	-0.289783364067339	0.693558126789987	0.00109267189943177	0.202058472977724	0.00218414986698372	0.166580652463964	NA	"abundance"	26	18
"NODE_714_length_7001_cov_23.326663"	"PrePostFVT"	"Post"	"PrePostFVTPost"	2.27110683917163	-0.289783364067339	0.644367846578542	0.00103324624433243	0.202058472977724	0.00206542489086344	0.166580652463964	NA	"abundance"	26	24
"NODE_816_length_4609_cov_5.214756"	"PrePostFVT"	"Post"	"PrePostFVTPost"	-2.28418228251965	-0.289783364067339	0.513979422673541	0.000985218364127538	0.202058472977724	0.000985218364127538	0.142938764328837	NA	"abundance"	26	24
"NODE_342_length_10504_cov_7.705618"	"PrePostFVT"	"Post"	"PrePostFVTPost"	-2.17521069003464	-0.289783364067339	0.506115158755387	0.00132829024058768	0.208320186065502	0.00132829024058768	0.165182379204511	NA	"abundance"	26	25
"NODE_1086_length_7321_cov_7.431599"	"PrePostFVT"	"Post"	"PrePostFVTPost"	-2.07946643605192	-0.289783364067339	0.484286796141873	0.0015392523012663	0.228700486656566	0.0015392523012663	0.166580652463964	NA	"abundance"	26	24
"NODE_492_length_8732_cov_6.818716"	"PrePostFVT"	"Post"	"PrePostFVTPost"	-2.05824405943228	-0.289783364067339	0.486057476704369	0.00163860385206039	0.231288933718324	0.00163860385206039	0.166580652463964	NA	"abundance"	26	25
"NODE_1046_length_5621_cov_125.866870"	"PrePostFVT"	"Post"	"PrePostFVTPost"	2.91917992363074	-0.289783364067339	0.8201222772303	0.00397088156302918	0.232728914958528	0.00792599522567076	0.178705918231657	NA	"abundance"	26	14
"NODE_1070_length_4765_cov_8.258599"	"PrePostFVT"	"Post"	"PrePostFVTPost"	-2.07952456145599	-0.289783364067339	0.559348919658998	0.00449156105835911	0.232728914958528	0.00449156105835911	0.177850570113042	NA	"abundance"	26	26
"NODE_1150_length_3473_cov_5.646870"	"PrePostFVT"	"Post"	"PrePostFVTPost"	-2.17696653201764	-0.289783364067339	0.577254429722009	0.00383159597925209	0.232728914958528	0.00383159597925209	0.177850570113042	NA	"abundance"	26	25
"NODE_129_length_27218_cov_9.424806"	"PrePostFVT"	"Post"	"PrePostFVTPost"	2.16197422139818	-0.289783364067339	0.547918901506267	0.00297466673277846	0.232728914958528	0.00594048482338582	0.178705918231657	NA	"abundance"	26	12
"NODE_1368_length_3847_cov_6.648734"	"PrePostFVT"	"Post"	"PrePostFVTPost"	-2.08359030778071	-0.289783364067339	0.534285221041364	0.00330345473884789	0.232728914958528	0.00659599666448416	0.178705918231657	NA	"abundance"	26	24
"NODE_1376_length_2860_cov_17.377184"	"PrePostFVT"	"Post"	"PrePostFVTPost"	-1.9871645927831	-0.289783364067339	0.487489409506356	0.00235310705002321	0.232728914958528	0.00235310705002321	0.166580652463964	NA	"abundance"	26	25
"NODE_1414_length_2598_cov_9.086119"	"PrePostFVT"	"Post"	"PrePostFVTPost"	-2.27127609686425	-0.289783364067339	0.624122440746395	0.00469909605123489	0.232728914958528	0.00469909605123489	0.177850570113042	NA	"abundance"	26	26
"NODE_1665_length_2883_cov_17.205799"	"PrePostFVT"	"Post"	"PrePostFVTPost"	-2.09085267612271	-0.289783364067339	0.557065329958169	0.00414053614567471	0.232728914958528	0.00414053614567471	0.177850570113042	NA	"abundance"	26	25
"NODE_1816_length_3002_cov_18.713607"	"PrePostFVT"	"Post"	"PrePostFVTPost"	0.490386773813781	-0.289783364067339	0.165851375324266	0.00296495466066315	0.232728914958528	0.00592111836518651	0.178705918231657	NA	"abundance"	26	14
"NODE_1931_length_2526_cov_16.422096"	"PrePostFVT"	"Post"	"PrePostFVTPost"	-1.94728772520742	-0.289783364067339	0.518117404759497	0.00454834156600448	0.232728914958528	0.00454834156600448	0.177850570113042	NA	"abundance"	26	25
"NODE_1960_length_3491_cov_16.300058"	"PrePostFVT"	"Post"	"PrePostFVTPost"	-2.11525070178516	-0.289783364067339	0.545105465682688	0.0033417374891211	0.232728914958528	0.0033417374891211	0.177850570113042	NA	"abundance"	26	24
"NODE_2205_length_3140_cov_13.088493"	"PrePostFVT"	"Post"	"PrePostFVTPost"	-2.0411688329398	-0.289783364067339	0.527448558093762	0.00338128074133427	0.232728914958528	0.00338128074133427	0.177850570113042	NA	"abundance"	26	25
"NODE_2297_length_1338_cov_4.257989"	"PrePostFVT"	"Post"	"PrePostFVTPost"	-2.22884457703806	-0.289783364067339	0.54829965192563	0.00207812484320219	0.232728914958528	0.00207812484320219	0.166580652463964	NA	"abundance"	26	25
"NODE_253_length_10761_cov_24.310854"	"PrePostFVT"	"Post"	"PrePostFVTPost"	2.49711184859174	-0.289783364067339	0.673925366446854	0.00182165283616568	0.232728914958528	0.00363998725327585	0.177850570113042	NA	"abundance"	26	18
"NODE_322_length_15127_cov_72.883028"	"PrePostFVT"	"Post"	"PrePostFVTPost"	-1.71552461167642	-0.289783364067339	0.415577798984689	0.00285816555404999	0.232728914958528	0.00285816555404999	0.177850570113042	NA	"abundance"	26	25
"NODE_3241_length_1490_cov_2.567944"	"PrePostFVT"	"Post"	"PrePostFVTPost"	-2.7803714415065	-0.289783364067339	0.602672256760137	0.00291507401051102	0.232728914958528	0.00582165036453528	0.178705918231657	NA	"abundance"	26	13
"NODE_335_length_20808_cov_107.089963"	"PrePostFVT"	"Post"	"PrePostFVTPost"	3.29918170135295	-0.289783364067339	0.858336130959347	0.00386140295109921	0.232728914958528	0.00770789546944767	0.178705918231657	NA	"abundance"	26	13
"NODE_358_length_13097_cov_6.583346"	"PrePostFVT"	"Post"	"PrePostFVTPost"	-2.27069020984627	-0.289783364067339	0.381325850417026	0.00230150816008193	0.232728914958528	0.00459771938035294	0.177850570113042	NA	"abundance"	26	11
"NODE_369_length_11021_cov_18.926774"	"PrePostFVT"	"Post"	"PrePostFVTPost"	0.924548231506385	-0.289783364067339	0.343078805370041	0.00395941837775604	0.232728914958528	0.00790315976162197	0.178705918231657	NA	"abundance"	26	18
"NODE_371_length_7093_cov_11.975703"	"PrePostFVT"	"Post"	"PrePostFVTPost"	-1.68975477723529	-0.289783364067339	0.417109948392212	0.00340414064815582	0.232728914958528	0.00340414064815582	0.177850570113042	NA	"abundance"	26	25
"NODE_3714_length_1904_cov_5.448891"	"PrePostFVT"	"Post"	"PrePostFVTPost"	-2.19972964870767	-0.289783364067339	0.530745866651355	0.00177542936122646	0.232728914958528	0.00177542936122646	0.166580652463964	NA	"abundance"	26	25
"NODE_372_length_12857_cov_13.769099"	"PrePostFVT"	"Post"	"PrePostFVTPost"	-1.86159195442478	-0.289783364067339	0.488805927957828	0.00453372019846925	0.232728914958528	0.00453372019846925	0.177850570113042	NA	"abundance"	26	24
"NODE_420_length_8092_cov_8.250467"	"PrePostFVT"	"Post"	"PrePostFVTPost"	-1.9829476464854	-0.289783364067339	0.529074519492014	0.0046949144248063	0.232728914958528	0.0046949144248063	0.177850570113042	NA	"abundance"	26	24
"NODE_52_length_84715_cov_387.896220"	"PrePostFVT"	"Post"	"PrePostFVTPost"	0.529838515945464	-0.289783364067339	0.239946337067367	0.00401122175125238	0.232728914958528	0.00800635360256705	0.178705918231657	NA	"abundance"	26	25
"NODE_554_length_7991_cov_8.091482"	"PrePostFVT"	"Post"	"PrePostFVTPost"	-2.06418659379973	-0.289783364067339	0.531277032634889	0.00329791934659947	0.232728914958528	0.00329791934659947	0.177850570113042	NA	"abundance"	26	25
"NODE_562_length_6184_cov_8.894926"	"PrePostFVT"	"Post"	"PrePostFVTPost"	-2.20257731851358	-0.289783364067339	0.565060368900832	0.00321610198876253	0.232728914958528	0.00321610198876253	0.177850570113042	NA	"abundance"	26	23
"NODE_590_length_6739_cov_4.358767"	"PrePostFVT"	"Post"	"PrePostFVTPost"	-1.98454857177853	-0.289783364067339	0.517781760004826	0.004252167017138	0.232728914958528	0.004252167017138	0.177850570113042	NA	"abundance"	26	23
"NODE_599_length_6553_cov_10.773161"	"PrePostFVT"	"Post"	"PrePostFVTPost"	1.85658681295833	-0.289783364067339	0.642297271660019	0.0038579368362785	0.232728914958528	0.00770098999592427	0.178705918231657	NA	"abundance"	26	25
"NODE_661_length_9488_cov_99.243613"	"PrePostFVT"	"Post"	"PrePostFVTPost"	1.95027759651876	-0.289783364067339	0.664325257742965	0.00429556026998748	0.232728914958528	0.00857266870194187	0.184541673930142	NA	"abundance"	26	20
"NODE_687_length_2813_cov_6.951777"	"PrePostFVT"	"Post"	"PrePostFVTPost"	-1.61373681503275	-0.289783364067339	0.407168448876389	0.00411684808368063	0.232728914958528	0.00411684808368063	0.177850570113042	NA	"abundance"	26	26
"NODE_830_length_4810_cov_5.175605"	"PrePostFVT"	"Post"	"PrePostFVTPost"	-1.94138823618101	-0.289783364067339	0.499329035454095	0.00349961413796271	0.232728914958528	0.00349961413796271	0.177850570113042	NA	"abundance"	26	25
"NODE_835_length_5286_cov_13.774995"	"PrePostFVT"	"Post"	"PrePostFVTPost"	-2.17315706659723	-0.289783364067339	0.585614983625552	0.00430480555073646	0.232728914958528	0.00430480555073646	0.177850570113042	NA	"abundance"	26	25
"NODE_852_length_3922_cov_6.695112"	"PrePostFVT"	"Post"	"PrePostFVTPost"	-1.99903152056997	-0.289783364067339	0.491304027862037	0.00239202545180878	0.232728914958528	0.00239202545180878	0.166580652463964	NA	"abundance"	26	25
"NODE_865_length_2666_cov_5.653007"	"PrePostFVT"	"Post"	"PrePostFVTPost"	-1.94396889336975	-0.289783364067339	0.513047433683746	0.00430541033333689	0.232728914958528	0.00430541033333689	0.177850570113042	NA	"abundance"	26	25
"NODE_898_length_3266_cov_36.398941"	"PrePostFVT"	"Post"	"PrePostFVTPost"	2.51218473255411	-0.289783364067339	0.832463232764288	0.00372632857427285	0.232728914958528	0.00743877162390225	0.178705918231657	NA	"abundance"	26	22
"NODE_902_length_5520_cov_8.255810"	"PrePostFVT"	"Post"	"PrePostFVTPost"	-2.06806865085125	-0.289783364067339	0.510461092241527	0.00236261736332193	0.232728914958528	0.00236261736332193	0.166580652463964	NA	"abundance"	26	25
"NODE_977_length_3003_cov_5.709634"	"PrePostFVT"	"Post"	"PrePostFVTPost"	-2.24513432662068	-0.289783364067339	0.610348226268096	0.00438835562688749	0.232728914958528	0.00438835562688749	0.177850570113042	NA	"abundance"	26	25
"NODE_674_length_8037_cov_6.040967"	"PrePostFVT"	"Post"	"PrePostFVTPost"	-2.20451547982913	-0.289783364067339	0.606996213862123	0.00495852531555824	0.239261765547704	0.00495852531555824	0.178705918231657	NA	"abundance"	26	25
"NODE_831_length_3694_cov_7.206650"	"PrePostFVT"	"Post"	"PrePostFVTPost"	-2.25385739515451	-0.289783364067339	0.623419502423167	0.00500051157184362	0.239261765547704	0.00500051157184362	0.178705918231657	NA	"abundance"	26	26
"NODE_1021_length_3863_cov_7.928834"	"PrePostFVT"	"Post"	"PrePostFVTPost"	-1.52220883527863	-0.289783364067339	0.398456043225005	0.00591687971000355	0.240208833248945	0.00591687971000355	0.178705918231657	NA	"abundance"	26	26
"NODE_1070_length_3145_cov_8.108414"	"PrePostFVT"	"Post"	"PrePostFVTPost"	1.74082033948991	-0.289783364067339	0.645312459980683	0.00546953216372167	0.240208833248945	0.0109091485453534	0.22610509068405	NA	"abundance"	26	24
"NODE_1158_length_3043_cov_3.853414"	"PrePostFVT"	"Post"	"PrePostFVTPost"	-2.04211218193391	-0.289783364067339	0.574777574389464	0.00634698080293183	0.240208833248945	0.00634698080293183	0.178705918231657	NA	"abundance"	26	25
"NODE_124_length_39539_cov_31.076005"	"PrePostFVT"	"Post"	"PrePostFVTPost"	-2.73606384538732	-0.289783364067339	0.534354318916608	0.00613799316595392	0.240208833248945	0.0122383113718025	0.234141759322069	NA	"abundance"	26	7
"NODE_177_length_43590_cov_15.368715"	"PrePostFVT"	"Post"	"PrePostFVTPost"	0.859395546734419	-0.289783364067339	0.342147651230728	0.00564400275439293	0.240208833248945	0.0112561507416943	0.229857652564955	NA	"abundance"	26	16
"NODE_18_length_170276_cov_137.036740|provirus_122720_154544"	"PrePostFVT"	"Post"	"PrePostFVTPost"	-1.97856200235	-0.289783364067339	0.541889315677758	0.00545339399475362	0.240208833248945	0.00545339399475362	0.178705918231657	NA	"abundance"	26	25
"NODE_1811_length_4326_cov_11.406696"	"PrePostFVT"	"Post"	"PrePostFVTPost"	-2.2102298630747	-0.289783364067339	0.618287891994922	0.00550400690852052	0.240208833248945	0.00550400690852052	0.178705918231657	NA	"abundance"	26	25
"NODE_201_length_27274_cov_8.129836"	"PrePostFVT"	"Post"	"PrePostFVTPost"	-2.01314099017532	-0.289783364067339	0.552125247490281	0.00538348207183306	0.240208833248945	0.00538348207183306	0.178705918231657	NA	"abundance"	26	25
"NODE_266_length_13446_cov_8.802479"	"PrePostFVT"	"Post"	"PrePostFVTPost"	-1.9475856297664	-0.289783364067339	0.532578933527529	0.00576069650941483	0.240208833248945	0.00576069650941483	0.178705918231657	NA	"abundance"	26	24
"NODE_281_length_12466_cov_5.775038"	"PrePostFVT"	"Post"	"PrePostFVTPost"	-2.10926418746926	-0.289783364067339	0.582495717069483	0.00536171346930389	0.240208833248945	0.00536171346930389	0.178705918231657	NA	"abundance"	26	25
"NODE_403_length_4567_cov_8.259087"	"PrePostFVT"	"Post"	"PrePostFVTPost"	-1.65095302204885	-0.289783364067339	0.443237629835689	0.00616842379980345	0.240208833248945	0.00616842379980345	0.178705918231657	NA	"abundance"	26	26
"NODE_444_length_12751_cov_9.040013"	"PrePostFVT"	"Post"	"PrePostFVTPost"	-2.28816363761266	-0.289783364067339	0.637594601343013	0.00591446274327657	0.240208833248945	0.0117939446170115	0.233332472479739	NA	"abundance"	26	22
"NODE_483_length_7947_cov_8.551191"	"PrePostFVT"	"Post"	"PrePostFVTPost"	-2.04571963525365	-0.289783364067339	0.571504566224818	0.00625412349191256	0.240208833248945	0.00625412349191256	0.178705918231657	NA	"abundance"	26	25
"NODE_732_length_3221_cov_7.692988"	"PrePostFVT"	"Post"	"PrePostFVTPost"	1.61452715130006	-0.289783364067339	0.611002435465353	0.00638174371012076	0.240208833248945	0.0127227607674599	0.240764418436387	NA	"abundance"	26	25
"NODE_938_length_3852_cov_8.090071"	"PrePostFVT"	"Post"	"PrePostFVTPost"	-2.13486334988043	-0.289783364067339	0.604475651864523	0.00622678416957444	0.240208833248945	0.00622678416957444	0.178705918231657	NA	"abundance"	26	25
"NODE_954_length_4585_cov_15.544371"	"PrePostFVT"	"Post"	"PrePostFVTPost"	-2.19907064380266	-0.289783364067339	0.605776162872314	0.00569333457685691	0.240208833248945	0.0113542550951098	0.229857652564955	NA	"abundance"	26	22
"NODE_1700_length_2749_cov_7.180772"	"PrePostFVT"	"Post"	"PrePostFVTPost"	-2.0507272661519	-0.289783364067339	0.582144427067968	0.00665899181810632	0.24467009850447	0.00665899181810632	0.178705918231657	NA	"abundance"	26	25
"NODE_760_length_4785_cov_34.652643"	"PrePostFVT"	"Post"	"PrePostFVTPost"	-1.57573517961752	-0.289783364067339	0.42260944434013	0.00667360877961184	0.24467009850447	0.00667360877961184	0.178705918231657	NA	"abundance"	26	26
"NODE_89_length_11981_cov_11.675918"	"PrePostFVT"	"Post"	"PrePostFVTPost"	1.80069191209438	-0.289783364067339	0.67735183138168	0.00677447550475529	0.245183901922105	0.0135030574911461	0.252783044000917	NA	"abundance"	26	25
"NODE_1723_length_3057_cov_7.331113"	"PrePostFVT"	"Post"	"PrePostFVTPost"	-2.14150268347825	-0.289783364067339	0.616615792427139	0.00701860784844192	0.247669124451894	0.00701860784844192	0.178705918231657	NA	"abundance"	26	25
"NODE_4865_length_1122_cov_8.839738"	"PrePostFVT"	"Post"	"PrePostFVTPost"	-2.19510671628215	-0.289783364067339	0.384373589480024	0.00699167073739317	0.247669124451894	0.0139344580150862	0.258083951109203	NA	"abundance"	26	10
"NODE_321_length_8192_cov_6.306624"	"PrePostFVT"	"Post"	"PrePostFVTPost"	-2.01625534916492	-0.289783364067339	0.568619923675292	0.00711387307838916	0.247931650620896	0.00711387307838916	0.178705918231657	NA	"abundance"	26	23
"NODE_1299_length_4337_cov_85.098085"	"PrePostFVT"	"Post"	"PrePostFVTPost"	-2.06447886958386	-0.289783364067339	0.596428502926032	0.00743494023200353	0.251255088313055	0.00743494023200353	0.178705918231657	NA	"abundance"	26	25
"NODE_2460_length_2605_cov_26.049804"	"PrePostFVT"	"Post"	"PrePostFVTPost"	-2.08549550243942	-0.289783364067339	0.599753216350596	0.00768116507511447	0.251255088313055	0.00768116507511447	0.178705918231657	NA	"abundance"	26	23
"NODE_446_length_8151_cov_7.545949"	"PrePostFVT"	"Post"	"PrePostFVTPost"	-2.05101164597629	-0.289783364067339	0.582980771528305	0.00761261399525482	0.251255088313055	0.00761261399525482	0.178705918231657	NA	"abundance"	26	22
"NODE_663_length_9363_cov_7.272561"	"PrePostFVT"	"Post"	"PrePostFVTPost"	-2.23224820411161	-0.289783364067339	0.645444917394999	0.00735799319299114	0.251255088313055	0.00735799319299114	0.178705918231657	NA	"abundance"	26	23
"NODE_72_length_64029_cov_53.309454|provirus_26592_63618"	"PrePostFVT"	"Post"	"PrePostFVTPost"	-1.82006440678927	-0.289783364067339	0.51638102818447	0.00774324926788374	0.251255088313055	0.00774324926788374	0.178705918231657	NA	"abundance"	26	26
"NODE_920_length_3634_cov_6.538698"	"PrePostFVT"	"Post"	"PrePostFVTPost"	-1.5429150029894	-0.289783364067339	0.299705951571844	0.00771420955753406	0.251255088313055	0.0153689100859706	0.278721588121612	NA	"abundance"	26	11
"NODE_440_length_4091_cov_6.641724"	"PrePostFVT"	"Post"	"PrePostFVTPost"	-1.67031172698304	-0.289783364067339	0.465555242779609	0.00788281474077896	0.25287711378658	0.00788281474077896	0.178705918231657	NA	"abundance"	26	26
"NODE_1516_length_3749_cov_10.734164"	"PrePostFVT"	"Post"	"PrePostFVTPost"	0.90227307075366	-0.289783364067339	0.310257322231843	0.00828869589554975	0.257836024543227	0.0165086893114506	0.291111341061043	NA	"abundance"	26	13
"NODE_19_length_128753_cov_65.537825|provirus_112776_127566"	"PrePostFVT"	"Post"	"PrePostFVTPost"	-2.25432876241921	-0.289783364067339	0.663223277230062	0.00822059647596126	0.257836024543227	0.0163736147455019	0.291111341061043	NA	"abundance"	26	23
"NODE_737_length_7618_cov_6.145577"	"PrePostFVT"	"Post"	"PrePostFVTPost"	0.79868619657071	-0.289783364067339	0.28016668088742	0.00831139859491095	0.257836024543227	0.0165537178432184	0.291111341061043	NA	"abundance"	26	13
"NODE_1338_length_4214_cov_5.262804"	"PrePostFVT"	"During"	"PrePostFVTDuring"	-0.94973826132511	-0.0088626670314581	0.0762074071002518	0.00853305727443585	0.257847976742934	0.0169933014824229	0.294839980145314	NA	"abundance"	26	5
"NODE_386_length_12222_cov_6.937372"	"PrePostFVT"	"Post"	"PrePostFVTPost"	-1.96436666024529	-0.289783364067339	0.574645554721531	0.00852609840883814	0.257847976742934	0.00852609840883814	0.184541673930142	NA	"abundance"	26	25
"NODE_864_length_5862_cov_26.281901"	"PrePostFVT"	"Post"	"PrePostFVTPost"	-1.98616184917542	-0.289783364067339	0.582922722249094	0.008585798729662	0.257847976742934	0.008585798729662	0.184541673930142	NA	"abundance"	26	25
"NODE_1263_length_3025_cov_5.382155"	"PrePostFVT"	"Post"	"PrePostFVTPost"	-2.0906422411904	-0.289783364067339	0.616453269472699	0.00870501439564632	0.258676375146416	0.0173342515156642	0.295871881262465	NA	"abundance"	26	24
"NODE_116_length_38613_cov_286.577597"	"PrePostFVT"	"Post"	"PrePostFVTPost"	4.33599934747492	-0.289783364067339	1.46412287055883	0.00917281429540146	0.264233211795085	0.018261488068705	0.305704333919379	NA	"abundance"	26	16
"NODE_259_length_15570_cov_23.236932"	"PrePostFVT"	"Post"	"PrePostFVTPost"	-2.34949798930084	-0.289783364067339	0.701581278139453	0.00903668622472726	0.264233211795085	0.0179917107515304	0.304112314741887	NA	"abundance"	26	22
"NODE_765_length_5828_cov_11.426295"	"PrePostFVT"	"Post"	"PrePostFVTPost"	-1.8467353744792	-0.289783364067339	0.536165058150658	0.0090914231957862	0.264233211795085	0.0090914231957862	0.193026436388583	NA	"abundance"	26	24
"NODE_115_length_39977_cov_22.569661"	"PrePostFVT"	"During"	"PrePostFVTDuring"	-1.94674184060604	-0.0088626670314581	0.643912258263227	0.00953192557910493	0.271804302119325	0.0189729935529643	0.314590302625817	NA	"abundance"	26	17
"NODE_570_length_6989_cov_7.928613"	"PrePostFVT"	"Post"	"PrePostFVTPost"	-1.92269332110015	-0.289783364067339	0.571147843667401	0.0096828967044039	0.273348173965322	0.0192720349202196	0.31646672073525	NA	"abundance"	26	25
"NODE_1322_length_2624_cov_4.678863"	"PrePostFVT"	"Post"	"PrePostFVTPost"	-2.08963788579438	-0.289783364067339	0.632631180957811	0.0100062833258316	0.277266440515641	0.0199124409456664	0.31646672073525	NA	"abundance"	26	25
"NODE_3241_length_1490_cov_2.567944"	"PrePostFVT"	"During"	"PrePostFVTDuring"	-2.15046211049021	-0.0088626670314581	0.640726239923069	0.0100325750673676	0.277266440515641	0.0199644975722529	0.31646672073525	NA	"abundance"	26	13
"NODE_499_length_7571_cov_37.322113"	"PrePostFVT"	"Post"	"PrePostFVTPost"	-1.84457384324153	-0.289783364067339	0.544073379942171	0.0101163455094265	0.277266440515641	0.020130350572387	0.31646672073525	NA	"abundance"	26	24
"NODE_41_length_88707_cov_853.230034"	"PrePostFVT"	"Post"	"PrePostFVTPost"	0.8841839104696	-0.289783364067339	0.409736449732373	0.010231628789416	0.277729693005013	0.0203585713511476	0.31646672073525	NA	"abundance"	26	25
"NODE_281_length_6882_cov_6.653288"	"PrePostFVT"	"Post"	"PrePostFVTPost"	-2.15059347263857	-0.289783364067339	0.660950613065862	0.0105885749427483	0.284681400603604	0.0105885749427483	0.222104927413551	NA	"abundance"	26	26
"NODE_1627_length_2508_cov_5.315124"	"PrePostFVT"	"Post"	"PrePostFVTPost"	-1.99684761400876	-0.289783364067339	0.601715640430992	0.0108112265839722	0.287925402325975	0.0215055705476943	0.331338038261379	NA	"abundance"	26	23
"NODE_6522_length_1270_cov_9.375309"	"PrePostFVT"	"Post"	"PrePostFVTPost"	1.2179953517427	-0.289783364067339	0.520634166150028	0.010929947594554	0.288366748218934	0.0217404314346883	0.332018343226249	NA	"abundance"	26	21
"NODE_535_length_9302_cov_18.873472"	"PrePostFVT"	"Post"	"PrePostFVTPost"	-2.1703638624706	-0.289783364067339	0.666098538907282	0.0111824350331878	0.292296426839714	0.0222398232131041	0.336691584469689	NA	"abundance"	26	23
"NODE_728_length_8488_cov_23.410056"	"PrePostFVT"	"Post"	"PrePostFVTPost"	0.721913840683716	-0.289783364067339	0.322953868579844	0.0114562421651538	0.296706161763571	0.022781238845761	0.341914972676464	NA	"abundance"	26	16
"NODE_1161_length_3909_cov_93.481318"	"PrePostFVT"	"Post"	"PrePostFVTPost"	-1.35642686844916	-0.289783364067339	0.383091311269352	0.0120268204023069	0.298417044383282	0.0120268204023069	0.234141759322069	NA	"abundance"	26	26
"NODE_1590_length_3270_cov_6.386625"	"PrePostFVT"	"Post"	"PrePostFVTPost"	-2.06847346347697	-0.289783364067339	0.646244479068451	0.0122622660816368	0.298417044383282	0.0243741689938168	0.353628568485292	NA	"abundance"	26	25
"NODE_17_length_139991_cov_17.814237|provirus_88907_131566"	"PrePostFVT"	"Post"	"PrePostFVTPost"	-1.97842345937802	-0.289783364067339	0.610324771875107	0.0121477320493364	0.298417044383282	0.0241478967047304	0.353289816495257	NA	"abundance"	26	24
"NODE_2814_length_2535_cov_17.660484"	"PrePostFVT"	"Post"	"PrePostFVTPost"	-1.32191417055467	-0.289783364067339	0.368285151843738	0.011761403494165	0.298417044383282	0.011761403494165	0.233332472479739	NA	"abundance"	26	25
"NODE_365_length_20565_cov_18.642223"	"PrePostFVT"	"Post"	"PrePostFVTPost"	-1.98624263575591	-0.289783364067339	0.614185601088655	0.0119972173014391	0.298417044383282	0.0238505013799002	0.353289816495257	NA	"abundance"	26	25
"NODE_4_length_209900_cov_20.895447|provirus_191243_209899"	"PrePostFVT"	"Post"	"PrePostFVTPost"	-1.6068217231019	-0.289783364067339	0.47669265577014	0.0121629690578002	0.298417044383282	0.0121629690578002	0.234141759322069	NA	"abundance"	26	26
"NODE_4372_length_1017_cov_2.721414"	"PrePostFVT"	"Post"	"PrePostFVTPost"	-1.56916156414486	-0.289783364067339	0.461844472154181	0.0120898340476509	0.298417044383282	0.024033504008002	0.353289816495257	NA	"abundance"	26	25
"NODE_2674_length_2654_cov_15.941901"	"PrePostFVT"	"Post"	"PrePostFVTPost"	-2.02867773229448	-0.289783364067339	0.631667938623909	0.0126240711199436	0.299476914047066	0.0250887750682458	0.355118352795252	NA	"abundance"	26	24
"NODE_739_length_5009_cov_6.476383"	"PrePostFVT"	"Post"	"PrePostFVTPost"	-1.6822823817218	-0.289783364067339	0.375001865074809	0.0125241456044384	0.299476914047066	0.0248914369857556	0.355118352795252	NA	"abundance"	26	12
"NODE_888_length_4795_cov_5.692405"	"PrePostFVT"	"Post"	"PrePostFVTPost"	-1.95408662796645	-0.289783364067339	0.60295515304635	0.0124663392058339	0.299476914047066	0.0247772687984729	0.355118352795252	NA	"abundance"	26	24
"NODE_1301_length_2543_cov_7.558682"	"PrePostFVT"	"Post"	"PrePostFVTPost"	1.51174696423589	-0.289783364067339	0.649947766099445	0.0136298102737831	0.320641286690747	0.0270738488194669	0.380125570924934	NA	"abundance"	26	24
"NODE_191_length_14612_cov_5.894621"	"PrePostFVT"	"Post"	"PrePostFVTPost"	-1.65679734799372	-0.289783364067339	0.507815227833701	0.0141394721950455	0.329882066170359	0.0280790197161365	0.39108458660635	NA	"abundance"	26	25
"NODE_341_length_3453_cov_50.811948"	"PrePostFVT"	"Post"	"PrePostFVTPost"	1.24057390395584	-0.289783364067339	0.527720668088391	0.0143717540327274	0.331101025895788	0.0285369607514776	0.394308322764464	NA	"abundance"	26	19
"NODE_4320_length_1681_cov_4.281058"	"PrePostFVT"	"Post"	"PrePostFVTPost"	-1.79402780650815	-0.289783364067339	0.561014708960447	0.0144262933705922	0.331101025895788	0.0144262933705922	0.264380807981064	NA	"abundance"	26	26
"NODE_2559_length_1942_cov_4.955485"	"PrePostFVT"	"Post"	"PrePostFVTPost"	0.505166456296324	-0.289783364067339	0.211486012047767	0.0148602898085329	0.338123684141175	0.0294997514038722	0.402602478247864	NA	"abundance"	26	11
"NODE_431_length_12194_cov_8.575912"	"PrePostFVT"	"Post"	"PrePostFVTPost"	-2.04769910372861	-0.289783364067339	0.65543925937495	0.0149718244837573	0.338123684141175	0.0297194934391422	0.402602478247864	NA	"abundance"	26	23
"NODE_1717_length_3480_cov_3.320000"	"PrePostFVT"	"Post"	"PrePostFVTPost"	-1.14838614615702	-0.289783364067339	0.205673905567603	0.0158418150870484	0.340323024554854	0.0314326670688446	0.404180113044339	NA	"abundance"	26	10
"NODE_1769_length_1947_cov_6.059197"	"PrePostFVT"	"Post"	"PrePostFVTPost"	-2.12577778761508	-0.289783364067339	0.696577376241915	0.015833773233209	0.340323024554854	0.0314168380916173	0.404180113044339	NA	"abundance"	26	25
"NODE_277_length_7921_cov_10.657513"	"PrePostFVT"	"Post"	"PrePostFVTPost"	-2.15251348203043	-0.289783364067339	0.707746454404973	0.0158785737674409	0.340323024554854	0.0315050184299936	0.404180113044339	NA	"abundance"	26	25
"NODE_502_length_7518_cov_18.659654"	"PrePostFVT"	"Post"	"PrePostFVTPost"	-1.83659870424447	-0.289783364067339	0.581620853471701	0.0155410511199105	0.340323024554854	0.0308405779699093	0.404180113044339	NA	"abundance"	26	24
"NODE_877_length_4119_cov_7.801919"	"PrePostFVT"	"Post"	"PrePostFVTPost"	0.513144909655019	-0.289783364067339	0.241676715556522	0.0159130851013959	0.340323024554854	0.0315729439253476	0.404180113044339	NA	"abundance"	26	13
"NODE_2_length_2231_cov_4.778033"	"PrePostFVT"	"Post"	"PrePostFVTPost"	3.04471305227232	0	1.25991072730751	0.0156657855254361	0.340323024554854	0.0310861542147433	0.404180113044339	NA	"prevalence"	26	12
"NODE_912_length_8730_cov_850.056254"	"PrePostFVT"	"Post"	"PrePostFVTPost"	3.04451368581166	0	1.25988020850243	0.0156700765568031	0.340323024554854	0.0310946018143101	0.404180113044339	NA	"prevalence"	26	11
"NODE_615_length_9933_cov_5.439664"	"PrePostFVT"	"Post"	"PrePostFVTPost"	1.7730585538037	-0.289783364067339	0.772695102080057	0.01619635524845	0.343464135030755	0.0321303885735659	0.406226972415001	NA	"abundance"	26	25
"NODE_714_length_8767_cov_70.253558"	"PrePostFVT"	"Post"	"PrePostFVTPost"	-1.90858377978372	-0.289783364067339	0.617548131574476	0.0163032922756363	0.343464135030755	0.0323407872122477	0.406226972415001	NA	"abundance"	26	25
"NODE_1329_length_4796_cov_16.524784"	"PrePostFVT"	"Post"	"PrePostFVTPost"	-2.1274359640422	-0.289783364067339	0.691828077906545	0.016430519069078	0.34358040986672	0.0325910761812767	0.406226972415001	NA	"abundance"	26	22
"NODE_315_length_19741_cov_19.947983"	"PrePostFVT"	"Post"	"PrePostFVTPost"	-1.27351014553088	-0.289783364067339	0.375711088322764	0.0171044445690274	0.350490535299754	0.0171044445690274	0.294839980145314	NA	"abundance"	26	26
"NODE_652_length_3294_cov_3.960173"	"PrePostFVT"	"Post"	"PrePostFVTPost"	-2.02906421618769	-0.289783364067339	0.666224518242109	0.017133437432294	0.350490535299754	0.0339733201863418	0.416532045383247	NA	"abundance"	26	24
"NODE_214_length_17775_cov_57.766253"	"PrePostFVT"	"During"	"PrePostFVTDuring"	13.6327689297439	0	5.71606540370636	0.0170795035607892	0.350490535299754	0.0338672976796954	0.416532045383247	NA	"prevalence"	26	24
"NODE_140_length_42940_cov_112.379737"	"PrePostFVT"	"Post"	"PrePostFVTPost"	-1.8441298497717	-0.289783364067339	0.393122806782587	0.0174014854424602	0.35341290218752	0.0345001591893163	0.420033406633564	NA	"abundance"	26	8
"NODE_1787_length_3539_cov_5.173938"	"PrePostFVT"	"Post"	"PrePostFVTPost"	0.626819733074322	-0.289783364067339	0.18209389382642	0.0182461021460478	0.36791961684495	0.0361592840485716	0.436578714193563	NA	"abundance"	26	9
"NODE_1787_length_3539_cov_5.173938"	"PrePostFVT"	"During"	"PrePostFVTDuring"	1.00871644199516	-0.0088626670314581	0.214943825679568	0.0190186149537736	0.369547060057789	0.0376755221927872	0.436578714193563	NA	"abundance"	26	9
"NODE_2608_length_2724_cov_13.636193"	"PrePostFVT"	"Post"	"PrePostFVTPost"	-2.00165957061426	-0.289783364067339	0.668167208259655	0.0189526936942347	0.369547060057789	0.0375461827902019	0.436578714193563	NA	"abundance"	26	24
"NODE_4565_length_1307_cov_2.827476"	"PrePostFVT"	"Post"	"PrePostFVTPost"	-1.71797695697886	-0.289783364067339	0.407682640389284	0.0189655300542131	0.369547060057789	0.0375713687781889	0.436578714193563	NA	"abundance"	26	8
"NODE_546_length_8041_cov_7.521913"	"PrePostFVT"	"Post"	"PrePostFVTPost"	-1.7661387866087	-0.289783364067339	0.577002266907576	0.0192431519052409	0.369547060057789	0.0381160049152335	0.436578714193563	NA	"abundance"	26	24
"NODE_627_length_6108_cov_41.545845"	"PrePostFVT"	"During"	"PrePostFVTDuring"	2.34408980563109	-0.0088626670314581	0.619365529593274	0.0192022325898232	0.369547060057789	0.0380357394432128	0.436578714193563	NA	"abundance"	26	9
"NODE_814_length_4101_cov_6.458725"	"PrePostFVT"	"Post"	"PrePostFVTPost"	-2.04114480414967	-0.289783364067339	0.678541008892194	0.0186288589929025	0.369547060057789	0.0369106835984276	0.436578714193563	NA	"abundance"	26	23
"NODE_839_length_5381_cov_27.898235"	"PrePostFVT"	"Post"	"PrePostFVTPost"	-1.5978358604101	-0.289783364067339	0.509893000664373	0.0191642166892377	0.369547060057789	0.0379611661771634	0.436578714193563	NA	"abundance"	26	25
"NODE_414_length_12838_cov_6.220840"	"PrePostFVT"	"Post"	"PrePostFVTPost"	0.701050123906073	-0.289783364067339	0.37113137101745	0.0195501148973134	0.372905232129159	0.0387180228021285	0.440575671232064	NA	"abundance"	26	19
"NODE_440_length_10261_cov_1450.787576"	"PrePostFVT"	"Post"	"PrePostFVTPost"	3.13017813635341	-0.289783364067339	1.26424882013235	0.0196840539883705	0.372940163819932	0.0389806459953239	0.440683796609473	NA	"abundance"	26	17
"NODE_1621_length_3853_cov_100.034229"	"PrePostFVT"	"Post"	"PrePostFVTPost"	-1.36968275117146	-0.289783364067339	0.426478597662872	0.0203143683448284	0.373720918546632	0.0203143683448284	0.31646672073525	NA	"abundance"	26	26
"NODE_294_length_12938_cov_7.822712"	"PrePostFVT"	"Post"	"PrePostFVTPost"	-1.99437593062332	-0.289783364067339	0.673524357073823	0.0203871843627989	0.373720918546632	0.0403587314393551	0.447544913604568	NA	"abundance"	26	24
"NODE_4125_length_1127_cov_7.027052"	"PrePostFVT"	"During"	"PrePostFVTDuring"	1.42985055241213	-0.0088626670314581	0.395727837929152	0.0202934566348613	0.373720918546632	0.0401750888875316	0.447544913604568	NA	"abundance"	26	11
"NODE_175_length_29015_cov_2566.187293"	"PrePostFVT"	"Post"	"PrePostFVTPost"	4.74275546963249	0	2.04207438476946	0.020205035227086	0.373720918546632	0.020205035227086	0.31646672073525	NA	"prevalence"	26	10
"NODE_214_length_17775_cov_57.766253"	"PrePostFVT"	"Post"	"PrePostFVTPost"	13.6314814070531	0	5.87388237105146	0.0203033847212134	0.373720918546632	0.0401945420112893	0.447544913604568	NA	"prevalence"	26	24
"NODE_123_length_29020_cov_48.579838|provirus_13140_29018"	"PrePostFVT"	"Post"	"PrePostFVTPost"	-2.06366678766263	-0.289783364067339	0.702719545530497	0.0205859348825489	0.374929639828617	0.0407480890501093	0.449002677444558	NA	"abundance"	26	24
"NODE_1801_length_2808_cov_5.873956"	"PrePostFVT"	"Post"	"PrePostFVTPost"	0.651717483220629	-0.289783364067339	0.279230965543453	0.0213050083563498	0.383083048343793	0.0421561133316355	0.455862070250791	NA	"abundance"	26	11
"NODE_839_length_4261_cov_7.643367"	"PrePostFVT"	"Post"	"PrePostFVTPost"	-1.73862556460875	-0.289783364067339	0.574495087598955	0.0212232450138929	0.383083048343793	0.0419960638988661	0.455862070250791	NA	"abundance"	26	23
"NODE_115_length_39977_cov_22.569661"	"PrePostFVT"	"Post"	"PrePostFVTPost"	-1.72112168913147	-0.289783364067339	0.554982571280599	0.0225116373132132	0.397189700845005	0.0445165008119047	0.472580658009306	NA	"abundance"	26	17
"NODE_3059_length_1111_cov_5.649621"	"PrePostFVT"	"During"	"PrePostFVTDuring"	1.50157319868779	-0.0088626670314581	0.515785663520795	0.0224104398246077	0.397189700845005	0.0443186518360831	0.472580658009306	NA	"abundance"	26	10
"NODE_69_length_45823_cov_15.638940"	"PrePostFVT"	"Post"	"PrePostFVTPost"	-1.63351730238981	-0.289783364067339	0.530698643026247	0.0222526070647551	0.397189700845005	0.0440100356083318	0.472580658009306	NA	"abundance"	26	22
"NODE_908_length_7168_cov_5.459440"	"PrePostFVT"	"Post"	"PrePostFVTPost"	1.60513483473674	-0.289783364067339	0.752415323515011	0.0231435748604752	0.403298221179763	0.045751524663628	0.479839785779376	NA	"abundance"	26	21
"NODE_960_length_6782_cov_11.387840"	"PrePostFVT"	"Post"	"PrePostFVTPost"	-1.64475052917602	-0.289783364067339	0.54737569739216	0.0230232077574966	0.403298221179763	0.0455163474195483	0.479839785779376	NA	"abundance"	26	24
"NODE_677_length_8295_cov_62.523301"	"PrePostFVT"	"Post"	"PrePostFVTPost"	-2.45244068137454	0	1.08528255791288	0.0238382920493351	0.410338405215079	0.0471083199308408	0.485299319524223	NA	"prevalence"	26	11
"NODE_824_length_4380_cov_220.553757"	"PrePostFVT"	"Post"	"PrePostFVTPost"	2.45244068137454	0	1.0852824531361	0.023838278500996	0.410338405215079	0.0471082934801009	0.485299319524223	NA	"prevalence"	26	15
"NODE_4125_length_1127_cov_7.027052"	"PrePostFVT"	"Post"	"PrePostFVTPost"	-1.23664808176454	-0.289783364067339	0.255932390739243	0.0244188541790849	0.417784396045798	0.0482414279187504	0.489724153925488	NA	"abundance"	26	11
"NODE_765_length_5395_cov_6.556929"	"PrePostFVT"	"Post"	"PrePostFVTPost"	-1.80951723220083	-0.289783364067339	0.613831605111943	0.0245753678412247	0.417929297685406	0.0485467869779179	0.489724153925488	NA	"abundance"	26	21
"NODE_197_length_23469_cov_64.990988"	"PrePostFVT"	"Post"	"PrePostFVTPost"	3.64643584402787	-0.289783364067339	1.24039353066635	0.0248268745489735	0.418665789097504	0.0490373753980766	0.489724153925488	NA	"abundance"	26	10
"NODE_330_length_31412_cov_3595.604713"	"PrePostFVT"	"Post"	"PrePostFVTPost"	1.95232054928562	-0.289783364067339	0.916368056241162	0.025211896615861	0.418665789097504	0.0497881535007532	0.489724153925488	NA	"abundance"	26	23
"NODE_445_length_13206_cov_42.964718"	"PrePostFVT"	"Post"	"PrePostFVTPost"	1.27375294610986	-0.289783364067339	0.630168185964868	0.0251865414531141	0.418665789097504	0.0497387210358588	0.489724153925488	NA	"abundance"	26	21
"NODE_627_length_6108_cov_41.545845"	"PrePostFVT"	"Post"	"PrePostFVTPost"	1.25518724544259	-0.289783364067339	0.437957566008601	0.0250611149381911	0.418665789097504	0.049494170394437	0.489724153925488	NA	"abundance"	26	9
"NODE_931_length_8430_cov_18.747463"	"PrePostFVT"	"During"	"PrePostFVTDuring"	3.13479038976914	-0.0088626670314581	0.998489011463595	0.0255353421232463	0.421557139262715	0.0504186305491413	0.49313952688795	NA	"abundance"	26	9
"NODE_585_length_6652_cov_6.207367"	"PrePostFVT"	"Post"	"PrePostFVTPost"	1.5957195891182	-0.289783364067339	0.758127117096953	0.0265380067213806	0.433365526266832	0.0523717476420172	0.504535509526523	NA	"abundance"	26	21
"NODE_774_length_4685_cov_4.877538"	"PrePostFVT"	"Post"	"PrePostFVTPost"	-2.09282635666592	-0.289783364067339	0.553900216911821	0.0265576464910244	0.433365526266832	0.0524099843949066	0.504535509526523	NA	"abundance"	26	8
"NODE_402_length_29684_cov_275.000203"	"PrePostFVT"	"Post"	"PrePostFVTPost"	2.19972817472406	-0.289783364067339	1.00632626946415	0.0270312227481488	0.438558286310483	0.0533317584930375	0.504622780089013	NA	"abundance"	26	17
"NODE_101_length_12442_cov_9.785824"	"PrePostFVT"	"Post"	"PrePostFVTPost"	0.575001349205064	-0.289783364067339	0.357411846916432	0.028855685465378	0.464410377361833	0.0568787203470791	0.534178449914924	NA	"abundance"	26	25
"NODE_3433_length_2017_cov_7.702345"	"PrePostFVT"	"Post"	"PrePostFVTPost"	-2.93439400301596	-0.289783364067339	0.869819523477366	0.0289536756697424	0.464410377361833	0.0570690360046961	0.534178449914924	NA	"abundance"	26	8
"NODE_234_length_45717_cov_33.579234"	"PrePostFVT"	"Post"	"PrePostFVTPost"	-1.67961748445745	-0.289783364067339	0.415316225928127	0.0295650867966128	0.471538079247672	0.0582560792359343	0.542373443581613	NA	"abundance"	26	6
"NODE_59_length_24933_cov_8.847938"	"PrePostFVT"	"Post"	"PrePostFVTPost"	-1.09623476259408	-0.289783364067339	0.341072738236932	0.0298309705307148	0.47310578543937	0.0298309705307148	0.402602478247864	NA	"abundance"	26	26
"NODE_1085_length_2628_cov_21.639583"	"PrePostFVT"	"Post"	"PrePostFVTPost"	1.45129111398515	-0.289783364067339	0.733196066098036	0.0302307919362268	0.476768299642281	0.0595476830913622	0.551449554585434	NA	"abundance"	26	24
"NODE_335_length_20808_cov_107.089963"	"PrePostFVT"	"Post"	"PrePostFVTPost"	3.3465534796377	0	1.54941363274932	0.0307816624338362	0.482759072503998	0.00770789546944767	0.178705918231657	NA	"prevalence"	26	13
"NODE_277_length_17415_cov_84.582488"	"PrePostFVT"	"Post"	"PrePostFVTPost"	2.3909383731776	-0.289783364067339	0.948168902135273	0.0318698689154844	0.494333186529738	0.0627240492862786	0.574750367407426	NA	"abundance"	26	10
"NODE_728_length_8488_cov_23.410056"	"PrePostFVT"	"During"	"PrePostFVTDuring"	0.982738187095211	-0.0088626670314581	0.394834375877049	0.0317993019778718	0.494333186529738	0.0625874083494637	0.574750367407426	NA	"abundance"	26	16
"NODE_626_length_2561_cov_6.706704"	"PrePostFVT"	"During"	"PrePostFVTDuring"	1.81920426177675	-0.0088626670314581	0.788976608796696	0.0326661551626078	0.503915606688753	0.0326661551626078	0.406226972415001	NA	"abundance"	26	26
"NODE_1388_length_3793_cov_6.935795"	"PrePostFVT"	"Post"	"PrePostFVTPost"	0.553589723051012	-0.289783364067339	0.309324766276412	0.0335698820925943	0.512258254850777	0.0660128272014779	0.595483586309705	NA	"abundance"	26	13
"NODE_1960_length_3107_cov_46.232962"	"PrePostFVT"	"Post"	"PrePostFVTPost"	3.60588469674119	-0.289783364067339	1.22359422894418	0.0335630542909898	0.512258254850777	0.0659996299686397	0.595483586309705	NA	"abundance"	26	9
"NODE_2559_length_1942_cov_4.955485"	"PrePostFVT"	"During"	"PrePostFVTDuring"	0.81967337641209	-0.0088626670314581	0.287864928279262	0.0339562702942837	0.515368553982596	0.066759512296269	0.599115004679403	NA	"abundance"	26	11
"NODE_888_length_3605_cov_9.453803"	"PrePostFVT"	"Post"	"PrePostFVTPost"	-1.95492022408052	-0.289783364067339	0.717916865293712	0.0343163587052561	0.518048559491647	0.0674551049357243	0.602253013810749	NA	"abundance"	26	20
"NODE_477_length_15190_cov_11.631913"	"PrePostFVT"	"Post"	"PrePostFVTPost"	0.555618184491436	-0.289783364067339	0.351164023852443	0.0351218849022287	0.527101395117932	0.0690102230053719	0.609645322680093	NA	"abundance"	26	16
"NODE_707_length_7557_cov_22.433484"	"PrePostFVT"	"Post"	"PrePostFVTPost"	0.920279565657446	-0.289783364067339	0.52591925448499	0.0352894664106586	0.527101395117932	0.0693335863817682	0.609645322680093	NA	"abundance"	26	21
"NODE_2005_length_1578_cov_7.019698"	"PrePostFVT"	"Post"	"PrePostFVTPost"	-2.04857553882625	-0.289783364067339	0.781561954469661	0.0362550272033468	0.538182231230311	0.0711956274091781	0.622401818999426	NA	"abundance"	26	25
"NODE_408_length_8696_cov_40.826988"	"PrePostFVT"	"Post"	"PrePostFVTPost"	3.12905236996334	-0.289783364067339	0.418108197609731	0.0364126128816824	0.538182231230311	0.0714993473864935	0.622401818999426	NA	"abundance"	26	7
"NODE_729_length_5098_cov_19.285743"	"PrePostFVT"	"Post"	"PrePostFVTPost"	-1.74919768733935	-0.289783364067339	0.653182981961372	0.0371674233026728	0.546477270747111	0.0371674233026728	0.436578714193563	NA	"abundance"	26	26
"NODE_957_length_6801_cov_3.555885"	"PrePostFVT"	"Post"	"PrePostFVTPost"	0.77618041279761	-0.289783364067339	0.457051847440545	0.0376065368468413	0.547233265559964	0.0737988220800698	0.636058164561394	NA	"abundance"	26	17
"NODE_1322_length_2837_cov_304.177211"	"PrePostFVT"	"Post"	"PrePostFVTPost"	3.15459867092751	0	1.51626376641252	0.037478976235405	0.547233265559964	0.0735532788111559	0.636058164561394	NA	"prevalence"	26	17
"NODE_691_length_9321_cov_5.969566"	"PrePostFVT"	"Post"	"PrePostFVTPost"	0.739067083827172	-0.289783364067339	0.445883211421992	0.0382448380123678	0.553667577994433	0.0750270083901434	0.643458234518422	NA	"abundance"	26	22
"NODE_1006_length_5270_cov_5.930201"	"PrePostFVT"	"Post"	"PrePostFVTPost"	0.917617489221581	-0.289783364067339	0.538454917786427	0.0389582528010089	0.561118100292082	0.0763987601407105	0.652010987279299	NA	"abundance"	26	23
"NODE_1535_length_2614_cov_6.153576"	"PrePostFVT"	"Post"	"PrePostFVTPost"	1.66641421171264	-0.289783364067339	0.873890642798998	0.042530462551274	0.572018190690847	0.0832520848577226	0.668263229222505	NA	"abundance"	26	19
"NODE_198_length_8163_cov_9.324741"	"PrePostFVT"	"During"	"PrePostFVTDuring"	1.45333610009659	-0.0088626670314581	0.67479643562469	0.0421540268565633	0.572018190690847	0.0421540268565633	0.455862070250791	NA	"abundance"	26	26
"NODE_208_length_51348_cov_41.610220"	"PrePostFVT"	"Post"	"PrePostFVTPost"	-1.31559805237557	-0.289783364067339	0.208845079478675	0.0421387419564147	0.572018190690847	0.08250181033916	0.668263229222505	NA	"abundance"	26	5
"NODE_269_length_14525_cov_15.519903"	"PrePostFVT"	"Post"	"PrePostFVTPost"	1.77487770567819	-0.289783364067339	0.912580845807208	0.04083169532602	0.572018190690847	0.0799961633088431	0.668263229222505	NA	"abundance"	26	19
"NODE_3059_length_1111_cov_5.649621"	"PrePostFVT"	"Post"	"PrePostFVTPost"	0.893561968937942	-0.289783364067339	0.472725369091413	0.0420276276848867	0.572018190690847	0.0822889338809539	0.668263229222505	NA	"abundance"	26	10
"NODE_336_length_3001_cov_13.074338"	"PrePostFVT"	"Post"	"PrePostFVTPost"	1.34904056046336	-0.289783364067339	0.723452526073552	0.0403927388874543	0.572018190690847	0.0791539044200785	0.66573404635438	NA	"abundance"	26	18
"NODE_4240_length_1184_cov_4.600531"	"PrePostFVT"	"Post"	"PrePostFVTPost"	-1.87228737216427	-0.289783364067339	0.52652770979561	0.0401489592003771	0.572018190690847	0.0786859794758807	0.66573404635438	NA	"abundance"	26	10
"NODE_459_length_10008_cov_349.284035"	"PrePostFVT"	"Post"	"PrePostFVTPost"	1.83792367521229	-0.289783364067339	0.9476307831431	0.0422286898402657	0.572018190690847	0.082674117434906	0.668263229222505	NA	"abundance"	26	21
"NODE_491_length_7982_cov_27.348808"	"PrePostFVT"	"During"	"PrePostFVTDuring"	-2.67424675091783	-0.0088626670314581	0.168697951004592	0.0411818625176335	0.572018190690847	0.0806677792348457	0.668263229222505	NA	"abundance"	26	8
"NODE_681_length_4804_cov_9.113708"	"PrePostFVT"	"Post"	"PrePostFVTPost"	1.07996194615756	-0.289783364067339	0.620943865780987	0.0425518314010194	0.572018190690847	0.0832930044464581	0.668263229222505	NA	"abundance"	26	24
"NODE_755_length_4875_cov_7.749585"	"PrePostFVT"	"Post"	"PrePostFVTPost"	0.90595496685192	-0.289783364067339	0.525641027004402	0.0403756227298815	0.572018190690847	0.0791210545489372	0.66573404635438	NA	"abundance"	26	19
"NODE_172_length_22899_cov_500.400893"	"PrePostFVT"	"Post"	"PrePostFVTPost"	-2.69557881329755	0	1.32654769709751	0.0421510694784555	0.572018190690847	0.0825254262987335	0.668263229222505	NA	"prevalence"	26	14
"NODE_266_length_18584_cov_177.325760"	"PrePostFVT"	"Post"	"PrePostFVTPost"	-2.69557881329755	0	1.32654769709751	0.0421510694784555	0.572018190690847	0.0825254262987335	0.668263229222505	NA	"prevalence"	26	14
"NODE_87_length_21677_cov_16.894321"	"PrePostFVT"	"Post"	"PrePostFVTPost"	-2.69557881329755	0	1.32654769709751	0.0421510694784555	0.572018190690847	0.0825254262987335	0.668263229222505	NA	"prevalence"	26	14
"NODE_2141_length_3217_cov_14.745098"	"PrePostFVT"	"Post"	"PrePostFVTPost"	1.21768368300757	-0.289783364067339	0.68177533112691	0.0429788870242244	0.575020843930736	0.0841105893186077	0.671727229374752	NA	"abundance"	26	23
"NODE_1206_length_2948_cov_736.924300"	"PrePostFVT"	"Post"	"PrePostFVTPost"	2.61939550815881	-0.289783364067339	1.14186137941575	0.0438227385633848	0.583545240398279	0.0857250447115748	0.68135815897997	NA	"abundance"	26	11
"NODE_987_length_3306_cov_8.760689"	"PrePostFVT"	"Post"	"PrePostFVTPost"	1.70063030540005	-0.289783364067339	0.84962131667476	0.0442319905267705	0.586229620925227	0.0865075120675808	0.681491305473566	NA	"abundance"	26	13
"NODE_504_length_8678_cov_23.069813"	"PrePostFVT"	"Post"	"PrePostFVTPost"	-1.37836384323463	-0.289783364067339	0.508709607555095	0.0454940324462105	0.600138568203983	0.0889183579042042	0.697328203203691	NA	"abundance"	26	25
"NODE_1839_length_1328_cov_4.930086"	"PrePostFVT"	"Post"	"PrePostFVTPost"	0.92139691178248	-0.289783364067339	0.389586394547503	0.0458528220255643	0.601568413832488	0.0896031627634205	0.699031667135599	NA	"abundance"	26	9
"NODE_998_length_3199_cov_3.878181"	"PrePostFVT"	"Post"	"PrePostFVTPost"	0.52553643662342	-0.289783364067339	0.361686665011908	0.0460286140233147	0.601568413832488	0.0899385947377221	0.699031667135599	NA	"abundance"	26	16
"NODE_1535_length_2614_cov_6.153576"	"PrePostFVT"	"Post"	"PrePostFVTPost"	2.12031773833211	0	1.06458856077796	0.0464063864039553	0.60371073188187	0.0832520848577226	0.668263229222505	NA	"prevalence"	26	19
"NODE_1000_length_3623_cov_9.385090"	"PrePostFVT"	"During"	"PrePostFVTDuring"	1.22146687701376	-0.0088626670314581	0.582149496885534	0.0470591734920245	0.609394709944885	0.0470591734920245	0.485299319524223	NA	"abundance"	26	26
"NODE_844_length_5836_cov_27.449922"	"PrePostFVT"	"Post"	"PrePostFVTPost"	-1.36352054508077	-0.289783364067339	0.487320143176458	0.0477960019784458	0.61611010769476	0.093307546151768	0.715439633840963	NA	"abundance"	26	20
"NODE_779_length_7907_cov_95.992486"	"PrePostFVT"	"Post"	"PrePostFVTPost"	-1.16586935263826	-0.289783364067339	0.413604618892697	0.0483445003370691	0.620347838416118	0.0483445003370691	0.489724153925488	NA	"abundance"	26	26
"NODE_1760_length_3405_cov_3.861493"	"PrePostFVT"	"Post"	"PrePostFVTPost"	-1.41793060481646	-0.289783364067339	0.412806048839093	0.0486840992726629	0.621878788446731	0.0949980570233354	0.715439633840963	NA	"abundance"	26	10
"NODE_199_length_38411_cov_18.010611"	"PrePostFVT"	"Post"	"PrePostFVTPost"	3.93587422125039	0	1.99957127801909	0.0490267400828022	0.623434627269147	0.0490267400828022	0.489724153925488	NA	"prevalence"	26	8
"NODE_1168_length_2630_cov_10.932427"	"PrePostFVT"	"Post"	"PrePostFVTPost"	1.37720680381284	-0.289783364067339	0.687293872353237	0.0496046343810191	0.627954631648507	0.0967486490099637	0.715439633840963	NA	"abundance"	26	14
"NODE_871_length_5587_cov_53.783442"	"PrePostFVT"	"Post"	"PrePostFVTPost"	1.23841677031234	-0.289783364067339	0.716715107189241	0.0498535536185834	0.628288311898487	0.0972217304287659	0.715439633840963	NA	"abundance"	26	22
"NODE_1338_length_4214_cov_5.262804"	"PrePostFVT"	"Post"	"PrePostFVTPost"	-0.703992636569488	-0.289783364067339	0.0762074071002518	0.0506985693124048	0.636098049639639	0.0988267936944848	0.719905639423005	NA	"abundance"	26	5
"NODE_432_length_17999_cov_36.791239"	"PrePostFVT"	"Post"	"PrePostFVTPost"	0.653663653221065	-0.289783364067339	0.43887925529766	0.0511022907473415	0.638326401680288	0.0995931373750572	0.722465217374894	NA	"abundance"	26	19
"NODE_1026_length_5707_cov_4.867127"	"PrePostFVT"	"During"	"PrePostFVTDuring"	-1.05197463813615	-0.0088626670314581	0.322904486286358	0.0514870568019678	0.640299389215662	0.100323196585807	0.724741432597051	NA	"abundance"	26	6
"NODE_689_length_5803_cov_139.537056"	"PrePostFVT"	"Post"	"PrePostFVTPost"	1.78929190014696	-0.289783364067339	0.945367037938089	0.0527246157362675	0.645307851811749	0.102669346367998	0.738625338953242	NA	"abundance"	26	14
"NODE_1213_length_5747_cov_6.697470"	"PrePostFVT"	"During"	"PrePostFVTDuring"	3.04418169807354	0	1.57350167756218	0.053032738795723	0.645307851811749	0.053032738795723	0.504535509526523	NA	"prevalence"	26	5
"NODE_1422_length_2645_cov_4.424324"	"PrePostFVT"	"During"	"PrePostFVTDuring"	3.04453000459451	0	1.5735933742324	0.0530194035961605	0.645307851811749	0.103227750034628	0.739586472470321	NA	"prevalence"	26	8
"NODE_453_length_15514_cov_7.051297"	"PrePostFVT"	"During"	"PrePostFVTDuring"	3.04418169807354	0	1.57350167756218	0.053032738795723	0.645307851811749	0.053032738795723	0.504535509526523	NA	"prevalence"	26	5
"NODE_818_length_6157_cov_23.997542"	"PrePostFVT"	"During"	"PrePostFVTDuring"	3.04418169807354	0	1.57350167756218	0.053032738795723	0.645307851811749	0.053032738795723	0.504535509526523	NA	"prevalence"	26	6
"NODE_8_length_113388_cov_131.683737"	"PrePostFVT"	"Post"	"PrePostFVTPost"	6.33609631317347	0	3.28527967737081	0.0537765333016269	0.651550015066492	0.104661151069313	0.74678304922817	NA	"prevalence"	26	16
"NODE_1717_length_3480_cov_3.320000"	"PrePostFVT"	"During"	"PrePostFVTDuring"	-0.954508761732433	-0.0088626670314581	0.349729697825533	0.0541908039334533	0.653763416684354	0.105444964635953	0.749304830331403	NA	"abundance"	26	10
"NODE_177_length_43590_cov_15.368715"	"PrePostFVT"	"During"	"PrePostFVTDuring"	-0.84773821285549	-0.0088626670314581	0.395078077081318	0.0547535236771286	0.657741265278868	0.106509098999195	0.753437363014452	NA	"abundance"	26	16
"NODE_325_length_3511_cov_3.129340"	"PrePostFVT"	"Post"	"PrePostFVTPost"	0.754601547852166	-0.289783364067339	0.508690717438304	0.0553615080006296	0.662226852058378	0.107658119433155	0.755777362633562	NA	"abundance"	26	23
"NODE_1046_length_5621_cov_125.866870"	"PrePostFVT"	"Post"	"PrePostFVTPost"	2.16847702446358	0	1.14698284332328	0.0586787781231299	0.696009204376452	0.00792599522567076	0.178705918231657	NA	"prevalence"	26	14
"NODE_116_length_38613_cov_286.577597"	"PrePostFVT"	"Post"	"PrePostFVTPost"	2.16847702446358	0	1.14698284332328	0.0586787781231299	0.696009204376452	0.018261488068705	0.305704333919379	NA	"prevalence"	26	16
"NODE_1799_length_3032_cov_23.869667"	"PrePostFVT"	"During"	"PrePostFVTDuring"	4.0097338003217	-0.0088626670314581	1.3600248119559	0.0598807474460248	0.698526239835239	0.116175790977355	0.783961442215407	NA	"abundance"	26	6
"NODE_344_length_20349_cov_6.230117"	"PrePostFVT"	"During"	"PrePostFVTDuring"	-1.02425639021824	-0.0088626670314581	0.340651166055913	0.0595065350002724	0.698526239835239	0.115472042292806	0.783961442215407	NA	"abundance"	26	6
"NODE_98_length_33801_cov_18.976797"	"PrePostFVT"	"Post"	"PrePostFVTPost"	1.14260142300973	-0.289783364067339	0.705028045275507	0.0598309779218806	0.698526239835239	0.116082209924673	0.783961442215407	NA	"abundance"	26	22
"NODE_99_length_21899_cov_271.349387"	"PrePostFVT"	"Post"	"PrePostFVTPost"	-2.25410470905168	-0.289783364067339	0.373145598222667	0.0594132924804875	0.698526239835239	0.115296645637603	0.783961442215407	NA	"abundance"	26	9
"NODE_440_length_10261_cov_1450.787576"	"PrePostFVT"	"During"	"PrePostFVTDuring"	3.43301414577896	-0.0088626670314581	1.66006363012524	0.0605720671311391	0.703682903338295	0.117475158945739	0.789668925577342	NA	"abundance"	26	17
"NODE_153_length_65213_cov_33.549280"	"PrePostFVT"	"Post"	"PrePostFVTPost"	2.282364256671	0	1.21885514434653	0.0611308851043	0.704377504691587	0.118524785094965	0.790619351916988	NA	"prevalence"	26	9
"NODE_317_length_13362_cov_13.186669"	"PrePostFVT"	"Post"	"PrePostFVTPost"	-2.28292016077917	0	1.21911284530357	0.061122570524343	0.704377504691587	0.118509172421183	0.790619351916988	NA	"prevalence"	26	17
"NODE_1347_length_3069_cov_34.260451"	"PrePostFVT"	"Post"	"PrePostFVTPost"	1.96562476426161	-0.289783364067339	0.254913722785143	0.0616918164364518	0.707951210569526	0.119577752657675	0.791995456815558	NA	"abundance"	26	9
"NODE_2778_length_1596_cov_3.332901"	"PrePostFVT"	"Post"	"PrePostFVTPost"	-1.63162397985777	-0.289783364067339	0.66362530184767	0.0635982821206238	0.726874293224781	0.123151822752553	0.806042569218778	NA	"abundance"	26	18
"NODE_109_length_17329_cov_21.961503"	"PrePostFVT"	"During"	"PrePostFVTDuring"	1.2904533740555	-0.0088626670314581	0.658917479509108	0.0644714523586616	0.732530618169858	0.0644714523586616	0.587669102389685	NA	"abundance"	26	26
"NODE_1185_length_3872_cov_14.769190"	"PrePostFVT"	"Post"	"PrePostFVTPost"	-1.58260425942058	-0.289783364067339	0.661016071491309	0.0648716452506073	0.732530618169858	0.125534960143694	0.80912513056522	NA	"abundance"	26	25
"NODE_216_length_49094_cov_18.408858"	"PrePostFVT"	"Post"	"PrePostFVTPost"	-2.5349228548083	-0.289783364067339	0.223080594496773	0.0647533545555962	0.732530618169858	0.12531371218499	0.80912513056522	NA	"abundance"	26	6
"NODE_1260_length_2744_cov_11.166977"	"PrePostFVT"	"Post"	"PrePostFVTPost"	0.393684977173057	-0.289783364067339	0.350750269236821	0.0679100876695823	0.751079541867662	0.0679100876695823	0.603221748126238	NA	"abundance"	26	26
"NODE_216_length_49094_cov_18.408858"	"PrePostFVT"	"During"	"PrePostFVTDuring"	-2.75655172466454	-0.0088626670314581	0.295106691305881	0.068218810471066	0.751079541867662	0.131783814840045	0.80912513056522	NA	"abundance"	26	6
"NODE_2224_length_2870_cov_6.035524"	"PrePostFVT"	"Post"	"PrePostFVTPost"	0.832575230237378	-0.289783364067339	0.336578930978351	0.0676810238832417	0.751079541867662	0.1307813267726	0.80912513056522	NA	"abundance"	26	8
"NODE_277_length_17415_cov_84.582488"	"PrePostFVT"	"During"	"PrePostFVTDuring"	3.41863022341369	-0.0088626670314581	1.44246187656298	0.0675988075636921	0.751079541867662	0.130628016343351	0.80912513056522	NA	"abundance"	26	10
"NODE_583_length_6725_cov_4.753823"	"PrePostFVT"	"Post"	"PrePostFVTPost"	-1.26978606404697	-0.289783364067339	0.446695527941377	0.068376706432869	0.751079541867662	0.132078038883131	0.80912513056522	NA	"abundance"	26	14
"NODE_6390_length_1229_cov_3.322828"	"PrePostFVT"	"During"	"PrePostFVTDuring"	-1.14432164159166	-0.0088626670314581	0.534182939246288	0.0675911277533769	0.751079541867662	0.13061369495578	0.80912513056522	NA	"abundance"	26	12
"NODE_766_length_5543_cov_5.652332"	"PrePostFVT"	"Post"	"PrePostFVTPost"	0.796212935467469	-0.289783364067339	0.552230046558309	0.0669062180606557	0.751079541867662	0.129335994106131	0.80912513056522	NA	"abundance"	26	22
"NODE_634_length_3858_cov_41.866421"	"PrePostFVT"	"Post"	"PrePostFVTPost"	2.18342034255622	-0.289783364067339	1.15142100513909	0.0690430549603078	0.755459473461043	0.133319166482364	0.80912513056522	NA	"abundance"	26	10
"NODE_181_length_44721_cov_43.504254"	"PrePostFVT"	"Post"	"PrePostFVTPost"	-1.95120242413683	-0.289783364067339	0.77396090195808	0.069572146490611	0.758309534915038	0.134304009413911	0.80912513056522	NA	"abundance"	26	9
"NODE_69_length_49389_cov_8.333381|provirus_254_34971"	"PrePostFVT"	"During"	"PrePostFVTDuring"	-1.35839564740163	-0.0088626670314581	0.637456507947824	0.071299591690398	0.774149028238436	0.137515551605578	0.822730499468427	NA	"abundance"	26	14
"NODE_107_length_22047_cov_25.693889"	"PrePostFVT"	"Post"	"PrePostFVTPost"	1.47049283299595	-0.289783364067339	0.892392707778514	0.0724128779618968	0.780234940787918	0.139582131029069	0.826573095651732	NA	"abundance"	26	17
"NODE_1347_length_3069_cov_34.260451"	"PrePostFVT"	"During"	"PrePostFVTDuring"	1.96939439639728	-0.0088626670314581	0.255858199169621	0.0722005664743761	0.780234940787918	0.139188211149531	0.826573095651732	NA	"abundance"	26	9
"NODE_1450_length_3588_cov_6.542881"	"PrePostFVT"	"During"	"PrePostFVTDuring"	-0.661686310833557	-0.0088626670314581	0.267713165550496	0.0732208430177266	0.783701636045344	0.141080394183227	0.830552803695717	NA	"abundance"	26	7
"NODE_708_length_8728_cov_26.528422"	"PrePostFVT"	"Post"	"PrePostFVTPost"	0.492061004510346	-0.289783364067339	0.402004349933779	0.0732898448161427	0.783701636045344	0.141208288279111	0.830552803695717	NA	"abundance"	26	23
"NODE_424_length_13454_cov_10.768266"	"PrePostFVT"	"Post"	"PrePostFVTPost"	2.05950732677844	0	1.153603091048	0.0742155177088524	0.790605307517322	0.142923092348912	0.837808430233857	NA	"prevalence"	26	21
"NODE_515_length_15976_cov_64.566108|provirus_96_3676"	"PrePostFVT"	"Post"	"PrePostFVTPost"	-1.88861899079646	-0.289783364067339	0.594449326672225	0.0751896707063233	0.79797158046598	0.144725854831721	0.842701382147246	NA	"abundance"	26	7
"NODE_1686_length_3018_cov_10.032400"	"PrePostFVT"	"Post"	"PrePostFVTPost"	1.04259559749855	-0.289783364067339	0.707711898710109	0.0767169939603532	0.811131363108903	0.147548490758393	0.85627307470121	NA	"abundance"	26	23
"NODE_87_length_21677_cov_16.894321"	"PrePostFVT"	"Post"	"PrePostFVTPost"	-2.73936906624241	-0.289783364067339	1.26569813718248	0.079326313315449	0.835590233169823	0.0825254262987335	0.668263229222505	NA	"abundance"	26	14
"NODE_38_length_1261_cov_5.764511"	"PrePostFVT"	"Post"	"PrePostFVTPost"	1.2362274887169	-0.289783364067339	0.823644526633392	0.0821138880270648	0.8617379401502	0.157485085447208	0.901912940011807	NA	"abundance"	26	23
"NODE_915_length_3149_cov_9.552683"	"PrePostFVT"	"Post"	"PrePostFVTPost"	-1.33034861715346	-0.289783364067339	0.572350381491538	0.0855662268089484	0.894642438080227	0.163810874447576	0.925956923419579	NA	"abundance"	26	24
"NODE_1057_length_3172_cov_99.676612"	"PrePostFVT"	"Post"	"PrePostFVTPost"	3.85283779515058	0	2.24479454369882	0.0860992504167682	0.896893667625597	0.0860992504167682	0.68135815897997	NA	"prevalence"	26	8
"NODE_1050_length_3310_cov_18.847312"	"PrePostFVT"	"During"	"PrePostFVTDuring"	-0.920516445207156	-0.0088626670314581	0.492606197696087	0.0864835929996253	0.89758523175714	0.165487774141126	0.932408462070226	NA	"abundance"	26	18
"NODE_193_length_39712_cov_6.226190"	"PrePostFVT"	"During"	"PrePostFVTDuring"	-1.58488050173567	-0.0088626670314581	0.864739653137539	0.0874323044155111	0.902850217176477	0.167220200975616	0.933001624112053	NA	"abundance"	26	20
"NODE_1450_length_4643_cov_4813.538361"	"PrePostFVT"	"Post"	"PrePostFVTPost"	1.82448304714375	0	1.06817888212723	0.08763052054777	0.902850217176477	0.167581932964067	0.933001624112053	NA	"prevalence"	26	13
"NODE_506_length_14593_cov_7.901087"	"PrePostFVT"	"During"	"PrePostFVTDuring"	-0.661686310833539	-0.0088626670314581	0.28959222554912	0.0888390043183542	0.911972760693505	0.169785639948432	0.933001624112053	NA	"abundance"	26	7
"NODE_714_length_7001_cov_23.326663"	"PrePostFVT"	"During"	"PrePostFVTDuring"	1.48433904239957	-0.0088626670314581	0.831664330082883	0.0906511995383922	0.927204117017685	0.173084759099035	0.933001624112053	NA	"abundance"	26	24
"NODE_1420_length_4785_cov_12.858774"	"PrePostFVT"	"During"	"PrePostFVTDuring"	-3.09842967632267	-0.0088626670314581	0.514952277136075	0.0926633578599051	0.944363390752752	0.176740217829938	0.933001624112053	NA	"abundance"	26	7
"NODE_42_length_31081_cov_10.095017|provirus_3_24148"	"PrePostFVT"	"Post"	"PrePostFVTPost"	0.337671492281788	-0.289783364067339	0.35273152466523	0.0942243436980747	0.948787753902274	0.0942243436980747	0.715439633840963	NA	"abundance"	26	26
"NODE_706_length_9001_cov_11.109882"	"PrePostFVT"	"During"	"PrePostFVTDuring"	-1.14659007616679	-0.0088626670314581	0.541657769774185	0.0975778290380514	0.948787753902274	0.185634225356324	0.933909722867636	NA	"abundance"	26	10
"NODE_73_length_18156_cov_15.957737"	"PrePostFVT"	"Post"	"PrePostFVTPost"	1.02843095174099	-0.289783364067339	0.735764427090857	0.0935904083936305	0.948787753902274	0.178421652243975	0.933001624112053	NA	"abundance"	26	23
"NODE_990_length_2631_cov_10.267857"	"PrePostFVT"	"Post"	"PrePostFVTPost"	0.346844287207216	-0.289783364067339	0.358889611347002	0.0944437824442223	0.948787753902274	0.0944437824442223	0.715439633840963	NA	"abundance"	26	26
"NODE_990_length_4014_cov_42.693609"	"PrePostFVT"	"Post"	"PrePostFVTPost"	-1.89826176229953	-0.289783364067339	0.81590410569278	0.096866314152752	0.948787753902274	0.184349545487964	0.933001624112053	NA	"abundance"	26	8
"NODE_114_length_41139_cov_24.287119"	"PrePostFVT"	"Post"	"PrePostFVTPost"	3.29583677675948	0	1.99071633499795	0.0978021567108788	0.948787753902274	0.0978021567108788	0.715439633840963	NA	"prevalence"	26	6
"NODE_1471_length_2976_cov_2.679904"	"PrePostFVT"	"Post"	"PrePostFVTPost"	3.29583677675948	0	1.99071985750527	0.0978027503652523	0.948787753902274	0.0978027503652523	0.715439633840963	NA	"prevalence"	26	6
"NODE_1583_length_3357_cov_15.397032"	"PrePostFVT"	"Post"	"PrePostFVTPost"	3.29583677675948	0	1.9907174907937	0.0978023514990892	0.948787753902274	0.0978023514990892	0.715439633840963	NA	"prevalence"	26	6
"NODE_223_length_48370_cov_26.409769"	"PrePostFVT"	"Post"	"PrePostFVTPost"	3.29583677675948	0	1.99071985750527	0.0978027503652523	0.948787753902274	0.0978027503652523	0.715439633840963	NA	"prevalence"	26	6
"NODE_305_length_23555_cov_87.354170"	"PrePostFVT"	"Post"	"PrePostFVTPost"	3.29583677675948	0	1.9907174907937	0.0978023514990892	0.948787753902274	0.0978023514990892	0.715439633840963	NA	"prevalence"	26	6
"NODE_31_length_41541_cov_15.540929"	"PrePostFVT"	"Post"	"PrePostFVTPost"	3.29583677675948	0	1.99071633499795	0.0978021567108788	0.948787753902274	0.0978021567108788	0.715439633840963	NA	"prevalence"	26	8
"NODE_393_length_11869_cov_11.596242"	"PrePostFVT"	"Post"	"PrePostFVTPost"	3.29583677675948	0	1.99071633499795	0.0978021567108788	0.948787753902274	0.0978021567108788	0.715439633840963	NA	"prevalence"	26	6
"NODE_7013_length_1142_cov_2.417663"	"PrePostFVT"	"Post"	"PrePostFVTPost"	-3.29583677675948	0	1.99071805236436	0.0978024461415727	0.948787753902274	0.18603957381187	0.933909722867636	NA	"prevalence"	26	18
"NODE_959_length_2720_cov_600.235647"	"PrePostFVT"	"Post"	"PrePostFVTPost"	3.29583677675948	0	1.99072000905989	0.0978027759070357	0.948787753902274	0.0978027759070357	0.715439633840963	NA	"prevalence"	26	8
"NODE_1218_length_3762_cov_7.912868"	"PrePostFVT"	"Post"	"PrePostFVTPost"	0.476046321819501	-0.289783364067339	0.433800708727438	0.0984628598953105	0.951920046179663	0.187230785011858	0.936691944556448	NA	"abundance"	26	22
"NODE_1256_length_5020_cov_5.298892"	"PrePostFVT"	"During"	"PrePostFVTDuring"	-0.924197662096855	-0.0088626670314581	0.394708085473978	0.100210477574258	0.956958370512598	0.190378815332855	0.94344113184402	NA	"abundance"	26	7
"NODE_1744_length_3031_cov_72.943884"	"PrePostFVT"	"During"	"PrePostFVTDuring"	3.2360288778415	-0.0088626670314581	0.810419360620832	0.101017922214932	0.956958370512598	0.191831223821242	0.94344113184402	NA	"abundance"	26	7
"NODE_530_length_12000_cov_40.575303"	"PrePostFVT"	"Post"	"PrePostFVTPost"	0.665769286647522	-0.289783364067339	0.536938672606268	0.100167378159627	0.956958370512598	0.190301252671881	0.94344113184402	NA	"abundance"	26	18
"NODE_848_length_2982_cov_33.972327"	"PrePostFVT"	"Post"	"PrePostFVTPost"	0.504793033137301	-0.289783364067339	0.453970945370121	0.0994195183606897	0.956958370512598	0.188954796090308	0.942608309436178	NA	"abundance"	26	23
"NODE_2985_length_1477_cov_5.940225"	"PrePostFVT"	"Post"	"PrePostFVTPost"	1.64555922079059	0	1.00302070844605	0.100879761256008	0.956958370512598	0.191582796280946	0.94344113184402	NA	"prevalence"	26	12
"NODE_377_length_6517_cov_6.469205"	"PrePostFVT"	"Post"	"PrePostFVTPost"	1.64555921328005	0	1.00302069448243	0.100879758067174	0.956958370512598	0.191582790546656	0.94344113184402	NA	"prevalence"	26	12
"NODE_89_length_11981_cov_11.675918"	"PrePostFVT"	"During"	"PrePostFVTDuring"	1.53366471521612	-0.0088626670314581	0.891985502220393	0.101571694592483	0.958986267005286	0.192826580042578	0.945665002405994	NA	"abundance"	26	25
"NODE_269_length_14525_cov_15.519903"	"PrePostFVT"	"During"	"PrePostFVTDuring"	1.8699485625532	-0.0088626670314581	1.07576368574179	0.10352461124483	0.971616130587246	0.196331877356267	0.96015111931815	NA	"abundance"	26	19
"NODE_4125_length_1127_cov_7.027052"	"PrePostFVT"	"Post"	"PrePostFVTPost"	-1.60947334940607	0	0.988828662517623	0.103597752499738	0.971616130587246	0.0482414279187504	0.489724153925488	NA	"prevalence"	26	11
"NODE_1352_length_2592_cov_8.143871"	"PrePostFVT"	"During"	"PrePostFVTDuring"	1.31789368496191	-0.0088626670314581	0.773940500466216	0.105004409370623	0.973260266289533	0.198982892753972	0.963376763398887	NA	"abundance"	26	25
"NODE_2064_length_2932_cov_9.610706"	"PrePostFVT"	"Post"	"PrePostFVTPost"	-2.38409398354513	-0.289783364067339	0.907884947568643	0.104745055015989	0.973260266289533	0.198518583481676	0.963376763398887	NA	"abundance"	26	7
"NODE_313_length_7970_cov_11.130259"	"PrePostFVT"	"Post"	"PrePostFVTPost"	0.577788944545871	-0.289783364067339	0.497943937852133	0.105152101033761	0.973260266289533	0.199247237715708	0.963376763398887	NA	"abundance"	26	22
"NODE_599_length_6553_cov_10.773161"	"PrePostFVT"	"During"	"PrePostFVTDuring"	1.43820567485054	-0.0088626670314581	0.846075049320065	0.105061528633343	0.973260266289533	0.199085132467911	0.963376763398887	NA	"abundance"	26	25
"NODE_264_length_3553_cov_349.182962"	"PrePostFVT"	"Post"	"PrePostFVTPost"	-1.79398343263755	-0.289783364067339	0.717410190410714	0.106818945021575	0.982919243910666	0.202227603027627	0.972591869809665	NA	"abundance"	26	11
"NODE_74_length_38703_cov_8.351144|provirus_2_22265"	"PrePostFVT"	"Post"	"PrePostFVTPost"	-0.89782367546917	-0.289783364067339	0.356754137057272	0.106892032547139	0.982919243910666	0.106892032547139	0.753437363014452	NA	"abundance"	26	26
"NODE_1072_length_4764_cov_12.172648"	"PrePostFVT"	"Post"	"PrePostFVTPost"	-1.08913563171512	-0.289783364067339	0.472736517704146	0.108636271183495	0.985334545058707	0.205470702950337	0.98006710640147	NA	"abundance"	26	24
"NODE_358_length_13097_cov_6.583346"	"PrePostFVT"	"During"	"PrePostFVTDuring"	-1.25179183305101	-0.0088626670314581	0.66413231454124	0.107604300814127	0.985334545058707	0.203629916074556	0.973955175510446	NA	"abundance"	26	11
"NODE_945_length_3174_cov_9.948702"	"PrePostFVT"	"Post"	"PrePostFVTPost"	0.301874655305138	-0.289783364067339	0.347917669093661	0.108488896704963	0.985334545058707	0.108488896704963	0.757735030254062	NA	"abundance"	26	26
"NODE_947_length_4689_cov_9.039491"	"PrePostFVT"	"Post"	"PrePostFVTPost"	0.409765826359367	-0.289783364067339	0.413724465666775	0.108807442598228	0.985334545058707	0.108807442598228	0.757735030254062	NA	"abundance"	26	26
"NODE_124_length_39539_cov_31.076005"	"PrePostFVT"	"Post"	"PrePostFVTPost"	1.94591315835603	0	1.21498901430022	0.109246503383018	0.985334545058707	0.0122383113718025	0.234141759322069	NA	"prevalence"	26	7
"NODE_638_length_12684_cov_14.580806"	"PrePostFVT"	"Post"	"PrePostFVTPost"	1.94587636002509	0	1.21497433685281	0.109248924053622	0.985334545058707	0.20656252070037	0.982582919506405	NA	"prevalence"	26	8
"NODE_331_length_7917_cov_41.518189"	"PrePostFVT"	"Post"	"PrePostFVTPost"	0.367633417978581	-0.289783364067339	0.386018189702264	0.109828097362867	0.987403563233672	0.109828097362867	0.761795687285861	NA	"abundance"	26	26
"NODE_28_length_164425_cov_74.042416|provirus_29_45282"	"PrePostFVT"	"Post"	"PrePostFVTPost"	0.378198846990258	-0.289783364067339	0.397082237667998	0.110809314930482	0.993062527138892	0.110809314930482	0.76555165592845	NA	"abundance"	26	26
"NODE_1004_length_2342_cov_3.848273"	"PrePostFVT"	"During"	"PrePostFVTDuring"	-0.113258447836067	-0.0088626670314581	0.846786133119569	0.904895085663118	1	0.63369544206913	1	NA	"abundance"	26	12
"NODE_1004_length_2342_cov_3.848273"	"PrePostFVT"	"Post"	"PrePostFVTPost"	0.0407767926883252	-0.289783364067339	0.678939340715267	0.641122175603688	1	0.282921569582248	1	NA	"abundance"	26	12
"NODE_1006_length_5270_cov_5.930201"	"PrePostFVT"	"During"	"PrePostFVTDuring"	0.120907197846002	-0.0088626670314581	0.684843335817447	0.851724720823009	1	0.978014441584985	1	NA	"abundance"	26	23
"NODE_101_length_12442_cov_9.785824"	"PrePostFVT"	"During"	"PrePostFVTDuring"	0.394434387345578	-0.0088626670314581	0.470828074473345	0.405191972264667	1	0.646203410141603	1	NA	"abundance"	26	25
"NODE_1010_length_4287_cov_71.227316"	"PrePostFVT"	"During"	"PrePostFVTDuring"	1.94116914406527	-0.0088626670314581	1.71368950083015	0.287921703305303	1	0.492944499376379	1	NA	"abundance"	26	11
"NODE_1010_length_4287_cov_71.227316"	"PrePostFVT"	"Post"	"PrePostFVTPost"	0.558705557465764	-0.289783364067339	1.01718135694716	0.433744191973838	1	0.597298138574434	1	NA	"abundance"	26	11
"NODE_1013_length_3589_cov_5.858800"	"PrePostFVT"	"During"	"PrePostFVTDuring"	0.268972831739237	-0.0088626670314581	0.705018369115115	0.69853766075794	1	0.909120458018705	1	NA	"abundance"	26	19
"NODE_1013_length_3589_cov_5.858800"	"PrePostFVT"	"Post"	"PrePostFVTPost"	-0.439147485430462	-0.289783364067339	0.525489666242479	0.780954108181701	1	0.952018897277526	1	NA	"abundance"	26	19
"NODE_1013_length_5104_cov_6.459893"	"PrePostFVT"	"During"	"PrePostFVTDuring"	0.487430271100146	-0.0088626670314581	0.600634358285856	0.473139027614295	1	0.722417515776789	1	NA	"abundance"	26	6
"NODE_1013_length_5104_cov_6.459893"	"PrePostFVT"	"Post"	"PrePostFVTPost"	-0.241006496740262	-0.289783364067339	0.543557811292412	0.93599150071714	1	0.522824464415808	1	NA	"abundance"	26	6
"NODE_1017_length_4404_cov_8.700851"	"PrePostFVT"	"During"	"PrePostFVTDuring"	-0.577097514788403	-0.0088626670314581	0.880547323468972	0.527471148105791	1	0.77671648412754	1	NA	"abundance"	26	20
"NODE_1017_length_4404_cov_8.700851"	"PrePostFVT"	"Post"	"PrePostFVTPost"	-0.533191311150174	-0.289783364067339	0.643060842686339	0.710311385082435	1	0.877440371304663	1	NA	"abundance"	26	20
"NODE_1021_length_3863_cov_7.928834"	"PrePostFVT"	"During"	"PrePostFVTDuring"	-0.50630418675986	-0.0088626670314581	0.534584879218024	0.363079250416559	1	0.363079250416559	1	NA	"abundance"	26	26
"NODE_1026_length_5707_cov_4.867127"	"PrePostFVT"	"Post"	"PrePostFVTPost"	-0.187135848508378	-0.289783364067339	0.284301974961524	0.751629059949518	1	0.522824464415808	1	NA	"abundance"	26	6
"NODE_1027_length_4636_cov_20.014189"	"PrePostFVT"	"During"	"PrePostFVTDuring"	0.0779753363448485	-0.0088626670314581	0.816029788314771	0.916565947599408	1	0.821953225294411	1	NA	"abundance"	26	20
"NODE_1027_length_4636_cov_20.014189"	"PrePostFVT"	"Post"	"PrePostFVTPost"	-1.27571737393449	-0.289783364067339	0.666285532094186	0.159847688636034	1	0.294144093709786	1	NA	"abundance"	26	20
"NODE_1038_length_3220_cov_3.203791"	"PrePostFVT"	"During"	"PrePostFVTDuring"	-0.500722263389874	-0.0088626670314581	0.345664241185526	0.229706248266069	1	0.333739653381977	1	NA	"abundance"	26	7
"NODE_1038_length_3220_cov_3.203791"	"PrePostFVT"	"Post"	"PrePostFVTPost"	-0.32815794466928	-0.289783364067339	0.315546837033698	0.910201919282601	1	0.522830570767367	1	NA	"abundance"	26	7
"NODE_1039_length_3380_cov_25.711278"	"PrePostFVT"	"During"	"PrePostFVTDuring"	0.119104816503552	-0.0088626670314581	0.606396317112237	0.836584237286264	1	0.973295288496688	1	NA	"abundance"	26	17
"NODE_1039_length_3380_cov_25.711278"	"PrePostFVT"	"Post"	"PrePostFVTPost"	0.194927776318601	-0.289783364067339	0.535336766691619	0.384841612371169	1	0.621580158129897	1	NA	"abundance"	26	17
"NODE_1045_length_6642_cov_13.697890"	"PrePostFVT"	"During"	"PrePostFVTDuring"	0.422579573409009	-0.0088626670314581	0.743403787755543	0.57160712060128	1	0.816479540880474	1	NA	"abundance"	26	17
"NODE_1045_length_6642_cov_13.697890"	"PrePostFVT"	"Post"	"PrePostFVTPost"	0.19066339214182	-0.289783364067339	0.580319395816894	0.423619929844372	1	0.667786014727393	1	NA	"abundance"	26	17
"NODE_1046_length_5621_cov_125.866870"	"PrePostFVT"	"During"	"PrePostFVTDuring"	0.962672731404785	-0.0088626670314581	1.46891524529582	0.524486828831794	1	0.773887224045556	1	NA	"abundance"	26	14
"NODE_105_length_34419_cov_13.781283|provirus_17286_34418"	"PrePostFVT"	"Post"	"PrePostFVTPost"	-0.446887436120098	-0.289783364067339	0.234659471125384	0.627089550253485	1	0.522838759016959	1	NA	"abundance"	26	5
"NODE_1050_length_3310_cov_18.847312"	"PrePostFVT"	"Post"	"PrePostFVTPost"	-0.488132545585966	-0.289783364067339	0.418634769094849	0.644946170250876	1	0.504071442106441	1	NA	"abundance"	26	18
"NODE_1053_length_6542_cov_6.675505"	"PrePostFVT"	"During"	"PrePostFVTDuring"	-0.071141441312264	-0.0088626670314581	0.540071995191903	0.926837272855279	1	0.83213303482125	1	NA	"abundance"	26	4
"NODE_1053_length_6542_cov_6.675505"	"PrePostFVT"	"Post"	"PrePostFVTPost"	0.0913127791530499	-0.289783364067339	0.467716067708739	0.56648567843461	1	0.8120653329977	1	NA	"abundance"	26	4
"NODE_1058_length_3319_cov_5.354473"	"PrePostFVT"	"Post"	"PrePostFVTPost"	0.0640736393856817	-0.289783364067339	0.403552369784337	0.418167169241801	1	0.661470557051901	1	NA	"abundance"	26	8
"NODE_106_length_96948_cov_59.874201|provirus_53627_96654"	"PrePostFVT"	"During"	"PrePostFVTDuring"	-1.30683567001004	-0.0088626670314581	1.39308910838157	0.382310724007649	1	0.618459958324045	1	NA	"abundance"	26	11
"NODE_106_length_96948_cov_59.874201|provirus_53627_96654"	"PrePostFVT"	"Post"	"PrePostFVTPost"	-1.04385451045769	-0.289783364067339	1.70617874088181	0.671805223894696	1	0.287729650581752	1	NA	"abundance"	26	11
"NODE_1062_length_4753_cov_4.627501"	"PrePostFVT"	"During"	"PrePostFVTDuring"	0.139244650236554	-0.0088626670314581	0.492516100049687	0.778634215181732	1	0.950997189311792	1	NA	"abundance"	26	7
"NODE_1062_length_4753_cov_4.627501"	"PrePostFVT"	"Post"	"PrePostFVTPost"	0.239501222655221	-0.289783364067339	0.348261474188686	0.207494801584355	1	0.371935510484179	1	NA	"abundance"	26	7
"NODE_1066_length_5519_cov_11.305454"	"PrePostFVT"	"During"	"PrePostFVTDuring"	-0.218636165250742	-0.0088626670314581	0.751007950596938	0.783286270990227	1	0.953035159658679	1	NA	"abundance"	26	20
"NODE_1066_length_5519_cov_11.305454"	"PrePostFVT"	"Post"	"PrePostFVTPost"	-0.732303269952366	-0.289783364067339	0.613195423911939	0.482247675996605	1	0.512870536489538	1	NA	"abundance"	26	20
"NODE_1067_length_5696_cov_15.288069"	"PrePostFVT"	"During"	"PrePostFVTDuring"	-0.0007157930903522	-0.0088626670314581	0.706324535702823	0.990991236693649	1	0.888490543303404	1	NA	"abundance"	26	17
"NODE_1067_length_5696_cov_15.288069"	"PrePostFVT"	"Post"	"PrePostFVTPost"	-0.175022628931578	-0.289783364067339	0.551374413960476	0.83851834390801	1	0.973923674745788	1	NA	"abundance"	26	17
"NODE_107_length_22047_cov_25.693889"	"PrePostFVT"	"During"	"PrePostFVTDuring"	-0.117764088191516	-0.0088626670314581	1.09295339211899	0.922206496871699	1	0.993948170871027	1	NA	"abundance"	26	17
"NODE_1070_length_3145_cov_8.108414"	"PrePostFVT"	"During"	"PrePostFVTDuring"	1.04352860055854	-0.0088626670314581	0.833094803535109	0.221986660413169	1	0.394695243424946	1	NA	"abundance"	26	24
"NODE_1070_length_4765_cov_8.258599"	"PrePostFVT"	"During"	"PrePostFVTDuring"	-0.235706952747982	-0.0088626670314581	0.750445324499153	0.765258359664031	1	0.765258359664031	1	NA	"abundance"	26	26
"NODE_1071_length_6474_cov_15.783611"	"PrePostFVT"	"During"	"PrePostFVTDuring"	-0.246896864956767	-0.0088626670314581	0.674311950763978	0.733185654226224	1	0.897547791627348	1	NA	"abundance"	26	13
"NODE_1071_length_6474_cov_15.783611"	"PrePostFVT"	"Post"	"PrePostFVTPost"	-0.633771991339037	-0.289783364067339	0.473059553528368	0.494362665622785	1	0.597222907126953	1	NA	"abundance"	26	13
"NODE_1072_length_4764_cov_12.172648"	"PrePostFVT"	"During"	"PrePostFVTDuring"	-0.0421727361405004	-0.0088626670314581	0.623016173678898	0.957857255293013	1	0.998223989068562	1	NA	"abundance"	26	24
"NODE_1085_length_2628_cov_21.639583"	"PrePostFVT"	"During"	"PrePostFVTDuring"	1.42630050757645	-0.0088626670314581	0.945872536469178	0.148468142080666	1	0.274893494948447	1	NA	"abundance"	26	24
"NODE_1086_length_7321_cov_7.431599"	"PrePostFVT"	"During"	"PrePostFVTDuring"	-0.484121383857003	-0.0088626670314581	0.638238205419001	0.465156444836428	1	0.713942371499991	1	NA	"abundance"	26	24
"NODE_109_length_27773_cov_17.890613|provirus_5305_23161"	"PrePostFVT"	"During"	"PrePostFVTDuring"	0.911522798071162	-0.0088626670314581	0.672377967026486	0.188194057755488	1	0.3409711121365	1	NA	"abundance"	26	25
"NODE_109_length_27773_cov_17.890613|provirus_5305_23161"	"PrePostFVT"	"Post"	"PrePostFVTPost"	0.39570093906376	-0.289783364067339	0.501160946948112	0.191042396214185	1	0.345587595277112	1	NA	"abundance"	26	25
"NODE_1092_length_3371_cov_6.075694"	"PrePostFVT"	"During"	"PrePostFVTDuring"	-0.54532565724787	-0.0088626670314581	0.664753666146972	0.430508045610914	1	0.675678913886099	1	NA	"abundance"	26	22
"NODE_1092_length_3371_cov_6.075694"	"PrePostFVT"	"Post"	"PrePostFVTPost"	-0.634722587559241	-0.289783364067339	0.522659507558977	0.518892426175746	1	0.76853550240894	1	NA	"abundance"	26	22
"NODE_1096_length_2260_cov_12.300680"	"PrePostFVT"	"During"	"PrePostFVTDuring"	0.668403558718611	-0.0088626670314581	0.727380521433876	0.363925991174087	1	0.595409855296132	1	NA	"abundance"	26	23
"NODE_1096_length_2260_cov_12.300680"	"PrePostFVT"	"Post"	"PrePostFVTPost"	0.0172808387150288	-0.289783364067339	0.561093490046074	0.592804440966204	1	0.834191776703155	1	NA	"abundance"	26	23
"NODE_1098_length_4803_cov_5.912805"	"PrePostFVT"	"During"	"PrePostFVTDuring"	-0.109862105101819	-0.0088626670314581	0.74559013903297	0.893966551869943	1	0.988756907877651	1	NA	"abundance"	26	19
"NODE_1098_length_4803_cov_5.912805"	"PrePostFVT"	"Post"	"PrePostFVTPost"	-0.391780171735987	-0.289783364067339	0.619942855826338	0.871809990802692	1	0.799516007861454	1	NA	"abundance"	26	19
"NODE_11_length_66886_cov_11.614326|provirus_7399_66886"	"PrePostFVT"	"During"	"PrePostFVTDuring"	-0.202057245031568	-0.0088626670314581	0.578147360038054	0.74242797438019	1	0.933656651618108	1	NA	"abundance"	26	21
"NODE_11_length_66886_cov_11.614326|provirus_7399_66886"	"PrePostFVT"	"Post"	"PrePostFVTPost"	0.436455394028916	-0.289783364067339	0.472055342743462	0.146145464586029	1	0.270932432352991	1	NA	"abundance"	26	21
"NODE_1102_length_3264_cov_3.307884"	"PrePostFVT"	"Post"	"PrePostFVTPost"	-0.484674523474245	-0.289783364067339	0.363617825377062	0.614080890447885	1	0.370362264742751	1	NA	"abundance"	26	12
"NODE_1105_length_4231_cov_8.810824"	"PrePostFVT"	"During"	"PrePostFVTDuring"	0.237942577506918	-0.0088626670314581	1.00468952625956	0.812158735546238	1	0.601724066781823	1	NA	"abundance"	26	13
"NODE_1105_length_4231_cov_8.810824"	"PrePostFVT"	"Post"	"PrePostFVTPost"	0.111585726172159	-0.289783364067339	0.563858320396412	0.498156733074361	1	0.748153335441401	1	NA	"abundance"	26	13
"NODE_1105_length_5332_cov_3.971575"	"PrePostFVT"	"During"	"PrePostFVTDuring"	-0.129870734387918	-0.0088626670314581	0.402775271638253	0.792555095061777	1	0.832103453010996	1	NA	"abundance"	26	6
"NODE_1105_length_5332_cov_3.971575"	"PrePostFVT"	"Post"	"PrePostFVTPost"	-0.22148354426466	-0.289783364067339	0.402095737145984	0.881591705487379	1	0.522824464415808	1	NA	"abundance"	26	6
"NODE_1109_length_4231_cov_23.831418"	"PrePostFVT"	"During"	"PrePostFVTDuring"	0.816051343415178	-0.0088626670314581	0.743211495434986	0.281756322372735	1	0.281756322372735	1	NA	"abundance"	26	26
"NODE_1109_length_4231_cov_23.831418"	"PrePostFVT"	"Post"	"PrePostFVTPost"	0.00653052468178668	-0.289783364067339	0.553957141817301	0.601343017601671	1	0.601343017601671	1	NA	"abundance"	26	26
"NODE_111_length_16833_cov_22.753546"	"PrePostFVT"	"During"	"PrePostFVTDuring"	2.56618484266107	-0.0088626670314581	2.03410294487871	0.247690112443796	1	0.434029833085172	1	NA	"abundance"	26	13
"NODE_111_length_16833_cov_22.753546"	"PrePostFVT"	"Post"	"PrePostFVTPost"	1.76306907162483	-0.289783364067339	1.60705122288101	0.238258630890593	1	0.237030709657977	1	NA	"abundance"	26	13
"NODE_1115_length_3181_cov_94.175944"	"PrePostFVT"	"Post"	"PrePostFVTPost"	0.0373669303347111	-0.289783364067339	1.01930285498465	0.7647880862875	1	0.905077344192277	1	NA	"abundance"	26	6
"NODE_1115_length_4488_cov_7.035867"	"PrePostFVT"	"During"	"PrePostFVTDuring"	-0.515157706995728	-0.0088626670314581	0.315315213900576	0.250461508409693	1	0.333684313940744	1	NA	"abundance"	26	6
"NODE_1115_length_4488_cov_7.035867"	"PrePostFVT"	"Post"	"PrePostFVTPost"	-0.069542588219794	-0.289783364067339	0.31278427109877	0.560111781233926	1	0.751237713264609	1	NA	"abundance"	26	6
"NODE_1117_length_5033_cov_7.042989"	"PrePostFVT"	"During"	"PrePostFVTDuring"	0.405086149142835	-0.0088626670314581	0.801460794284126	0.623616183291485	1	0.858335222519931	1	NA	"abundance"	26	9
"NODE_1117_length_5033_cov_7.042989"	"PrePostFVT"	"Post"	"PrePostFVTPost"	-0.540774616800922	-0.289783364067339	0.670550209411778	0.721561973209029	1	0.92247226523675	1	NA	"abundance"	26	9
"NODE_1118_length_5021_cov_5.478856"	"PrePostFVT"	"During"	"PrePostFVTDuring"	-0.979922582784459	-0.0088626670314581	0.459959033895563	0.162771124883714	1	0.299047810671518	1	NA	"abundance"	26	7
"NODE_1118_length_5021_cov_5.478856"	"PrePostFVT"	"Post"	"PrePostFVTPost"	-0.519174765203314	-0.289783364067339	0.454913711952279	0.664669304695085	1	0.522830570767367	1	NA	"abundance"	26	7
"NODE_1121_length_4468_cov_66.517109"	"PrePostFVT"	"During"	"PrePostFVTDuring"	-0.481560918912936	-0.0088626670314581	0.694695256883543	0.515195691121637	1	0.226064578096986	1	NA	"abundance"	26	12
"NODE_1121_length_4468_cov_66.517109"	"PrePostFVT"	"Post"	"PrePostFVTPost"	-0.316885603496135	-0.289783364067339	0.621354327215312	0.966379440195305	1	0.469925003398049	1	NA	"abundance"	26	12
"NODE_1125_length_2758_cov_3.078801"	"PrePostFVT"	"During"	"PrePostFVTDuring"	-0.19613526392955	-0.0088626670314581	0.624351269751534	0.774457971635509	1	0.226034721582911	1	NA	"abundance"	26	9
"NODE_1125_length_2758_cov_3.078801"	"PrePostFVT"	"Post"	"PrePostFVTPost"	0.602538103959406	-0.289783364067339	0.592311621729911	0.18444534311795	1	0.334870601638001	1	NA	"abundance"	26	9
"NODE_1125_length_5473_cov_26.248431"	"PrePostFVT"	"During"	"PrePostFVTDuring"	0.43516135308036	-0.0088626670314581	0.521727268920915	0.406154999102201	1	0.406154999102201	1	NA	"abundance"	26	26
"NODE_1125_length_5473_cov_26.248431"	"PrePostFVT"	"Post"	"PrePostFVTPost"	0.164739793063613	-0.289783364067339	0.388872546340826	0.262919183927281	1	0.262919183927281	1	NA	"abundance"	26	26
"NODE_113_length_10944_cov_8.844155"	"PrePostFVT"	"During"	"PrePostFVTDuring"	0.703467604857427	-0.0088626670314581	0.665357156980456	0.30033153519203	1	0.510464039353258	1	NA	"abundance"	26	24
"NODE_113_length_10944_cov_8.844155"	"PrePostFVT"	"Post"	"PrePostFVTPost"	0.134564034747633	-0.289783364067339	0.512946703554459	0.422462140919125	1	0.666450021328279	1	NA	"abundance"	26	24
"NODE_1133_length_5136_cov_33.778981"	"PrePostFVT"	"Post"	"PrePostFVTPost"	-1.57313609664714	-0.289783364067339	0.604011938985701	0.183181138004714	1	0.332806946688725	1	NA	"abundance"	26	5
"NODE_1136_length_5719_cov_15.513771"	"PrePostFVT"	"During"	"PrePostFVTDuring"	-0.102732846908639	-0.0088626670314581	0.840135382977387	0.91269878297002	1	0.888490460787362	1	NA	"abundance"	26	17
"NODE_1136_length_5719_cov_15.513771"	"PrePostFVT"	"Post"	"PrePostFVTPost"	-0.458021390269148	-0.289783364067339	0.655830473134682	0.801775156869953	1	0.960706911566068	1	NA	"abundance"	26	17
"NODE_1139_length_3931_cov_6.083333"	"PrePostFVT"	"During"	"PrePostFVTDuring"	0.581839780761193	-0.0088626670314581	1.24100680176523	0.64846331600796	1	0.876421959807881	1	NA	"abundance"	26	10
"NODE_1139_length_3931_cov_6.083333"	"PrePostFVT"	"Post"	"PrePostFVTPost"	-0.613172656914682	-0.289783364067339	0.992805441412185	0.754271040244024	1	0.939617278337246	1	NA	"abundance"	26	10
"NODE_1148_length_3207_cov_13.351840"	"PrePostFVT"	"During"	"PrePostFVTDuring"	-0.347631605720274	-0.0088626670314581	2.35499073788932	0.889640757021416	1	0.889158469187605	1	NA	"abundance"	26	11
"NODE_1148_length_3207_cov_13.351840"	"PrePostFVT"	"Post"	"PrePostFVTPost"	0.348082193633036	-0.289783364067339	1.44213141420232	0.671428064350788	1	0.826257642294912	1	NA	"abundance"	26	11
"NODE_115_length_68071_cov_76.287815|provirus_44295_57657"	"PrePostFVT"	"During"	"PrePostFVTDuring"	0.456635650768824	-0.0088626670314581	0.634536675434263	0.472624398187063	1	0.721874974612443	1	NA	"abundance"	26	24
"NODE_115_length_68071_cov_76.287815|provirus_44295_57657"	"PrePostFVT"	"Post"	"PrePostFVTPost"	0.0983867597344256	-0.289783364067339	0.489474748484874	0.44032175014531	1	0.686760256639591	1	NA	"abundance"	26	24
"NODE_1150_length_3473_cov_5.646870"	"PrePostFVT"	"During"	"PrePostFVTDuring"	-0.231209570778515	-0.0088626670314581	0.774468087102772	0.77665176923083	1	0.950115567812281	1	NA	"abundance"	26	25
"NODE_1152_length_2993_cov_5.899592"	"PrePostFVT"	"During"	"PrePostFVTDuring"	0.0731879147967322	-0.0088626670314581	0.636341209781038	0.900585502993777	1	0.631728535431882	1	NA	"abundance"	26	12
"NODE_1152_length_2993_cov_5.899592"	"PrePostFVT"	"Post"	"PrePostFVTPost"	-0.40961114571936	-0.289783364067339	0.569291058228071	0.838339546729754	1	0.917028621802827	1	NA	"abundance"	26	12
"NODE_1158_length_3043_cov_3.853414"	"PrePostFVT"	"During"	"PrePostFVTDuring"	-0.291884554573222	-0.0088626670314581	0.771145036966371	0.716986909299595	1	0.919903590492204	1	NA	"abundance"	26	25
"NODE_116_length_38613_cov_286.577597"	"PrePostFVT"	"During"	"PrePostFVTDuring"	1.01585050869238	-0.0088626670314581	2.5682414097489	0.697401672315179	1	0.887354496256137	1	NA	"abundance"	26	16
"NODE_1161_length_3909_cov_93.481318"	"PrePostFVT"	"During"	"PrePostFVTDuring"	-0.676245177741412	-0.0088626670314581	0.513970928152682	0.208887007812753	1	0.208887007812753	0.988239892940226	NA	"abundance"	26	26
"NODE_1162_length_5509_cov_7.356986"	"PrePostFVT"	"During"	"PrePostFVTDuring"	-0.344980063408051	-0.0088626670314581	0.576676518508348	0.616205739848811	1	0.832103453010996	1	NA	"abundance"	26	6
"NODE_1162_length_5509_cov_7.356986"	"PrePostFVT"	"Post"	"PrePostFVTPost"	-0.0704657871594468	-0.289783364067339	0.568859865292216	0.737933906096634	1	0.522824464415808	1	NA	"abundance"	26	6
"NODE_1163_length_4650_cov_11.917519"	"PrePostFVT"	"During"	"PrePostFVTDuring"	-0.119777717416477	-0.0088626670314581	1.07504711252295	0.919817644098145	1	0.993570789802028	1	NA	"abundance"	26	14
"NODE_1163_length_4650_cov_11.917519"	"PrePostFVT"	"Post"	"PrePostFVTPost"	-0.449848114094927	-0.289783364067339	0.778061976830687	0.841302898072804	1	0.903694579445127	1	NA	"abundance"	26	14
"NODE_1164_length_4593_cov_10.455046"	"PrePostFVT"	"During"	"PrePostFVTDuring"	-0.437793511081146	-0.0088626670314581	1.33607929961323	0.754468346538973	1	0.631728754791734	1	NA	"abundance"	26	15
"NODE_1164_length_4593_cov_10.455046"	"PrePostFVT"	"Post"	"PrePostFVTPost"	0.888007230271658	-0.289783364067339	0.731800771013867	0.139680816315337	1	0.259850902184155	1	NA	"abundance"	26	15
"NODE_1168_length_2630_cov_10.932427"	"PrePostFVT"	"During"	"PrePostFVTDuring"	1.41032799661423	-0.0088626670314581	1.28654095350877	0.296136080206171	1	0.504575582412466	1	NA	"abundance"	26	14
"NODE_1177_length_5283_cov_27.285386"	"PrePostFVT"	"During"	"PrePostFVTDuring"	0.584708297319287	-0.0088626670314581	0.490932771641845	0.241888168200003	1	0.425266450484853	1	NA	"abundance"	26	24
"NODE_1177_length_5283_cov_27.285386"	"PrePostFVT"	"Post"	"PrePostFVTPost"	0.300898997495099	-0.289783364067339	0.378700245746897	0.139838649919947	1	0.26012245182846	1	NA	"abundance"	26	24
"NODE_1185_length_3872_cov_14.769190"	"PrePostFVT"	"During"	"PrePostFVTDuring"	0.349358323405986	-0.0088626670314581	0.886846122044656	0.690032985285901	1	0.90392044978923	1	NA	"abundance"	26	25
"NODE_1194_length_3879_cov_4.682531"	"PrePostFVT"	"During"	"PrePostFVTDuring"	-0.217096090109929	-0.0088626670314581	0.701221933655069	0.771100664911239	1	0.947605094395923	1	NA	"abundance"	26	21
"NODE_1194_length_3879_cov_4.682531"	"PrePostFVT"	"Post"	"PrePostFVTPost"	-0.25580704844438	-0.289783364067339	0.573428923615725	0.953681744006663	1	0.334334662926124	1	NA	"abundance"	26	21
"NODE_1195_length_3589_cov_5.580645"	"PrePostFVT"	"During"	"PrePostFVTDuring"	-0.387702358381225	-0.0088626670314581	0.804414514364282	0.64391089558689	1	0.821953213218978	1	NA	"abundance"	26	20
"NODE_1195_length_3589_cov_5.580645"	"PrePostFVT"	"Post"	"PrePostFVTPost"	-0.835666213153852	-0.289783364067339	0.656801700627073	0.419207629076444	1	0.662680221876995	1	NA	"abundance"	26	20
"NODE_120_length_40096_cov_374.797208"	"PrePostFVT"	"During"	"PrePostFVTDuring"	-2.0748716878685	-0.0088626670314581	1.37500754622277	0.167161215489083	1	0.306379559014379	1	NA	"abundance"	26	13
"NODE_120_length_40096_cov_374.797208"	"PrePostFVT"	"Post"	"PrePostFVTPost"	-0.136008466917648	-0.289783364067339	0.770845607551774	0.846391694587118	1	0.917028609878228	1	NA	"abundance"	26	13
"NODE_1204_length_4872_cov_178.189329"	"PrePostFVT"	"During"	"PrePostFVTDuring"	0.223795998218686	-0.0088626670314581	0.516827712440674	0.657178676464975	1	0.657178676464975	1	NA	"abundance"	26	26
"NODE_1204_length_4872_cov_178.189329"	"PrePostFVT"	"Post"	"PrePostFVTPost"	0.322016970244941	-0.289783364067339	0.385220632557687	0.131058800750893	1	0.131058800750893	0.80912513056522	NA	"abundance"	26	26
"NODE_1206_length_2948_cov_736.924300"	"PrePostFVT"	"During"	"PrePostFVTDuring"	0.625907882051816	-0.0088626670314581	1.71279206912363	0.723539606723149	1	0.923569650949209	1	NA	"abundance"	26	11
"NODE_1206_length_5083_cov_16.050716"	"PrePostFVT"	"During"	"PrePostFVTDuring"	-0.58995036899239	-0.0088626670314581	0.627226346729286	0.370199556102077	1	0.603351400865979	1	NA	"abundance"	26	18
"NODE_1206_length_5083_cov_16.050716"	"PrePostFVT"	"Post"	"PrePostFVTPost"	-0.161217149912022	-0.289783364067339	0.533039896902024	0.813388338223595	1	0.965176087689049	1	NA	"abundance"	26	18
"NODE_1215_length_4762_cov_296.029530"	"PrePostFVT"	"During"	"PrePostFVTDuring"	-1.57523115689666	-0.0088626670314581	1.12072993410378	0.186868718264991	1	0.338817518663981	1	NA	"abundance"	26	18
"NODE_1215_length_4762_cov_296.029530"	"PrePostFVT"	"Post"	"PrePostFVTPost"	0.917761396936852	-0.289783364067339	0.871960876646031	0.194395053908665	1	0.351000670833177	1	NA	"abundance"	26	18
"NODE_1218_length_3762_cov_7.912868"	"PrePostFVT"	"During"	"PrePostFVTDuring"	-0.509867573458353	-0.0088626670314581	0.542250885909298	0.36863756864335	1	0.601381480271419	1	NA	"abundance"	26	22
"NODE_1220_length_2903_cov_3.497191"	"PrePostFVT"	"During"	"PrePostFVTDuring"	0.474302409407943	-0.0088626670314581	0.718456765437172	0.519447164692036	1	0.769068972477477	1	NA	"abundance"	26	14
"NODE_1220_length_2903_cov_3.497191"	"PrePostFVT"	"Post"	"PrePostFVTPost"	0.286012404355296	-0.289783364067339	0.508099088316471	0.293425709322637	1	0.500752771753781	1	NA	"abundance"	26	14
"NODE_123_length_29020_cov_48.579838|provirus_13140_29018"	"PrePostFVT"	"During"	"PrePostFVTDuring"	-0.0265762931220294	-0.0088626670314581	0.926109208892928	0.984951292967524	1	0.999773536416651	1	NA	"abundance"	26	24
"NODE_1233_length_4439_cov_10.491560"	"PrePostFVT"	"During"	"PrePostFVTDuring"	-0.279580616532955	-0.0088626670314581	0.724114765233973	0.714908382041839	1	0.877457018471078	1	NA	"abundance"	26	16
"NODE_1233_length_4439_cov_10.491560"	"PrePostFVT"	"Post"	"PrePostFVTPost"	0.118916013737013	-0.289783364067339	0.580583434330666	0.495809624595726	1	0.745792065349697	1	NA	"abundance"	26	16
"NODE_1237_length_3955_cov_5.959744"	"PrePostFVT"	"During"	"PrePostFVTDuring"	-0.510613315333335	-0.0088626670314581	0.298434300229676	0.309710184585488	1	0.523499970734999	1	NA	"abundance"	26	5
"NODE_1237_length_3955_cov_5.959744"	"PrePostFVT"	"Post"	"PrePostFVTPost"	-0.22265391561485	-0.289783364067339	0.285799470080753	0.854284424526304	1	0.747740332223437	1	NA	"abundance"	26	5
"NODE_125_length_7892_cov_1006.475565"	"PrePostFVT"	"Post"	"PrePostFVTPost"	0.473750200881274	-0.289783364067339	1.29037087500979	0.575518504191713	1	0.469705362830088	1	NA	"abundance"	26	9
"NODE_1250_length_4468_cov_38.665307"	"PrePostFVT"	"During"	"PrePostFVTDuring"	-0.532585343391084	-0.0088626670314581	0.493111329860524	0.301081437813904	1	0.301081437813904	1	NA	"abundance"	26	26
"NODE_1250_length_4468_cov_38.665307"	"PrePostFVT"	"Post"	"PrePostFVTPost"	-0.902591981758351	-0.289783364067339	0.367543484681151	0.11435817262999	1	0.11435817262999	0.783961442215407	NA	"abundance"	26	26
"NODE_1250_length_5037_cov_5.407668"	"PrePostFVT"	"During"	"PrePostFVTDuring"	0.208669647051284	-0.0088626670314581	0.62813999106881	0.743054850644842	1	0.6337142008996	1	NA	"abundance"	26	8
"NODE_1250_length_5037_cov_5.407668"	"PrePostFVT"	"Post"	"PrePostFVTPost"	0.30075194205004	-0.289783364067339	0.543985189398519	0.329327429454876	1	0.550198303118396	1	NA	"abundance"	26	8
"NODE_1255_length_3675_cov_10.237293"	"PrePostFVT"	"During"	"PrePostFVTDuring"	0.374981401916739	-0.0088626670314581	0.736717729425163	0.610906902672336	1	0.821953213218977	1	NA	"abundance"	26	20
"NODE_1255_length_3675_cov_10.237293"	"PrePostFVT"	"Post"	"PrePostFVTPost"	0.121065528125835	-0.289783364067339	0.6086420012888	0.511704276643338	1	0.761567286551594	1	NA	"abundance"	26	20
"NODE_1256_length_5020_cov_5.298892"	"PrePostFVT"	"Post"	"PrePostFVTPost"	-0.341747091201161	-0.289783364067339	0.368715508312528	0.898609947139626	1	0.522830570767367	1	NA	"abundance"	26	7
"NODE_1259_length_3670_cov_6.403873"	"PrePostFVT"	"During"	"PrePostFVTDuring"	0.18331258847982	-0.0088626670314581	0.753568031760799	0.803710869146144	1	0.961470577108638	1	NA	"abundance"	26	14
"NODE_1259_length_3670_cov_6.403873"	"PrePostFVT"	"Post"	"PrePostFVTPost"	0.0674063737875047	-0.289783364067339	0.545392500140966	0.528627410250791	1	0.777807881633124	1	NA	"abundance"	26	14
"NODE_1260_length_2744_cov_11.166977"	"PrePostFVT"	"During"	"PrePostFVTDuring"	0.354236813540567	-0.0088626670314581	0.470580867083931	0.449285253651859	1	0.449285253651859	1	NA	"abundance"	26	26
"NODE_1261_length_3858_cov_4.214567"	"PrePostFVT"	"During"	"PrePostFVTDuring"	-0.00129696318404807	-0.0088626670314581	0.584874212029025	0.990021404992312	1	0.999900427641673	1	NA	"abundance"	26	11
"NODE_1261_length_3858_cov_4.214567"	"PrePostFVT"	"Post"	"PrePostFVTPost"	-0.617641735908487	-0.289783364067339	0.45304161656292	0.491940574344413	1	0.741875620002515	1	NA	"abundance"	26	11
"NODE_1263_length_3025_cov_5.382155"	"PrePostFVT"	"During"	"PrePostFVTDuring"	-0.277548843620279	-0.0088626670314581	0.812419482767957	0.744253662454365	1	0.934593810831994	1	NA	"abundance"	26	24
"NODE_1268_length_3996_cov_39.488962"	"PrePostFVT"	"During"	"PrePostFVTDuring"	0.382802864621815	-0.0088626670314581	0.474409295332673	0.420938123093292	1	0.420938123093292	1	NA	"abundance"	26	26
"NODE_1268_length_3996_cov_39.488962"	"PrePostFVT"	"Post"	"PrePostFVTPost"	0.226014950200527	-0.289783364067339	0.353603811173877	0.166950411765908	1	0.166950411765908	0.933001624112053	NA	"abundance"	26	26
"NODE_1277_length_2938_cov_4.712799"	"PrePostFVT"	"During"	"PrePostFVTDuring"	-0.27004117876916	-0.0088626670314581	0.708622440610983	0.716285624659576	1	0.919506153225193	1	NA	"abundance"	26	23
"NODE_1277_length_2938_cov_4.712799"	"PrePostFVT"	"Post"	"PrePostFVTPost"	-0.583695890380264	-0.289783364067339	0.548896582247039	0.599751228351996	1	0.597089675350876	1	NA	"abundance"	26	23
"NODE_1278_length_3628_cov_4.986846"	"PrePostFVT"	"During"	"PrePostFVTDuring"	-0.489936592091905	-0.0088626670314581	0.670536430799631	0.483124828682066	1	0.732840057275056	1	NA	"abundance"	26	22
"NODE_1278_length_3628_cov_4.986846"	"PrePostFVT"	"Post"	"PrePostFVTPost"	-0.619737682593057	-0.289783364067339	0.536429144639705	0.548700568023665	1	0.796328822697838	1	NA	"abundance"	26	22
"NODE_1279_length_3475_cov_5.432456"	"PrePostFVT"	"During"	"PrePostFVTDuring"	0.180683792905919	-0.0088626670314581	0.635447415357963	0.769691529116372	1	0.946958008239245	1	NA	"abundance"	26	18
"NODE_1279_length_3475_cov_5.432456"	"PrePostFVT"	"Post"	"PrePostFVTPost"	0.0934160074681571	-0.289783364067339	0.485330980173651	0.44576857808761	1	0.69282753096497	1	NA	"abundance"	26	18
"NODE_1286_length_2776_cov_23.367879"	"PrePostFVT"	"During"	"PrePostFVTDuring"	-0.158298945437258	-0.0088626670314581	0.622592378965839	0.812342234988338	1	0.812342234988338	1	NA	"abundance"	26	26
"NODE_1286_length_2776_cov_23.367879"	"PrePostFVT"	"Post"	"PrePostFVTPost"	-0.957391426579451	-0.289783364067339	0.464052960546975	0.167801699256933	1	0.167801699256933	0.933001624112053	NA	"abundance"	26	26
"NODE_1286_length_3943_cov_8.614969"	"PrePostFVT"	"During"	"PrePostFVTDuring"	0.785878858498193	-0.0088626670314581	0.982433525326833	0.43087770513249	1	0.676099813484739	1	NA	"abundance"	26	23
"NODE_1286_length_3943_cov_8.614969"	"PrePostFVT"	"Post"	"PrePostFVTPost"	0.847762159113897	-0.289783364067339	0.780201377166748	0.165698837670139	1	0.303941570535042	1	NA	"abundance"	26	23
"NODE_129_length_27218_cov_9.424806"	"PrePostFVT"	"During"	"PrePostFVTDuring"	0.232090584754199	-0.0088626670314581	0.671060864558313	0.730252648541444	1	0.927236366381094	1	NA	"abundance"	26	12
"NODE_1299_length_4337_cov_85.098085"	"PrePostFVT"	"During"	"PrePostFVTDuring"	-0.0683302360109687	-0.0088626670314581	0.800192805756624	0.941388432611916	1	0.996564684168312	1	NA	"abundance"	26	25
"NODE_1300_length_4422_cov_7.244104"	"PrePostFVT"	"During"	"PrePostFVTDuring"	-0.427534300548619	-0.0088626670314581	0.488841765384819	0.523513845988937	1	0.772960945035746	1	NA	"abundance"	26	5
"NODE_1300_length_4422_cov_7.244104"	"PrePostFVT"	"Post"	"PrePostFVTPost"	-0.177471770721915	-0.289783364067339	0.463845215338201	0.847996766951623	1	0.747740332223437	1	NA	"abundance"	26	5
"NODE_1301_length_2543_cov_7.558682"	"PrePostFVT"	"During"	"PrePostFVTDuring"	1.18361671066891	-0.0088626670314581	0.837741870817135	0.173517322978794	1	0.316926384583861	1	NA	"abundance"	26	24
"NODE_1301_length_3222_cov_5.783075"	"PrePostFVT"	"During"	"PrePostFVTDuring"	-0.368105112500749	-0.0088626670314581	0.840130191841348	0.678575084907923	1	0.896686023958051	1	NA	"abundance"	26	15
"NODE_1301_length_3222_cov_5.783075"	"PrePostFVT"	"Post"	"PrePostFVTPost"	-1.23221030918139	-0.289783364067339	0.78904844809435	0.25844497927567	1	0.450096151238538	1	NA	"abundance"	26	15
"NODE_1301_length_3307_cov_6.593173"	"PrePostFVT"	"Post"	"PrePostFVTPost"	0.373162693820105	-0.289783364067339	0.402319356541946	0.145752099075879	1	0.270260523766733	1	NA	"abundance"	26	12
"NODE_1309_length_2953_cov_6.256384"	"PrePostFVT"	"During"	"PrePostFVTDuring"	0.477173988767017	-0.0088626670314581	0.489034552769755	0.333051712789693	1	0.333051712789693	1	NA	"abundance"	26	26
"NODE_1309_length_2953_cov_6.256384"	"PrePostFVT"	"Post"	"PrePostFVTPost"	0.257542356268799	-0.289783364067339	0.36450483444646	0.153227315368913	1	0.153227315368913	0.883340251845289	NA	"abundance"	26	26
"NODE_1320_length_3894_cov_6.729096"	"PrePostFVT"	"During"	"PrePostFVTDuring"	0.208361274361737	-0.0088626670314581	0.672134332863665	0.750394857575631	1	0.937697272875311	1	NA	"abundance"	26	21
"NODE_1320_length_3894_cov_6.729096"	"PrePostFVT"	"Post"	"PrePostFVTPost"	-0.694617379854662	-0.289783364067339	0.537707466290932	0.46370112696998	1	0.71238351878673	1	NA	"abundance"	26	21
"NODE_1320_length_3944_cov_3.698123"	"PrePostFVT"	"During"	"PrePostFVTDuring"	0.0233253429525998	-0.0088626670314581	0.495601005685108	0.953148794294671	1	0.832103453010996	1	NA	"abundance"	26	6
"NODE_1320_length_3944_cov_3.698123"	"PrePostFVT"	"Post"	"PrePostFVTPost"	-0.456311626597508	-0.289783364067339	0.46727231595057	0.754878458698248	1	0.522824464415808	1	NA	"abundance"	26	6
"NODE_1322_length_2624_cov_4.678863"	"PrePostFVT"	"During"	"PrePostFVTDuring"	-0.114579502608337	-0.0088626670314581	0.848763795184582	0.901896623217177	1	0.990375727463808	1	NA	"abundance"	26	25
"NODE_1322_length_2837_cov_304.177211"	"PrePostFVT"	"During"	"PrePostFVTDuring"	-1.03448351907967	-0.0088626670314581	2.0030453060327	0.61768370076256	1	0.853834247337388	1	NA	"abundance"	26	17
"NODE_1322_length_2837_cov_304.177211"	"PrePostFVT"	"Post"	"PrePostFVTPost"	-0.286254544297743	-0.289783364067339	1.12986993390908	0.99755767896458	1	0.0735532788111559	0.636058164561394	NA	"abundance"	26	17
"NODE_1323_length_3039_cov_6.837466"	"PrePostFVT"	"During"	"PrePostFVTDuring"	0.372359455203203	-0.0088626670314581	0.569786090580673	0.524368396869341	1	0.42057740458086	1	NA	"abundance"	26	13
"NODE_1323_length_3039_cov_6.837466"	"PrePostFVT"	"Post"	"PrePostFVTPost"	0.554080163166683	-0.289783364067339	0.492487157400714	0.131743362408801	1	0.246130411278825	1	NA	"abundance"	26	13
"NODE_1329_length_4796_cov_16.524784"	"PrePostFVT"	"During"	"PrePostFVTDuring"	-0.249712815154738	-0.0088626670314581	0.879913680858267	0.787255753544826	1	0.95473988560022	1	NA	"abundance"	26	22
"NODE_1334_length_2095_cov_3.035784"	"PrePostFVT"	"During"	"PrePostFVTDuring"	0.0649894955571303	-0.0088626670314581	0.797796768255692	0.928868163574758	1	0.633870119572089	1	NA	"abundance"	26	12
"NODE_1334_length_2095_cov_3.035784"	"PrePostFVT"	"Post"	"PrePostFVTPost"	-0.589704915349592	-0.289783364067339	0.627416117512254	0.64916718774215	1	0.282938033327236	1	NA	"abundance"	26	12
"NODE_1358_length_3536_cov_36.249354"	"PrePostFVT"	"During"	"PrePostFVTDuring"	0.0942932970119275	-0.0088626670314581	0.832845750831278	0.903019265803654	1	0.990594737194738	1	NA	"abundance"	26	19
"NODE_1358_length_3536_cov_36.249354"	"PrePostFVT"	"Post"	"PrePostFVTPost"	-0.49933916890864	-0.289783364067339	0.692494101253587	0.766697432528488	1	0.796050098105183	1	NA	"abundance"	26	19
"NODE_1368_length_3847_cov_6.648734"	"PrePostFVT"	"During"	"PrePostFVTDuring"	-0.394276554974631	-0.0088626670314581	0.704130782371026	0.590098797535666	1	0.831981004218293	1	NA	"abundance"	26	24
"NODE_1370_length_3520_cov_6.086291"	"PrePostFVT"	"During"	"PrePostFVTDuring"	0.546543744493056	-0.0088626670314581	1.09332841608249	0.627794388091337	1	0.660284627008716	1	NA	"abundance"	26	12
"NODE_1370_length_3520_cov_6.086291"	"PrePostFVT"	"Post"	"PrePostFVTPost"	0.0503604725976035	-0.289783364067339	0.633804705769363	0.608805840634396	1	0.846967129678239	1	NA	"abundance"	26	12
"NODE_1376_length_2860_cov_17.377184"	"PrePostFVT"	"During"	"PrePostFVTDuring"	-0.405065423366872	-0.0088626670314581	0.654035674780467	0.551031085494926	1	0.798426913808136	1	NA	"abundance"	26	25
"NODE_1379_length_3383_cov_8.485577"	"PrePostFVT"	"During"	"PrePostFVTDuring"	0.0819302067307413	-0.0088626670314581	0.811473979955473	0.912295610143371	1	0.992307939999876	1	NA	"abundance"	26	19
"NODE_1379_length_3383_cov_8.485577"	"PrePostFVT"	"Post"	"PrePostFVTPost"	-0.445602757676258	-0.289783364067339	0.60483699371758	0.800565266128453	1	0.960225786925585	1	NA	"abundance"	26	19
"NODE_1385_length_4354_cov_8.070714"	"PrePostFVT"	"During"	"PrePostFVTDuring"	0.471021325864248	-0.0088626670314581	0.833322199471841	0.576278295283028	1	0.420563619244955	1	NA	"abundance"	26	15
"NODE_1385_length_4354_cov_8.070714"	"PrePostFVT"	"Post"	"PrePostFVTPost"	0.55605652692074	-0.289783364067339	0.690954266280449	0.247141921052556	1	0.370356795327062	1	NA	"abundance"	26	15
"NODE_1388_length_3793_cov_6.935795"	"PrePostFVT"	"During"	"PrePostFVTDuring"	0.0926277801687961	-0.0088626670314581	0.365384627047209	0.789439101353316	1	0.631728450565056	1	NA	"abundance"	26	13
"NODE_1406_length_4206_cov_4.333655"	"PrePostFVT"	"During"	"PrePostFVTDuring"	0.603551672209222	-0.0088626670314581	0.895243826866563	0.564480288515381	1	0.810322580908354	1	NA	"abundance"	26	5
"NODE_1406_length_4206_cov_4.333655"	"PrePostFVT"	"Post"	"PrePostFVTPost"	-0.0564180692388563	-0.289783364067339	0.730963523733202	0.779795281634811	1	0.900282980141671	1	NA	"abundance"	26	5
"NODE_1414_length_2598_cov_9.086119"	"PrePostFVT"	"During"	"PrePostFVTDuring"	-0.249630511432496	-0.0088626670314581	0.837348122275214	0.776287394164219	1	0.776287394164219	1	NA	"abundance"	26	26
"NODE_1415_length_4181_cov_5.726369"	"PrePostFVT"	"During"	"PrePostFVTDuring"	0.368764769102294	-0.0088626670314581	0.546440108990812	0.507926296140116	1	0.757863469969616	1	NA	"abundance"	26	13
"NODE_1415_length_4181_cov_5.726369"	"PrePostFVT"	"Post"	"PrePostFVTPost"	-0.0331395684052838	-0.289783364067339	0.474875405941125	0.604117338090542	1	0.594647343297637	1	NA	"abundance"	26	13
"NODE_1420_length_4785_cov_12.858774"	"PrePostFVT"	"Post"	"PrePostFVTPost"	-1.08995863583667	-0.289783364067339	0.300934648470614	0.227596709486937	1	0.403393156804593	1	NA	"abundance"	26	7
"NODE_1422_length_2645_cov_4.424324"	"PrePostFVT"	"During"	"PrePostFVTDuring"	-0.331290873149299	-0.0088626670314581	0.844738303063632	0.71837386049632	1	0.103227750034628	0.739586472470321	NA	"abundance"	26	8
"NODE_1422_length_2645_cov_4.424324"	"PrePostFVT"	"Post"	"PrePostFVTPost"	-0.209524898152558	-0.289783364067339	0.81791434491724	0.925703630317418	1	0.522833257627844	1	NA	"abundance"	26	8
"NODE_1428_length_2589_cov_4.398579"	"PrePostFVT"	"During"	"PrePostFVTDuring"	0.147615637852621	-0.0088626670314581	0.876213464690879	0.860240413118928	1	0.832116734732629	1	NA	"abundance"	26	21
"NODE_1428_length_2589_cov_4.398579"	"PrePostFVT"	"Post"	"PrePostFVTPost"	-0.712905000395243	-0.289783364067339	0.625741574621547	0.509367568975363	1	0.759279817626855	1	NA	"abundance"	26	21
"NODE_143_length_27086_cov_220.060153"	"PrePostFVT"	"During"	"PrePostFVTDuring"	-0.282258244845072	-0.0088626670314581	1.20144608637717	0.823155081277117	1	0.968725874721897	1	NA	"abundance"	26	19
"NODE_143_length_27086_cov_220.060153"	"PrePostFVT"	"Post"	"PrePostFVTPost"	-0.0271272646645647	-0.289783364067339	0.917619605705306	0.779288930162095	1	0.91910045236492	1	NA	"abundance"	26	19
"NODE_143_length_7437_cov_7.422650"	"PrePostFVT"	"During"	"PrePostFVTDuring"	-0.0098862227891532	-0.0088626670314581	0.453509657274889	0.998228121392104	1	0.999996860446199	1	NA	"abundance"	26	25
"NODE_143_length_7437_cov_7.422650"	"PrePostFVT"	"Post"	"PrePostFVTPost"	0.161056339217985	-0.289783364067339	0.344117191788713	0.210036627340784	1	0.375957869856876	1	NA	"abundance"	26	25
"NODE_1437_length_4716_cov_90.242223"	"PrePostFVT"	"During"	"PrePostFVTDuring"	0.15685127530292	-0.0088626670314581	0.496055117253499	0.741848093892539	1	0.933357593373085	1	NA	"abundance"	26	25
"NODE_1437_length_4716_cov_90.242223"	"PrePostFVT"	"Post"	"PrePostFVTPost"	-0.218058108186562	-0.289783364067339	0.376400129927612	0.851974636647921	1	0.80488757888305	1	NA	"abundance"	26	25
"NODE_1438_length_3663_cov_5.024667"	"PrePostFVT"	"During"	"PrePostFVTDuring"	0.343895990457608	-0.0088626670314581	0.641210926052232	0.620633250499053	1	0.832103453010996	1	NA	"abundance"	26	6
"NODE_1438_length_3663_cov_5.024667"	"PrePostFVT"	"Post"	"PrePostFVTPost"	0.538987785264674	-0.289783364067339	0.506921746727713	0.203110256590675	1	0.364966736849021	1	NA	"abundance"	26	6
"NODE_145_length_14038_cov_8.862905"	"PrePostFVT"	"During"	"PrePostFVTDuring"	0.419863831132096	-0.0088626670314581	0.646319011966274	0.514386499225194	1	0.764179527865237	1	NA	"abundance"	26	24
"NODE_145_length_14038_cov_8.862905"	"PrePostFVT"	"Post"	"PrePostFVTPost"	-0.216378883614328	-0.289783364067339	0.490418406377352	0.882948783534798	1	0.986299012724016	1	NA	"abundance"	26	24
"NODE_1450_length_3588_cov_6.542881"	"PrePostFVT"	"Post"	"PrePostFVTPost"	0.0463653650823184	-0.289783364067339	0.244387566188536	0.251998323169365	1	0.440493491458558	1	NA	"abundance"	26	7
"NODE_1450_length_4643_cov_4813.538361"	"PrePostFVT"	"During"	"PrePostFVTDuring"	-0.554913508995801	-0.0088626670314581	2.04884482653641	0.795722059510025	1	0.63354519671044	1	NA	"abundance"	26	13
"NODE_1450_length_4643_cov_4813.538361"	"PrePostFVT"	"Post"	"PrePostFVTPost"	1.638907647739	-0.289783364067339	1.61975405602691	0.264225200179248	1	0.167581932964067	0.933001624112053	NA	"abundance"	26	13
"NODE_1469_length_4268_cov_8.622122"	"PrePostFVT"	"During"	"PrePostFVTDuring"	0.199552079430045	-0.0088626670314581	0.746074962751254	0.786663913821557	1	0.954487714334064	1	NA	"abundance"	26	13
"NODE_1469_length_4268_cov_8.622122"	"PrePostFVT"	"Post"	"PrePostFVTPost"	0.202377848303535	-0.289783364067339	0.537397682829753	0.393055675852598	1	0.631618587385253	1	NA	"abundance"	26	13
"NODE_147_length_36185_cov_117.717548"	"PrePostFVT"	"During"	"PrePostFVTDuring"	-0.157976765468579	-0.0088626670314581	0.932691747994535	0.875366303487243	1	0.879120997260851	1	NA	"abundance"	26	16
"NODE_147_length_36185_cov_117.717548"	"PrePostFVT"	"Post"	"PrePostFVTPost"	-0.0154536644828443	-0.289783364067339	0.728082262418572	0.713317518146005	1	0.917813154598034	1	NA	"abundance"	26	16
"NODE_1470_length_2559_cov_6.530351"	"PrePostFVT"	"During"	"PrePostFVTDuring"	-0.490927869425061	-0.0088626670314581	0.933135348633654	0.612869034887862	1	0.850129615851345	1	NA	"abundance"	26	19
"NODE_1470_length_2559_cov_6.530351"	"PrePostFVT"	"Post"	"PrePostFVTPost"	-0.815044100858726	-0.289783364067339	0.775882837794441	0.508993376519494	1	0.758912495698273	1	NA	"abundance"	26	19
"NODE_1472_length_3486_cov_6.937919"	"PrePostFVT"	"During"	"PrePostFVTDuring"	-0.404199076495999	-0.0088626670314581	0.419616371667048	0.37682929963784	1	0.611658278210135	1	NA	"abundance"	26	15
"NODE_1472_length_3486_cov_6.937919"	"PrePostFVT"	"Post"	"PrePostFVTPost"	-0.561534586626726	-0.289783364067339	0.316062681569149	0.422538451403539	1	0.370284144559481	1	NA	"abundance"	26	15
"NODE_1472_length_4419_cov_16.031852"	"PrePostFVT"	"During"	"PrePostFVTDuring"	0.990952229015536	-0.0088626670314581	0.675910975044251	0.157036909473931	1	0.157036909473931	0.901912940011807	NA	"abundance"	26	26
"NODE_1472_length_4419_cov_16.031852"	"PrePostFVT"	"Post"	"PrePostFVTPost"	0.351521246779551	-0.289783364067339	0.503794295645703	0.221643577410237	1	0.221643577410237	1	NA	"abundance"	26	26
"NODE_1474_length_4254_cov_5.462967"	"PrePostFVT"	"During"	"PrePostFVTDuring"	-0.561850138415373	-0.0088626670314581	0.671002120989922	0.456195408778233	1	0.333739653381977	1	NA	"abundance"	26	7
"NODE_1474_length_4254_cov_5.462967"	"PrePostFVT"	"Post"	"PrePostFVTPost"	0.390694960918003	-0.289783364067339	0.612538329666652	0.330507619521829	1	0.522830570767367	1	NA	"abundance"	26	7
"NODE_1476_length_3230_cov_10.609449"	"PrePostFVT"	"During"	"PrePostFVTDuring"	0.179517886207216	-0.0088626670314581	0.774179293404787	0.817309506977165	1	0.966624183759074	1	NA	"abundance"	26	10
"NODE_1476_length_3230_cov_10.609449"	"PrePostFVT"	"Post"	"PrePostFVTPost"	-0.940022988912018	-0.289783364067339	0.509423063952564	0.258111206332597	1	0.302916920918048	1	NA	"abundance"	26	10
"NODE_1483_length_3329_cov_5.952352"	"PrePostFVT"	"During"	"PrePostFVTDuring"	0.788236620032879	-0.0088626670314581	1.07041055990763	0.4682639212128	1	0.717256742516013	1	NA	"abundance"	26	22
"NODE_1483_length_3329_cov_5.952352"	"PrePostFVT"	"Post"	"PrePostFVTPost"	0.794833759521535	-0.289783364067339	0.861287484382479	0.228719195750234	1	0.25812249843865	1	NA	"abundance"	26	22
"NODE_1490_length_4211_cov_5.142926"	"PrePostFVT"	"During"	"PrePostFVTDuring"	-0.646812639136537	-0.0088626670314581	0.384802815592538	0.17400786437574	1	0.317736991886873	1	NA	"abundance"	26	7
"NODE_1490_length_4211_cov_5.142926"	"PrePostFVT"	"Post"	"PrePostFVTPost"	-0.893766296694102	-0.289783364067339	0.351275303819223	0.164418393395389	1	0.301803378704057	1	NA	"abundance"	26	7
"NODE_1501_length_3111_cov_3.607984"	"PrePostFVT"	"During"	"PrePostFVTDuring"	0.0219678955702632	-0.0088626670314581	1.28146015498797	0.982319529903495	1	0.832103453010996	1	NA	"abundance"	26	6
"NODE_1501_length_3111_cov_3.607984"	"PrePostFVT"	"Post"	"PrePostFVTPost"	-0.135212367859582	-0.289783364067339	1.01308320512859	0.888459415697611	1	0.522824464415808	1	NA	"abundance"	26	6
"NODE_1513_length_2581_cov_6.406572"	"PrePostFVT"	"During"	"PrePostFVTDuring"	0.466625271121027	-0.0088626670314581	0.571452171654399	0.421111072881354	1	0.664887610059423	1	NA	"abundance"	26	19
"NODE_1513_length_2581_cov_6.406572"	"PrePostFVT"	"Post"	"PrePostFVTPost"	0.195766550820552	-0.289783364067339	0.433491122600695	0.286974019060074	1	0.491593950504656	1	NA	"abundance"	26	19
"NODE_1516_length_3749_cov_10.734164"	"PrePostFVT"	"During"	"PrePostFVTDuring"	0.299436238931427	-0.0088626670314581	0.416738215742305	0.486211348351697	1	0.736021221437419	1	NA	"abundance"	26	13
"NODE_1519_length_3911_cov_4.397044"	"PrePostFVT"	"During"	"PrePostFVTDuring"	-0.319728736699078	-0.0088626670314581	1.03733143253836	0.771884662389782	1	0.947963392746976	1	NA	"abundance"	26	11
"NODE_1519_length_3911_cov_4.397044"	"PrePostFVT"	"Post"	"PrePostFVTPost"	-0.855733711539683	-0.289783364067339	0.803513472543709	0.50151709905733	1	0.75151479746778	1	NA	"abundance"	26	11
"NODE_1529_length_2587_cov_5.628752"	"PrePostFVT"	"During"	"PrePostFVTDuring"	-0.423468395163037	-0.0088626670314581	0.726787004343786	0.578440557180167	1	0.631728063749721	1	NA	"abundance"	26	17
"NODE_1529_length_2587_cov_5.628752"	"PrePostFVT"	"Post"	"PrePostFVTPost"	-0.393025837730095	-0.289783364067339	0.57025089689006	0.859694910983916	1	0.410000367455388	1	NA	"abundance"	26	17
"NODE_153_length_65213_cov_33.549280"	"PrePostFVT"	"During"	"PrePostFVTDuring"	-0.393069603708608	-0.0088626670314581	1.28722414983536	0.775302636633424	1	0.832110687330807	1	NA	"abundance"	26	9
"NODE_153_length_65213_cov_33.549280"	"PrePostFVT"	"Post"	"PrePostFVTPost"	-0.670406046650881	-0.289783364067339	0.973049994874548	0.709222366910881	1	0.118524785094965	0.790619351916988	NA	"abundance"	26	9
"NODE_153_length_9880_cov_18.089873"	"PrePostFVT"	"During"	"PrePostFVTDuring"	0.882150380054342	-0.0088626670314581	1.00939172397034	0.39103194831243	1	0.629157912023845	1	NA	"abundance"	26	23
"NODE_153_length_9880_cov_18.089873"	"PrePostFVT"	"Post"	"PrePostFVTPost"	0.93447857021045	-0.289783364067339	0.801720673819011	0.147536619285284	1	0.273306184540438	1	NA	"abundance"	26	23
"NODE_1532_length_2944_cov_14.650744"	"PrePostFVT"	"During"	"PrePostFVTDuring"	-0.411319354121194	-0.0088626670314581	0.640613997242921	0.537611510105267	1	0.786196884412868	1	NA	"abundance"	26	22
"NODE_1532_length_2944_cov_14.650744"	"PrePostFVT"	"Post"	"PrePostFVTPost"	-1.00763084368584	-0.289783364067339	0.503679804092041	0.173390949945819	1	0.316717478368524	1	NA	"abundance"	26	22
"NODE_1535_length_2614_cov_6.153576"	"PrePostFVT"	"During"	"PrePostFVTDuring"	1.10738658838957	-0.0088626670314581	1.01392174529261	0.289209753926336	1	0.49477722608654	1	NA	"abundance"	26	19
"NODE_1542_length_3340_cov_7.443227"	"PrePostFVT"	"During"	"PrePostFVTDuring"	-0.277044033833501	-0.0088626670314581	0.791220163610446	0.738387808080311	1	0.931559061038976	1	NA	"abundance"	26	23
"NODE_1542_length_3340_cov_7.443227"	"PrePostFVT"	"Post"	"PrePostFVTPost"	-1.15130522880162	-0.289783364067339	0.612876503369353	0.177725550474305	1	0.323864729657214	1	NA	"abundance"	26	23
"NODE_1553_length_4236_cov_29.627601"	"PrePostFVT"	"During"	"PrePostFVTDuring"	0.611552020056488	-0.0088626670314581	0.524360602966005	0.250387606975918	1	0.250387606975918	1	NA	"abundance"	26	26
"NODE_1553_length_4236_cov_29.627601"	"PrePostFVT"	"Post"	"PrePostFVTPost"	0.223170343555586	-0.289783364067339	0.390835317651588	0.207843938420717	1	0.207843938420717	0.985984459919534	NA	"abundance"	26	26
"NODE_1556_length_2521_cov_7.834144"	"PrePostFVT"	"During"	"PrePostFVTDuring"	0.284198964626279	-0.0088626670314581	0.885238282051455	0.744419893444502	1	0.93467880913308	1	NA	"abundance"	26	21
"NODE_1556_length_2521_cov_7.834144"	"PrePostFVT"	"Post"	"PrePostFVTPost"	-0.189951989877854	-0.289783364067339	0.708190625641164	0.889671541117194	1	0.877425117184278	1	NA	"abundance"	26	21
"NODE_1557_length_2521_cov_5.727088"	"PrePostFVT"	"During"	"PrePostFVTDuring"	-0.300440525280915	-0.0088626670314581	0.74052871055793	0.698259350695535	1	0.90895258055732	1	NA	"abundance"	26	21
"NODE_1557_length_2521_cov_5.727088"	"PrePostFVT"	"Post"	"PrePostFVTPost"	-0.197963581942362	-0.289783364067339	0.592422968446344	0.878973076913796	1	0.877425117184278	1	NA	"abundance"	26	21
"NODE_156_length_14543_cov_6.802250"	"PrePostFVT"	"During"	"PrePostFVTDuring"	0.514982805086422	-0.0088626670314581	0.579704636037258	0.378188499765748	1	0.613350458176429	1	NA	"abundance"	26	22
"NODE_156_length_14543_cov_6.802250"	"PrePostFVT"	"Post"	"PrePostFVTPost"	-0.0522830991904916	-0.289783364067339	0.455790099447004	0.610527967394993	1	0.554246540789688	1	NA	"abundance"	26	22
"NODE_156_length_62050_cov_244.358481|provirus_1478_13348"	"PrePostFVT"	"During"	"PrePostFVTDuring"	0.0845433891576367	-0.0088626670314581	0.485979592093535	0.84988141309522	1	0.755442235841104	1	NA	"abundance"	26	23
"NODE_156_length_62050_cov_244.358481|provirus_1478_13348"	"PrePostFVT"	"Post"	"PrePostFVTPost"	-0.271901995834283	-0.289783364067339	0.374879416459212	0.962747218580951	1	0.93718618142342	1	NA	"abundance"	26	23
"NODE_1563_length_2301_cov_10.660285"	"PrePostFVT"	"During"	"PrePostFVTDuring"	0.286155716745974	-0.0088626670314581	0.605840412238721	0.631524724850739	1	0.864225971603676	1	NA	"abundance"	26	25
"NODE_1563_length_2301_cov_10.660285"	"PrePostFVT"	"Post"	"PrePostFVTPost"	-0.437938254958757	-0.289783364067339	0.459703774743076	0.751687885075569	1	0.80488757888305	1	NA	"abundance"	26	25
"NODE_1570_length_4197_cov_19.349107"	"PrePostFVT"	"During"	"PrePostFVTDuring"	0.415489110107395	-0.0088626670314581	0.533018640140847	0.435301901931345	1	0.681116058037644	1	NA	"abundance"	26	25
"NODE_1570_length_4197_cov_19.349107"	"PrePostFVT"	"Post"	"PrePostFVTPost"	0.267573237610012	-0.289783364067339	0.404447567265649	0.18726622153276	1	0.339463805338362	1	NA	"abundance"	26	25
"NODE_158_length_11081_cov_10.553238"	"PrePostFVT"	"During"	"PrePostFVTDuring"	0.925420136596947	-0.0088626670314581	0.922846533329041	0.323668518016075	1	0.542575726477428	1	NA	"abundance"	26	24
"NODE_158_length_11081_cov_10.553238"	"PrePostFVT"	"Post"	"PrePostFVTPost"	-0.132752159885253	-0.289783364067339	0.700243870018957	0.825092869375573	1	0.96940749565673	1	NA	"abundance"	26	24
"NODE_159_length_9578_cov_8.532395"	"PrePostFVT"	"During"	"PrePostFVTDuring"	0.443739448486957	-0.0088626670314581	0.491561952203486	0.369912338211322	1	0.369912338211322	1	NA	"abundance"	26	26
"NODE_159_length_9578_cov_8.532395"	"PrePostFVT"	"Post"	"PrePostFVTPost"	0.249569115773165	-0.289783364067339	0.366388646759832	0.16265957548459	1	0.16265957548459	0.92244404208036	NA	"abundance"	26	26
"NODE_1590_length_3270_cov_6.386625"	"PrePostFVT"	"During"	"PrePostFVTDuring"	-0.141672073523926	-0.0088626670314581	0.867027951168597	0.879602559053128	1	0.985504456213445	1	NA	"abundance"	26	25
"NODE_1607_length_3696_cov_24.127712"	"PrePostFVT"	"During"	"PrePostFVTDuring"	-0.113258447836077	-0.0088626670314581	0.517815372980211	0.846827820789427	1	0.63382057303854	1	NA	"abundance"	26	10
"NODE_1607_length_3696_cov_24.127712"	"PrePostFVT"	"Post"	"PrePostFVTPost"	0.398112853099972	-0.289783364067339	0.433235423697376	0.166303654891125	1	0.304950404152104	1	NA	"abundance"	26	10
"NODE_1609_length_2520_cov_15.341582"	"PrePostFVT"	"During"	"PrePostFVTDuring"	0.199744667124264	-0.0088626670314581	0.473165568642696	0.663768740056262	1	0.663768740056262	1	NA	"abundance"	26	26
"NODE_1609_length_2520_cov_15.341582"	"PrePostFVT"	"Post"	"PrePostFVTPost"	0.143399133853843	-0.289783364067339	0.352676792032471	0.239614337261668	1	0.239614337261668	1	NA	"abundance"	26	26
"NODE_162_length_19737_cov_26.076466"	"PrePostFVT"	"During"	"PrePostFVTDuring"	-0.21042538465185	-0.0088626670314581	0.437670991973475	0.650357745666307	1	0.877750293984453	1	NA	"abundance"	26	25
"NODE_162_length_19737_cov_26.076466"	"PrePostFVT"	"Post"	"PrePostFVTPost"	-0.774297804699208	-0.289783364067339	0.332099019876003	0.165531682940376	1	0.303662627823678	1	NA	"abundance"	26	25
"NODE_1621_length_2980_cov_3.932991"	"PrePostFVT"	"During"	"PrePostFVTDuring"	-0.247578905861938	-0.0088626670314581	0.298434312546125	0.551497794972944	1	0.798845772085868	1	NA	"abundance"	26	5
"NODE_1621_length_2980_cov_3.932991"	"PrePostFVT"	"Post"	"PrePostFVTPost"	-0.544582009289688	-0.289783364067339	0.28579948417622	0.536454434466222	1	0.747740332223437	1	NA	"abundance"	26	5
"NODE_1621_length_3853_cov_100.034229"	"PrePostFVT"	"During"	"PrePostFVTDuring"	-0.540913616634364	-0.0088626670314581	0.572181081193778	0.363270559699895	1	0.363270559699895	1	NA	"abundance"	26	26
"NODE_1624_length_2501_cov_5.282911"	"PrePostFVT"	"During"	"PrePostFVTDuring"	-0.0547071973586459	-0.0088626670314581	0.693387455336554	0.948377807440753	1	0.889131129344641	1	NA	"abundance"	26	17
"NODE_1624_length_2501_cov_5.282911"	"PrePostFVT"	"Post"	"PrePostFVTPost"	-0.376016158139164	-0.289783364067339	0.555946777319229	0.879661005259114	1	0.97816951470608	1	NA	"abundance"	26	17
"NODE_1627_length_2508_cov_5.315124"	"PrePostFVT"	"During"	"PrePostFVTDuring"	-0.0746683351648978	-0.0088626670314581	0.77681155151392	0.933336664395201	1	0.995555999686042	1	NA	"abundance"	26	23
"NODE_164_length_28999_cov_13.463136"	"PrePostFVT"	"During"	"PrePostFVTDuring"	-0.0755241951772242	-0.0088626670314581	0.659162595151156	0.932056925215672	1	0.420553871070068	1	NA	"abundance"	26	7
"NODE_164_length_28999_cov_13.463136"	"PrePostFVT"	"Post"	"PrePostFVTPost"	0.436181917780388	-0.289783364067339	0.945362271597419	0.55469168548456	1	0.258138263818121	1	NA	"abundance"	26	7
"NODE_1648_length_4785_cov_13.005285"	"PrePostFVT"	"During"	"PrePostFVTDuring"	0.427083719618622	-0.0088626670314581	0.831974747001196	0.608278551601122	1	0.846554306864285	1	NA	"abundance"	26	18
"NODE_1648_length_4785_cov_13.005285"	"PrePostFVT"	"Post"	"PrePostFVTPost"	-0.0482909193649039	-0.289783364067339	0.635431209070786	0.710158594572085	1	0.915991959699571	1	NA	"abundance"	26	18
"NODE_165_length_16883_cov_194.874733"	"PrePostFVT"	"During"	"PrePostFVTDuring"	-0.589181698684413	-0.0088626670314581	1.88764431260881	0.770784611831394	1	0.947460305826715	1	NA	"abundance"	26	10
"NODE_165_length_16883_cov_194.874733"	"PrePostFVT"	"Post"	"PrePostFVTPost"	0.795267202131851	-0.289783364067339	1.28950655566308	0.438302767637854	1	0.684496219156705	1	NA	"abundance"	26	10
"NODE_1654_length_2858_cov_11.802711"	"PrePostFVT"	"During"	"PrePostFVTDuring"	-0.391186038912538	-0.0088626670314581	0.777893488841739	0.629431092115146	1	0.862678684509027	1	NA	"abundance"	26	21
"NODE_1654_length_2858_cov_11.802711"	"PrePostFVT"	"Post"	"PrePostFVTPost"	-0.328074355894609	-0.289783364067339	0.622314791073391	0.951727182550992	1	0.877425117184278	1	NA	"abundance"	26	21
"NODE_1656_length_3207_cov_14.056472"	"PrePostFVT"	"During"	"PrePostFVTDuring"	0.227683943093247	-0.0088626670314581	0.692174048567674	0.736561375433102	1	0.930600091086301	1	NA	"abundance"	26	21
"NODE_1656_length_3207_cov_14.056472"	"PrePostFVT"	"Post"	"PrePostFVTPost"	-0.335779646498656	-0.289783364067339	0.553739238854139	0.934954850346078	1	0.877425117184278	1	NA	"abundance"	26	21
"NODE_1657_length_2898_cov_7.392191"	"PrePostFVT"	"During"	"PrePostFVTDuring"	0.202904244705165	-0.0088626670314581	0.511798576488554	0.69369792474628	1	0.631728750251376	1	NA	"abundance"	26	11
"NODE_1657_length_2898_cov_7.392191"	"PrePostFVT"	"Post"	"PrePostFVTPost"	-0.416401361259943	-0.289783364067339	0.478720144700605	0.801158364486781	1	0.693052327235613	1	NA	"abundance"	26	11
"NODE_1659_length_2896_cov_6.828933"	"PrePostFVT"	"During"	"PrePostFVTDuring"	0.233115552027712	-0.0088626670314581	0.361991741651235	0.5453922220874	1	0.793331768261368	1	NA	"abundance"	26	8
"NODE_1659_length_2896_cov_6.828933"	"PrePostFVT"	"Post"	"PrePostFVTPost"	0.253744524101519	-0.289783364067339	0.309109665074199	0.17506610231668	1	0.319484064453005	1	NA	"abundance"	26	8
"NODE_1665_length_2883_cov_17.205799"	"PrePostFVT"	"During"	"PrePostFVTDuring"	-0.20222108263802	-0.0088626670314581	0.747381567416889	0.798412923389499	1	0.959362650543632	1	NA	"abundance"	26	25
"NODE_1670_length_2836_cov_3.867314"	"PrePostFVT"	"During"	"PrePostFVTDuring"	-0.517853259020896	-0.0088626670314581	0.367011824621822	0.341896480318136	1	0.566899757382342	1	NA	"abundance"	26	5
"NODE_1670_length_2836_cov_3.867314"	"PrePostFVT"	"Post"	"PrePostFVTPost"	-0.258245788027691	-0.289783364067339	0.334615235711967	0.939550333837106	1	0.747740332223437	1	NA	"abundance"	26	5
"NODE_1678_length_2720_cov_50.305816"	"PrePostFVT"	"During"	"PrePostFVTDuring"	0.203768247421762	-0.0088626670314581	0.856481352959529	0.807856761514349	1	0.631728364282931	1	NA	"abundance"	26	16
"NODE_1678_length_2720_cov_50.305816"	"PrePostFVT"	"Post"	"PrePostFVTPost"	-0.702509100151473	-0.289783364067339	0.686712810200392	0.559888796244461	1	0.693051898977413	1	NA	"abundance"	26	16
"NODE_168_length_20682_cov_21.840016"	"PrePostFVT"	"During"	"PrePostFVTDuring"	0.827050062975942	-0.0088626670314581	0.901368793391152	0.368475584906602	1	0.601176913140942	1	NA	"abundance"	26	23
"NODE_168_length_20682_cov_21.840016"	"PrePostFVT"	"Post"	"PrePostFVTPost"	0.885688634463612	-0.289783364067339	0.716437587636004	0.122302246876295	1	0.229646654161599	1	NA	"abundance"	26	23
"NODE_168_length_21353_cov_13.414217"	"PrePostFVT"	"During"	"PrePostFVTDuring"	0.725788205992473	-0.0088626670314581	0.445441586667661	0.114830704487717	1	0.114830704487717	0.783961442215407	NA	"abundance"	26	26
"NODE_1686_length_3018_cov_10.032400"	"PrePostFVT"	"During"	"PrePostFVTDuring"	0.355653843340616	-0.0088626670314581	0.891895389294072	0.687415621826963	1	0.902291006522176	1	NA	"abundance"	26	23
"NODE_1691_length_3010_cov_5.814213"	"PrePostFVT"	"During"	"PrePostFVTDuring"	-0.182890226798167	-0.0088626670314581	0.873026400472023	0.846462401752105	1	0.660285001100445	1	NA	"abundance"	26	13
"NODE_1691_length_3010_cov_5.814213"	"PrePostFVT"	"Post"	"PrePostFVTPost"	-1.01529507666351	-0.289783364067339	0.73806201593356	0.351221612064043	1	0.579086603347221	1	NA	"abundance"	26	13
"NODE_17_length_139991_cov_17.814237|provirus_88907_131566"	"PrePostFVT"	"During"	"PrePostFVTDuring"	-0.128152785857155	-0.0088626670314581	0.804342778344539	0.883459765924422	1	0.98641837384161	1	NA	"abundance"	26	24
"NODE_1700_length_2749_cov_7.180772"	"PrePostFVT"	"During"	"PrePostFVTDuring"	-0.194538990853289	-0.0088626670314581	0.781028706987987	0.814239767701558	1	0.965493136096429	1	NA	"abundance"	26	25
"NODE_1705_length_3384_cov_5.820066"	"PrePostFVT"	"During"	"PrePostFVTDuring"	0.280506873183391	-0.0088626670314581	0.453795280327666	0.530625167437839	1	0.530625167437839	1	NA	"abundance"	26	26
"NODE_1705_length_3384_cov_5.820066"	"PrePostFVT"	"Post"	"PrePostFVTPost"	-0.0907379630350344	-0.289783364067339	0.338239031560411	0.567218538953608	1	0.567218538953608	1	NA	"abundance"	26	26
"NODE_1710_length_2968_cov_4.391692"	"PrePostFVT"	"During"	"PrePostFVTDuring"	-0.0497320367176819	-0.0088626670314581	0.718034908777308	0.955257858212638	1	0.99799814074828	1	NA	"abundance"	26	21
"NODE_1710_length_2968_cov_4.391692"	"PrePostFVT"	"Post"	"PrePostFVTPost"	-0.51872845540981	-0.289783364067339	0.574427927021846	0.696261807973027	1	0.877475782936609	1	NA	"abundance"	26	21
"NODE_1719_length_2592_cov_7.839574"	"PrePostFVT"	"During"	"PrePostFVTDuring"	-0.311723046071529	-0.0088626670314581	0.401825882992143	0.530831014668043	1	0.333684313940744	1	NA	"abundance"	26	6
"NODE_1719_length_2592_cov_7.839574"	"PrePostFVT"	"Post"	"PrePostFVTPost"	-0.403292417582217	-0.289783364067339	0.401728939367377	0.805124097122321	1	0.751237713264609	1	NA	"abundance"	26	6
"NODE_172_length_22899_cov_500.400893"	"PrePostFVT"	"During"	"PrePostFVTDuring"	0.453695094014558	-0.0088626670314581	1.40441913468834	0.747920748181827	1	0.830578197961549	1	NA	"abundance"	26	14
"NODE_172_length_22899_cov_500.400893"	"PrePostFVT"	"Post"	"PrePostFVTPost"	-1.26739749767473	-0.289783364067339	1.27562702713213	0.459613573457996	1	0.0825254262987335	0.668263229222505	NA	"abundance"	26	14
"NODE_1723_length_3057_cov_7.331113"	"PrePostFVT"	"During"	"PrePostFVTDuring"	-0.15711475590353	-0.0088626670314581	0.82727689672019	0.859410611990815	1	0.980234623979203	1	NA	"abundance"	26	25
"NODE_173_length_16054_cov_33.606850"	"PrePostFVT"	"During"	"PrePostFVTDuring"	0.338869196683271	-0.0088626670314581	0.471991379079282	0.469641208040197	1	0.469641208040197	1	NA	"abundance"	26	26
"NODE_173_length_16054_cov_33.606850"	"PrePostFVT"	"Post"	"PrePostFVTPost"	0.0733511537490498	-0.289783364067339	0.351801602805049	0.319072336028472	1	0.319072336028472	1	NA	"abundance"	26	26
"NODE_1744_length_3031_cov_72.943884"	"PrePostFVT"	"Post"	"PrePostFVTPost"	1.53041962419665	-0.289783364067339	0.588630508911324	0.122337850242954	1	0.229709150883841	1	NA	"abundance"	26	7
"NODE_1752_length_2889_cov_4.153846"	"PrePostFVT"	"During"	"PrePostFVTDuring"	-0.0872983258914791	-0.0088626670314581	0.651718621775991	0.915129123317412	1	0.889149688565465	1	NA	"abundance"	26	6
"NODE_176_length_48312_cov_16.718466|provirus_34_38596"	"PrePostFVT"	"During"	"PrePostFVTDuring"	0.410495733968283	-0.0088626670314581	0.982664925906732	0.675414284949914	1	0.88911573155193	1	NA	"abundance"	26	19
"NODE_176_length_48312_cov_16.718466|provirus_34_38596"	"PrePostFVT"	"Post"	"PrePostFVTPost"	-0.722646945481546	-0.289783364067339	0.736998694430049	0.565993918774626	1	0.512881767096122	1	NA	"abundance"	26	19
"NODE_1760_length_3405_cov_3.861493"	"PrePostFVT"	"During"	"PrePostFVTDuring"	-0.549309757215666	-0.0088626670314581	0.682047689440032	0.467693505962219	1	0.716649796405206	1	NA	"abundance"	26	10
"NODE_1761_length_2502_cov_7.919085"	"PrePostFVT"	"During"	"PrePostFVTDuring"	-0.468740734023887	-0.0088626670314581	0.6375397927175	0.545330066651411	1	0.333711181028766	1	NA	"abundance"	26	5
"NODE_1761_length_2502_cov_7.919085"	"PrePostFVT"	"Post"	"PrePostFVTPost"	-0.326937854705511	-0.289783364067339	0.6375397927175	0.958897067203383	1	0.95952424912333	1	NA	"abundance"	26	5
"NODE_1769_length_1947_cov_6.059197"	"PrePostFVT"	"During"	"PrePostFVTDuring"	0.237730716901358	-0.0088626670314581	0.934556618919221	0.794307945289607	1	0.957690778629017	1	NA	"abundance"	26	25
"NODE_1790_length_3353_cov_6.374773"	"PrePostFVT"	"During"	"PrePostFVTDuring"	0.040293754008528	-0.0088626670314581	0.290283876310537	0.870982450896627	1	0.420567955208771	1	NA	"abundance"	26	10
"NODE_1790_length_3353_cov_6.374773"	"PrePostFVT"	"Post"	"PrePostFVTPost"	0.209363194876804	-0.289783364067339	0.271535702514674	0.11574277365921	1	0.218089157664094	1	NA	"abundance"	26	10
"NODE_1799_length_3032_cov_23.869667"	"PrePostFVT"	"Post"	"PrePostFVTPost"	0.347789310666192	-0.289783364067339	1.01370264353992	0.574189212555318	1	0.81868517329574	1	NA	"abundance"	26	6
"NODE_18_length_170276_cov_137.036740|provirus_122720_154544"	"PrePostFVT"	"During"	"PrePostFVTDuring"	-0.320693709855159	-0.0088626670314581	0.727020807681785	0.672376923516719	1	0.89266311975563	1	NA	"abundance"	26	25
"NODE_1801_length_2808_cov_5.873956"	"PrePostFVT"	"During"	"PrePostFVTDuring"	0.32163004033018	-0.0088626670314581	0.478316686314955	0.519252844497602	1	0.631728418436694	1	NA	"abundance"	26	11
"NODE_1811_length_4326_cov_11.406696"	"PrePostFVT"	"During"	"PrePostFVTDuring"	-0.257343466898358	-0.0088626670314581	0.829520253699416	0.767371296691324	1	0.945883886396924	1	NA	"abundance"	26	25
"NODE_1812_length_3305_cov_5.784923"	"PrePostFVT"	"During"	"PrePostFVTDuring"	-0.222483769451816	-0.0088626670314581	0.181764607838867	0.41458437003749	1	0.657288540195598	1	NA	"abundance"	26	5
"NODE_1812_length_3305_cov_5.784923"	"PrePostFVT"	"Post"	"PrePostFVTPost"	-0.317868311796649	-0.289783364067339	0.152832210831081	0.887473819101129	1	0.751257320996102	1	NA	"abundance"	26	5
"NODE_1816_length_3002_cov_18.713607"	"PrePostFVT"	"During"	"PrePostFVTDuring"	-0.2925164785955	-0.0088626670314581	0.237773263508202	0.275120644400368	1	0.474549919825462	1	NA	"abundance"	26	14
"NODE_1822_length_4306_cov_6.684780"	"PrePostFVT"	"During"	"PrePostFVTDuring"	0.0247782475464174	-0.0088626670314581	0.428772327823967	0.939654265952858	1	0.996358392382312	1	NA	"abundance"	26	14
"NODE_1822_length_4306_cov_6.684780"	"PrePostFVT"	"Post"	"PrePostFVTPost"	-0.544043398102871	-0.289783364067339	0.288106959971091	0.413501693859961	1	0.656019736894865	1	NA	"abundance"	26	14
"NODE_1824_length_2591_cov_4.697950"	"PrePostFVT"	"During"	"PrePostFVTDuring"	-0.195406390667962	-0.0088626670314581	0.952009148296411	0.84710935725824	1	0.860367272220782	1	NA	"abundance"	26	19
"NODE_1824_length_2591_cov_4.697950"	"PrePostFVT"	"Post"	"PrePostFVTPost"	-0.418108046110838	-0.289783364067339	0.796507999274358	0.874139792327856	1	0.287730033458454	1	NA	"abundance"	26	19
"NODE_1837_length_3530_cov_8.391942"	"PrePostFVT"	"During"	"PrePostFVTDuring"	0.658593891086424	-0.0088626670314581	0.86774824290161	0.452293050119701	1	0.700017097052819	1	NA	"abundance"	26	21
"NODE_1837_length_3530_cov_8.391942"	"PrePostFVT"	"Post"	"PrePostFVTPost"	-0.393099899424231	-0.289783364067339	0.619696197067567	0.869779448768198	1	0.9587479011062	1	NA	"abundance"	26	21
"NODE_1839_length_1328_cov_4.930086"	"PrePostFVT"	"During"	"PrePostFVTDuring"	0.622709999818294	-0.0088626670314581	0.389586394547503	0.194086533385477	1	0.350503484329362	1	NA	"abundance"	26	9
"NODE_1839_length_3460_cov_6.952717"	"PrePostFVT"	"During"	"PrePostFVTDuring"	-0.381011595177713	-0.0088626670314581	0.804032957051178	0.86416672498805	1	0.633777547681111	1	NA	"abundance"	26	7
"NODE_1839_length_3460_cov_6.952717"	"PrePostFVT"	"Post"	"PrePostFVTPost"	-0.26444876378752	-0.289783364067339	0.636074646498296	0.989174840865623	1	0.877396808460775	1	NA	"abundance"	26	7
"NODE_1840_length_3253_cov_88.970294"	"PrePostFVT"	"During"	"PrePostFVTDuring"	0.82350063824806	-0.0088626670314581	1.08149013747903	0.45283337394373	1	0.700608683330198	1	NA	"abundance"	26	23
"NODE_1840_length_3253_cov_88.970294"	"PrePostFVT"	"Post"	"PrePostFVTPost"	0.949497124299734	-0.289783364067339	0.858387087892977	0.169424168338484	1	0.310143787859781	1	NA	"abundance"	26	23
"NODE_1843_length_2797_cov_5.328957"	"PrePostFVT"	"During"	"PrePostFVTDuring"	-0.624409995681649	-0.0088626670314581	1.18970807287116	0.615053622875652	1	0.85181628673884	1	NA	"abundance"	26	15
"NODE_1843_length_2797_cov_5.328957"	"PrePostFVT"	"Post"	"PrePostFVTPost"	-0.848244357792632	-0.289783364067339	0.841250645959577	0.520759954670399	1	0.693051780612535	1	NA	"abundance"	26	15
"NODE_1850_length_2736_cov_7.120104"	"PrePostFVT"	"During"	"PrePostFVTDuring"	-0.276448380938407	-0.0088626670314581	0.731162836091248	0.718440378037548	1	0.920724179280361	1	NA	"abundance"	26	22
"NODE_1850_length_2736_cov_7.120104"	"PrePostFVT"	"Post"	"PrePostFVTPost"	-0.461528165703741	-0.289783364067339	0.574873411487717	0.769242646776194	1	0.946751043933143	1	NA	"abundance"	26	22
"NODE_1851_length_3438_cov_6.121490"	"PrePostFVT"	"During"	"PrePostFVTDuring"	0.0244474020775842	-0.0088626670314581	0.302775215950121	0.919974746446307	1	0.420575756746843	1	NA	"abundance"	26	8
"NODE_1851_length_3438_cov_6.121490"	"PrePostFVT"	"Post"	"PrePostFVTPost"	0.179033821825114	-0.289783364067339	0.315552481092582	0.254974948170981	1	0.444937672147167	1	NA	"abundance"	26	8
"NODE_1852_length_2714_cov_5.670929"	"PrePostFVT"	"During"	"PrePostFVTDuring"	0.228523072838372	-0.0088626670314581	0.663426688668049	0.727601729363973	1	0.925799182154502	1	NA	"abundance"	26	15
"NODE_1852_length_2714_cov_5.670929"	"PrePostFVT"	"Post"	"PrePostFVTPost"	-0.718389459760178	-0.289783364067339	0.550882940338274	0.453753237068655	1	0.465929655309642	1	NA	"abundance"	26	15
"NODE_1855_length_3427_cov_4.307236"	"PrePostFVT"	"During"	"PrePostFVTDuring"	-0.720839473589531	-0.0088626670314581	0.607378481552993	0.257119358513184	1	0.448128352504136	1	NA	"abundance"	26	22
"NODE_1855_length_3427_cov_4.307236"	"PrePostFVT"	"Post"	"PrePostFVTPost"	-0.717768276407395	-0.289783364067339	0.477548532993303	0.384353587024486	1	0.620979494190382	1	NA	"abundance"	26	22
"NODE_1858_length_2630_cov_15.348350"	"PrePostFVT"	"During"	"PrePostFVTDuring"	0.445462258050291	-0.0088626670314581	0.590980299289221	0.450486787972152	1	0.450486787972152	1	NA	"abundance"	26	26
"NODE_1858_length_2630_cov_15.348350"	"PrePostFVT"	"Post"	"PrePostFVTPost"	0.110322108140347	-0.289783364067339	0.440490707524623	0.377082209502324	1	0.377082209502324	1	NA	"abundance"	26	26
"NODE_1859_length_2800_cov_5.591257"	"PrePostFVT"	"During"	"PrePostFVTDuring"	0.0640693544022652	-0.0088626670314581	0.53065853379318	0.893884052695465	1	0.988739405727661	1	NA	"abundance"	26	14
"NODE_1859_length_2800_cov_5.591257"	"PrePostFVT"	"Post"	"PrePostFVTPost"	-0.368143495931501	-0.289783364067339	0.469339946931643	0.871585205382436	1	0.302917407453479	1	NA	"abundance"	26	14
"NODE_1861_length_1706_cov_9.000606"	"PrePostFVT"	"During"	"PrePostFVTDuring"	0.550469389975083	-0.0088626670314581	0.548929314276229	0.322275705400309	1	0.322275705400309	1	NA	"abundance"	26	26
"NODE_1861_length_1706_cov_9.000606"	"PrePostFVT"	"Post"	"PrePostFVTPost"	0.354097522007963	-0.289783364067339	0.409147753854665	0.136394449676994	1	0.136394449676994	0.818837023750505	NA	"abundance"	26	26
"NODE_1862_length_2657_cov_7.472713"	"PrePostFVT"	"During"	"PrePostFVTDuring"	0.602939328995491	-0.0088626670314581	0.382902067881014	0.161930394341744	1	0.297639336071815	1	NA	"abundance"	26	9
"NODE_1862_length_2657_cov_7.472713"	"PrePostFVT"	"Post"	"PrePostFVTPost"	-0.223801190164895	-0.289783364067339	0.319676891517123	0.845045053379465	1	0.695444833585413	1	NA	"abundance"	26	9
"NODE_1869_length_3204_cov_4.899968"	"PrePostFVT"	"During"	"PrePostFVTDuring"	0.14566861122408	-0.0088626670314581	0.256726822959318	0.59277195000193	1	0.333684313940744	1	NA	"abundance"	26	6
"NODE_1869_length_3204_cov_4.899968"	"PrePostFVT"	"Post"	"PrePostFVTPost"	0.223991462038895	-0.289783364067339	0.242044369902682	0.130932831949896	1	0.244722257417373	1	NA	"abundance"	26	6
"NODE_1876_length_1287_cov_2.543831"	"PrePostFVT"	"Post"	"PrePostFVTPost"	-0.378460178646994	-0.289783364067339	1.10534555009611	0.943354193873071	1	0.751228839061269	1	NA	"abundance"	26	4
"NODE_1876_length_2784_cov_5.208868"	"PrePostFVT"	"During"	"PrePostFVTDuring"	0.563678686325211	-0.0088626670314581	0.662664117168663	0.406362764647467	1	0.647594832803001	1	NA	"abundance"	26	15
"NODE_1876_length_2784_cov_5.208868"	"PrePostFVT"	"Post"	"PrePostFVTPost"	0.13552616600523	-0.289783364067339	0.526296111104746	0.438634876097386	1	0.684869197665803	1	NA	"abundance"	26	15
"NODE_1890_length_2767_cov_6.326327"	"PrePostFVT"	"During"	"PrePostFVTDuring"	-0.293403119871367	-0.0088626670314581	0.382855987143302	0.491114664177389	1	0.420567955208771	1	NA	"abundance"	26	10
"NODE_1890_length_2767_cov_6.326327"	"PrePostFVT"	"Post"	"PrePostFVTPost"	-0.214343884334889	-0.289783364067339	0.358543337121647	0.8427581564725	1	0.975275002644073	1	NA	"abundance"	26	10
"NODE_1898_length_2647_cov_5.482639"	"PrePostFVT"	"During"	"PrePostFVTDuring"	-0.17625948366331	-0.0088626670314581	0.295077314468036	0.602431668091034	1	0.333739653381977	1	NA	"abundance"	26	7
"NODE_1898_length_2647_cov_5.482639"	"PrePostFVT"	"Post"	"PrePostFVTPost"	0.229645536799712	-0.289783364067339	0.269367502236982	0.132400343638534	1	0.247270836281466	1	NA	"abundance"	26	7
"NODE_19_length_128753_cov_65.537825|provirus_112776_127566"	"PrePostFVT"	"During"	"PrePostFVTDuring"	-0.159075878610047	-0.0088626670314581	0.856217569176378	0.862494397163975	1	0.981092209188701	1	NA	"abundance"	26	23
"NODE_191_length_11482_cov_6.117791"	"PrePostFVT"	"During"	"PrePostFVTDuring"	0.402262865576761	-0.0088626670314581	0.599114226448818	0.500580728138931	1	0.75058039089376	1	NA	"abundance"	26	23
"NODE_191_length_11482_cov_6.117791"	"PrePostFVT"	"Post"	"PrePostFVTPost"	0.130688956426551	-0.289783364067339	0.462150253338864	0.376938523361894	1	0.611794396329542	1	NA	"abundance"	26	23
"NODE_191_length_14612_cov_5.894621"	"PrePostFVT"	"During"	"PrePostFVTDuring"	-0.391058963547348	-0.0088626670314581	0.681305621667419	0.580823638425654	1	0.824291177897293	1	NA	"abundance"	26	25
"NODE_1923_length_2760_cov_6.805176"	"PrePostFVT"	"During"	"PrePostFVTDuring"	-0.805008323777679	-0.0088626670314581	0.825397121144722	0.350050988272008	1	0.577566282153807	1	NA	"abundance"	26	19
"NODE_1923_length_2760_cov_6.805176"	"PrePostFVT"	"Post"	"PrePostFVTPost"	-1.02142373221133	-0.289783364067339	0.619047840858541	0.257107019901131	1	0.448110020119821	1	NA	"abundance"	26	19
"NODE_1929_length_2592_cov_45.237682"	"PrePostFVT"	"During"	"PrePostFVTDuring"	0.763059039325105	-0.0088626670314581	0.657864867733708	0.254072124401977	1	0.254072124401977	1	NA	"abundance"	26	26
"NODE_1929_length_2592_cov_45.237682"	"PrePostFVT"	"Post"	"PrePostFVTPost"	0.172448144333785	-0.289783364067339	0.490343521420493	0.358904971779217	1	0.358904971779217	1	NA	"abundance"	26	26
"NODE_193_length_39712_cov_6.226190"	"PrePostFVT"	"Post"	"PrePostFVTPost"	-0.452078404141448	-0.289783364067339	0.631516552523497	0.801027705780068	1	0.861202942082323	1	NA	"abundance"	26	20
"NODE_1931_length_2526_cov_16.422096"	"PrePostFVT"	"During"	"PrePostFVTDuring"	-0.418127999704095	-0.0088626670314581	0.695127442420804	0.561863625227008	1	0.80803651710078	1	NA	"abundance"	26	25
"NODE_1931_length_2612_cov_7.167775"	"PrePostFVT"	"During"	"PrePostFVTDuring"	-0.469672025049451	-0.0088626670314581	0.449216472667713	0.328746147708567	1	0.54941826578391	1	NA	"abundance"	26	16
"NODE_1931_length_2612_cov_7.167775"	"PrePostFVT"	"Post"	"PrePostFVTPost"	-0.286308734065415	-0.289783364067339	0.405472767128506	0.993372173232466	1	0.795082678841328	1	NA	"abundance"	26	16
"NODE_1936_length_2977_cov_4.843258"	"PrePostFVT"	"During"	"PrePostFVTDuring"	0.131187680195295	-0.0088626670314581	0.70889098661432	0.846331712517401	1	0.631727801495898	1	NA	"abundance"	26	17
"NODE_1936_length_2977_cov_4.843258"	"PrePostFVT"	"Post"	"PrePostFVTPost"	0.0621003048540341	-0.289783364067339	0.557752445587659	0.540021221330514	1	0.410000079953813	1	NA	"abundance"	26	17
"NODE_1948_length_3066_cov_2.655596"	"PrePostFVT"	"During"	"PrePostFVTDuring"	-0.0711415088212204	-0.0088626670314581	1.22481482595504	0.962659531262028	1	0.832103453010996	1	NA	"abundance"	26	6
"NODE_1948_length_3066_cov_2.655596"	"PrePostFVT"	"Post"	"PrePostFVTPost"	0.252474328486225	-0.289783364067339	0.968301140490163	0.6144691772123	1	0.522824464415808	1	NA	"abundance"	26	6
"NODE_1950_length_1653_cov_4.717772"	"PrePostFVT"	"During"	"PrePostFVTDuring"	-0.215111384282784	-0.0088626670314581	0.569238239776544	0.722284389577745	1	0.922874039727794	1	NA	"abundance"	26	19
"NODE_1950_length_1653_cov_4.717772"	"PrePostFVT"	"Post"	"PrePostFVTPost"	-0.899982572780301	-0.289783364067339	0.476258880795654	0.222568830466294	1	0.395600776637454	1	NA	"abundance"	26	19
"NODE_196_length_10813_cov_8.589515"	"PrePostFVT"	"During"	"PrePostFVTDuring"	0.757786358865809	-0.0088626670314581	0.788469453641989	0.344202565470217	1	0.569929724864155	1	NA	"abundance"	26	24
"NODE_196_length_10813_cov_8.589515"	"PrePostFVT"	"Post"	"PrePostFVTPost"	0.0972145859201726	-0.289783364067339	0.598289987735801	0.527142251171382	1	0.776405549372732	1	NA	"abundance"	26	24
"NODE_196_length_44600_cov_157.390863"	"PrePostFVT"	"During"	"PrePostFVTDuring"	0.12598428747993	-0.0088626670314581	0.876024682162171	0.87924375405743	1	0.87924375405743	1	NA	"abundance"	26	26
"NODE_196_length_44600_cov_157.390863"	"PrePostFVT"	"Post"	"PrePostFVTPost"	-0.895253526190877	-0.289783364067339	0.65295024642742	0.36721093904909	1	0.36721093904909	1	NA	"abundance"	26	26
"NODE_1960_length_3107_cov_46.232962"	"PrePostFVT"	"During"	"PrePostFVTDuring"	1.08075801549084	-0.0088626670314581	1.57965335707211	0.527982445573276	1	0.777199428313014	1	NA	"abundance"	26	9
"NODE_1960_length_3491_cov_16.300058"	"PrePostFVT"	"During"	"PrePostFVTDuring"	-0.423692750673766	-0.0088626670314581	0.718390707640701	0.569880127047122	1	0.814996894891	1	NA	"abundance"	26	24
"NODE_197_length_23469_cov_64.990988"	"PrePostFVT"	"During"	"PrePostFVTDuring"	2.0473275485188	-0.0088626670314581	1.81575020559327	0.30883943401564	1	0.522297072028179	1	NA	"abundance"	26	10
"NODE_197_length_8479_cov_9.496083"	"PrePostFVT"	"During"	"PrePostFVTDuring"	0.803336381231905	-0.0088626670314581	0.737410714795429	0.285306141548036	1	0.489212688691044	1	NA	"abundance"	26	25
"NODE_197_length_8479_cov_9.496083"	"PrePostFVT"	"Post"	"PrePostFVTPost"	0.0613083477406647	-0.289783364067339	0.549633495206429	0.532807993931233	1	0.781731629465442	1	NA	"abundance"	26	25
"NODE_1972_length_2680_cov_4.646476"	"PrePostFVT"	"During"	"PrePostFVTDuring"	-0.195555735194746	-0.0088626670314581	0.88143117697144	0.834744722826266	1	0.829867986345828	1	NA	"abundance"	26	21
"NODE_1972_length_2680_cov_4.646476"	"PrePostFVT"	"Post"	"PrePostFVTPost"	-0.926345840959153	-0.289783364067339	0.629467766502783	0.327360110363929	1	0.547555578870375	1	NA	"abundance"	26	21
"NODE_1974_length_1324_cov_3.793538"	"PrePostFVT"	"During"	"PrePostFVTDuring"	0.378294692416046	-0.0088626670314581	0.584134715788547	0.515322712180883	1	0.765087926672305	1	NA	"abundance"	26	23
"NODE_1974_length_1324_cov_3.793538"	"PrePostFVT"	"Post"	"PrePostFVTPost"	0.0206949651454566	-0.289783364067339	0.450595220356973	0.502805464658313	1	0.752797594026364	1	NA	"abundance"	26	23
"NODE_1992_length_3218_cov_3.072716"	"PrePostFVT"	"During"	"PrePostFVTDuring"	-0.656104009542407	-0.0088626670314581	1.55467980245075	0.717397795022674	1	0.829694456441057	1	NA	"abundance"	26	5
"NODE_1992_length_3218_cov_3.072716"	"PrePostFVT"	"Post"	"PrePostFVTPost"	-0.163841448722095	-0.289783364067339	1.26939074313843	0.929993565100134	1	0.747740332223437	1	NA	"abundance"	26	5
"NODE_2_length_2231_cov_4.778033"	"PrePostFVT"	"Post"	"PrePostFVTPost"	2.3079304670153	-0.289783364067339	2.05692967962356	0.242352920569105	1	0.0310861542147433	0.404180113044339	NA	"abundance"	26	12
"NODE_2004_length_2512_cov_6.669109"	"PrePostFVT"	"During"	"PrePostFVTDuring"	-0.705707415484723	-0.0088626670314581	0.613802848181235	0.278547193989031	1	0.4795058486989	1	NA	"abundance"	26	15
"NODE_2004_length_2512_cov_6.669109"	"PrePostFVT"	"Post"	"PrePostFVTPost"	-0.995106807845008	-0.289783364067339	0.554061990166587	0.228408792568304	1	0.404647008614098	1	NA	"abundance"	26	15
"NODE_2005_length_1578_cov_7.019698"	"PrePostFVT"	"During"	"PrePostFVTDuring"	0.228130782239071	-0.0088626670314581	1.03001507209863	0.820244601002739	1	0.967687996531336	1	NA	"abundance"	26	25
"NODE_2008_length_3000_cov_5.932428"	"PrePostFVT"	"During"	"PrePostFVTDuring"	-0.904120018404576	-0.0088626670314581	0.294008557714752	0.199103961542718	1	0.358565535583432	1	NA	"abundance"	26	5
"NODE_2008_length_3000_cov_5.932428"	"PrePostFVT"	"Post"	"PrePostFVTPost"	0.191987156899373	-0.289783364067339	0.292666791820027	0.352043541547306	1	0.580152427949442	1	NA	"abundance"	26	5
"NODE_201_length_27274_cov_8.129836"	"PrePostFVT"	"During"	"PrePostFVTDuring"	-0.191506459848815	-0.0088626670314581	0.740753751289298	0.807516770340247	1	0.962950206299751	1	NA	"abundance"	26	25
"NODE_2011_length_2669_cov_260.882173"	"PrePostFVT"	"During"	"PrePostFVTDuring"	0.608030518554238	-0.0088626670314581	0.725197476416517	0.457379794491555	1	0.705563312573973	1	NA	"abundance"	26	6
"NODE_2011_length_2669_cov_260.882173"	"PrePostFVT"	"Post"	"PrePostFVTPost"	-0.916941344025991	-0.289783364067339	0.540530284792877	0.331358205814437	1	0.552918151068311	1	NA	"abundance"	26	6
"NODE_204_length_7962_cov_6.369546"	"PrePostFVT"	"During"	"PrePostFVTDuring"	0.67588369052724	-0.0088626670314581	0.577955264811895	0.249657468386082	1	0.436986085251216	1	NA	"abundance"	26	25
"NODE_204_length_7962_cov_6.369546"	"PrePostFVT"	"Post"	"PrePostFVTPost"	0.339400662081283	-0.289783364067339	0.43078242002443	0.162104459051231	1	0.29793106245817	1	NA	"abundance"	26	25
"NODE_2048_length_1701_cov_4.141555"	"PrePostFVT"	"During"	"PrePostFVTDuring"	0.446850390357373	-0.0088626670314581	0.690910604687031	0.516965840974726	1	0.516965840974726	1	NA	"abundance"	26	26
"NODE_2048_length_1701_cov_4.141555"	"PrePostFVT"	"Post"	"PrePostFVTPost"	-0.273327047568457	-0.289783364067339	0.514974359485229	0.974893909530701	1	0.974893909530701	1	NA	"abundance"	26	26
"NODE_2051_length_3108_cov_4.075336"	"PrePostFVT"	"During"	"PrePostFVTDuring"	-0.64168917716601	-0.0088626670314581	0.771288111273546	0.423174838580155	1	0.667272733152969	1	NA	"abundance"	26	22
"NODE_2051_length_3108_cov_4.075336"	"PrePostFVT"	"Post"	"PrePostFVTPost"	0.515146558413182	-0.289783364067339	0.550809884444602	0.164476307767456	1	0.301900159718096	1	NA	"abundance"	26	22
"NODE_206_length_23661_cov_285.596331"	"PrePostFVT"	"During"	"PrePostFVTDuring"	0.920292349561912	-0.0088626670314581	1.42527844133799	0.524961661804741	1	0.774338577244686	1	NA	"abundance"	26	21
"NODE_206_length_23661_cov_285.596331"	"PrePostFVT"	"Post"	"PrePostFVTPost"	0.298967032447365	-0.289783364067339	1.20756307174199	0.633614482499479	1	0.865761652565876	1	NA	"abundance"	26	21
"NODE_206_length_8044_cov_8.274377"	"PrePostFVT"	"During"	"PrePostFVTDuring"	0.21842019156851	-0.0088626670314581	0.628749502762066	0.721031080368484	1	0.922176341879625	1	NA	"abundance"	26	25
"NODE_206_length_8044_cov_8.274377"	"PrePostFVT"	"Post"	"PrePostFVTPost"	-0.871901950522683	-0.289783364067339	0.468642209665057	0.230612450470751	1	0.408042798629377	1	NA	"abundance"	26	25
"NODE_2061_length_3718_cov_15.018291"	"PrePostFVT"	"During"	"PrePostFVTDuring"	0.407558966173092	-0.0088626670314581	0.640674428987486	0.522766946514408	1	0.772248612660818	1	NA	"abundance"	26	25
"NODE_2061_length_3718_cov_15.018291"	"PrePostFVT"	"Post"	"PrePostFVTPost"	-0.336353876585328	-0.289783364067339	0.477530524887294	0.923417679445019	1	0.994135148178414	1	NA	"abundance"	26	25
"NODE_2064_length_2932_cov_9.610706"	"PrePostFVT"	"During"	"PrePostFVTDuring"	0.0387446456089769	-0.0088626670314581	0.907884947568643	0.961496452764386	1	0.633695052414852	1	NA	"abundance"	26	7
"NODE_2080_length_2689_cov_8.647684"	"PrePostFVT"	"During"	"PrePostFVTDuring"	-0.24477565075296	-0.0088626670314581	0.887126304941077	0.807473585831412	1	0.633695052414852	1	NA	"abundance"	26	7
"NODE_2080_length_2689_cov_8.647684"	"PrePostFVT"	"Post"	"PrePostFVTPost"	-1.50665023246338	-0.289783364067339	0.887126304941077	0.264443495244535	1	0.458956628311923	1	NA	"abundance"	26	7
"NODE_2087_length_3045_cov_7.023077"	"PrePostFVT"	"During"	"PrePostFVTDuring"	0.164540571097815	-0.0088626670314581	0.900169472352674	0.849525805383824	1	0.29014853927491	1	NA	"abundance"	26	20
"NODE_2087_length_3045_cov_7.023077"	"PrePostFVT"	"Post"	"PrePostFVTPost"	-0.42210970865333	-0.289783364067339	0.734985296431473	0.859307794297048	1	0.980205703254438	1	NA	"abundance"	26	20
"NODE_2089_length_3294_cov_24.345477"	"PrePostFVT"	"Post"	"PrePostFVTPost"	-0.285048784432476	-0.289783364067339	0.26675364380217	0.986710003659032	1	0.597209619619372	1	NA	"abundance"	26	11
"NODE_2090_length_2500_cov_4.756646"	"PrePostFVT"	"During"	"PrePostFVTDuring"	0.295838427234138	-0.0088626670314581	0.660182460667612	0.662364547254886	1	0.886002301049602	1	NA	"abundance"	26	12
"NODE_2090_length_2500_cov_4.756646"	"PrePostFVT"	"Post"	"PrePostFVTPost"	-0.540430416416673	-0.289783364067339	0.375378511275089	0.53565813181725	1	0.597311624652959	1	NA	"abundance"	26	12
"NODE_210_length_20479_cov_11.050382|provirus_7480_20477"	"PrePostFVT"	"Post"	"PrePostFVTPost"	-0.725842268289588	-0.289783364067339	0.618695878617354	0.521673978884098	1	0.46993245394527	1	NA	"abundance"	26	9
"NODE_214_length_17775_cov_57.766253"	"PrePostFVT"	"During"	"PrePostFVTDuring"	0.640330967196172	-0.0088626670314581	1.20716701043517	0.597385867958221	1	0.0338672976796954	0.416532045383247	NA	"abundance"	26	24
"NODE_214_length_17775_cov_57.766253"	"PrePostFVT"	"Post"	"PrePostFVTPost"	0.508557844302063	-0.289783364067339	0.935693672932362	0.405248311572836	1	0.0401945420112893	0.447544913604568	NA	"abundance"	26	24
"NODE_2141_length_3217_cov_14.745098"	"PrePostFVT"	"During"	"PrePostFVTDuring"	0.806418877827591	-0.0088626670314581	0.858067380607838	0.356662272132356	1	0.586116567902097	1	NA	"abundance"	26	23
"NODE_2164_length_2185_cov_81.042254"	"PrePostFVT"	"Post"	"PrePostFVTPost"	-0.734700302381405	-0.289783364067339	1.14861200408603	0.709925754681682	1	0.282942675275454	1	NA	"abundance"	26	10
"NODE_2179_length_2865_cov_4.766192"	"PrePostFVT"	"During"	"PrePostFVTDuring"	-0.863292342774587	-0.0088626670314581	0.817414339775439	0.405694025226679	1	0.333711181028766	1	NA	"abundance"	26	5
"NODE_2179_length_2865_cov_4.766192"	"PrePostFVT"	"Post"	"PrePostFVTPost"	-2.37109347264985	-0.289783364067339	0.817414339775439	0.126331827467056	1	0.236703924302946	1	NA	"abundance"	26	5
"NODE_2184_length_2897_cov_7.643209"	"PrePostFVT"	"During"	"PrePostFVTDuring"	-0.336237807948274	-0.0088626670314581	0.731795667848617	0.65958190487555	1	0.884115520511841	1	NA	"abundance"	26	22
"NODE_2184_length_2897_cov_7.643209"	"PrePostFVT"	"Post"	"PrePostFVTPost"	-0.58988606501523	-0.289783364067339	0.57537097254156	0.609085091611422	1	0.847185534399549	1	NA	"abundance"	26	22
"NODE_2185_length_2811_cov_5.858853"	"PrePostFVT"	"During"	"PrePostFVTDuring"	-0.63669587749684	-0.0088626670314581	0.542391336306606	0.260364916293705	1	0.260364916293705	1	NA	"abundance"	26	26
"NODE_22_length_128069_cov_21.086295|provirus_34170_98395"	"PrePostFVT"	"During"	"PrePostFVTDuring"	-0.942479718900688	-0.0088626670314581	0.801779095899832	0.333487757161775	1	0.555761430146759	1	NA	"abundance"	26	7
"NODE_2205_length_3140_cov_13.088493"	"PrePostFVT"	"During"	"PrePostFVTDuring"	-0.393250796326289	-0.0088626670314581	0.70764649831914	0.592554295801096	1	0.83398799812986	1	NA	"abundance"	26	25
"NODE_2208_length_1898_cov_12.739555"	"PrePostFVT"	"During"	"PrePostFVTDuring"	0.699154806116303	-0.0088626670314581	0.707146684000636	0.331432789349651	1	0.553017884843211	1	NA	"abundance"	26	24
"NODE_2208_length_1898_cov_12.739555"	"PrePostFVT"	"Post"	"PrePostFVTPost"	0.0237582150390296	-0.289783364067339	0.545287023476601	0.575446353676687	1	0.81975420139358	1	NA	"abundance"	26	24
"NODE_2224_length_2870_cov_6.035524"	"PrePostFVT"	"During"	"PrePostFVTDuring"	0.552962764411823	-0.0088626670314581	0.401872114954365	0.281481669037768	1	0.483731408071249	1	NA	"abundance"	26	8
"NODE_2238_length_2860_cov_3.888057"	"PrePostFVT"	"During"	"PrePostFVTDuring"	-0.656104009542404	-0.0088626670314581	0.264670398291942	0.13661766612305	1	0.254570945549191	1	NA	"abundance"	26	5
"NODE_2238_length_2860_cov_3.888057"	"PrePostFVT"	"Post"	"PrePostFVTPost"	-0.694304372015625	-0.289783364067339	0.21610247527815	0.212729517024953	1	0.380205186636235	1	NA	"abundance"	26	5
"NODE_2263_length_3069_cov_20.793298"	"PrePostFVT"	"During"	"PrePostFVTDuring"	0.0579554710462576	-0.0088626670314581	0.509915656604566	0.89688513232117	1	0.89688513232117	1	NA	"abundance"	26	26
"NODE_2263_length_3069_cov_20.793298"	"PrePostFVT"	"Post"	"PrePostFVTPost"	-0.389100994276799	-0.289783364067339	0.380068690319749	0.797976638519945	1	0.797976638519945	1	NA	"abundance"	26	26
"NODE_2269_length_1480_cov_4.322807"	"PrePostFVT"	"Post"	"PrePostFVTPost"	-1.02382102849452	-0.289783364067339	0.522433635155816	0.244266587988258	1	0.244266587988258	1	NA	"abundance"	26	7
"NODE_2269_length_2821_cov_4.664497"	"PrePostFVT"	"During"	"PrePostFVTDuring"	-0.500722263389874	-0.0088626670314581	0.394670436474043	0.268652222826377	1	0.33371953717277	1	NA	"abundance"	26	8
"NODE_2269_length_2821_cov_4.664497"	"PrePostFVT"	"Post"	"PrePostFVTPost"	-0.577740894247114	-0.289783364067339	0.353003969866189	0.455783732506305	1	0.338566227520144	1	NA	"abundance"	26	8
"NODE_228_length_21624_cov_26.365571"	"PrePostFVT"	"During"	"PrePostFVTDuring"	-1.95080585863371	-0.0088626670314581	1.77534580227644	0.310010800905347	1	0.523914905132719	1	NA	"abundance"	26	10
"NODE_228_length_21624_cov_26.365571"	"PrePostFVT"	"Post"	"PrePostFVTPost"	0.101127412451329	-0.289783364067339	1.08717283314233	0.729915661555479	1	0.826257864821594	1	NA	"abundance"	26	10
"NODE_2297_length_1338_cov_4.257989"	"PrePostFVT"	"During"	"PrePostFVTDuring"	-0.504480541723742	-0.0088626670314581	0.735621176247109	0.508172452077309	1	0.758105663104353	1	NA	"abundance"	26	25
"NODE_2312_length_2553_cov_2.835869"	"PrePostFVT"	"During"	"PrePostFVTDuring"	0.758933489736435	-0.0088626670314581	1.25051678511637	0.60175170173681	1	0.829694456441057	1	NA	"abundance"	26	5
"NODE_2312_length_2553_cov_2.835869"	"PrePostFVT"	"Post"	"PrePostFVTPost"	0.551350826039775	-0.289783364067339	1.02104267944025	0.49690671965122	1	0.746897151267904	1	NA	"abundance"	26	5
"NODE_2320_length_2772_cov_4.598822"	"PrePostFVT"	"During"	"PrePostFVTDuring"	-0.364765973425541	-0.0088626670314581	0.637318441269039	0.632854145106476	1	0.333684313940744	1	NA	"abundance"	26	6
"NODE_2320_length_2772_cov_4.598822"	"PrePostFVT"	"Post"	"PrePostFVTPost"	-0.455802769230592	-0.289783364067339	0.637256986820055	0.81910277758183	1	0.751237713264609	1	NA	"abundance"	26	6
"NODE_2327_length_2704_cov_11.934315"	"PrePostFVT"	"During"	"PrePostFVTDuring"	-0.132142426648134	-0.0088626670314581	0.760371728475241	0.87341238647591	1	0.871622048475292	1	NA	"abundance"	26	18
"NODE_2327_length_2704_cov_11.934315"	"PrePostFVT"	"Post"	"PrePostFVTPost"	-0.686522515459149	-0.289783364067339	0.580743500340367	0.506869836796526	1	0.756822642138915	1	NA	"abundance"	26	18
"NODE_2386_length_2082_cov_4.380858"	"PrePostFVT"	"During"	"PrePostFVTDuring"	-0.372450411989472	-0.0088626670314581	0.782472360478955	0.65864174081849	1	0.883474538888569	1	NA	"abundance"	26	9
"NODE_2386_length_2082_cov_4.380858"	"PrePostFVT"	"Post"	"PrePostFVTPost"	-0.86480638250298	-0.289783364067339	0.654663345880503	0.414925639521784	1	0.657687992711007	1	NA	"abundance"	26	9
"NODE_2392_length_2556_cov_7.717313"	"PrePostFVT"	"During"	"PrePostFVTDuring"	0.741748758540283	-0.0088626670314581	0.678044639474719	0.283326903384985	1	0.283326903384985	1	NA	"abundance"	26	26
"NODE_2392_length_2556_cov_7.717313"	"PrePostFVT"	"Post"	"PrePostFVTPost"	0.0232799224203741	-0.289783364067339	0.505384635214936	0.546212924166326	1	0.546212924166326	1	NA	"abundance"	26	26
"NODE_2416_length_2609_cov_7.559123"	"PrePostFVT"	"During"	"PrePostFVTDuring"	0.418396617543625	-0.0088626670314581	1.07787675985791	0.697636873711739	1	0.908576539861189	1	NA	"abundance"	26	18
"NODE_2416_length_2609_cov_7.559123"	"PrePostFVT"	"Post"	"PrePostFVTPost"	-0.735111528484995	-0.289783364067339	0.823241973647098	0.596992514930091	1	0.837584966977627	1	NA	"abundance"	26	18
"NODE_2435_length_2625_cov_14.320233"	"PrePostFVT"	"During"	"PrePostFVTDuring"	-0.240230440641458	-0.0088626670314581	0.671683833493184	0.734353043114691	1	0.929431694297575	1	NA	"abundance"	26	22
"NODE_2435_length_2625_cov_14.320233"	"PrePostFVT"	"Post"	"PrePostFVTPost"	-1.15871457886222	-0.289783364067339	0.528108319708396	0.118925343651449	1	0.223707449940282	1	NA	"abundance"	26	22
"NODE_244_length_13727_cov_20.945802"	"PrePostFVT"	"During"	"PrePostFVTDuring"	-0.563609231204371	-0.0088626670314581	0.584502993877706	0.353777399440944	1	0.58239635052669	1	NA	"abundance"	26	25
"NODE_245_length_3830_cov_69.211126"	"PrePostFVT"	"Post"	"PrePostFVTPost"	-0.131971037593086	-0.289783364067339	0.846392057218724	0.865742055369706	1	0.522805647546991	1	NA	"abundance"	26	7
"NODE_2460_length_2605_cov_26.049804"	"PrePostFVT"	"During"	"PrePostFVTDuring"	-0.299306267797343	-0.0088626670314581	0.774278072920064	0.711700680444022	1	0.91688350234356	1	NA	"abundance"	26	23
"NODE_2528_length_2034_cov_12.868621"	"PrePostFVT"	"During"	"PrePostFVTDuring"	0.299387305836983	-0.0088626670314581	0.544939041122272	0.577965705722912	1	0.82188705445404	1	NA	"abundance"	26	24
"NODE_2528_length_2034_cov_12.868621"	"PrePostFVT"	"Post"	"PrePostFVTPost"	0.389630259057945	-0.289783364067339	0.413492611499927	0.1192067220056	1	0.224203201439879	1	NA	"abundance"	26	24
"NODE_253_length_10761_cov_24.310854"	"PrePostFVT"	"During"	"PrePostFVTDuring"	0.514187849661984	-0.0088626670314581	1.21368083595508	0.674111103840368	1	0.889092106882975	1	NA	"abundance"	26	18
"NODE_253_length_8024_cov_6.829590"	"PrePostFVT"	"During"	"PrePostFVTDuring"	0.330614966416239	-0.0088626670314581	0.613109330985577	0.58554756044037	1	0.58554756044037	1	NA	"abundance"	26	26
"NODE_253_length_8024_cov_6.829590"	"PrePostFVT"	"Post"	"PrePostFVTPost"	-0.475705355391178	-0.289783364067339	0.456984713907723	0.689508994211339	1	0.689508994211339	1	NA	"abundance"	26	26
"NODE_2562_length_1651_cov_5.389724"	"PrePostFVT"	"During"	"PrePostFVTDuring"	0.158901810275825	-0.0088626670314581	0.475124994775684	0.738651143881544	1	0.633708546837912	1	NA	"abundance"	26	8
"NODE_2562_length_1651_cov_5.389724"	"PrePostFVT"	"Post"	"PrePostFVTPost"	0.216943327341587	-0.289783364067339	0.411470315448691	0.276054647264808	1	0.475903126253119	1	NA	"abundance"	26	8
"NODE_259_length_15570_cov_23.236932"	"PrePostFVT"	"During"	"PrePostFVTDuring"	-0.0136608847436995	-0.0088626670314581	0.884169261995033	0.995734667616003	1	0.999981806939654	1	NA	"abundance"	26	22
"NODE_2595_length_2506_cov_4.128519"	"PrePostFVT"	"During"	"PrePostFVTDuring"	0.105157751158545	-0.0088626670314581	0.552171977454964	0.850195458629607	1	0.832103453010996	1	NA	"abundance"	26	6
"NODE_2595_length_2506_cov_4.128519"	"PrePostFVT"	"Post"	"PrePostFVTPost"	-0.294093376365021	-0.289783364067339	0.491779335542553	0.993738520129146	1	0.522824464415808	1	NA	"abundance"	26	6
"NODE_2605_length_1682_cov_3.442532"	"PrePostFVT"	"During"	"PrePostFVTDuring"	-0.312611503405612	-0.0088626670314581	0.548338930656237	0.603820715641441	1	0.633708546837912	1	NA	"abundance"	26	8
"NODE_2605_length_1682_cov_3.442532"	"PrePostFVT"	"Post"	"PrePostFVTPost"	-1.26395023883258	-0.289783364067339	0.460169376892102	0.113921059494873	1	0.214864111193311	1	NA	"abundance"	26	8
"NODE_2608_length_2724_cov_13.636193"	"PrePostFVT"	"During"	"PrePostFVTDuring"	0.13074819683963	-0.0088626670314581	0.880572923558578	0.875600003917498	1	0.984524640974673	1	NA	"abundance"	26	24
"NODE_2629_length_2708_cov_15.615530"	"PrePostFVT"	"During"	"PrePostFVTDuring"	0.71440310599186	-0.0088626670314581	0.638767301271126	0.270097291608709	1	0.467242036283057	1	NA	"abundance"	26	25
"NODE_2629_length_2708_cov_15.615530"	"PrePostFVT"	"Post"	"PrePostFVTPost"	0.224702591593566	-0.289783364067339	0.476109035815442	0.295075296346461	1	0.503081162178971	1	NA	"abundance"	26	25
"NODE_264_length_3553_cov_349.182962"	"PrePostFVT"	"During"	"PrePostFVTDuring"	-1.80940342126336	-0.0088626670314581	1.16230302075998	0.191319787555412	1	0.346036314000576	1	NA	"abundance"	26	11
"NODE_266_length_13446_cov_8.802479"	"PrePostFVT"	"During"	"PrePostFVTDuring"	-0.273499794605756	-0.0088626670314581	0.701882077906162	0.709927434457595	1	0.915857906719647	1	NA	"abundance"	26	24
"NODE_266_length_18584_cov_177.325760"	"PrePostFVT"	"During"	"PrePostFVTDuring"	0.618003692102942	-0.0088626670314581	1.42740780001769	0.668866182872617	1	0.830578197961549	1	NA	"abundance"	26	14
"NODE_266_length_18584_cov_177.325760"	"PrePostFVT"	"Post"	"PrePostFVTPost"	-2.52108708872651	-0.289783364067339	1.29650751934952	0.113340412511569	1	0.0825254262987335	0.668263229222505	NA	"abundance"	26	14
"NODE_2674_length_2654_cov_15.941901"	"PrePostFVT"	"During"	"PrePostFVTDuring"	-0.220960366507374	-0.0088626670314581	0.832470789581342	0.801430985897454	1	0.960570346638343	1	NA	"abundance"	26	24
"NODE_273_length_6498_cov_6.629986"	"PrePostFVT"	"During"	"PrePostFVTDuring"	0.398962986465015	-0.0088626670314581	0.667567114510345	0.548671630642386	1	0.796302703012997	1	NA	"abundance"	26	22
"NODE_273_length_6498_cov_6.629986"	"PrePostFVT"	"Post"	"PrePostFVTPost"	-0.278949682432131	-0.289783364067339	0.524871568373423	0.983813338187919	1	0.959513537725799	1	NA	"abundance"	26	22
"NODE_276_length_13170_cov_54.100343"	"PrePostFVT"	"During"	"PrePostFVTDuring"	-0.44334395935988	-0.0088626670314581	1.21175135271051	0.725931556611434	1	0.655099369524527	1	NA	"abundance"	26	15
"NODE_276_length_13170_cov_54.100343"	"PrePostFVT"	"Post"	"PrePostFVTPost"	1.15868462648623	-0.289783364067339	0.971562514243417	0.162502807282976	1	0.298598452191104	1	NA	"abundance"	26	15
"NODE_277_length_7921_cov_10.657513"	"PrePostFVT"	"During"	"PrePostFVTDuring"	-0.0518433571016461	-0.0088626670314581	0.949541509730385	0.964377372199937	1	0.998731028388618	1	NA	"abundance"	26	25
"NODE_2778_length_1596_cov_3.332901"	"PrePostFVT"	"During"	"PrePostFVTDuring"	0.304365192569878	-0.0088626670314581	0.868889479658533	0.72358029698732	1	0.923592147786382	1	NA	"abundance"	26	18
"NODE_28_length_164425_cov_74.042416|provirus_29_45282"	"PrePostFVT"	"During"	"PrePostFVTDuring"	0.571342431561515	-0.0088626670314581	0.532741725650023	0.289783384447568	1	0.289783384447568	1	NA	"abundance"	26	26
"NODE_281_length_12466_cov_5.775038"	"PrePostFVT"	"During"	"PrePostFVTDuring"	-0.301991847775699	-0.0088626670314581	0.781500011981909	0.711216413223946	1	0.916604040008757	1	NA	"abundance"	26	25
"NODE_281_length_6882_cov_6.653288"	"PrePostFVT"	"During"	"PrePostFVTDuring"	-0.104340995797238	-0.0088626670314581	0.886758300351257	0.915271669736434	1	0.915271669736434	1	NA	"abundance"	26	26
"NODE_2814_length_2535_cov_17.660484"	"PrePostFVT"	"During"	"PrePostFVTDuring"	-0.734172808481843	-0.0088626670314581	0.485360443992679	0.15147317702701	1	0.280002230695364	1	NA	"abundance"	26	25
"NODE_2822_length_1727_cov_3.586722"	"PrePostFVT"	"During"	"PrePostFVTDuring"	1.00873132069295	-0.0088626670314581	0.700513582389041	0.321267234299121	1	0.539321832764036	1	NA	"abundance"	26	5
"NODE_2822_length_1727_cov_3.586722"	"PrePostFVT"	"Post"	"PrePostFVTPost"	0.19397407139615	-0.289783364067339	0.633403362757754	0.57408391214491	1	0.747740332223437	1	NA	"abundance"	26	5
"NODE_284_length_24493_cov_8.915378|provirus_641_11254"	"PrePostFVT"	"During"	"PrePostFVTDuring"	-0.586149562770501	-0.0088626670314581	0.795903638813464	0.47850101424983	1	0.728038807861544	1	NA	"abundance"	26	20
"NODE_284_length_24493_cov_8.915378|provirus_641_11254"	"PrePostFVT"	"Post"	"PrePostFVTPost"	-0.601513959602058	-0.289783364067339	0.581245835438105	0.599635379882742	1	0.839708170958364	1	NA	"abundance"	26	20
"NODE_286_length_13153_cov_47.017331"	"PrePostFVT"	"During"	"PrePostFVTDuring"	-0.705697353534748	-0.0088626670314581	0.633646884109324	0.284399282008187	1	0.487915612409602	1	NA	"abundance"	26	25
"NODE_292_length_47089_cov_379.804461|provirus_45_28630"	"PrePostFVT"	"During"	"PrePostFVTDuring"	-0.339263451091544	-0.0088626670314581	0.369073388641861	0.53633720220291	1	0.420553871070068	1	NA	"abundance"	26	7
"NODE_292_length_47089_cov_379.804461|provirus_45_28630"	"PrePostFVT"	"Post"	"PrePostFVTPost"	0.929286735265868	-0.289783364067339	0.524618067815632	0.265421016819114	1	0.258138263818121	1	NA	"abundance"	26	7
"NODE_294_length_12938_cov_7.822712"	"PrePostFVT"	"During"	"PrePostFVTDuring"	-0.0476691194582639	-0.0088626670314581	0.887633072777091	0.965587708101082	1	0.998815794166264	1	NA	"abundance"	26	24
"NODE_295_length_27982_cov_394.127905"	"PrePostFVT"	"During"	"PrePostFVTDuring"	-0.23795095642241	-0.0088626670314581	0.780661928303847	0.772531706998289	1	0.948258175678888	1	NA	"abundance"	26	25
"NODE_295_length_27982_cov_394.127905"	"PrePostFVT"	"Post"	"PrePostFVTPost"	0.412421906387088	-0.289783364067339	0.592547595259375	0.253577116455686	1	0.442852878921392	1	NA	"abundance"	26	25
"NODE_296_length_13554_cov_17.365138"	"PrePostFVT"	"During"	"PrePostFVTDuring"	0.0722586229580288	-0.0088626670314581	0.511303842468972	0.875727868222484	1	0.755442235841104	1	NA	"abundance"	26	24
"NODE_296_length_13554_cov_17.365138"	"PrePostFVT"	"Post"	"PrePostFVTPost"	0.215128088371794	-0.289783364067339	0.394414270098053	0.219691970101178	1	0.391119378475419	1	NA	"abundance"	26	24
"NODE_2985_length_1477_cov_5.940225"	"PrePostFVT"	"During"	"PrePostFVTDuring"	0.245932978841148	-0.0088626670314581	0.867565138468253	0.776277331200332	1	0.949948167465154	1	NA	"abundance"	26	12
"NODE_2985_length_1477_cov_5.940225"	"PrePostFVT"	"Post"	"PrePostFVTPost"	0.240818657535517	-0.289783364067339	0.560010888839613	0.372822135264758	1	0.191582796280946	0.94344113184402	NA	"abundance"	26	12
"NODE_299_length_12840_cov_7.627063"	"PrePostFVT"	"During"	"PrePostFVTDuring"	-0.99397883803579	-0.0088626670314581	0.601820799014941	0.126227718212784	1	0.236521999580362	1	NA	"abundance"	26	18
"NODE_299_length_12840_cov_7.627063"	"PrePostFVT"	"Post"	"PrePostFVTPost"	0.601197471213917	-0.289783364067339	0.521192100472788	0.113020681851633	1	0.213267689177058	0.996469504158475	NA	"abundance"	26	18
"NODE_303_length_11603_cov_19.569363"	"PrePostFVT"	"During"	"PrePostFVTDuring"	0.714324721396072	-0.0088626670314581	0.557041580264832	0.210871079270292	1	0.210871079270292	0.992233916242103	NA	"abundance"	26	26
"NODE_303_length_11603_cov_19.569363"	"PrePostFVT"	"Post"	"PrePostFVTPost"	0.383313621960986	-0.289783364067339	0.415194279922023	0.125796698825054	1	0.125796698825054	0.80912513056522	NA	"abundance"	26	26
"NODE_304_length_11539_cov_7.449408"	"PrePostFVT"	"During"	"PrePostFVTDuring"	0.219811631170921	-0.0088626670314581	0.739201707509018	0.762978559840071	1	0.63080762659022	1	NA	"abundance"	26	16
"NODE_304_length_11539_cov_7.449408"	"PrePostFVT"	"Post"	"PrePostFVTPost"	-0.0883517428288626	-0.289783364067339	0.59491416089189	0.741894382145308	1	0.68111068609128	1	NA	"abundance"	26	16
"NODE_313_length_7970_cov_11.130259"	"PrePostFVT"	"During"	"PrePostFVTDuring"	0.048940732916889	-0.0088626670314581	0.707924003019177	0.93597527766802	1	0.829841924687928	1	NA	"abundance"	26	22
"NODE_315_length_19741_cov_19.947983"	"PrePostFVT"	"During"	"PrePostFVTDuring"	-0.256297640468752	-0.0088626670314581	0.504069320034077	0.628773131919146	1	0.628773131919146	1	NA	"abundance"	26	26
"NODE_317_length_13362_cov_13.186669"	"PrePostFVT"	"During"	"PrePostFVTDuring"	0.152758070943323	-0.0088626670314581	1.09903191605135	0.885955037724062	1	0.831680197722927	1	NA	"abundance"	26	17
"NODE_317_length_13362_cov_13.186669"	"PrePostFVT"	"Post"	"PrePostFVTPost"	-0.445950945747823	-0.289783364067339	0.935673608041337	0.870765140668136	1	0.118509172421183	0.790619351916988	NA	"abundance"	26	17
"NODE_32_length_125259_cov_59.302315|provirus_14302_103731"	"PrePostFVT"	"During"	"PrePostFVTDuring"	0.0771233029217875	-0.0088626670314581	0.791947251073518	0.91455667369017	1	0.992699437989112	1	NA	"abundance"	26	25
"NODE_32_length_125259_cov_59.302315|provirus_14302_103731"	"PrePostFVT"	"Post"	"PrePostFVTPost"	0.334961096091057	-0.289783364067339	0.600919208031383	0.312569606609774	1	0.527439454243359	1	NA	"abundance"	26	25
"NODE_3202_length_1566_cov_4.050960"	"PrePostFVT"	"During"	"PrePostFVTDuring"	-0.878496430878848	-0.0088626670314581	0.648444624290981	0.312403280355548	1	0.527210751134189	1	NA	"abundance"	26	5
"NODE_3202_length_1566_cov_4.050960"	"PrePostFVT"	"Post"	"PrePostFVTPost"	-0.600852599983445	-0.289783364067339	0.52945281865455	0.617278617987224	1	0.747740332223437	1	NA	"abundance"	26	5
"NODE_321_length_5931_cov_9.859939"	"PrePostFVT"	"During"	"PrePostFVTDuring"	0.336121653588668	-0.0088626670314581	0.559967596194043	0.54490173876768	1	0.54490173876768	1	NA	"abundance"	26	26
"NODE_321_length_5931_cov_9.859939"	"PrePostFVT"	"Post"	"PrePostFVTPost"	0.0769976034229572	-0.289783364067339	0.417375203429011	0.392566790626812	1	0.392566790626812	1	NA	"abundance"	26	26
"NODE_321_length_8192_cov_6.306624"	"PrePostFVT"	"During"	"PrePostFVTDuring"	-0.10796032989997	-0.0088626670314581	0.734085164905379	0.894109185567132	1	0.988787135418744	1	NA	"abundance"	26	23
"NODE_322_length_15127_cov_72.883028"	"PrePostFVT"	"During"	"PrePostFVTDuring"	-0.648696613322184	-0.0088626670314581	0.547687095227482	0.256619580264905	1	0.447385551554473	1	NA	"abundance"	26	25
"NODE_325_length_3511_cov_3.129340"	"PrePostFVT"	"During"	"PrePostFVTDuring"	0.15458927688727	-0.0088626670314581	0.659447535683337	0.807091985178175	1	0.755442235841104	1	NA	"abundance"	26	23
"NODE_33_length_148803_cov_16.133501|provirus_110_29457"	"PrePostFVT"	"During"	"PrePostFVTDuring"	-0.238884340088457	-0.0088626670314581	0.56548159976276	0.691840198365085	1	0.90503753665633	1	NA	"abundance"	26	17
"NODE_33_length_148803_cov_16.133501|provirus_110_29457"	"PrePostFVT"	"Post"	"PrePostFVTPost"	-0.145306526400701	-0.289783364067339	0.490804662826262	0.77435953029272	1	0.700008398523866	1	NA	"abundance"	26	17
"NODE_330_length_31412_cov_3595.604713"	"PrePostFVT"	"During"	"PrePostFVTDuring"	0.103204323925826	-0.0088626670314581	1.16549879245725	0.924393609702026	1	0.99428367374611	1	NA	"abundance"	26	23
"NODE_331_length_7917_cov_41.518189"	"PrePostFVT"	"During"	"PrePostFVTDuring"	0.450334741340085	-0.0088626670314581	0.517897747635403	0.387719520562867	1	0.387719520562867	1	NA	"abundance"	26	26
"NODE_335_length_20808_cov_107.089963"	"PrePostFVT"	"During"	"PrePostFVTDuring"	1.56458783617195	-0.0088626670314581	1.34832498568031	0.280703696098325	1	0.482612827193389	1	NA	"abundance"	26	13
"NODE_336_length_3001_cov_13.074338"	"PrePostFVT"	"During"	"PrePostFVTDuring"	0.72968042176354	-0.0088626670314581	0.851284280217008	0.40013584077964	1	0.640162990482851	1	NA	"abundance"	26	18
"NODE_336_length_5681_cov_48.252755"	"PrePostFVT"	"During"	"PrePostFVTDuring"	-0.176357691037757	-0.0088626670314581	0.499998901997565	0.741043994042508	1	0.741043994042508	1	NA	"abundance"	26	26
"NODE_336_length_5681_cov_48.252755"	"PrePostFVT"	"Post"	"PrePostFVTPost"	0.0514558787150892	-0.289783364067339	0.37267717784727	0.374981780112729	1	0.374981780112729	1	NA	"abundance"	26	26
"NODE_336_length_5945_cov_6.382343"	"PrePostFVT"	"During"	"PrePostFVTDuring"	0.318326388114623	-0.0088626670314581	0.549748019443129	0.558841875915014	1	0.805379509553816	1	NA	"abundance"	26	24
"NODE_336_length_5945_cov_6.382343"	"PrePostFVT"	"Post"	"PrePostFVTPost"	0.0266027123513776	-0.289783364067339	0.424069693627757	0.46950144559846	1	0.718571283777876	1	NA	"abundance"	26	24
"NODE_340_length_10477_cov_17.771925"	"PrePostFVT"	"During"	"PrePostFVTDuring"	0.29343004282256	-0.0088626670314581	0.554637711172413	0.591551795467559	1	0.591551795467559	1	NA	"abundance"	26	26
"NODE_340_length_10477_cov_17.771925"	"PrePostFVT"	"Post"	"PrePostFVTPost"	-0.305952631223653	-0.289783364067339	0.413402541688803	0.969410351893252	1	0.969410351893252	1	NA	"abundance"	26	26
"NODE_341_length_3453_cov_50.811948"	"PrePostFVT"	"During"	"PrePostFVTDuring"	0.522597595569565	-0.0088626670314581	0.68319454248358	0.452308729634806	1	0.697922695231275	1	NA	"abundance"	26	19
"NODE_342_length_10504_cov_7.705618"	"PrePostFVT"	"During"	"PrePostFVTDuring"	-0.520913366242056	-0.0088626670314581	0.679024739652086	0.459289595199739	1	0.707632258140738	1	NA	"abundance"	26	25
"NODE_3433_length_2017_cov_7.702345"	"PrePostFVT"	"During"	"PrePostFVTDuring"	-1.19432686915244	-0.0088626670314581	0.842199132158478	0.218423467184974	1	0.389138123352842	1	NA	"abundance"	26	8
"NODE_344_length_20349_cov_6.230117"	"PrePostFVT"	"Post"	"PrePostFVTPost"	-0.621265275581068	-0.289783364067339	0.321168999382987	0.384649009460236	1	0.621343158441731	1	NA	"abundance"	26	6
"NODE_353_length_5638_cov_9.194340"	"PrePostFVT"	"During"	"PrePostFVTDuring"	0.832075102200654	-0.0088626670314581	0.656149999953101	0.216391927120354	1	0.216391927120354	1	NA	"abundance"	26	26
"NODE_353_length_5638_cov_9.194340"	"PrePostFVT"	"Post"	"PrePostFVTPost"	0.229819918352329	-0.289783364067339	0.489065334443872	0.304575079350489	1	0.304575079350489	1	NA	"abundance"	26	26
"NODE_358_length_10507_cov_12.936854"	"PrePostFVT"	"During"	"PrePostFVTDuring"	0.436564444265519	-0.0088626670314581	0.568376685007369	0.442153595164616	1	0.688807388612237	1	NA	"abundance"	26	23
"NODE_358_length_10507_cov_12.936854"	"PrePostFVT"	"Post"	"PrePostFVTPost"	0.0918546086884872	-0.289783364067339	0.438439645349499	0.39782382516161	1	0.637383854457004	1	NA	"abundance"	26	23
"NODE_3599_length_1022_cov_3.847983"	"PrePostFVT"	"During"	"PrePostFVTDuring"	-0.443301894792462	-0.0088626670314581	0.794493310928621	0.618204567180828	1	0.854232247478421	1	NA	"abundance"	26	10
"NODE_3599_length_1022_cov_3.847983"	"PrePostFVT"	"Post"	"PrePostFVTPost"	-0.459605957985837	-0.289783364067339	0.519388550736879	0.757678461806095	1	0.826260571922851	1	NA	"abundance"	26	10
"NODE_364_length_6238_cov_6.230309"	"PrePostFVT"	"During"	"PrePostFVTDuring"	-0.0465208115318001	-0.0088626670314581	0.406845196586676	0.927272410499938	1	0.99471069772551	1	NA	"abundance"	26	25
"NODE_364_length_6238_cov_6.230309"	"PrePostFVT"	"Post"	"PrePostFVTPost"	-0.496033185168677	-0.289783364067339	0.308708809826454	0.517559600157598	1	0.767251260599903	1	NA	"abundance"	26	25
"NODE_365_length_20565_cov_18.642223"	"PrePostFVT"	"During"	"PrePostFVTDuring"	-0.0680435570657411	-0.0088626670314581	0.824016452901481	0.943377770606395	1	0.996793923138498	1	NA	"abundance"	26	25
"NODE_368_length_3350_cov_6.287102"	"PrePostFVT"	"During"	"PrePostFVTDuring"	-0.75726587171045	-0.0088626670314581	0.527598050403142	0.171154029064071	1	0.171154029064071	0.933001624112053	NA	"abundance"	26	26
"NODE_369_length_11021_cov_18.926774"	"PrePostFVT"	"During"	"PrePostFVTDuring"	0.0288182766880899	-0.0088626670314581	0.439492605708476	0.933020639801333	1	0.889176531713456	1	NA	"abundance"	26	18
"NODE_371_length_7093_cov_11.975703"	"PrePostFVT"	"During"	"PrePostFVTDuring"	-0.648691381154808	-0.0088626670314581	0.549706304291371	0.258767553510631	1	0.450574460271385	1	NA	"abundance"	26	25
"NODE_3714_length_1904_cov_5.448891"	"PrePostFVT"	"During"	"PrePostFVTDuring"	-0.334350914816755	-0.0088626670314581	0.71207030196568	0.652148195904655	1	0.878999122387614	1	NA	"abundance"	26	25
"NODE_372_length_12857_cov_13.769099"	"PrePostFVT"	"During"	"PrePostFVTDuring"	-0.447323151039567	-0.0088626670314581	0.644193937855328	0.504372445369931	1	0.754353327091418	1	NA	"abundance"	26	24
"NODE_377_length_6517_cov_6.469205"	"PrePostFVT"	"During"	"PrePostFVTDuring"	0.76851876838928	-0.0088626670314581	0.514820895512632	0.188867773817403	1	0.342064511648065	1	NA	"abundance"	26	12
"NODE_377_length_6517_cov_6.469205"	"PrePostFVT"	"Post"	"PrePostFVTPost"	-0.920908058439538	-0.289783364067339	0.342446399710073	0.123324968851705	1	0.191582790546656	0.94344113184402	NA	"abundance"	26	12
"NODE_38_length_1261_cov_5.764511"	"PrePostFVT"	"During"	"PrePostFVTDuring"	1.01781431663966	-0.0088626670314581	1.0381163399334	0.337287270190127	1	0.560811837747946	1	NA	"abundance"	26	23
"NODE_3804_length_1429_cov_2.868996"	"PrePostFVT"	"During"	"PrePostFVTDuring"	-0.648102846615963	-0.0088626670314581	0.416056825535067	0.236412385569878	1	0.333739653381977	1	NA	"abundance"	26	7
"NODE_3804_length_1429_cov_2.868996"	"PrePostFVT"	"Post"	"PrePostFVTPost"	-0.672230478210131	-0.289783364067339	0.40573365332646	0.432788445633538	1	0.522830570767367	1	NA	"abundance"	26	7
"NODE_384_length_5899_cov_10.838809"	"PrePostFVT"	"Post"	"PrePostFVTPost"	-0.528954536664182	-0.289783364067339	0.189722512372105	0.441117821528302	1	0.687650710586729	1	NA	"abundance"	26	6
"NODE_386_length_12222_cov_6.937372"	"PrePostFVT"	"During"	"PrePostFVTDuring"	-0.163673932072494	-0.0088626670314581	0.770967913995251	0.8426458183825	1	0.975239661527487	1	NA	"abundance"	26	25
"NODE_389_length_10778_cov_6.249930"	"PrePostFVT"	"During"	"PrePostFVTDuring"	0.463226743612575	-0.0088626670314581	0.280559179013407	0.158958458788138	1	0.292649125955976	1	NA	"abundance"	26	10
"NODE_389_length_10778_cov_6.249930"	"PrePostFVT"	"Post"	"PrePostFVTPost"	0.0932227511964511	-0.289783364067339	0.262678893243255	0.216744572962535	1	0.386510936016358	1	NA	"abundance"	26	10
"NODE_393_length_5776_cov_11.760007"	"PrePostFVT"	"During"	"PrePostFVTDuring"	0.469611146817218	-0.0088626670314581	0.534610017613631	0.381688599818368	1	0.61769101240543	1	NA	"abundance"	26	25
"NODE_393_length_5776_cov_11.760007"	"PrePostFVT"	"Post"	"PrePostFVTPost"	0.280610435544928	-0.289783364067339	0.405655083661884	0.179076246606998	1	0.326084191115146	1	NA	"abundance"	26	25
"NODE_396_length_13688_cov_5.961417"	"PrePostFVT"	"During"	"PrePostFVTDuring"	0.0224970241146405	-0.0088626670314581	0.59208642657805	0.958844584548833	1	0.998306231779042	1	NA	"abundance"	26	15
"NODE_396_length_13688_cov_5.961417"	"PrePostFVT"	"Post"	"PrePostFVTPost"	0.417588335431761	-0.289783364067339	0.41866832728185	0.122009069458534	1	0.229131925886931	1	NA	"abundance"	26	15
"NODE_397_length_16929_cov_5.824641"	"PrePostFVT"	"During"	"PrePostFVTDuring"	-0.500722263389864	-0.0088626670314581	0.487932209825284	0.370526572236925	1	0.333739653381977	1	NA	"abundance"	26	7
"NODE_397_length_16929_cov_5.824641"	"PrePostFVT"	"Post"	"PrePostFVTPost"	-0.266879820210135	-0.289783364067339	0.445419129757753	0.961617500499628	1	0.522830570767367	1	NA	"abundance"	26	7
"NODE_4_length_209900_cov_20.895447|provirus_191243_209899"	"PrePostFVT"	"During"	"PrePostFVTDuring"	-0.439069169707618	-0.0088626670314581	0.639550309606164	0.508628341918026	1	0.508628341918026	1	NA	"abundance"	26	26
"NODE_400_length_5362_cov_8.985114"	"PrePostFVT"	"During"	"PrePostFVTDuring"	0.500356633400403	-0.0088626670314581	0.651411895884508	0.443419992665427	1	0.690218695435447	1	NA	"abundance"	26	25
"NODE_400_length_5362_cov_8.985114"	"PrePostFVT"	"Post"	"PrePostFVTPost"	0.00593100924821467	-0.289783364067339	0.494282820031914	0.559367408698494	1	0.80584291948292	1	NA	"abundance"	26	25
"NODE_402_length_29684_cov_275.000203"	"PrePostFVT"	"During"	"PrePostFVTDuring"	-0.826717677248505	-0.0088626670314581	1.94874244124284	0.680937723042634	1	0.697922506709254	1	NA	"abundance"	26	17
"NODE_403_length_17644_cov_1809.089886"	"PrePostFVT"	"During"	"PrePostFVTDuring"	1.05736365801601	-0.0088626670314581	1.3059989717948	0.427901098854759	1	0.672702847308408	1	NA	"abundance"	26	19
"NODE_403_length_4567_cov_8.259087"	"PrePostFVT"	"During"	"PrePostFVTDuring"	-0.458134529381149	-0.0088626670314581	0.594665682299093	0.458684547933111	1	0.458684547933111	1	NA	"abundance"	26	26
"NODE_406_length_5653_cov_8.832797"	"PrePostFVT"	"During"	"PrePostFVTDuring"	0.707046455404832	-0.0088626670314581	0.577768205044287	0.229198361268039	1	0.229198361268039	1	NA	"abundance"	26	26
"NODE_406_length_5653_cov_8.832797"	"PrePostFVT"	"Post"	"PrePostFVTPost"	0.22020503792039	-0.289783364067339	0.430642993905688	0.253186449596268	1	0.253186449596268	1	NA	"abundance"	26	26
"NODE_408_length_8696_cov_40.826988"	"PrePostFVT"	"During"	"PrePostFVTDuring"	-0.876637200004292	-0.0088626670314581	0.579783506101363	0.341145611888481	1	0.565910895266196	1	NA	"abundance"	26	7
"NODE_41_length_88707_cov_853.230034"	"PrePostFVT"	"During"	"PrePostFVTDuring"	0.408977604008844	-0.0088626670314581	0.539988821614151	0.448713154665638	1	0.696082814161287	1	NA	"abundance"	26	25
"NODE_414_length_12838_cov_6.220840"	"PrePostFVT"	"During"	"PrePostFVTDuring"	-0.383461698144007	-0.0088626670314581	0.436709100674867	0.407119703721116	1	0.648492954284263	1	NA	"abundance"	26	19
"NODE_417_length_5474_cov_11.435689"	"PrePostFVT"	"During"	"PrePostFVTDuring"	1.03270919572987	-0.0088626670314581	0.640887095724876	0.12233511586555	1	0.12233511586555	0.803718629139332	NA	"abundance"	26	26
"NODE_417_length_5474_cov_11.435689"	"PrePostFVT"	"Post"	"PrePostFVTPost"	0.41322914096252	-0.289783364067339	0.477689037314413	0.161283514379481	1	0.161283514379481	0.917629406976065	NA	"abundance"	26	26
"NODE_419_length_11855_cov_14.191441"	"PrePostFVT"	"During"	"PrePostFVTDuring"	0.0444324578680468	-0.0088626670314581	0.884287606165504	0.953003130338081	1	0.654998546404674	1	NA	"abundance"	26	16
"NODE_419_length_11855_cov_14.191441"	"PrePostFVT"	"Post"	"PrePostFVTPost"	-0.106327632082653	-0.289783364067339	0.709007411494672	0.800405041167736	1	0.702760297605538	1	NA	"abundance"	26	16
"NODE_42_length_31081_cov_10.095017|provirus_3_24148"	"PrePostFVT"	"During"	"PrePostFVTDuring"	0.315061441763149	-0.0088626670314581	0.473239000175159	0.501262913681737	1	0.501262913681737	1	NA	"abundance"	26	26
"NODE_420_length_8092_cov_8.250467"	"PrePostFVT"	"During"	"PrePostFVTDuring"	-0.362979165681121	-0.0088626670314581	0.697263634985788	0.616804042352113	1	0.853160858042319	1	NA	"abundance"	26	24
"NODE_423_length_12451_cov_8.742578"	"PrePostFVT"	"During"	"PrePostFVTDuring"	0.121957825050659	-0.0088626670314581	0.684483007407072	0.85195604203178	1	0.887058377436715	1	NA	"abundance"	26	15
"NODE_423_length_12451_cov_8.742578"	"PrePostFVT"	"Post"	"PrePostFVTPost"	0.131959501946778	-0.289783364067339	0.473796165687832	0.397556035750729	1	0.637061269939623	1	NA	"abundance"	26	15
"NODE_424_length_13454_cov_10.768266"	"PrePostFVT"	"During"	"PrePostFVTDuring"	0.853326964160133	-0.0088626670314581	1.04682366590262	0.423512873538591	1	0.667662593024268	1	NA	"abundance"	26	21
"NODE_424_length_13454_cov_10.768266"	"PrePostFVT"	"Post"	"PrePostFVTPost"	1.1614939251059	-0.289783364067339	0.867620394483716	0.116323031628966	1	0.142923092348912	0.837808430233857	NA	"abundance"	26	21
"NODE_424_length_5400_cov_8.976052"	"PrePostFVT"	"During"	"PrePostFVTDuring"	0.33568462433765	-0.0088626670314581	0.567980107180101	0.55083026919443	1	0.798246552928052	1	NA	"abundance"	26	24
"NODE_424_length_5400_cov_8.976052"	"PrePostFVT"	"Post"	"PrePostFVTPost"	-0.0982950020427952	-0.289783364067339	0.438133729490303	0.667941723872658	1	0.889737301255338	1	NA	"abundance"	26	24
"NODE_4240_length_1184_cov_4.600531"	"PrePostFVT"	"During"	"PrePostFVTDuring"	-0.562998292943674	-0.0088626670314581	0.936449305605595	0.577655501779607	1	0.821625124822964	1	NA	"abundance"	26	10
"NODE_427_length_16212_cov_30.515318"	"PrePostFVT"	"During"	"PrePostFVTDuring"	-0.296987216862624	-0.0088626670314581	0.793421163594587	0.720212372404523	1	0.921718883444495	1	NA	"abundance"	26	25
"NODE_427_length_16212_cov_30.515318"	"PrePostFVT"	"Post"	"PrePostFVTPost"	0.3853922394689	-0.289783364067339	0.602037593559798	0.27708666349992	1	0.477396307910321	1	NA	"abundance"	26	25
"NODE_431_length_12194_cov_8.575912"	"PrePostFVT"	"During"	"PrePostFVTDuring"	-0.0666435595294534	-0.0088626670314581	0.846168445336568	0.946272288138741	1	0.997113332978154	1	NA	"abundance"	26	23
"NODE_431_length_6333_cov_17.949028"	"PrePostFVT"	"During"	"PrePostFVTDuring"	-0.637720899122578	-0.0088626670314581	0.695752981964507	0.377580242892709	1	0.612593645962501	1	NA	"abundance"	26	24
"NODE_431_length_6333_cov_17.949028"	"PrePostFVT"	"Post"	"PrePostFVTPost"	0.198274631202689	-0.289783364067339	0.536696347175852	0.37661048786321	1	0.611385516157855	1	NA	"abundance"	26	24
"NODE_432_length_17999_cov_36.791239"	"PrePostFVT"	"During"	"PrePostFVTDuring"	-0.556481578601751	-0.0088626670314581	0.516427820047809	0.307944607944343	1	0.52105933432669	1	NA	"abundance"	26	19
"NODE_432_length_20945_cov_11.322451"	"PrePostFVT"	"Post"	"PrePostFVTPost"	-0.911424426646283	-0.289783364067339	0.458817829761834	0.401488738807291	1	0.312103962492378	1	NA	"abundance"	26	6
"NODE_4320_length_1681_cov_4.281058"	"PrePostFVT"	"During"	"PrePostFVTDuring"	-0.0868536353207754	-0.0088626670314581	0.752680215367692	0.918402367226669	1	0.918402367226669	1	NA	"abundance"	26	26
"NODE_4372_length_1017_cov_2.721414"	"PrePostFVT"	"During"	"PrePostFVTDuring"	-0.211488274792516	-0.0088626670314581	0.619629380861554	0.746642944515062	1	0.935810202436002	1	NA	"abundance"	26	25
"NODE_4382_length_1351_cov_5.240741"	"PrePostFVT"	"During"	"PrePostFVTDuring"	0.814745250771192	-0.0088626670314581	1.01296673318157	0.426141940795926	1	0.670686927886533	1	NA	"abundance"	26	24
"NODE_4382_length_1351_cov_5.240741"	"PrePostFVT"	"Post"	"PrePostFVTPost"	0.760766987362898	-0.289783364067339	0.78464065757487	0.197059004811894	1	0.355285758246333	1	NA	"abundance"	26	24
"NODE_4383_length_1318_cov_9.849565"	"PrePostFVT"	"During"	"PrePostFVTDuring"	1.11171918063402	-0.0088626670314581	1.18717742485967	0.359639701169944	1	0.589938687682281	1	NA	"abundance"	26	23
"NODE_4383_length_1318_cov_9.849565"	"PrePostFVT"	"Post"	"PrePostFVTPost"	1.1953221618198	-0.289783364067339	0.933548587155099	0.132573087590973	1	0.247570551628542	1	NA	"abundance"	26	23
"NODE_44_length_91318_cov_778.137087"	"PrePostFVT"	"During"	"PrePostFVTDuring"	0.0746153296638461	-0.0088626670314581	0.75702534601145	0.913193369802893	1	0.992464608953823	1	NA	"abundance"	26	25
"NODE_44_length_91318_cov_778.137087"	"PrePostFVT"	"Post"	"PrePostFVTPost"	0.361908004029678	-0.289783364067339	0.574420923575697	0.271430926982378	1	0.469187105842243	1	NA	"abundance"	26	25
"NODE_440_length_4091_cov_6.641724"	"PrePostFVT"	"During"	"PrePostFVTDuring"	-0.513691687242961	-0.0088626670314581	0.624607902081974	0.428620527006364	1	0.428620527006364	1	NA	"abundance"	26	26
"NODE_444_length_12751_cov_9.040013"	"PrePostFVT"	"During"	"PrePostFVTDuring"	-0.189317093530713	-0.0088626670314581	0.80352991974996	0.824736767654411	1	0.969282799387776	1	NA	"abundance"	26	22
"NODE_445_length_13206_cov_42.964718"	"PrePostFVT"	"During"	"PrePostFVTDuring"	-0.266187684821924	-0.0088626670314581	0.771795253874613	0.742823070971442	1	0.821953213677281	1	NA	"abundance"	26	21
"NODE_446_length_10263_cov_13.200137"	"PrePostFVT"	"During"	"PrePostFVTDuring"	0.439056021911236	-0.0088626670314581	0.517642599603919	0.39771470271973	1	0.39771470271973	1	NA	"abundance"	26	26
"NODE_446_length_10263_cov_13.200137"	"PrePostFVT"	"Post"	"PrePostFVTPost"	0.142112383289323	-0.289783364067339	0.385828013588023	0.280242001053454	1	0.280242001053454	1	NA	"abundance"	26	26
"NODE_446_length_8151_cov_7.545949"	"PrePostFVT"	"During"	"PrePostFVTDuring"	-0.292586168038895	-0.0088626670314581	0.741474324224173	0.706348751310807	1	0.913768944143278	1	NA	"abundance"	26	22
"NODE_4504_length_1360_cov_3.496552"	"PrePostFVT"	"During"	"PrePostFVTDuring"	-0.64681263913652	-0.0088626670314581	0.908796785288492	0.521415229670663	1	0.333739653381977	1	NA	"abundance"	26	7
"NODE_4504_length_1360_cov_3.496552"	"PrePostFVT"	"Post"	"PrePostFVTPost"	0.0404751018474667	-0.289783364067339	0.82961416581781	0.711711927170652	1	0.522830570767367	1	NA	"abundance"	26	7
"NODE_459_length_10008_cov_349.284035"	"PrePostFVT"	"During"	"PrePostFVTDuring"	1.22807288005828	-0.0088626670314581	1.11717148322474	0.287587110287552	1	0.492467874571559	1	NA	"abundance"	26	21
"NODE_463_length_12161_cov_9.640674"	"PrePostFVT"	"During"	"PrePostFVTDuring"	-0.659109158733645	-0.0088626670314581	0.910493287666419	0.485854003196736	1	0.735653893971178	1	NA	"abundance"	26	19
"NODE_463_length_12161_cov_9.640674"	"PrePostFVT"	"Post"	"PrePostFVTPost"	-0.593714188465185	-0.289783364067339	0.678641628093128	0.660939063212425	1	0.885037681144732	1	NA	"abundance"	26	19
"NODE_474_length_13836_cov_8.532327"	"PrePostFVT"	"During"	"PrePostFVTDuring"	-0.399971781321527	-0.0088626670314581	0.806169488208556	0.634492716320148	1	0.866404425576976	1	NA	"abundance"	26	20
"NODE_474_length_13836_cov_8.532327"	"PrePostFVT"	"Post"	"PrePostFVTPost"	-0.699768968453306	-0.289783364067339	0.658234630770541	0.543042113025681	1	0.512870536489538	1	NA	"abundance"	26	20
"NODE_477_length_15190_cov_11.631913"	"PrePostFVT"	"During"	"PrePostFVTDuring"	-0.0842745167183193	-0.0088626670314581	0.437978487938918	0.866354647758908	1	0.631728358258412	1	NA	"abundance"	26	16
"NODE_48_length_29548_cov_16476.712644"	"PrePostFVT"	"During"	"PrePostFVTDuring"	-0.774612379323857	-0.0088626670314581	1.10849055158105	0.500615871771705	1	0.697922027856725	1	NA	"abundance"	26	19
"NODE_48_length_29548_cov_16476.712644"	"PrePostFVT"	"Post"	"PrePostFVTPost"	0.00371389121676065	-0.289783364067339	0.858633089140335	0.738267526550017	1	0.287728947144534	1	NA	"abundance"	26	19
"NODE_480_length_16803_cov_99.263016"	"PrePostFVT"	"During"	"PrePostFVTDuring"	0.586730835091932	-0.0088626670314581	0.629963431952749	0.354905642571351	1	0.354905642571351	1	NA	"abundance"	26	26
"NODE_480_length_16803_cov_99.263016"	"PrePostFVT"	"Post"	"PrePostFVTPost"	0.0743788041810724	-0.289783364067339	0.469547019061804	0.449365102878967	1	0.449365102878967	1	NA	"abundance"	26	26
"NODE_4819_length_1553_cov_13.226969"	"PrePostFVT"	"During"	"PrePostFVTDuring"	0.652706059965051	-0.0088626670314581	0.700245805793085	0.357696267744684	1	0.587445915530892	1	NA	"abundance"	26	25
"NODE_4819_length_1553_cov_13.226969"	"PrePostFVT"	"Post"	"PrePostFVTPost"	0.247111561873365	-0.289783364067339	0.531552122259353	0.329365968799308	1	0.550249996195509	1	NA	"abundance"	26	25
"NODE_482_length_6261_cov_4.535127"	"PrePostFVT"	"During"	"PrePostFVTDuring"	-0.428852053184946	-0.0088626670314581	0.69666427038551	0.555101875223719	1	0.802065658570548	1	NA	"abundance"	26	20
"NODE_482_length_6261_cov_4.535127"	"PrePostFVT"	"Post"	"PrePostFVTPost"	-0.779689679980284	-0.289783364067339	0.568823994824278	0.40333297137588	1	0.512870536489538	1	NA	"abundance"	26	20
"NODE_483_length_7947_cov_8.551191"	"PrePostFVT"	"During"	"PrePostFVTDuring"	-0.317120892370235	-0.0088626670314581	0.753181898911893	0.686476351117242	1	0.901702921591241	1	NA	"abundance"	26	25
"NODE_484_length_5956_cov_60.701745"	"PrePostFVT"	"During"	"PrePostFVTDuring"	-1.06334351451997	-0.0088626670314581	0.83174720357409	0.238435880636065	1	0.420020092097433	1	NA	"abundance"	26	15
"NODE_484_length_5956_cov_60.701745"	"PrePostFVT"	"Post"	"PrePostFVTPost"	0.783592536889494	-0.289783364067339	0.683518934680295	0.16345030276777	1	0.300184604060664	1	NA	"abundance"	26	15
"NODE_486_length_6444_cov_8.092190"	"PrePostFVT"	"During"	"PrePostFVTDuring"	0.605151380793674	-0.0088626670314581	0.589856590013568	0.311531126586313	1	0.311531126586313	1	NA	"abundance"	26	26
"NODE_486_length_6444_cov_8.092190"	"PrePostFVT"	"Post"	"PrePostFVTPost"	0.086451019032093	-0.289783364067339	0.439653144082187	0.406383391975661	1	0.406383391975661	1	NA	"abundance"	26	26
"NODE_486_length_8815_cov_3.911872"	"PrePostFVT"	"During"	"PrePostFVTDuring"	-0.522844561585423	-0.0088626670314581	0.45417830584639	0.280786002938633	1	0.482731226431012	1	NA	"abundance"	26	17
"NODE_486_length_8815_cov_3.911872"	"PrePostFVT"	"Post"	"PrePostFVTPost"	0.0774464851350523	-0.289783364067339	0.364152774210562	0.337919732501325	1	0.561649719388883	1	NA	"abundance"	26	17
"NODE_4865_length_1122_cov_8.839738"	"PrePostFVT"	"During"	"PrePostFVTDuring"	0.35755444433371	-0.0088626670314581	0.653703837324128	0.602897699410711	1	0.842309762866694	1	NA	"abundance"	26	10
"NODE_488_length_15615_cov_8.245694"	"PrePostFVT"	"During"	"PrePostFVTDuring"	0.433169084462912	-0.0088626670314581	0.387401878160653	0.349553657144036	1	0.576919555065302	1	NA	"abundance"	26	7
"NODE_488_length_15615_cov_8.245694"	"PrePostFVT"	"Post"	"PrePostFVTPost"	0.234698123429053	-0.289783364067339	0.336700314361506	0.278632900866309	1	0.479629508287444	1	NA	"abundance"	26	7
"NODE_491_length_7982_cov_27.348808"	"PrePostFVT"	"Post"	"PrePostFVTPost"	-0.775574207298481	-0.289783364067339	0.097507920441311	0.14757935756749	1	0.273379048354947	1	NA	"abundance"	26	8
"NODE_492_length_8732_cov_6.818716"	"PrePostFVT"	"During"	"PrePostFVTDuring"	-0.596051947990146	-0.0088626670314581	0.652114535329793	0.378022785584098	1	0.613144344747435	1	NA	"abundance"	26	25
"NODE_493_length_18317_cov_24.839010"	"PrePostFVT"	"During"	"PrePostFVTDuring"	0.0317701024879977	-0.0088626670314581	0.729588191479393	0.956301086063086	1	0.998090404920734	1	NA	"abundance"	26	21
"NODE_493_length_18317_cov_24.839010"	"PrePostFVT"	"Post"	"PrePostFVTPost"	-0.465893692942526	-0.289783364067339	0.583670553183514	0.767015775403081	1	0.877425117184278	1	NA	"abundance"	26	21
"NODE_498_length_18150_cov_25.040951|provirus_5737_18148"	"PrePostFVT"	"During"	"PrePostFVTDuring"	0.338472019395444	-0.0088626670314581	0.891814986914447	0.705672092548627	1	0.913371082895296	1	NA	"abundance"	26	14
"NODE_498_length_18150_cov_25.040951|provirus_5737_18148"	"PrePostFVT"	"Post"	"PrePostFVTPost"	0.208646184533183	-0.289783364067339	0.63549557318663	0.454936752479552	1	0.702906056202462	1	NA	"abundance"	26	14
"NODE_499_length_7571_cov_37.322113"	"PrePostFVT"	"During"	"PrePostFVTDuring"	-0.26192033276413	-0.0088626670314581	0.717030529010777	0.727701759455964	1	0.925853668196623	1	NA	"abundance"	26	24
"NODE_502_length_4680_cov_4.082162"	"PrePostFVT"	"During"	"PrePostFVTDuring"	-0.820154387714098	-0.0088626670314581	0.554602354415563	0.158869965390517	1	0.158869965390517	0.906861015557016	NA	"abundance"	26	26
"NODE_502_length_7518_cov_18.659654"	"PrePostFVT"	"During"	"PrePostFVTDuring"	-0.143681320189934	-0.0088626670314581	0.766514083620191	0.861994358294198	1	0.98095444285737	1	NA	"abundance"	26	24
"NODE_502_length_8707_cov_57.547272"	"PrePostFVT"	"During"	"PrePostFVTDuring"	0.0796707780311408	-0.0088626670314581	0.536073925964427	0.870419935968453	1	0.870419935968453	1	NA	"abundance"	26	26
"NODE_502_length_8707_cov_57.547272"	"PrePostFVT"	"Post"	"PrePostFVTPost"	-0.455207111584482	-0.289783364067339	0.39956591314055	0.684970226421314	1	0.684970226421314	1	NA	"abundance"	26	26
"NODE_5027_length_1271_cov_3.500822"	"PrePostFVT"	"During"	"PrePostFVTDuring"	0.162040021372944	-0.0088626670314581	1.0891805469256	0.879651682550217	1	0.631728389249569	1	NA	"abundance"	26	10
"NODE_5027_length_1271_cov_3.500822"	"PrePostFVT"	"Post"	"PrePostFVTPost"	0.175174062699187	-0.289783364067339	0.653508328155362	0.500659246242335	1	0.750658811636727	1	NA	"abundance"	26	10
"NODE_504_length_3999_cov_6.731237"	"PrePostFVT"	"During"	"PrePostFVTDuring"	0.431601944587597	-0.0088626670314581	0.600117282052058	0.47105129661388	1	0.720213269186143	1	NA	"abundance"	26	24
"NODE_504_length_3999_cov_6.731237"	"PrePostFVT"	"Post"	"PrePostFVTPost"	0.142271906278195	-0.289783364067339	0.455361138469551	0.35689440226813	1	0.586415190165934	1	NA	"abundance"	26	24
"NODE_504_length_4677_cov_196.953700"	"PrePostFVT"	"During"	"PrePostFVTDuring"	-0.930070771934496	-0.0088626670314581	1.19527909388898	0.451404422542065	1	0.699042892393595	1	NA	"abundance"	26	21
"NODE_504_length_4677_cov_196.953700"	"PrePostFVT"	"Post"	"PrePostFVTPost"	0.920207167242955	-0.289783364067339	0.956223275111184	0.223448907438897	1	0.396968400642157	1	NA	"abundance"	26	21
"NODE_504_length_8678_cov_23.069813"	"PrePostFVT"	"During"	"PrePostFVTDuring"	-0.196667141937345	-0.0088626670314581	0.682505557980259	0.785837151783302	1	0.954134274443711	1	NA	"abundance"	26	25
"NODE_506_length_14593_cov_7.901087"	"PrePostFVT"	"Post"	"PrePostFVTPost"	-0.370639195029841	-0.289783364067339	0.264360324018962	0.778198037066362	1	0.522830570767367	1	NA	"abundance"	26	7
"NODE_515_length_5801_cov_5.203098"	"PrePostFVT"	"During"	"PrePostFVTDuring"	-0.096051514070978	-0.0088626670314581	0.69381511926978	0.902254688991503	1	0.88679306792217	1	NA	"abundance"	26	16
"NODE_515_length_5801_cov_5.203098"	"PrePostFVT"	"Post"	"PrePostFVTPost"	0.0203615934808075	-0.289783364067339	0.551421701713485	0.586948385304534	1	0.829388363597468	1	NA	"abundance"	26	16
"NODE_516_length_24243_cov_6.742434"	"PrePostFVT"	"During"	"PrePostFVTDuring"	-0.439293889497099	-0.0088626670314581	0.249506270588214	0.162632306626234	1	0.298815346093899	1	NA	"abundance"	26	7
"NODE_516_length_24243_cov_6.742434"	"PrePostFVT"	"Post"	"PrePostFVTPost"	-0.186247547054662	-0.289783364067339	0.227767021066921	0.680432178305341	1	0.522830570767367	1	NA	"abundance"	26	7
"NODE_52_length_84715_cov_387.896220"	"PrePostFVT"	"During"	"PrePostFVTDuring"	0.161813809334794	-0.0088626670314581	0.315763315082831	0.597578882006525	1	0.838057243792882	1	NA	"abundance"	26	25
"NODE_530_length_12000_cov_40.575303"	"PrePostFVT"	"During"	"PrePostFVTDuring"	-0.863490662236945	-0.0088626670314581	0.620003374335099	0.191118125868183	1	0.345710113700999	1	NA	"abundance"	26	18
"NODE_530_length_12411_cov_6.230091"	"PrePostFVT"	"During"	"PrePostFVTDuring"	0.312859935639624	-0.0088626670314581	0.570311754968528	0.758385900563329	1	0.226086600053919	1	NA	"abundance"	26	6
"NODE_530_length_12411_cov_6.230091"	"PrePostFVT"	"Post"	"PrePostFVTPost"	-0.595694315963713	-0.289783364067339	0.653977368167735	0.835935380686449	1	0.547167309654886	1	NA	"abundance"	26	6
"NODE_535_length_9302_cov_18.873472"	"PrePostFVT"	"During"	"PrePostFVTDuring"	-0.0704065745026532	-0.0088626670314581	0.859929516040332	0.943645191398266	1	0.996824135547462	1	NA	"abundance"	26	23
"NODE_540_length_11002_cov_8.996894"	"PrePostFVT"	"Post"	"PrePostFVTPost"	0.502368343963382	-0.289783364067339	0.343627769755414	0.25578286865545	1	0.33858535084283	1	NA	"abundance"	26	6
"NODE_543_length_4816_cov_8.005881"	"PrePostFVT"	"During"	"PrePostFVTDuring"	0.361539611479043	-0.0088626670314581	0.594297502834151	0.539988707625755	1	0.788389610888177	1	NA	"abundance"	26	24
"NODE_543_length_4816_cov_8.005881"	"PrePostFVT"	"Post"	"PrePostFVTPost"	0.238352445639696	-0.289783364067339	0.450945166176193	0.258832233922543	1	0.450670342527751	1	NA	"abundance"	26	24
"NODE_545_length_14235_cov_14.402257"	"PrePostFVT"	"During"	"PrePostFVTDuring"	-0.0300937127530572	-0.0088626670314581	0.948308081975201	0.982430757452369	1	0.999691321716303	1	NA	"abundance"	26	20
"NODE_545_length_14235_cov_14.402257"	"PrePostFVT"	"Post"	"PrePostFVTPost"	-1.02402618748467	-0.289783364067339	0.692546303949701	0.305664138733962	1	0.517897711759949	1	NA	"abundance"	26	20
"NODE_545_length_3550_cov_3.934478"	"PrePostFVT"	"During"	"PrePostFVTDuring"	-0.851463979357572	-0.0088626670314581	1.1100095144047	0.472712130471773	1	0.633688711474403	1	NA	"abundance"	26	10
"NODE_545_length_3550_cov_3.934478"	"PrePostFVT"	"Post"	"PrePostFVTPost"	-1.46675996033713	-0.289783364067339	0.906318973308685	0.235750201429676	1	0.415922245385219	1	NA	"abundance"	26	10
"NODE_546_length_8041_cov_7.521913"	"PrePostFVT"	"During"	"PrePostFVTDuring"	-0.0893291111344549	-0.0088626670314581	0.760427280461932	0.916785201878719	1	0.993075297373634	1	NA	"abundance"	26	24
"NODE_548_length_8007_cov_11.081992"	"PrePostFVT"	"During"	"PrePostFVTDuring"	0.665337642807604	-0.0088626670314581	0.65389850595674	0.314783820189086	1	0.530478786925337	1	NA	"abundance"	26	25
"NODE_548_length_8007_cov_11.081992"	"PrePostFVT"	"Post"	"PrePostFVTPost"	0.229855467822581	-0.289783364067339	0.496169627206587	0.310061179531448	1	0.523984424010463	1	NA	"abundance"	26	25
"NODE_55_length_89827_cov_97.896738"	"PrePostFVT"	"During"	"PrePostFVTDuring"	0.0822715430920121	-0.0088626670314581	0.447307846944178	0.845186668078497	1	0.89758260101411	1	NA	"abundance"	26	9
"NODE_55_length_89827_cov_97.896738"	"PrePostFVT"	"Post"	"PrePostFVTPost"	0.0809197379093648	-0.289783364067339	0.374244595093216	0.364453507524288	1	0.59608065590182	1	NA	"abundance"	26	9
"NODE_550_length_6952_cov_55.107293"	"PrePostFVT"	"During"	"PrePostFVTDuring"	-0.59924315872904	-0.0088626670314581	1.15653835721513	0.629627711190246	1	0.655099987035098	1	NA	"abundance"	26	11
"NODE_550_length_6952_cov_55.107293"	"PrePostFVT"	"Post"	"PrePostFVTPost"	0.729402990365137	-0.289783364067339	0.71970615300033	0.22619812160191	1	0.401230652987587	1	NA	"abundance"	26	11
"NODE_551_length_4189_cov_6.637639"	"PrePostFVT"	"During"	"PrePostFVTDuring"	0.148444216702981	-0.0088626670314581	0.450258811097899	0.730733825624736	1	0.730733825624736	1	NA	"abundance"	26	26
"NODE_551_length_4189_cov_6.637639"	"PrePostFVT"	"Post"	"PrePostFVTPost"	-0.175967434375786	-0.289783364067339	0.335603103027713	0.740121474540884	1	0.740121474540884	1	NA	"abundance"	26	26
"NODE_553_length_7537_cov_19.611868"	"PrePostFVT"	"During"	"PrePostFVTDuring"	-0.679475182317733	-0.0088626670314581	1.1725648315931	0.574322423624041	1	0.818798600970689	1	NA	"abundance"	26	23
"NODE_553_length_7537_cov_19.611868"	"PrePostFVT"	"Post"	"PrePostFVTPost"	1.11405870067582	-0.289783364067339	0.921923696959237	0.145871056263375	1	0.270463747471358	1	NA	"abundance"	26	23
"NODE_554_length_7991_cov_8.091482"	"PrePostFVT"	"During"	"PrePostFVTDuring"	-0.186753784391888	-0.0088626670314581	0.712782935913592	0.805217095502798	1	0.962059620115634	1	NA	"abundance"	26	25
"NODE_555_length_13052_cov_9.809264"	"PrePostFVT"	"During"	"PrePostFVTDuring"	-0.14023584851332	-0.0088626670314581	0.755295194246669	0.863832994524533	1	0.981458546619844	1	NA	"abundance"	26	21
"NODE_555_length_13052_cov_9.809264"	"PrePostFVT"	"Post"	"PrePostFVTPost"	-0.387097390395149	-0.289783364067339	0.604236155397335	0.874184363542763	1	0.877425117184278	1	NA	"abundance"	26	21
"NODE_562_length_6184_cov_8.894926"	"PrePostFVT"	"During"	"PrePostFVTDuring"	-0.436033531153762	-0.0088626670314581	0.729489799451581	0.565035318009409	1	0.810805725420824	1	NA	"abundance"	26	23
"NODE_566_length_3670_cov_6.032365"	"PrePostFVT"	"During"	"PrePostFVTDuring"	0.452823662891083	-0.0088626670314581	0.528937980421628	0.392439653037088	1	0.630870424798306	1	NA	"abundance"	26	25
"NODE_566_length_3670_cov_6.032365"	"PrePostFVT"	"Post"	"PrePostFVTPost"	0.208318652336655	-0.289783364067339	0.394247093368071	0.224518337266751	1	0.398628190764475	1	NA	"abundance"	26	25
"NODE_570_length_6989_cov_7.928613"	"PrePostFVT"	"During"	"PrePostFVTDuring"	-0.157526620891034	-0.0088626670314581	0.766275242185639	0.847892216786008	1	0.976863222285725	1	NA	"abundance"	26	25
"NODE_583_length_6725_cov_4.753823"	"PrePostFVT"	"During"	"PrePostFVTDuring"	-0.108733087601196	-0.0088626670314581	0.827122112754669	0.907465648513119	1	0.383682264090324	1	NA	"abundance"	26	14
"NODE_584_length_6871_cov_8.615170"	"PrePostFVT"	"During"	"PrePostFVTDuring"	-0.517982141262661	-0.0088626670314581	0.720939665414735	0.488457857404377	1	0.73832463634868	1	NA	"abundance"	26	24
"NODE_584_length_6871_cov_8.615170"	"PrePostFVT"	"Post"	"PrePostFVTPost"	0.178641762326325	-0.289783364067339	0.556125083172131	0.411695547872117	1	0.653897871606512	1	NA	"abundance"	26	24
"NODE_585_length_6652_cov_6.207367"	"PrePostFVT"	"During"	"PrePostFVTDuring"	1.02708065091677	-0.0088626670314581	0.896985408115315	0.267528834570593	1	0.463485991814487	1	NA	"abundance"	26	21
"NODE_586_length_4007_cov_10.183451"	"PrePostFVT"	"During"	"PrePostFVTDuring"	0.14731829716288	-0.0088626670314581	0.754648201722206	0.838103011128547	1	0.973789364994357	1	NA	"abundance"	26	24
"NODE_586_length_4007_cov_10.183451"	"PrePostFVT"	"Post"	"PrePostFVTPost"	-1.15566322960622	-0.289783364067339	0.572617177604317	0.147569436606184	1	0.273362134592101	1	NA	"abundance"	26	24
"NODE_59_length_24933_cov_8.847938"	"PrePostFVT"	"During"	"PrePostFVTDuring"	-0.368422298312715	-0.0088626670314581	0.457597096781863	0.441253720640312	1	0.441253720640312	1	NA	"abundance"	26	26
"NODE_590_length_11219_cov_18.329631"	"PrePostFVT"	"During"	"PrePostFVTDuring"	0.416373797719112	-0.0088626670314581	0.561043581390989	0.457127412995498	1	0.457127412995498	1	NA	"abundance"	26	26
"NODE_590_length_11219_cov_18.329631"	"PrePostFVT"	"Post"	"PrePostFVTPost"	0.245596131543092	-0.289783364067339	0.418177195443396	0.218823386238924	1	0.218823386238924	1	NA	"abundance"	26	26
"NODE_590_length_6739_cov_4.358767"	"PrePostFVT"	"During"	"PrePostFVTDuring"	-0.422264202395263	-0.0088626670314581	0.668453377822885	0.543839137085764	1	0.79191726714534	1	NA	"abundance"	26	23
"NODE_598_length_6854_cov_9.988381"	"PrePostFVT"	"During"	"PrePostFVTDuring"	0.61657946941142	-0.0088626670314581	0.80565558240918	0.457746637511065	1	0.705961290869443	1	NA	"abundance"	26	14
"NODE_598_length_6854_cov_9.988381"	"PrePostFVT"	"Post"	"PrePostFVTPost"	0.176647666538917	-0.289783364067339	0.570212884207926	0.437389640362507	1	0.683469583228571	1	NA	"abundance"	26	14
"NODE_607_length_4805_cov_7.701895"	"PrePostFVT"	"During"	"PrePostFVTDuring"	0.381949024633492	-0.0088626670314581	0.523214313481463	0.464586573149121	1	0.713332462347799	1	NA	"abundance"	26	23
"NODE_607_length_4805_cov_7.701895"	"PrePostFVT"	"Post"	"PrePostFVTPost"	0.243677078979472	-0.289783364067339	0.403601878992662	0.205588810535027	1	0.368910862052847	1	NA	"abundance"	26	23
"NODE_613_length_17805_cov_53.621634"	"PrePostFVT"	"During"	"PrePostFVTDuring"	-0.63533287203533	-0.0088626670314581	2.2959169010213	0.793974774409849	1	0.889142614109869	1	NA	"abundance"	26	11
"NODE_613_length_17805_cov_53.621634"	"PrePostFVT"	"Post"	"PrePostFVTPost"	-0.08386268946983	-0.289783364067339	1.45206534514054	0.891933584222731	1	0.978164190975944	1	NA	"abundance"	26	11
"NODE_615_length_11576_cov_114.611145"	"PrePostFVT"	"During"	"PrePostFVTDuring"	0.475762314127437	-0.0088626670314581	0.752671790104072	0.526289495304028	1	0.526289495304028	1	NA	"abundance"	26	26
"NODE_615_length_11576_cov_114.611145"	"PrePostFVT"	"Post"	"PrePostFVTPost"	-0.71635024047378	-0.289783364067339	0.56100842913972	0.456471285717819	1	0.456471285717819	1	NA	"abundance"	26	26
"NODE_615_length_6450_cov_19.525410"	"PrePostFVT"	"During"	"PrePostFVTDuring"	0.234091416849017	-0.0088626670314581	0.606409218474584	0.69283963297603	1	0.69283963297603	1	NA	"abundance"	26	26
"NODE_615_length_6450_cov_19.525410"	"PrePostFVT"	"Post"	"PrePostFVTPost"	-0.335784923025647	-0.289783364067339	0.45199074489723	0.920266536237368	1	0.920266536237368	1	NA	"abundance"	26	26
"NODE_615_length_9933_cov_5.439664"	"PrePostFVT"	"During"	"PrePostFVTDuring"	1.68174167155339	-0.0088626670314581	1.01780008663094	0.115099371693541	1	0.216950878022834	1	NA	"abundance"	26	25
"NODE_620_length_4093_cov_9.471521"	"PrePostFVT"	"During"	"PrePostFVTDuring"	0.44748571382116	-0.0088626670314581	0.708879767467678	0.527295807241813	1	0.776550746148831	1	NA	"abundance"	26	23
"NODE_620_length_4093_cov_9.471521"	"PrePostFVT"	"Post"	"PrePostFVTPost"	-0.125683196098505	-0.289783364067339	0.546822207951641	0.767972181603314	1	0.936940615889984	1	NA	"abundance"	26	23
"NODE_621_length_7036_cov_14.523277"	"PrePostFVT"	"During"	"PrePostFVTDuring"	-0.0631029604627512	-0.0088626670314581	0.829620862896387	0.94927244457664	1	0.99742671512077	1	NA	"abundance"	26	14
"NODE_621_length_7036_cov_14.523277"	"PrePostFVT"	"Post"	"PrePostFVTPost"	0.132708700877556	-0.289783364067339	0.593003705584784	0.496328221916679	1	0.746314739962385	1	NA	"abundance"	26	14
"NODE_622_length_8361_cov_13.566458"	"PrePostFVT"	"During"	"PrePostFVTDuring"	0.0369082114912798	-0.0088626670314581	0.935603104021	0.961689094770727	1	0.860367272220782	1	NA	"abundance"	26	19
"NODE_622_length_8361_cov_13.566458"	"PrePostFVT"	"Post"	"PrePostFVTPost"	-0.565553083439376	-0.289783364067339	0.782781717835573	0.729770277856221	1	0.287730033458454	1	NA	"abundance"	26	19
"NODE_629_length_6314_cov_5.957182"	"PrePostFVT"	"During"	"PrePostFVTDuring"	0.782566172844167	-0.0088626670314581	1.17840048877764	0.523291248340023	1	0.420577395132966	1	NA	"abundance"	26	13
"NODE_629_length_6314_cov_5.957182"	"PrePostFVT"	"Post"	"PrePostFVTPost"	-0.293257994069263	-0.289783364067339	0.623327804980409	0.995777795877204	1	0.826278899060933	1	NA	"abundance"	26	13
"NODE_63_length_110474_cov_16.315109|provirus_110_26744"	"PrePostFVT"	"During"	"PrePostFVTDuring"	0.164941241371554	-0.0088626670314581	0.743267246060953	0.818544272507589	1	0.889115883469606	1	NA	"abundance"	26	18
"NODE_63_length_110474_cov_16.315109|provirus_110_26744"	"PrePostFVT"	"Post"	"PrePostFVTPost"	-0.413254186497281	-0.289783364067339	0.567679736109281	0.831466807916823	1	0.799498260223633	1	NA	"abundance"	26	18
"NODE_631_length_10280_cov_5.833154"	"PrePostFVT"	"During"	"PrePostFVTDuring"	-0.268668366167258	-0.0088626670314581	0.283527243107534	0.458834176049208	1	0.333725151737781	1	NA	"abundance"	26	6
"NODE_631_length_10280_cov_5.833154"	"PrePostFVT"	"Post"	"PrePostFVTPost"	-0.0618491094472525	-0.289783364067339	0.283527243107534	0.512689158835342	1	0.762528144083394	1	NA	"abundance"	26	6
"NODE_634_length_3858_cov_41.866421"	"PrePostFVT"	"During"	"PrePostFVTDuring"	2.4861996734933	-0.0088626670314581	1.758824637604	0.198825763558087	1	0.358119842861718	1	NA	"abundance"	26	10
"NODE_635_length_5374_cov_10.472081"	"PrePostFVT"	"During"	"PrePostFVTDuring"	0.245256460997825	-0.0088626670314581	0.613297858165896	0.682431210333396	1	0.682431210333396	1	NA	"abundance"	26	26
"NODE_635_length_5374_cov_10.472081"	"PrePostFVT"	"Post"	"PrePostFVTPost"	-0.524679131744337	-0.289783364067339	0.457125233771323	0.614807718838241	1	0.614807718838241	1	NA	"abundance"	26	26
"NODE_638_length_12684_cov_14.580806"	"PrePostFVT"	"During"	"PrePostFVTDuring"	-0.596460354008262	-0.0088626670314581	1.41829072280931	0.699555839183995	1	0.832113871747784	1	NA	"abundance"	26	8
"NODE_638_length_12684_cov_14.580806"	"PrePostFVT"	"Post"	"PrePostFVTPost"	-0.248276918241154	-0.289783364067339	1.02420089715811	0.97048439152795	1	0.20656252070037	0.982582919506405	NA	"abundance"	26	8
"NODE_639_length_3393_cov_7.631216"	"PrePostFVT"	"During"	"PrePostFVTDuring"	0.255425936771611	-0.0088626670314581	0.744834578324166	0.737419844238203	1	0.93105166180011	1	NA	"abundance"	26	11
"NODE_639_length_3393_cov_7.631216"	"PrePostFVT"	"Post"	"PrePostFVTPost"	-0.846181247559894	-0.289783364067339	0.489007489969391	0.309105608481435	1	0.302916920918048	1	NA	"abundance"	26	11
"NODE_6390_length_1229_cov_3.322828"	"PrePostFVT"	"Post"	"PrePostFVTPost"	-0.531432844008147	-0.289783364067339	0.471679594923385	0.623289131827966	1	0.858088921801072	1	NA	"abundance"	26	12
"NODE_650_length_2189_cov_5.598875"	"PrePostFVT"	"During"	"PrePostFVTDuring"	1.1135477796	-0.0088626670314581	0.707099604927393	0.127319547660781	1	0.127319547660781	0.80912513056522	NA	"abundance"	26	26
"NODE_650_length_6361_cov_6.692039"	"PrePostFVT"	"During"	"PrePostFVTDuring"	-0.0452695470070747	-0.0088626670314581	0.783009648454701	0.963616167825485	1	0.998676216756297	1	NA	"abundance"	26	17
"NODE_650_length_6361_cov_6.692039"	"PrePostFVT"	"Post"	"PrePostFVTPost"	-1.07720256063057	-0.289783364067339	0.598033497320738	0.210776810498781	1	0.377126757153522	1	NA	"abundance"	26	17
"NODE_651_length_11453_cov_10.654589"	"PrePostFVT"	"During"	"PrePostFVTDuring"	-0.0678793512291068	-0.0088626670314581	0.954482403403735	0.951444910708765	1	0.88911573155193	1	NA	"abundance"	26	19
"NODE_651_length_11453_cov_10.654589"	"PrePostFVT"	"Post"	"PrePostFVTPost"	-0.857259852059018	-0.289783364067339	0.715861802552801	0.441226723587131	1	0.512881767096122	1	NA	"abundance"	26	19
"NODE_652_length_3294_cov_3.960173"	"PrePostFVT"	"During"	"PrePostFVTDuring"	-0.0341546583851217	-0.0088626670314581	0.878012665875813	0.97730979370941	1	0.99948515453849	1	NA	"abundance"	26	24
"NODE_6522_length_1270_cov_9.375309"	"PrePostFVT"	"During"	"PrePostFVTDuring"	0.0810992784015684	-0.0088626670314581	0.637644024863483	0.889636809250125	1	0.821955512294839	1	NA	"abundance"	26	21
"NODE_657_length_7863_cov_7.580046"	"PrePostFVT"	"During"	"PrePostFVTDuring"	0.790988249192401	-0.0088626670314581	0.236992125982207	0.181338394673819	1	0.32979317596476	1	NA	"abundance"	26	7
"NODE_657_length_7863_cov_7.580046"	"PrePostFVT"	"Post"	"PrePostFVTPost"	0.490212480458912	-0.289783364067339	0.23052383527833	0.163188281225362	1	0.299746147321436	1	NA	"abundance"	26	7
"NODE_657_length_8520_cov_10.546367"	"PrePostFVT"	"During"	"PrePostFVTDuring"	0.750637586787366	-0.0088626670314581	0.658798316818898	0.264094467538501	1	0.264094467538501	1	NA	"abundance"	26	26
"NODE_657_length_8520_cov_10.546367"	"PrePostFVT"	"Post"	"PrePostFVTPost"	0.140533513154839	-0.289783364067339	0.491039273289833	0.394454024275711	1	0.394454024275711	1	NA	"abundance"	26	26
"NODE_658_length_5901_cov_4.121280"	"PrePostFVT"	"Post"	"PrePostFVTPost"	-1.19139527620716	-0.289783364067339	0.345365765926161	0.210818817719958	1	0.377193061535076	1	NA	"abundance"	26	5
"NODE_66_length_44622_cov_51.812687"	"PrePostFVT"	"During"	"PrePostFVTDuring"	-0.000222719068640052	-0.0088626670314581	0.437646734815581	0.984480218174859	1	0.984480218174859	1	NA	"abundance"	26	26
"NODE_66_length_44622_cov_51.812687"	"PrePostFVT"	"Post"	"PrePostFVTPost"	0.213451655112796	-0.289783364067339	0.326202616392821	0.143511769144344	1	0.143511769144344	0.838436208323165	NA	"abundance"	26	26
"NODE_661_length_4367_cov_5.651438"	"PrePostFVT"	"During"	"PrePostFVTDuring"	0.429205072897314	-0.0088626670314581	0.425529218386229	0.346921279078646	1	0.573488184279728	1	NA	"abundance"	26	12
"NODE_661_length_4367_cov_5.651438"	"PrePostFVT"	"Post"	"PrePostFVTPost"	0.321467166421736	-0.289783364067339	0.316019674165118	0.11472613237574	1	0.216290179301584	1	NA	"abundance"	26	12
"NODE_661_length_9488_cov_99.243613"	"PrePostFVT"	"During"	"PrePostFVTDuring"	0.0174295470655868	-0.0088626670314581	0.996487886614447	0.979319249961444	1	0.999572306577843	1	NA	"abundance"	26	20
"NODE_663_length_9363_cov_7.272561"	"PrePostFVT"	"During"	"PrePostFVTDuring"	-0.235892975165091	-0.0088626670314581	0.833265805321685	0.78792629473227	1	0.955024743534016	1	NA	"abundance"	26	23
"NODE_667_length_6236_cov_5.126517"	"PrePostFVT"	"During"	"PrePostFVTDuring"	0.249040460629492	-0.0088626670314581	0.667178123776698	0.705225567155516	1	0.913108033741213	1	NA	"abundance"	26	16
"NODE_667_length_6236_cov_5.126517"	"PrePostFVT"	"Post"	"PrePostFVTPost"	-0.271131770742005	-0.289783364067339	0.582360810328635	0.974964853418143	1	0.977301385803444	1	NA	"abundance"	26	16
"NODE_668_length_9775_cov_8.395165"	"PrePostFVT"	"During"	"PrePostFVTDuring"	-0.633828401967998	-0.0088626670314581	1.18482561066424	0.607498214091663	1	0.845942348058766	1	NA	"abundance"	26	17
"NODE_668_length_9775_cov_8.395165"	"PrePostFVT"	"Post"	"PrePostFVTPost"	0.414598163963863	-0.289783364067339	0.949973892467312	0.472894652747768	1	0.722159952898104	1	NA	"abundance"	26	17
"NODE_671_length_9312_cov_18.108783"	"PrePostFVT"	"During"	"PrePostFVTDuring"	0.575867309760526	-0.0088626670314581	0.832583019647406	0.491694103598454	1	0.592677169182033	1	NA	"abundance"	26	21
"NODE_671_length_9312_cov_18.108783"	"PrePostFVT"	"Post"	"PrePostFVTPost"	-0.620371123404271	-0.289783364067339	0.597578604904023	0.588422733007791	1	0.591341405177447	1	NA	"abundance"	26	21
"NODE_674_length_3219_cov_5.929520"	"PrePostFVT"	"During"	"PrePostFVTDuring"	0.676939248444361	-0.0088626670314581	0.533498378566024	0.213241849104379	1	0.213241849104379	0.996469504158475	NA	"abundance"	26	26
"NODE_674_length_3219_cov_5.929520"	"PrePostFVT"	"Post"	"PrePostFVTPost"	0.241498689707555	-0.289783364067339	0.397646213453182	0.199758191606547	1	0.199758191606547	0.963376763398887	NA	"abundance"	26	26
"NODE_674_length_8037_cov_6.040967"	"PrePostFVT"	"During"	"PrePostFVTDuring"	-0.208287685661173	-0.0088626670314581	0.814370877768424	0.808553929909642	1	0.963348402246958	1	NA	"abundance"	26	25
"NODE_675_length_7581_cov_100.919612"	"PrePostFVT"	"During"	"PrePostFVTDuring"	-0.274503647047832	-0.0088626670314581	0.496198707734995	0.598297977014809	1	0.598297977014809	1	NA	"abundance"	26	26
"NODE_675_length_7581_cov_100.919612"	"PrePostFVT"	"Post"	"PrePostFVTPost"	-0.801345381220619	-0.289783364067339	0.369844680281	0.186138238848403	1	0.186138238848403	0.933909722867636	NA	"abundance"	26	26
"NODE_676_length_9711_cov_334.290079"	"PrePostFVT"	"During"	"PrePostFVTDuring"	1.36377381211268	-0.0088626670314581	1.24067449427986	0.288323714345959	1	0.493516864437668	1	NA	"abundance"	26	18
"NODE_677_length_8295_cov_62.523301"	"PrePostFVT"	"During"	"PrePostFVTDuring"	0.607219732055286	-0.0088626670314581	1.45161188023377	0.682228751976061	1	0.899021433929308	1	NA	"abundance"	26	11
"NODE_677_length_8295_cov_62.523301"	"PrePostFVT"	"Post"	"PrePostFVTPost"	1.55081811358626	-0.289783364067339	1.67617701962365	0.304125555771728	1	0.0471083199308408	0.485299319524223	NA	"abundance"	26	11
"NODE_678_length_9486_cov_7.880076"	"PrePostFVT"	"During"	"PrePostFVTDuring"	0.422711188412329	-0.0088626670314581	0.795053925784608	0.595233087000529	1	0.836163746140879	1	NA	"abundance"	26	19
"NODE_678_length_9486_cov_7.880076"	"PrePostFVT"	"Post"	"PrePostFVTPost"	-0.230395854001323	-0.289783364067339	0.592598207944152	0.921622681374549	1	0.993856995925085	1	NA	"abundance"	26	19
"NODE_680_length_2611_cov_5.318466"	"PrePostFVT"	"During"	"PrePostFVTDuring"	-0.194667519358372	-0.0088626670314581	0.734109359575959	0.802871768038215	1	0.961140460163621	1	NA	"abundance"	26	23
"NODE_680_length_2611_cov_5.318466"	"PrePostFVT"	"Post"	"PrePostFVTPost"	-0.671368415229044	-0.289783364067339	0.568638664786537	0.512209484692245	1	0.597089675350876	1	NA	"abundance"	26	23
"NODE_681_length_4804_cov_9.113708"	"PrePostFVT"	"During"	"PrePostFVTDuring"	0.680329900736004	-0.0088626670314581	0.800165518242689	0.401648344376136	1	0.641975296212181	1	NA	"abundance"	26	24
"NODE_687_length_2813_cov_6.951777"	"PrePostFVT"	"During"	"PrePostFVTDuring"	-0.681998365173735	-0.0088626670314581	0.546273797988452	0.231929984229243	1	0.231929984229243	1	NA	"abundance"	26	26
"NODE_689_length_5803_cov_139.537056"	"PrePostFVT"	"During"	"PrePostFVTDuring"	0.120729640070968	-0.0088626670314581	1.09161582767311	0.907752626781069	1	0.889137222038864	1	NA	"abundance"	26	14
"NODE_69_length_45823_cov_15.638940"	"PrePostFVT"	"During"	"PrePostFVTDuring"	-0.634131202633399	-0.0088626670314581	0.660048103375809	0.356536227314682	1	0.585954373241577	1	NA	"abundance"	26	22
"NODE_69_length_49389_cov_8.333381|provirus_254_34971"	"PrePostFVT"	"Post"	"PrePostFVTPost"	-1.02182227588508	-0.289783364067339	0.4647535791738	0.159097437411748	1	0.292882880232511	1	NA	"abundance"	26	14
"NODE_690_length_4287_cov_10.069707"	"PrePostFVT"	"During"	"PrePostFVTDuring"	0.734685410493835	-0.0088626670314581	0.646515191557825	0.266071190168417	1	0.266071190168417	1	NA	"abundance"	26	26
"NODE_690_length_4287_cov_10.069707"	"PrePostFVT"	"Post"	"PrePostFVTPost"	0.254741991933723	-0.289783364067339	0.481883972269865	0.275835013732178	1	0.275835013732178	1	NA	"abundance"	26	26
"NODE_691_length_9321_cov_5.969566"	"PrePostFVT"	"During"	"PrePostFVTDuring"	0.0387525494030296	-0.0088626670314581	0.557396552274324	0.933045337664743	1	0.995206588622706	1	NA	"abundance"	26	22
"NODE_695_length_10897_cov_11.548054"	"PrePostFVT"	"During"	"PrePostFVTDuring"	-0.0386291027738495	-0.0088626670314581	0.723828944161975	0.967709583434364	1	0.998957328998018	1	NA	"abundance"	26	21
"NODE_695_length_10897_cov_11.548054"	"PrePostFVT"	"Post"	"PrePostFVTPost"	-0.468119109474058	-0.289783364067339	0.57906315532958	0.762334337735592	1	0.877425117184278	1	NA	"abundance"	26	21
"NODE_696_length_11292_cov_19.369494"	"PrePostFVT"	"During"	"PrePostFVTDuring"	0.0642549017284278	-0.0088626670314581	0.826434165215546	0.931204603219743	1	0.897580238405174	1	NA	"abundance"	26	18
"NODE_696_length_11292_cov_19.369494"	"PrePostFVT"	"Post"	"PrePostFVTPost"	0.125846494923082	-0.289783364067339	0.54937729308527	0.468843337144908	1	0.717872599504642	1	NA	"abundance"	26	18
"NODE_698_length_2676_cov_4.006868"	"PrePostFVT"	"During"	"PrePostFVTDuring"	0.503132699273645	-0.0088626670314581	0.264718919792305	0.148611445828275	1	0.27513752982538	1	NA	"abundance"	26	9
"NODE_698_length_2676_cov_4.006868"	"PrePostFVT"	"Post"	"PrePostFVTPost"	-0.470726271798541	-0.289783364067339	0.159604491489565	0.362352081233302	1	0.593405131692498	1	NA	"abundance"	26	9
"NODE_700_length_2756_cov_6.677157"	"PrePostFVT"	"During"	"PrePostFVTDuring"	0.736697719545603	-0.0088626670314581	0.576982820191809	0.21348829698513	1	0.21348829698513	0.996469504158475	NA	"abundance"	26	26
"NODE_700_length_2756_cov_6.677157"	"PrePostFVT"	"Post"	"PrePostFVTPost"	0.119371214001665	-0.289783364067339	0.430057602599474	0.357242471029432	1	0.357242471029432	1	NA	"abundance"	26	26
"NODE_7013_length_1142_cov_2.417663"	"PrePostFVT"	"During"	"PrePostFVTDuring"	-0.206228635466017	-0.0088626670314581	0.620383878226029	0.754634335706898	1	0.939795690786005	1	NA	"abundance"	26	18
"NODE_7013_length_1142_cov_2.417663"	"PrePostFVT"	"Post"	"PrePostFVTPost"	-0.964537234093536	-0.289783364067339	0.547127153059951	0.23830257068609	1	0.18603957381187	0.933909722867636	NA	"abundance"	26	18
"NODE_706_length_9001_cov_11.109882"	"PrePostFVT"	"Post"	"PrePostFVTPost"	-0.506907329882853	-0.289783364067339	0.41553931610612	0.63068789295204	1	0.863608567587796	1	NA	"abundance"	26	10
"NODE_706_length_9031_cov_24.872995"	"PrePostFVT"	"During"	"PrePostFVTDuring"	0.22082588845713	-0.0088626670314581	0.617900567051407	0.714376010151863	1	0.918418936423231	1	NA	"abundance"	26	23
"NODE_706_length_9031_cov_24.872995"	"PrePostFVT"	"Post"	"PrePostFVTPost"	-0.313955629212164	-0.289783364067339	0.478623721160443	0.960371416099206	1	0.597089675350876	1	NA	"abundance"	26	23
"NODE_707_length_10061_cov_16.960224"	"PrePostFVT"	"Post"	"PrePostFVTPost"	-0.467249500540136	-0.289783364067339	0.196402996487576	0.447843697989492	1	0.46986320798101	1	NA	"abundance"	26	8
"NODE_707_length_7557_cov_22.433484"	"PrePostFVT"	"During"	"PrePostFVTDuring"	0.0869593310065511	-0.0088626670314581	0.657399068106237	0.885926466471036	1	0.986987228948216	1	NA	"abundance"	26	21
"NODE_707_length_8757_cov_7.045852"	"PrePostFVT"	"During"	"PrePostFVTDuring"	-0.0302020973652216	-0.0088626670314581	0.649290876045836	0.978931705021075	1	0.829694456441057	1	NA	"abundance"	26	5
"NODE_707_length_8757_cov_7.045852"	"PrePostFVT"	"Post"	"PrePostFVTPost"	-0.333777240031111	-0.289783364067339	0.643408719181874	0.95650040176044	1	0.747740332223437	1	NA	"abundance"	26	5
"NODE_708_length_8728_cov_26.528422"	"PrePostFVT"	"During"	"PrePostFVTDuring"	-0.168883932529342	-0.0088626670314581	0.511204169861232	0.758500694309004	1	0.941678085350767	1	NA	"abundance"	26	23
"NODE_714_length_8767_cov_70.253558"	"PrePostFVT"	"During"	"PrePostFVTDuring"	0.050060415292359	-0.0088626670314581	0.828527760947107	0.944048549261195	1	0.996869435160223	1	NA	"abundance"	26	25
"NODE_72_length_64029_cov_53.309454|provirus_26592_63618"	"PrePostFVT"	"During"	"PrePostFVTDuring"	-0.238755429647579	-0.0088626670314581	0.692797848787026	0.7433998014281	1	0.7433998014281	1	NA	"abundance"	26	26
"NODE_729_length_5098_cov_19.285743"	"PrePostFVT"	"During"	"PrePostFVTDuring"	0.196014655776035	-0.0088626670314581	0.876336929646988	0.817347865421547	1	0.817347865421547	1	NA	"abundance"	26	26
"NODE_73_length_18156_cov_15.957737"	"PrePostFVT"	"During"	"PrePostFVTDuring"	0.827926392865299	-0.0088626670314581	0.926381443231555	0.380051358985231	1	0.615663682503941	1	NA	"abundance"	26	23
"NODE_731_length_2682_cov_6.396650"	"PrePostFVT"	"During"	"PrePostFVTDuring"	0.304992186022488	-0.0088626670314581	0.736219505772829	0.698467660291875	1	0.633777547681111	1	NA	"abundance"	26	7
"NODE_731_length_2682_cov_6.396650"	"PrePostFVT"	"Post"	"PrePostFVTPost"	-0.463758392548108	-0.289783364067339	0.736219505772829	0.828562248212824	1	0.877396808460775	1	NA	"abundance"	26	7
"NODE_732_length_11018_cov_1316.019976"	"PrePostFVT"	"During"	"PrePostFVTDuring"	-0.962360402178487	-0.0088626670314581	0.978151474746767	0.349167269503692	1	0.57641675691472	1	NA	"abundance"	26	17
"NODE_732_length_11018_cov_1316.019976"	"PrePostFVT"	"Post"	"PrePostFVTPost"	0.400897016456133	-0.289783364067339	0.784265933757871	0.396034009768317	1	0.635225082643463	1	NA	"abundance"	26	17
"NODE_732_length_3221_cov_7.692988"	"PrePostFVT"	"During"	"PrePostFVTDuring"	1.16284791389413	-0.0088626670314581	0.804617768278496	0.16348485179631	1	0.300242406825758	1	NA	"abundance"	26	25
"NODE_735_length_8116_cov_8.504404"	"PrePostFVT"	"During"	"PrePostFVTDuring"	-0.0765087984147954	-0.0088626670314581	0.511136272664734	0.898331539059942	1	0.897596559905744	1	NA	"abundance"	26	10
"NODE_735_length_8116_cov_8.504404"	"PrePostFVT"	"Post"	"PrePostFVTPost"	-0.555888305882742	-0.289783364067339	0.408909018131788	0.538931617631359	1	0.787415946779965	1	NA	"abundance"	26	10
"NODE_737_length_7618_cov_6.145577"	"PrePostFVT"	"During"	"PrePostFVTDuring"	0.508011065164811	-0.0088626670314581	0.385706816992338	0.226268120084093	1	0.401338978001797	1	NA	"abundance"	26	13
"NODE_738_length_3208_cov_8.286394"	"PrePostFVT"	"During"	"PrePostFVTDuring"	0.559917319590889	-0.0088626670314581	0.593504295674707	0.348999852319815	1	0.348999852319815	1	NA	"abundance"	26	26
"NODE_738_length_3208_cov_8.286394"	"PrePostFVT"	"Post"	"PrePostFVTPost"	0.145878617739885	-0.289783364067339	0.442371983355593	0.338565918454816	1	0.338565918454816	1	NA	"abundance"	26	26
"NODE_738_length_8061_cov_8.162878"	"PrePostFVT"	"During"	"PrePostFVTDuring"	0.374049681012336	-0.0088626670314581	0.835006437764607	0.660063818386851	1	0.884443392430272	1	NA	"abundance"	26	10
"NODE_738_length_8061_cov_8.162878"	"PrePostFVT"	"Post"	"PrePostFVTPost"	-0.168046566227191	-0.289783364067339	0.668005150211686	0.860753886366202	1	0.97816346488107	1	NA	"abundance"	26	10
"NODE_739_length_5009_cov_6.476383"	"PrePostFVT"	"During"	"PrePostFVTDuring"	-0.00126511588218873	-0.0088626670314581	0.650453791310709	0.991123521104182	1	0.639180028877644	1	NA	"abundance"	26	12
"NODE_74_length_38703_cov_8.351144|provirus_2_22265"	"PrePostFVT"	"During"	"PrePostFVTDuring"	-0.236984031263936	-0.0088626670314581	0.478635901028602	0.638870024204154	1	0.638870024204154	1	NA	"abundance"	26	26
"NODE_742_length_2991_cov_3.668256"	"PrePostFVT"	"During"	"PrePostFVTDuring"	0.26019712313702	-0.0088626670314581	0.651976686878852	0.684948759893554	1	0.900742716107391	1	NA	"abundance"	26	20
"NODE_742_length_2991_cov_3.668256"	"PrePostFVT"	"Post"	"PrePostFVTPost"	-0.886469779417156	-0.289783364067339	0.532336735681169	0.279858441910047	1	0.334334895213324	1	NA	"abundance"	26	20
"NODE_752_length_3170_cov_7.854896"	"PrePostFVT"	"During"	"PrePostFVTDuring"	0.730070063626615	-0.0088626670314581	0.836647124549637	0.387600643762923	1	0.624967028480413	1	NA	"abundance"	26	24
"NODE_752_length_3170_cov_7.854896"	"PrePostFVT"	"Post"	"PrePostFVTPost"	-0.0963909462029337	-0.289783364067339	0.634836886932296	0.76403902290234	1	0.944322417287118	1	NA	"abundance"	26	24
"NODE_755_length_4875_cov_7.749585"	"PrePostFVT"	"During"	"PrePostFVTDuring"	-0.319473111434449	-0.0088626670314581	0.618520120117014	0.623432442844776	1	0.858196874898147	1	NA	"abundance"	26	19
"NODE_755_length_8367_cov_9.003248"	"PrePostFVT"	"During"	"PrePostFVTDuring"	0.0228046140438303	-0.0088626670314581	0.899613391962155	0.972635614778618	1	0.420586077108759	1	NA	"abundance"	26	13
"NODE_755_length_8367_cov_9.003248"	"PrePostFVT"	"Post"	"PrePostFVTPost"	-0.785963055812852	-0.289783364067339	0.760312085827568	0.529008719595517	1	0.597247042616411	1	NA	"abundance"	26	13
"NODE_758_length_7743_cov_7.138528"	"PrePostFVT"	"During"	"PrePostFVTDuring"	-0.171977321001196	-0.0088626670314581	0.330120447838805	0.670521778828924	1	0.832103453010996	1	NA	"abundance"	26	6
"NODE_758_length_7743_cov_7.138528"	"PrePostFVT"	"Post"	"PrePostFVTPost"	-0.263392911442467	-0.289783364067339	0.329291907721531	0.944099727982036	1	0.522824464415808	1	NA	"abundance"	26	6
"NODE_76_length_13618_cov_10.242498"	"PrePostFVT"	"During"	"PrePostFVTDuring"	0.705529348630138	-0.0088626670314581	0.551883426322175	0.209931783198411	1	0.209931783198411	0.990491150537761	NA	"abundance"	26	26
"NODE_76_length_13618_cov_10.242498"	"PrePostFVT"	"Post"	"PrePostFVTPost"	0.328942047050021	-0.289783364067339	0.411349618970627	0.151048503940514	1	0.151048503940514	0.873672575948288	NA	"abundance"	26	26
"NODE_76_length_24607_cov_45.251914"	"PrePostFVT"	"During"	"PrePostFVTDuring"	-0.154032094496839	-0.0088626670314581	0.763090291688853	0.851392700249593	1	0.977915870460893	1	NA	"abundance"	26	25
"NODE_76_length_24607_cov_45.251914"	"PrePostFVT"	"Post"	"PrePostFVTPost"	0.4554122191877	-0.289783364067339	0.57904378833059	0.216416128834536	1	0.385996316849346	1	NA	"abundance"	26	25
"NODE_760_length_4785_cov_34.652643"	"PrePostFVT"	"During"	"PrePostFVTDuring"	-0.596617812951357	-0.0088626670314581	0.566990067286767	0.312305679504826	1	0.312305679504826	1	NA	"abundance"	26	26
"NODE_765_length_5395_cov_6.556929"	"PrePostFVT"	"During"	"PrePostFVTDuring"	-0.163468501493168	-0.0088626670314581	0.751787110258919	0.839442492214436	1	0.974221286693689	1	NA	"abundance"	26	21
"NODE_765_length_5828_cov_11.426295"	"PrePostFVT"	"During"	"PrePostFVTDuring"	-0.356597005094316	-0.0088626670314581	0.706608206642499	0.627649907519953	1	0.861355408630101	1	NA	"abundance"	26	24
"NODE_766_length_4069_cov_5.818884"	"PrePostFVT"	"During"	"PrePostFVTDuring"	-0.168811162155057	-0.0088626670314581	0.743710870286041	0.832145147508224	1	0.971824748494964	1	NA	"abundance"	26	22
"NODE_766_length_4069_cov_5.818884"	"PrePostFVT"	"Post"	"PrePostFVTPost"	-0.479661919940628	-0.289783364067339	0.584739245565921	0.749587214793975	1	0.937293437005361	1	NA	"abundance"	26	22
"NODE_766_length_5543_cov_5.652332"	"PrePostFVT"	"During"	"PrePostFVTDuring"	0.066010675757888	-0.0088626670314581	0.690287558197886	0.914809861103798	1	0.992742640234846	1	NA	"abundance"	26	22
"NODE_766_length_7639_cov_85.453718"	"PrePostFVT"	"During"	"PrePostFVTDuring"	0.0217660470064333	-0.0088626670314581	0.596643594113428	0.95964615809357	1	0.95964615809357	1	NA	"abundance"	26	26
"NODE_766_length_7639_cov_85.453718"	"PrePostFVT"	"Post"	"PrePostFVTPost"	-1.01725767078271	-0.289783364067339	0.44471187825914	0.119640898990518	1	0.119640898990518	0.791995456815558	NA	"abundance"	26	26
"NODE_769_length_8169_cov_24.866404"	"PrePostFVT"	"During"	"PrePostFVTDuring"	0.400739699140549	-0.0088626670314581	0.780148159606405	0.61200917235661	1	0.849463117664597	1	NA	"abundance"	26	14
"NODE_769_length_8169_cov_24.866404"	"PrePostFVT"	"Post"	"PrePostFVTPost"	0.116776476010824	-0.289783364067339	0.557513001440534	0.487044837685335	1	0.736877001454736	1	NA	"abundance"	26	14
"NODE_772_length_3519_cov_8.262991"	"PrePostFVT"	"During"	"PrePostFVTDuring"	0.320239155266048	-0.0088626670314581	0.570571936201113	0.570382756645666	1	0.815429024212623	1	NA	"abundance"	26	25
"NODE_772_length_3519_cov_8.262991"	"PrePostFVT"	"Post"	"PrePostFVTPost"	-0.421199470619355	-0.289783364067339	0.425279211799787	0.76158651975961	1	0.943159012439665	1	NA	"abundance"	26	25
"NODE_774_length_4685_cov_4.877538"	"PrePostFVT"	"During"	"PrePostFVTDuring"	-0.622072875052654	-0.0088626670314581	0.826793736303263	0.497666016966486	1	0.747660569489685	1	NA	"abundance"	26	8
"NODE_779_length_6166_cov_8.238423"	"PrePostFVT"	"During"	"PrePostFVTDuring"	-0.165351432917942	-0.0088626670314581	1.09683528197764	0.889565741820204	1	0.987804274620278	1	NA	"abundance"	26	14
"NODE_779_length_6166_cov_8.238423"	"PrePostFVT"	"Post"	"PrePostFVTPost"	0.0302252666236975	-0.289783364067339	0.78653650832417	0.694946629604531	1	0.903694556153175	1	NA	"abundance"	26	14
"NODE_779_length_6446_cov_5.342826"	"PrePostFVT"	"During"	"PrePostFVTDuring"	0.0120098323106584	-0.0088626670314581	0.837370885719462	0.98071228123239	1	0.999627983904742	1	NA	"abundance"	26	14
"NODE_779_length_6446_cov_5.342826"	"PrePostFVT"	"Post"	"PrePostFVTPost"	0.0231364084302721	-0.289783364067339	0.589648408439643	0.611603651744311	1	0.849148276661645	1	NA	"abundance"	26	14
"NODE_779_length_7907_cov_95.992486"	"PrePostFVT"	"During"	"PrePostFVTDuring"	-0.41778040407267	-0.0088626670314581	0.554908826191179	0.470057165822548	1	0.470057165822548	1	NA	"abundance"	26	26
"NODE_782_length_7883_cov_6.464359"	"PrePostFVT"	"During"	"PrePostFVTDuring"	-0.059992480359679	-0.0088626670314581	0.199471823002871	0.809971659139881	1	0.631728612135915	1	NA	"abundance"	26	11
"NODE_782_length_7883_cov_6.464359"	"PrePostFVT"	"Post"	"PrePostFVTPost"	-0.258298205824395	-0.289783364067339	0.187377263022484	0.877106244595075	1	0.693052280083057	1	NA	"abundance"	26	11
"NODE_790_length_9852_cov_19.892824"	"PrePostFVT"	"During"	"PrePostFVTDuring"	0.596292920777819	-0.0088626670314581	0.412765118778849	0.21419887486839	1	0.382516591741895	1	NA	"abundance"	26	10
"NODE_790_length_9852_cov_19.892824"	"PrePostFVT"	"Post"	"PrePostFVTPost"	-0.640795548132827	-0.289783364067339	0.238798990063419	0.223205178875779	1	0.39658980587459	1	NA	"abundance"	26	10
"NODE_792_length_7956_cov_4.092140"	"PrePostFVT"	"During"	"PrePostFVTDuring"	-0.205128762901574	-0.0088626670314581	0.179994645925325	0.356536230989828	1	0.333739653381977	1	NA	"abundance"	26	7
"NODE_792_length_7956_cov_4.092140"	"PrePostFVT"	"Post"	"PrePostFVTPost"	-0.163010021273258	-0.289783364067339	0.169768286409585	0.528575660666497	1	0.522830570767367	1	NA	"abundance"	26	7
"NODE_793_length_3426_cov_10.309107"	"PrePostFVT"	"During"	"PrePostFVTDuring"	0.138575003808237	-0.0088626670314581	0.480038566505108	0.762039030482098	1	0.762039030482098	1	NA	"abundance"	26	26
"NODE_793_length_3426_cov_10.309107"	"PrePostFVT"	"Post"	"PrePostFVTPost"	-0.389399449915366	-0.289783364067339	0.357799622175659	0.784785077812221	1	0.784785077812221	1	NA	"abundance"	26	26
"NODE_795_length_2536_cov_4.845627"	"PrePostFVT"	"During"	"PrePostFVTDuring"	0.976531638971261	-0.0088626670314581	0.734402916576356	0.196437599972196	1	0.354287469261556	1	NA	"abundance"	26	25
"NODE_795_length_2536_cov_4.845627"	"PrePostFVT"	"Post"	"PrePostFVTPost"	0.24555720170833	-0.289783364067339	0.547391614779613	0.343033454460215	1	0.568394958041522	1	NA	"abundance"	26	25
"NODE_796_length_4002_cov_5.617938"	"PrePostFVT"	"During"	"PrePostFVTDuring"	0.323025545090004	-0.0088626670314581	0.817754604291228	0.689215023119133	1	0.84393230049869	1	NA	"abundance"	26	23
"NODE_796_length_4002_cov_5.617938"	"PrePostFVT"	"Post"	"PrePostFVTPost"	-1.04262793777489	-0.289783364067339	0.630807082953654	0.248888315967811	1	0.43583123811033	1	NA	"abundance"	26	23
"NODE_8_length_113388_cov_131.683737"	"PrePostFVT"	"During"	"PrePostFVTDuring"	-4.69760563222884	-0.0088626670314581	3.08563494413439	0.167902569569506	1	0.307613866270969	1	NA	"abundance"	26	16
"NODE_8_length_113388_cov_131.683737"	"PrePostFVT"	"Post"	"PrePostFVTPost"	-2.41216328670773	-0.289783364067339	2.71390585367356	0.455613803259595	1	0.104661151069313	0.74678304922817	NA	"abundance"	26	16
"NODE_808_length_5181_cov_14.840616"	"PrePostFVT"	"During"	"PrePostFVTDuring"	-0.499714514118373	-0.0088626670314581	0.683890456314566	0.48386164300474	1	0.733601196438233	1	NA	"abundance"	26	22
"NODE_808_length_5181_cov_14.840616"	"PrePostFVT"	"Post"	"PrePostFVTPost"	0.32867422616873	-0.289783364067339	0.54645912857328	0.278611184004368	1	0.47959817615642	1	NA	"abundance"	26	22
"NODE_808_length_6843_cov_29.495580"	"PrePostFVT"	"During"	"PrePostFVTDuring"	0.0735849089852843	-0.0088626670314581	0.602354279843151	0.892400960158939	1	0.892400960158939	1	NA	"abundance"	26	26
"NODE_808_length_6843_cov_29.495580"	"PrePostFVT"	"Post"	"PrePostFVTPost"	-0.841161270553222	-0.289783364067339	0.448968372089072	0.235934002894962	1	0.235934002894962	1	NA	"abundance"	26	26
"NODE_811_length_5282_cov_6.841783"	"PrePostFVT"	"During"	"PrePostFVTDuring"	0.122204867639528	-0.0088626670314581	0.832465600087967	0.877130487733754	1	0.888490543303404	1	NA	"abundance"	26	17
"NODE_811_length_5282_cov_6.841783"	"PrePostFVT"	"Post"	"PrePostFVTPost"	-0.514398425869449	-0.289783364067339	0.649843250785609	0.735598264118112	1	0.930091722062644	1	NA	"abundance"	26	17
"NODE_814_length_4101_cov_6.458725"	"PrePostFVT"	"During"	"PrePostFVTDuring"	-0.158419851498067	-0.0088626670314581	0.875992675719415	0.866083879831769	1	0.982066472759088	1	NA	"abundance"	26	23
"NODE_816_length_4609_cov_5.214756"	"PrePostFVT"	"During"	"PrePostFVTDuring"	-0.308155312563005	-0.0088626670314581	0.677369911719325	0.663055037053425	1	0.886468091944931	1	NA	"abundance"	26	24
"NODE_817_length_4606_cov_10.906834"	"PrePostFVT"	"During"	"PrePostFVTDuring"	0.235904699126744	-0.0088626670314581	0.688794073400222	0.726094656212319	1	0.924975862644552	1	NA	"abundance"	26	25
"NODE_817_length_4606_cov_10.906834"	"PrePostFVT"	"Post"	"PrePostFVTPost"	-0.510536637625369	-0.289783364067339	0.522647927022033	0.678794088477765	1	0.89682676240317	1	NA	"abundance"	26	25
"NODE_824_length_4380_cov_220.553757"	"PrePostFVT"	"During"	"PrePostFVTDuring"	-1.47511828441468	-0.0088626670314581	1.86955646036406	0.450940208716307	1	0.698533345595507	1	NA	"abundance"	26	15
"NODE_824_length_4380_cov_220.553757"	"PrePostFVT"	"Post"	"PrePostFVTPost"	-1.3625170055651	-0.289783364067339	1.18241132580654	0.385697117631618	1	0.0471082934801009	0.485299319524223	NA	"abundance"	26	15
"NODE_826_length_8466_cov_7.545952"	"PrePostFVT"	"During"	"PrePostFVTDuring"	0.27957542748279	-0.0088626670314581	0.649816787425897	0.665615226023786	1	0.88679306792217	1	NA	"abundance"	26	16
"NODE_826_length_8466_cov_7.545952"	"PrePostFVT"	"Post"	"PrePostFVTPost"	-0.0125688384329191	-0.289783364067339	0.516743181051154	0.604767544564483	1	0.843791306170412	1	NA	"abundance"	26	16
"NODE_830_length_4810_cov_5.175605"	"PrePostFVT"	"During"	"PrePostFVTDuring"	-0.329497559997051	-0.0088626670314581	0.669920199848855	0.63717437662994	1	0.868357567026127	1	NA	"abundance"	26	25
"NODE_831_length_3694_cov_7.206650"	"PrePostFVT"	"During"	"PrePostFVTDuring"	-0.200694301539243	-0.0088626670314581	0.836405031550377	0.820720428319634	1	0.820720428319634	1	NA	"abundance"	26	26
"NODE_835_length_5286_cov_13.774995"	"PrePostFVT"	"During"	"PrePostFVTDuring"	-0.244152260135916	-0.0088626670314581	0.785684947217497	0.76748183849203	1	0.945935304568954	1	NA	"abundance"	26	25
"NODE_839_length_4261_cov_7.643367"	"PrePostFVT"	"During"	"PrePostFVTDuring"	-0.211438861910086	-0.0088626670314581	0.741669968916241	0.787545489704393	1	0.954863081055054	1	NA	"abundance"	26	23
"NODE_839_length_5381_cov_27.898235"	"PrePostFVT"	"During"	"PrePostFVTDuring"	-0.0304393457329716	-0.0088626670314581	0.671984444532332	0.97476362998776	1	0.999363125628605	1	NA	"abundance"	26	25
"NODE_844_length_5836_cov_27.449922"	"PrePostFVT"	"During"	"PrePostFVTDuring"	-0.923888106113565	-0.0088626670314581	0.584491313197337	0.143007191227376	1	0.265563325712009	1	NA	"abundance"	26	20
"NODE_847_length_6595_cov_5.830734"	"PrePostFVT"	"During"	"PrePostFVTDuring"	-0.503538882846887	-0.0088626670314581	0.391413347879036	0.334618185337268	1	0.333684313940744	1	NA	"abundance"	26	6
"NODE_847_length_6595_cov_5.830734"	"PrePostFVT"	"Post"	"PrePostFVTPost"	-0.593681651498475	-0.289783364067339	0.391313023454161	0.521801171807641	1	0.751237713264609	1	NA	"abundance"	26	6
"NODE_848_length_2982_cov_33.972327"	"PrePostFVT"	"During"	"PrePostFVTDuring"	-0.0783194462453059	-0.0088626670314581	0.577390913002654	0.905555705100044	1	0.99108027516085	1	NA	"abundance"	26	23
"NODE_851_length_3033_cov_8.269980"	"PrePostFVT"	"During"	"PrePostFVTDuring"	0.675631781156428	-0.0088626670314581	0.581376969782833	0.254996606298526	1	0.254996606298526	1	NA	"abundance"	26	26
"NODE_851_length_3033_cov_8.269980"	"PrePostFVT"	"Post"	"PrePostFVTPost"	0.286923939243996	-0.289783364067339	0.433332808329085	0.203044979237703	1	0.203044979237703	0.973832806757138	NA	"abundance"	26	26
"NODE_852_length_3922_cov_6.695112"	"PrePostFVT"	"During"	"PrePostFVTDuring"	-0.483809216807167	-0.0088626670314581	0.659153522351379	0.479305943893876	1	0.728877699935752	1	NA	"abundance"	26	25
"NODE_852_length_4233_cov_16.573959"	"PrePostFVT"	"During"	"PrePostFVTDuring"	-1.40652168894349	-0.0088626670314581	1.6498903924177	0.421591613802126	1	0.665443738775971	1	NA	"abundance"	26	13
"NODE_852_length_4233_cov_16.573959"	"PrePostFVT"	"Post"	"PrePostFVTPost"	-1.35468425179563	-0.289783364067339	0.955994256703668	0.305019484277311	1	0.517002082765825	1	NA	"abundance"	26	13
"NODE_859_length_5065_cov_4.762275"	"PrePostFVT"	"During"	"PrePostFVTDuring"	0.316708494288844	-0.0088626670314581	0.356688984797514	0.389312773829208	1	0.627061111791824	1	NA	"abundance"	26	12
"NODE_859_length_5065_cov_4.762275"	"PrePostFVT"	"Post"	"PrePostFVTPost"	0.152508584234806	-0.289783364067339	0.316991123747638	0.204502596833749	1	0.367183881555751	1	NA	"abundance"	26	12
"NODE_86_length_18717_cov_289.596774"	"PrePostFVT"	"During"	"PrePostFVTDuring"	-0.45142929551604	-0.0088626670314581	0.383894942313106	0.334272564666939	1	0.556806981844865	1	NA	"abundance"	26	7
"NODE_86_length_18717_cov_289.596774"	"PrePostFVT"	"Post"	"PrePostFVTPost"	-0.44362234165882	-0.289783364067339	0.286138395743488	0.633175801795272	1	0.865440007611459	1	NA	"abundance"	26	7
"NODE_861_length_5911_cov_16.363559"	"PrePostFVT"	"During"	"PrePostFVTDuring"	0.385925259356288	-0.0088626670314581	0.671274957609884	0.568491732435648	1	0.63080762659022	1	NA	"abundance"	26	16
"NODE_861_length_5911_cov_16.363559"	"PrePostFVT"	"Post"	"PrePostFVTPost"	0.269906087100692	-0.289783364067339	0.54200906623959	0.326279049834847	1	0.546100081308564	1	NA	"abundance"	26	16
"NODE_864_length_5862_cov_26.281901"	"PrePostFVT"	"During"	"PrePostFVTDuring"	-0.175649226102203	-0.0088626670314581	0.782072899546922	0.832996429752497	1	0.972109807524587	1	NA	"abundance"	26	25
"NODE_865_length_2666_cov_5.653007"	"PrePostFVT"	"During"	"PrePostFVTDuring"	-0.204789827756669	-0.0088626670314581	0.688325362439202	0.778654526332723	1	0.951006181287009	1	NA	"abundance"	26	25
"NODE_865_length_6424_cov_16.567436"	"PrePostFVT"	"During"	"PrePostFVTDuring"	-0.304846017370346	-0.0088626670314581	0.840465854000597	0.728970044247344	1	0.926542763084713	1	NA	"abundance"	26	21
"NODE_865_length_6424_cov_16.567436"	"PrePostFVT"	"Post"	"PrePostFVTPost"	-0.631061177503302	-0.289783364067339	0.672372683200478	0.618647751442914	1	0.854570462520455	1	NA	"abundance"	26	21
"NODE_868_length_3871_cov_11.976677"	"PrePostFVT"	"During"	"PrePostFVTDuring"	0.420629247613804	-0.0088626670314581	0.660258473000413	0.523473448867846	1	0.772922446066095	1	NA	"abundance"	26	22
"NODE_868_length_3871_cov_11.976677"	"PrePostFVT"	"Post"	"PrePostFVTPost"	0.0655379349205944	-0.289783364067339	0.519125182656369	0.504155358636152	1	0.547107182822921	1	NA	"abundance"	26	22
"NODE_87_length_21677_cov_16.894321"	"PrePostFVT"	"During"	"PrePostFVTDuring"	0.467381955766953	-0.0088626670314581	1.39348778662585	0.738842217458985	1	0.830578197961549	1	NA	"abundance"	26	14
"NODE_871_length_5587_cov_53.783442"	"PrePostFVT"	"During"	"PrePostFVTDuring"	0.447498764379217	-0.0088626670314581	0.876051120073415	0.60933443068918	1	0.6811000429405	1	NA	"abundance"	26	22
"NODE_877_length_4119_cov_7.801919"	"PrePostFVT"	"During"	"PrePostFVTDuring"	0.406411688865682	-0.0088626670314581	0.332091408266401	0.253913731872915	1	0.4433552805122	1	NA	"abundance"	26	13
"NODE_879_length_5803_cov_5.746173"	"PrePostFVT"	"During"	"PrePostFVTDuring"	0.325803290081762	-0.0088626670314581	0.60391082397504	0.587736248915103	1	0.83003859954141	1	NA	"abundance"	26	19
"NODE_879_length_5803_cov_5.746173"	"PrePostFVT"	"Post"	"PrePostFVTPost"	0.192921549832736	-0.289783364067339	0.450128551585366	0.303569990872398	1	0.514985242386528	1	NA	"abundance"	26	19
"NODE_883_length_5475_cov_5.002030"	"PrePostFVT"	"During"	"PrePostFVTDuring"	-0.458419039270274	-0.0088626670314581	0.834200703680778	0.597301905918256	1	0.837834245022931	1	NA	"abundance"	26	20
"NODE_883_length_5475_cov_5.002030"	"PrePostFVT"	"Post"	"PrePostFVTPost"	-0.631987244823652	-0.289783364067339	0.609214057190194	0.582529285497868	1	0.825718202533079	1	NA	"abundance"	26	20
"NODE_883_length_7119_cov_7.220838"	"PrePostFVT"	"During"	"PrePostFVTDuring"	0.145919034690937	-0.0088626670314581	0.784972176537004	0.84704744607327	1	0.885999242639358	1	NA	"abundance"	26	16
"NODE_883_length_7119_cov_7.220838"	"PrePostFVT"	"Post"	"PrePostFVTPost"	-0.0147915202168711	-0.289783364067339	0.535300326519345	0.619464259702366	1	0.855192550356132	1	NA	"abundance"	26	16
"NODE_888_length_3605_cov_9.453803"	"PrePostFVT"	"During"	"PrePostFVTDuring"	-0.249158180377181	-0.0088626670314581	0.879264998854	0.78782039010367	1	0.821953213104402	1	NA	"abundance"	26	20
"NODE_888_length_4795_cov_5.692405"	"PrePostFVT"	"During"	"PrePostFVTDuring"	-0.231637223527111	-0.0088626670314581	0.794630408869757	0.781809176963494	1	0.952392764742652	1	NA	"abundance"	26	24
"NODE_895_length_8805_cov_38.271086"	"PrePostFVT"	"During"	"PrePostFVTDuring"	0.855004593541322	-0.0088626670314581	0.706009135356505	0.237515022070488	1	0.237515022070488	1	NA	"abundance"	26	26
"NODE_895_length_8805_cov_38.271086"	"PrePostFVT"	"Post"	"PrePostFVTPost"	0.109022505000865	-0.289783364067339	0.526228139797665	0.459707459567796	1	0.459707459567796	1	NA	"abundance"	26	26
"NODE_897_length_4917_cov_16.169272"	"PrePostFVT"	"During"	"PrePostFVTDuring"	0.308195756014477	-0.0088626670314581	0.514827859905933	0.544906492568014	1	0.544906492568014	1	NA	"abundance"	26	26
"NODE_897_length_4917_cov_16.169272"	"PrePostFVT"	"Post"	"PrePostFVTPost"	0.12790244602692	-0.289783364067339	0.383730030486801	0.293132413078883	1	0.293132413078883	1	NA	"abundance"	26	26
"NODE_898_length_3266_cov_36.398941"	"PrePostFVT"	"During"	"PrePostFVTDuring"	-0.548758160361682	-0.0088626670314581	1.01955507495012	0.603086683153451	1	0.681101394536561	1	NA	"abundance"	26	22
"NODE_90_length_62992_cov_10.132212|provirus_26642_40949"	"PrePostFVT"	"During"	"PrePostFVTDuring"	0.235499220835529	-0.0088626670314581	0.846705601927525	0.77625011794706	1	0.829867986345828	1	NA	"abundance"	26	21
"NODE_90_length_62992_cov_10.132212|provirus_26642_40949"	"PrePostFVT"	"Post"	"PrePostFVTPost"	-0.627675709534737	-0.289783364067339	0.604668745621172	0.583974106690732	1	0.826922456096226	1	NA	"abundance"	26	21
"NODE_902_length_5520_cov_8.255810"	"PrePostFVT"	"During"	"PrePostFVTDuring"	-0.370916773458891	-0.0088626670314581	0.684855421272507	0.602474531121998	1	0.841973501593324	1	NA	"abundance"	26	25
"NODE_907_length_3696_cov_59.322164"	"PrePostFVT"	"During"	"PrePostFVTDuring"	2.46275352700465	-0.0088626670314581	1.64691358724935	0.164341190003544	1	0.301674353275307	1	NA	"abundance"	26	13
"NODE_907_length_3696_cov_59.322164"	"PrePostFVT"	"Post"	"PrePostFVTPost"	-0.613068392022442	-0.289783364067339	0.880312341301414	0.721059585132497	1	0.922192244953545	1	NA	"abundance"	26	13
"NODE_908_length_7168_cov_5.459440"	"PrePostFVT"	"During"	"PrePostFVTDuring"	0.948275695444813	-0.0088626670314581	0.890269816788303	0.298342212303554	1	0.507676348964929	1	NA	"abundance"	26	21
"NODE_909_length_6938_cov_5.084556"	"PrePostFVT"	"Post"	"PrePostFVTPost"	0.192383583816631	-0.289783364067339	0.285799471854527	0.337641902050306	1	0.561281750080464	1	NA	"abundance"	26	4
"NODE_912_length_8730_cov_850.056254"	"PrePostFVT"	"During"	"PrePostFVTDuring"	-0.170780751505108	-0.0088626670314581	2.4676723710161	0.949270720599928	1	0.832126859064298	1	NA	"abundance"	26	11
"NODE_912_length_8730_cov_850.056254"	"PrePostFVT"	"Post"	"PrePostFVTPost"	0.746182097347941	-0.289783364067339	1.83929438926336	0.588499894928297	1	0.0310946018143101	0.404180113044339	NA	"abundance"	26	11
"NODE_913_length_4110_cov_6.185943"	"PrePostFVT"	"During"	"PrePostFVTDuring"	0.542728209499654	-0.0088626670314581	0.623784407991593	0.386692978369042	1	0.386692978369042	1	NA	"abundance"	26	26
"NODE_913_length_4110_cov_6.185943"	"PrePostFVT"	"Post"	"PrePostFVTPost"	0.214608462310574	-0.289783364067339	0.464941446524555	0.293048549094534	1	0.293048549094534	1	NA	"abundance"	26	26
"NODE_913_length_5947_cov_9.871181"	"PrePostFVT"	"During"	"PrePostFVTDuring"	-0.185131727208079	-0.0088626670314581	0.708078990663916	0.807172593787573	1	0.888490674599857	1	NA	"abundance"	26	17
"NODE_913_length_5947_cov_9.871181"	"PrePostFVT"	"Post"	"PrePostFVTPost"	-0.204806319713099	-0.289783364067339	0.552743984925514	0.880544096838976	1	0.976764190746208	1	NA	"abundance"	26	17
"NODE_915_length_3149_cov_9.552683"	"PrePostFVT"	"During"	"PrePostFVTDuring"	0.110592484789077	-0.0088626670314581	0.754296592977987	0.87563807322651	1	0.984534111169185	1	NA	"abundance"	26	24
"NODE_920_length_3634_cov_6.538698"	"PrePostFVT"	"During"	"PrePostFVTDuring"	-0.825200125550552	-0.0088626670314581	0.547135824995516	0.191343211174644	1	0.346074197886664	1	NA	"abundance"	26	11
"NODE_928_length_4652_cov_7.668915"	"PrePostFVT"	"During"	"PrePostFVTDuring"	0.048490909976163	-0.0088626670314581	0.800520602334828	0.943821115230154	1	0.996843932906016	1	NA	"abundance"	26	21
"NODE_928_length_4652_cov_7.668915"	"PrePostFVT"	"Post"	"PrePostFVTPost"	-0.424893950392841	-0.289783364067339	0.640416481867863	0.835792710511448	1	0.877425117184278	1	NA	"abundance"	26	21
"NODE_930_length_4573_cov_5.266932"	"PrePostFVT"	"Post"	"PrePostFVTPost"	-0.720122171154595	-0.289783364067339	0.294097618803292	0.220620070285534	1	0.282648231221781	1	NA	"abundance"	26	10
"NODE_931_length_8430_cov_18.747463"	"PrePostFVT"	"Post"	"PrePostFVTPost"	0.973621724160409	-0.289783364067339	0.682097849387942	0.124225631625978	1	0.233019255699083	1	NA	"abundance"	26	9
"NODE_937_length_6155_cov_17.701311"	"PrePostFVT"	"During"	"PrePostFVTDuring"	0.647860562394679	-0.0088626670314581	0.578839308968873	0.273475846278835	1	0.472162654059744	1	NA	"abundance"	26	21
"NODE_937_length_6155_cov_17.701311"	"PrePostFVT"	"Post"	"PrePostFVTPost"	0.308380657785004	-0.289783364067339	0.463071447175099	0.217368304221229	1	0.387487628762444	1	NA	"abundance"	26	21
"NODE_938_length_3852_cov_8.090071"	"PrePostFVT"	"During"	"PrePostFVTDuring"	-0.109980494257581	-0.0088626670314581	0.810989188987542	0.901837552880548	1	0.990364133975521	1	NA	"abundance"	26	25
"NODE_943_length_3363_cov_98.457981"	"PrePostFVT"	"During"	"PrePostFVTDuring"	-0.61535820570442	-0.0088626670314581	1.22816613480172	0.647412110868555	1	0.875681780437832	1	NA	"abundance"	26	11
"NODE_943_length_3363_cov_98.457981"	"PrePostFVT"	"Post"	"PrePostFVTPost"	0.285052530130628	-0.289783364067339	0.760902658379298	0.492308207812148	1	0.742249044145087	1	NA	"abundance"	26	11
"NODE_945_length_3174_cov_9.948702"	"PrePostFVT"	"During"	"PrePostFVTDuring"	0.38178946248878	-0.0088626670314581	0.466780535200022	0.413119662924557	1	0.413119662924557	1	NA	"abundance"	26	26
"NODE_946_length_3616_cov_7.871665"	"PrePostFVT"	"During"	"PrePostFVTDuring"	0.304280257364023	-0.0088626670314581	0.530135181890878	0.560938230747893	1	0.560938230747893	1	NA	"abundance"	26	26
"NODE_946_length_3616_cov_7.871665"	"PrePostFVT"	"Post"	"PrePostFVTPost"	-0.396511108744777	-0.289783364067339	0.395139434657406	0.791144497112795	1	0.791144497112795	1	NA	"abundance"	26	26
"NODE_947_length_4689_cov_9.039491"	"PrePostFVT"	"During"	"PrePostFVTDuring"	0.56445774002459	-0.0088626670314581	0.555069617511412	0.313952610967889	1	0.313952610967889	1	NA	"abundance"	26	26
"NODE_947_length_5858_cov_6.238325"	"PrePostFVT"	"During"	"PrePostFVTDuring"	-0.261230486183544	-0.0088626670314581	0.80964691359524	0.758919462382287	1	0.941880174381954	1	NA	"abundance"	26	20
"NODE_947_length_5858_cov_6.238325"	"PrePostFVT"	"Post"	"PrePostFVTPost"	-0.73166949108592	-0.289783364067339	0.6610739367092	0.514629509525069	1	0.512870536489538	1	NA	"abundance"	26	20
"NODE_952_length_5554_cov_6.763593"	"PrePostFVT"	"During"	"PrePostFVTDuring"	-0.59198249010906	-0.0088626670314581	0.649921612988143	0.48243604496625	1	0.333684313940744	1	NA	"abundance"	26	6
"NODE_952_length_5554_cov_6.763593"	"PrePostFVT"	"Post"	"PrePostFVTPost"	-0.389532390746293	-0.289783364067339	0.643652602665724	0.894800741319049	1	0.751237713264609	1	NA	"abundance"	26	6
"NODE_954_length_4585_cov_15.544371"	"PrePostFVT"	"During"	"PrePostFVTDuring"	-0.372323837931714	-0.0088626670314581	0.763430666624109	0.639638099176213	1	0.870139300434667	1	NA	"abundance"	26	22
"NODE_956_length_5512_cov_11.889316"	"PrePostFVT"	"During"	"PrePostFVTDuring"	0.346422498823995	-0.0088626670314581	0.615043335841201	0.579183109557184	1	0.420570779684514	1	NA	"abundance"	26	11
"NODE_956_length_5512_cov_11.889316"	"PrePostFVT"	"Post"	"PrePostFVTPost"	-0.10000395313406	-0.289783364067339	0.550111483219663	0.739519493846949	1	0.93214990591425	1	NA	"abundance"	26	11
"NODE_957_length_6801_cov_3.555885"	"PrePostFVT"	"During"	"PrePostFVTDuring"	-0.334621357881954	-0.0088626670314581	0.527758014306829	0.548178542677535	1	0.795857370703004	1	NA	"abundance"	26	17
"NODE_960_length_6782_cov_11.387840"	"PrePostFVT"	"During"	"PrePostFVTDuring"	-0.118813162432653	-0.0088626670314581	0.721382630244583	0.880304508302584	1	0.985672989267314	1	NA	"abundance"	26	24
"NODE_961_length_5451_cov_5.767606"	"PrePostFVT"	"During"	"PrePostFVTDuring"	-0.605108204891375	-0.0088626670314581	0.490485458754208	0.320442861837834	1	0.333684313940744	1	NA	"abundance"	26	6
"NODE_961_length_5451_cov_5.767606"	"PrePostFVT"	"Post"	"PrePostFVTPost"	-0.580003918411348	-0.289783364067339	0.474114508186833	0.592325036435691	1	0.751237713264609	1	NA	"abundance"	26	6
"NODE_962_length_8216_cov_5.455581"	"PrePostFVT"	"During"	"PrePostFVTDuring"	0.280157733063404	-0.0088626670314581	0.710673284197239	0.695602876373715	1	0.631728292205353	1	NA	"abundance"	26	14
"NODE_962_length_8216_cov_5.455581"	"PrePostFVT"	"Post"	"PrePostFVTPost"	-0.726788134658503	-0.289783364067339	0.394222611336464	0.304934737776956	1	0.516884281250811	1	NA	"abundance"	26	14
"NODE_971_length_2671_cov_4.974006"	"PrePostFVT"	"During"	"PrePostFVTDuring"	-0.819564286241889	-0.0088626670314581	0.524726783877649	0.138371541520407	1	0.257596399538081	1	NA	"abundance"	26	25
"NODE_977_length_3003_cov_5.709634"	"PrePostFVT"	"During"	"PrePostFVTDuring"	-0.189960363589453	-0.0088626670314581	0.818868074329132	0.826993431046478	1	0.97006872709893	1	NA	"abundance"	26	25
"NODE_98_length_33801_cov_18.976797"	"PrePostFVT"	"During"	"PrePostFVTDuring"	0.467512917026071	-0.0088626670314581	0.863087168688499	0.588900590268929	1	0.6811000429405	1	NA	"abundance"	26	22
"NODE_984_length_4725_cov_6.130835"	"PrePostFVT"	"During"	"PrePostFVTDuring"	-0.903454613196915	-0.0088626670314581	0.728220848656297	0.238433450678365	1	0.420016390954338	1	NA	"abundance"	26	19
"NODE_984_length_4725_cov_6.130835"	"PrePostFVT"	"Post"	"PrePostFVTPost"	-0.504528483221603	-0.289783364067339	0.605500648350583	0.728332393344421	1	0.796502890271988	1	NA	"abundance"	26	19
"NODE_985_length_3872_cov_6.920094"	"PrePostFVT"	"During"	"PrePostFVTDuring"	0.593021207741071	-0.0088626670314581	0.743565155752003	0.427132354929484	1	0.427132354929484	1	NA	"abundance"	26	26
"NODE_985_length_3872_cov_6.920094"	"PrePostFVT"	"Post"	"PrePostFVTPost"	-0.0434730472064626	-0.289783364067339	0.554220744653899	0.662184945799082	1	0.662184945799082	1	NA	"abundance"	26	26
"NODE_987_length_3306_cov_8.760689"	"PrePostFVT"	"During"	"PrePostFVTDuring"	-0.163936369665279	-0.0088626670314581	1.12394335625034	0.893227430231732	1	0.897566029928608	1	NA	"abundance"	26	13
"NODE_99_length_21899_cov_271.349387"	"PrePostFVT"	"During"	"PrePostFVTDuring"	-0.310192176270796	-0.0088626670314581	0.571954157271988	0.664378009595506	1	0.887357879556926	1	NA	"abundance"	26	9
"NODE_990_length_2631_cov_10.267857"	"PrePostFVT"	"During"	"PrePostFVTDuring"	0.296053009656822	-0.0088626670314581	0.481500940434226	0.532913835113	1	0.532913835113	1	NA	"abundance"	26	26
"NODE_990_length_3671_cov_7.958794"	"PrePostFVT"	"During"	"PrePostFVTDuring"	0.301646170380659	-0.0088626670314581	0.634400860559157	0.633733176718129	1	0.865848614163007	1	NA	"abundance"	26	16
"NODE_990_length_3671_cov_7.958794"	"PrePostFVT"	"Post"	"PrePostFVTPost"	0.0508104346529272	-0.289783364067339	0.506862479614751	0.516764166399441	1	0.766483129124373	1	NA	"abundance"	26	16
"NODE_995_length_7936_cov_20.092755"	"PrePostFVT"	"During"	"PrePostFVTDuring"	0.36939713019238	-0.0088626670314581	0.93092201849123	0.690839671143642	1	0.896096106219682	1	NA	"abundance"	26	17
"NODE_995_length_7936_cov_20.092755"	"PrePostFVT"	"Post"	"PrePostFVTPost"	-0.227656672085276	-0.289783364067339	0.620614678994153	0.921863623671296	1	0.797706956019541	1	NA	"abundance"	26	17
"NODE_996_length_5248_cov_12.190449"	"PrePostFVT"	"During"	"PrePostFVTDuring"	0.0442886660240534	-0.0088626670314581	1.89279477663214	0.978236386287124	1	0.889061838030423	1	NA	"abundance"	26	13
"NODE_996_length_5248_cov_12.190449"	"PrePostFVT"	"Post"	"PrePostFVTPost"	-0.0597145221563171	-0.289783364067339	1.11569361646714	0.841414233614832	1	0.37044656534699	1	NA	"abundance"	26	13
"NODE_996_length_7267_cov_6.743899"	"PrePostFVT"	"During"	"PrePostFVTDuring"	-0.380000504811395	-0.0088626670314581	0.263308452751159	0.27672284254228	1	0.333739653381977	1	NA	"abundance"	26	7
"NODE_996_length_7267_cov_6.743899"	"PrePostFVT"	"Post"	"PrePostFVTPost"	-0.136861373598733	-0.289783364067339	0.249477096750083	0.60954202410234	1	0.522830570767367	1	NA	"abundance"	26	7
"NODE_998_length_3199_cov_3.878181"	"PrePostFVT"	"During"	"PrePostFVTDuring"	0.178099046709933	-0.0088626670314581	0.521245961318482	0.725773825069079	1	0.924800004982756	1	NA	"abundance"	26	16
"NODE_999_length_5046_cov_25.372470"	"PrePostFVT"	"During"	"PrePostFVTDuring"	0.228871187064112	-0.0088626670314581	0.533500503761932	0.661142264896009	1	0.755442235841104	1	NA	"abundance"	26	24
"NODE_999_length_5046_cov_25.372470"	"PrePostFVT"	"Post"	"PrePostFVTPost"	0.121997987284321	-0.289783364067339	0.411536535247093	0.333326658553653	1	0.555546655804762	1	NA	"abundance"	26	24
"NODE_1004_length_2342_cov_3.848273"	"PrePostFVT"	"During"	"PrePostFVTDuring"	1.09863960866821	0	1.29099741387199	0.394769004485998	1	0.63369544206913	1	NA	"prevalence"	26	12
"NODE_1004_length_2342_cov_3.848273"	"PrePostFVT"	"Post"	"PrePostFVTPost"	1.43512706551681	0	1.00475451292161	0.153195163914523	1	0.282921569582248	1	NA	"prevalence"	26	12
"NODE_1006_length_5270_cov_5.930201"	"PrePostFVT"	"During"	"PrePostFVTDuring"	13.3167733621405	0	268.915642210428	0.960504689365789	1	0.978014441584985	1	NA	"prevalence"	26	23
"NODE_1006_length_5270_cov_5.930201"	"PrePostFVT"	"Post"	"PrePostFVTPost"	1.30305654701305	0	1.34420718752335	0.332352294087434	1	0.0763987601407105	0.652010987279299	NA	"prevalence"	26	23
"NODE_101_length_12442_cov_9.785824"	"PrePostFVT"	"During"	"PrePostFVTDuring"	0	0	3.29982797044344	1	1	0.646203410141603	1	NA	"prevalence"	26	25
"NODE_101_length_12442_cov_9.785824"	"PrePostFVT"	"Post"	"PrePostFVTPost"	-1.23632920280552	0	2.11197082530628	0.558284683175974	1	0.0568787203470791	0.534178449914924	NA	"prevalence"	26	25
"NODE_1010_length_4287_cov_71.227316"	"PrePostFVT"	"During"	"PrePostFVTDuring"	-0.58771555581432	0	1.36622316178238	0.66706807619236	1	0.492944499376379	1	NA	"prevalence"	26	11
"NODE_1010_length_4287_cov_71.227316"	"PrePostFVT"	"Post"	"PrePostFVTPost"	0.847215098414745	0	0.936045150001595	0.36541205382897	1	0.597298138574434	1	NA	"prevalence"	26	11
"NODE_1013_length_3589_cov_5.858800"	"PrePostFVT"	"During"	"PrePostFVTDuring"	1.31375115692119e-15	0	1.44124550370307	0.999999999999999	1	0.909120458018705	1	NA	"prevalence"	26	19
"NODE_1013_length_3589_cov_5.858800"	"PrePostFVT"	"Post"	"PrePostFVTPost"	-1.45855678304185e-30	0	1.07424073048975	1	1	0.952018897277526	1	NA	"prevalence"	26	19
"NODE_1013_length_5104_cov_6.459893"	"PrePostFVT"	"During"	"PrePostFVTDuring"	0.84734475437672	0	1.57359680462382	0.590248188547013	1	0.722417515776789	1	NA	"prevalence"	26	6
"NODE_1013_length_5104_cov_6.459893"	"PrePostFVT"	"Post"	"PrePostFVTPost"	1.2527943328226	0	1.23202506200425	0.309221066053552	1	0.522824464415808	1	NA	"prevalence"	26	6
"NODE_1015_length_5103_cov_5.265848"	"PrePostFVT"	"During"	"PrePostFVTDuring"	-12.112760399728	0	557.395931743057	0.982662550343225	1	0.982662550343225	1	NA	"prevalence"	26	3
"NODE_1015_length_5103_cov_5.265848"	"PrePostFVT"	"Post"	"PrePostFVTPost"	0.336472083206729	0	1.32017342362061	0.798823810398848	1	0.798823810398848	1	NA	"prevalence"	26	3
"NODE_1017_length_3175_cov_27.554487"	"PrePostFVT"	"During"	"PrePostFVTDuring"	-0.587504430952906	0	1.36621865868281	0.66717945103267	1	0.66717945103267	1	NA	"prevalence"	26	4
"NODE_1017_length_3175_cov_27.554487"	"PrePostFVT"	"Post"	"PrePostFVTPost"	-15.8201459521047	0	873.270327416532	0.985546331522495	1	0.985546331522495	1	NA	"prevalence"	26	4
"NODE_1017_length_4404_cov_8.700851"	"PrePostFVT"	"During"	"PrePostFVTDuring"	2.20964134909741e-06	0	1.41421483614644	0.99999875334449	1	0.77671648412754	1	NA	"prevalence"	26	20
"NODE_1017_length_4404_cov_8.700851"	"PrePostFVT"	"Post"	"PrePostFVTPost"	0.510825694746826	0	1.12546292374151	0.649914826513122	1	0.877440371304663	1	NA	"prevalence"	26	20
"NODE_1023_length_5456_cov_6.579893"	"PrePostFVT"	"During"	"PrePostFVTDuring"	-11.7595262853273	0	305.298853211844	0.969274614770627	1	0.969274614770627	1	NA	"prevalence"	26	4
"NODE_1023_length_5456_cov_6.579893"	"PrePostFVT"	"Post"	"PrePostFVTPost"	-0.51135193681681	0	1.12603655482863	0.649744877196345	1	0.649744877196345	1	NA	"prevalence"	26	4
"NODE_1026_length_5707_cov_4.867127"	"PrePostFVT"	"During"	"PrePostFVTDuring"	0.84734475437672	0	1.57359680462382	0.590248188547013	1	0.100323196585807	0.724741432597051	NA	"prevalence"	26	6
"NODE_1026_length_5707_cov_4.867127"	"PrePostFVT"	"Post"	"PrePostFVTPost"	1.2527943328226	0	1.23202506200425	0.309221066053552	1	0.522824464415808	1	NA	"prevalence"	26	6
"NODE_1027_length_4636_cov_20.014189"	"PrePostFVT"	"During"	"PrePostFVTDuring"	4.58062647013005	0	8.23492388812056	0.57804410810419	1	0.821953225294411	1	NA	"prevalence"	26	20
"NODE_1027_length_4636_cov_20.014189"	"PrePostFVT"	"Post"	"PrePostFVTPost"	3.312345463751e-15	0	1.03069456872339	0.999999999999997	1	0.294144093709786	1	NA	"prevalence"	26	20
"NODE_1038_length_3220_cov_3.203791"	"PrePostFVT"	"During"	"PrePostFVTDuring"	1.94587810478463	0	1.46384757662754	0.183752276194278	1	0.333739653381977	1	NA	"prevalence"	26	7
"NODE_1038_length_3220_cov_3.203791"	"PrePostFVT"	"Post"	"PrePostFVTPost"	1.25276760493403	0	1.23201003249801	0.309225485970543	1	0.522830570767367	1	NA	"prevalence"	26	7
"NODE_1039_length_3380_cov_25.711278"	"PrePostFVT"	"During"	"PrePostFVTDuring"	13.3082764046323	0	278.697709883954	0.961914167682017	1	0.973295288496688	1	NA	"prevalence"	26	17
"NODE_1039_length_3380_cov_25.711278"	"PrePostFVT"	"Post"	"PrePostFVTPost"	-0.181393992204114	0	0.956233276566007	0.849547056660663	1	0.621580158129897	1	NA	"prevalence"	26	17
"NODE_1043_length_5009_cov_8.757771"	"PrePostFVT"	"During"	"PrePostFVTDuring"	-12.3825236616822	0	207.056611263113	0.952312854934957	1	0.952312854934957	1	NA	"prevalence"	26	4
"NODE_1043_length_5009_cov_8.757771"	"PrePostFVT"	"Post"	"PrePostFVTPost"	-14.1081720348625	0	123.634750347457	0.909149244386355	1	0.909149244386355	1	NA	"prevalence"	26	4
"NODE_1044_length_3348_cov_3.808381"	"PrePostFVT"	"During"	"PrePostFVTDuring"	-7.07629512726637e-14	0	3.29982874382594	0.999999999999983	1	0.999999999999983	1	NA	"prevalence"	26	3
"NODE_1044_length_3348_cov_3.808381"	"PrePostFVT"	"Post"	"PrePostFVTPost"	1.84891755143231	0	2.04207416387564	0.365247394565083	1	0.365247394565083	1	NA	"prevalence"	26	3
"NODE_1045_length_6642_cov_13.697890"	"PrePostFVT"	"During"	"PrePostFVTDuring"	0.58766640921324	0	1.36624116642746	0.667098365032359	1	0.816479540880474	1	NA	"prevalence"	26	17
"NODE_1045_length_6642_cov_13.697890"	"PrePostFVT"	"Post"	"PrePostFVTPost"	0.182184956667866	0	0.953061597862408	0.848402130366085	1	0.667786014727393	1	NA	"prevalence"	26	17
"NODE_1046_length_5621_cov_125.866870"	"PrePostFVT"	"During"	"PrePostFVTDuring"	-0.600725646220206	0	1.3845318093807	0.66437296928903	1	0.773887224045556	1	NA	"prevalence"	26	14
"NODE_1048_length_3412_cov_3.720882"	"PrePostFVT"	"During"	"PrePostFVTDuring"	-12.112760399728	0	557.395931743057	0.982662550343225	1	0.982662550343225	1	NA	"prevalence"	26	3
"NODE_1048_length_3412_cov_3.720882"	"PrePostFVT"	"Post"	"PrePostFVTPost"	0.336472083206729	0	1.32017342362061	0.798823810398848	1	0.798823810398848	1	NA	"prevalence"	26	3
"NODE_1048_length_5983_cov_5.663293"	"PrePostFVT"	"During"	"PrePostFVTDuring"	1.94572934420052	0	1.46382581721606	0.183779275949093	1	0.183779275949093	0.933001624112053	NA	"prevalence"	26	4
"NODE_1048_length_5983_cov_5.663293"	"PrePostFVT"	"Post"	"PrePostFVTPost"	-0.452034411680599	0	1.49454485977967	0.762304291237708	1	0.762304291237708	1	NA	"prevalence"	26	4
"NODE_105_length_34419_cov_13.781283|provirus_17286_34418"	"PrePostFVT"	"During"	"PrePostFVTDuring"	-12.02735571529	0	568.014209762099	0.983106541678154	1	0.983106541678154	1	NA	"prevalence"	26	5
"NODE_105_length_34419_cov_13.781283|provirus_17286_34418"	"PrePostFVT"	"Post"	"PrePostFVTPost"	1.25276463946247	0	1.23202220904527	0.309231412857359	1	0.522838759016959	1	NA	"prevalence"	26	5
"NODE_1050_length_3310_cov_18.847312"	"PrePostFVT"	"During"	"PrePostFVTDuring"	6.5916737188431	0	13.537000053326	0.626302583484001	1	0.165487774141126	0.932408462070226	NA	"prevalence"	26	18
"NODE_1050_length_3310_cov_18.847312"	"PrePostFVT"	"Post"	"PrePostFVTPost"	1.00552186549286	0	0.961734042015936	0.295778047847443	1	0.504071442106441	1	NA	"prevalence"	26	18
"NODE_1053_length_6542_cov_6.675505"	"PrePostFVT"	"During"	"PrePostFVTDuring"	0.847285205540763	0	1.5736390610539	0.590284287366533	1	0.83213303482125	1	NA	"prevalence"	26	4
"NODE_1053_length_6542_cov_6.675505"	"PrePostFVT"	"Post"	"PrePostFVTPost"	0.336545830680293	0	1.3202052027524	0.798785403309065	1	0.8120653329977	1	NA	"prevalence"	26	4
"NODE_1057_length_3172_cov_99.676612"	"PrePostFVT"	"During"	"PrePostFVTDuring"	-1.177412354143e-13	0	3.75464822808713	0.999999999999975	1	0.999999999999975	1	NA	"prevalence"	26	8
"NODE_1058_length_3319_cov_5.354473"	"PrePostFVT"	"During"	"PrePostFVTDuring"	-13.1199617794384	0	427.038040573465	0.975490313898743	1	0.975490313898743	1	NA	"prevalence"	26	8
"NODE_1058_length_3319_cov_5.354473"	"PrePostFVT"	"Post"	"PrePostFVTPost"	0.174426397070708	0	0.936053785036416	0.852176352936105	1	0.661470557051901	1	NA	"prevalence"	26	8
"NODE_106_length_96948_cov_59.874201|provirus_53627_96654"	"PrePostFVT"	"During"	"PrePostFVTDuring"	6.59167373184563	0	13.5370012471209	0.626302613235488	1	0.618459958324045	1	NA	"prevalence"	26	11
"NODE_106_length_96948_cov_59.874201|provirus_53627_96654"	"PrePostFVT"	"Post"	"PrePostFVTPost"	-1.44691898293631	0	1.02001987778063	0.156038893420883	1	0.287729650581752	1	NA	"prevalence"	26	11
"NODE_1062_length_4753_cov_4.627501"	"PrePostFVT"	"During"	"PrePostFVTDuring"	0	0	1.38282086313179	1	1	0.950997189311792	1	NA	"prevalence"	26	7
"NODE_1062_length_4753_cov_4.627501"	"PrePostFVT"	"Post"	"PrePostFVTPost"	0.365484504446974	0	1.0030206080897	0.715571398321961	1	0.371935510484179	1	NA	"prevalence"	26	7
"NODE_1065_length_3478_cov_4.248028"	"PrePostFVT"	"During"	"PrePostFVTDuring"	1.94572934420052	0	1.46382581721606	0.183779275949093	1	0.183779275949093	0.933001624112053	NA	"prevalence"	26	4
"NODE_1065_length_3478_cov_4.248028"	"PrePostFVT"	"Post"	"PrePostFVTPost"	-0.452034411680599	0	1.49454485977967	0.762304291237708	1	0.762304291237708	1	NA	"prevalence"	26	4
"NODE_1066_length_4261_cov_4.494532"	"PrePostFVT"	"During"	"PrePostFVTDuring"	0.847773702111125	0	1.57363646860883	0.590069430689603	1	0.590069430689603	1	NA	"prevalence"	26	2
"NODE_1066_length_4261_cov_4.494532"	"PrePostFVT"	"Post"	"PrePostFVTPost"	-12.9451524251414	0	493.101563516887	0.97905593547766	1	0.97905593547766	1	NA	"prevalence"	26	2
"NODE_1066_length_5519_cov_11.305454"	"PrePostFVT"	"During"	"PrePostFVTDuring"	14.0302478950572	0	664.459216721851	0.983153689349818	1	0.953035159658679	1	NA	"prevalence"	26	20
"NODE_1066_length_5519_cov_11.305454"	"PrePostFVT"	"Post"	"PrePostFVTPost"	1.09868887445022	0	1.06457977367227	0.302053394943093	1	0.512870536489538	1	NA	"prevalence"	26	20
"NODE_1067_length_5696_cov_15.288069"	"PrePostFVT"	"During"	"PrePostFVTDuring"	0.593195475102005	0	1.3745746775013	0.666069682872914	1	0.888490543303404	1	NA	"prevalence"	26	17
"NODE_1067_length_5696_cov_15.288069"	"PrePostFVT"	"Post"	"PrePostFVTPost"	0.184217572281672	0	0.958349653336395	0.847566936358201	1	0.973923674745788	1	NA	"prevalence"	26	17
"NODE_107_length_22047_cov_25.693889"	"PrePostFVT"	"During"	"PrePostFVTDuring"	3.53013917966983e-15	0	1.4076485743634	0.999999999999998	1	0.993948170871027	1	NA	"prevalence"	26	17
"NODE_107_length_22047_cov_25.693889"	"PrePostFVT"	"Post"	"PrePostFVTPost"	-1.00552185752952	0	0.997138835124121	0.313259077141517	1	0.139582131029069	0.826573095651732	NA	"prevalence"	26	17
"NODE_1070_length_3145_cov_8.108414"	"PrePostFVT"	"During"	"PrePostFVTDuring"	12.0800252677744	0	366.3599298597	0.973696033263455	1	0.394695243424946	1	NA	"prevalence"	26	24
"NODE_1070_length_3145_cov_8.108414"	"PrePostFVT"	"Post"	"PrePostFVTPost"	13.8984596280681	0	547.354207629866	0.979742231523711	1	0.0109091485453534	0.22610509068405	NA	"prevalence"	26	24
"NODE_1071_length_6474_cov_15.783611"	"PrePostFVT"	"During"	"PrePostFVTDuring"	0.510881991198475	0	1.23827835120229	0.679918434812856	1	0.897547791627348	1	NA	"prevalence"	26	13
"NODE_1071_length_6474_cov_15.783611"	"PrePostFVT"	"Post"	"PrePostFVTPost"	0.84732578419111	0	0.936051715160972	0.365352780772619	1	0.597222907126953	1	NA	"prevalence"	26	13
"NODE_1072_length_4764_cov_12.172648"	"PrePostFVT"	"During"	"PrePostFVTDuring"	0	0	3.29982797044344	1	1	0.998223989068562	1	NA	"prevalence"	26	24
"NODE_1072_length_4764_cov_12.172648"	"PrePostFVT"	"Post"	"PrePostFVTPost"	-1.23632920280552	0	2.11197082530628	0.558284683175974	1	0.205470702950337	0.98006710640147	NA	"prevalence"	26	24
"NODE_1077_length_6283_cov_9.092807"	"PrePostFVT"	"During"	"PrePostFVTDuring"	0.847285205540763	0	1.5736390610539	0.590284287366533	1	0.590284287366533	1	NA	"prevalence"	26	4
"NODE_1077_length_6283_cov_9.092807"	"PrePostFVT"	"Post"	"PrePostFVTPost"	0.336545830680293	0	1.3202052027524	0.798785403309065	1	0.798785403309065	1	NA	"prevalence"	26	4
"NODE_108_length_16977_cov_116.663101"	"PrePostFVT"	"During"	"PrePostFVTDuring"	0	0	3.29982446048068	1	1	1	1	NA	"prevalence"	26	5
"NODE_108_length_16977_cov_116.663101"	"PrePostFVT"	"Post"	"PrePostFVTPost"	2.6557995107584	0	1.99956645060922	0.184116115719928	1	0.184116115719928	0.933001624112053	NA	"prevalence"	26	5
"NODE_1085_length_2628_cov_21.639583"	"PrePostFVT"	"During"	"PrePostFVTDuring"	12.0800252677744	0	366.3599298597	0.973696033263455	1	0.274893494948447	1	NA	"prevalence"	26	24
"NODE_1085_length_2628_cov_21.639583"	"PrePostFVT"	"Post"	"PrePostFVTPost"	13.8984596280681	0	547.354207629866	0.979742231523711	1	0.0595476830913622	0.551449554585434	NA	"prevalence"	26	24
"NODE_1086_length_7321_cov_7.431599"	"PrePostFVT"	"During"	"PrePostFVTDuring"	0	0	3.2998296956836	1	1	0.713942371499991	1	NA	"prevalence"	26	24
"NODE_1089_length_4636_cov_5.018118"	"PrePostFVT"	"During"	"PrePostFVTDuring"	-12.112760399728	0	557.395931743057	0.982662550343225	1	0.982662550343225	1	NA	"prevalence"	26	3
"NODE_1089_length_4636_cov_5.018118"	"PrePostFVT"	"Post"	"PrePostFVTPost"	0.336472083206729	0	1.32017342362061	0.798823810398848	1	0.798823810398848	1	NA	"prevalence"	26	3
"NODE_109_length_27773_cov_17.890613|provirus_5305_23161"	"PrePostFVT"	"During"	"PrePostFVTDuring"	-4.02250249570211e-14	0	16.556690583339	0.999999999999998	1	0.3409711121365	1	NA	"prevalence"	26	25
"NODE_109_length_27773_cov_17.890613|provirus_5305_23161"	"PrePostFVT"	"Post"	"PrePostFVTPost"	-4.23454138694841e-14	0	12.3406153100066	0.999999999999997	1	0.345587595277112	1	NA	"prevalence"	26	25
"NODE_1092_length_3371_cov_6.075694"	"PrePostFVT"	"During"	"PrePostFVTDuring"	11.851914312499	0	504.183933027257	0.981245755799443	1	0.675678913886099	1	NA	"prevalence"	26	22
"NODE_1092_length_3371_cov_6.075694"	"PrePostFVT"	"Post"	"PrePostFVTPost"	-0.336565733124348	0	1.32013864517336	0.798763832208768	1	0.76853550240894	1	NA	"prevalence"	26	22
"NODE_1096_length_2260_cov_12.300680"	"PrePostFVT"	"During"	"PrePostFVTDuring"	12.4990677901505	0	24.1620724592521	0.604945953695814	1	0.595409855296132	1	NA	"prevalence"	26	23
"NODE_1096_length_2260_cov_12.300680"	"PrePostFVT"	"Post"	"PrePostFVTPost"	0.507735613788287	0	1.58612057778604	0.748883723924521	1	0.834191776703155	1	NA	"prevalence"	26	23
"NODE_1098_length_4803_cov_5.912805"	"PrePostFVT"	"During"	"PrePostFVTDuring"	13.8571352119936	0	682.667079294366	0.983805231915277	1	0.988756907877651	1	NA	"prevalence"	26	19
"NODE_1098_length_4803_cov_5.912805"	"PrePostFVT"	"Post"	"PrePostFVTPost"	0.587754840054985	0	0.988822886528073	0.552245611815422	1	0.799516007861454	1	NA	"prevalence"	26	19
"NODE_11_length_66886_cov_11.614326|provirus_7399_66886"	"PrePostFVT"	"During"	"PrePostFVTDuring"	13.4059946456489	0	40.8001118436413	0.742475133032975	1	0.933656651618108	1	NA	"prevalence"	26	21
"NODE_11_length_66886_cov_11.614326|provirus_7399_66886"	"PrePostFVT"	"Post"	"PrePostFVTPost"	1.44036427425346	0	1.29564811414585	0.266269727289068	1	0.270932432352991	1	NA	"prevalence"	26	21
"NODE_1100_length_3241_cov_3.381984"	"PrePostFVT"	"During"	"PrePostFVTDuring"	-1.18410476969732e-13	0	3.29982374658711	0.999999999999971	1	0.999999999999971	1	NA	"prevalence"	26	4
"NODE_1100_length_3241_cov_3.381984"	"PrePostFVT"	"Post"	"PrePostFVTPost"	2.65579766059997	0	1.99956737966869	0.18411662513362	1	0.18411662513362	0.933001624112053	NA	"prevalence"	26	4
"NODE_1102_length_3264_cov_3.307884"	"PrePostFVT"	"During"	"PrePostFVTDuring"	-11.8804638372074	0	246.551324465742	0.961567549520596	1	0.961567549520596	1	NA	"prevalence"	26	12
"NODE_1102_length_3264_cov_3.307884"	"PrePostFVT"	"Post"	"PrePostFVTPost"	1.20394881270646	0	0.953063990875424	0.20650284483355	1	0.370362264742751	1	NA	"prevalence"	26	12
"NODE_1105_length_4231_cov_8.810824"	"PrePostFVT"	"During"	"PrePostFVTDuring"	-1.46192563814841	0	1.62703925074172	0.368908934290639	1	0.601724066781823	1	NA	"prevalence"	26	13
"NODE_1105_length_4231_cov_8.810824"	"PrePostFVT"	"Post"	"PrePostFVTPost"	0.435836721501381	0	1.05045071397398	0.678211820173771	1	0.748153335441401	1	NA	"prevalence"	26	13
"NODE_1105_length_5332_cov_3.971575"	"PrePostFVT"	"During"	"PrePostFVTDuring"	0.84734475437672	0	1.57359680462382	0.590248188547013	1	0.832103453010996	1	NA	"prevalence"	26	6
"NODE_1105_length_5332_cov_3.971575"	"PrePostFVT"	"Post"	"PrePostFVTPost"	1.2527943328226	0	1.23202506200425	0.309221066053552	1	0.522824464415808	1	NA	"prevalence"	26	6
"NODE_111_length_16833_cov_22.753546"	"PrePostFVT"	"During"	"PrePostFVTDuring"	1.37565098763943	0	2.1898801088253	0.529882411046117	1	0.434029833085172	1	NA	"prevalence"	26	13
"NODE_111_length_16833_cov_22.753546"	"PrePostFVT"	"Post"	"PrePostFVTPost"	7.18692257055207	0	4.70356181980591	0.126518866636478	1	0.237030709657977	1	NA	"prevalence"	26	13
"NODE_1115_length_3181_cov_94.175944"	"PrePostFVT"	"During"	"PrePostFVTDuring"	-13.0906035025996	0	591.207193482294	0.982334556930389	1	0.982334556930389	1	NA	"prevalence"	26	6
"NODE_1115_length_3181_cov_94.175944"	"PrePostFVT"	"Post"	"PrePostFVTPost"	0.404473690853407	0	1.02069856776989	0.691904794247422	1	0.905077344192277	1	NA	"prevalence"	26	6
"NODE_1115_length_4488_cov_7.035867"	"PrePostFVT"	"During"	"PrePostFVTDuring"	1.94603683071388	0	1.4638537840237	0.183718378217875	1	0.333684313940744	1	NA	"prevalence"	26	6
"NODE_1115_length_4488_cov_7.035867"	"PrePostFVT"	"Post"	"PrePostFVTPost"	0.847324737272441	0	1.25988533272829	0.5012392490027	1	0.751237713264609	1	NA	"prevalence"	26	6
"NODE_1117_length_5033_cov_7.042989"	"PrePostFVT"	"During"	"PrePostFVTDuring"	0.510790108102949	0	1.23827851336295	0.6799728497095	1	0.858335222519931	1	NA	"prevalence"	26	9
"NODE_1117_length_5033_cov_7.042989"	"PrePostFVT"	"Post"	"PrePostFVTPost"	-0.182311439348071	0	0.953064943126915	0.84829868595357	1	0.92247226523675	1	NA	"prevalence"	26	9
"NODE_1118_length_5021_cov_5.478856"	"PrePostFVT"	"During"	"PrePostFVTDuring"	1.94587810478463	0	1.46384757662754	0.183752276194278	1	0.299047810671518	1	NA	"prevalence"	26	7
"NODE_1118_length_5021_cov_5.478856"	"PrePostFVT"	"Post"	"PrePostFVTPost"	1.25276760493403	0	1.23201003249801	0.309225485970543	1	0.522830570767367	1	NA	"prevalence"	26	7
"NODE_1119_length_5023_cov_11.906200"	"PrePostFVT"	"During"	"PrePostFVTDuring"	-22.564449714216	0	38254.7758720914	0.999529370527063	1	0.999529370527063	1	NA	"prevalence"	26	6
"NODE_1119_length_5023_cov_11.906200"	"PrePostFVT"	"Post"	"PrePostFVTPost"	-30.8954801855353	0	1422935.83097441	0.99998267593935	1	0.99998267593935	1	NA	"prevalence"	26	6
"NODE_1121_length_4468_cov_66.517109"	"PrePostFVT"	"During"	"PrePostFVTDuring"	2.19721165567691	0	1.41421067767765	0.120264004429162	1	0.226064578096986	1	NA	"prevalence"	26	12
"NODE_1121_length_4468_cov_66.517109"	"PrePostFVT"	"Post"	"PrePostFVTPost"	1.09861241049429	0	1.00000071525673	0.271937505016259	1	0.469925003398049	1	NA	"prevalence"	26	12
"NODE_1122_length_2806_cov_3.212650"	"PrePostFVT"	"During"	"PrePostFVTDuring"	-1.18410476969732e-13	0	3.29982374658711	0.999999999999971	1	0.999999999999971	1	NA	"prevalence"	26	4
"NODE_1122_length_2806_cov_3.212650"	"PrePostFVT"	"Post"	"PrePostFVTPost"	2.65579766059997	0	1.99956737966869	0.18411662513362	1	0.18411662513362	0.933001624112053	NA	"prevalence"	26	4
"NODE_1125_length_2758_cov_3.078801"	"PrePostFVT"	"During"	"PrePostFVTDuring"	2.19738556471407	0	1.41425788690992	0.120247035573572	1	0.226034721582911	1	NA	"prevalence"	26	9
"NODE_1125_length_2758_cov_3.078801"	"PrePostFVT"	"Post"	"PrePostFVTPost"	0.40535809045555	0	1.02061589520674	0.691242048766401	1	0.334870601638001	1	NA	"prevalence"	26	9
"NODE_113_length_10944_cov_8.844155"	"PrePostFVT"	"During"	"PrePostFVTDuring"	12.4990677901505	0	24.1620724592521	0.604945953695814	1	0.510464039353258	1	NA	"prevalence"	26	24
"NODE_113_length_10944_cov_8.844155"	"PrePostFVT"	"Post"	"PrePostFVTPost"	0.507735613788287	0	1.58612057778604	0.748883723924521	1	0.666450021328279	1	NA	"prevalence"	26	24
"NODE_1133_length_5136_cov_33.778981"	"PrePostFVT"	"During"	"PrePostFVTDuring"	-10.5526811822895	0	248.443410261878	0.966119889000399	1	0.966119889000399	1	NA	"prevalence"	26	5
"NODE_1133_length_5136_cov_33.778981"	"PrePostFVT"	"Post"	"PrePostFVTPost"	1.32111182899993	0	1.28352698058732	0.303346955411889	1	0.332806946688725	1	NA	"prevalence"	26	5
"NODE_1136_length_5719_cov_15.513771"	"PrePostFVT"	"During"	"PrePostFVTDuring"	0.593195478585678	0	1.3745741442074	0.666069559320152	1	0.888490460787362	1	NA	"prevalence"	26	17
"NODE_1136_length_5719_cov_15.513771"	"PrePostFVT"	"Post"	"PrePostFVTPost"	0.184217569422578	0	0.958349518509271	0.847566917512514	1	0.960706911566068	1	NA	"prevalence"	26	17
"NODE_1139_length_3931_cov_6.083333"	"PrePostFVT"	"During"	"PrePostFVTDuring"	0.510752643161538	0	1.23827833378329	0.679994977650732	1	0.876421959807881	1	NA	"prevalence"	26	10
"NODE_1139_length_3931_cov_6.083333"	"PrePostFVT"	"Post"	"PrePostFVTPost"	0.174363680393496	0	0.936049185224296	0.852228174514358	1	0.939617278337246	1	NA	"prevalence"	26	10
"NODE_114_length_41139_cov_24.287119"	"PrePostFVT"	"During"	"PrePostFVTDuring"	-2.82420149939742e-14	0	3.29982957670378	0.999999999999993	1	0.999999999999993	1	NA	"prevalence"	26	6
"NODE_1148_length_3207_cov_13.351840"	"PrePostFVT"	"During"	"PrePostFVTDuring"	-0.587720801048398	0	1.36624935598164	0.667071282685925	1	0.889158469187605	1	NA	"prevalence"	26	11
"NODE_1148_length_3207_cov_13.351840"	"PrePostFVT"	"Post"	"PrePostFVTPost"	0.510860466870218	0	0.930950146107852	0.58317586717527	1	0.826257642294912	1	NA	"prevalence"	26	11
"NODE_115_length_39977_cov_22.569661"	"PrePostFVT"	"During"	"PrePostFVTDuring"	11.4447517356404	0	264.460839910971	0.965481690026473	1	0.0189729935529643	0.314590302625817	NA	"prevalence"	26	17
"NODE_115_length_39977_cov_22.569661"	"PrePostFVT"	"Post"	"PrePostFVTPost"	-0.859320439786733	0	1.08266405961391	0.427364734967662	1	0.0445165008119047	0.472580658009306	NA	"prevalence"	26	17
"NODE_115_length_68071_cov_76.287815|provirus_44295_57657"	"PrePostFVT"	"During"	"PrePostFVTDuring"	12.4990677901505	0	24.1620724592521	0.604945953695814	1	0.721874974612443	1	NA	"prevalence"	26	24
"NODE_115_length_68071_cov_76.287815|provirus_44295_57657"	"PrePostFVT"	"Post"	"PrePostFVTPost"	0.507735613788287	0	1.58612057778604	0.748883723924521	1	0.686760256639591	1	NA	"prevalence"	26	24
"NODE_1150_length_3473_cov_5.646870"	"PrePostFVT"	"During"	"PrePostFVTDuring"	-4.02250249570211e-14	0	16.556690583339	0.999999999999998	1	0.950115567812281	1	NA	"prevalence"	26	25
"NODE_1152_length_2993_cov_5.899592"	"PrePostFVT"	"During"	"PrePostFVTDuring"	1.172335328313	0	1.37287772640333	0.393146257679729	1	0.631728535431882	1	NA	"prevalence"	26	12
"NODE_1152_length_2993_cov_5.899592"	"PrePostFVT"	"Post"	"PrePostFVTPost"	-0.339013906858873	0	0.918151818220637	0.711952472329352	1	0.917028621802827	1	NA	"prevalence"	26	12
"NODE_1158_length_3043_cov_3.853414"	"PrePostFVT"	"During"	"PrePostFVTDuring"	-4.02250249570211e-14	0	16.556690583339	0.999999999999998	1	0.919903590492204	1	NA	"prevalence"	26	25
"NODE_116_length_38613_cov_286.577597"	"PrePostFVT"	"During"	"PrePostFVTDuring"	-0.600725646220206	0	1.3845318093807	0.66437296928903	1	0.887354496256137	1	NA	"prevalence"	26	16
"NODE_1162_length_5509_cov_7.356986"	"PrePostFVT"	"During"	"PrePostFVTDuring"	0.84734475437672	0	1.57359680462382	0.590248188547013	1	0.832103453010996	1	NA	"prevalence"	26	6
"NODE_1162_length_5509_cov_7.356986"	"PrePostFVT"	"Post"	"PrePostFVTPost"	1.2527943328226	0	1.23202506200425	0.309221066053552	1	0.522824464415808	1	NA	"prevalence"	26	6
"NODE_1163_length_4650_cov_11.917519"	"PrePostFVT"	"During"	"PrePostFVTDuring"	-2.80589059465293e-06	0	1.33368202036866	0.999998321356402	1	0.993570789802028	1	NA	"prevalence"	26	14
"NODE_1163_length_4650_cov_11.917519"	"PrePostFVT"	"Post"	"PrePostFVTPost"	0.399814810528141	0	1.00127800397623	0.689668853392263	1	0.903694579445127	1	NA	"prevalence"	26	14
"NODE_1164_length_4593_cov_10.455046"	"PrePostFVT"	"During"	"PrePostFVTDuring"	-1.17233532716126	0	1.37287824944701	0.39314643841511	1	0.631728754791734	1	NA	"prevalence"	26	15
"NODE_1164_length_4593_cov_10.455046"	"PrePostFVT"	"Post"	"PrePostFVTPost"	0.714004714856045	0	0.936831592363251	0.445971428764906	1	0.259850902184155	1	NA	"prevalence"	26	15
"NODE_1168_length_2630_cov_10.932427"	"PrePostFVT"	"During"	"PrePostFVTDuring"	-1.28859867604692	0	1.47595917399891	0.382631202184589	1	0.504575582412466	1	NA	"prevalence"	26	14
"NODE_1168_length_2630_cov_10.932427"	"PrePostFVT"	"Post"	"PrePostFVTPost"	1.30787810880008	0	1.10196779407006	0.23528406004319	1	0.0967486490099637	0.715439633840963	NA	"prevalence"	26	14
"NODE_1177_length_5283_cov_27.285386"	"PrePostFVT"	"During"	"PrePostFVTDuring"	12.5841302887883	0	18.8978019674385	0.505472180601641	1	0.425266450484853	1	NA	"prevalence"	26	24
"NODE_1177_length_5283_cov_27.285386"	"PrePostFVT"	"Post"	"PrePostFVTPost"	0.507741675082459	0	1.58934481627756	0.749373148731865	1	0.26012245182846	1	NA	"prevalence"	26	24
"NODE_1179_length_1863_cov_4.367810"	"PrePostFVT"	"During"	"PrePostFVTDuring"	11.8397913411255	0	233.77428005288	0.959607405500177	1	0.959607405500177	1	NA	"prevalence"	26	4
"NODE_1179_length_1863_cov_4.367810"	"PrePostFVT"	"Post"	"PrePostFVTPost"	11.3273317308693	0	233.772476677602	0.961354014445643	1	0.961354014445643	1	NA	"prevalence"	26	4
"NODE_1180_length_2996_cov_24.596056"	"PrePostFVT"	"During"	"PrePostFVTDuring"	-8.86989630947696e-14	0	3.29983183736731	0.999999999999979	1	0.999999999999979	1	NA	"prevalence"	26	3
"NODE_1180_length_2996_cov_24.596056"	"PrePostFVT"	"Post"	"PrePostFVTPost"	2.29031496022378	0	2.01359270550436	0.255359773628383	1	0.255359773628383	1	NA	"prevalence"	26	3
"NODE_1185_length_3872_cov_14.769190"	"PrePostFVT"	"During"	"PrePostFVTDuring"	-4.02250249570211e-14	0	16.556690583339	0.999999999999998	1	0.90392044978923	1	NA	"prevalence"	26	25
"NODE_1185_length_3872_cov_14.769190"	"PrePostFVT"	"Post"	"PrePostFVTPost"	-4.23454138694841e-14	0	12.3406153100066	0.999999999999997	1	0.125534960143694	0.80912513056522	NA	"prevalence"	26	25
"NODE_1186_length_4150_cov_3.537973"	"PrePostFVT"	"During"	"PrePostFVTDuring"	-1.20118623168723e-13	0	3.29982160492997	0.999999999999971	1	0.999999999999971	1	NA	"prevalence"	26	2
"NODE_1186_length_4150_cov_3.537973"	"PrePostFVT"	"Post"	"PrePostFVTPost"	1.84891755143229	0	2.04206871852044	0.365246115976955	1	0.365246115976955	1	NA	"prevalence"	26	2
"NODE_1194_length_3879_cov_4.682531"	"PrePostFVT"	"During"	"PrePostFVTDuring"	8.42422796351826e-14	0	3.29982767298714	0.99999999999998	1	0.947605094395923	1	NA	"prevalence"	26	21
"NODE_1194_length_3879_cov_4.682531"	"PrePostFVT"	"Post"	"PrePostFVTPost"	-2.65579766059998	0	1.99956834148643	0.18411683613775	1	0.334334662926124	1	NA	"prevalence"	26	21
"NODE_1195_length_3589_cov_5.580645"	"PrePostFVT"	"During"	"PrePostFVTDuring"	4.58062647013003	0	8.23492357820251	0.578044093795309	1	0.821953213218978	1	NA	"prevalence"	26	20
"NODE_1195_length_3589_cov_5.580645"	"PrePostFVT"	"Post"	"PrePostFVTPost"	3.312345463751e-15	0	1.03069450084948	0.999999999999997	1	0.662680221876995	1	NA	"prevalence"	26	20
"NODE_120_length_40096_cov_374.797208"	"PrePostFVT"	"During"	"PrePostFVTDuring"	-1.17233529875874	0	1.37287694296134	0.393145999589553	1	0.306379559014379	1	NA	"prevalence"	26	13
"NODE_120_length_40096_cov_374.797208"	"PrePostFVT"	"Post"	"PrePostFVTPost"	0.339013906858884	0	0.918151749160804	0.711952451630339	1	0.917028609878228	1	NA	"prevalence"	26	13
"NODE_1206_length_2948_cov_736.924300"	"PrePostFVT"	"During"	"PrePostFVTDuring"	-1.85651442221459e-14	0	1.40764848200202	0.99999999999999	1	0.923569650949209	1	NA	"prevalence"	26	11
"NODE_1206_length_2948_cov_736.924300"	"PrePostFVT"	"Post"	"PrePostFVTPost"	1.00552183120656	0	0.997138651740966	0.313259000814346	1	0.0857250447115748	0.68135815897997	NA	"prevalence"	26	11
"NODE_1206_length_5083_cov_16.050716"	"PrePostFVT"	"During"	"PrePostFVTDuring"	14.9059293254521	0	1024.00022888151	0.988385949011461	1	0.603351400865979	1	NA	"prevalence"	26	18
"NODE_1206_length_5083_cov_16.050716"	"PrePostFVT"	"Post"	"PrePostFVTPost"	0.182387575562436	0	0.953068866625215	0.848236719646569	1	0.965176087689049	1	NA	"prevalence"	26	18
"NODE_1213_length_5747_cov_6.697470"	"PrePostFVT"	"Post"	"PrePostFVTPost"	-0.452607473977287	0	1.4945969539102	0.762020093454072	1	0.762020093454072	1	NA	"prevalence"	26	5
"NODE_1215_length_4762_cov_296.029530"	"PrePostFVT"	"During"	"PrePostFVTDuring"	1.17233532811055	0	1.37287786750496	0.393146306393075	1	0.338817518663981	1	NA	"prevalence"	26	18
"NODE_1215_length_4762_cov_296.029530"	"PrePostFVT"	"Post"	"PrePostFVTPost"	1.17233532811055	0	0.980611038340966	0.231885830408461	1	0.351000670833177	1	NA	"prevalence"	26	18
"NODE_1218_length_3762_cov_7.912868"	"PrePostFVT"	"During"	"PrePostFVTDuring"	13.8056752276076	0	50.7677972511707	0.785669965019156	1	0.601381480271419	1	NA	"prevalence"	26	22
"NODE_1218_length_3762_cov_7.912868"	"PrePostFVT"	"Post"	"PrePostFVTPost"	0.630022430575022	0	1.26305372194658	0.61791402103159	1	0.187230785011858	0.936691944556448	NA	"prevalence"	26	22
"NODE_1219_length_2329_cov_3.319261"	"PrePostFVT"	"During"	"PrePostFVTDuring"	-4.57103953521753e-05	0	220.149316973834	0.999999834332356	1	0.999999834332356	1	NA	"prevalence"	26	2
"NODE_1219_length_2329_cov_3.319261"	"PrePostFVT"	"Post"	"PrePostFVTPost"	10.5189749512508	0	113.544387704644	0.926188005518961	1	0.926188005518961	1	NA	"prevalence"	26	2
"NODE_1220_length_2903_cov_3.497191"	"PrePostFVT"	"During"	"PrePostFVTDuring"	-2.80481406866764e-06	0	1.33368128196807	0.999998321999513	1	0.769068972477477	1	NA	"prevalence"	26	14
"NODE_1220_length_2903_cov_3.497191"	"PrePostFVT"	"Post"	"PrePostFVTPost"	0.399814804086888	0	1.00127786011776	0.689668815864688	1	0.500752771753781	1	NA	"prevalence"	26	14
"NODE_123_length_29020_cov_48.579838|provirus_13140_29018"	"PrePostFVT"	"During"	"PrePostFVTDuring"	0	0	3.2998296956836	1	1	0.999773536416651	1	NA	"prevalence"	26	24
"NODE_123_length_29020_cov_48.579838|provirus_13140_29018"	"PrePostFVT"	"Post"	"PrePostFVTPost"	-1.23632920280551	0	2.11197231441812	0.558284960643895	1	0.0407480890501093	0.449002677444558	NA	"prevalence"	26	24
"NODE_1233_length_4439_cov_10.491560"	"PrePostFVT"	"During"	"PrePostFVTDuring"	0.650355947171299	0	1.43298347594889	0.649938603200921	1	0.877457018471078	1	NA	"prevalence"	26	16
"NODE_1233_length_4439_cov_10.491560"	"PrePostFVT"	"Post"	"PrePostFVTPost"	-0.195813054478144	0	0.990177720290883	0.843236392556672	1	0.745792065349697	1	NA	"prevalence"	26	16
"NODE_1237_length_3955_cov_5.959744"	"PrePostFVT"	"During"	"PrePostFVTDuring"	0.865751369912628	0	1.59519311369692	0.58731907778655	1	0.523499970734999	1	NA	"prevalence"	26	5
"NODE_1237_length_3955_cov_5.959744"	"PrePostFVT"	"Post"	"PrePostFVTPost"	0.865858924773246	0	1.2769999987919	0.497745415375267	1	0.747740332223437	1	NA	"prevalence"	26	5
"NODE_124_length_39539_cov_31.076005"	"PrePostFVT"	"During"	"PrePostFVTDuring"	-13.0424197235297	0	1024.0009619457	0.989837837691254	1	0.989837837691254	1	NA	"prevalence"	26	7
"NODE_125_length_42935_cov_10.789366"	"PrePostFVT"	"During"	"PrePostFVTDuring"	0	0	3.29982077206146	1	1	1	1	NA	"prevalence"	26	5
"NODE_125_length_42935_cov_10.789366"	"PrePostFVT"	"Post"	"PrePostFVTPost"	2.98380571404982	0	1.99276643542739	0.134310447214361	1	0.134310447214361	0.80912513056522	NA	"prevalence"	26	5
"NODE_125_length_7892_cov_1006.475565"	"PrePostFVT"	"During"	"PrePostFVTDuring"	-12.8819952717634	0	512.000516451111	0.979927245202558	1	0.979927245202558	1	NA	"prevalence"	26	9
"NODE_125_length_7892_cov_1006.475565"	"PrePostFVT"	"Post"	"PrePostFVTPost"	1.09892694405146	0	0.999972356992563	0.271786681548661	1	0.469705362830088	1	NA	"prevalence"	26	9
"NODE_1250_length_5037_cov_5.407668"	"PrePostFVT"	"During"	"PrePostFVTDuring"	1.09859952378332	0	1.290992632744	0.394784501933071	1	0.6337142008996	1	NA	"prevalence"	26	8
"NODE_1250_length_5037_cov_5.407668"	"PrePostFVT"	"Post"	"PrePostFVTPost"	0.405420348324182	0	1.02062046582637	0.691198381117635	1	0.550198303118396	1	NA	"prevalence"	26	8
"NODE_1253_length_4696_cov_4.147382"	"PrePostFVT"	"During"	"PrePostFVTDuring"	0.847285205540763	0	1.5736390610539	0.590284287366533	1	0.590284287366533	1	NA	"prevalence"	26	4
"NODE_1253_length_4696_cov_4.147382"	"PrePostFVT"	"Post"	"PrePostFVTPost"	0.336545830680293	0	1.3202052027524	0.798785403309065	1	0.798785403309065	1	NA	"prevalence"	26	4
"NODE_1255_length_3675_cov_10.237293"	"PrePostFVT"	"During"	"PrePostFVTDuring"	4.58062647013003	0	8.23492357820249	0.578044093795308	1	0.821953213218977	1	NA	"prevalence"	26	20
"NODE_1255_length_3675_cov_10.237293"	"PrePostFVT"	"Post"	"PrePostFVTPost"	7.17218604547737e-15	0	1.03069444863873	0.999999999999994	1	0.761567286551594	1	NA	"prevalence"	26	20
"NODE_1256_length_5020_cov_5.298892"	"PrePostFVT"	"During"	"PrePostFVTDuring"	1.94587810478463	0	1.46384757662754	0.183752276194278	1	0.190378815332855	0.94344113184402	NA	"prevalence"	26	7
"NODE_1256_length_5020_cov_5.298892"	"PrePostFVT"	"Post"	"PrePostFVTPost"	1.25276760493403	0	1.23201003249801	0.309225485970543	1	0.522830570767367	1	NA	"prevalence"	26	7
"NODE_1258_length_2478_cov_5.522905"	"PrePostFVT"	"During"	"PrePostFVTDuring"	-8.86989630947696e-14	0	3.29983183736731	0.999999999999979	1	0.999999999999979	1	NA	"prevalence"	26	3
"NODE_1258_length_2478_cov_5.522905"	"PrePostFVT"	"Post"	"PrePostFVTPost"	2.29031496022378	0	2.01359270550436	0.255359773628383	1	0.255359773628383	1	NA	"prevalence"	26	3
"NODE_1259_length_3670_cov_6.403873"	"PrePostFVT"	"During"	"PrePostFVTDuring"	-2.80481406866764e-06	0	1.33368128196807	0.999998321999513	1	0.961470577108638	1	NA	"prevalence"	26	14
"NODE_1259_length_3670_cov_6.403873"	"PrePostFVT"	"Post"	"PrePostFVTPost"	0.399814804086888	0	1.00127786011776	0.689668815864688	1	0.777807881633124	1	NA	"prevalence"	26	14
"NODE_1260_length_5519_cov_9.765190"	"PrePostFVT"	"During"	"PrePostFVTDuring"	1.94572934420052	0	1.46382581721606	0.183779275949093	1	0.183779275949093	0.933001624112053	NA	"prevalence"	26	4
"NODE_1260_length_5519_cov_9.765190"	"PrePostFVT"	"Post"	"PrePostFVTPost"	-0.452034411680599	0	1.49454485977967	0.762304291237708	1	0.762304291237708	1	NA	"prevalence"	26	4
"NODE_1261_length_3858_cov_4.214567"	"PrePostFVT"	"During"	"PrePostFVTDuring"	1.44176538473081e-06	0	1.22474532156149	0.999999060733427	1	0.999900427641673	1	NA	"prevalence"	26	11
"NODE_1261_length_3858_cov_4.214567"	"PrePostFVT"	"Post"	"PrePostFVTPost"	-0.336472769122117	0	0.918072913622116	0.713992787635341	1	0.741875620002515	1	NA	"prevalence"	26	11
"NODE_1263_length_3025_cov_5.382155"	"PrePostFVT"	"During"	"PrePostFVTDuring"	0	0	3.2998296956836	1	1	0.934593810831994	1	NA	"prevalence"	26	24
"NODE_1263_length_3025_cov_5.382155"	"PrePostFVT"	"Post"	"PrePostFVTPost"	-1.23632920280551	0	2.11197231441812	0.558284960643895	1	0.0173342515156642	0.295871881262465	NA	"prevalence"	26	24
"NODE_1264_length_2611_cov_5.178404"	"PrePostFVT"	"During"	"PrePostFVTDuring"	-12.3825236616822	0	207.056611263113	0.952312854934957	1	0.952312854934957	1	NA	"prevalence"	26	4
"NODE_1264_length_2611_cov_5.178404"	"PrePostFVT"	"Post"	"PrePostFVTPost"	-14.1081720348625	0	123.634750347457	0.909149244386355	1	0.909149244386355	1	NA	"prevalence"	26	4
"NODE_1264_length_2799_cov_3.494169"	"PrePostFVT"	"During"	"PrePostFVTDuring"	-7.84933577142152e-14	0	3.29982695909517	0.999999999999981	1	0.999999999999981	1	NA	"prevalence"	26	2
"NODE_1264_length_2799_cov_3.494169"	"PrePostFVT"	"Post"	"PrePostFVTPost"	1.84891755143231	0	2.04207397161045	0.365247349420622	1	0.365247349420622	1	NA	"prevalence"	26	2
"NODE_1268_length_4917_cov_20.181201"	"PrePostFVT"	"During"	"PrePostFVTDuring"	1.94572934420052	0	1.46382581721606	0.183779275949093	1	0.183779275949093	0.933001624112053	NA	"prevalence"	26	5
"NODE_1268_length_4917_cov_20.181201"	"PrePostFVT"	"Post"	"PrePostFVTPost"	-0.452034411680599	0	1.49454485977967	0.762304291237708	1	0.762304291237708	1	NA	"prevalence"	26	5
"NODE_1277_length_2938_cov_4.712799"	"PrePostFVT"	"During"	"PrePostFVTDuring"	1.0227922368822e-13	0	3.29983159940163	0.999999999999975	1	0.919506153225193	1	NA	"prevalence"	26	23
"NODE_1277_length_2938_cov_4.712799"	"PrePostFVT"	"Post"	"PrePostFVTPost"	-1.8489175514323	0	2.04207599375672	0.365247824226554	1	0.597089675350876	1	NA	"prevalence"	26	23
"NODE_1278_length_3628_cov_4.986846"	"PrePostFVT"	"During"	"PrePostFVTDuring"	11.730888405003	0	308.748733589799	0.96969171951805	1	0.732840057275056	1	NA	"prevalence"	26	22
"NODE_1278_length_3628_cov_4.986846"	"PrePostFVT"	"Post"	"PrePostFVTPost"	0.510861137283849	0	1.12546596035247	0.649893040892184	1	0.796328822697838	1	NA	"prevalence"	26	22
"NODE_1279_length_3475_cov_5.432456"	"PrePostFVT"	"During"	"PrePostFVTDuring"	-8.34214914664031e-15	0	1.38282082810783	0.999999999999995	1	0.946958008239245	1	NA	"prevalence"	26	18
"NODE_1279_length_3475_cov_5.432456"	"PrePostFVT"	"Post"	"PrePostFVTPost"	-0.365484406314322	0	1.00302066613283	0.71557148711431	1	0.69282753096497	1	NA	"prevalence"	26	18
"NODE_1286_length_3943_cov_8.614969"	"PrePostFVT"	"During"	"PrePostFVTDuring"	19.0306486469147	0	4096	0.996292918430712	1	0.676099813484739	1	NA	"prevalence"	26	23
"NODE_1286_length_3943_cov_8.614969"	"PrePostFVT"	"Post"	"PrePostFVTPost"	16.8087757391784	0	788.275599117811	0.982987617036195	1	0.303941570535042	1	NA	"prevalence"	26	23
"NODE_129_length_27218_cov_9.424806"	"PrePostFVT"	"During"	"PrePostFVTDuring"	-1.76683440595305e-16	0	1.22474516339363	1	1	0.927236366381094	1	NA	"prevalence"	26	12
"NODE_129_length_27218_cov_9.424806"	"PrePostFVT"	"Post"	"PrePostFVTPost"	-0.714004714874434	0	0.936831195097152	0.445971235882891	1	0.00594048482338582	0.178705918231657	NA	"prevalence"	26	12
"NODE_1299_length_4337_cov_85.098085"	"PrePostFVT"	"During"	"PrePostFVTDuring"	-4.02250249570211e-14	0	16.556690583339	0.999999999999998	1	0.996564684168312	1	NA	"prevalence"	26	25
"NODE_130_length_77265_cov_22.063904|provirus_67829_77021"	"PrePostFVT"	"During"	"PrePostFVTDuring"	-12.0267361620219	0	537.832229856224	0.982159590097369	1	0.982159590097369	1	NA	"prevalence"	26	2
"NODE_130_length_77265_cov_22.063904|provirus_67829_77021"	"PrePostFVT"	"Post"	"PrePostFVTPost"	-0.452138459703416	0	1.49456978847938	0.762255073780111	1	0.762255073780111	1	NA	"prevalence"	26	2
"NODE_1300_length_4422_cov_7.244104"	"PrePostFVT"	"During"	"PrePostFVTDuring"	0.865751369912628	0	1.59519311369692	0.58731907778655	1	0.772960945035746	1	NA	"prevalence"	26	5
"NODE_1300_length_4422_cov_7.244104"	"PrePostFVT"	"Post"	"PrePostFVTPost"	0.865858924773246	0	1.2769999987919	0.497745415375267	1	0.747740332223437	1	NA	"prevalence"	26	5
"NODE_1301_length_2543_cov_7.558682"	"PrePostFVT"	"During"	"PrePostFVTDuring"	14.4329148326118	0	1136.33273836376	0.989866092999646	1	0.316926384583861	1	NA	"prevalence"	26	24
"NODE_1301_length_2543_cov_7.558682"	"PrePostFVT"	"Post"	"PrePostFVTPost"	15.3901840097538	0	1058.7982631177	0.988402740878364	1	0.0270738488194669	0.380125570924934	NA	"prevalence"	26	24
"NODE_1301_length_3222_cov_5.783075"	"PrePostFVT"	"During"	"PrePostFVTDuring"	11.5590212706407	0	212.369031310579	0.956593422208659	1	0.896686023958051	1	NA	"prevalence"	26	15
"NODE_1301_length_3222_cov_5.783075"	"PrePostFVT"	"Post"	"PrePostFVTPost"	-0.51112100063495	0	0.930974853020581	0.582993798304482	1	0.450096151238538	1	NA	"prevalence"	26	15
"NODE_1301_length_3307_cov_6.593173"	"PrePostFVT"	"During"	"PrePostFVTDuring"	-6.59167087789924	0	13.537000039016	0.626302731847273	1	0.626302731847273	1	NA	"prevalence"	26	12
"NODE_1301_length_3307_cov_6.593173"	"PrePostFVT"	"Post"	"PrePostFVTPost"	0.312031101449154	0	0.917339841872583	0.733745249009764	1	0.270260523766733	1	NA	"prevalence"	26	12
"NODE_1305_length_4092_cov_12.236810"	"PrePostFVT"	"During"	"PrePostFVTDuring"	0.847258735149654	0	1.57358775090931	0.590283780210891	1	0.590283780210891	1	NA	"prevalence"	26	5
"NODE_1305_length_4092_cov_12.236810"	"PrePostFVT"	"Post"	"PrePostFVTPost"	0.847277988113092	0	1.25987260932172	0.501258540844212	1	0.501258540844212	1	NA	"prevalence"	26	5
"NODE_1312_length_2682_cov_3.681766"	"PrePostFVT"	"During"	"PrePostFVTDuring"	-1.18410476969732e-13	0	3.29982374658711	0.999999999999971	1	0.999999999999971	1	NA	"prevalence"	26	4
"NODE_1312_length_2682_cov_3.681766"	"PrePostFVT"	"Post"	"PrePostFVTPost"	2.65579766059997	0	1.99956737966869	0.18411662513362	1	0.18411662513362	0.933001624112053	NA	"prevalence"	26	4
"NODE_1320_length_3894_cov_6.729096"	"PrePostFVT"	"During"	"PrePostFVTDuring"	11.730888405003	0	308.748733589799	0.96969171951805	1	0.937697272875311	1	NA	"prevalence"	26	21
"NODE_1320_length_3894_cov_6.729096"	"PrePostFVT"	"Post"	"PrePostFVTPost"	0.510861137283849	0	1.12546596035247	0.649893040892184	1	0.71238351878673	1	NA	"prevalence"	26	21
"NODE_1320_length_3944_cov_3.698123"	"PrePostFVT"	"During"	"PrePostFVTDuring"	0.84734475437672	0	1.57359680462382	0.590248188547013	1	0.832103453010996	1	NA	"prevalence"	26	6
"NODE_1320_length_3944_cov_3.698123"	"PrePostFVT"	"Post"	"PrePostFVTPost"	1.2527943328226	0	1.23202506200425	0.309221066053552	1	0.522824464415808	1	NA	"prevalence"	26	6
"NODE_1322_length_2624_cov_4.678863"	"PrePostFVT"	"During"	"PrePostFVTDuring"	-4.02250249570211e-14	0	16.556690583339	0.999999999999998	1	0.990375727463808	1	NA	"prevalence"	26	25
"NODE_1322_length_2624_cov_4.678863"	"PrePostFVT"	"Post"	"PrePostFVTPost"	-4.23454138694841e-14	0	12.3406153100066	0.999999999999997	1	0.0199124409456664	0.31646672073525	NA	"prevalence"	26	25
"NODE_1322_length_2837_cov_304.177211"	"PrePostFVT"	"During"	"PrePostFVTDuring"	-0.641715706988282	0	1.43216553918642	0.654100010672026	1	0.853834247337388	1	NA	"prevalence"	26	17
"NODE_1323_length_3039_cov_6.837466"	"PrePostFVT"	"During"	"PrePostFVTDuring"	1.60943649048827	0	1.36626020760703	0.238801868486831	1	0.42057740458086	1	NA	"prevalence"	26	13
"NODE_1323_length_3039_cov_6.837466"	"PrePostFVT"	"Post"	"PrePostFVTPost"	0.510806609459673	0	0.930948956081523	0.583215093642454	1	0.246130411278825	1	NA	"prevalence"	26	13
"NODE_1324_length_4029_cov_5.772521"	"PrePostFVT"	"During"	"PrePostFVTDuring"	-11.3985018473014	0	397.840152580949	0.977142969447272	1	0.977142969447272	1	NA	"prevalence"	26	3
"NODE_1324_length_4029_cov_5.772521"	"PrePostFVT"	"Post"	"PrePostFVTPost"	0.33623758042193	0	1.32012227789493	0.798953390770142	1	0.798953390770142	1	NA	"prevalence"	26	3
"NODE_1329_length_4796_cov_16.524784"	"PrePostFVT"	"During"	"PrePostFVTDuring"	10.8759102743716	0	303.617584799055	0.971425023182649	1	0.95473988560022	1	NA	"prevalence"	26	22
"NODE_1329_length_4796_cov_16.524784"	"PrePostFVT"	"Post"	"PrePostFVTPost"	-0.338816583451567	0	1.32092237716605	0.797564784116567	1	0.0325910761812767	0.406226972415001	NA	"prevalence"	26	22
"NODE_1334_length_2095_cov_3.035784"	"PrePostFVT"	"During"	"PrePostFVTDuring"	1.09828910571755	0	1.29097963423819	0.394913328168674	1	0.633870119572089	1	NA	"prevalence"	26	12
"NODE_1334_length_2095_cov_3.035784"	"PrePostFVT"	"Post"	"PrePostFVTPost"	1.43506355449918	0	1.00473381625673	0.153204885067962	1	0.282938033327236	1	NA	"prevalence"	26	12
"NODE_1337_length_4393_cov_2.505302"	"PrePostFVT"	"During"	"PrePostFVTDuring"	-1.08395660509605e-13	0	3.29982802993334	0.999999999999974	1	0.999999999999974	1	NA	"prevalence"	26	4
"NODE_1337_length_4393_cov_2.505302"	"PrePostFVT"	"Post"	"PrePostFVTPost"	2.65579766059997	0	1.99956899037362	0.184116978490986	1	0.184116978490986	0.933001624112053	NA	"prevalence"	26	4
"NODE_1338_length_4214_cov_5.262804"	"PrePostFVT"	"During"	"PrePostFVTDuring"	1.94596985204774	0	1.46385835614529	0.18373483538054	1	0.0169933014824229	0.294839980145314	NA	"prevalence"	26	5
"NODE_1338_length_4214_cov_5.262804"	"PrePostFVT"	"Post"	"PrePostFVTPost"	0.336491012050546	0	1.32018282966182	0.798814138477204	1	0.0988267936944848	0.719905639423005	NA	"prevalence"	26	5
"NODE_1347_length_3069_cov_34.260451"	"PrePostFVT"	"During"	"PrePostFVTDuring"	1.00552185855752	0	1.29806735218197	0.438558349742948	1	0.139188211149531	0.826573095651732	NA	"prevalence"	26	9
"NODE_1347_length_3069_cov_34.260451"	"PrePostFVT"	"Post"	"PrePostFVTPost"	-3.94232680754792e-15	0	1.06498111597334	0.999999999999997	1	0.119577752657675	0.791995456815558	NA	"prevalence"	26	9
"NODE_1349_length_2092_cov_11.966618"	"PrePostFVT"	"During"	"PrePostFVTDuring"	-8.86989630947696e-14	0	3.29983183736731	0.999999999999979	1	0.999999999999979	1	NA	"prevalence"	26	3
"NODE_1349_length_2092_cov_11.966618"	"PrePostFVT"	"Post"	"PrePostFVTPost"	2.29031496022378	0	2.01359270550436	0.255359773628383	1	0.255359773628383	1	NA	"prevalence"	26	3
"NODE_1351_length_2938_cov_4.657301"	"PrePostFVT"	"During"	"PrePostFVTDuring"	0	0	3.29982565030675	1	1	1	1	NA	"prevalence"	26	3
"NODE_1351_length_2938_cov_4.657301"	"PrePostFVT"	"Post"	"PrePostFVTPost"	2.29031500033249	0	2.01358818901866	0.2553586992966	1	0.2553586992966	1	NA	"prevalence"	26	3
"NODE_1352_length_2592_cov_8.143871"	"PrePostFVT"	"During"	"PrePostFVTDuring"	12.390951523722	0	639.688557820825	0.984545712790645	1	0.198982892753972	0.963376763398887	NA	"prevalence"	26	25
"NODE_1352_length_2592_cov_8.143871"	"PrePostFVT"	"Post"	"PrePostFVTPost"	12.8661483041099	0	460.837144274907	0.977726692109118	1	0.00233208779056312	0.166580652463964	NA	"prevalence"	26	25
"NODE_1358_length_3536_cov_36.249354"	"PrePostFVT"	"During"	"PrePostFVTDuring"	11.8841683115993	0	248.358119265743	0.961835042470503	1	0.990594737194738	1	NA	"prevalence"	26	19
"NODE_1358_length_3536_cov_36.249354"	"PrePostFVT"	"Post"	"PrePostFVTPost"	0.606027115612722	0	1.00975638369968	0.548391871314502	1	0.796050098105183	1	NA	"prevalence"	26	19
"NODE_136_length_36768_cov_19.035982"	"PrePostFVT"	"During"	"PrePostFVTDuring"	-14.0384716696251	0	525.566411595369	0.978690137474474	1	0.978690137474474	1	NA	"prevalence"	26	5
"NODE_136_length_36768_cov_19.035982"	"PrePostFVT"	"Post"	"PrePostFVTPost"	-13.7025175861289	0	262.912947692017	0.958434608165217	1	0.958434608165217	1	NA	"prevalence"	26	5
"NODE_1368_length_3847_cov_6.648734"	"PrePostFVT"	"During"	"PrePostFVTDuring"	12.9558147084078	0	836.114486988855	0.987637062822589	1	0.831981004218293	1	NA	"prevalence"	26	24
"NODE_1368_length_3847_cov_6.648734"	"PrePostFVT"	"Post"	"PrePostFVTPost"	13.2988525466771	0	573.570304665985	0.981501834418609	1	0.00659599666448416	0.178705918231657	NA	"prevalence"	26	24
"NODE_1370_length_3520_cov_6.086291"	"PrePostFVT"	"During"	"PrePostFVTDuring"	-1.09861072890605	0	1.35400692649375	0.417148927262475	1	0.660284627008716	1	NA	"prevalence"	26	12
"NODE_1370_length_3520_cov_6.086291"	"PrePostFVT"	"Post"	"PrePostFVTPost"	2.74282572166318e-06	0	0.912870863881623	0.999997602663878	1	0.846967129678239	1	NA	"prevalence"	26	12
"NODE_1375_length_3855_cov_5.352368"	"PrePostFVT"	"During"	"PrePostFVTDuring"	-12.112760399728	0	557.395931743057	0.982662550343225	1	0.982662550343225	1	NA	"prevalence"	26	3
"NODE_1375_length_3855_cov_5.352368"	"PrePostFVT"	"Post"	"PrePostFVTPost"	0.336472083206729	0	1.32017342362061	0.798823810398848	1	0.798823810398848	1	NA	"prevalence"	26	3
"NODE_1375_length_4304_cov_6.077901"	"PrePostFVT"	"During"	"PrePostFVTDuring"	0.847258735149654	0	1.57358775090931	0.590283780210891	1	0.590283780210891	1	NA	"prevalence"	26	5
"NODE_1375_length_4304_cov_6.077901"	"PrePostFVT"	"Post"	"PrePostFVTPost"	0.847277988113092	0	1.25987260932172	0.501258540844212	1	0.501258540844212	1	NA	"prevalence"	26	5
"NODE_1376_length_2860_cov_17.377184"	"PrePostFVT"	"During"	"PrePostFVTDuring"	-4.02250249570211e-14	0	16.556690583339	0.999999999999998	1	0.798426913808136	1	NA	"prevalence"	26	25
"NODE_1379_length_3383_cov_8.485577"	"PrePostFVT"	"During"	"PrePostFVTDuring"	1.31375115692119e-15	0	1.44124550370307	0.999999999999999	1	0.992307939999876	1	NA	"prevalence"	26	19
"NODE_1379_length_3383_cov_8.485577"	"PrePostFVT"	"Post"	"PrePostFVTPost"	-1.45855678304185e-30	0	1.07424073048975	1	1	0.960225786925585	1	NA	"prevalence"	26	19
"NODE_1379_length_3878_cov_8.002877"	"PrePostFVT"	"During"	"PrePostFVTDuring"	-1.20118623168723e-13	0	3.29982160492997	0.999999999999971	1	0.999999999999971	1	NA	"prevalence"	26	2
"NODE_1379_length_3878_cov_8.002877"	"PrePostFVT"	"Post"	"PrePostFVTPost"	1.84891755143229	0	2.04206871852044	0.365246115976955	1	0.365246115976955	1	NA	"prevalence"	26	2
"NODE_138_length_18101_cov_24.902139"	"PrePostFVT"	"During"	"PrePostFVTDuring"	-14.0384716696251	0	525.566411595369	0.978690137474474	1	0.978690137474474	1	NA	"prevalence"	26	5
"NODE_138_length_18101_cov_24.902139"	"PrePostFVT"	"Post"	"PrePostFVTPost"	-13.7025175861289	0	262.912947692017	0.958434608165217	1	0.958434608165217	1	NA	"prevalence"	26	5
"NODE_1385_length_4354_cov_8.070714"	"PrePostFVT"	"During"	"PrePostFVTDuring"	1.60948921678108	0	1.36627862357748	0.238792813515896	1	0.420563619244955	1	NA	"prevalence"	26	15
"NODE_1385_length_4354_cov_8.070714"	"PrePostFVT"	"Post"	"PrePostFVTPost"	1.20395754060916	0	0.953063662632595	0.20649939844198	1	0.370356795327062	1	NA	"prevalence"	26	15
"NODE_1386_length_2054_cov_6.680840"	"PrePostFVT"	"During"	"PrePostFVTDuring"	-9.63862065629829e-14	0	3.29983338413967	0.999999999999977	1	0.999999999999977	1	NA	"prevalence"	26	4
"NODE_1386_length_2054_cov_6.680840"	"PrePostFVT"	"Post"	"PrePostFVTPost"	2.29031496022378	0	2.01359506113927	0.255360329619233	1	0.255360329619233	1	NA	"prevalence"	26	4
"NODE_1388_length_3793_cov_6.935795"	"PrePostFVT"	"During"	"PrePostFVTDuring"	1.17233529875873	0	1.37287748891449	0.393146187756109	1	0.631728450565056	1	NA	"prevalence"	26	13
"NODE_1388_length_3793_cov_6.935795"	"PrePostFVT"	"Post"	"PrePostFVTPost"	-0.339013906858885	0	0.918151738039814	0.711952448297092	1	0.0660128272014779	0.595483586309705	NA	"prevalence"	26	13
"NODE_1392_length_2898_cov_2.884277"	"PrePostFVT"	"During"	"PrePostFVTDuring"	-7.07629512726637e-14	0	3.29982874382594	0.999999999999983	1	0.999999999999983	1	NA	"prevalence"	26	3
"NODE_1392_length_2898_cov_2.884277"	"PrePostFVT"	"Post"	"PrePostFVTPost"	1.84891755143231	0	2.04207416387564	0.365247394565083	1	0.365247394565083	1	NA	"prevalence"	26	3
"NODE_140_length_42940_cov_112.379737"	"PrePostFVT"	"During"	"PrePostFVTDuring"	-14.4612724936745	0	2048.00150451135	0.99436605386119	1	0.99436605386119	1	NA	"prevalence"	26	8
"NODE_140_length_42940_cov_112.379737"	"PrePostFVT"	"Post"	"PrePostFVTPost"	0.405564153880749	0	1.02062793809744	0.691096635748907	1	0.0345001591893163	0.420033406633564	NA	"prevalence"	26	8
"NODE_1406_length_4206_cov_4.333655"	"PrePostFVT"	"During"	"PrePostFVTDuring"	-2.6786532012863e-15	0	1.38282102073982	0.999999999999998	1	0.810322580908354	1	NA	"prevalence"	26	5
"NODE_1406_length_4206_cov_4.333655"	"PrePostFVT"	"Post"	"PrePostFVTPost"	-0.441397116756755	0	1.08528342029952	0.684219981857102	1	0.900282980141671	1	NA	"prevalence"	26	5
"NODE_1415_length_4181_cov_5.726369"	"PrePostFVT"	"During"	"PrePostFVTDuring"	0.602723275666466	0	1.38508258326425	0.663451147603978	1	0.757863469969616	1	NA	"prevalence"	26	13
"NODE_1415_length_4181_cov_5.726369"	"PrePostFVT"	"Post"	"PrePostFVTPost"	-0.872975350746384	0	0.960322405110247	0.363326883948785	1	0.594647343297637	1	NA	"prevalence"	26	13
"NODE_1420_length_4785_cov_12.858774"	"PrePostFVT"	"During"	"PrePostFVTDuring"	0	0	1.38282126590777	1	1	0.176740217829938	0.933001624112053	NA	"prevalence"	26	7
"NODE_1420_length_4785_cov_12.858774"	"PrePostFVT"	"Post"	"PrePostFVTPost"	0.365484510295223	0	1.00302108968369	0.715571524597223	1	0.403393156804593	1	NA	"prevalence"	26	7
"NODE_1422_length_2645_cov_4.424324"	"PrePostFVT"	"Post"	"PrePostFVTPost"	1.2527678881295	0	1.23201526350004	0.3092274307906	1	0.522833257627844	1	NA	"prevalence"	26	8
"NODE_1425_length_3539_cov_7.956085"	"PrePostFVT"	"During"	"PrePostFVTDuring"	0	0	3.29982267575695	1	1	1	1	NA	"prevalence"	26	5
"NODE_1425_length_3539_cov_7.956085"	"PrePostFVT"	"Post"	"PrePostFVTPost"	2.98380571404982	0	1.99276799305727	0.134310751601438	1	0.134310751601438	0.80912513056522	NA	"prevalence"	26	5
"NODE_1428_length_2589_cov_4.398579"	"PrePostFVT"	"During"	"PrePostFVTDuring"	-0.84731707842546	0	1.5736140299701	0.590264395899781	1	0.832116734732629	1	NA	"prevalence"	26	21
"NODE_1428_length_2589_cov_4.398579"	"PrePostFVT"	"Post"	"PrePostFVTPost"	-0.336487659419991	0	1.32019725308989	0.798818250752996	1	0.759279817626855	1	NA	"prevalence"	26	21
"NODE_143_length_27086_cov_220.060153"	"PrePostFVT"	"During"	"PrePostFVTDuring"	-1.04441079867387e-14	0	1.38282124839567	0.999999999999994	1	0.968725874721897	1	NA	"prevalence"	26	19
"NODE_143_length_27086_cov_220.060153"	"PrePostFVT"	"Post"	"PrePostFVTPost"	-0.365484406314323	0	1.00302086903426	0.715571542149736	1	0.91910045236492	1	NA	"prevalence"	26	19
"NODE_143_length_7437_cov_7.422650"	"PrePostFVT"	"During"	"PrePostFVTDuring"	0	0	3.29982797044344	1	1	0.999996860446199	1	NA	"prevalence"	26	25
"NODE_143_length_7437_cov_7.422650"	"PrePostFVT"	"Post"	"PrePostFVTPost"	-1.23632920280552	0	2.11197082530628	0.558284683175974	1	0.375957869856876	1	NA	"prevalence"	26	25
"NODE_1437_length_4716_cov_90.242223"	"PrePostFVT"	"During"	"PrePostFVTDuring"	0	0	3.29982797044344	1	1	0.933357593373085	1	NA	"prevalence"	26	25
"NODE_1437_length_4716_cov_90.242223"	"PrePostFVT"	"Post"	"PrePostFVTPost"	-1.23632920280552	0	2.11197082530628	0.558284683175974	1	0.80488757888305	1	NA	"prevalence"	26	25
"NODE_1438_length_3663_cov_5.024667"	"PrePostFVT"	"During"	"PrePostFVTDuring"	0.84734475437672	0	1.57359680462382	0.590248188547013	1	0.832103453010996	1	NA	"prevalence"	26	6
"NODE_1438_length_3663_cov_5.024667"	"PrePostFVT"	"Post"	"PrePostFVTPost"	1.2527943328226	0	1.23202506200425	0.309221066053552	1	0.364966736849021	1	NA	"prevalence"	26	6
"NODE_145_length_14038_cov_8.862905"	"PrePostFVT"	"During"	"PrePostFVTDuring"	12.3632376671644	0	655.915071524705	0.984961692738242	1	0.764179527865237	1	NA	"prevalence"	26	24
"NODE_145_length_14038_cov_8.862905"	"PrePostFVT"	"Post"	"PrePostFVTPost"	14.0120484847607	0	965.48040605322	0.988420681949382	1	0.986299012724016	1	NA	"prevalence"	26	24
"NODE_1450_length_3588_cov_6.542881"	"PrePostFVT"	"During"	"PrePostFVTDuring"	1.94587810478463	0	1.46384757662754	0.183752276194278	1	0.141080394183227	0.830552803695717	NA	"prevalence"	26	7
"NODE_1450_length_3588_cov_6.542881"	"PrePostFVT"	"Post"	"PrePostFVTPost"	1.25276760493403	0	1.23201003249801	0.309225485970543	1	0.440493491458558	1	NA	"prevalence"	26	7
"NODE_1450_length_3880_cov_5.610196"	"PrePostFVT"	"During"	"PrePostFVTDuring"	1.94572934420052	0	1.46382581721606	0.183779275949093	1	0.183779275949093	0.933001624112053	NA	"prevalence"	26	4
"NODE_1450_length_3880_cov_5.610196"	"PrePostFVT"	"Post"	"PrePostFVTPost"	-0.452034411680599	0	1.49454485977967	0.762304291237708	1	0.762304291237708	1	NA	"prevalence"	26	4
"NODE_1450_length_4643_cov_4813.538361"	"PrePostFVT"	"During"	"PrePostFVTDuring"	1.11823826909732	0	1.31368262437758	0.394644894884366	1	0.63354519671044	1	NA	"prevalence"	26	13
"NODE_146_length_35576_cov_13.034318"	"PrePostFVT"	"During"	"PrePostFVTDuring"	-8.86989630947696e-14	0	3.29983183736731	0.999999999999979	1	0.999999999999979	1	NA	"prevalence"	26	3
"NODE_146_length_35576_cov_13.034318"	"PrePostFVT"	"Post"	"PrePostFVTPost"	2.29031496022378	0	2.01359270550436	0.255359773628383	1	0.255359773628383	1	NA	"prevalence"	26	3
"NODE_1467_length_3864_cov_6.331846"	"PrePostFVT"	"During"	"PrePostFVTDuring"	-14.0384716696251	0	525.566411595369	0.978690137474474	1	0.978690137474474	1	NA	"prevalence"	26	5
"NODE_1467_length_3864_cov_6.331846"	"PrePostFVT"	"Post"	"PrePostFVTPost"	-13.7025175861289	0	262.912947692017	0.958434608165217	1	0.958434608165217	1	NA	"prevalence"	26	5
"NODE_1469_length_4268_cov_8.622122"	"PrePostFVT"	"During"	"PrePostFVTDuring"	1.27598684488135e-06	0	1.35448792427041	0.999999248357859	1	0.954487714334064	1	NA	"prevalence"	26	13
"NODE_1469_length_4268_cov_8.622122"	"PrePostFVT"	"Post"	"PrePostFVTPost"	-7.31811886244009e-08	0	1.00957579907048	0.999999942163688	1	0.631618587385253	1	NA	"prevalence"	26	13
"NODE_147_length_36185_cov_117.717548"	"PrePostFVT"	"During"	"PrePostFVTDuring"	0.641351052542998	0	1.42352643751967	0.652323422216639	1	0.879120997260851	1	NA	"prevalence"	26	16
"NODE_147_length_36185_cov_117.717548"	"PrePostFVT"	"Post"	"PrePostFVTPost"	0.200370043945938	0	0.99767059598188	0.840825345131205	1	0.917813154598034	1	NA	"prevalence"	26	16
"NODE_1470_length_2559_cov_6.530351"	"PrePostFVT"	"During"	"PrePostFVTDuring"	13.958920561228	0	774.071719611181	0.985612439644628	1	0.850129615851345	1	NA	"prevalence"	26	19
"NODE_1470_length_2559_cov_6.530351"	"PrePostFVT"	"Post"	"PrePostFVTPost"	0.587758621620998	0	0.988827330759732	0.552244840957834	1	0.758912495698273	1	NA	"prevalence"	26	19
"NODE_1471_length_2976_cov_2.679904"	"PrePostFVT"	"During"	"PrePostFVTDuring"	-3.1772266868221e-14	0	3.29983112347172	0.999999999999992	1	0.999999999999992	1	NA	"prevalence"	26	6
"NODE_1472_length_3486_cov_6.937919"	"PrePostFVT"	"During"	"PrePostFVTDuring"	0.510737663177898	0	1.23828047686279	0.680004366008864	1	0.611658278210135	1	NA	"prevalence"	26	15
"NODE_1472_length_3486_cov_6.937919"	"PrePostFVT"	"Post"	"PrePostFVTPost"	1.20409116503976	0	0.953073300527329	0.206453621115616	1	0.370284144559481	1	NA	"prevalence"	26	15
"NODE_1474_length_4254_cov_5.462967"	"PrePostFVT"	"During"	"PrePostFVTDuring"	1.94587810478463	0	1.46384757662754	0.183752276194278	1	0.333739653381977	1	NA	"prevalence"	26	7
"NODE_1474_length_4254_cov_5.462967"	"PrePostFVT"	"Post"	"PrePostFVTPost"	1.25276760493403	0	1.23201003249801	0.309225485970543	1	0.522830570767367	1	NA	"prevalence"	26	7
"NODE_1476_length_3230_cov_10.609449"	"PrePostFVT"	"During"	"PrePostFVTDuring"	-2.09421717139569e-14	0	1.39855688608825	0.999999999999988	1	0.966624183759074	1	NA	"prevalence"	26	10
"NODE_1476_length_3230_cov_10.609449"	"PrePostFVT"	"Post"	"PrePostFVTPost"	1.38437454809937	0	0.997265155675873	0.165084986910673	1	0.302916920918048	1	NA	"prevalence"	26	10
"NODE_1478_length_2545_cov_2.436145"	"PrePostFVT"	"During"	"PrePostFVTDuring"	0	0	3.29983338414164	1	1	1	1	NA	"prevalence"	26	2
"NODE_1478_length_2545_cov_2.436145"	"PrePostFVT"	"Post"	"PrePostFVTPost"	1.23632920280551	0	2.11197569330719	0.558285590234975	1	0.558285590234975	1	NA	"prevalence"	26	2
"NODE_1478_length_3161_cov_4.203155"	"PrePostFVT"	"During"	"PrePostFVTDuring"	0.847285205540763	0	1.5736390610539	0.590284287366533	1	0.590284287366533	1	NA	"prevalence"	26	4
"NODE_1478_length_3161_cov_4.203155"	"PrePostFVT"	"Post"	"PrePostFVTPost"	0.336545830680293	0	1.3202052027524	0.798785403309065	1	0.798785403309065	1	NA	"prevalence"	26	4
"NODE_1483_length_3329_cov_5.952352"	"PrePostFVT"	"During"	"PrePostFVTDuring"	14.463425566344	0	836.092731569195	0.986198219429362	1	0.717256742516013	1	NA	"prevalence"	26	22
"NODE_1483_length_3329_cov_5.952352"	"PrePostFVT"	"Post"	"PrePostFVTPost"	1.88715252428353	0	1.27446911228476	0.138676888989184	1	0.25812249843865	1	NA	"prevalence"	26	22
"NODE_1490_length_4211_cov_5.142926"	"PrePostFVT"	"During"	"PrePostFVTDuring"	1.94587810478463	0	1.46384757662754	0.183752276194278	1	0.317736991886873	1	NA	"prevalence"	26	7
"NODE_1490_length_4211_cov_5.142926"	"PrePostFVT"	"Post"	"PrePostFVTPost"	1.25276760493403	0	1.23201003249801	0.309225485970543	1	0.301803378704057	1	NA	"prevalence"	26	7
"NODE_1493_length_1864_cov_2.265340"	"PrePostFVT"	"During"	"PrePostFVTDuring"	-4.57103953521753e-05	0	220.149316973834	0.999999834332356	1	0.999999834332356	1	NA	"prevalence"	26	2
"NODE_1493_length_1864_cov_2.265340"	"PrePostFVT"	"Post"	"PrePostFVTPost"	10.5189749512508	0	113.544387704644	0.926188005518961	1	0.926188005518961	1	NA	"prevalence"	26	2
"NODE_1501_length_3111_cov_3.607984"	"PrePostFVT"	"During"	"PrePostFVTDuring"	0.84734475437672	0	1.57359680462382	0.590248188547013	1	0.832103453010996	1	NA	"prevalence"	26	6
"NODE_1501_length_3111_cov_3.607984"	"PrePostFVT"	"Post"	"PrePostFVTPost"	1.2527943328226	0	1.23202506200425	0.309221066053552	1	0.522824464415808	1	NA	"prevalence"	26	6
"NODE_1503_length_2806_cov_3.922937"	"PrePostFVT"	"During"	"PrePostFVTDuring"	-12.7821895146733	0	774.071978925858	0.986825193945769	1	0.986825193945769	1	NA	"prevalence"	26	4
"NODE_1503_length_2806_cov_3.922937"	"PrePostFVT"	"Post"	"PrePostFVTPost"	0.336489282974253	0	1.3201633702695	0.798812248258647	1	0.798812248258647	1	NA	"prevalence"	26	4
"NODE_1513_length_2581_cov_6.406572"	"PrePostFVT"	"During"	"PrePostFVTDuring"	-0.857170834140413	0	1.58614536297546	0.5889134355375	1	0.664887610059423	1	NA	"prevalence"	26	19
"NODE_1513_length_2581_cov_6.406572"	"PrePostFVT"	"Post"	"PrePostFVTPost"	-1.26950552466465	0	1.24970823275209	0.309704855333405	1	0.491593950504656	1	NA	"prevalence"	26	19
"NODE_1516_length_3749_cov_10.734164"	"PrePostFVT"	"During"	"PrePostFVTDuring"	-0.510834088665437	0	1.23827921421123	0.679946993437516	1	0.736021221437419	1	NA	"prevalence"	26	13
"NODE_1516_length_3749_cov_10.734164"	"PrePostFVT"	"Post"	"PrePostFVTPost"	-0.847297342228164	0	0.936051148682471	0.365368584951763	1	0.0165086893114506	0.291111341061043	NA	"prevalence"	26	13
"NODE_1519_length_3911_cov_4.397044"	"PrePostFVT"	"During"	"PrePostFVTDuring"	1.43902336804853e-06	0	1.22474421438775	0.999999062518921	1	0.947963392746976	1	NA	"prevalence"	26	11
"NODE_1519_length_3911_cov_4.397044"	"PrePostFVT"	"Post"	"PrePostFVTPost"	-0.336472771830393	0	0.918072437943472	0.713992643763176	1	0.75151479746778	1	NA	"prevalence"	26	11
"NODE_1529_length_2587_cov_5.628752"	"PrePostFVT"	"During"	"PrePostFVTDuring"	1.17233532811055	0	1.37287659858409	0.39314586905066	1	0.631728063749721	1	NA	"prevalence"	26	17
"NODE_1529_length_2587_cov_5.628752"	"PrePostFVT"	"Post"	"PrePostFVTPost"	1.17233532811055	0	0.980610689622833	0.23188566440626	1	0.410000367455388	1	NA	"prevalence"	26	17
"NODE_153_length_65213_cov_33.549280"	"PrePostFVT"	"During"	"PrePostFVTDuring"	0.847288513702835	0	1.57352973557214	0.590257016327073	1	0.832110687330807	1	NA	"prevalence"	26	9
"NODE_153_length_9880_cov_18.089873"	"PrePostFVT"	"During"	"PrePostFVTDuring"	19.0306486469147	0	4096	0.996292918430712	1	0.629157912023845	1	NA	"prevalence"	26	23
"NODE_153_length_9880_cov_18.089873"	"PrePostFVT"	"Post"	"PrePostFVTPost"	16.8087757391784	0	788.275599117811	0.982987617036195	1	0.273306184540438	1	NA	"prevalence"	26	23
"NODE_1532_length_2944_cov_14.650744"	"PrePostFVT"	"During"	"PrePostFVTDuring"	11.851914312499	0	504.183933027257	0.981245755799443	1	0.786196884412868	1	NA	"prevalence"	26	22
"NODE_1532_length_2944_cov_14.650744"	"PrePostFVT"	"Post"	"PrePostFVTPost"	-0.336565733124348	0	1.32013864517336	0.798763832208768	1	0.316717478368524	1	NA	"prevalence"	26	22
"NODE_1535_length_2614_cov_6.153576"	"PrePostFVT"	"During"	"PrePostFVTDuring"	13.820576625724	0	373.912548330525	0.970515259818237	1	0.49477722608654	1	NA	"prevalence"	26	19
"NODE_1542_length_3340_cov_7.443227"	"PrePostFVT"	"During"	"PrePostFVTDuring"	1.0227922368822e-13	0	3.29983159940163	0.999999999999975	1	0.931559061038976	1	NA	"prevalence"	26	23
"NODE_1542_length_3340_cov_7.443227"	"PrePostFVT"	"Post"	"PrePostFVTPost"	-1.8489175514323	0	2.04207599375672	0.365247824226554	1	0.323864729657214	1	NA	"prevalence"	26	23
"NODE_1556_length_2521_cov_7.834144"	"PrePostFVT"	"During"	"PrePostFVTDuring"	11.730888405003	0	308.748733589799	0.96969171951805	1	0.93467880913308	1	NA	"prevalence"	26	21
"NODE_1556_length_2521_cov_7.834144"	"PrePostFVT"	"Post"	"PrePostFVTPost"	0.510861137283849	0	1.12546596035247	0.649893040892184	1	0.877425117184278	1	NA	"prevalence"	26	21
"NODE_1557_length_2521_cov_5.727088"	"PrePostFVT"	"During"	"PrePostFVTDuring"	11.730888405003	0	308.748733589799	0.96969171951805	1	0.90895258055732	1	NA	"prevalence"	26	21
"NODE_1557_length_2521_cov_5.727088"	"PrePostFVT"	"Post"	"PrePostFVTPost"	0.510861137283849	0	1.12546596035247	0.649893040892184	1	0.877425117184278	1	NA	"prevalence"	26	21
"NODE_156_length_14543_cov_6.802250"	"PrePostFVT"	"During"	"PrePostFVTDuring"	13.3167733621405	0	268.915642210428	0.960504689365789	1	0.613350458176429	1	NA	"prevalence"	26	22
"NODE_156_length_14543_cov_6.802250"	"PrePostFVT"	"Post"	"PrePostFVTPost"	1.30305654701305	0	1.34420718752335	0.332352294087434	1	0.554246540789688	1	NA	"prevalence"	26	22
"NODE_156_length_62050_cov_244.358481|provirus_1478_13348"	"PrePostFVT"	"During"	"PrePostFVTDuring"	12.5841302887883	0	18.8978019674385	0.505472180601641	1	0.755442235841104	1	NA	"prevalence"	26	23
"NODE_156_length_62050_cov_244.358481|provirus_1478_13348"	"PrePostFVT"	"Post"	"PrePostFVTPost"	0.507741675082459	0	1.58934481627756	0.749373148731865	1	0.93718618142342	1	NA	"prevalence"	26	23
"NODE_1562_length_3627_cov_5.036114"	"PrePostFVT"	"During"	"PrePostFVTDuring"	0.847776407523857	0	1.57363631133148	0.590068207093377	1	0.590068207093377	1	NA	"prevalence"	26	2
"NODE_1562_length_3627_cov_5.036114"	"PrePostFVT"	"Post"	"PrePostFVTPost"	-12.9451592658629	0	493.101555298488	0.979055924063556	1	0.979055924063556	1	NA	"prevalence"	26	2
"NODE_1563_length_2301_cov_10.660285"	"PrePostFVT"	"During"	"PrePostFVTDuring"	0	0	3.29982797044344	1	1	0.864225971603676	1	NA	"prevalence"	26	25
"NODE_1563_length_2301_cov_10.660285"	"PrePostFVT"	"Post"	"PrePostFVTPost"	-1.23632920280552	0	2.11197082530628	0.558284683175974	1	0.80488757888305	1	NA	"prevalence"	26	25
"NODE_1568_length_3144_cov_7.337650"	"PrePostFVT"	"During"	"PrePostFVTDuring"	-12.112760399728	0	557.395931743057	0.982662550343225	1	0.982662550343225	1	NA	"prevalence"	26	3
"NODE_1568_length_3144_cov_7.337650"	"PrePostFVT"	"Post"	"PrePostFVTPost"	0.336472083206729	0	1.32017342362061	0.798823810398848	1	0.798823810398848	1	NA	"prevalence"	26	3
"NODE_1570_length_4197_cov_19.349107"	"PrePostFVT"	"During"	"PrePostFVTDuring"	0	0	3.29982797044344	1	1	0.681116058037644	1	NA	"prevalence"	26	25
"NODE_1570_length_4197_cov_19.349107"	"PrePostFVT"	"Post"	"PrePostFVTPost"	-1.23632920280552	0	2.11197082530628	0.558284683175974	1	0.339463805338362	1	NA	"prevalence"	26	25
"NODE_158_length_11081_cov_10.553238"	"PrePostFVT"	"During"	"PrePostFVTDuring"	12.3632376671644	0	655.915071524705	0.984961692738242	1	0.542575726477428	1	NA	"prevalence"	26	24
"NODE_158_length_11081_cov_10.553238"	"PrePostFVT"	"Post"	"PrePostFVTPost"	14.0120484847607	0	965.48040605322	0.988420681949382	1	0.96940749565673	1	NA	"prevalence"	26	24
"NODE_1583_length_3357_cov_15.397032"	"PrePostFVT"	"During"	"PrePostFVTDuring"	-2.70652643692253e-14	0	3.29982636418571	0.999999999999993	1	0.999999999999993	1	NA	"prevalence"	26	6
"NODE_1590_length_3270_cov_6.386625"	"PrePostFVT"	"During"	"PrePostFVTDuring"	-4.02250249570211e-14	0	16.556690583339	0.999999999999998	1	0.985504456213445	1	NA	"prevalence"	26	25
"NODE_1590_length_3270_cov_6.386625"	"PrePostFVT"	"Post"	"PrePostFVTPost"	-4.23454138694841e-14	0	12.3406153100066	0.999999999999997	1	0.0243741689938168	0.353628568485292	NA	"prevalence"	26	25
"NODE_1595_length_1770_cov_2.963848"	"PrePostFVT"	"During"	"PrePostFVTDuring"	-12.0267361620219	0	537.832229856224	0.982159590097369	1	0.982159590097369	1	NA	"prevalence"	26	2
"NODE_1595_length_1770_cov_2.963848"	"PrePostFVT"	"Post"	"PrePostFVTPost"	-0.452138459703416	0	1.49456978847938	0.762255073780111	1	0.762255073780111	1	NA	"prevalence"	26	2
"NODE_1607_length_3696_cov_24.127712"	"PrePostFVT"	"During"	"PrePostFVTDuring"	1.09840465064237	0	1.29100363165331	0.394872387870575	1	0.63382057303854	1	NA	"prevalence"	26	10
"NODE_1607_length_3696_cov_24.127712"	"PrePostFVT"	"Post"	"PrePostFVTPost"	0.762387226814063	0	1.00475744288578	0.447985735064264	1	0.304950404152104	1	NA	"prevalence"	26	10
"NODE_1616_length_2000_cov_5.291003"	"PrePostFVT"	"During"	"PrePostFVTDuring"	-7.07629512726637e-14	0	3.29982874382594	0.999999999999983	1	0.999999999999983	1	NA	"prevalence"	26	3
"NODE_1616_length_2000_cov_5.291003"	"PrePostFVT"	"Post"	"PrePostFVTPost"	1.84891755143231	0	2.04207416387564	0.365247394565083	1	0.365247394565083	1	NA	"prevalence"	26	3
"NODE_162_length_19737_cov_26.076466"	"PrePostFVT"	"During"	"PrePostFVTDuring"	0	0	3.29982797044344	1	1	0.877750293984453	1	NA	"prevalence"	26	25
"NODE_162_length_19737_cov_26.076466"	"PrePostFVT"	"Post"	"PrePostFVTPost"	-1.23632920280552	0	2.11197082530628	0.558284683175974	1	0.303662627823678	1	NA	"prevalence"	26	25
"NODE_162_length_43197_cov_12.090260"	"PrePostFVT"	"During"	"PrePostFVTDuring"	0	0	3.29983278922643	1	1	1	1	NA	"prevalence"	26	5
"NODE_162_length_43197_cov_12.090260"	"PrePostFVT"	"Post"	"PrePostFVTPost"	2.98380576453732	0	1.99277232287737	0.134311591132207	1	0.134311591132207	0.80912513056522	NA	"prevalence"	26	5
"NODE_1621_length_2980_cov_3.932991"	"PrePostFVT"	"During"	"PrePostFVTDuring"	0.865751369912628	0	1.59519311369692	0.58731907778655	1	0.798845772085868	1	NA	"prevalence"	26	5
"NODE_1621_length_2980_cov_3.932991"	"PrePostFVT"	"Post"	"PrePostFVTPost"	0.865858924773246	0	1.2769999987919	0.497745415375267	1	0.747740332223437	1	NA	"prevalence"	26	5
"NODE_1624_length_2501_cov_5.282911"	"PrePostFVT"	"During"	"PrePostFVTDuring"	0.587803486387827	0	1.36626229236677	0.667030225612955	1	0.889131129344641	1	NA	"prevalence"	26	17
"NODE_1624_length_2501_cov_5.282911"	"PrePostFVT"	"Post"	"PrePostFVTPost"	-0.174339480939663	0	0.936049966749434	0.852248569232239	1	0.97816951470608	1	NA	"prevalence"	26	17
"NODE_1627_length_2508_cov_5.315124"	"PrePostFVT"	"During"	"PrePostFVTDuring"	1.18334683220673e-13	0	3.29982921975462	0.999999999999971	1	0.995555999686042	1	NA	"prevalence"	26	23
"NODE_1627_length_2508_cov_5.315124"	"PrePostFVT"	"Post"	"PrePostFVTPost"	-1.84891755143229	0	2.04207420102846	0.365247403288683	1	0.0215055705476943	0.331338038261379	NA	"prevalence"	26	23
"NODE_1631_length_2537_cov_4.762288"	"PrePostFVT"	"During"	"PrePostFVTDuring"	0	0	3.29983261075301	1	1	1	1	NA	"prevalence"	26	2
"NODE_1631_length_2537_cov_4.762288"	"PrePostFVT"	"Post"	"PrePostFVTPost"	1.23632920280552	0	2.11197448114925	0.558285364372814	1	0.558285364372814	1	NA	"prevalence"	26	2
"NODE_164_length_28999_cov_13.463136"	"PrePostFVT"	"During"	"PrePostFVTDuring"	1.60951603693687	0	1.36628276229178	0.238786410440583	1	0.420553871070068	1	NA	"prevalence"	26	7
"NODE_164_length_28999_cov_13.463136"	"PrePostFVT"	"Post"	"PrePostFVTPost"	-1.88709371676385	0	1.2744589447005	0.138686040875989	1	0.258138263818121	1	NA	"prevalence"	26	7
"NODE_1645_length_2515_cov_4.275203"	"PrePostFVT"	"During"	"PrePostFVTDuring"	-8.86989630947696e-14	0	3.29983183736731	0.999999999999979	1	0.999999999999979	1	NA	"prevalence"	26	3
"NODE_1645_length_2515_cov_4.275203"	"PrePostFVT"	"Post"	"PrePostFVTPost"	2.29031496022378	0	2.01359270550436	0.255359773628383	1	0.255359773628383	1	NA	"prevalence"	26	3
"NODE_1648_length_4785_cov_13.005285"	"PrePostFVT"	"During"	"PrePostFVTDuring"	-3.97401593206093e-15	0	1.38282180877997	0.999999999999998	1	0.846554306864285	1	NA	"prevalence"	26	18
"NODE_1648_length_4785_cov_13.005285"	"PrePostFVT"	"Post"	"PrePostFVTPost"	-0.365484406314322	0	1.00302096560655	0.715571568344211	1	0.915991959699571	1	NA	"prevalence"	26	18
"NODE_165_length_16883_cov_194.874733"	"PrePostFVT"	"During"	"PrePostFVTDuring"	-6.15237076768709e-15	0	1.38282173873186	0.999999999999996	1	0.947460305826715	1	NA	"prevalence"	26	10
"NODE_165_length_16883_cov_194.874733"	"PrePostFVT"	"Post"	"PrePostFVTPost"	0.693490762250565	0	0.989399622500194	0.48335245096334	1	0.684496219156705	1	NA	"prevalence"	26	10
"NODE_1654_length_2858_cov_11.802711"	"PrePostFVT"	"During"	"PrePostFVTDuring"	11.730888405003	0	308.748733589799	0.96969171951805	1	0.862678684509027	1	NA	"prevalence"	26	21
"NODE_1654_length_2858_cov_11.802711"	"PrePostFVT"	"Post"	"PrePostFVTPost"	0.510861137283849	0	1.12546596035247	0.649893040892184	1	0.877425117184278	1	NA	"prevalence"	26	21
"NODE_1656_length_2587_cov_5.100316"	"PrePostFVT"	"During"	"PrePostFVTDuring"	-14.0384716696251	0	525.566411595369	0.978690137474474	1	0.978690137474474	1	NA	"prevalence"	26	5
"NODE_1656_length_2587_cov_5.100316"	"PrePostFVT"	"Post"	"PrePostFVTPost"	-13.7025175861289	0	262.912947692017	0.958434608165217	1	0.958434608165217	1	NA	"prevalence"	26	5
"NODE_1656_length_3207_cov_14.056472"	"PrePostFVT"	"During"	"PrePostFVTDuring"	11.730888405003	0	308.748733589799	0.96969171951805	1	0.930600091086301	1	NA	"prevalence"	26	21
"NODE_1656_length_3207_cov_14.056472"	"PrePostFVT"	"Post"	"PrePostFVTPost"	0.510861137283849	0	1.12546596035247	0.649893040892184	1	0.877425117184278	1	NA	"prevalence"	26	21
"NODE_1657_length_2898_cov_7.392191"	"PrePostFVT"	"During"	"PrePostFVTDuring"	1.17233532716126	0	1.37287823859301	0.393146434674209	1	0.631728750251376	1	NA	"prevalence"	26	11
"NODE_1657_length_2898_cov_7.392191"	"PrePostFVT"	"Post"	"PrePostFVTPost"	-0.714004714856044	0	0.936831564443463	0.445971415210021	1	0.693052327235613	1	NA	"prevalence"	26	11
"NODE_1659_length_2896_cov_6.828933"	"PrePostFVT"	"During"	"PrePostFVTDuring"	0.510796255446527	0	1.23827757162836	0.679968981838696	1	0.793331768261368	1	NA	"prevalence"	26	8
"NODE_1659_length_2896_cov_6.828933"	"PrePostFVT"	"Post"	"PrePostFVTPost"	-0.587783381527065	0	0.988824209331295	0.552226842799331	1	0.319484064453005	1	NA	"prevalence"	26	8
"NODE_166_length_5801_cov_289.933171"	"PrePostFVT"	"During"	"PrePostFVTDuring"	4.04121180963559e-14	0	16.5567388404407	0.999999999999998	1	0.999999999999998	1	NA	"prevalence"	26	2
"NODE_166_length_5801_cov_289.933171"	"PrePostFVT"	"Post"	"PrePostFVTPost"	4.34056083257155e-14	0	12.3406658937263	0.999999999999997	1	0.999999999999997	1	NA	"prevalence"	26	2
"NODE_1665_length_2883_cov_17.205799"	"PrePostFVT"	"During"	"PrePostFVTDuring"	-4.02250249570211e-14	0	16.556690583339	0.999999999999998	1	0.959362650543632	1	NA	"prevalence"	26	25
"NODE_1670_length_2836_cov_3.867314"	"PrePostFVT"	"During"	"PrePostFVTDuring"	0.865751369912628	0	1.59519311369692	0.58731907778655	1	0.566899757382342	1	NA	"prevalence"	26	5
"NODE_1670_length_2836_cov_3.867314"	"PrePostFVT"	"Post"	"PrePostFVTPost"	0.865858924773246	0	1.2769999987919	0.497745415375267	1	0.747740332223437	1	NA	"prevalence"	26	5
"NODE_1677_length_3422_cov_7.484110"	"PrePostFVT"	"During"	"PrePostFVTDuring"	0.847294518768184	0	1.57359754652078	0.590270398033636	1	0.590270398033636	1	NA	"prevalence"	26	3
"NODE_1677_length_3422_cov_7.484110"	"PrePostFVT"	"Post"	"PrePostFVTPost"	-0.451984330269222	0	1.49458500994653	0.762336025108892	1	0.762336025108892	1	NA	"prevalence"	26	3
"NODE_1678_length_2720_cov_50.305816"	"PrePostFVT"	"During"	"PrePostFVTDuring"	1.17233532159856	0	1.3728773093991	0.393146116666401	1	0.631728364282931	1	NA	"prevalence"	26	16
"NODE_1678_length_2720_cov_50.305816"	"PrePostFVT"	"Post"	"PrePostFVTPost"	0.714004714782511	0	0.936830768262121	0.445971028715477	1	0.693051898977413	1	NA	"prevalence"	26	16
"NODE_168_length_20682_cov_21.840016"	"PrePostFVT"	"During"	"PrePostFVTDuring"	19.0306486469147	0	4096	0.996292918430712	1	0.601176913140942	1	NA	"prevalence"	26	23
"NODE_168_length_20682_cov_21.840016"	"PrePostFVT"	"Post"	"PrePostFVTPost"	16.8087757391784	0	788.275599117811	0.982987617036195	1	0.229646654161599	1	NA	"prevalence"	26	23
"NODE_1681_length_1944_cov_3.751720"	"PrePostFVT"	"During"	"PrePostFVTDuring"	-7.07629512726637e-14	0	3.29982874382594	0.999999999999983	1	0.999999999999983	1	NA	"prevalence"	26	3
"NODE_1681_length_1944_cov_3.751720"	"PrePostFVT"	"Post"	"PrePostFVTPost"	1.84891755143231	0	2.04207416387564	0.365247394565083	1	0.365247394565083	1	NA	"prevalence"	26	3
"NODE_1686_length_3018_cov_10.032400"	"PrePostFVT"	"During"	"PrePostFVTDuring"	19.0306486469147	0	4096	0.996292918430712	1	0.902291006522176	1	NA	"prevalence"	26	23
"NODE_1686_length_3018_cov_10.032400"	"PrePostFVT"	"Post"	"PrePostFVTPost"	16.8087757391784	0	788.275599117811	0.982987617036195	1	0.147548490758393	0.85627307470121	NA	"prevalence"	26	23
"NODE_169_length_60470_cov_54.574162"	"PrePostFVT"	"During"	"PrePostFVTDuring"	0	0	3.29983278922643	1	1	1	1	NA	"prevalence"	26	5
"NODE_169_length_60470_cov_54.574162"	"PrePostFVT"	"Post"	"PrePostFVTPost"	2.98380576453732	0	1.99277232287737	0.134311591132207	1	0.134311591132207	0.80912513056522	NA	"prevalence"	26	5
"NODE_1691_length_3010_cov_5.814213"	"PrePostFVT"	"During"	"PrePostFVTDuring"	1.09861072802701	0	1.35400785824354	0.417149248177928	1	0.660285001100445	1	NA	"prevalence"	26	13
"NODE_1691_length_3010_cov_5.814213"	"PrePostFVT"	"Post"	"PrePostFVTPost"	-2.74470509633638e-06	0	0.912871422505403	0.9999976010227	1	0.579086603347221	1	NA	"prevalence"	26	13
"NODE_1694_length_3003_cov_3.685210"	"PrePostFVT"	"During"	"PrePostFVTDuring"	-13.0046570514574	0	873.270759116027	0.98811842551164	1	0.98811842551164	1	NA	"prevalence"	26	2
"NODE_1694_length_3003_cov_3.685210"	"PrePostFVT"	"Post"	"PrePostFVTPost"	-0.452091554687302	0	1.49457867132148	0.762280364681234	1	0.762280364681234	1	NA	"prevalence"	26	2
"NODE_17_length_139991_cov_17.814237|provirus_88907_131566"	"PrePostFVT"	"During"	"PrePostFVTDuring"	0	0	3.2998296956836	1	1	0.98641837384161	1	NA	"prevalence"	26	24
"NODE_17_length_139991_cov_17.814237|provirus_88907_131566"	"PrePostFVT"	"Post"	"PrePostFVTPost"	-1.23632920280551	0	2.11197231441812	0.558284960643895	1	0.0241478967047304	0.353289816495257	NA	"prevalence"	26	24
"NODE_1700_length_2454_cov_12.135890"	"PrePostFVT"	"During"	"PrePostFVTDuring"	-7.84933577142152e-14	0	3.29982695909517	0.999999999999981	1	0.999999999999981	1	NA	"prevalence"	26	4
"NODE_1700_length_2454_cov_12.135890"	"PrePostFVT"	"Post"	"PrePostFVTPost"	1.84891755143231	0	2.04207397161045	0.365247349420622	1	0.365247349420622	1	NA	"prevalence"	26	4
"NODE_1700_length_2749_cov_7.180772"	"PrePostFVT"	"During"	"PrePostFVTDuring"	-4.02250249570211e-14	0	16.556690583339	0.999999999999998	1	0.965493136096429	1	NA	"prevalence"	26	25
"NODE_1710_length_2968_cov_4.391692"	"PrePostFVT"	"During"	"PrePostFVTDuring"	15.976080391226	0	1448.15472024023	0.991197895398915	1	0.99799814074828	1	NA	"prevalence"	26	21
"NODE_1710_length_2968_cov_4.391692"	"PrePostFVT"	"Post"	"PrePostFVTPost"	0.510753613352835	0	1.12547835569539	0.649965405904801	1	0.877475782936609	1	NA	"prevalence"	26	21
"NODE_1712_length_2968_cov_4.969791"	"PrePostFVT"	"During"	"PrePostFVTDuring"	0.847285205540763	0	1.5736390610539	0.590284287366533	1	0.590284287366533	1	NA	"prevalence"	26	4
"NODE_1712_length_2968_cov_4.969791"	"PrePostFVT"	"Post"	"PrePostFVTPost"	0.336545830680293	0	1.3202052027524	0.798785403309065	1	0.798785403309065	1	NA	"prevalence"	26	4
"NODE_1715_length_3261_cov_6.728322"	"PrePostFVT"	"During"	"PrePostFVTDuring"	0.847294518768184	0	1.57359754652078	0.590270398033636	1	0.590270398033636	1	NA	"prevalence"	26	3
"NODE_1715_length_3261_cov_6.728322"	"PrePostFVT"	"Post"	"PrePostFVTPost"	-0.451984330269222	0	1.49458500994653	0.762336025108892	1	0.762336025108892	1	NA	"prevalence"	26	3
"NODE_1717_length_3480_cov_3.320000"	"PrePostFVT"	"During"	"PrePostFVTDuring"	-0.587737071486775	0	1.36625583965138	0.667064105435553	1	0.105444964635953	0.749304830331403	NA	"prevalence"	26	10
"NODE_1717_length_3480_cov_3.320000"	"PrePostFVT"	"Post"	"PrePostFVTPost"	0.510856082857021	0	0.930950971373103	0.583179433245403	1	0.0314326670688446	0.404180113044339	NA	"prevalence"	26	10
"NODE_1717_length_3737_cov_4.790060"	"PrePostFVT"	"During"	"PrePostFVTDuring"	0.847294518768184	0	1.57359754652078	0.590270398033636	1	0.590270398033636	1	NA	"prevalence"	26	3
"NODE_1717_length_3737_cov_4.790060"	"PrePostFVT"	"Post"	"PrePostFVTPost"	-0.451984330269222	0	1.49458500994653	0.762336025108892	1	0.762336025108892	1	NA	"prevalence"	26	3
"NODE_1719_length_2592_cov_7.839574"	"PrePostFVT"	"During"	"PrePostFVTDuring"	1.94603683071388	0	1.4638537840237	0.183718378217875	1	0.333684313940744	1	NA	"prevalence"	26	6
"NODE_1719_length_2592_cov_7.839574"	"PrePostFVT"	"Post"	"PrePostFVTPost"	0.847324737272441	0	1.25988533272829	0.5012392490027	1	0.751237713264609	1	NA	"prevalence"	26	6
"NODE_172_length_22899_cov_500.400893"	"PrePostFVT"	"During"	"PrePostFVTDuring"	-0.859974122746015	0	1.5891049813345	0.588391202671212	1	0.830578197961549	1	NA	"prevalence"	26	14
"NODE_1723_length_3057_cov_7.331113"	"PrePostFVT"	"During"	"PrePostFVTDuring"	-4.02250249570211e-14	0	16.556690583339	0.999999999999998	1	0.980234623979203	1	NA	"prevalence"	26	25
"NODE_1744_length_3031_cov_72.943884"	"PrePostFVT"	"During"	"PrePostFVTDuring"	9.98548466726319e-15	0	1.38282137097961	0.999999999999994	1	0.191831223821242	0.94344113184402	NA	"prevalence"	26	7
"NODE_1744_length_3031_cov_72.943884"	"PrePostFVT"	"Post"	"PrePostFVTPost"	0.365484504446977	0	1.00302053011013	0.715571377170596	1	0.229709150883841	1	NA	"prevalence"	26	7
"NODE_1748_length_2651_cov_3.706857"	"PrePostFVT"	"During"	"PrePostFVTDuring"	-9.484543633679	0	150.779557788441	0.94984344430932	1	0.94984344430932	1	NA	"prevalence"	26	4
"NODE_1748_length_2651_cov_3.706857"	"PrePostFVT"	"Post"	"PrePostFVTPost"	0.847632065742124	0	1.25999880644508	0.501122578562625	1	0.501122578562625	1	NA	"prevalence"	26	4
"NODE_175_length_29015_cov_2566.187293"	"PrePostFVT"	"During"	"PrePostFVTDuring"	-7.13575979220138e-14	0	3.29983267024407	0.999999999999983	1	0.999999999999983	1	NA	"prevalence"	26	10
"NODE_1752_length_2889_cov_4.153846"	"PrePostFVT"	"During"	"PrePostFVTDuring"	-0.587747025190712	0	1.36625273841063	0.667058096006924	1	0.889149688565465	1	NA	"prevalence"	26	6
"NODE_1752_length_2889_cov_4.153846"	"PrePostFVT"	"Post"	"PrePostFVTPost"	-15.498697595921	0	1672.18659689438	0.992604895592448	1	0.992604895592448	1	NA	"prevalence"	26	6
"NODE_176_length_48312_cov_16.718466|provirus_34_38596"	"PrePostFVT"	"During"	"PrePostFVTDuring"	0.5878479958106	0	1.36626479910673	0.667007104508113	1	0.88911573155193	1	NA	"prevalence"	26	19
"NODE_176_length_48312_cov_16.718466|provirus_34_38596"	"PrePostFVT"	"Post"	"PrePostFVTPost"	1.09867570382853	0	1.06458472844986	0.302061440452042	1	0.512881767096122	1	NA	"prevalence"	26	19
"NODE_1760_length_3405_cov_3.861493"	"PrePostFVT"	"During"	"PrePostFVTDuring"	-0.587803486411104	0	1.36626244748132	0.667030261127971	1	0.716649796405206	1	NA	"prevalence"	26	10
"NODE_1760_length_3405_cov_3.861493"	"PrePostFVT"	"Post"	"PrePostFVTPost"	0.174339480947775	0	0.9360503707685	0.852248632264074	1	0.0949980570233354	0.715439633840963	NA	"prevalence"	26	10
"NODE_1761_length_2502_cov_7.919085"	"PrePostFVT"	"During"	"PrePostFVTDuring"	1.94596985204774	0	1.46385835614529	0.18373483538054	1	0.333711181028766	1	NA	"prevalence"	26	5
"NODE_1761_length_2502_cov_7.919085"	"PrePostFVT"	"Post"	"PrePostFVTPost"	0.336491012050546	0	1.32018282966182	0.798814138477204	1	0.95952424912333	1	NA	"prevalence"	26	5
"NODE_1769_length_1947_cov_6.059197"	"PrePostFVT"	"During"	"PrePostFVTDuring"	-4.02250249570211e-14	0	16.556690583339	0.999999999999998	1	0.957690778629017	1	NA	"prevalence"	26	25
"NODE_1769_length_1947_cov_6.059197"	"PrePostFVT"	"Post"	"PrePostFVTPost"	-4.23454138694841e-14	0	12.3406153100066	0.999999999999997	1	0.0314168380916173	0.404180113044339	NA	"prevalence"	26	25
"NODE_177_length_43590_cov_15.368715"	"PrePostFVT"	"During"	"PrePostFVTDuring"	6.59167306343819	0	13.5367047508734	0.626295089808072	1	0.106509098999195	0.753437363014452	NA	"prevalence"	26	16
"NODE_177_length_43590_cov_15.368715"	"PrePostFVT"	"Post"	"PrePostFVTPost"	0.640037355080195	0	0.932015227248255	0.492256582035347	1	0.0112561507416943	0.229857652564955	NA	"prevalence"	26	16
"NODE_1770_length_3083_cov_15.330581"	"PrePostFVT"	"During"	"PrePostFVTDuring"	0.847294518727469	0	1.57359848652739	0.590270620056108	1	0.590270620056108	1	NA	"prevalence"	26	3
"NODE_1770_length_3083_cov_15.330581"	"PrePostFVT"	"Post"	"PrePostFVTPost"	-0.451984330218299	0	1.49458614429383	0.762336200082793	1	0.762336200082793	1	NA	"prevalence"	26	3
"NODE_1774_length_2850_cov_22.364222"	"PrePostFVT"	"During"	"PrePostFVTDuring"	0	0	3.29982446048068	1	1	1	1	NA	"prevalence"	26	6
"NODE_1774_length_2850_cov_22.364222"	"PrePostFVT"	"Post"	"PrePostFVTPost"	2.6557995107584	0	1.99956645060922	0.184116115719928	1	0.184116115719928	0.933001624112053	NA	"prevalence"	26	6
"NODE_1776_length_2595_cov_3.965354"	"PrePostFVT"	"During"	"PrePostFVTDuring"	0	0	3.299824817439	1	1	1	1	NA	"prevalence"	26	3
"NODE_1776_length_2595_cov_3.965354"	"PrePostFVT"	"Post"	"PrePostFVTPost"	2.29031500033249	0	2.01358709461836	0.255358440989221	1	0.255358440989221	1	NA	"prevalence"	26	3
"NODE_1782_length_1985_cov_3.122798"	"PrePostFVT"	"During"	"PrePostFVTDuring"	-8.86989630947696e-14	0	3.29983183736731	0.999999999999979	1	0.999999999999979	1	NA	"prevalence"	26	3
"NODE_1782_length_1985_cov_3.122798"	"PrePostFVT"	"Post"	"PrePostFVTPost"	2.29031496022378	0	2.01359270550436	0.255359773628383	1	0.255359773628383	1	NA	"prevalence"	26	3
"NODE_1787_length_3539_cov_5.173938"	"PrePostFVT"	"During"	"PrePostFVTDuring"	-2.37271352349886e-16	0	1.22474487139168	1	1	0.0376755221927872	0.436578714193563	NA	"prevalence"	26	9
"NODE_1787_length_3539_cov_5.173938"	"PrePostFVT"	"Post"	"PrePostFVTPost"	-1.17233532068716	0	0.980610968018219	0.231885799888219	1	0.0361592840485716	0.436578714193563	NA	"prevalence"	26	9
"NODE_1790_length_3353_cov_6.374773"	"PrePostFVT"	"During"	"PrePostFVTDuring"	1.60945717715808	0	1.36625971124362	0.238795661605092	1	0.420567955208771	1	NA	"prevalence"	26	10
"NODE_1790_length_3353_cov_6.374773"	"PrePostFVT"	"Post"	"PrePostFVTPost"	-0.182288913943275	0	0.953065267577408	0.848317252886875	1	0.218089157664094	1	NA	"prevalence"	26	10
"NODE_1798_length_2684_cov_29.311145"	"PrePostFVT"	"During"	"PrePostFVTDuring"	-12.3825236616822	0	207.056611263113	0.952312854934957	1	0.952312854934957	1	NA	"prevalence"	26	2
"NODE_1798_length_2684_cov_29.311145"	"PrePostFVT"	"Post"	"PrePostFVTPost"	-14.1081720348625	0	123.634750347457	0.909149244386355	1	0.909149244386355	1	NA	"prevalence"	26	2
"NODE_1799_length_3032_cov_23.869667"	"PrePostFVT"	"During"	"PrePostFVTDuring"	-2.26033526690528e-08	0	1.66366933381218	0.999999989159585	1	0.116175790977355	0.783961442215407	NA	"prevalence"	26	6
"NODE_1799_length_3032_cov_23.869667"	"PrePostFVT"	"Post"	"PrePostFVTPost"	-1.64908604009101e-09	0	1.24002542561637	0.999999998938909	1	0.81868517329574	1	NA	"prevalence"	26	6
"NODE_18_length_170276_cov_137.036740|provirus_122720_154544"	"PrePostFVT"	"During"	"PrePostFVTDuring"	-4.02250249570211e-14	0	16.556690583339	0.999999999999998	1	0.89266311975563	1	NA	"prevalence"	26	25
"NODE_1801_length_2808_cov_5.873956"	"PrePostFVT"	"During"	"PrePostFVTDuring"	-1.17233531697506	0	1.37287743344229	0.393146161284856	1	0.631728418436694	1	NA	"prevalence"	26	11
"NODE_1801_length_2808_cov_5.873956"	"PrePostFVT"	"Post"	"PrePostFVTPost"	-0.339013906858229	0	0.918152207678878	0.71195258906045	1	0.0421561133316355	0.455862070250791	NA	"prevalence"	26	11
"NODE_1802_length_2870_cov_5.132149"	"PrePostFVT"	"During"	"PrePostFVTDuring"	-12.3825236616822	0	207.056611263113	0.952312854934957	1	0.952312854934957	1	NA	"prevalence"	26	4
"NODE_1802_length_2870_cov_5.132149"	"PrePostFVT"	"Post"	"PrePostFVTPost"	-14.1081720348625	0	123.634750347457	0.909149244386355	1	0.909149244386355	1	NA	"prevalence"	26	4
"NODE_181_length_44721_cov_43.504254"	"PrePostFVT"	"During"	"PrePostFVTDuring"	-11.022947758125	0	160.413433573621	0.945215790044815	1	0.945215790044815	1	NA	"prevalence"	26	9
"NODE_181_length_44721_cov_43.504254"	"PrePostFVT"	"Post"	"PrePostFVTPost"	0.510825867656403	0	0.930999934271272	0.58322151750881	1	0.134304009413911	0.80912513056522	NA	"prevalence"	26	9
"NODE_1811_length_4326_cov_11.406696"	"PrePostFVT"	"During"	"PrePostFVTDuring"	-4.02250249570211e-14	0	16.556690583339	0.999999999999998	1	0.945883886396924	1	NA	"prevalence"	26	25
"NODE_1812_length_3305_cov_5.784923"	"PrePostFVT"	"During"	"PrePostFVTDuring"	0.847258735162518	0	1.57359036198417	0.590284396859345	1	0.657288540195598	1	NA	"prevalence"	26	5
"NODE_1812_length_3305_cov_5.784923"	"PrePostFVT"	"Post"	"PrePostFVTPost"	0.847277988127552	0	1.25987368378975	0.501258905840016	1	0.751257320996102	1	NA	"prevalence"	26	5
"NODE_1816_length_3002_cov_18.713607"	"PrePostFVT"	"During"	"PrePostFVTDuring"	-0.510881317603943	0	1.23827771153992	0.679918677256645	1	0.474549919825462	1	NA	"prevalence"	26	14
"NODE_1816_length_3002_cov_18.713607"	"PrePostFVT"	"Post"	"PrePostFVTPost"	-0.510797010592576	0	0.930948821201076	0.583222116250677	1	0.00592111836518651	0.178705918231657	NA	"prevalence"	26	14
"NODE_1818_length_2537_cov_3.008864"	"PrePostFVT"	"During"	"PrePostFVTDuring"	-1.07217446808414e-13	0	3.29982802993334	0.999999999999974	1	0.999999999999974	1	NA	"prevalence"	26	4
"NODE_1818_length_2537_cov_3.008864"	"PrePostFVT"	"Post"	"PrePostFVTPost"	2.65579766059997	0	1.99956899037362	0.184116978490986	1	0.184116978490986	0.933001624112053	NA	"prevalence"	26	4
"NODE_1822_length_4306_cov_6.684780"	"PrePostFVT"	"During"	"PrePostFVTDuring"	-1.17337122335525e-16	0	1.22474540672909	1	1	0.996358392382312	1	NA	"prevalence"	26	14
"NODE_1822_length_4306_cov_6.684780"	"PrePostFVT"	"Post"	"PrePostFVTPost"	0.312031101370528	0	0.91734078952599	0.733745513682017	1	0.656019736894865	1	NA	"prevalence"	26	14
"NODE_1824_length_2591_cov_4.697950"	"PrePostFVT"	"During"	"PrePostFVTDuring"	6.59167062753342	0	13.5378876962007	0.626325371774831	1	0.860367272220782	1	NA	"prevalence"	26	19
"NODE_1824_length_2591_cov_4.697950"	"PrePostFVT"	"Post"	"PrePostFVTPost"	1.4469187420685	0	1.02002026707036	0.156039120254057	1	0.287730033458454	1	NA	"prevalence"	26	19
"NODE_1837_length_3530_cov_8.391942"	"PrePostFVT"	"During"	"PrePostFVTDuring"	-0.8665353387081	0	1.59753648678319	0.587529378435055	1	0.700017097052819	1	NA	"prevalence"	26	21
"NODE_1837_length_3530_cov_8.391942"	"PrePostFVT"	"Post"	"PrePostFVTPost"	-0.34301365826876	0	1.33276951409657	0.796893872830484	1	0.9587479011062	1	NA	"prevalence"	26	21
"NODE_1839_length_1328_cov_4.930086"	"PrePostFVT"	"During"	"PrePostFVTDuring"	1.60946009426419	0	1.36625933898947	0.238794682461451	1	0.350503484329362	1	NA	"prevalence"	26	9
"NODE_1839_length_1328_cov_4.930086"	"PrePostFVT"	"Post"	"PrePostFVTPost"	-0.587732401528646	0	0.988826725036704	0.552262328634613	1	0.0896031627634205	0.699031667135599	NA	"prevalence"	26	9
"NODE_1839_length_3460_cov_6.952717"	"PrePostFVT"	"During"	"PrePostFVTDuring"	1.09846816681122	0	1.29098119351034	0.394836838266828	1	0.633777547681111	1	NA	"prevalence"	26	7
"NODE_1839_length_3460_cov_6.952717"	"PrePostFVT"	"Post"	"PrePostFVTPost"	-0.510915902204609	0	1.12544735222631	0.649852614547495	1	0.877396808460775	1	NA	"prevalence"	26	7
"NODE_1840_length_3253_cov_88.970294"	"PrePostFVT"	"During"	"PrePostFVTDuring"	19.0306486469147	0	4096	0.996292918430712	1	0.700608683330198	1	NA	"prevalence"	26	23
"NODE_1840_length_3253_cov_88.970294"	"PrePostFVT"	"Post"	"PrePostFVTPost"	16.8087757391784	0	788.275599117811	0.982987617036195	1	0.310143787859781	1	NA	"prevalence"	26	23
"NODE_1843_length_2797_cov_5.328957"	"PrePostFVT"	"During"	"PrePostFVTDuring"	-1.76683216468139e-16	0	1.22474466455718	1	1	0.85181628673884	1	NA	"prevalence"	26	15
"NODE_1843_length_2797_cov_5.328957"	"PrePostFVT"	"Post"	"PrePostFVTPost"	0.714004714758901	0	0.936830548204127	0.445970921893566	1	0.693051780612535	1	NA	"prevalence"	26	15
"NODE_1850_length_2736_cov_7.120104"	"PrePostFVT"	"During"	"PrePostFVTDuring"	11.851914312499	0	504.183933027257	0.981245755799443	1	0.920724179280361	1	NA	"prevalence"	26	22
"NODE_1850_length_2736_cov_7.120104"	"PrePostFVT"	"Post"	"PrePostFVTPost"	-0.336565733124348	0	1.32013864517336	0.798763832208768	1	0.946751043933143	1	NA	"prevalence"	26	22
"NODE_1851_length_3438_cov_6.121490"	"PrePostFVT"	"During"	"PrePostFVTDuring"	1.60943702793632	0	1.36625751491834	0.238800786092657	1	0.420575756746843	1	NA	"prevalence"	26	8
"NODE_1851_length_3438_cov_6.121490"	"PrePostFVT"	"Post"	"PrePostFVTPost"	-1.09859882254084	0	1.06458030301551	0.302093262112393	1	0.444937672147167	1	NA	"prevalence"	26	8
"NODE_1852_length_2714_cov_5.670929"	"PrePostFVT"	"During"	"PrePostFVTDuring"	1.34605612785263e-06	0	1.43913193181168	0.999999253718593	1	0.925799182154502	1	NA	"prevalence"	26	15
"NODE_1852_length_2714_cov_5.670929"	"PrePostFVT"	"Post"	"PrePostFVTPost"	-1.14683438759089	0	1.03794424333672	0.269198833682952	1	0.465929655309642	1	NA	"prevalence"	26	15
"NODE_1855_length_3427_cov_4.307236"	"PrePostFVT"	"During"	"PrePostFVTDuring"	11.851914312499	0	504.183933027257	0.981245755799443	1	0.448128352504136	1	NA	"prevalence"	26	22
"NODE_1855_length_3427_cov_4.307236"	"PrePostFVT"	"Post"	"PrePostFVTPost"	-0.336565733124348	0	1.32013864517336	0.798763832208768	1	0.620979494190382	1	NA	"prevalence"	26	22
"NODE_1859_length_2800_cov_5.591257"	"PrePostFVT"	"During"	"PrePostFVTDuring"	1.04710858569785e-14	0	1.39855737523828	0.999999999999994	1	0.988739405727661	1	NA	"prevalence"	26	14
"NODE_1859_length_2800_cov_5.591257"	"PrePostFVT"	"Post"	"PrePostFVTPost"	-1.38437454809938	0	0.997265843245531	0.16508527827896	1	0.302917407453479	1	NA	"prevalence"	26	14
"NODE_1862_length_2657_cov_7.472713"	"PrePostFVT"	"During"	"PrePostFVTDuring"	1.098610810446	0	1.2909939870406	0.394780141241191	1	0.297639336071815	1	NA	"prevalence"	26	9
"NODE_1862_length_2657_cov_7.472713"	"PrePostFVT"	"Post"	"PrePostFVTPost"	0.762131741841236	0	1.00475068461718	0.448134829496745	1	0.695444833585413	1	NA	"prevalence"	26	9
"NODE_1869_length_3204_cov_4.899968"	"PrePostFVT"	"During"	"PrePostFVTDuring"	1.94603683071388	0	1.4638537840237	0.183718378217875	1	0.333684313940744	1	NA	"prevalence"	26	6
"NODE_1869_length_3204_cov_4.899968"	"PrePostFVT"	"Post"	"PrePostFVTPost"	0.847324737272441	0	1.25988533272829	0.5012392490027	1	0.244722257417373	1	NA	"prevalence"	26	6
"NODE_1876_length_1287_cov_2.543831"	"PrePostFVT"	"During"	"PrePostFVTDuring"	-12.31891345717	0	617.496118734159	0.984083432091073	1	0.984083432091073	1	NA	"prevalence"	26	4
"NODE_1876_length_1287_cov_2.543831"	"PrePostFVT"	"Post"	"PrePostFVTPost"	0.847351563231627	0	1.2598990323113	0.501230352829354	1	0.751228839061269	1	NA	"prevalence"	26	4
"NODE_1876_length_2784_cov_5.208868"	"PrePostFVT"	"During"	"PrePostFVTDuring"	0.602408639968027	0	1.38473865912399	0.663537621601122	1	0.647594832803001	1	NA	"prevalence"	26	15
"NODE_1876_length_2784_cov_5.208868"	"PrePostFVT"	"Post"	"PrePostFVTPost"	-0.179729799512598	0	0.949863816474533	0.84992322467234	1	0.684869197665803	1	NA	"prevalence"	26	15
"NODE_1881_length_1243_cov_5.522727"	"PrePostFVT"	"During"	"PrePostFVTDuring"	11.2290594315593	0	122.353991885087	0.92687666559377	1	0.92687666559377	1	NA	"prevalence"	26	3
"NODE_1881_length_1243_cov_5.522727"	"PrePostFVT"	"Post"	"PrePostFVTPost"	9.57062728358674	0	122.357831736729	0.937654368305985	1	0.937654368305985	1	NA	"prevalence"	26	3
"NODE_1890_length_2767_cov_6.326327"	"PrePostFVT"	"During"	"PrePostFVTDuring"	1.60945717715808	0	1.36625971124362	0.238795661605092	1	0.420567955208771	1	NA	"prevalence"	26	10
"NODE_1890_length_2767_cov_6.326327"	"PrePostFVT"	"Post"	"PrePostFVTPost"	-0.182288913943275	0	0.953065267577408	0.848317252886875	1	0.975275002644073	1	NA	"prevalence"	26	10
"NODE_1898_length_2647_cov_5.482639"	"PrePostFVT"	"During"	"PrePostFVTDuring"	1.94587810478463	0	1.46384757662754	0.183752276194278	1	0.333739653381977	1	NA	"prevalence"	26	7
"NODE_1898_length_2647_cov_5.482639"	"PrePostFVT"	"Post"	"PrePostFVTPost"	1.25276760493403	0	1.23201003249801	0.309225485970543	1	0.247270836281466	1	NA	"prevalence"	26	7
"NODE_19_length_128753_cov_65.537825|provirus_112776_127566"	"PrePostFVT"	"During"	"PrePostFVTDuring"	1.18334683220673e-13	0	3.29982921975462	0.999999999999971	1	0.981092209188701	1	NA	"prevalence"	26	23
"NODE_19_length_128753_cov_65.537825|provirus_112776_127566"	"PrePostFVT"	"Post"	"PrePostFVTPost"	-1.84891755143229	0	2.04207420102846	0.365247403288683	1	0.0163736147455019	0.291111341061043	NA	"prevalence"	26	23
"NODE_191_length_11482_cov_6.117791"	"PrePostFVT"	"During"	"PrePostFVTDuring"	13.1765206706924	0	965.437083903417	0.989110615080004	1	0.75058039089376	1	NA	"prevalence"	26	23
"NODE_191_length_11482_cov_6.117791"	"PrePostFVT"	"Post"	"PrePostFVTPost"	0.451764454293874	0	1.49463548772117	0.762455943199132	1	0.611794396329542	1	NA	"prevalence"	26	23
"NODE_191_length_14612_cov_5.894621"	"PrePostFVT"	"During"	"PrePostFVTDuring"	-4.02250249570211e-14	0	16.556690583339	0.999999999999998	1	0.824291177897293	1	NA	"prevalence"	26	25
"NODE_191_length_14612_cov_5.894621"	"PrePostFVT"	"Post"	"PrePostFVTPost"	-4.23454138694841e-14	0	12.3406153100066	0.999999999999997	1	0.0280790197161365	0.39108458660635	NA	"prevalence"	26	25
"NODE_1919_length_3324_cov_4.704191"	"PrePostFVT"	"During"	"PrePostFVTDuring"	0.847773702111125	0	1.57363646860883	0.590069430689603	1	0.590069430689603	1	NA	"prevalence"	26	2
"NODE_1919_length_3324_cov_4.704191"	"PrePostFVT"	"Post"	"PrePostFVTPost"	-12.9451524251414	0	493.101563516887	0.97905593547766	1	0.97905593547766	1	NA	"prevalence"	26	2
"NODE_1923_length_2760_cov_6.805176"	"PrePostFVT"	"During"	"PrePostFVTDuring"	0.597868338562487	0	1.38103196109798	0.665077107730628	1	0.577566282153807	1	NA	"prevalence"	26	19
"NODE_1923_length_2760_cov_6.805176"	"PrePostFVT"	"Post"	"PrePostFVTPost"	1.11561640222611	0	1.0854600257856	0.30405233058743	1	0.448110020119821	1	NA	"prevalence"	26	19
"NODE_193_length_39712_cov_6.226190"	"PrePostFVT"	"During"	"PrePostFVTDuring"	-1.05962075065983e-08	0	1.53888030550956	0.999999994506038	1	0.167220200975616	0.933001624112053	NA	"prevalence"	26	20
"NODE_193_length_39712_cov_6.226190"	"PrePostFVT"	"Post"	"PrePostFVTPost"	0.592018614214299	0	1.21983740582562	0.627445228298339	1	0.861202942082323	1	NA	"prevalence"	26	20
"NODE_1931_length_2526_cov_16.422096"	"PrePostFVT"	"During"	"PrePostFVTDuring"	-4.02250249570211e-14	0	16.556690583339	0.999999999999998	1	0.80803651710078	1	NA	"prevalence"	26	25
"NODE_1931_length_2612_cov_7.167775"	"PrePostFVT"	"During"	"PrePostFVTDuring"	16.688863701952	0	27.0220126619384	0.536837368734545	1	0.54941826578391	1	NA	"prevalence"	26	16
"NODE_1931_length_2612_cov_7.167775"	"PrePostFVT"	"Post"	"PrePostFVTPost"	-0.628213428196547	0	1.04392922169644	0.547322055807142	1	0.795082678841328	1	NA	"prevalence"	26	16
"NODE_1934_length_1227_cov_3.994881"	"PrePostFVT"	"During"	"PrePostFVTDuring"	-12.5690257495962	0	760.609063273029	0.986815598621488	1	0.986815598621488	1	NA	"prevalence"	26	2
"NODE_1934_length_1227_cov_3.994881"	"PrePostFVT"	"Post"	"PrePostFVTPost"	-14.2827150092215	0	993.426445704405	0.988529029749308	1	0.988529029749308	1	NA	"prevalence"	26	2
"NODE_1936_length_2977_cov_4.843258"	"PrePostFVT"	"During"	"PrePostFVTDuring"	1.17233532811055	0	1.37287597165272	0.393145652974207	1	0.631727801495898	1	NA	"prevalence"	26	17
"NODE_1936_length_2977_cov_4.843258"	"PrePostFVT"	"Post"	"PrePostFVTPost"	1.17233532811055	0	0.980610296484947	0.23188547725864	1	0.410000079953813	1	NA	"prevalence"	26	17
"NODE_1948_length_3066_cov_2.655596"	"PrePostFVT"	"During"	"PrePostFVTDuring"	0.84734475437672	0	1.57359680462382	0.590248188547013	1	0.832103453010996	1	NA	"prevalence"	26	6
"NODE_1948_length_3066_cov_2.655596"	"PrePostFVT"	"Post"	"PrePostFVTPost"	1.2527943328226	0	1.23202506200425	0.309221066053552	1	0.522824464415808	1	NA	"prevalence"	26	6
"NODE_1950_length_1653_cov_4.717772"	"PrePostFVT"	"During"	"PrePostFVTDuring"	12.8934469205229	0	617.496046908368	0.983341213590528	1	0.922874039727794	1	NA	"prevalence"	26	19
"NODE_1950_length_1653_cov_4.717772"	"PrePostFVT"	"Post"	"PrePostFVTPost"	-0.405328501157207	0	1.02062246540092	0.691265311643425	1	0.395600776637454	1	NA	"prevalence"	26	19
"NODE_1958_length_2169_cov_3.448912"	"PrePostFVT"	"During"	"PrePostFVTDuring"	0	0	3.29983261075301	1	1	1	1	NA	"prevalence"	26	2
"NODE_1958_length_2169_cov_3.448912"	"PrePostFVT"	"Post"	"PrePostFVTPost"	1.23632920280552	0	2.11197448114925	0.558285364372814	1	0.558285364372814	1	NA	"prevalence"	26	2
"NODE_1959_length_1469_cov_2.435644"	"PrePostFVT"	"During"	"PrePostFVTDuring"	11.3062985474498	0	171.416100886493	0.947411099490798	1	0.947411099490798	1	NA	"prevalence"	26	2
"NODE_1959_length_1469_cov_2.435644"	"PrePostFVT"	"Post"	"PrePostFVTPost"	10.0070159284836	0	171.415342367548	0.953446929278406	1	0.953446929278406	1	NA	"prevalence"	26	2
"NODE_196_length_10813_cov_8.589515"	"PrePostFVT"	"During"	"PrePostFVTDuring"	12.3632376671644	0	655.915071524705	0.984961692738242	1	0.569929724864155	1	NA	"prevalence"	26	24
"NODE_196_length_10813_cov_8.589515"	"PrePostFVT"	"Post"	"PrePostFVTPost"	14.0120484847607	0	965.48040605322	0.988420681949382	1	0.776405549372732	1	NA	"prevalence"	26	24
"NODE_1960_length_3107_cov_46.232962"	"PrePostFVT"	"During"	"PrePostFVTDuring"	0.901200857571961	0	1.62977466132324	0.5802905229624	1	0.777199428313014	1	NA	"prevalence"	26	9
"NODE_1960_length_3107_cov_46.232962"	"PrePostFVT"	"Post"	"PrePostFVTPost"	1.73477206364185	0	1.29185329549891	0.179318828132801	1	0.0659996299686397	0.595483586309705	NA	"prevalence"	26	9
"NODE_1960_length_3491_cov_16.300058"	"PrePostFVT"	"During"	"PrePostFVTDuring"	0	0	3.29982797044344	1	1	0.814996894891	1	NA	"prevalence"	26	24
"NODE_1962_length_3106_cov_8.513274"	"PrePostFVT"	"During"	"PrePostFVTDuring"	-22.564449714216	0	38254.7758720914	0.999529370527063	1	0.999529370527063	1	NA	"prevalence"	26	6
"NODE_1962_length_3106_cov_8.513274"	"PrePostFVT"	"Post"	"PrePostFVTPost"	-30.8954801855353	0	1422935.83097441	0.99998267593935	1	0.99998267593935	1	NA	"prevalence"	26	6
"NODE_197_length_23469_cov_64.990988"	"PrePostFVT"	"During"	"PrePostFVTDuring"	0	0	1.38282049538045	1	1	0.522297072028179	1	NA	"prevalence"	26	10
"NODE_197_length_23469_cov_64.990988"	"PrePostFVT"	"Post"	"PrePostFVTPost"	0.693490730735099	0	0.98939880571137	0.483352109711805	1	0.0490373753980766	0.489724153925488	NA	"prevalence"	26	10
"NODE_197_length_8479_cov_9.496083"	"PrePostFVT"	"During"	"PrePostFVTDuring"	-4.02250249570211e-14	0	16.556690583339	0.999999999999998	1	0.489212688691044	1	NA	"prevalence"	26	25
"NODE_197_length_8479_cov_9.496083"	"PrePostFVT"	"Post"	"PrePostFVTPost"	-4.23454138694841e-14	0	12.3406153100066	0.999999999999997	1	0.781731629465442	1	NA	"prevalence"	26	25
"NODE_1972_length_2680_cov_4.646476"	"PrePostFVT"	"During"	"PrePostFVTDuring"	-0.8665353387081	0	1.59753648678319	0.587529378435055	1	0.829867986345828	1	NA	"prevalence"	26	21
"NODE_1972_length_2680_cov_4.646476"	"PrePostFVT"	"Post"	"PrePostFVTPost"	-0.34301365826876	0	1.33276951409657	0.796893872830484	1	0.547555578870375	1	NA	"prevalence"	26	21
"NODE_1974_length_1324_cov_3.793538"	"PrePostFVT"	"During"	"PrePostFVTDuring"	13.1765206706924	0	965.437083903417	0.989110615080004	1	0.765087926672305	1	NA	"prevalence"	26	23
"NODE_1974_length_1324_cov_3.793538"	"PrePostFVT"	"Post"	"PrePostFVTPost"	0.451764454293874	0	1.49463548772117	0.762455943199132	1	0.752797594026364	1	NA	"prevalence"	26	23
"NODE_199_length_38411_cov_18.010611"	"PrePostFVT"	"During"	"PrePostFVTDuring"	0	0	3.29983338413969	1	1	1	1	NA	"prevalence"	26	8
"NODE_1990_length_2132_cov_5.785749"	"PrePostFVT"	"During"	"PrePostFVTDuring"	0	0	3.29982588825984	1	1	1	1	NA	"prevalence"	26	5
"NODE_1990_length_2132_cov_5.785749"	"PrePostFVT"	"Post"	"PrePostFVTPost"	2.98380571404981	0	1.99276907085242	0.134310962220774	1	0.134310962220774	0.80912513056522	NA	"prevalence"	26	5
"NODE_1991_length_3188_cov_5.819342"	"PrePostFVT"	"During"	"PrePostFVTDuring"	1.94572934420052	0	1.46382581721606	0.183779275949093	1	0.183779275949093	0.933001624112053	NA	"prevalence"	26	4
"NODE_1991_length_3188_cov_5.819342"	"PrePostFVT"	"Post"	"PrePostFVTPost"	-0.452034411680599	0	1.49454485977967	0.762304291237708	1	0.762304291237708	1	NA	"prevalence"	26	4
"NODE_1992_length_3218_cov_3.072716"	"PrePostFVT"	"During"	"PrePostFVTDuring"	0.865751369912628	0	1.59519311369692	0.58731907778655	1	0.829694456441057	1	NA	"prevalence"	26	5
"NODE_1992_length_3218_cov_3.072716"	"PrePostFVT"	"Post"	"PrePostFVTPost"	0.865858924773246	0	1.2769999987919	0.497745415375267	1	0.747740332223437	1	NA	"prevalence"	26	5
"NODE_1994_length_1614_cov_5.948044"	"PrePostFVT"	"During"	"PrePostFVTDuring"	-12.5690257495962	0	760.609063273029	0.986815598621488	1	0.986815598621488	1	NA	"prevalence"	26	2
"NODE_1994_length_1614_cov_5.948044"	"PrePostFVT"	"Post"	"PrePostFVTPost"	-14.2827150092215	0	993.426445704405	0.988529029749308	1	0.988529029749308	1	NA	"prevalence"	26	2
"NODE_2_length_2231_cov_4.778033"	"PrePostFVT"	"During"	"PrePostFVTDuring"	-14.3126017451614	0	1295.26917776957	0.991183630581313	1	0.991183630581313	1	NA	"prevalence"	26	12
"NODE_2004_length_1185_cov_2.319469"	"PrePostFVT"	"During"	"PrePostFVTDuring"	-12.5420765121823	0	702.458971079824	0.985754901053477	1	0.985754901053477	1	NA	"prevalence"	26	2
"NODE_2004_length_1185_cov_2.319469"	"PrePostFVT"	"Post"	"PrePostFVTPost"	-0.451921535388165	0	1.49457427828267	0.762366395050486	1	0.762366395050486	1	NA	"prevalence"	26	2
"NODE_2004_length_2512_cov_6.669109"	"PrePostFVT"	"During"	"PrePostFVTDuring"	14.1126621379128	0	682.666920340007	0.983506637125516	1	0.4795058486989	1	NA	"prevalence"	26	15
"NODE_2004_length_2512_cov_6.669109"	"PrePostFVT"	"Post"	"PrePostFVTPost"	-0.510813264250338	0	0.930949756739599	0.583210511045227	1	0.404647008614098	1	NA	"prevalence"	26	15
"NODE_2005_length_1578_cov_7.019698"	"PrePostFVT"	"During"	"PrePostFVTDuring"	0	0	3.2998296956836	1	1	0.967687996531336	1	NA	"prevalence"	26	25
"NODE_2005_length_1578_cov_7.019698"	"PrePostFVT"	"Post"	"PrePostFVTPost"	-1.23632920280551	0	2.11197231441812	0.558284960643895	1	0.0711956274091781	0.622401818999426	NA	"prevalence"	26	25
"NODE_2008_length_3000_cov_5.932428"	"PrePostFVT"	"During"	"PrePostFVTDuring"	0.865751369912628	0	1.59519311369692	0.58731907778655	1	0.358565535583432	1	NA	"prevalence"	26	5
"NODE_2008_length_3000_cov_5.932428"	"PrePostFVT"	"Post"	"PrePostFVTPost"	0.865858924773246	0	1.2769999987919	0.497745415375267	1	0.580152427949442	1	NA	"prevalence"	26	5
"NODE_201_length_27274_cov_8.129836"	"PrePostFVT"	"During"	"PrePostFVTDuring"	-4.02250249570211e-14	0	16.556690583339	0.999999999999998	1	0.962950206299751	1	NA	"prevalence"	26	25
"NODE_2011_length_2669_cov_260.882173"	"PrePostFVT"	"During"	"PrePostFVTDuring"	-3.15300277661088e-15	0	1.4412447304607	0.999999999999998	1	0.705563312573973	1	NA	"prevalence"	26	6
"NODE_2011_length_2669_cov_260.882173"	"PrePostFVT"	"Post"	"PrePostFVTPost"	-2.62750231384239e-15	0	1.074240177794	0.999999999999998	1	0.552918151068311	1	NA	"prevalence"	26	6
"NODE_2011_length_2793_cov_8.678963"	"PrePostFVT"	"During"	"PrePostFVTDuring"	-22.564449714216	0	38254.7758720914	0.999529370527063	1	0.999529370527063	1	NA	"prevalence"	26	6
"NODE_2011_length_2793_cov_8.678963"	"PrePostFVT"	"Post"	"PrePostFVTPost"	-30.8954801855353	0	1422935.83097441	0.99998267593935	1	0.99998267593935	1	NA	"prevalence"	26	6
"NODE_2015_length_2219_cov_9.286044"	"PrePostFVT"	"During"	"PrePostFVTDuring"	-7.84933577142152e-14	0	3.29982695909517	0.999999999999981	1	0.999999999999981	1	NA	"prevalence"	26	2
"NODE_2015_length_2219_cov_9.286044"	"PrePostFVT"	"Post"	"PrePostFVTPost"	1.84891755143231	0	2.04207397161045	0.365247349420622	1	0.365247349420622	1	NA	"prevalence"	26	2
"NODE_204_length_7962_cov_6.369546"	"PrePostFVT"	"During"	"PrePostFVTDuring"	-4.02250249570211e-14	0	16.556690583339	0.999999999999998	1	0.436986085251216	1	NA	"prevalence"	26	25
"NODE_204_length_7962_cov_6.369546"	"PrePostFVT"	"Post"	"PrePostFVTPost"	-4.23454138694841e-14	0	12.3406153100066	0.999999999999997	1	0.29793106245817	1	NA	"prevalence"	26	25
"NODE_2041_length_1386_cov_3.691210"	"PrePostFVT"	"During"	"PrePostFVTDuring"	-9.12174288353801	0	126.651278090882	0.942583994351277	1	0.942583994351277	1	NA	"prevalence"	26	3
"NODE_2041_length_1386_cov_3.691210"	"PrePostFVT"	"Post"	"PrePostFVTPost"	0.336645968422101	0	1.32010957648175	0.798712552477826	1	0.798712552477826	1	NA	"prevalence"	26	3
"NODE_2051_length_3108_cov_4.075336"	"PrePostFVT"	"During"	"PrePostFVTDuring"	-0.847279628000946	0	1.57363700907898	0.590286249168608	1	0.667272733152969	1	NA	"prevalence"	26	22
"NODE_2051_length_3108_cov_4.075336"	"PrePostFVT"	"Post"	"PrePostFVTPost"	-0.336539370872157	0	1.32020405574742	0.798789011515028	1	0.301900159718096	1	NA	"prevalence"	26	22
"NODE_206_length_23661_cov_285.596331"	"PrePostFVT"	"During"	"PrePostFVTDuring"	14.9396702345183	0	654.747698901009	0.981795891786951	1	0.774338577244686	1	NA	"prevalence"	26	21
"NODE_206_length_23661_cov_285.596331"	"PrePostFVT"	"Post"	"PrePostFVTPost"	18.3556138631004	0	2085.81427227062	0.992978535017989	1	0.865761652565876	1	NA	"prevalence"	26	21
"NODE_206_length_8044_cov_8.274377"	"PrePostFVT"	"During"	"PrePostFVTDuring"	-4.02250249570211e-14	0	16.556690583339	0.999999999999998	1	0.922176341879625	1	NA	"prevalence"	26	25
"NODE_206_length_8044_cov_8.274377"	"PrePostFVT"	"Post"	"PrePostFVTPost"	-4.23454138694841e-14	0	12.3406153100066	0.999999999999997	1	0.408042798629377	1	NA	"prevalence"	26	25
"NODE_2061_length_3718_cov_15.018291"	"PrePostFVT"	"During"	"PrePostFVTDuring"	-4.02250249570211e-14	0	16.556690583339	0.999999999999998	1	0.772248612660818	1	NA	"prevalence"	26	25
"NODE_2061_length_3718_cov_15.018291"	"PrePostFVT"	"Post"	"PrePostFVTPost"	-4.23454138694841e-14	0	12.3406153100066	0.999999999999997	1	0.994135148178414	1	NA	"prevalence"	26	25
"NODE_2064_length_2932_cov_9.610706"	"PrePostFVT"	"During"	"PrePostFVTDuring"	1.09864060126825	0	1.29099770115553	0.394768682580662	1	0.633695052414852	1	NA	"prevalence"	26	7
"NODE_2064_length_2932_cov_9.610706"	"PrePostFVT"	"Post"	"PrePostFVTPost"	-0.510790271819218	0	1.12546402821691	0.649937802017848	1	0.198518583481676	0.963376763398887	NA	"prevalence"	26	7
"NODE_208_length_51348_cov_41.610220"	"PrePostFVT"	"During"	"PrePostFVTDuring"	-11.2352194244644	0	240.52684093909	0.962743662071968	1	0.962743662071968	1	NA	"prevalence"	26	5
"NODE_208_length_51348_cov_41.610220"	"PrePostFVT"	"Post"	"PrePostFVTPost"	-0.51061493997962	0	1.12545660785278	0.650047787794216	1	0.08250181033916	0.668263229222505	NA	"prevalence"	26	5
"NODE_2080_length_2689_cov_8.647684"	"PrePostFVT"	"During"	"PrePostFVTDuring"	1.09864060126825	0	1.29099770115553	0.394768682580662	1	0.633695052414852	1	NA	"prevalence"	26	7
"NODE_2080_length_2689_cov_8.647684"	"PrePostFVT"	"Post"	"PrePostFVTPost"	-0.510790271819218	0	1.12546402821691	0.649937802017848	1	0.458956628311923	1	NA	"prevalence"	26	7
"NODE_2087_length_3045_cov_7.023077"	"PrePostFVT"	"During"	"PrePostFVTDuring"	15.6657053428608	0	11.081968735472	0.157473169136383	1	0.29014853927491	1	NA	"prevalence"	26	20
"NODE_2087_length_3045_cov_7.023077"	"PrePostFVT"	"Post"	"PrePostFVTPost"	6.89238986432937e-06	0	1.15021902541012	0.99999521888324	1	0.980205703254438	1	NA	"prevalence"	26	20
"NODE_2089_length_3294_cov_24.345477"	"PrePostFVT"	"During"	"PrePostFVTDuring"	-10.9983457830987	0	158.00833316286	0.944507171828298	1	0.944507171828298	1	NA	"prevalence"	26	11
"NODE_2089_length_3294_cov_24.345477"	"PrePostFVT"	"Post"	"PrePostFVTPost"	0.847345513502227	0	0.936053073069105	0.365342312438723	1	0.597209619619372	1	NA	"prevalence"	26	11
"NODE_2090_length_2500_cov_4.756646"	"PrePostFVT"	"During"	"PrePostFVTDuring"	-0.588032005119283	0	1.36628268322006	0.666913245375435	1	0.886002301049602	1	NA	"prevalence"	26	12
"NODE_2090_length_2500_cov_4.756646"	"PrePostFVT"	"Post"	"PrePostFVTPost"	0.847193323580156	0	0.936041836945069	0.365422679772558	1	0.597311624652959	1	NA	"prevalence"	26	12
"NODE_210_length_20479_cov_11.050382|provirus_7480_20477"	"PrePostFVT"	"During"	"PrePostFVTDuring"	-13.38287850596	0	724.077894660776	0.985253818269659	1	0.985253818269659	1	NA	"prevalence"	26	9
"NODE_210_length_20479_cov_11.050382|provirus_7480_20477"	"PrePostFVT"	"Post"	"PrePostFVTPost"	1.09860450155787	0	1.00000418934183	0.271942621729077	1	0.46993245394527	1	NA	"prevalence"	26	9
"NODE_2100_length_1460_cov_5.042705"	"PrePostFVT"	"During"	"PrePostFVTDuring"	-12.3825236616822	0	207.056611263113	0.952312854934957	1	0.952312854934957	1	NA	"prevalence"	26	2
"NODE_2100_length_1460_cov_5.042705"	"PrePostFVT"	"Post"	"PrePostFVTPost"	-14.1081720348625	0	123.634750347457	0.909149244386355	1	0.909149244386355	1	NA	"prevalence"	26	2
"NODE_2107_length_1681_cov_2.619926"	"PrePostFVT"	"During"	"PrePostFVTDuring"	-8.21943724678198e-14	0	3.29982898179639	0.99999999999998	1	0.99999999999998	1	NA	"prevalence"	26	3
"NODE_2107_length_1681_cov_2.619926"	"PrePostFVT"	"Post"	"PrePostFVTPost"	2.29031496022378	0	2.01358970323511	0.255359065014416	1	0.255359065014416	1	NA	"prevalence"	26	3
"NODE_212_length_36964_cov_27.814327"	"PrePostFVT"	"During"	"PrePostFVTDuring"	-8.86989630947696e-14	0	3.29983183736731	0.999999999999979	1	0.999999999999979	1	NA	"prevalence"	26	4
"NODE_212_length_36964_cov_27.814327"	"PrePostFVT"	"Post"	"PrePostFVTPost"	2.29031496022378	0	2.01359270550436	0.255359773628383	1	0.255359773628383	1	NA	"prevalence"	26	4
"NODE_2125_length_3601_cov_8.942188"	"PrePostFVT"	"During"	"PrePostFVTDuring"	0.847776407523857	0	1.57363631133148	0.590068207093377	1	0.590068207093377	1	NA	"prevalence"	26	2
"NODE_2125_length_3601_cov_8.942188"	"PrePostFVT"	"Post"	"PrePostFVTPost"	-12.9451592658629	0	493.101555298488	0.979055924063556	1	0.979055924063556	1	NA	"prevalence"	26	2
"NODE_213_length_49538_cov_20.727785"	"PrePostFVT"	"During"	"PrePostFVTDuring"	-12.0267361620219	0	537.832229856224	0.982159590097369	1	0.982159590097369	1	NA	"prevalence"	26	2
"NODE_213_length_49538_cov_20.727785"	"PrePostFVT"	"Post"	"PrePostFVTPost"	-0.452138459703416	0	1.49456978847938	0.762255073780111	1	0.762255073780111	1	NA	"prevalence"	26	2
"NODE_2137_length_1853_cov_3.723582"	"PrePostFVT"	"During"	"PrePostFVTDuring"	0.847773702111125	0	1.57363646860883	0.590069430689603	1	0.590069430689603	1	NA	"prevalence"	26	2
"NODE_2137_length_1853_cov_3.723582"	"PrePostFVT"	"Post"	"PrePostFVTPost"	-12.9451524251414	0	493.101563516887	0.97905593547766	1	0.97905593547766	1	NA	"prevalence"	26	2
"NODE_214_length_28722_cov_7.575121"	"PrePostFVT"	"During"	"PrePostFVTDuring"	11.2290594315593	0	122.353991885087	0.92687666559377	1	0.92687666559377	1	NA	"prevalence"	26	2
"NODE_214_length_28722_cov_7.575121"	"PrePostFVT"	"Post"	"PrePostFVTPost"	9.57062728358674	0	122.357831736729	0.937654368305985	1	0.937654368305985	1	NA	"prevalence"	26	2
"NODE_2141_length_3217_cov_14.745098"	"PrePostFVT"	"During"	"PrePostFVTDuring"	19.0306486469147	0	4096	0.996292918430712	1	0.586116567902097	1	NA	"prevalence"	26	23
"NODE_2141_length_3217_cov_14.745098"	"PrePostFVT"	"Post"	"PrePostFVTPost"	16.8087757391784	0	788.275599117811	0.982987617036195	1	0.0841105893186077	0.671727229374752	NA	"prevalence"	26	23
"NODE_216_length_49094_cov_18.408858"	"PrePostFVT"	"During"	"PrePostFVTDuring"	0.85726071633635	0	1.58608530741059	0.588860255906905	1	0.131783814840045	0.80912513056522	NA	"prevalence"	26	6
"NODE_216_length_49094_cov_18.408858"	"PrePostFVT"	"Post"	"PrePostFVTPost"	1.26938398914063	0	1.24968695075254	0.30974293661459	1	0.12531371218499	0.80912513056522	NA	"prevalence"	26	6
"NODE_2164_length_2185_cov_81.042254"	"PrePostFVT"	"During"	"PrePostFVTDuring"	-13.466282985125	0	774.071702658293	0.986120152293464	1	0.986120152293464	1	NA	"prevalence"	26	10
"NODE_2164_length_2185_cov_81.042254"	"PrePostFVT"	"Post"	"PrePostFVTPost"	1.43508072387208	0	1.00475253869479	0.153207625964578	1	0.282942675275454	1	NA	"prevalence"	26	10
"NODE_217_length_49720_cov_10.704681|provirus_35239_49720"	"PrePostFVT"	"During"	"PrePostFVTDuring"	-9.49148977498778	0	152.652683648193	0.950421858228456	1	0.950421858228456	1	NA	"prevalence"	26	4
"NODE_217_length_49720_cov_10.704681|provirus_35239_49720"	"PrePostFVT"	"Post"	"PrePostFVTPost"	0.847707187502669	0	1.26011074483331	0.501122670433374	1	0.501122670433374	1	NA	"prevalence"	26	4
"NODE_2176_length_2505_cov_7.395510"	"PrePostFVT"	"During"	"PrePostFVTDuring"	-12.0581232742924	0	504.201684899003	0.980920187984428	1	0.980920187984428	1	NA	"prevalence"	26	2
"NODE_2176_length_2505_cov_7.395510"	"PrePostFVT"	"Post"	"PrePostFVTPost"	-0.507819177033928	0	1.59084734836864	0.749564988983641	1	0.749564988983641	1	NA	"prevalence"	26	2
"NODE_2179_length_2865_cov_4.766192"	"PrePostFVT"	"During"	"PrePostFVTDuring"	1.94596985204774	0	1.46385835614529	0.18373483538054	1	0.333711181028766	1	NA	"prevalence"	26	5
"NODE_2179_length_2865_cov_4.766192"	"PrePostFVT"	"Post"	"PrePostFVTPost"	0.336491012050546	0	1.32018282966182	0.798814138477204	1	0.236703924302946	1	NA	"prevalence"	26	5
"NODE_2184_length_2897_cov_7.643209"	"PrePostFVT"	"During"	"PrePostFVTDuring"	11.851914312499	0	504.183933027257	0.981245755799443	1	0.884115520511841	1	NA	"prevalence"	26	22
"NODE_2184_length_2897_cov_7.643209"	"PrePostFVT"	"Post"	"PrePostFVTPost"	-0.336565733124348	0	1.32013864517336	0.798763832208768	1	0.847185534399549	1	NA	"prevalence"	26	22
"NODE_22_length_128069_cov_21.086295|provirus_34170_98395"	"PrePostFVT"	"During"	"PrePostFVTDuring"	-1.0055218656021	0	1.3322152577067	0.450384404535627	1	0.555761430146759	1	NA	"prevalence"	26	7
"NODE_22_length_128069_cov_21.086295|provirus_34170_98395"	"PrePostFVT"	"Post"	"PrePostFVTPost"	-6.59167373199551	0	7.83674434686735	0.400278472614948	1	0.400278472614948	1	NA	"prevalence"	26	7
"NODE_2203_length_1610_cov_20.437942"	"PrePostFVT"	"During"	"PrePostFVTDuring"	-1.10009630129771e-13	0	3.29983493091828	0.999999999999973	1	0.999999999999973	1	NA	"prevalence"	26	3
"NODE_2203_length_1610_cov_20.437942"	"PrePostFVT"	"Post"	"PrePostFVTPost"	1.84891755143229	0	2.04207799378384	0.365248293838297	1	0.365248293838297	1	NA	"prevalence"	26	3
"NODE_2205_length_3140_cov_13.088493"	"PrePostFVT"	"During"	"PrePostFVTDuring"	-4.02250249570211e-14	0	16.556690583339	0.999999999999998	1	0.83398799812986	1	NA	"prevalence"	26	25
"NODE_2208_length_1898_cov_12.739555"	"PrePostFVT"	"During"	"PrePostFVTDuring"	12.4990677901505	0	24.1620724592521	0.604945953695814	1	0.553017884843211	1	NA	"prevalence"	26	24
"NODE_2208_length_1898_cov_12.739555"	"PrePostFVT"	"Post"	"PrePostFVTPost"	0.507735613788287	0	1.58612057778604	0.748883723924521	1	0.81975420139358	1	NA	"prevalence"	26	24
"NODE_2224_length_2870_cov_6.035524"	"PrePostFVT"	"During"	"PrePostFVTDuring"	1.09859952378332	0	1.290992632744	0.394784501933071	1	0.483731408071249	1	NA	"prevalence"	26	8
"NODE_2224_length_2870_cov_6.035524"	"PrePostFVT"	"Post"	"PrePostFVTPost"	0.405420348324182	0	1.02062046582637	0.691198381117635	1	0.1307813267726	0.80912513056522	NA	"prevalence"	26	8
"NODE_223_length_48370_cov_26.409769"	"PrePostFVT"	"During"	"PrePostFVTDuring"	-3.1772266868221e-14	0	3.29983112347172	0.999999999999992	1	0.999999999999992	1	NA	"prevalence"	26	6
"NODE_2237_length_2656_cov_5.000384"	"PrePostFVT"	"During"	"PrePostFVTDuring"	0.847285205540763	0	1.5736390610539	0.590284287366533	1	0.590284287366533	1	NA	"prevalence"	26	4
"NODE_2237_length_2656_cov_5.000384"	"PrePostFVT"	"Post"	"PrePostFVTPost"	0.336545830680293	0	1.3202052027524	0.798785403309065	1	0.798785403309065	1	NA	"prevalence"	26	4
"NODE_2238_length_2860_cov_3.888057"	"PrePostFVT"	"During"	"PrePostFVTDuring"	0.865751369912628	0	1.59519311369692	0.58731907778655	1	0.254570945549191	1	NA	"prevalence"	26	5
"NODE_2238_length_2860_cov_3.888057"	"PrePostFVT"	"Post"	"PrePostFVTPost"	0.865858924773246	0	1.2769999987919	0.497745415375267	1	0.380205186636235	1	NA	"prevalence"	26	5
"NODE_2240_length_1502_cov_3.530753"	"PrePostFVT"	"During"	"PrePostFVTDuring"	-4.35939069440804e-14	0	3.29983195634863	0.99999999999999	1	0.99999999999999	1	NA	"prevalence"	26	4
"NODE_2240_length_1502_cov_3.530753"	"PrePostFVT"	"Post"	"PrePostFVTPost"	2.6557976606	0	1.99956910695486	0.184117004066638	1	0.184117004066638	0.933001624112053	NA	"prevalence"	26	4
"NODE_2258_length_2305_cov_5.247111"	"PrePostFVT"	"During"	"PrePostFVTDuring"	-8.50344708570665e-14	0	3.29983290820927	0.99999999999998	1	0.99999999999998	1	NA	"prevalence"	26	2
"NODE_2258_length_2305_cov_5.247111"	"PrePostFVT"	"Post"	"PrePostFVTPost"	1.8489175514323	0	2.04207400713479	0.365247357761849	1	0.365247357761849	1	NA	"prevalence"	26	2
"NODE_2269_length_2821_cov_4.664497"	"PrePostFVT"	"During"	"PrePostFVTDuring"	1.94590544543121	0	1.46382699793415	0.183739953919567	1	0.33371953717277	1	NA	"prevalence"	26	8
"NODE_2269_length_2821_cov_4.664497"	"PrePostFVT"	"Post"	"PrePostFVTPost"	1.60935094300008	0	1.21887107076232	0.186714212296897	1	0.338566227520144	1	NA	"prevalence"	26	8
"NODE_228_length_21624_cov_26.365571"	"PrePostFVT"	"During"	"PrePostFVTDuring"	-0.587720801154872	0	1.36624907058774	0.667071217269021	1	0.523914905132719	1	NA	"prevalence"	26	10
"NODE_228_length_21624_cov_26.365571"	"PrePostFVT"	"Post"	"PrePostFVTPost"	0.510860466776376	0	0.930950805717133	0.583176134106496	1	0.826257864821594	1	NA	"prevalence"	26	10
"NODE_2297_length_1338_cov_4.257989"	"PrePostFVT"	"During"	"PrePostFVTDuring"	-4.02250249570211e-14	0	16.556690583339	0.999999999999998	1	0.758105663104353	1	NA	"prevalence"	26	25
"NODE_2312_length_2553_cov_2.835869"	"PrePostFVT"	"During"	"PrePostFVTDuring"	0.865751369912628	0	1.59519311369692	0.58731907778655	1	0.829694456441057	1	NA	"prevalence"	26	5
"NODE_2312_length_2553_cov_2.835869"	"PrePostFVT"	"Post"	"PrePostFVTPost"	0.865858924773246	0	1.2769999987919	0.497745415375267	1	0.746897151267904	1	NA	"prevalence"	26	5
"NODE_2315_length_1592_cov_4.810020"	"PrePostFVT"	"During"	"PrePostFVTDuring"	-9.63862065629829e-14	0	3.29983338413967	0.999999999999977	1	0.999999999999977	1	NA	"prevalence"	26	4
"NODE_2315_length_1592_cov_4.810020"	"PrePostFVT"	"Post"	"PrePostFVTPost"	2.29031496022378	0	2.01359506113927	0.255360329619233	1	0.255360329619233	1	NA	"prevalence"	26	4
"NODE_2317_length_1568_cov_6.822868"	"PrePostFVT"	"During"	"PrePostFVTDuring"	13.7226065779362	0	639.688850725881	0.982885091405553	1	0.982885091405553	1	NA	"prevalence"	26	5
"NODE_2317_length_1568_cov_6.822868"	"PrePostFVT"	"Post"	"PrePostFVTPost"	14.1281374277368	0	639.688075420123	0.982379370852244	1	0.982379370852244	1	NA	"prevalence"	26	5
"NODE_2320_length_2772_cov_4.598822"	"PrePostFVT"	"During"	"PrePostFVTDuring"	1.94603683071388	0	1.4638537840237	0.183718378217875	1	0.333684313940744	1	NA	"prevalence"	26	6
"NODE_2320_length_2772_cov_4.598822"	"PrePostFVT"	"Post"	"PrePostFVTPost"	0.847324737272441	0	1.25988533272829	0.5012392490027	1	0.751237713264609	1	NA	"prevalence"	26	6
"NODE_2327_length_2704_cov_11.934315"	"PrePostFVT"	"During"	"PrePostFVTDuring"	0.689677936770276	0	1.48215390886785	0.641701309624627	1	0.871622048475292	1	NA	"prevalence"	26	18
"NODE_2327_length_2704_cov_11.934315"	"PrePostFVT"	"Post"	"PrePostFVTPost"	0.689713350662562	0	1.08236156109267	0.523974983223065	1	0.756822642138915	1	NA	"prevalence"	26	18
"NODE_234_length_45717_cov_33.579234"	"PrePostFVT"	"During"	"PrePostFVTDuring"	-12.6030087931948	0	346.175899030602	0.970958332885176	1	0.970958332885176	1	NA	"prevalence"	26	6
"NODE_234_length_45717_cov_33.579234"	"PrePostFVT"	"Post"	"PrePostFVTPost"	-0.587710526483106	0	0.988830220524141	0.552278526644269	1	0.0582560792359343	0.542373443581613	NA	"prevalence"	26	6
"NODE_2386_length_2082_cov_4.380858"	"PrePostFVT"	"During"	"PrePostFVTDuring"	0.510790108123928	0	1.2382787170283	0.679972899415118	1	0.883474538888569	1	NA	"prevalence"	26	9
"NODE_2386_length_2082_cov_4.380858"	"PrePostFVT"	"Post"	"PrePostFVTPost"	-0.182311439402245	0	0.953065462460462	0.848298767569033	1	0.657687992711007	1	NA	"prevalence"	26	9
"NODE_2416_length_2609_cov_7.559123"	"PrePostFVT"	"During"	"PrePostFVTDuring"	0	0	1.38282082810784	1	1	0.908576539861189	1	NA	"prevalence"	26	18
"NODE_2416_length_2609_cov_7.559123"	"PrePostFVT"	"Post"	"PrePostFVTPost"	-0.365484504446974	0	1.00302068430305	0.715571418994246	1	0.837584966977627	1	NA	"prevalence"	26	18
"NODE_2435_length_2625_cov_14.320233"	"PrePostFVT"	"During"	"PrePostFVTDuring"	11.3644462705298	0	390.53976647858	0.976785368669457	1	0.929431694297575	1	NA	"prevalence"	26	22
"NODE_2435_length_2625_cov_14.320233"	"PrePostFVT"	"Post"	"PrePostFVTPost"	-0.336540383354483	0	1.32017136925104	0.798783544295988	1	0.223707449940282	1	NA	"prevalence"	26	22
"NODE_244_length_13727_cov_20.945802"	"PrePostFVT"	"During"	"PrePostFVTDuring"	-4.02250249570211e-14	0	16.556690583339	0.999999999999998	1	0.58239635052669	1	NA	"prevalence"	26	25
"NODE_244_length_44445_cov_23.965736"	"PrePostFVT"	"During"	"PrePostFVTDuring"	0.847295674208265	0	1.57359201920585	0.590268585821143	1	0.590268585821143	1	NA	"prevalence"	26	5
"NODE_244_length_44445_cov_23.965736"	"PrePostFVT"	"Post"	"PrePostFVTPost"	0.847297260703888	0	1.2598817212609	0.501251901112904	1	0.501251901112904	1	NA	"prevalence"	26	5
"NODE_245_length_3830_cov_69.211126"	"PrePostFVT"	"During"	"PrePostFVTDuring"	-11.3717219508411	0	397.840236194912	0.977196660419315	1	0.977196660419315	1	NA	"prevalence"	26	7
"NODE_245_length_3830_cov_69.211126"	"PrePostFVT"	"Post"	"PrePostFVTPost"	1.25287675982108	0	1.23207143714539	0.309207446151155	1	0.522805647546991	1	NA	"prevalence"	26	7
"NODE_2460_length_2605_cov_26.049804"	"PrePostFVT"	"During"	"PrePostFVTDuring"	7.90880043635654e-14	0	3.2998294577195	0.999999999999981	1	0.91688350234356	1	NA	"prevalence"	26	23
"NODE_2528_length_2034_cov_12.868621"	"PrePostFVT"	"During"	"PrePostFVTDuring"	0	0	3.29982797044344	1	1	0.82188705445404	1	NA	"prevalence"	26	24
"NODE_2528_length_2034_cov_12.868621"	"PrePostFVT"	"Post"	"PrePostFVTPost"	-1.23632920280552	0	2.11197082530628	0.558284683175974	1	0.224203201439879	1	NA	"prevalence"	26	24
"NODE_253_length_10761_cov_24.310854"	"PrePostFVT"	"During"	"PrePostFVTDuring"	-0.587868996924785	0	1.36615875917305	0.666971633164643	1	0.889092106882975	1	NA	"prevalence"	26	18
"NODE_253_length_10761_cov_24.310854"	"PrePostFVT"	"Post"	"PrePostFVTPost"	16.1786089203775	0	702.45852049922	0.981625219478782	1	0.00363998725327585	0.177850570113042	NA	"prevalence"	26	18
"NODE_2552_length_1347_cov_3.110681"	"PrePostFVT"	"During"	"PrePostFVTDuring"	0	0	3.29983261075301	1	1	1	1	NA	"prevalence"	26	2
"NODE_2552_length_1347_cov_3.110681"	"PrePostFVT"	"Post"	"PrePostFVTPost"	1.23632920280552	0	2.11197448114925	0.558285364372814	1	0.558285364372814	1	NA	"prevalence"	26	2
"NODE_2559_length_1942_cov_4.955485"	"PrePostFVT"	"During"	"PrePostFVTDuring"	0.510933896664628	0	1.23827759430606	0.679887533704127	1	0.066759512296269	0.599115004679403	NA	"prevalence"	26	11
"NODE_2559_length_1942_cov_4.955485"	"PrePostFVT"	"Post"	"PrePostFVTPost"	0.510895100219764	0	0.930948212817677	0.583149551229983	1	0.0294997514038722	0.402602478247864	NA	"prevalence"	26	11
"NODE_2562_length_1651_cov_5.389724"	"PrePostFVT"	"During"	"PrePostFVTDuring"	1.09860914829416	0	1.29099118611996	0.394779830836672	1	0.633708546837912	1	NA	"prevalence"	26	8
"NODE_2562_length_1651_cov_5.389724"	"PrePostFVT"	"Post"	"PrePostFVTPost"	0.40542825114617	0	1.02061776116784	0.691191895478658	1	0.475903126253119	1	NA	"prevalence"	26	8
"NODE_259_length_15570_cov_23.236932"	"PrePostFVT"	"During"	"PrePostFVTDuring"	1.00525491507406e-14	0	3.29982779197015	0.999999999999998	1	0.999981806939654	1	NA	"prevalence"	26	22
"NODE_259_length_15570_cov_23.236932"	"PrePostFVT"	"Post"	"PrePostFVTPost"	-2.29031496022382	0	2.01359202221958	0.255359612355385	1	0.0179917107515304	0.304112314741887	NA	"prevalence"	26	22
"NODE_2591_length_2948_cov_11.896647"	"PrePostFVT"	"During"	"PrePostFVTDuring"	2.19709173019666	0	1.41418122359952	0.120276520748661	1	0.120276520748661	0.793187206906888	NA	"prevalence"	26	6
"NODE_2591_length_2948_cov_11.896647"	"PrePostFVT"	"Post"	"PrePostFVTPost"	-1.29924880353347	0	1.32572417601684	0.327071556296575	1	0.327071556296575	1	NA	"prevalence"	26	6
"NODE_2595_length_2506_cov_4.128519"	"PrePostFVT"	"During"	"PrePostFVTDuring"	0.84734475437672	0	1.57359680462382	0.590248188547013	1	0.832103453010996	1	NA	"prevalence"	26	6
"NODE_2595_length_2506_cov_4.128519"	"PrePostFVT"	"Post"	"PrePostFVTPost"	1.2527943328226	0	1.23202506200425	0.309221066053552	1	0.522824464415808	1	NA	"prevalence"	26	6
"NODE_2605_length_1682_cov_3.442532"	"PrePostFVT"	"During"	"PrePostFVTDuring"	1.09860914829416	0	1.29099118611996	0.394779830836672	1	0.633708546837912	1	NA	"prevalence"	26	8
"NODE_2605_length_1682_cov_3.442532"	"PrePostFVT"	"Post"	"PrePostFVTPost"	0.40542825114617	0	1.02061776116784	0.691191895478658	1	0.214864111193311	1	NA	"prevalence"	26	8
"NODE_2608_length_2724_cov_13.636193"	"PrePostFVT"	"During"	"PrePostFVTDuring"	0	0	3.2998296956836	1	1	0.984524640974673	1	NA	"prevalence"	26	24
"NODE_2608_length_2724_cov_13.636193"	"PrePostFVT"	"Post"	"PrePostFVTPost"	-1.23632920280551	0	2.11197231441812	0.558284960643895	1	0.0375461827902019	0.436578714193563	NA	"prevalence"	26	24
"NODE_2629_length_2708_cov_15.615530"	"PrePostFVT"	"During"	"PrePostFVTDuring"	-4.02250249570211e-14	0	16.556690583339	0.999999999999998	1	0.467242036283057	1	NA	"prevalence"	26	25
"NODE_2629_length_2708_cov_15.615530"	"PrePostFVT"	"Post"	"PrePostFVTPost"	-4.23454138694841e-14	0	12.3406153100066	0.999999999999997	1	0.503081162178971	1	NA	"prevalence"	26	25
"NODE_264_length_3553_cov_349.182962"	"PrePostFVT"	"During"	"PrePostFVTDuring"	-4.8375981351031e-15	0	1.40764838964074	0.999999999999997	1	0.346036314000576	1	NA	"prevalence"	26	11
"NODE_264_length_3553_cov_349.182962"	"PrePostFVT"	"Post"	"PrePostFVTPost"	1.00552185752952	0	0.997138469343166	0.313258899629505	1	0.202227603027627	0.972591869809665	NA	"prevalence"	26	11
"NODE_265_length_40929_cov_8.278955|provirus_10946_19741"	"PrePostFVT"	"During"	"PrePostFVTDuring"	-9.49148977498778	0	152.652683648193	0.950421858228456	1	0.950421858228456	1	NA	"prevalence"	26	4
"NODE_265_length_40929_cov_8.278955|provirus_10946_19741"	"PrePostFVT"	"Post"	"PrePostFVTPost"	0.847707187502669	0	1.26011074483331	0.501122670433374	1	0.501122670433374	1	NA	"prevalence"	26	4
"NODE_266_length_13446_cov_8.802479"	"PrePostFVT"	"During"	"PrePostFVTDuring"	0	0	3.2998296956836	1	1	0.915857906719647	1	NA	"prevalence"	26	24
"NODE_266_length_18584_cov_177.325760"	"PrePostFVT"	"During"	"PrePostFVTDuring"	-0.859974122746015	0	1.5891049813345	0.588391202671212	1	0.830578197961549	1	NA	"prevalence"	26	14
"NODE_2667_length_1412_cov_3.002211"	"PrePostFVT"	"During"	"PrePostFVTDuring"	-7.07629512726637e-14	0	3.29982874382594	0.999999999999983	1	0.999999999999983	1	NA	"prevalence"	26	3
"NODE_2667_length_1412_cov_3.002211"	"PrePostFVT"	"Post"	"PrePostFVTPost"	1.84891755143231	0	2.04207416387564	0.365247394565083	1	0.365247394565083	1	NA	"prevalence"	26	3
"NODE_2674_length_2654_cov_15.941901"	"PrePostFVT"	"During"	"PrePostFVTDuring"	0	0	3.2998296956836	1	1	0.960570346638343	1	NA	"prevalence"	26	24
"NODE_2674_length_2654_cov_15.941901"	"PrePostFVT"	"Post"	"PrePostFVTPost"	-1.23632920280551	0	2.11197231441812	0.558284960643895	1	0.0250887750682458	0.355118352795252	NA	"prevalence"	26	24
"NODE_2679_length_1284_cov_2.926770"	"PrePostFVT"	"During"	"PrePostFVTDuring"	9.80582317539083	0	78.1454080593717	0.900142165969551	1	0.900142165969551	1	NA	"prevalence"	26	5
"NODE_2679_length_1284_cov_2.926770"	"PrePostFVT"	"Post"	"PrePostFVTPost"	10.2474421585691	0	78.1393771245951	0.895662086340391	1	0.895662086340391	1	NA	"prevalence"	26	5
"NODE_269_length_14525_cov_15.519903"	"PrePostFVT"	"During"	"PrePostFVTDuring"	14.9396702345183	0	654.747698901009	0.981795891786951	1	0.196331877356267	0.96015111931815	NA	"prevalence"	26	19
"NODE_269_length_14525_cov_15.519903"	"PrePostFVT"	"Post"	"PrePostFVTPost"	18.3556138631004	0	2085.81427227062	0.992978535017989	1	0.0799961633088431	0.668263229222505	NA	"prevalence"	26	19
"NODE_273_length_6498_cov_6.629986"	"PrePostFVT"	"During"	"PrePostFVTDuring"	12.3545977564244	0	617.496076535031	0.984037331488327	1	0.796302703012997	1	NA	"prevalence"	26	22
"NODE_273_length_6498_cov_6.629986"	"PrePostFVT"	"Post"	"PrePostFVTPost"	-0.336468509259253	0	1.31991607242512	0.79878751958638	1	0.959513537725799	1	NA	"prevalence"	26	22
"NODE_274_length_6768_cov_241.150305"	"PrePostFVT"	"During"	"PrePostFVTDuring"	11.02793470953	0	89.7696527470296	0.902228236264564	1	0.902228236264564	1	NA	"prevalence"	26	9
"NODE_274_length_6768_cov_241.150305"	"PrePostFVT"	"Post"	"PrePostFVTPost"	13.9004403116195	0	89.8177028257395	0.877008309152578	1	0.877008309152578	1	NA	"prevalence"	26	9
"NODE_276_length_13170_cov_54.100343"	"PrePostFVT"	"During"	"PrePostFVTDuring"	1.13419721120377	0	1.3846522235793	0.412717588825041	1	0.655099369524527	1	NA	"prevalence"	26	15
"NODE_276_length_13170_cov_54.100343"	"PrePostFVT"	"Post"	"PrePostFVTPost"	0.716686067866516	0	0.958811090437802	0.454777675935025	1	0.298598452191104	1	NA	"prevalence"	26	15
"NODE_277_length_17415_cov_84.582488"	"PrePostFVT"	"During"	"PrePostFVTDuring"	-9.16299340123772e-16	0	1.39855599837325	1	1	0.130628016343351	0.80912513056522	NA	"prevalence"	26	10
"NODE_277_length_17415_cov_84.582488"	"PrePostFVT"	"Post"	"PrePostFVTPost"	1.38437462005918	0	0.997264652406101	0.165084751675222	1	0.0627240492862786	0.574750367407426	NA	"prevalence"	26	10
"NODE_277_length_7921_cov_10.657513"	"PrePostFVT"	"During"	"PrePostFVTDuring"	-4.02250249570211e-14	0	16.556690583339	0.999999999999998	1	0.998731028388618	1	NA	"prevalence"	26	25
"NODE_277_length_7921_cov_10.657513"	"PrePostFVT"	"Post"	"PrePostFVTPost"	-4.23454138694841e-14	0	12.3406153100066	0.999999999999997	1	0.0315050184299936	0.404180113044339	NA	"prevalence"	26	25
"NODE_2778_length_1596_cov_3.332901"	"PrePostFVT"	"During"	"PrePostFVTDuring"	-3.97401593206093e-15	0	1.38282180877997	0.999999999999998	1	0.923592147786382	1	NA	"prevalence"	26	18
"NODE_2778_length_1596_cov_3.332901"	"PrePostFVT"	"Post"	"PrePostFVTPost"	-0.365484406314322	0	1.00302096560655	0.715571568344211	1	0.123151822752553	0.806042569218778	NA	"prevalence"	26	18
"NODE_281_length_12466_cov_5.775038"	"PrePostFVT"	"During"	"PrePostFVTDuring"	-4.02250249570211e-14	0	16.556690583339	0.999999999999998	1	0.916604040008757	1	NA	"prevalence"	26	25
"NODE_2814_length_2535_cov_17.660484"	"PrePostFVT"	"During"	"PrePostFVTDuring"	0	0	3.29982797044344	1	1	0.280002230695364	1	NA	"prevalence"	26	25
"NODE_2822_length_1727_cov_3.586722"	"PrePostFVT"	"During"	"PrePostFVTDuring"	0.865751369912628	0	1.59519311369692	0.58731907778655	1	0.539321832764036	1	NA	"prevalence"	26	5
"NODE_2822_length_1727_cov_3.586722"	"PrePostFVT"	"Post"	"PrePostFVTPost"	0.865858924773246	0	1.2769999987919	0.497745415375267	1	0.747740332223437	1	NA	"prevalence"	26	5
"NODE_284_length_24493_cov_8.915378|provirus_641_11254"	"PrePostFVT"	"During"	"PrePostFVTDuring"	2.20964134909741e-06	0	1.41421483614644	0.99999875334449	1	0.728038807861544	1	NA	"prevalence"	26	20
"NODE_284_length_24493_cov_8.915378|provirus_641_11254"	"PrePostFVT"	"Post"	"PrePostFVTPost"	0.510825694746826	0	1.12546292374151	0.649914826513122	1	0.839708170958364	1	NA	"prevalence"	26	20
"NODE_284_length_3382_cov_207.895702"	"PrePostFVT"	"During"	"PrePostFVTDuring"	-8.86989630947696e-14	0	3.29983183736731	0.999999999999979	1	0.999999999999979	1	NA	"prevalence"	26	4
"NODE_284_length_3382_cov_207.895702"	"PrePostFVT"	"Post"	"PrePostFVTPost"	2.29031496022378	0	2.01359270550436	0.255359773628383	1	0.255359773628383	1	NA	"prevalence"	26	4
"NODE_286_length_13153_cov_47.017331"	"PrePostFVT"	"During"	"PrePostFVTDuring"	-4.02250249570211e-14	0	16.556690583339	0.999999999999998	1	0.487915612409602	1	NA	"prevalence"	26	25
"NODE_286_length_3337_cov_34.268434"	"PrePostFVT"	"During"	"PrePostFVTDuring"	-1.18410476969732e-13	0	3.29982374658711	0.999999999999971	1	0.999999999999971	1	NA	"prevalence"	26	6
"NODE_286_length_3337_cov_34.268434"	"PrePostFVT"	"Post"	"PrePostFVTPost"	2.65579766059997	0	1.99956737966869	0.18411662513362	1	0.18411662513362	0.933001624112053	NA	"prevalence"	26	6
"NODE_2863_length_2659_cov_6.516129"	"PrePostFVT"	"During"	"PrePostFVTDuring"	1.94572934420052	0	1.46382581721606	0.183779275949093	1	0.183779275949093	0.933001624112053	NA	"prevalence"	26	4
"NODE_2863_length_2659_cov_6.516129"	"PrePostFVT"	"Post"	"PrePostFVTPost"	-0.452034411680599	0	1.49454485977967	0.762304291237708	1	0.762304291237708	1	NA	"prevalence"	26	4
"NODE_2865_length_1534_cov_3.376606"	"PrePostFVT"	"During"	"PrePostFVTDuring"	-13.0046570514574	0	873.270759116027	0.98811842551164	1	0.98811842551164	1	NA	"prevalence"	26	2
"NODE_2865_length_1534_cov_3.376606"	"PrePostFVT"	"Post"	"PrePostFVTPost"	-0.452091554687302	0	1.49457867132148	0.762280364681234	1	0.762280364681234	1	NA	"prevalence"	26	2
"NODE_2865_length_2657_cov_17.344350"	"PrePostFVT"	"During"	"PrePostFVTDuring"	1.94573719027331	0	1.46381967469576	0.183775668445707	1	0.183775668445707	0.933001624112053	NA	"prevalence"	26	3
"NODE_2865_length_2657_cov_17.344350"	"PrePostFVT"	"Post"	"PrePostFVTPost"	-14.1885820730305	0	774.071562959106	0.98537574919932	1	0.98537574919932	1	NA	"prevalence"	26	3
"NODE_2868_length_1669_cov_3.405824"	"PrePostFVT"	"During"	"PrePostFVTDuring"	0	0	3.29983332465431	1	1	1	1	NA	"prevalence"	26	2
"NODE_2868_length_1669_cov_3.405824"	"PrePostFVT"	"Post"	"PrePostFVTPost"	1.23632920280552	0	2.11197724229348	0.558285878858258	1	0.558285878858258	1	NA	"prevalence"	26	2
"NODE_292_length_47089_cov_379.804461|provirus_45_28630"	"PrePostFVT"	"During"	"PrePostFVTDuring"	1.60951603693687	0	1.36628276229178	0.238786410440583	1	0.420553871070068	1	NA	"prevalence"	26	7
"NODE_292_length_47089_cov_379.804461|provirus_45_28630"	"PrePostFVT"	"Post"	"PrePostFVTPost"	-1.88709371676385	0	1.2744589447005	0.138686040875989	1	0.258138263818121	1	NA	"prevalence"	26	7
"NODE_294_length_12938_cov_7.822712"	"PrePostFVT"	"During"	"PrePostFVTDuring"	0	0	3.2998296956836	1	1	0.998815794166264	1	NA	"prevalence"	26	24
"NODE_294_length_12938_cov_7.822712"	"PrePostFVT"	"Post"	"PrePostFVTPost"	-1.23632920280551	0	2.11197231441812	0.558284960643895	1	0.0403587314393551	0.447544913604568	NA	"prevalence"	26	24
"NODE_2942_length_1160_cov_4.734842"	"PrePostFVT"	"During"	"PrePostFVTDuring"	0.847183248325098	0	1.57358958223769	0.590317323860969	1	0.590317323860969	1	NA	"prevalence"	26	4
"NODE_2942_length_1160_cov_4.734842"	"PrePostFVT"	"Post"	"PrePostFVTPost"	0.336324557047536	0	1.32016993730073	0.798909604248771	1	0.798909604248771	1	NA	"prevalence"	26	4
"NODE_295_length_27982_cov_394.127905"	"PrePostFVT"	"During"	"PrePostFVTDuring"	12.9558147084078	0	836.114486988855	0.987637062822589	1	0.948258175678888	1	NA	"prevalence"	26	25
"NODE_295_length_27982_cov_394.127905"	"PrePostFVT"	"Post"	"PrePostFVTPost"	13.2988525466771	0	573.570304665985	0.981501834418609	1	0.442852878921392	1	NA	"prevalence"	26	25
"NODE_296_length_13554_cov_17.365138"	"PrePostFVT"	"During"	"PrePostFVTDuring"	12.5841302887883	0	18.8978019674385	0.505472180601641	1	0.755442235841104	1	NA	"prevalence"	26	24
"NODE_296_length_13554_cov_17.365138"	"PrePostFVT"	"Post"	"PrePostFVTPost"	0.507741675082459	0	1.58934481627756	0.749373148731865	1	0.391119378475419	1	NA	"prevalence"	26	24
"NODE_2985_length_1477_cov_5.940225"	"PrePostFVT"	"During"	"PrePostFVTDuring"	1.18252879599273e-15	0	1.38282147605166	0.999999999999999	1	0.949948167465154	1	NA	"prevalence"	26	12
"NODE_2988_length_1000_cov_29.940741"	"PrePostFVT"	"During"	"PrePostFVTDuring"	-0.587504430952906	0	1.36621865868281	0.66717945103267	1	0.66717945103267	1	NA	"prevalence"	26	4
"NODE_2988_length_1000_cov_29.940741"	"PrePostFVT"	"Post"	"PrePostFVTPost"	-15.8201459521047	0	873.270327416532	0.985546331522495	1	0.985546331522495	1	NA	"prevalence"	26	4
"NODE_299_length_12840_cov_7.627063"	"PrePostFVT"	"During"	"PrePostFVTDuring"	6.59167306343819	0	13.5367047508734	0.626295089808072	1	0.236521999580362	1	NA	"prevalence"	26	18
"NODE_299_length_12840_cov_7.627063"	"PrePostFVT"	"Post"	"PrePostFVTPost"	0.640037355080195	0	0.932015227248255	0.492256582035347	1	0.213267689177058	0.996469504158475	NA	"prevalence"	26	18
"NODE_300_length_10875_cov_215.011368"	"PrePostFVT"	"During"	"PrePostFVTDuring"	0	0	3.29983261075301	1	1	1	1	NA	"prevalence"	26	3
"NODE_300_length_10875_cov_215.011368"	"PrePostFVT"	"Post"	"PrePostFVTPost"	1.23632920280552	0	2.11197448114925	0.558285364372814	1	0.558285364372814	1	NA	"prevalence"	26	3
"NODE_3039_length_1648_cov_3.305712"	"PrePostFVT"	"During"	"PrePostFVTDuring"	0.847776407523857	0	1.57363631133148	0.590068207093377	1	0.590068207093377	1	NA	"prevalence"	26	2
"NODE_3039_length_1648_cov_3.305712"	"PrePostFVT"	"Post"	"PrePostFVTPost"	-12.9451592658629	0	493.101555298488	0.979055924063556	1	0.979055924063556	1	NA	"prevalence"	26	2
"NODE_304_length_11539_cov_7.449408"	"PrePostFVT"	"During"	"PrePostFVTDuring"	1.24373096669625	0	1.45415474341215	0.392387974600749	1	0.63080762659022	1	NA	"prevalence"	26	16
"NODE_304_length_11539_cov_7.449408"	"PrePostFVT"	"Post"	"PrePostFVTPost"	0.790937224356551	0	1.01381509665882	0.435297145474968	1	0.68111068609128	1	NA	"prevalence"	26	16
"NODE_3044_length_1165_cov_1.475676"	"PrePostFVT"	"During"	"PrePostFVTDuring"	-4.35939069440804e-14	0	3.29983195634863	0.99999999999999	1	0.99999999999999	1	NA	"prevalence"	26	4
"NODE_3044_length_1165_cov_1.475676"	"PrePostFVT"	"Post"	"PrePostFVTPost"	2.6557976606	0	1.99956910695486	0.184117004066638	1	0.184117004066638	0.933001624112053	NA	"prevalence"	26	4
"NODE_3049_length_1449_cov_3.841463"	"PrePostFVT"	"During"	"PrePostFVTDuring"	-13.0046570514574	0	873.270759116027	0.98811842551164	1	0.98811842551164	1	NA	"prevalence"	26	2
"NODE_3049_length_1449_cov_3.841463"	"PrePostFVT"	"Post"	"PrePostFVTPost"	-0.452091554687302	0	1.49457867132148	0.762280364681234	1	0.762280364681234	1	NA	"prevalence"	26	2
"NODE_305_length_23555_cov_87.354170"	"PrePostFVT"	"During"	"PrePostFVTDuring"	-2.70652643692253e-14	0	3.29982636418571	0.999999999999993	1	0.999999999999993	1	NA	"prevalence"	26	6
"NODE_3050_length_1222_cov_2.569837"	"PrePostFVT"	"During"	"PrePostFVTDuring"	0	0	3.29983261075301	1	1	1	1	NA	"prevalence"	26	2
"NODE_3050_length_1222_cov_2.569837"	"PrePostFVT"	"Post"	"PrePostFVTPost"	1.23632920280552	0	2.11197448114925	0.558285364372814	1	0.558285364372814	1	NA	"prevalence"	26	2
"NODE_3059_length_1111_cov_5.649621"	"PrePostFVT"	"During"	"PrePostFVTDuring"	2.19729036657702	0	1.41423677365422	0.120257563872075	1	0.0443186518360831	0.472580658009306	NA	"prevalence"	26	10
"NODE_3059_length_1111_cov_5.649621"	"PrePostFVT"	"Post"	"PrePostFVTPost"	0.762067262860675	0	1.0047375709073	0.448167308878163	1	0.0822889338809539	0.668263229222505	NA	"prevalence"	26	10
"NODE_31_length_41541_cov_15.540929"	"PrePostFVT"	"During"	"PrePostFVTDuring"	-2.82420149939742e-14	0	3.29982957670378	0.999999999999993	1	0.999999999999993	1	NA	"prevalence"	26	8
"NODE_3105_length_1047_cov_1.982863"	"PrePostFVT"	"During"	"PrePostFVTDuring"	-8.50344708570665e-14	0	3.29983290820927	0.99999999999998	1	0.99999999999998	1	NA	"prevalence"	26	2
"NODE_3105_length_1047_cov_1.982863"	"PrePostFVT"	"Post"	"PrePostFVTPost"	1.8489175514323	0	2.04207400713479	0.365247357761849	1	0.365247357761849	1	NA	"prevalence"	26	2
"NODE_313_length_3138_cov_6.434317"	"PrePostFVT"	"During"	"PrePostFVTDuring"	11.8397913411255	0	233.77428005288	0.959607405500177	1	0.959607405500177	1	NA	"prevalence"	26	4
"NODE_313_length_3138_cov_6.434317"	"PrePostFVT"	"Post"	"PrePostFVTPost"	11.3273317308693	0	233.772476677602	0.961354014445643	1	0.961354014445643	1	NA	"prevalence"	26	4
"NODE_313_length_7970_cov_11.130259"	"PrePostFVT"	"During"	"PrePostFVTDuring"	-0.866555761898926	0	1.59743905431799	0.587497787506452	1	0.829841924687928	1	NA	"prevalence"	26	22
"NODE_313_length_7970_cov_11.130259"	"PrePostFVT"	"Post"	"PrePostFVTPost"	-0.34301805572226	0	1.33272395371311	0.796884534501011	1	0.199247237715708	0.963376763398887	NA	"prevalence"	26	22
"NODE_3139_length_1729_cov_6.163082"	"PrePostFVT"	"During"	"PrePostFVTDuring"	-8.21943724678198e-14	0	3.29982898179639	0.99999999999998	1	0.99999999999998	1	NA	"prevalence"	26	3
"NODE_3139_length_1729_cov_6.163082"	"PrePostFVT"	"Post"	"PrePostFVTPost"	2.29031496022378	0	2.01358970323511	0.255359065014416	1	0.255359065014416	1	NA	"prevalence"	26	3
"NODE_317_length_13362_cov_13.186669"	"PrePostFVT"	"During"	"PrePostFVTDuring"	-0.848537635565396	0	1.5736262272161	0.589732036009302	1	0.831680197722927	1	NA	"prevalence"	26	17
"NODE_319_length_16836_cov_11.794708"	"PrePostFVT"	"During"	"PrePostFVTDuring"	1.35558416222049e-15	0	3.29982939822818	1	1	1	1	NA	"prevalence"	26	2
"NODE_319_length_16836_cov_11.794708"	"PrePostFVT"	"Post"	"PrePostFVTPost"	1.2363292028055	0	2.11197338322136	0.558285159795034	1	0.558285159795034	1	NA	"prevalence"	26	2
"NODE_32_length_125259_cov_59.302315|provirus_14302_103731"	"PrePostFVT"	"During"	"PrePostFVTDuring"	0	0	3.29982797044344	1	1	0.992699437989112	1	NA	"prevalence"	26	25
"NODE_32_length_125259_cov_59.302315|provirus_14302_103731"	"PrePostFVT"	"Post"	"PrePostFVTPost"	-1.23632920280552	0	2.11197082530628	0.558284683175974	1	0.527439454243359	1	NA	"prevalence"	26	25
"NODE_3202_length_1566_cov_4.050960"	"PrePostFVT"	"During"	"PrePostFVTDuring"	0.865751369912628	0	1.59519311369692	0.58731907778655	1	0.527210751134189	1	NA	"prevalence"	26	5
"NODE_3202_length_1566_cov_4.050960"	"PrePostFVT"	"Post"	"PrePostFVTPost"	0.865858924773246	0	1.2769999987919	0.497745415375267	1	0.747740332223437	1	NA	"prevalence"	26	5
"NODE_321_length_8192_cov_6.306624"	"PrePostFVT"	"During"	"PrePostFVTDuring"	7.90880043635654e-14	0	3.2998294577195	0.999999999999981	1	0.988787135418744	1	NA	"prevalence"	26	23
"NODE_322_length_15127_cov_72.883028"	"PrePostFVT"	"During"	"PrePostFVTDuring"	0	0	3.29982797044344	1	1	0.447385551554473	1	NA	"prevalence"	26	25
"NODE_3237_length_1374_cov_3.844579"	"PrePostFVT"	"During"	"PrePostFVTDuring"	-1.14875835866158e-13	0	3.29982779196916	0.999999999999972	1	0.999999999999972	1	NA	"prevalence"	26	4
"NODE_3237_length_1374_cov_3.844579"	"PrePostFVT"	"Post"	"PrePostFVTPost"	2.65579766059997	0	1.9995685976682	0.184116892339054	1	0.184116892339054	0.933001624112053	NA	"prevalence"	26	4
"NODE_3241_length_1490_cov_2.567944"	"PrePostFVT"	"During"	"PrePostFVTDuring"	18.5882306508568	0	1182.41340024387	0.987457304376993	1	0.0199644975722529	0.31646672073525	NA	"prevalence"	26	13
"NODE_3241_length_1490_cov_2.567944"	"PrePostFVT"	"Post"	"PrePostFVTPost"	1.43514187743033	0	1.00475698396095	0.153191933435365	1	0.00582165036453528	0.178705918231657	NA	"prevalence"	26	13
"NODE_3245_length_1010_cov_2.720419"	"PrePostFVT"	"During"	"PrePostFVTDuring"	-1.20118623168723e-13	0	3.29982160492997	0.999999999999971	1	0.999999999999971	1	NA	"prevalence"	26	2
"NODE_3245_length_1010_cov_2.720419"	"PrePostFVT"	"Post"	"PrePostFVTPost"	1.84891755143229	0	2.04206871852044	0.365246115976955	1	0.365246115976955	1	NA	"prevalence"	26	2
"NODE_3245_length_1627_cov_4.408397"	"PrePostFVT"	"During"	"PrePostFVTDuring"	0	0	3.299824817439	1	1	1	1	NA	"prevalence"	26	3
"NODE_3245_length_1627_cov_4.408397"	"PrePostFVT"	"Post"	"PrePostFVTPost"	2.29031500033249	0	2.01358709461836	0.255358440989221	1	0.255358440989221	1	NA	"prevalence"	26	3
"NODE_325_length_3511_cov_3.129340"	"PrePostFVT"	"During"	"PrePostFVTDuring"	12.5841302887883	0	18.8978019674385	0.505472180601641	1	0.755442235841104	1	NA	"prevalence"	26	23
"NODE_325_length_3511_cov_3.129340"	"PrePostFVT"	"Post"	"PrePostFVTPost"	0.507741675082459	0	1.58934481627756	0.749373148731865	1	0.107658119433155	0.755777362633562	NA	"prevalence"	26	23
"NODE_3270_length_1083_cov_1.818093"	"PrePostFVT"	"During"	"PrePostFVTDuring"	-8.86989630947696e-14	0	3.29983183736731	0.999999999999979	1	0.999999999999979	1	NA	"prevalence"	26	3
"NODE_3270_length_1083_cov_1.818093"	"PrePostFVT"	"Post"	"PrePostFVTPost"	2.29031496022378	0	2.01359270550436	0.255359773628383	1	0.255359773628383	1	NA	"prevalence"	26	3
"NODE_3286_length_1361_cov_2.157734"	"PrePostFVT"	"During"	"PrePostFVTDuring"	0	0	3.29983278922643	1	1	1	1	NA	"prevalence"	26	5
"NODE_3286_length_1361_cov_2.157734"	"PrePostFVT"	"Post"	"PrePostFVTPost"	2.98380576453732	0	1.99277232287737	0.134311591132207	1	0.134311591132207	0.80912513056522	NA	"prevalence"	26	5
"NODE_33_length_148803_cov_16.133501|provirus_110_29457"	"PrePostFVT"	"During"	"PrePostFVTDuring"	15.3093055060496	0	84.8929510278227	0.856888329990024	1	0.90503753665633	1	NA	"prevalence"	26	17
"NODE_33_length_148803_cov_16.133501|provirus_110_29457"	"PrePostFVT"	"Post"	"PrePostFVTPost"	0.73099802801005	0	0.972575124956823	0.452285109316778	1	0.700008398523866	1	NA	"prevalence"	26	17
"NODE_330_length_31412_cov_3595.604713"	"PrePostFVT"	"During"	"PrePostFVTDuring"	13.3914585910432	0	1182.41410639216	0.990963732939656	1	0.99428367374611	1	NA	"prevalence"	26	23
"NODE_330_length_31412_cov_3595.604713"	"PrePostFVT"	"Post"	"PrePostFVTPost"	-0.336431105935089	0	1.32016047082607	0.798845853572313	1	0.0497881535007532	0.489724153925488	NA	"prevalence"	26	23
"NODE_335_length_20808_cov_107.089963"	"PrePostFVT"	"During"	"PrePostFVTDuring"	8.84933131942867e-07	0	1.55530099646192	0.999999546020684	1	0.482612827193389	1	NA	"prevalence"	26	13
"NODE_3358_length_2091_cov_11.059430"	"PrePostFVT"	"During"	"PrePostFVTDuring"	0.847776407523857	0	1.57363631133148	0.590068207093377	1	0.590068207093377	1	NA	"prevalence"	26	2
"NODE_3358_length_2091_cov_11.059430"	"PrePostFVT"	"Post"	"PrePostFVTPost"	-12.9451592658629	0	493.101555298488	0.979055924063556	1	0.979055924063556	1	NA	"prevalence"	26	2
"NODE_336_length_3001_cov_13.074338"	"PrePostFVT"	"During"	"PrePostFVTDuring"	6.59166953943041	0	13.5372961666083	0.626310350646832	1	0.640162990482851	1	NA	"prevalence"	26	18
"NODE_336_length_3001_cov_13.074338"	"PrePostFVT"	"Post"	"PrePostFVTPost"	1.00552185486628	0	0.961733531167951	0.295777796418813	1	0.0791539044200785	0.66573404635438	NA	"prevalence"	26	18
"NODE_336_length_5945_cov_6.382343"	"PrePostFVT"	"During"	"PrePostFVTDuring"	13.1765206706924	0	965.437083903417	0.989110615080004	1	0.805379509553816	1	NA	"prevalence"	26	24
"NODE_336_length_5945_cov_6.382343"	"PrePostFVT"	"Post"	"PrePostFVTPost"	0.451764454293874	0	1.49463548772117	0.762455943199132	1	0.718571283777876	1	NA	"prevalence"	26	24
"NODE_3372_length_1383_cov_4.829066"	"PrePostFVT"	"During"	"PrePostFVTDuring"	2.95700773303414e-16	0	3.29983719159092	1	1	1	1	NA	"prevalence"	26	3
"NODE_3372_length_1383_cov_4.829066"	"PrePostFVT"	"Post"	"PrePostFVTPost"	2.29031500033248	0	2.01359481683079	0.255360263633218	1	0.255360263633218	1	NA	"prevalence"	26	3
"NODE_341_length_2976_cov_5.997946"	"PrePostFVT"	"During"	"PrePostFVTDuring"	-22.564449714216	0	38254.7758720914	0.999529370527063	1	0.999529370527063	1	NA	"prevalence"	26	6
"NODE_341_length_2976_cov_5.997946"	"PrePostFVT"	"Post"	"PrePostFVTPost"	-30.8954801855353	0	1422935.83097441	0.99998267593935	1	0.99998267593935	1	NA	"prevalence"	26	6
"NODE_341_length_3453_cov_50.811948"	"PrePostFVT"	"During"	"PrePostFVTDuring"	1.0055218563178	0	1.33221524007849	0.4503844027243	1	0.697922695231275	1	NA	"prevalence"	26	19
"NODE_341_length_3453_cov_50.811948"	"PrePostFVT"	"Post"	"PrePostFVTPost"	1.4469188984323	0	1.02001924010607	0.156038658874751	1	0.0285369607514776	0.394308322764464	NA	"prevalence"	26	19
"NODE_341_length_5563_cov_16.639615"	"PrePostFVT"	"During"	"PrePostFVTDuring"	17.9441737809574	0	4096.00066324872	0.996504557836732	1	0.996504557836732	1	NA	"prevalence"	26	9
"NODE_341_length_5563_cov_16.639615"	"PrePostFVT"	"Post"	"PrePostFVTPost"	19.0427858658303	0	4096.00025634768	0.996290554406275	1	0.996290554406275	1	NA	"prevalence"	26	9
"NODE_342_length_10504_cov_7.705618"	"PrePostFVT"	"During"	"PrePostFVTDuring"	-4.02250249570211e-14	0	16.556690583339	0.999999999999998	1	0.707632258140738	1	NA	"prevalence"	26	25
"NODE_3433_length_2017_cov_7.702345"	"PrePostFVT"	"During"	"PrePostFVTDuring"	14.379558978332	0	249.276855820291	0.953999466810529	1	0.389138123352842	1	NA	"prevalence"	26	8
"NODE_3433_length_2017_cov_7.702345"	"PrePostFVT"	"Post"	"PrePostFVTPost"	0.849890732102496	0	1.25985281881952	0.499932949218212	1	0.0570690360046961	0.534178449914924	NA	"prevalence"	26	8
"NODE_344_length_20349_cov_6.230117"	"PrePostFVT"	"During"	"PrePostFVTDuring"	1.94603683071388	0	1.4638537840237	0.183718378217875	1	0.115472042292806	0.783961442215407	NA	"prevalence"	26	6
"NODE_344_length_20349_cov_6.230117"	"PrePostFVT"	"Post"	"PrePostFVTPost"	0.847324737272441	0	1.25988533272829	0.5012392490027	1	0.621343158441731	1	NA	"prevalence"	26	6
"NODE_3471_length_1019_cov_3.377593"	"PrePostFVT"	"During"	"PrePostFVTDuring"	-1.10009630129771e-13	0	3.29983493091828	0.999999999999973	1	0.999999999999973	1	NA	"prevalence"	26	3
"NODE_3471_length_1019_cov_3.377593"	"PrePostFVT"	"Post"	"PrePostFVTPost"	1.84891755143229	0	2.04207799378384	0.365248293838297	1	0.365248293838297	1	NA	"prevalence"	26	3
"NODE_3512_length_1188_cov_3.716681"	"PrePostFVT"	"During"	"PrePostFVTDuring"	-12.0940320922606	0	482.735644181193	0.980012596441086	1	0.980012596441086	1	NA	"prevalence"	26	2
"NODE_3512_length_1188_cov_3.716681"	"PrePostFVT"	"Post"	"PrePostFVTPost"	-0.5077038892926	0	1.59081617032946	0.749615196873811	1	0.749615196873811	1	NA	"prevalence"	26	2
"NODE_3536_length_1468_cov_4.662420"	"PrePostFVT"	"During"	"PrePostFVTDuring"	-8.86989630947696e-14	0	3.29983183736731	0.999999999999979	1	0.999999999999979	1	NA	"prevalence"	26	4
"NODE_3536_length_1468_cov_4.662420"	"PrePostFVT"	"Post"	"PrePostFVTPost"	2.29031496022378	0	2.01359270550436	0.255359773628383	1	0.255359773628383	1	NA	"prevalence"	26	4
"NODE_358_length_10507_cov_12.936854"	"PrePostFVT"	"During"	"PrePostFVTDuring"	13.1765206706924	0	965.437083903417	0.989110615080004	1	0.688807388612237	1	NA	"prevalence"	26	23
"NODE_358_length_10507_cov_12.936854"	"PrePostFVT"	"Post"	"PrePostFVTPost"	0.451764454293874	0	1.49463548772117	0.762455943199132	1	0.637383854457004	1	NA	"prevalence"	26	23
"NODE_358_length_13097_cov_6.583346"	"PrePostFVT"	"During"	"PrePostFVTDuring"	-0.587737071345484	0	1.36625693786631	0.66706435702457	1	0.203629916074556	0.973955175510446	NA	"prevalence"	26	11
"NODE_358_length_13097_cov_6.583346"	"PrePostFVT"	"Post"	"PrePostFVTPost"	0.510856082917212	0	0.930951814810286	0.583179774432792	1	0.00459771938035294	0.177850570113042	NA	"prevalence"	26	11
"NODE_3599_length_1022_cov_3.847983"	"PrePostFVT"	"During"	"PrePostFVTDuring"	-0.587737071390885	0	1.36625518817932	0.667063956285936	1	0.854232247478421	1	NA	"prevalence"	26	10
"NODE_3599_length_1022_cov_3.847983"	"PrePostFVT"	"Post"	"PrePostFVTPost"	0.510856082887449	0	0.930950843318521	0.583179381415519	1	0.826260571922851	1	NA	"prevalence"	26	10
"NODE_364_length_6238_cov_6.230309"	"PrePostFVT"	"During"	"PrePostFVTDuring"	0	0	3.29982797044344	1	1	0.99471069772551	1	NA	"prevalence"	26	25
"NODE_364_length_6238_cov_6.230309"	"PrePostFVT"	"Post"	"PrePostFVTPost"	-1.23632920280552	0	2.11197082530628	0.558284683175974	1	0.767251260599903	1	NA	"prevalence"	26	25
"NODE_365_length_20565_cov_18.642223"	"PrePostFVT"	"During"	"PrePostFVTDuring"	-4.02250249570211e-14	0	16.556690583339	0.999999999999998	1	0.996793923138498	1	NA	"prevalence"	26	25
"NODE_365_length_20565_cov_18.642223"	"PrePostFVT"	"Post"	"PrePostFVTPost"	-4.23454138694841e-14	0	12.3406153100066	0.999999999999997	1	0.0238505013799002	0.353289816495257	NA	"prevalence"	26	25
"NODE_366_length_26366_cov_7.678081|provirus_5747_26366"	"PrePostFVT"	"During"	"PrePostFVTDuring"	-12.0267361620219	0	537.832229856224	0.982159590097369	1	0.982159590097369	1	NA	"prevalence"	26	2
"NODE_366_length_26366_cov_7.678081|provirus_5747_26366"	"PrePostFVT"	"Post"	"PrePostFVTPost"	-0.452138459703416	0	1.49456978847938	0.762255073780111	1	0.762255073780111	1	NA	"prevalence"	26	2
"NODE_3686_length_1625_cov_3.493631"	"PrePostFVT"	"During"	"PrePostFVTDuring"	-8.80077041038171e-14	0	3.29983826243977	0.999999999999979	1	0.999999999999979	1	NA	"prevalence"	26	2
"NODE_3686_length_1625_cov_3.493631"	"PrePostFVT"	"Post"	"PrePostFVTPost"	1.8489175514323	0	2.0420773918062	0.365248152492385	1	0.365248152492385	1	NA	"prevalence"	26	2
"NODE_369_length_11021_cov_18.926774"	"PrePostFVT"	"During"	"PrePostFVTDuring"	0.587666409195934	0	1.36624136496686	0.667098410507634	1	0.889176531713456	1	NA	"prevalence"	26	18
"NODE_369_length_11021_cov_18.926774"	"PrePostFVT"	"Post"	"PrePostFVTPost"	0.182184956649537	0	0.953061807395704	0.848402163306377	1	0.00790315976162197	0.178705918231657	NA	"prevalence"	26	18
"NODE_371_length_7093_cov_11.975703"	"PrePostFVT"	"During"	"PrePostFVTDuring"	0	0	3.29982797044344	1	1	0.450574460271385	1	NA	"prevalence"	26	25
"NODE_3714_length_1904_cov_5.448891"	"PrePostFVT"	"During"	"PrePostFVTDuring"	-4.02250249570211e-14	0	16.556690583339	0.999999999999998	1	0.878999122387614	1	NA	"prevalence"	26	25
"NODE_3716_length_1611_cov_2.967866"	"PrePostFVT"	"During"	"PrePostFVTDuring"	9.80582317539083	0	78.1454080593717	0.900142165969551	1	0.900142165969551	1	NA	"prevalence"	26	5
"NODE_3716_length_1611_cov_2.967866"	"PrePostFVT"	"Post"	"PrePostFVTPost"	10.2474421585691	0	78.1393771245951	0.895662086340391	1	0.895662086340391	1	NA	"prevalence"	26	5
"NODE_372_length_12857_cov_13.769099"	"PrePostFVT"	"During"	"PrePostFVTDuring"	0	0	3.29982797044344	1	1	0.754353327091418	1	NA	"prevalence"	26	24
"NODE_377_length_6517_cov_6.469205"	"PrePostFVT"	"During"	"PrePostFVTDuring"	-1.57665209096548e-14	0	1.38282144102764	0.999999999999991	1	0.342064511648065	1	NA	"prevalence"	26	12
"NODE_3789_length_1212_cov_3.144339"	"PrePostFVT"	"During"	"PrePostFVTDuring"	-4.57103953521753e-05	0	220.149316973834	0.999999834332356	1	0.999999834332356	1	NA	"prevalence"	26	3
"NODE_3789_length_1212_cov_3.144339"	"PrePostFVT"	"Post"	"PrePostFVTPost"	10.5189749512508	0	113.544387704644	0.926188005518961	1	0.926188005518961	1	NA	"prevalence"	26	3
"NODE_38_length_1261_cov_5.764511"	"PrePostFVT"	"During"	"PrePostFVTDuring"	13.9016936072322	0	255.007165756272	0.95652492692801	1	0.560811837747946	1	NA	"prevalence"	26	23
"NODE_38_length_1261_cov_5.764511"	"PrePostFVT"	"Post"	"PrePostFVTPost"	1.3026591827429	0	1.34415522589849	0.332481062870088	1	0.157485085447208	0.901912940011807	NA	"prevalence"	26	23
"NODE_3804_length_1429_cov_2.868996"	"PrePostFVT"	"During"	"PrePostFVTDuring"	1.94587810478463	0	1.46384757662754	0.183752276194278	1	0.333739653381977	1	NA	"prevalence"	26	7
"NODE_3804_length_1429_cov_2.868996"	"PrePostFVT"	"Post"	"PrePostFVTPost"	1.25276760493403	0	1.23201003249801	0.309225485970543	1	0.522830570767367	1	NA	"prevalence"	26	7
"NODE_384_length_5899_cov_10.838809"	"PrePostFVT"	"During"	"PrePostFVTDuring"	-14.2774748204094	0	1182.41385245565	0.990365894407711	1	0.990365894407711	1	NA	"prevalence"	26	6
"NODE_384_length_5899_cov_10.838809"	"PrePostFVT"	"Post"	"PrePostFVTPost"	0.405413152117337	0	1.02060904846962	0.691200303524189	1	0.687650710586729	1	NA	"prevalence"	26	6
"NODE_386_length_12222_cov_6.937372"	"PrePostFVT"	"During"	"PrePostFVTDuring"	-4.02250249570211e-14	0	16.556690583339	0.999999999999998	1	0.975239661527487	1	NA	"prevalence"	26	25
"NODE_389_length_10778_cov_6.249930"	"PrePostFVT"	"During"	"PrePostFVTDuring"	1.60945717715808	0	1.36625971124362	0.238795661605092	1	0.292649125955976	1	NA	"prevalence"	26	10
"NODE_389_length_10778_cov_6.249930"	"PrePostFVT"	"Post"	"PrePostFVTPost"	-0.182288913943275	0	0.953065267577408	0.848317252886875	1	0.386510936016358	1	NA	"prevalence"	26	10
"NODE_393_length_11869_cov_11.596242"	"PrePostFVT"	"During"	"PrePostFVTDuring"	-2.82420149939742e-14	0	3.29982957670378	0.999999999999993	1	0.999999999999993	1	NA	"prevalence"	26	6
"NODE_393_length_5776_cov_11.760007"	"PrePostFVT"	"During"	"PrePostFVTDuring"	0	0	3.29982797044344	1	1	0.61769101240543	1	NA	"prevalence"	26	25
"NODE_393_length_5776_cov_11.760007"	"PrePostFVT"	"Post"	"PrePostFVTPost"	-1.23632920280552	0	2.11197082530628	0.558284683175974	1	0.326084191115146	1	NA	"prevalence"	26	25
"NODE_396_length_13688_cov_5.961417"	"PrePostFVT"	"During"	"PrePostFVTDuring"	-1.7668339692246e-16	0	1.22474481055788	1	1	0.998306231779042	1	NA	"prevalence"	26	15
"NODE_396_length_13688_cov_5.961417"	"PrePostFVT"	"Post"	"PrePostFVTPost"	0.714004714867828	0	0.936830987390186	0.44597113504657	1	0.229131925886931	1	NA	"prevalence"	26	15
"NODE_397_length_16929_cov_5.824641"	"PrePostFVT"	"During"	"PrePostFVTDuring"	1.94587810478463	0	1.46384757662754	0.183752276194278	1	0.333739653381977	1	NA	"prevalence"	26	7
"NODE_397_length_16929_cov_5.824641"	"PrePostFVT"	"Post"	"PrePostFVTPost"	1.25276760493403	0	1.23201003249801	0.309225485970543	1	0.522830570767367	1	NA	"prevalence"	26	7
"NODE_40_length_38412_cov_55.863441"	"PrePostFVT"	"During"	"PrePostFVTDuring"	14.9428786765386	0	1136.02654443394	0.989505220234212	1	0.989505220234212	1	NA	"prevalence"	26	7
"NODE_40_length_38412_cov_55.863441"	"PrePostFVT"	"Post"	"PrePostFVTPost"	15.7050123679965	0	1136.02614203137	0.988969982906322	1	0.988969982906322	1	NA	"prevalence"	26	7
"NODE_400_length_5362_cov_8.985114"	"PrePostFVT"	"During"	"PrePostFVTDuring"	12.3632376671644	0	655.915071524705	0.984961692738242	1	0.690218695435447	1	NA	"prevalence"	26	25
"NODE_400_length_5362_cov_8.985114"	"PrePostFVT"	"Post"	"PrePostFVTPost"	14.0120484847607	0	965.48040605322	0.988420681949382	1	0.80584291948292	1	NA	"prevalence"	26	25
"NODE_402_length_29684_cov_275.000203"	"PrePostFVT"	"During"	"PrePostFVTDuring"	-1.0055218656021	0	1.33221474795559	0.450384231220805	1	0.697922506709254	1	NA	"prevalence"	26	17
"NODE_402_length_29684_cov_275.000203"	"PrePostFVT"	"Post"	"PrePostFVTPost"	6.59167373192759	0	7.83674351804531	0.40027842278918	1	0.0533317584930375	0.504622780089013	NA	"prevalence"	26	17
"NODE_403_length_17644_cov_1809.089886"	"PrePostFVT"	"During"	"PrePostFVTDuring"	-1.0055218656021	0	1.33221474795559	0.450384231220805	1	0.672702847308408	1	NA	"prevalence"	26	19
"NODE_403_length_17644_cov_1809.089886"	"PrePostFVT"	"Post"	"PrePostFVTPost"	6.59167373192759	0	7.83674351804531	0.40027842278918	1	0.00208662111602756	0.166580652463964	NA	"prevalence"	26	19
"NODE_4072_length_1261_cov_4.812604"	"PrePostFVT"	"During"	"PrePostFVTDuring"	-13.0046570514574	0	873.270759116027	0.98811842551164	1	0.98811842551164	1	NA	"prevalence"	26	2
"NODE_4072_length_1261_cov_4.812604"	"PrePostFVT"	"Post"	"PrePostFVTPost"	-0.452091554687302	0	1.49457867132148	0.762280364681234	1	0.762280364681234	1	NA	"prevalence"	26	2
"NODE_408_length_8696_cov_40.826988"	"PrePostFVT"	"During"	"PrePostFVTDuring"	9.98548466726319e-15	0	1.38282137097961	0.999999999999994	1	0.565910895266196	1	NA	"prevalence"	26	7
"NODE_408_length_8696_cov_40.826988"	"PrePostFVT"	"Post"	"PrePostFVTPost"	0.365484504446977	0	1.00302053011013	0.715571377170596	1	0.0714993473864935	0.622401818999426	NA	"prevalence"	26	7
"NODE_41_length_88707_cov_853.230034"	"PrePostFVT"	"During"	"PrePostFVTDuring"	0	0	3.29982797044344	1	1	0.696082814161287	1	NA	"prevalence"	26	25
"NODE_41_length_88707_cov_853.230034"	"PrePostFVT"	"Post"	"PrePostFVTPost"	-1.23632920280552	0	2.11197082530628	0.558284683175974	1	0.0203585713511476	0.31646672073525	NA	"prevalence"	26	25
"NODE_410_length_13108_cov_8.174519"	"PrePostFVT"	"During"	"PrePostFVTDuring"	-12.3825236616822	0	207.056611263113	0.952312854934957	1	0.952312854934957	1	NA	"prevalence"	26	4
"NODE_410_length_13108_cov_8.174519"	"PrePostFVT"	"Post"	"PrePostFVTPost"	-14.1081720348625	0	123.634750347457	0.909149244386355	1	0.909149244386355	1	NA	"prevalence"	26	4
"NODE_411_length_10411_cov_40.479625"	"PrePostFVT"	"During"	"PrePostFVTDuring"	-3.14654235748728e-15	0	1.38282070552405	0.999999999999998	1	0.999999999999998	1	NA	"prevalence"	26	4
"NODE_411_length_10411_cov_40.479625"	"PrePostFVT"	"Post"	"PrePostFVTPost"	-1.05398513700472	0	1.21169254609616	0.384384919815411	1	0.384384919815411	1	NA	"prevalence"	26	4
"NODE_4125_length_1127_cov_7.027052"	"PrePostFVT"	"During"	"PrePostFVTDuring"	-0.510930786498601	0	1.2382811935582	0.679890253040809	1	0.0401750888875316	0.447544913604568	NA	"prevalence"	26	11
"NODE_413_length_12312_cov_8.098638"	"PrePostFVT"	"During"	"PrePostFVTDuring"	-8.86989630947696e-14	0	3.29983183736731	0.999999999999979	1	0.999999999999979	1	NA	"prevalence"	26	3
"NODE_413_length_12312_cov_8.098638"	"PrePostFVT"	"Post"	"PrePostFVTPost"	2.29031496022378	0	2.01359270550436	0.255359773628383	1	0.255359773628383	1	NA	"prevalence"	26	3
"NODE_414_length_12838_cov_6.220840"	"PrePostFVT"	"During"	"PrePostFVTDuring"	17.838493923977	0	1448.15469277036	0.990171837976706	1	0.648492954284263	1	NA	"prevalence"	26	19
"NODE_414_length_12838_cov_6.220840"	"PrePostFVT"	"Post"	"PrePostFVTPost"	0.182341973991506	0	0.953068744136548	0.848274184321125	1	0.0387180228021285	0.440575671232064	NA	"prevalence"	26	19
"NODE_414_length_5262_cov_3.088151"	"PrePostFVT"	"During"	"PrePostFVTDuring"	-12.4508460146351	0	664.45973453804	0.985049874425218	1	0.985049874425218	1	NA	"prevalence"	26	3
"NODE_414_length_5262_cov_3.088151"	"PrePostFVT"	"Post"	"PrePostFVTPost"	0.336655653308623	0	1.32020290043607	0.798720809595145	1	0.798720809595145	1	NA	"prevalence"	26	3
"NODE_415_length_21306_cov_20.049974"	"PrePostFVT"	"During"	"PrePostFVTDuring"	0	0	3.29983790549036	1	1	1	1	NA	"prevalence"	26	5
"NODE_415_length_21306_cov_20.049974"	"PrePostFVT"	"Post"	"PrePostFVTPost"	2.2903150003325	0	2.01359650154802	0.255360661269865	1	0.255360661269865	1	NA	"prevalence"	26	5
"NODE_4157_length_1238_cov_8.467456"	"PrePostFVT"	"During"	"PrePostFVTDuring"	-12.5690257495962	0	760.609063273029	0.986815598621488	1	0.986815598621488	1	NA	"prevalence"	26	2
"NODE_4157_length_1238_cov_8.467456"	"PrePostFVT"	"Post"	"PrePostFVTPost"	-14.2827150092215	0	993.426445704405	0.988529029749308	1	0.988529029749308	1	NA	"prevalence"	26	2
"NODE_4171_length_1046_cov_3.464178"	"PrePostFVT"	"During"	"PrePostFVTDuring"	-15.7968349828716	0	1094.70211678319	0.98848671877559	1	0.98848671877559	1	NA	"prevalence"	26	5
"NODE_4171_length_1046_cov_3.464178"	"PrePostFVT"	"Post"	"PrePostFVTPost"	-1.88707664855021	0	1.27445834449007	0.138689425360583	1	0.138689425360583	0.826573095651732	NA	"prevalence"	26	5
"NODE_419_length_11855_cov_14.191441"	"PrePostFVT"	"During"	"PrePostFVTDuring"	1.13611012400591	0	1.3867328186031	0.412631756395253	1	0.654998546404674	1	NA	"prevalence"	26	16
"NODE_419_length_11855_cov_14.191441"	"PrePostFVT"	"Post"	"PrePostFVTPost"	0.717959912412724	0	0.960569351571872	0.454803060908756	1	0.702760297605538	1	NA	"prevalence"	26	16
"NODE_420_length_8092_cov_8.250467"	"PrePostFVT"	"During"	"PrePostFVTDuring"	0	0	3.2998296956836	1	1	0.853160858042319	1	NA	"prevalence"	26	24
"NODE_423_length_12451_cov_8.742578"	"PrePostFVT"	"During"	"PrePostFVTDuring"	-0.569978455880124	0	1.31183107155246	0.663932116138294	1	0.887058377436715	1	NA	"prevalence"	26	15
"NODE_423_length_12451_cov_8.742578"	"PrePostFVT"	"Post"	"PrePostFVTPost"	-0.193747589056843	0	0.985889856375796	0.844202771722921	1	0.637061269939623	1	NA	"prevalence"	26	15
"NODE_424_length_13454_cov_10.768266"	"PrePostFVT"	"During"	"PrePostFVTDuring"	6.59167373199817	0	13.5364092412918	0.626287521249206	1	0.667662593024268	1	NA	"prevalence"	26	21
"NODE_424_length_5400_cov_8.976052"	"PrePostFVT"	"During"	"PrePostFVTDuring"	13.1765206706924	0	965.437083903417	0.989110615080004	1	0.798246552928052	1	NA	"prevalence"	26	24
"NODE_424_length_5400_cov_8.976052"	"PrePostFVT"	"Post"	"PrePostFVTPost"	0.451764454293874	0	1.49463548772117	0.762455943199132	1	0.889737301255338	1	NA	"prevalence"	26	24
"NODE_4240_length_1184_cov_4.600531"	"PrePostFVT"	"During"	"PrePostFVTDuring"	3.92710063702666e-15	0	1.39855744770499	0.999999999999998	1	0.821625124822964	1	NA	"prevalence"	26	10
"NODE_4240_length_1184_cov_4.600531"	"PrePostFVT"	"Post"	"PrePostFVTPost"	1.38437462530976	0	0.997265816548433	0.165085243395708	1	0.0786859794758807	0.66573404635438	NA	"prevalence"	26	10
"NODE_4258_length_1423_cov_2.616228"	"PrePostFVT"	"During"	"PrePostFVTDuring"	-7.52434042007827e-16	0	1.38282144102793	1	1	1	1	NA	"prevalence"	26	4
"NODE_4258_length_1423_cov_2.616228"	"PrePostFVT"	"Post"	"PrePostFVTPost"	-1.05398513700472	0	1.21169386528574	0.384385437417798	1	0.384385437417798	1	NA	"prevalence"	26	4
"NODE_427_length_16212_cov_30.515318"	"PrePostFVT"	"During"	"PrePostFVTDuring"	12.9558147084078	0	836.114486988855	0.987637062822589	1	0.921718883444495	1	NA	"prevalence"	26	25
"NODE_427_length_16212_cov_30.515318"	"PrePostFVT"	"Post"	"PrePostFVTPost"	13.2988525466771	0	573.570304665985	0.981501834418609	1	0.477396307910321	1	NA	"prevalence"	26	25
"NODE_4270_length_1095_cov_4.632692"	"PrePostFVT"	"During"	"PrePostFVTDuring"	0	0	3.29982850586756	1	1	1	1	NA	"prevalence"	26	5
"NODE_4270_length_1095_cov_4.632692"	"PrePostFVT"	"Post"	"PrePostFVTPost"	2.98380571404982	0	1.99276846591448	0.134310844005702	1	0.134310844005702	0.80912513056522	NA	"prevalence"	26	5
"NODE_4277_length_1095_cov_2.366346"	"PrePostFVT"	"During"	"PrePostFVTDuring"	-13.6779049106345	0	724.077625187174	0.98492877039872	1	0.98492877039872	1	NA	"prevalence"	26	4
"NODE_4277_length_1095_cov_2.366346"	"PrePostFVT"	"Post"	"PrePostFVTPost"	-1.29924626938101	0	1.32573684248486	0.327077121713686	1	0.327077121713686	1	NA	"prevalence"	26	4
"NODE_431_length_12194_cov_8.575912"	"PrePostFVT"	"During"	"PrePostFVTDuring"	1.18334683220673e-13	0	3.29982921975462	0.999999999999971	1	0.997113332978154	1	NA	"prevalence"	26	23
"NODE_431_length_12194_cov_8.575912"	"PrePostFVT"	"Post"	"PrePostFVTPost"	-1.84891755143229	0	2.04207420102846	0.365247403288683	1	0.0297194934391422	0.402602478247864	NA	"prevalence"	26	23
"NODE_431_length_6333_cov_17.949028"	"PrePostFVT"	"During"	"PrePostFVTDuring"	12.5841302887883	0	18.8978019674385	0.505472180601641	1	0.612593645962501	1	NA	"prevalence"	26	24
"NODE_431_length_6333_cov_17.949028"	"PrePostFVT"	"Post"	"PrePostFVTPost"	0.507741675082459	0	1.58934481627756	0.749373148731865	1	0.611385516157855	1	NA	"prevalence"	26	24
"NODE_432_length_17999_cov_36.791239"	"PrePostFVT"	"During"	"PrePostFVTDuring"	17.838493923977	0	1448.15469277036	0.990171837976706	1	0.52105933432669	1	NA	"prevalence"	26	19
"NODE_432_length_17999_cov_36.791239"	"PrePostFVT"	"Post"	"PrePostFVTPost"	0.182341973991506	0	0.953068744136548	0.848274184321125	1	0.0995931373750572	0.722465217374894	NA	"prevalence"	26	19
"NODE_432_length_20945_cov_11.322451"	"PrePostFVT"	"During"	"PrePostFVTDuring"	-15.3145724029116	0	2697.41082168235	0.99547002809823	1	0.99547002809823	1	NA	"prevalence"	26	6
"NODE_432_length_20945_cov_11.322451"	"PrePostFVT"	"Post"	"PrePostFVTPost"	1.60946233259198	0	1.17456508745328	0.170605017191675	1	0.312103962492378	1	NA	"prevalence"	26	6
"NODE_4342_length_1516_cov_5.272416"	"PrePostFVT"	"During"	"PrePostFVTDuring"	0.847285205540763	0	1.5736390610539	0.590284287366533	1	0.590284287366533	1	NA	"prevalence"	26	4
"NODE_4342_length_1516_cov_5.272416"	"PrePostFVT"	"Post"	"PrePostFVTPost"	0.336545830680293	0	1.3202052027524	0.798785403309065	1	0.798785403309065	1	NA	"prevalence"	26	4
"NODE_4372_length_1017_cov_2.721414"	"PrePostFVT"	"During"	"PrePostFVTDuring"	-4.02250249570211e-14	0	16.556690583339	0.999999999999998	1	0.935810202436002	1	NA	"prevalence"	26	25
"NODE_4372_length_1017_cov_2.721414"	"PrePostFVT"	"Post"	"PrePostFVTPost"	-4.23454138694841e-14	0	12.3406153100066	0.999999999999997	1	0.024033504008002	0.353289816495257	NA	"prevalence"	26	25
"NODE_4372_length_1213_cov_2.302245"	"PrePostFVT"	"During"	"PrePostFVTDuring"	-14.2128206588546	0	1235.22492244901	0.99081953437055	1	0.99081953437055	1	NA	"prevalence"	26	2
"NODE_4372_length_1213_cov_2.302245"	"PrePostFVT"	"Post"	"PrePostFVTPost"	-16.0083693026425	0	1057.78319959876	0.987925367729379	1	0.987925367729379	1	NA	"prevalence"	26	2
"NODE_4382_length_1351_cov_5.240741"	"PrePostFVT"	"During"	"PrePostFVTDuring"	12.0800252677744	0	366.3599298597	0.973696033263455	1	0.670686927886533	1	NA	"prevalence"	26	24
"NODE_4382_length_1351_cov_5.240741"	"PrePostFVT"	"Post"	"PrePostFVTPost"	13.8984596280681	0	547.354207629866	0.979742231523711	1	0.355285758246333	1	NA	"prevalence"	26	24
"NODE_4383_length_1318_cov_9.849565"	"PrePostFVT"	"During"	"PrePostFVTDuring"	13.0036620503019	0	568.01649292225	0.981735539194509	1	0.589938687682281	1	NA	"prevalence"	26	23
"NODE_4383_length_1318_cov_9.849565"	"PrePostFVT"	"Post"	"PrePostFVTPost"	1.30270673966106	0	1.34416253657783	0.332466042211644	1	0.247570551628542	1	NA	"prevalence"	26	23
"NODE_44_length_91318_cov_778.137087"	"PrePostFVT"	"During"	"PrePostFVTDuring"	0	0	3.29982797044344	1	1	0.992464608953823	1	NA	"prevalence"	26	25
"NODE_44_length_91318_cov_778.137087"	"PrePostFVT"	"Post"	"PrePostFVTPost"	-1.23632920280552	0	2.11197082530628	0.558284683175974	1	0.469187105842243	1	NA	"prevalence"	26	25
"NODE_440_length_10261_cov_1450.787576"	"PrePostFVT"	"During"	"PrePostFVTDuring"	1.09854699809613	0	1.29097768025528	0.394801628826262	1	0.117475158945739	0.789668925577342	NA	"prevalence"	26	17
"NODE_440_length_10261_cov_1450.787576"	"PrePostFVT"	"Post"	"PrePostFVTPost"	17.0292282281312	0	1094.70291777155	0.98758858674424	1	0.0389806459953239	0.440683796609473	NA	"prevalence"	26	17
"NODE_444_length_12751_cov_9.040013"	"PrePostFVT"	"During"	"PrePostFVTDuring"	1.00525491507406e-14	0	3.29982779197015	0.999999999999998	1	0.969282799387776	1	NA	"prevalence"	26	22
"NODE_444_length_12751_cov_9.040013"	"PrePostFVT"	"Post"	"PrePostFVTPost"	-2.29031496022382	0	2.01359202221958	0.255359612355385	1	0.0117939446170115	0.233332472479739	NA	"prevalence"	26	22
"NODE_445_length_13206_cov_42.964718"	"PrePostFVT"	"During"	"PrePostFVTDuring"	4.58062647013003	0	8.23492358996494	0.578044094338379	1	0.821953213677281	1	NA	"prevalence"	26	21
"NODE_445_length_13206_cov_42.964718"	"PrePostFVT"	"Post"	"PrePostFVTPost"	3.12072217245962e-15	0	1.03069465748179	0.999999999999998	1	0.0497387210358588	0.489724153925488	NA	"prevalence"	26	21
"NODE_446_length_8151_cov_7.545949"	"PrePostFVT"	"During"	"PrePostFVTDuring"	10.1751929385532	0	213.5214076804	0.961991831703952	1	0.913768944143278	1	NA	"prevalence"	26	22
"NODE_450_length_15129_cov_5.661603"	"PrePostFVT"	"During"	"PrePostFVTDuring"	-2.61168687125415e-15	0	1.38282151107579	0.999999999999998	1	0.999999999999998	1	NA	"prevalence"	26	5
"NODE_450_length_15129_cov_5.661603"	"PrePostFVT"	"Post"	"PrePostFVTPost"	-0.441397116756755	0	1.0852837692807	0.684220077922254	1	0.684220077922254	1	NA	"prevalence"	26	5
"NODE_4504_length_1360_cov_3.496552"	"PrePostFVT"	"During"	"PrePostFVTDuring"	1.94587810478463	0	1.46384757662754	0.183752276194278	1	0.333739653381977	1	NA	"prevalence"	26	7
"NODE_4504_length_1360_cov_3.496552"	"PrePostFVT"	"Post"	"PrePostFVTPost"	1.25276760493403	0	1.23201003249801	0.309225485970543	1	0.522830570767367	1	NA	"prevalence"	26	7
"NODE_4518_length_1046_cov_3.288597"	"PrePostFVT"	"During"	"PrePostFVTDuring"	-9.4914593114707	0	151.811589781833	0.950147693021616	1	0.950147693021616	1	NA	"prevalence"	26	4
"NODE_4518_length_1046_cov_3.288597"	"PrePostFVT"	"Post"	"PrePostFVTPost"	0.847705502374778	0	1.26010988202654	0.501123228264984	1	0.501123228264984	1	NA	"prevalence"	26	4
"NODE_453_length_15514_cov_7.051297"	"PrePostFVT"	"Post"	"PrePostFVTPost"	-0.452607473977287	0	1.4945969539102	0.762020093454072	1	0.762020093454072	1	NA	"prevalence"	26	5
"NODE_4544_length_1041_cov_2.966531"	"PrePostFVT"	"During"	"PrePostFVTDuring"	-13.0046570514574	0	873.270759116027	0.98811842551164	1	0.98811842551164	1	NA	"prevalence"	26	2
"NODE_4544_length_1041_cov_2.966531"	"PrePostFVT"	"Post"	"PrePostFVTPost"	-0.452091554687302	0	1.49457867132148	0.762280364681234	1	0.762280364681234	1	NA	"prevalence"	26	2
"NODE_455_length_4871_cov_3.309178"	"PrePostFVT"	"During"	"PrePostFVTDuring"	-12.0267361620219	0	537.832229856224	0.982159590097369	1	0.982159590097369	1	NA	"prevalence"	26	2
"NODE_455_length_4871_cov_3.309178"	"PrePostFVT"	"Post"	"PrePostFVTPost"	-0.452138459703416	0	1.49456978847938	0.762255073780111	1	0.762255073780111	1	NA	"prevalence"	26	2
"NODE_4565_length_1307_cov_2.827476"	"PrePostFVT"	"During"	"PrePostFVTDuring"	-17.1849331491041	0	3353.18948274975	0.995910898299638	1	0.995910898299638	1	NA	"prevalence"	26	8
"NODE_4565_length_1307_cov_2.827476"	"PrePostFVT"	"Post"	"PrePostFVTPost"	-0.182399280037941	0	0.918398672915944	0.842571135941773	1	0.0375713687781889	0.436578714193563	NA	"prevalence"	26	8
"NODE_459_length_10008_cov_349.284035"	"PrePostFVT"	"During"	"PrePostFVTDuring"	14.9396702345183	0	654.747698901009	0.981795891786951	1	0.492467874571559	1	NA	"prevalence"	26	21
"NODE_459_length_10008_cov_349.284035"	"PrePostFVT"	"Post"	"PrePostFVTPost"	18.3556138631004	0	2085.81427227062	0.992978535017989	1	0.082674117434906	0.668263229222505	NA	"prevalence"	26	21
"NODE_4616_length_1165_cov_6.749550"	"PrePostFVT"	"During"	"PrePostFVTDuring"	-12.5690257495962	0	760.609063273029	0.986815598621488	1	0.986815598621488	1	NA	"prevalence"	26	2
"NODE_4616_length_1165_cov_6.749550"	"PrePostFVT"	"Post"	"PrePostFVTPost"	-14.2827150092215	0	993.426445704405	0.988529029749308	1	0.988529029749308	1	NA	"prevalence"	26	2
"NODE_463_length_12161_cov_9.640674"	"PrePostFVT"	"During"	"PrePostFVTDuring"	-1.31375115692118e-16	0	1.44124536491605	1	1	0.735653893971178	1	NA	"prevalence"	26	19
"NODE_463_length_12161_cov_9.640674"	"PrePostFVT"	"Post"	"PrePostFVTPost"	-5.44527865668956e-31	0	1.0742403196623	1	1	0.885037681144732	1	NA	"prevalence"	26	19
"NODE_47_length_35571_cov_46.640585"	"PrePostFVT"	"During"	"PrePostFVTDuring"	13.0167179587695	0	286.09910958919	0.963710980059871	1	0.963710980059871	1	NA	"prevalence"	26	11
"NODE_47_length_35571_cov_46.640585"	"PrePostFVT"	"Post"	"PrePostFVTPost"	16.0724435140125	0	286.108162588738	0.955201512837868	1	0.955201512837868	1	NA	"prevalence"	26	11
"NODE_471_length_10690_cov_5.362482"	"PrePostFVT"	"During"	"PrePostFVTDuring"	-12.0267361620219	0	537.832229856224	0.982159590097369	1	0.982159590097369	1	NA	"prevalence"	26	2
"NODE_471_length_10690_cov_5.362482"	"PrePostFVT"	"Post"	"PrePostFVTPost"	-0.452138459703416	0	1.49456978847938	0.762255073780111	1	0.762255073780111	1	NA	"prevalence"	26	2
"NODE_474_length_13836_cov_8.532327"	"PrePostFVT"	"During"	"PrePostFVTDuring"	14.0302478950572	0	664.459216721851	0.983153689349818	1	0.866404425576976	1	NA	"prevalence"	26	20
"NODE_474_length_13836_cov_8.532327"	"PrePostFVT"	"Post"	"PrePostFVTPost"	1.09868887445022	0	1.06457977367227	0.302053394943093	1	0.512870536489538	1	NA	"prevalence"	26	20
"NODE_475_length_11718_cov_5.183058"	"PrePostFVT"	"During"	"PrePostFVTDuring"	0	0	3.29983261075301	1	1	1	1	NA	"prevalence"	26	2
"NODE_475_length_11718_cov_5.183058"	"PrePostFVT"	"Post"	"PrePostFVTPost"	1.23632920280552	0	2.11197448114925	0.558285364372814	1	0.558285364372814	1	NA	"prevalence"	26	2
"NODE_476_length_10574_cov_8.492252"	"PrePostFVT"	"During"	"PrePostFVTDuring"	-12.3825236616822	0	207.056611263113	0.952312854934957	1	0.952312854934957	1	NA	"prevalence"	26	3
"NODE_476_length_10574_cov_8.492252"	"PrePostFVT"	"Post"	"PrePostFVTPost"	-14.1081720348625	0	123.634750347457	0.909149244386355	1	0.909149244386355	1	NA	"prevalence"	26	3
"NODE_477_length_15190_cov_11.631913"	"PrePostFVT"	"During"	"PrePostFVTDuring"	1.17233532859862	0	1.37287730319465	0.39314611170267	1	0.631728358258412	1	NA	"prevalence"	26	16
"NODE_477_length_15190_cov_11.631913"	"PrePostFVT"	"Post"	"PrePostFVTPost"	0.714004714874849	0	0.93683107952606	0.445971179773535	1	0.0690102230053719	0.609645322680093	NA	"prevalence"	26	16
"NODE_4799_length_1286_cov_2.965881"	"PrePostFVT"	"During"	"PrePostFVTDuring"	-11.4700177629771	0	405.565815057493	0.97743761950377	1	0.97743761950377	1	NA	"prevalence"	26	3
"NODE_4799_length_1286_cov_2.965881"	"PrePostFVT"	"Post"	"PrePostFVTPost"	0.336414236732819	0	1.32017143549433	0.798857358075517	1	0.798857358075517	1	NA	"prevalence"	26	3
"NODE_48_length_29548_cov_16476.712644"	"PrePostFVT"	"During"	"PrePostFVTDuring"	1.0055218563178	0	1.33221345440303	0.450383795596167	1	0.697922027856725	1	NA	"prevalence"	26	19
"NODE_48_length_29548_cov_16476.712644"	"PrePostFVT"	"Post"	"PrePostFVTPost"	1.4469188984323	0	1.02001879102179	0.156038476673571	1	0.287728947144534	1	NA	"prevalence"	26	19
"NODE_4819_length_1553_cov_13.226969"	"PrePostFVT"	"During"	"PrePostFVTDuring"	0	0	3.29982963619267	1	1	0.587445915530892	1	NA	"prevalence"	26	25
"NODE_4819_length_1553_cov_13.226969"	"PrePostFVT"	"Post"	"PrePostFVTPost"	-1.23632920280552	0	2.11197186119777	0.55828487619486	1	0.550249996195509	1	NA	"prevalence"	26	25
"NODE_482_length_6261_cov_4.535127"	"PrePostFVT"	"During"	"PrePostFVTDuring"	14.0302478950572	0	664.459216721851	0.983153689349818	1	0.802065658570548	1	NA	"prevalence"	26	20
"NODE_482_length_6261_cov_4.535127"	"PrePostFVT"	"Post"	"PrePostFVTPost"	1.09868887445022	0	1.06457977367227	0.302053394943093	1	0.512870536489538	1	NA	"prevalence"	26	20
"NODE_483_length_7947_cov_8.551191"	"PrePostFVT"	"During"	"PrePostFVTDuring"	0	0	3.2998296956836	1	1	0.901702921591241	1	NA	"prevalence"	26	25
"NODE_484_length_5956_cov_60.701745"	"PrePostFVT"	"During"	"PrePostFVTDuring"	1.17233532776381	0	1.37287879875285	0.39314662749377	1	0.420020092097433	1	NA	"prevalence"	26	15
"NODE_484_length_5956_cov_60.701745"	"PrePostFVT"	"Post"	"PrePostFVTPost"	-1.71820230001512e-16	0	0.91287108334108	1	1	0.300184604060664	1	NA	"prevalence"	26	15
"NODE_486_length_8815_cov_3.911872"	"PrePostFVT"	"During"	"PrePostFVTDuring"	1.17233532859862	0	1.37287730319465	0.39314611170267	1	0.482731226431012	1	NA	"prevalence"	26	17
"NODE_486_length_8815_cov_3.911872"	"PrePostFVT"	"Post"	"PrePostFVTPost"	0.714004714874849	0	0.93683107952606	0.445971179773535	1	0.561649719388883	1	NA	"prevalence"	26	17
"NODE_4865_length_1122_cov_8.839738"	"PrePostFVT"	"During"	"PrePostFVTDuring"	-0.587737071311519	0	1.36625594513528	0.667064129686855	1	0.842309762866694	1	NA	"prevalence"	26	10
"NODE_4865_length_1122_cov_8.839738"	"PrePostFVT"	"Post"	"PrePostFVTPost"	0.510856082910029	0	0.930951436341148	0.583179621319824	1	0.0139344580150862	0.258083951109203	NA	"prevalence"	26	10
"NODE_488_length_15615_cov_8.245694"	"PrePostFVT"	"During"	"PrePostFVTDuring"	0.51082103118477	0	1.23827824680185	0.679954484542642	1	0.576919555065302	1	NA	"prevalence"	26	7
"NODE_488_length_15615_cov_8.245694"	"PrePostFVT"	"Post"	"PrePostFVTPost"	-1.09858066763129	0	1.06457369297638	0.302098249689518	1	0.479629508287444	1	NA	"prevalence"	26	7
"NODE_491_length_7982_cov_27.348808"	"PrePostFVT"	"During"	"PrePostFVTDuring"	0	0	1.38282126590777	1	1	0.0806677792348457	0.668263229222505	NA	"prevalence"	26	8
"NODE_491_length_7982_cov_27.348808"	"PrePostFVT"	"Post"	"PrePostFVTPost"	0.365484510295223	0	1.00302108968369	0.715571524597223	1	0.273379048354947	1	NA	"prevalence"	26	8
"NODE_492_length_8732_cov_6.818716"	"PrePostFVT"	"During"	"PrePostFVTDuring"	-4.02250249570211e-14	0	16.556690583339	0.999999999999998	1	0.613144344747435	1	NA	"prevalence"	26	25
"NODE_493_length_18317_cov_24.839010"	"PrePostFVT"	"During"	"PrePostFVTDuring"	11.730888405003	0	308.748733589799	0.96969171951805	1	0.998090404920734	1	NA	"prevalence"	26	21
"NODE_493_length_18317_cov_24.839010"	"PrePostFVT"	"Post"	"PrePostFVTPost"	0.510861137283849	0	1.12546596035247	0.649893040892184	1	0.877425117184278	1	NA	"prevalence"	26	21
"NODE_498_length_18150_cov_25.040951|provirus_5737_18148"	"PrePostFVT"	"During"	"PrePostFVTDuring"	-2.80481406866764e-06	0	1.33368128196807	0.999998321999513	1	0.913371082895296	1	NA	"prevalence"	26	14
"NODE_498_length_18150_cov_25.040951|provirus_5737_18148"	"PrePostFVT"	"Post"	"PrePostFVTPost"	0.399814804086888	0	1.00127786011776	0.689668815864688	1	0.702906056202462	1	NA	"prevalence"	26	14
"NODE_499_length_7571_cov_37.322113"	"PrePostFVT"	"During"	"PrePostFVTDuring"	0	0	3.2998296956836	1	1	0.925853668196623	1	NA	"prevalence"	26	24
"NODE_499_length_7571_cov_37.322113"	"PrePostFVT"	"Post"	"PrePostFVTPost"	-1.23632920280551	0	2.11197231441812	0.558284960643895	1	0.020130350572387	0.31646672073525	NA	"prevalence"	26	24
"NODE_502_length_7518_cov_18.659654"	"PrePostFVT"	"During"	"PrePostFVTDuring"	0	0	3.2998296956836	1	1	0.98095444285737	1	NA	"prevalence"	26	24
"NODE_502_length_7518_cov_18.659654"	"PrePostFVT"	"Post"	"PrePostFVTPost"	-1.23632920280551	0	2.11197231441812	0.558284960643895	1	0.0308405779699093	0.404180113044339	NA	"prevalence"	26	24
"NODE_502_length_9921_cov_9.503953"	"PrePostFVT"	"During"	"PrePostFVTDuring"	-14.0384716696251	0	525.566411595369	0.978690137474474	1	0.978690137474474	1	NA	"prevalence"	26	5
"NODE_502_length_9921_cov_9.503953"	"PrePostFVT"	"Post"	"PrePostFVTPost"	-13.7025175861289	0	262.912947692017	0.958434608165217	1	0.958434608165217	1	NA	"prevalence"	26	5
"NODE_5027_length_1271_cov_3.500822"	"PrePostFVT"	"During"	"PrePostFVTDuring"	-1.17233531697506	0	1.37287736366883	0.393146137236953	1	0.631728389249569	1	NA	"prevalence"	26	10
"NODE_5027_length_1271_cov_3.500822"	"PrePostFVT"	"Post"	"PrePostFVTPost"	-0.33901390685823	0	0.918151580853328	0.711952401184787	1	0.750658811636727	1	NA	"prevalence"	26	10
"NODE_504_length_3999_cov_6.731237"	"PrePostFVT"	"During"	"PrePostFVTDuring"	12.3632376671644	0	655.915071524705	0.984961692738242	1	0.720213269186143	1	NA	"prevalence"	26	24
"NODE_504_length_3999_cov_6.731237"	"PrePostFVT"	"Post"	"PrePostFVTPost"	14.0120484847607	0	965.48040605322	0.988420681949382	1	0.586415190165934	1	NA	"prevalence"	26	24
"NODE_504_length_4677_cov_196.953700"	"PrePostFVT"	"During"	"PrePostFVTDuring"	13.3413360059656	0	591.207047856342	0.981996252125094	1	0.699042892393595	1	NA	"prevalence"	26	21
"NODE_504_length_4677_cov_196.953700"	"PrePostFVT"	"Post"	"PrePostFVTPost"	0.510839098175581	0	1.12546180722982	0.649905930257979	1	0.396968400642157	1	NA	"prevalence"	26	21
"NODE_504_length_8678_cov_23.069813"	"PrePostFVT"	"During"	"PrePostFVTDuring"	-4.02250249570211e-14	0	16.556690583339	0.999999999999998	1	0.954134274443711	1	NA	"prevalence"	26	25
"NODE_504_length_8678_cov_23.069813"	"PrePostFVT"	"Post"	"PrePostFVTPost"	-4.23454138694841e-14	0	12.3406153100066	0.999999999999997	1	0.0889183579042042	0.697328203203691	NA	"prevalence"	26	25
"NODE_506_length_14593_cov_7.901087"	"PrePostFVT"	"During"	"PrePostFVTDuring"	1.94587810478463	0	1.46384757662754	0.183752276194278	1	0.169785639948432	0.933001624112053	NA	"prevalence"	26	7
"NODE_506_length_14593_cov_7.901087"	"PrePostFVT"	"Post"	"PrePostFVTPost"	1.25276760493403	0	1.23201003249801	0.309225485970543	1	0.522830570767367	1	NA	"prevalence"	26	7
"NODE_5114_length_1045_cov_6.445455"	"PrePostFVT"	"During"	"PrePostFVTDuring"	-12.5690257495962	0	760.609063273029	0.986815598621488	1	0.986815598621488	1	NA	"prevalence"	26	2
"NODE_5114_length_1045_cov_6.445455"	"PrePostFVT"	"Post"	"PrePostFVTPost"	-14.2827150092215	0	993.426445704405	0.988529029749308	1	0.988529029749308	1	NA	"prevalence"	26	2
"NODE_512_length_17379_cov_48.317017"	"PrePostFVT"	"During"	"PrePostFVTDuring"	0	0	3.29983278922643	1	1	1	1	NA	"prevalence"	26	5
"NODE_512_length_17379_cov_48.317017"	"PrePostFVT"	"Post"	"PrePostFVTPost"	2.98380576453732	0	1.99277232287737	0.134311591132207	1	0.134311591132207	0.80912513056522	NA	"prevalence"	26	5
"NODE_515_length_15976_cov_64.566108|provirus_96_3676"	"PrePostFVT"	"During"	"PrePostFVTDuring"	-4.58062996108516	0	8.23498889324954	0.578046819605694	1	0.578046819605694	1	NA	"prevalence"	26	7
"NODE_515_length_15976_cov_64.566108|provirus_96_3676"	"PrePostFVT"	"Post"	"PrePostFVTPost"	-3.58668282226417e-15	0	1.03069426068035	0.999999999999997	1	0.144725854831721	0.842701382147246	NA	"prevalence"	26	7
"NODE_515_length_5801_cov_5.203098"	"PrePostFVT"	"During"	"PrePostFVTDuring"	0.602408639968027	0	1.38473865912399	0.663537621601122	1	0.88679306792217	1	NA	"prevalence"	26	16
"NODE_515_length_5801_cov_5.203098"	"PrePostFVT"	"Post"	"PrePostFVTPost"	-0.179729799512598	0	0.949863816474533	0.84992322467234	1	0.829388363597468	1	NA	"prevalence"	26	16
"NODE_516_length_24243_cov_6.742434"	"PrePostFVT"	"During"	"PrePostFVTDuring"	1.94587810478463	0	1.46384757662754	0.183752276194278	1	0.298815346093899	1	NA	"prevalence"	26	7
"NODE_516_length_24243_cov_6.742434"	"PrePostFVT"	"Post"	"PrePostFVTPost"	1.25276760493403	0	1.23201003249801	0.309225485970543	1	0.522830570767367	1	NA	"prevalence"	26	7
"NODE_518_length_7351_cov_49.470943"	"PrePostFVT"	"During"	"PrePostFVTDuring"	-12.6013736533223	0	774.072175264143	0.987011550443147	1	0.987011550443147	1	NA	"prevalence"	26	4
"NODE_518_length_7351_cov_49.470943"	"PrePostFVT"	"Post"	"PrePostFVTPost"	0.336492831980155	0	1.3201842275017	0.798813282160681	1	0.798813282160681	1	NA	"prevalence"	26	4
"NODE_519_length_8255_cov_36.759024"	"PrePostFVT"	"During"	"PrePostFVTDuring"	-2.91303535639886e-15	0	1.38282166868379	0.999999999999998	1	0.999999999999998	1	NA	"prevalence"	26	5
"NODE_519_length_8255_cov_36.759024"	"PrePostFVT"	"Post"	"PrePostFVTPost"	-0.441397116756755	0	1.0852834358243	0.684219986130657	1	0.684219986130657	1	NA	"prevalence"	26	5
"NODE_52_length_84715_cov_387.896220"	"PrePostFVT"	"During"	"PrePostFVTDuring"	0	0	3.29982797044344	1	1	0.838057243792882	1	NA	"prevalence"	26	25
"NODE_52_length_84715_cov_387.896220"	"PrePostFVT"	"Post"	"PrePostFVTPost"	-1.23632920280552	0	2.11197082530628	0.558284683175974	1	0.00800635360256705	0.178705918231657	NA	"prevalence"	26	25
"NODE_520_length_9259_cov_14.997827"	"PrePostFVT"	"During"	"PrePostFVTDuring"	-14.0384716696251	0	525.566411595369	0.978690137474474	1	0.978690137474474	1	NA	"prevalence"	26	5
"NODE_520_length_9259_cov_14.997827"	"PrePostFVT"	"Post"	"PrePostFVTPost"	-13.7025175861289	0	262.912947692017	0.958434608165217	1	0.958434608165217	1	NA	"prevalence"	26	5
"NODE_530_length_12000_cov_40.575303"	"PrePostFVT"	"During"	"PrePostFVTDuring"	6.59167306343819	0	13.5367047508734	0.626295089808072	1	0.345710113700999	1	NA	"prevalence"	26	18
"NODE_530_length_12000_cov_40.575303"	"PrePostFVT"	"Post"	"PrePostFVTPost"	0.640037355080195	0	0.932015227248255	0.492256582035347	1	0.190301252671881	0.94344113184402	NA	"prevalence"	26	18
"NODE_530_length_12411_cov_6.230091"	"PrePostFVT"	"During"	"PrePostFVTDuring"	2.19709173019666	0	1.41418122359952	0.120276520748661	1	0.226086600053919	1	NA	"prevalence"	26	6
"NODE_530_length_12411_cov_6.230091"	"PrePostFVT"	"Post"	"PrePostFVTPost"	-1.29924880353347	0	1.32572417601684	0.327071556296575	1	0.547167309654886	1	NA	"prevalence"	26	6
"NODE_535_length_9302_cov_18.873472"	"PrePostFVT"	"During"	"PrePostFVTDuring"	1.18334683220673e-13	0	3.29982921975462	0.999999999999971	1	0.996824135547462	1	NA	"prevalence"	26	23
"NODE_535_length_9302_cov_18.873472"	"PrePostFVT"	"Post"	"PrePostFVTPost"	-1.84891755143229	0	2.04207420102846	0.365247403288683	1	0.0222398232131041	0.336691584469689	NA	"prevalence"	26	23
"NODE_5373_length_1043_cov_4.048583"	"PrePostFVT"	"During"	"PrePostFVTDuring"	-11.9243353578556	0	334.437963304571	0.971557572259654	1	0.971557572259654	1	NA	"prevalence"	26	3
"NODE_5373_length_1043_cov_4.048583"	"PrePostFVT"	"Post"	"PrePostFVTPost"	-13.4900591391619	0	429.37829307133	0.974936461330264	1	0.974936461330264	1	NA	"prevalence"	26	3
"NODE_540_length_11002_cov_8.996894"	"PrePostFVT"	"During"	"PrePostFVTDuring"	-12.9593325319216	0	1024.00105449988	0.989902573547481	1	0.989902573547481	1	NA	"prevalence"	26	6
"NODE_540_length_11002_cov_8.996894"	"PrePostFVT"	"Post"	"PrePostFVTPost"	1.60902171028298	0	1.21865423628461	0.18672596921015	1	0.33858535084283	1	NA	"prevalence"	26	6
"NODE_543_length_4816_cov_8.005881"	"PrePostFVT"	"During"	"PrePostFVTDuring"	12.3632376671644	0	655.915071524705	0.984961692738242	1	0.788389610888177	1	NA	"prevalence"	26	24
"NODE_543_length_4816_cov_8.005881"	"PrePostFVT"	"Post"	"PrePostFVTPost"	14.0120484847607	0	965.48040605322	0.988420681949382	1	0.450670342527751	1	NA	"prevalence"	26	24
"NODE_5433_length_1204_cov_4.010444"	"PrePostFVT"	"During"	"PrePostFVTDuring"	0.847294518768184	0	1.57359754652078	0.590270398033636	1	0.590270398033636	1	NA	"prevalence"	26	4
"NODE_5433_length_1204_cov_4.010444"	"PrePostFVT"	"Post"	"PrePostFVTPost"	-0.451984330269222	0	1.49458500994653	0.762336025108892	1	0.762336025108892	1	NA	"prevalence"	26	4
"NODE_545_length_14235_cov_14.402257"	"PrePostFVT"	"During"	"PrePostFVTDuring"	2.74537052412578e-15	0	1.38282196638813	0.999999999999998	1	0.999691321716303	1	NA	"prevalence"	26	20
"NODE_545_length_14235_cov_14.402257"	"PrePostFVT"	"Post"	"PrePostFVTPost"	0.44139698913544	0	1.08528319696287	0.684220006756054	1	0.517897711759949	1	NA	"prevalence"	26	20
"NODE_545_length_3550_cov_3.934478"	"PrePostFVT"	"During"	"PrePostFVTDuring"	1.09865205092789	0	1.29099684957569	0.394763444159561	1	0.633688711474403	1	NA	"prevalence"	26	10
"NODE_545_length_3550_cov_3.934478"	"PrePostFVT"	"Post"	"PrePostFVTPost"	1.09863122616055	0	1.00000343060668	0.271930596251953	1	0.415922245385219	1	NA	"prevalence"	26	10
"NODE_546_length_8041_cov_7.521913"	"PrePostFVT"	"During"	"PrePostFVTDuring"	0	0	3.2998296956836	1	1	0.993075297373634	1	NA	"prevalence"	26	24
"NODE_546_length_8041_cov_7.521913"	"PrePostFVT"	"Post"	"PrePostFVTPost"	-1.23632920280551	0	2.11197231441812	0.558284960643895	1	0.0381160049152335	0.436578714193563	NA	"prevalence"	26	24
"NODE_548_length_8007_cov_11.081992"	"PrePostFVT"	"During"	"PrePostFVTDuring"	12.3632376671644	0	655.915071524705	0.984961692738242	1	0.530478786925337	1	NA	"prevalence"	26	25
"NODE_548_length_8007_cov_11.081992"	"PrePostFVT"	"Post"	"PrePostFVTPost"	14.0120484847607	0	965.48040605322	0.988420681949382	1	0.523984424010463	1	NA	"prevalence"	26	25
"NODE_55_length_89827_cov_97.896738"	"PrePostFVT"	"During"	"PrePostFVTDuring"	0.510790108106418	0	1.2382783721672	0.679972815239251	1	0.89758260101411	1	NA	"prevalence"	26	9
"NODE_55_length_89827_cov_97.896738"	"PrePostFVT"	"Post"	"PrePostFVTPost"	-0.182311439402813	0	0.953065603184157	0.848298789695942	1	0.59608065590182	1	NA	"prevalence"	26	9
"NODE_550_length_6952_cov_55.107293"	"PrePostFVT"	"During"	"PrePostFVTDuring"	-1.13419721121968	0	1.38465378141959	0.412718114560902	1	0.655099987035098	1	NA	"prevalence"	26	11
"NODE_550_length_6952_cov_55.107293"	"PrePostFVT"	"Post"	"PrePostFVTPost"	-0.716686067856965	0	0.958811498878907	0.454777868076882	1	0.401230652987587	1	NA	"prevalence"	26	11
"NODE_553_length_7537_cov_19.611868"	"PrePostFVT"	"During"	"PrePostFVTDuring"	13.3914585910432	0	1182.41410639216	0.990963732939656	1	0.818798600970689	1	NA	"prevalence"	26	23
"NODE_553_length_7537_cov_19.611868"	"PrePostFVT"	"Post"	"PrePostFVTPost"	-0.336431105935089	0	1.32016047082607	0.798845853572313	1	0.270463747471358	1	NA	"prevalence"	26	23
"NODE_554_length_7991_cov_8.091482"	"PrePostFVT"	"During"	"PrePostFVTDuring"	-4.02250249570211e-14	0	16.556690583339	0.999999999999998	1	0.962059620115634	1	NA	"prevalence"	26	25
"NODE_555_length_13052_cov_9.809264"	"PrePostFVT"	"During"	"PrePostFVTDuring"	11.730888405003	0	308.748733589799	0.96969171951805	1	0.981458546619844	1	NA	"prevalence"	26	21
"NODE_555_length_13052_cov_9.809264"	"PrePostFVT"	"Post"	"PrePostFVTPost"	0.510861137283849	0	1.12546596035247	0.649893040892184	1	0.877425117184278	1	NA	"prevalence"	26	21
"NODE_5616_length_1009_cov_7.381551"	"PrePostFVT"	"During"	"PrePostFVTDuring"	-13.0046570514574	0	873.270759116027	0.98811842551164	1	0.98811842551164	1	NA	"prevalence"	26	2
"NODE_5616_length_1009_cov_7.381551"	"PrePostFVT"	"Post"	"PrePostFVTPost"	-0.452091554687302	0	1.49457867132148	0.762280364681234	1	0.762280364681234	1	NA	"prevalence"	26	2
"NODE_562_length_6184_cov_8.894926"	"PrePostFVT"	"During"	"PrePostFVTDuring"	7.90880043635654e-14	0	3.2998294577195	0.999999999999981	1	0.810805725420824	1	NA	"prevalence"	26	23
"NODE_566_length_3670_cov_6.032365"	"PrePostFVT"	"During"	"PrePostFVTDuring"	-4.02250249570211e-14	0	16.556690583339	0.999999999999998	1	0.630870424798306	1	NA	"prevalence"	26	25
"NODE_566_length_3670_cov_6.032365"	"PrePostFVT"	"Post"	"PrePostFVTPost"	-4.23454138694841e-14	0	12.3406153100066	0.999999999999997	1	0.398628190764475	1	NA	"prevalence"	26	25
"NODE_570_length_4207_cov_5.436175"	"PrePostFVT"	"During"	"PrePostFVTDuring"	-7.84933577142152e-14	0	3.29982695909517	0.999999999999981	1	0.999999999999981	1	NA	"prevalence"	26	3
"NODE_570_length_4207_cov_5.436175"	"PrePostFVT"	"Post"	"PrePostFVTPost"	1.84891755143231	0	2.04207397161045	0.365247349420622	1	0.365247349420622	1	NA	"prevalence"	26	3
"NODE_570_length_6989_cov_7.928613"	"PrePostFVT"	"During"	"PrePostFVTDuring"	-4.02250249570211e-14	0	16.556690583339	0.999999999999998	1	0.976863222285725	1	NA	"prevalence"	26	25
"NODE_570_length_6989_cov_7.928613"	"PrePostFVT"	"Post"	"PrePostFVTPost"	-4.23454138694841e-14	0	12.3406153100066	0.999999999999997	1	0.0192720349202196	0.31646672073525	NA	"prevalence"	26	25
"NODE_5801_length_1157_cov_3.646098"	"PrePostFVT"	"During"	"PrePostFVTDuring"	-0.587501781478078	0	1.36643813928487	0.667231106063612	1	0.667231106063612	1	NA	"prevalence"	26	5
"NODE_5801_length_1157_cov_3.646098"	"PrePostFVT"	"Post"	"PrePostFVTPost"	-14.6850701981552	0	557.395409600336	0.978981464048502	1	0.978981464048502	1	NA	"prevalence"	26	5
"NODE_581_length_3648_cov_8.794044"	"PrePostFVT"	"During"	"PrePostFVTDuring"	0.847773702111125	0	1.57363646860883	0.590069430689603	1	0.590069430689603	1	NA	"prevalence"	26	2
"NODE_581_length_3648_cov_8.794044"	"PrePostFVT"	"Post"	"PrePostFVTPost"	-12.9451524251414	0	493.101563516887	0.97905593547766	1	0.97905593547766	1	NA	"prevalence"	26	2
"NODE_583_length_6725_cov_4.753823"	"PrePostFVT"	"During"	"PrePostFVTDuring"	-1.87403927771044	0	1.51120844980036	0.214940934763711	1	0.383682264090324	1	NA	"prevalence"	26	14
"NODE_583_length_6725_cov_4.753823"	"PrePostFVT"	"Post"	"PrePostFVTPost"	-0.599241105576666	0	1.01538556804348	0.555082621340143	1	0.132078038883131	0.80912513056522	NA	"prevalence"	26	14
"NODE_584_length_6871_cov_8.615170"	"PrePostFVT"	"During"	"PrePostFVTDuring"	12.5841302887883	0	18.8978019674385	0.505472180601641	1	0.73832463634868	1	NA	"prevalence"	26	24
"NODE_584_length_6871_cov_8.615170"	"PrePostFVT"	"Post"	"PrePostFVTPost"	0.507741675082459	0	1.58934481627756	0.749373148731865	1	0.653897871606512	1	NA	"prevalence"	26	24
"NODE_585_length_6652_cov_6.207367"	"PrePostFVT"	"During"	"PrePostFVTDuring"	14.2797139447697	0	482.721657326689	0.976400682194351	1	0.463485991814487	1	NA	"prevalence"	26	21
"NODE_585_length_6652_cov_6.207367"	"PrePostFVT"	"Post"	"PrePostFVTPost"	15.3009348989345	0	482.721800234542	0.97471351883469	1	0.0523717476420172	0.504535509526523	NA	"prevalence"	26	21
"NODE_586_length_4007_cov_10.183451"	"PrePostFVT"	"During"	"PrePostFVTDuring"	0	0	3.2998296956836	1	1	0.973789364994357	1	NA	"prevalence"	26	24
"NODE_586_length_4007_cov_10.183451"	"PrePostFVT"	"Post"	"PrePostFVTPost"	-1.23632920280551	0	2.11197231441812	0.558284960643895	1	0.273362134592101	1	NA	"prevalence"	26	24
"NODE_590_length_6739_cov_4.358767"	"PrePostFVT"	"During"	"PrePostFVTDuring"	7.90880043635654e-14	0	3.2998294577195	0.999999999999981	1	0.79191726714534	1	NA	"prevalence"	26	23
"NODE_598_length_6854_cov_9.988381"	"PrePostFVT"	"During"	"PrePostFVTDuring"	-2.80481406866764e-06	0	1.33368128196807	0.999998321999513	1	0.705961290869443	1	NA	"prevalence"	26	14
"NODE_598_length_6854_cov_9.988381"	"PrePostFVT"	"Post"	"PrePostFVTPost"	0.399814804086888	0	1.00127786011776	0.689668815864688	1	0.683469583228571	1	NA	"prevalence"	26	14
"NODE_599_length_6553_cov_10.773161"	"PrePostFVT"	"During"	"PrePostFVTDuring"	10.787883499729	0	288.195724371276	0.970140167738318	1	0.199085132467911	0.963376763398887	NA	"prevalence"	26	25
"NODE_599_length_6553_cov_10.773161"	"PrePostFVT"	"Post"	"PrePostFVTPost"	11.9922202912448	0	301.145927542578	0.968235070657541	1	0.00770098999592427	0.178705918231657	NA	"prevalence"	26	25
"NODE_5997_length_1100_cov_2.450718"	"PrePostFVT"	"During"	"PrePostFVTDuring"	-11.4699625411951	0	394.139078489542	0.976783792965556	1	0.976783792965556	1	NA	"prevalence"	26	3
"NODE_5997_length_1100_cov_2.450718"	"PrePostFVT"	"Post"	"PrePostFVTPost"	0.338632357022	0	1.32059251540434	0.797623024174982	1	0.797623024174982	1	NA	"prevalence"	26	3
"NODE_60_length_70157_cov_14.317295|provirus_6729_54193"	"PrePostFVT"	"During"	"PrePostFVTDuring"	-12.3825236616822	0	207.056611263113	0.952312854934957	1	0.952312854934957	1	NA	"prevalence"	26	3
"NODE_60_length_70157_cov_14.317295|provirus_6729_54193"	"PrePostFVT"	"Post"	"PrePostFVTPost"	-14.1081720348625	0	123.634750347457	0.909149244386355	1	0.909149244386355	1	NA	"prevalence"	26	3
"NODE_607_length_4805_cov_7.701895"	"PrePostFVT"	"During"	"PrePostFVTDuring"	13.1765206706924	0	965.437083903417	0.989110615080004	1	0.713332462347799	1	NA	"prevalence"	26	23
"NODE_607_length_4805_cov_7.701895"	"PrePostFVT"	"Post"	"PrePostFVTPost"	0.451764454293874	0	1.49463548772117	0.762455943199132	1	0.368910862052847	1	NA	"prevalence"	26	23
"NODE_608_length_12965_cov_13.707514"	"PrePostFVT"	"During"	"PrePostFVTDuring"	0.847776407523857	0	1.57363631133148	0.590068207093377	1	0.590068207093377	1	NA	"prevalence"	26	2
"NODE_608_length_12965_cov_13.707514"	"PrePostFVT"	"Post"	"PrePostFVTPost"	-12.9451592658629	0	493.101555298488	0.979055924063556	1	0.979055924063556	1	NA	"prevalence"	26	2
"NODE_613_length_17805_cov_53.621634"	"PrePostFVT"	"During"	"PrePostFVTDuring"	-0.587768894200502	0	1.36625718598231	0.66704747201721	1	0.889142614109869	1	NA	"prevalence"	26	11
"NODE_613_length_17805_cov_53.621634"	"PrePostFVT"	"Post"	"PrePostFVTPost"	0.174361162779604	0	0.936050921166492	0.852230554497706	1	0.978164190975944	1	NA	"prevalence"	26	11
"NODE_615_length_9933_cov_5.439664"	"PrePostFVT"	"During"	"PrePostFVTDuring"	12.3632376671644	0	655.915071524705	0.984961692738242	1	0.216950878022834	1	NA	"prevalence"	26	25
"NODE_615_length_9933_cov_5.439664"	"PrePostFVT"	"Post"	"PrePostFVTPost"	14.0120484847607	0	965.48040605322	0.988420681949382	1	0.0321303885735659	0.406226972415001	NA	"prevalence"	26	25
"NODE_619_length_11199_cov_10.410266"	"PrePostFVT"	"During"	"PrePostFVTDuring"	-11.7948717224225	0	469.844514450227	0.97997218785025	1	0.97997218785025	1	NA	"prevalence"	26	4
"NODE_619_length_11199_cov_10.410266"	"PrePostFVT"	"Post"	"PrePostFVTPost"	0.847160983427735	0	1.25984465549518	0.501308149859023	1	0.501308149859023	1	NA	"prevalence"	26	4
"NODE_620_length_4093_cov_9.471521"	"PrePostFVT"	"During"	"PrePostFVTDuring"	12.4990677901505	0	24.1620724592521	0.604945953695814	1	0.776550746148831	1	NA	"prevalence"	26	23
"NODE_620_length_4093_cov_9.471521"	"PrePostFVT"	"Post"	"PrePostFVTPost"	0.507735613788287	0	1.58612057778604	0.748883723924521	1	0.936940615889984	1	NA	"prevalence"	26	23
"NODE_621_length_7036_cov_14.523277"	"PrePostFVT"	"During"	"PrePostFVTDuring"	-2.80820493845808e-06	0	1.33367941240607	0.999998319968545	1	0.99742671512077	1	NA	"prevalence"	26	14
"NODE_621_length_7036_cov_14.523277"	"PrePostFVT"	"Post"	"PrePostFVTPost"	0.39981483063998	0	1.00127710416201	0.689668574219128	1	0.746314739962385	1	NA	"prevalence"	26	14
"NODE_622_length_8361_cov_13.566458"	"PrePostFVT"	"During"	"PrePostFVTDuring"	6.59167062753342	0	13.5378876962007	0.626325371774831	1	0.860367272220782	1	NA	"prevalence"	26	19
"NODE_622_length_8361_cov_13.566458"	"PrePostFVT"	"Post"	"PrePostFVTPost"	1.4469187420685	0	1.02002026707036	0.156039120254057	1	0.287730033458454	1	NA	"prevalence"	26	19
"NODE_627_length_6108_cov_41.545845"	"PrePostFVT"	"During"	"PrePostFVTDuring"	9.98548466726319e-15	0	1.38282137097961	0.999999999999994	1	0.0380357394432128	0.436578714193563	NA	"prevalence"	26	9
"NODE_627_length_6108_cov_41.545845"	"PrePostFVT"	"Post"	"PrePostFVTPost"	0.365484504446977	0	1.00302053011013	0.715571377170596	1	0.049494170394437	0.489724153925488	NA	"prevalence"	26	9
"NODE_629_length_6314_cov_5.957182"	"PrePostFVT"	"During"	"PrePostFVTDuring"	-1.60943624132486	0	1.36625997803624	0.238801862280895	1	0.420577395132966	1	NA	"prevalence"	26	13
"NODE_629_length_6314_cov_5.957182"	"PrePostFVT"	"Post"	"PrePostFVTPost"	-0.510825731722664	0	0.930949874067278	0.5832013664381	1	0.826278899060933	1	NA	"prevalence"	26	13
"NODE_63_length_110474_cov_16.315109|provirus_110_26744"	"PrePostFVT"	"During"	"PrePostFVTDuring"	0.587851491770354	0	1.3662739202347	0.667007332617678	1	0.889115883469606	1	NA	"prevalence"	26	18
"NODE_63_length_110474_cov_16.315109|provirus_110_26744"	"PrePostFVT"	"Post"	"PrePostFVTPost"	0.587785346822765	0	0.988824905768843	0.552225793757202	1	0.799498260223633	1	NA	"prevalence"	26	18
"NODE_631_length_10280_cov_5.833154"	"PrePostFVT"	"During"	"PrePostFVTDuring"	1.94593517613845	0	1.46386084751414	0.183743393127983	1	0.333725151737781	1	NA	"prevalence"	26	6
"NODE_631_length_10280_cov_5.833154"	"PrePostFVT"	"Post"	"PrePostFVTPost"	0.336509457207084	0	1.32018449829419	0.798803595847639	1	0.762528144083394	1	NA	"prevalence"	26	6
"NODE_634_length_10208_cov_6.749729"	"PrePostFVT"	"During"	"PrePostFVTDuring"	1.94573719027331	0	1.46381967469576	0.183775668445707	1	0.183775668445707	0.933001624112053	NA	"prevalence"	26	3
"NODE_634_length_10208_cov_6.749729"	"PrePostFVT"	"Post"	"PrePostFVTPost"	-14.1885820730305	0	774.071562959106	0.98537574919932	1	0.98537574919932	1	NA	"prevalence"	26	3
"NODE_634_length_3858_cov_41.866421"	"PrePostFVT"	"During"	"PrePostFVTDuring"	-1.03083821287984e-08	0	1.58456572680771	0.999999994809367	1	0.358119842861718	1	NA	"prevalence"	26	10
"NODE_634_length_3858_cov_41.866421"	"PrePostFVT"	"Post"	"PrePostFVTPost"	1.85895454911927	0	1.22893032272886	0.130365878055641	1	0.133319166482364	0.80912513056522	NA	"prevalence"	26	10
"NODE_636_length_9718_cov_4.457932"	"PrePostFVT"	"During"	"PrePostFVTDuring"	-1.07217446808414e-13	0	3.29982802993334	0.999999999999974	1	0.999999999999974	1	NA	"prevalence"	26	4
"NODE_636_length_9718_cov_4.457932"	"PrePostFVT"	"Post"	"PrePostFVTPost"	2.65579766059997	0	1.99956899037362	0.184116978490986	1	0.184116978490986	0.933001624112053	NA	"prevalence"	26	4
"NODE_638_length_12684_cov_14.580806"	"PrePostFVT"	"During"	"PrePostFVTDuring"	0.847303578124969	0	1.57357416509051	0.59026090221677	1	0.832113871747784	1	NA	"prevalence"	26	8
"NODE_639_length_3393_cov_7.631216"	"PrePostFVT"	"During"	"PrePostFVTDuring"	-2.09421717139569e-14	0	1.39855688608825	0.999999999999988	1	0.93105166180011	1	NA	"prevalence"	26	11
"NODE_639_length_3393_cov_7.631216"	"PrePostFVT"	"Post"	"PrePostFVTPost"	1.38437454809937	0	0.997265155675873	0.165084986910673	1	0.302916920918048	1	NA	"prevalence"	26	11
"NODE_6390_length_1229_cov_3.322828"	"PrePostFVT"	"During"	"PrePostFVTDuring"	1.172335328313	0	1.37287805537393	0.393146371061669	1	0.13061369495578	0.80912513056522	NA	"prevalence"	26	12
"NODE_6390_length_1229_cov_3.322828"	"PrePostFVT"	"Post"	"PrePostFVTPost"	-0.339013906858869	0	0.918152440917498	0.711952658967454	1	0.858088921801072	1	NA	"prevalence"	26	12
"NODE_640_length_5855_cov_4.590690"	"PrePostFVT"	"During"	"PrePostFVTDuring"	11.8397913411255	0	233.77428005288	0.959607405500177	1	0.959607405500177	1	NA	"prevalence"	26	3
"NODE_640_length_5855_cov_4.590690"	"PrePostFVT"	"Post"	"PrePostFVTPost"	11.3273317308693	0	233.772476677602	0.961354014445643	1	0.961354014445643	1	NA	"prevalence"	26	3
"NODE_650_length_6361_cov_6.692039"	"PrePostFVT"	"During"	"PrePostFVTDuring"	5.67402020273228e-07	0	1.6834297057473	0.999999731072043	1	0.998676216756297	1	NA	"prevalence"	26	17
"NODE_650_length_6361_cov_6.692039"	"PrePostFVT"	"Post"	"PrePostFVTPost"	-0.596826745256033	0	1.24230818752949	0.630930466384717	1	0.377126757153522	1	NA	"prevalence"	26	17
"NODE_651_length_11453_cov_10.654589"	"PrePostFVT"	"During"	"PrePostFVTDuring"	0.5878479958106	0	1.36626479910673	0.667007104508113	1	0.88911573155193	1	NA	"prevalence"	26	19
"NODE_651_length_11453_cov_10.654589"	"PrePostFVT"	"Post"	"PrePostFVTPost"	1.09867570382853	0	1.06458472844986	0.302061440452042	1	0.512881767096122	1	NA	"prevalence"	26	19
"NODE_652_length_3294_cov_3.960173"	"PrePostFVT"	"During"	"PrePostFVTDuring"	0	0	3.2998296956836	1	1	0.99948515453849	1	NA	"prevalence"	26	24
"NODE_652_length_3294_cov_3.960173"	"PrePostFVT"	"Post"	"PrePostFVTPost"	-1.23632920280551	0	2.11197231441812	0.558284960643895	1	0.0339733201863418	0.416532045383247	NA	"prevalence"	26	24
"NODE_6522_length_1270_cov_9.375309"	"PrePostFVT"	"During"	"PrePostFVTDuring"	4.58062996108517	0	8.23498886090334	0.578046818112292	1	0.821955512294839	1	NA	"prevalence"	26	21
"NODE_6522_length_1270_cov_9.375309"	"PrePostFVT"	"Post"	"PrePostFVTPost"	3.5045450477085e-15	0	1.03069379861584	0.999999999999997	1	0.0217404314346883	0.332018343226249	NA	"prevalence"	26	21
"NODE_657_length_7863_cov_7.580046"	"PrePostFVT"	"During"	"PrePostFVTDuring"	0	0	1.38282221155742	1	1	0.32979317596476	1	NA	"prevalence"	26	7
"NODE_657_length_7863_cov_7.580046"	"PrePostFVT"	"Post"	"PrePostFVTPost"	0.365484510295225	0	1.00302183264632	0.715571726119821	1	0.299746147321436	1	NA	"prevalence"	26	7
"NODE_658_length_5901_cov_4.121280"	"PrePostFVT"	"During"	"PrePostFVTDuring"	-4.58062647013003	0	8.23492298189413	0.578044066263814	1	0.578044066263814	1	NA	"prevalence"	26	5
"NODE_658_length_5901_cov_4.121280"	"PrePostFVT"	"Post"	"PrePostFVTPost"	-3.77771631403006e-15	0	1.03069481933592	0.999999999999997	1	0.377193061535076	1	NA	"prevalence"	26	5
"NODE_660_length_7949_cov_14.370661"	"PrePostFVT"	"During"	"PrePostFVTDuring"	-12.3825236616822	0	207.056611263113	0.952312854934957	1	0.952312854934957	1	NA	"prevalence"	26	4
"NODE_660_length_7949_cov_14.370661"	"PrePostFVT"	"Post"	"PrePostFVTPost"	-14.1081720348625	0	123.634750347457	0.909149244386355	1	0.909149244386355	1	NA	"prevalence"	26	4
"NODE_661_length_4367_cov_5.651438"	"PrePostFVT"	"During"	"PrePostFVTDuring"	0.510933896700433	0	1.23827717242943	0.679887430671726	1	0.573488184279728	1	NA	"prevalence"	26	12
"NODE_661_length_4367_cov_5.651438"	"PrePostFVT"	"Post"	"PrePostFVTPost"	0.510895100273441	0	0.930948539490319	0.583149683361065	1	0.216290179301584	1	NA	"prevalence"	26	12
"NODE_661_length_9488_cov_99.243613"	"PrePostFVT"	"During"	"PrePostFVTDuring"	5.72543454717001e-16	0	1.22474439081313	1	1	0.999572306577843	1	NA	"prevalence"	26	20
"NODE_661_length_9488_cov_99.243613"	"PrePostFVT"	"Post"	"PrePostFVTPost"	6.59167355351899	0	7.83660042240576	0.400269832211646	1	0.00857266870194187	0.184541673930142	NA	"prevalence"	26	20
"NODE_663_length_9363_cov_7.272561"	"PrePostFVT"	"During"	"PrePostFVTDuring"	7.90880043635654e-14	0	3.2998294577195	0.999999999999981	1	0.955024743534016	1	NA	"prevalence"	26	23
"NODE_667_length_6236_cov_5.126517"	"PrePostFVT"	"During"	"PrePostFVTDuring"	12.8152719234596	0	308.74935946821	0.966891680816275	1	0.913108033741213	1	NA	"prevalence"	26	16
"NODE_667_length_6236_cov_5.126517"	"PrePostFVT"	"Post"	"PrePostFVTPost"	-0.181443924561523	0	0.955162260249843	0.849339407287255	1	0.977301385803444	1	NA	"prevalence"	26	16
"NODE_668_length_9775_cov_8.395165"	"PrePostFVT"	"During"	"PrePostFVTDuring"	0.587803486342264	0	1.36626199454453	0.667030157424036	1	0.845942348058766	1	NA	"prevalence"	26	17
"NODE_668_length_9775_cov_8.395165"	"PrePostFVT"	"Post"	"PrePostFVTPost"	-0.174339481024926	0	0.936049944201531	0.852248565642685	1	0.722159952898104	1	NA	"prevalence"	26	17
"NODE_671_length_9312_cov_18.108783"	"PrePostFVT"	"During"	"PrePostFVTDuring"	-12.6027155649708	0	13.8191355143499	0.361781517959589	1	0.592677169182033	1	NA	"prevalence"	26	21
"NODE_671_length_9312_cov_18.108783"	"PrePostFVT"	"Post"	"PrePostFVTPost"	-12.6027271472484	0	13.7890886833015	0.360735895875145	1	0.591341405177447	1	NA	"prevalence"	26	21
"NODE_674_length_8037_cov_6.040967"	"PrePostFVT"	"During"	"PrePostFVTDuring"	-4.02250249570211e-14	0	16.556690583339	0.999999999999998	1	0.963348402246958	1	NA	"prevalence"	26	25
"NODE_676_length_9711_cov_334.290079"	"PrePostFVT"	"During"	"PrePostFVTDuring"	-0.587868996924785	0	1.36615875917305	0.666971633164643	1	0.493516864437668	1	NA	"prevalence"	26	18
"NODE_676_length_9711_cov_334.290079"	"PrePostFVT"	"Post"	"PrePostFVTPost"	16.1786089203775	0	702.45852049922	0.981625219478782	1	0.00218414986698372	0.166580652463964	NA	"prevalence"	26	18
"NODE_677_length_8295_cov_62.523301"	"PrePostFVT"	"During"	"PrePostFVTDuring"	-8.0353104341503e-16	0	1.38282110829979	1	1	0.899021433929308	1	NA	"prevalence"	26	11
"NODE_678_length_9486_cov_7.880076"	"PrePostFVT"	"During"	"PrePostFVTDuring"	1.31375115692119e-15	0	1.44124550370307	0.999999999999999	1	0.836163746140879	1	NA	"prevalence"	26	19
"NODE_678_length_9486_cov_7.880076"	"PrePostFVT"	"Post"	"PrePostFVTPost"	-1.45855678304185e-30	0	1.07424073048975	1	1	0.993856995925085	1	NA	"prevalence"	26	19
"NODE_680_length_15026_cov_185.942956"	"PrePostFVT"	"During"	"PrePostFVTDuring"	0.847328367859017	0	1.57359432254432	0.590254789716629	1	0.590254789716629	1	NA	"prevalence"	26	8
"NODE_680_length_15026_cov_185.942956"	"PrePostFVT"	"Post"	"PrePostFVTPost"	1.25278106793206	0	1.23201930484954	0.309223927936585	1	0.309223927936585	1	NA	"prevalence"	26	8
"NODE_680_length_2611_cov_5.318466"	"PrePostFVT"	"During"	"PrePostFVTDuring"	1.0227922368822e-13	0	3.29983159940163	0.999999999999975	1	0.961140460163621	1	NA	"prevalence"	26	23
"NODE_680_length_2611_cov_5.318466"	"PrePostFVT"	"Post"	"PrePostFVTPost"	-1.8489175514323	0	2.04207599375672	0.365247824226554	1	0.597089675350876	1	NA	"prevalence"	26	23
"NODE_681_length_4804_cov_9.113708"	"PrePostFVT"	"During"	"PrePostFVTDuring"	14.9686600427523	0	1234.99064807245	0.99032950545256	1	0.641975296212181	1	NA	"prevalence"	26	24
"NODE_681_length_4804_cov_9.113708"	"PrePostFVT"	"Post"	"PrePostFVTPost"	20.9181937633864	0	4096.00000508626	0.99592523650572	1	0.0832930044464581	0.668263229222505	NA	"prevalence"	26	24
"NODE_689_length_5803_cov_139.537056"	"PrePostFVT"	"During"	"PrePostFVTDuring"	0.587786802552656	0	1.36626345883468	0.667039374758613	1	0.889137222038864	1	NA	"prevalence"	26	14
"NODE_689_length_5803_cov_139.537056"	"PrePostFVT"	"Post"	"PrePostFVTPost"	-0.847302762644248	0	0.936050276140481	0.365365070754471	1	0.102669346367998	0.738625338953242	NA	"prevalence"	26	14
"NODE_69_length_45823_cov_15.638940"	"PrePostFVT"	"During"	"PrePostFVTDuring"	12.1569957053606	0	557.39587822199	0.982599243036196	1	0.585954373241577	1	NA	"prevalence"	26	22
"NODE_69_length_45823_cov_15.638940"	"PrePostFVT"	"Post"	"PrePostFVTPost"	-0.847340968581774	0	1.25988931458836	0.501232403042657	1	0.0440100356083318	0.472580658009306	NA	"prevalence"	26	22
"NODE_69_length_49389_cov_8.333381|provirus_254_34971"	"PrePostFVT"	"During"	"PrePostFVTDuring"	-0.646699096127935	0	1.39011611160159	0.64177944023631	1	0.137515551605578	0.822730499468427	NA	"prevalence"	26	14
"NODE_69_length_49389_cov_8.333381|provirus_254_34971"	"PrePostFVT"	"Post"	"PrePostFVTPost"	-0.64669986633407	0	1.04766588144958	0.537052151787035	1	0.292882880232511	1	NA	"prevalence"	26	14
"NODE_691_length_9321_cov_5.969566"	"PrePostFVT"	"During"	"PrePostFVTDuring"	12.0115240116749	0	138.251459642814	0.930765533314009	1	0.995206588622706	1	NA	"prevalence"	26	22
"NODE_691_length_9321_cov_5.969566"	"PrePostFVT"	"Post"	"PrePostFVTPost"	0.530158168426757	0	1.15125225319487	0.645153316189512	1	0.0750270083901434	0.643458234518422	NA	"prevalence"	26	22
"NODE_693_length_5644_cov_5.643407"	"PrePostFVT"	"During"	"PrePostFVTDuring"	0	0	3.29982588825984	1	1	1	1	NA	"prevalence"	26	5
"NODE_693_length_5644_cov_5.643407"	"PrePostFVT"	"Post"	"PrePostFVTPost"	2.98380571404981	0	1.99276907085242	0.134310962220774	1	0.134310962220774	0.80912513056522	NA	"prevalence"	26	5
"NODE_695_length_10897_cov_11.548054"	"PrePostFVT"	"During"	"PrePostFVTDuring"	11.730888405003	0	308.748733589799	0.96969171951805	1	0.998957328998018	1	NA	"prevalence"	26	21
"NODE_695_length_10897_cov_11.548054"	"PrePostFVT"	"Post"	"PrePostFVTPost"	0.510861137283849	0	1.12546596035247	0.649893040892184	1	0.877425117184278	1	NA	"prevalence"	26	21
"NODE_696_length_11292_cov_19.369494"	"PrePostFVT"	"During"	"PrePostFVTDuring"	-0.510796255442994	0	1.23827815395443	0.679969123997658	1	0.897580238405174	1	NA	"prevalence"	26	18
"NODE_696_length_11292_cov_19.369494"	"PrePostFVT"	"Post"	"PrePostFVTPost"	0.587783381524376	0	0.988825108528814	0.552227204249721	1	0.717872599504642	1	NA	"prevalence"	26	18
"NODE_698_length_2676_cov_4.006868"	"PrePostFVT"	"During"	"PrePostFVTDuring"	-0.587803486418455	0	1.36626230477637	0.667030228438943	1	0.27513752982538	1	NA	"prevalence"	26	9
"NODE_698_length_2676_cov_4.006868"	"PrePostFVT"	"Post"	"PrePostFVTPost"	0.17433948102904	0	0.936049932557777	0.852248563822477	1	0.593405131692498	1	NA	"prevalence"	26	9
"NODE_7013_length_1142_cov_2.417663"	"PrePostFVT"	"During"	"PrePostFVTDuring"	1.76512593712339e-14	0	3.29982969568401	0.999999999999996	1	0.939795690786005	1	NA	"prevalence"	26	18
"NODE_706_length_9001_cov_11.109882"	"PrePostFVT"	"During"	"PrePostFVTDuring"	0.510795365869609	0	1.23827957490683	0.679969997324114	1	0.185634225356324	0.933909722867636	NA	"prevalence"	26	10
"NODE_706_length_9001_cov_11.109882"	"PrePostFVT"	"Post"	"PrePostFVTPost"	0.174419572100949	0	0.936050386310288	0.852181539824892	1	0.863608567587796	1	NA	"prevalence"	26	10
"NODE_706_length_9031_cov_24.872995"	"PrePostFVT"	"During"	"PrePostFVTDuring"	1.0227922368822e-13	0	3.29983159940163	0.999999999999975	1	0.918418936423231	1	NA	"prevalence"	26	23
"NODE_706_length_9031_cov_24.872995"	"PrePostFVT"	"Post"	"PrePostFVTPost"	-1.8489175514323	0	2.04207599375672	0.365247824226554	1	0.597089675350876	1	NA	"prevalence"	26	23
"NODE_707_length_10061_cov_16.960224"	"PrePostFVT"	"During"	"PrePostFVTDuring"	-13.3207782522809	0	617.495615435582	0.982789158739505	1	0.982789158739505	1	NA	"prevalence"	26	8
"NODE_707_length_10061_cov_16.960224"	"PrePostFVT"	"Post"	"PrePostFVTPost"	1.09872988256327	0	1.00001911564369	0.271895067988831	1	0.46986320798101	1	NA	"prevalence"	26	8
"NODE_707_length_7557_cov_22.433484"	"PrePostFVT"	"During"	"PrePostFVTDuring"	12.6227540516491	0	482.718938882619	0.979138268484982	1	0.986987228948216	1	NA	"prevalence"	26	21
"NODE_707_length_7557_cov_22.433484"	"PrePostFVT"	"Post"	"PrePostFVTPost"	0.512448000343278	0	1.12548896818583	0.648885198759268	1	0.0693335863817682	0.609645322680093	NA	"prevalence"	26	21
"NODE_707_length_8757_cov_7.045852"	"PrePostFVT"	"During"	"PrePostFVTDuring"	0.865751369912628	0	1.59519311369692	0.58731907778655	1	0.829694456441057	1	NA	"prevalence"	26	5
"NODE_707_length_8757_cov_7.045852"	"PrePostFVT"	"Post"	"PrePostFVTPost"	0.865858924773246	0	1.2769999987919	0.497745415375267	1	0.747740332223437	1	NA	"prevalence"	26	5
"NODE_708_length_8728_cov_26.528422"	"PrePostFVT"	"During"	"PrePostFVTDuring"	11.3932431743813	0	394.139220551133	0.976939044588387	1	0.941678085350767	1	NA	"prevalence"	26	23
"NODE_708_length_8728_cov_26.528422"	"PrePostFVT"	"Post"	"PrePostFVTPost"	-0.336698435162791	0	1.3202909902046	0.798708923336288	1	0.141208288279111	0.830552803695717	NA	"prevalence"	26	23
"NODE_709_length_10915_cov_13.716575"	"PrePostFVT"	"During"	"PrePostFVTDuring"	0.847294518768184	0	1.57359754652078	0.590270398033636	1	0.590270398033636	1	NA	"prevalence"	26	3
"NODE_709_length_10915_cov_13.716575"	"PrePostFVT"	"Post"	"PrePostFVTPost"	-0.451984330269222	0	1.49458500994653	0.762336025108892	1	0.762336025108892	1	NA	"prevalence"	26	3
"NODE_714_length_7001_cov_23.326663"	"PrePostFVT"	"During"	"PrePostFVTDuring"	14.0261989894272	0	965.436803692341	0.988408465583671	1	0.173084759099035	0.933001624112053	NA	"prevalence"	26	24
"NODE_714_length_7001_cov_23.326663"	"PrePostFVT"	"Post"	"PrePostFVTPost"	15.1200931172325	0	939.687173063189	0.987162144334404	1	0.00206542489086344	0.166580652463964	NA	"prevalence"	26	24
"NODE_714_length_8767_cov_70.253558"	"PrePostFVT"	"During"	"PrePostFVTDuring"	-4.02250249570211e-14	0	16.556690583339	0.999999999999998	1	0.996869435160223	1	NA	"prevalence"	26	25
"NODE_714_length_8767_cov_70.253558"	"PrePostFVT"	"Post"	"PrePostFVTPost"	-4.23454138694841e-14	0	12.3406153100066	0.999999999999997	1	0.0323407872122477	0.406226972415001	NA	"prevalence"	26	25
"NODE_714_length_8853_cov_6.383951"	"PrePostFVT"	"During"	"PrePostFVTDuring"	0.847294518768184	0	1.57359754652078	0.590270398033636	1	0.590270398033636	1	NA	"prevalence"	26	3
"NODE_714_length_8853_cov_6.383951"	"PrePostFVT"	"Post"	"PrePostFVTPost"	-0.451984330269222	0	1.49458500994653	0.762336025108892	1	0.762336025108892	1	NA	"prevalence"	26	3
"NODE_728_length_8488_cov_23.410056"	"PrePostFVT"	"During"	"PrePostFVTDuring"	0.587803486455033	0	1.36626282596329	0.667030347792	1	0.0625874083494637	0.574750367407426	NA	"prevalence"	26	16
"NODE_728_length_8488_cov_23.410056"	"PrePostFVT"	"Post"	"PrePostFVTPost"	-0.174339480882382	0	0.936050817481769	0.852248702018952	1	0.022781238845761	0.341914972676464	NA	"prevalence"	26	16
"NODE_73_length_18156_cov_15.957737"	"PrePostFVT"	"During"	"PrePostFVTDuring"	19.0306486469147	0	4096	0.996292918430712	1	0.615663682503941	1	NA	"prevalence"	26	23
"NODE_73_length_18156_cov_15.957737"	"PrePostFVT"	"Post"	"PrePostFVTPost"	16.8087757391784	0	788.275599117811	0.982987617036195	1	0.178421652243975	0.933001624112053	NA	"prevalence"	26	23
"NODE_731_length_2682_cov_6.396650"	"PrePostFVT"	"During"	"PrePostFVTDuring"	1.09846816681122	0	1.29098119351034	0.394836838266828	1	0.633777547681111	1	NA	"prevalence"	26	7
"NODE_731_length_2682_cov_6.396650"	"PrePostFVT"	"Post"	"PrePostFVTPost"	-0.510915902204609	0	1.12544735222631	0.649852614547495	1	0.877396808460775	1	NA	"prevalence"	26	7
"NODE_732_length_11018_cov_1316.019976"	"PrePostFVT"	"During"	"PrePostFVTDuring"	1.17233532859862	0	1.37287676604369	0.393145926569816	1	0.57641675691472	1	NA	"prevalence"	26	17
"NODE_732_length_11018_cov_1316.019976"	"PrePostFVT"	"Post"	"PrePostFVTPost"	0.714004714874848	0	0.936832165143196	0.445971706833942	1	0.635225082643463	1	NA	"prevalence"	26	17
"NODE_732_length_3221_cov_7.692988"	"PrePostFVT"	"During"	"PrePostFVTDuring"	12.390951523722	0	639.688557820825	0.984545712790645	1	0.300242406825758	1	NA	"prevalence"	26	25
"NODE_732_length_3221_cov_7.692988"	"PrePostFVT"	"Post"	"PrePostFVTPost"	12.8661483041099	0	460.837144274907	0.977726692109118	1	0.0127227607674599	0.240764418436387	NA	"prevalence"	26	25
"NODE_735_length_8116_cov_8.504404"	"PrePostFVT"	"During"	"PrePostFVTDuring"	0.510752643239047	0	1.23827688886578	0.679994624897868	1	0.897596559905744	1	NA	"prevalence"	26	10
"NODE_735_length_8116_cov_8.504404"	"PrePostFVT"	"Post"	"PrePostFVTPost"	0.174363680405374	0	0.9360482810791	0.852228033412344	1	0.787415946779965	1	NA	"prevalence"	26	10
"NODE_737_length_7618_cov_6.145577"	"PrePostFVT"	"During"	"PrePostFVTDuring"	1.28865172501141e-17	0	1.22474500522586	1	1	0.401338978001797	1	NA	"prevalence"	26	13
"NODE_737_length_7618_cov_6.145577"	"PrePostFVT"	"Post"	"PrePostFVTPost"	1.63229218501447e-16	0	0.912870738735626	1	1	0.0165537178432184	0.291111341061043	NA	"prevalence"	26	13
"NODE_738_length_8061_cov_8.162878"	"PrePostFVT"	"During"	"PrePostFVTDuring"	0.5107526430473	0	1.23827738219284	0.679994745433461	1	0.884443392430272	1	NA	"prevalence"	26	10
"NODE_738_length_8061_cov_8.162878"	"PrePostFVT"	"Post"	"PrePostFVTPost"	0.174363680374496	0	0.936048692673366	0.852228097667623	1	0.97816346488107	1	NA	"prevalence"	26	10
"NODE_739_length_5009_cov_6.476383"	"PrePostFVT"	"During"	"PrePostFVTDuring"	-1.20041174278604	0	1.42424370886015	0.399317079381846	1	0.639180028877644	1	NA	"prevalence"	26	12
"NODE_739_length_5009_cov_6.476383"	"PrePostFVT"	"Post"	"PrePostFVTPost"	1.53182075778111e-06	0	0.957600004745785	0.99999872366737	1	0.0248914369857556	0.355118352795252	NA	"prevalence"	26	12
"NODE_740_length_4991_cov_5.070097"	"PrePostFVT"	"During"	"PrePostFVTDuring"	-8.86989630947696e-14	0	3.29983183736731	0.999999999999979	1	0.999999999999979	1	NA	"prevalence"	26	3
"NODE_740_length_4991_cov_5.070097"	"PrePostFVT"	"Post"	"PrePostFVTPost"	2.29031496022378	0	2.01359270550436	0.255359773628383	1	0.255359773628383	1	NA	"prevalence"	26	3
"NODE_742_length_2991_cov_3.668256"	"PrePostFVT"	"During"	"PrePostFVTDuring"	1.27836186579263e-13	0	3.29982802993334	0.999999999999969	1	0.900742716107391	1	NA	"prevalence"	26	20
"NODE_742_length_2991_cov_3.668256"	"PrePostFVT"	"Post"	"PrePostFVTPost"	-2.65579766059996	0	1.99956899037362	0.184116978490987	1	0.334334895213324	1	NA	"prevalence"	26	20
"NODE_752_length_3170_cov_7.854896"	"PrePostFVT"	"During"	"PrePostFVTDuring"	12.3632376671644	0	655.915071524705	0.984961692738242	1	0.624967028480413	1	NA	"prevalence"	26	24
"NODE_752_length_3170_cov_7.854896"	"PrePostFVT"	"Post"	"PrePostFVTPost"	14.0120484847607	0	965.48040605322	0.988420681949382	1	0.944322417287118	1	NA	"prevalence"	26	24
"NODE_755_length_4875_cov_7.749585"	"PrePostFVT"	"During"	"PrePostFVTDuring"	13.9276990113384	0	724.077784514601	0.984653567582664	1	0.858196874898147	1	NA	"prevalence"	26	19
"NODE_755_length_4875_cov_7.749585"	"PrePostFVT"	"Post"	"PrePostFVTPost"	0.182246456378407	0	0.953065991938699	0.848352267156115	1	0.0791210545489372	0.66573404635438	NA	"prevalence"	26	19
"NODE_755_length_8367_cov_9.003248"	"PrePostFVT"	"During"	"PrePostFVTDuring"	1.60941378138524	0	1.36625750240567	0.238807565137934	1	0.420586077108759	1	NA	"prevalence"	26	13
"NODE_755_length_8367_cov_9.003248"	"PrePostFVT"	"Post"	"PrePostFVTPost"	0.847290097275881	0	0.936049413582071	0.365371795943807	1	0.597247042616411	1	NA	"prevalence"	26	13
"NODE_758_length_7743_cov_7.138528"	"PrePostFVT"	"During"	"PrePostFVTDuring"	0.84734475437672	0	1.57359680462382	0.590248188547013	1	0.832103453010996	1	NA	"prevalence"	26	6
"NODE_758_length_7743_cov_7.138528"	"PrePostFVT"	"Post"	"PrePostFVTPost"	1.2527943328226	0	1.23202506200425	0.309221066053552	1	0.522824464415808	1	NA	"prevalence"	26	6
"NODE_759_length_7518_cov_9.268659"	"PrePostFVT"	"During"	"PrePostFVTDuring"	-12.0267361620219	0	537.832229856224	0.982159590097369	1	0.982159590097369	1	NA	"prevalence"	26	2
"NODE_759_length_7518_cov_9.268659"	"PrePostFVT"	"Post"	"PrePostFVTPost"	-0.452138459703416	0	1.49456978847938	0.762255073780111	1	0.762255073780111	1	NA	"prevalence"	26	2
"NODE_76_length_24607_cov_45.251914"	"PrePostFVT"	"During"	"PrePostFVTDuring"	12.9558147084078	0	836.114486988855	0.987637062822589	1	0.977915870460893	1	NA	"prevalence"	26	25
"NODE_76_length_24607_cov_45.251914"	"PrePostFVT"	"Post"	"PrePostFVTPost"	13.2988525466771	0	573.570304665985	0.981501834418609	1	0.385996316849346	1	NA	"prevalence"	26	25
"NODE_765_length_5395_cov_6.556929"	"PrePostFVT"	"During"	"PrePostFVTDuring"	1.27836186579263e-13	0	3.29982802993334	0.999999999999969	1	0.974221286693689	1	NA	"prevalence"	26	21
"NODE_765_length_5395_cov_6.556929"	"PrePostFVT"	"Post"	"PrePostFVTPost"	-2.65579766059996	0	1.99956899037362	0.184116978490987	1	0.0485467869779179	0.489724153925488	NA	"prevalence"	26	21
"NODE_765_length_5828_cov_11.426295"	"PrePostFVT"	"During"	"PrePostFVTDuring"	0	0	3.2998296956836	1	1	0.861355408630101	1	NA	"prevalence"	26	24
"NODE_766_length_4069_cov_5.818884"	"PrePostFVT"	"During"	"PrePostFVTDuring"	11.851914312499	0	504.183933027257	0.981245755799443	1	0.971824748494964	1	NA	"prevalence"	26	22
"NODE_766_length_4069_cov_5.818884"	"PrePostFVT"	"Post"	"PrePostFVTPost"	-0.336565733124348	0	1.32013864517336	0.798763832208768	1	0.937293437005361	1	NA	"prevalence"	26	22
"NODE_766_length_5543_cov_5.652332"	"PrePostFVT"	"During"	"PrePostFVTDuring"	12.0115240116749	0	138.251459642814	0.930765533314009	1	0.992742640234846	1	NA	"prevalence"	26	22
"NODE_766_length_5543_cov_5.652332"	"PrePostFVT"	"Post"	"PrePostFVTPost"	0.530158168426757	0	1.15125225319487	0.645153316189512	1	0.129335994106131	0.80912513056522	NA	"prevalence"	26	22
"NODE_769_length_8169_cov_24.866404"	"PrePostFVT"	"During"	"PrePostFVTDuring"	-2.80481406866764e-06	0	1.33368128196807	0.999998321999513	1	0.849463117664597	1	NA	"prevalence"	26	14
"NODE_769_length_8169_cov_24.866404"	"PrePostFVT"	"Post"	"PrePostFVTPost"	0.399814804086888	0	1.00127786011776	0.689668815864688	1	0.736877001454736	1	NA	"prevalence"	26	14
"NODE_772_length_3519_cov_8.262991"	"PrePostFVT"	"During"	"PrePostFVTDuring"	-4.02250249570211e-14	0	16.556690583339	0.999999999999998	1	0.815429024212623	1	NA	"prevalence"	26	25
"NODE_772_length_3519_cov_8.262991"	"PrePostFVT"	"Post"	"PrePostFVTPost"	-4.23454138694841e-14	0	12.3406153100066	0.999999999999997	1	0.943159012439665	1	NA	"prevalence"	26	25
"NODE_774_length_4685_cov_4.877538"	"PrePostFVT"	"During"	"PrePostFVTDuring"	-0.587551118594173	0	1.36623029124191	0.667157256683915	1	0.747660569489685	1	NA	"prevalence"	26	8
"NODE_774_length_4685_cov_4.877538"	"PrePostFVT"	"Post"	"PrePostFVTPost"	-0.182215614993062	0	0.95307152742323	0.848378489106848	1	0.0524099843949066	0.504535509526523	NA	"prevalence"	26	8
"NODE_779_length_6166_cov_8.238423"	"PrePostFVT"	"During"	"PrePostFVTDuring"	-2.80481406866764e-06	0	1.33368128196807	0.999998321999513	1	0.987804274620278	1	NA	"prevalence"	26	14
"NODE_779_length_6166_cov_8.238423"	"PrePostFVT"	"Post"	"PrePostFVTPost"	0.399814804086888	0	1.00127786011776	0.689668815864688	1	0.903694556153175	1	NA	"prevalence"	26	14
"NODE_779_length_6446_cov_5.342826"	"PrePostFVT"	"During"	"PrePostFVTDuring"	-2.80481406866764e-06	0	1.33368128196807	0.999998321999513	1	0.999627983904742	1	NA	"prevalence"	26	14
"NODE_779_length_6446_cov_5.342826"	"PrePostFVT"	"Post"	"PrePostFVTPost"	0.399814804086888	0	1.00127786011776	0.689668815864688	1	0.849148276661645	1	NA	"prevalence"	26	14
"NODE_782_length_7883_cov_6.464359"	"PrePostFVT"	"During"	"PrePostFVTDuring"	1.17233532716126	0	1.37287790841995	0.393146320877853	1	0.631728612135915	1	NA	"prevalence"	26	11
"NODE_782_length_7883_cov_6.464359"	"PrePostFVT"	"Post"	"PrePostFVTPost"	-0.714004714856044	0	0.936831476791977	0.44597137265576	1	0.693052280083057	1	NA	"prevalence"	26	11
"NODE_783_length_2569_cov_12.409706"	"PrePostFVT"	"During"	"PrePostFVTDuring"	-11.7864074534111	0	482.719479890987	0.980520242942955	1	0.980520242942955	1	NA	"prevalence"	26	3
"NODE_783_length_2569_cov_12.409706"	"PrePostFVT"	"Post"	"PrePostFVTPost"	-0.451974010495989	0	1.49463669099475	0.762349258313115	1	0.762349258313115	1	NA	"prevalence"	26	3
"NODE_784_length_6479_cov_5.934153"	"PrePostFVT"	"During"	"PrePostFVTDuring"	-12.5690257495962	0	760.609063273029	0.986815598621488	1	0.986815598621488	1	NA	"prevalence"	26	2
"NODE_784_length_6479_cov_5.934153"	"PrePostFVT"	"Post"	"PrePostFVTPost"	-14.2827150092215	0	993.426445704405	0.988529029749308	1	0.988529029749308	1	NA	"prevalence"	26	2
"NODE_790_length_9852_cov_19.892824"	"PrePostFVT"	"During"	"PrePostFVTDuring"	-0.587678495449507	0	1.36624527983359	0.667092872339596	1	0.382516591741895	1	NA	"prevalence"	26	10
"NODE_790_length_9852_cov_19.892824"	"PrePostFVT"	"Post"	"PrePostFVTPost"	0.510857803679313	0	0.930952227959024	0.583178672920651	1	0.39658980587459	1	NA	"prevalence"	26	10
"NODE_792_length_7956_cov_4.092140"	"PrePostFVT"	"During"	"PrePostFVTDuring"	1.94587810478463	0	1.46384757662754	0.183752276194278	1	0.333739653381977	1	NA	"prevalence"	26	7
"NODE_792_length_7956_cov_4.092140"	"PrePostFVT"	"Post"	"PrePostFVTPost"	1.25276760493403	0	1.23201003249801	0.309225485970543	1	0.522830570767367	1	NA	"prevalence"	26	7
"NODE_795_length_2536_cov_4.845627"	"PrePostFVT"	"During"	"PrePostFVTDuring"	-4.02250249570211e-14	0	16.556690583339	0.999999999999998	1	0.354287469261556	1	NA	"prevalence"	26	25
"NODE_795_length_2536_cov_4.845627"	"PrePostFVT"	"Post"	"PrePostFVTPost"	-4.23454138694841e-14	0	12.3406153100066	0.999999999999997	1	0.568394958041522	1	NA	"prevalence"	26	25
"NODE_796_length_4002_cov_5.617938"	"PrePostFVT"	"During"	"PrePostFVTDuring"	12.4990677901505	0	24.1620724592521	0.604945953695814	1	0.84393230049869	1	NA	"prevalence"	26	23
"NODE_796_length_4002_cov_5.617938"	"PrePostFVT"	"Post"	"PrePostFVTPost"	0.507735613788287	0	1.58612057778604	0.748883723924521	1	0.43583123811033	1	NA	"prevalence"	26	23
"NODE_8_length_113388_cov_131.683737"	"PrePostFVT"	"During"	"PrePostFVTDuring"	2.89090956802129	0	2.2419617096447	0.197239822178121	1	0.307613866270969	1	NA	"prevalence"	26	16
"NODE_803_length_4498_cov_1136.345262"	"PrePostFVT"	"During"	"PrePostFVTDuring"	-12.5690257495962	0	760.609063273029	0.986815598621488	1	0.986815598621488	1	NA	"prevalence"	26	3
"NODE_803_length_4498_cov_1136.345262"	"PrePostFVT"	"Post"	"PrePostFVTPost"	-14.2827150092215	0	993.426445704405	0.988529029749308	1	0.988529029749308	1	NA	"prevalence"	26	3
"NODE_808_length_5181_cov_14.840616"	"PrePostFVT"	"During"	"PrePostFVTDuring"	12.0115240116749	0	138.251459642814	0.930765533314009	1	0.733601196438233	1	NA	"prevalence"	26	22
"NODE_808_length_5181_cov_14.840616"	"PrePostFVT"	"Post"	"PrePostFVTPost"	0.530158168426757	0	1.15125225319487	0.645153316189512	1	0.47959817615642	1	NA	"prevalence"	26	22
"NODE_811_length_5282_cov_6.841783"	"PrePostFVT"	"During"	"PrePostFVTDuring"	0.593195475102005	0	1.3745746775013	0.666069682872914	1	0.888490543303404	1	NA	"prevalence"	26	17
"NODE_811_length_5282_cov_6.841783"	"PrePostFVT"	"Post"	"PrePostFVTPost"	0.184217572281672	0	0.958349653336395	0.847566936358201	1	0.930091722062644	1	NA	"prevalence"	26	17
"NODE_814_length_4101_cov_6.458725"	"PrePostFVT"	"During"	"PrePostFVTDuring"	1.18334683220673e-13	0	3.29982921975462	0.999999999999971	1	0.982066472759088	1	NA	"prevalence"	26	23
"NODE_814_length_4101_cov_6.458725"	"PrePostFVT"	"Post"	"PrePostFVTPost"	-1.84891755143229	0	2.04207420102846	0.365247403288683	1	0.0369106835984276	0.436578714193563	NA	"prevalence"	26	23
"NODE_815_length_9452_cov_9.352453"	"PrePostFVT"	"During"	"PrePostFVTDuring"	1.94573719027331	0	1.46381967469576	0.183775668445707	1	0.183775668445707	0.933001624112053	NA	"prevalence"	26	3
"NODE_815_length_9452_cov_9.352453"	"PrePostFVT"	"Post"	"PrePostFVTPost"	-14.1885820730305	0	774.071562959106	0.98537574919932	1	0.98537574919932	1	NA	"prevalence"	26	3
"NODE_816_length_4609_cov_5.214756"	"PrePostFVT"	"During"	"PrePostFVTDuring"	0	0	3.29982797044344	1	1	0.886468091944931	1	NA	"prevalence"	26	24
"NODE_817_length_4606_cov_10.906834"	"PrePostFVT"	"During"	"PrePostFVTDuring"	12.3632376671644	0	655.915071524705	0.984961692738242	1	0.924975862644552	1	NA	"prevalence"	26	25
"NODE_817_length_4606_cov_10.906834"	"PrePostFVT"	"Post"	"PrePostFVTPost"	14.0120484847607	0	965.48040605322	0.988420681949382	1	0.89682676240317	1	NA	"prevalence"	26	25
"NODE_818_length_6157_cov_23.997542"	"PrePostFVT"	"Post"	"PrePostFVTPost"	-0.452607473977287	0	1.4945969539102	0.762020093454072	1	0.762020093454072	1	NA	"prevalence"	26	6
"NODE_824_length_4380_cov_220.553757"	"PrePostFVT"	"During"	"PrePostFVTDuring"	-2.41059313024509e-15	0	1.38282109078787	0.999999999999999	1	0.698533345595507	1	NA	"prevalence"	26	15
"NODE_826_length_8466_cov_7.545952"	"PrePostFVT"	"During"	"PrePostFVTDuring"	0.602408639968027	0	1.38473865912399	0.663537621601122	1	0.88679306792217	1	NA	"prevalence"	26	16
"NODE_826_length_8466_cov_7.545952"	"PrePostFVT"	"Post"	"PrePostFVTPost"	-0.179729799512598	0	0.949863816474533	0.84992322467234	1	0.843791306170412	1	NA	"prevalence"	26	16
"NODE_830_length_4810_cov_5.175605"	"PrePostFVT"	"During"	"PrePostFVTDuring"	-4.02250249570211e-14	0	16.556690583339	0.999999999999998	1	0.868357567026127	1	NA	"prevalence"	26	25
"NODE_830_length_5112_cov_19.131896"	"PrePostFVT"	"During"	"PrePostFVTDuring"	-13.6884164630429	0	803.292043223236	0.986404387166443	1	0.986404387166443	1	NA	"prevalence"	26	3
"NODE_830_length_5112_cov_19.131896"	"PrePostFVT"	"Post"	"PrePostFVTPost"	-1.29922817539731	0	1.32573154147346	0.327081924387746	1	0.327081924387746	1	NA	"prevalence"	26	3
"NODE_834_length_6781_cov_6.453464"	"PrePostFVT"	"During"	"PrePostFVTDuring"	0.847285205540763	0	1.5736390610539	0.590284287366533	1	0.590284287366533	1	NA	"prevalence"	26	4
"NODE_834_length_6781_cov_6.453464"	"PrePostFVT"	"Post"	"PrePostFVTPost"	0.336545830680293	0	1.3202052027524	0.798785403309065	1	0.798785403309065	1	NA	"prevalence"	26	4
"NODE_835_length_5286_cov_13.774995"	"PrePostFVT"	"During"	"PrePostFVTDuring"	-4.02250249570211e-14	0	16.556690583339	0.999999999999998	1	0.945935304568954	1	NA	"prevalence"	26	25
"NODE_836_length_3127_cov_6.355794"	"PrePostFVT"	"During"	"PrePostFVTDuring"	0	0	3.29983195635016	1	1	1	1	NA	"prevalence"	26	5
"NODE_836_length_3127_cov_6.355794"	"PrePostFVT"	"Post"	"PrePostFVTPost"	2.98380571404982	0	1.9927742954202	0.134311983189746	1	0.134311983189746	0.80912513056522	NA	"prevalence"	26	5
"NODE_839_length_4261_cov_7.643367"	"PrePostFVT"	"During"	"PrePostFVTDuring"	9.99006370908194e-14	0	3.29983171838378	0.999999999999976	1	0.954863081055054	1	NA	"prevalence"	26	23
"NODE_839_length_4261_cov_7.643367"	"PrePostFVT"	"Post"	"PrePostFVTPost"	-1.8489175514323	0	2.04207512520581	0.365247620288299	1	0.0419960638988661	0.455862070250791	NA	"prevalence"	26	23
"NODE_839_length_5381_cov_27.898235"	"PrePostFVT"	"During"	"PrePostFVTDuring"	0	0	3.29982797044344	1	1	0.999363125628605	1	NA	"prevalence"	26	25
"NODE_839_length_5381_cov_27.898235"	"PrePostFVT"	"Post"	"PrePostFVTPost"	-1.23632920280552	0	2.11197082530628	0.558284683175974	1	0.0379611661771634	0.436578714193563	NA	"prevalence"	26	25
"NODE_840_length_4289_cov_2.954417"	"PrePostFVT"	"During"	"PrePostFVTDuring"	-1.07217446808414e-13	0	3.29982802993334	0.999999999999974	1	0.999999999999974	1	NA	"prevalence"	26	4
"NODE_840_length_4289_cov_2.954417"	"PrePostFVT"	"Post"	"PrePostFVTPost"	2.65579766059997	0	1.99956899037362	0.184116978490986	1	0.184116978490986	0.933001624112053	NA	"prevalence"	26	4
"NODE_844_length_5836_cov_27.449922"	"PrePostFVT"	"During"	"PrePostFVTDuring"	14.1093988799238	0	682.666975309067	0.983510451655261	1	0.265563325712009	1	NA	"prevalence"	26	20
"NODE_844_length_5836_cov_27.449922"	"PrePostFVT"	"Post"	"PrePostFVTPost"	0.587777918418766	0	0.988826678316907	0.552231529561183	1	0.093307546151768	0.715439633840963	NA	"prevalence"	26	20
"NODE_847_length_6595_cov_5.830734"	"PrePostFVT"	"During"	"PrePostFVTDuring"	1.94603683071388	0	1.4638537840237	0.183718378217875	1	0.333684313940744	1	NA	"prevalence"	26	6
"NODE_847_length_6595_cov_5.830734"	"PrePostFVT"	"Post"	"PrePostFVTPost"	0.847324737272441	0	1.25988533272829	0.5012392490027	1	0.751237713264609	1	NA	"prevalence"	26	6
"NODE_848_length_2982_cov_33.972327"	"PrePostFVT"	"During"	"PrePostFVTDuring"	10.6680759091068	0	180.668969424806	0.952914164619618	1	0.99108027516085	1	NA	"prevalence"	26	23
"NODE_848_length_2982_cov_33.972327"	"PrePostFVT"	"Post"	"PrePostFVTPost"	1.30307840912347	0	1.3434705469386	0.332079150923731	1	0.188954796090308	0.942608309436178	NA	"prevalence"	26	23
"NODE_852_length_3922_cov_6.695112"	"PrePostFVT"	"During"	"PrePostFVTDuring"	-4.02250249570211e-14	0	16.556690583339	0.999999999999998	1	0.728877699935752	1	NA	"prevalence"	26	25
"NODE_852_length_4233_cov_16.573959"	"PrePostFVT"	"During"	"PrePostFVTDuring"	-0.587786802617648	0	1.36626306794046	0.667039285195845	1	0.665443738775971	1	NA	"prevalence"	26	13
"NODE_852_length_4233_cov_16.573959"	"PrePostFVT"	"Post"	"PrePostFVTPost"	0.847302762598876	0	0.936050985115792	0.365365433931604	1	0.517002082765825	1	NA	"prevalence"	26	13
"NODE_856_length_7149_cov_8.614604"	"PrePostFVT"	"During"	"PrePostFVTDuring"	0.847776407523857	0	1.57363631133148	0.590068207093377	1	0.590068207093377	1	NA	"prevalence"	26	2
"NODE_856_length_7149_cov_8.614604"	"PrePostFVT"	"Post"	"PrePostFVTPost"	-12.9451592658629	0	493.101555298488	0.979055924063556	1	0.979055924063556	1	NA	"prevalence"	26	2
"NODE_859_length_5065_cov_4.762275"	"PrePostFVT"	"During"	"PrePostFVTDuring"	1.17233529875874	0	1.37287732490268	0.393146131228306	1	0.627061111791824	1	NA	"prevalence"	26	12
"NODE_859_length_5065_cov_4.762275"	"PrePostFVT"	"Post"	"PrePostFVTPost"	-0.339013906858887	0	0.918151906347376	0.711952498743181	1	0.367183881555751	1	NA	"prevalence"	26	12
"NODE_86_length_18717_cov_289.596774"	"PrePostFVT"	"During"	"PrePostFVTDuring"	2.1027150227783e-15	0	1.44124582093119	0.999999999999999	1	0.556806981844865	1	NA	"prevalence"	26	7
"NODE_86_length_18717_cov_289.596774"	"PrePostFVT"	"Post"	"PrePostFVTPost"	-2.33448263251365e-31	0	1.07424133343171	1	1	0.865440007611459	1	NA	"prevalence"	26	7
"NODE_861_length_5911_cov_16.363559"	"PrePostFVT"	"During"	"PrePostFVTDuring"	1.24373096669625	0	1.45415474341215	0.392387974600749	1	0.63080762659022	1	NA	"prevalence"	26	16
"NODE_861_length_5911_cov_16.363559"	"PrePostFVT"	"Post"	"PrePostFVTPost"	0.790937224356551	0	1.01381509665882	0.435297145474968	1	0.546100081308564	1	NA	"prevalence"	26	16
"NODE_864_length_5862_cov_26.281901"	"PrePostFVT"	"During"	"PrePostFVTDuring"	-4.02250249570211e-14	0	16.556690583339	0.999999999999998	1	0.972109807524587	1	NA	"prevalence"	26	25
"NODE_865_length_2666_cov_5.653007"	"PrePostFVT"	"During"	"PrePostFVTDuring"	-4.02250249570211e-14	0	16.556690583339	0.999999999999998	1	0.951006181287009	1	NA	"prevalence"	26	25
"NODE_865_length_6424_cov_16.567436"	"PrePostFVT"	"During"	"PrePostFVTDuring"	11.730888405003	0	308.748733589799	0.96969171951805	1	0.926542763084713	1	NA	"prevalence"	26	21
"NODE_865_length_6424_cov_16.567436"	"PrePostFVT"	"Post"	"PrePostFVTPost"	0.510861137283849	0	1.12546596035247	0.649893040892184	1	0.854570462520455	1	NA	"prevalence"	26	21
"NODE_867_length_5878_cov_6.202645"	"PrePostFVT"	"During"	"PrePostFVTDuring"	-9.12174288353801	0	126.651278090882	0.942583994351277	1	0.942583994351277	1	NA	"prevalence"	26	3
"NODE_867_length_5878_cov_6.202645"	"PrePostFVT"	"Post"	"PrePostFVTPost"	0.336645968422101	0	1.32010957648175	0.798712552477826	1	0.798712552477826	1	NA	"prevalence"	26	3
"NODE_868_length_3871_cov_11.976677"	"PrePostFVT"	"During"	"PrePostFVTDuring"	14.3125890216836	0	1024.00030625049	0.988848224050594	1	0.772922446066095	1	NA	"prevalence"	26	22
"NODE_868_length_3871_cov_11.976677"	"PrePostFVT"	"Post"	"PrePostFVTPost"	1.29940486284993	0	1.32576097605715	0.327026882277546	1	0.547107182822921	1	NA	"prevalence"	26	22
"NODE_87_length_21677_cov_16.894321"	"PrePostFVT"	"During"	"PrePostFVTDuring"	-0.859974122746015	0	1.5891049813345	0.588391202671212	1	0.830578197961549	1	NA	"prevalence"	26	14
"NODE_871_length_5587_cov_53.783442"	"PrePostFVT"	"During"	"PrePostFVTDuring"	5.1292604332309	0	6.57449766755801	0.435287721879983	1	0.6811000429405	1	NA	"prevalence"	26	22
"NODE_871_length_5587_cov_53.783442"	"PrePostFVT"	"Post"	"PrePostFVTPost"	5.1292604332309	0	3.83945089941726	0.181570213637625	1	0.0972217304287659	0.715439633840963	NA	"prevalence"	26	22
"NODE_877_length_4119_cov_7.801919"	"PrePostFVT"	"During"	"PrePostFVTDuring"	1.28865172501141e-17	0	1.22474500522586	1	1	0.4433552805122	1	NA	"prevalence"	26	13
"NODE_877_length_4119_cov_7.801919"	"PrePostFVT"	"Post"	"PrePostFVTPost"	1.63229218501447e-16	0	0.912870738735626	1	1	0.0315729439253476	0.404180113044339	NA	"prevalence"	26	13
"NODE_877_length_7168_cov_3.728947"	"PrePostFVT"	"During"	"PrePostFVTDuring"	0.847258735149654	0	1.57358775090931	0.590283780210891	1	0.590283780210891	1	NA	"prevalence"	26	5
"NODE_877_length_7168_cov_3.728947"	"PrePostFVT"	"Post"	"PrePostFVTPost"	0.847277988113092	0	1.25987260932172	0.501258540844212	1	0.501258540844212	1	NA	"prevalence"	26	5
"NODE_879_length_5803_cov_5.746173"	"PrePostFVT"	"During"	"PrePostFVTDuring"	-5.40565053460017e-30	0	1.44124576145091	1	1	0.83003859954141	1	NA	"prevalence"	26	19
"NODE_879_length_5803_cov_5.746173"	"PrePostFVT"	"Post"	"PrePostFVTPost"	9.3363809289293e-31	0	1.07424141914409	1	1	0.514985242386528	1	NA	"prevalence"	26	19
"NODE_880_length_9528_cov_672.428798"	"PrePostFVT"	"During"	"PrePostFVTDuring"	-8.86989630947696e-14	0	3.29983183736731	0.999999999999979	1	0.999999999999979	1	NA	"prevalence"	26	5
"NODE_880_length_9528_cov_672.428798"	"PrePostFVT"	"Post"	"PrePostFVTPost"	2.29031496022378	0	2.01359270550436	0.255359773628383	1	0.255359773628383	1	NA	"prevalence"	26	5
"NODE_883_length_5475_cov_5.002030"	"PrePostFVT"	"During"	"PrePostFVTDuring"	2.20964134909741e-06	0	1.41421483614644	0.99999875334449	1	0.837834245022931	1	NA	"prevalence"	26	20
"NODE_883_length_5475_cov_5.002030"	"PrePostFVT"	"Post"	"PrePostFVTPost"	0.510825694746826	0	1.12546292374151	0.649914826513122	1	0.825718202533079	1	NA	"prevalence"	26	20
"NODE_883_length_7119_cov_7.220838"	"PrePostFVT"	"During"	"PrePostFVTDuring"	-0.575658497900973	0	1.31833067136167	0.662360018124865	1	0.885999242639358	1	NA	"prevalence"	26	16
"NODE_883_length_7119_cov_7.220838"	"PrePostFVT"	"Post"	"PrePostFVTPost"	0.203551903061719	0	1.00543870661003	0.839564292535158	1	0.855192550356132	1	NA	"prevalence"	26	16
"NODE_888_length_3605_cov_9.453803"	"PrePostFVT"	"During"	"PrePostFVTDuring"	4.58062647013003	0	8.2349235752619	0.578044093659542	1	0.821953213104402	1	NA	"prevalence"	26	20
"NODE_888_length_3605_cov_9.453803"	"PrePostFVT"	"Post"	"PrePostFVTPost"	3.69559204633376e-15	0	1.03069446169142	0.999999999999997	1	0.0674551049357243	0.602253013810749	NA	"prevalence"	26	20
"NODE_888_length_4795_cov_5.692405"	"PrePostFVT"	"During"	"PrePostFVTDuring"	0	0	3.2998296956836	1	1	0.952392764742652	1	NA	"prevalence"	26	24
"NODE_888_length_4795_cov_5.692405"	"PrePostFVT"	"Post"	"PrePostFVTPost"	-1.23632920280551	0	2.11197231441812	0.558284960643895	1	0.0247772687984729	0.355118352795252	NA	"prevalence"	26	24
"NODE_89_length_11981_cov_11.675918"	"PrePostFVT"	"During"	"PrePostFVTDuring"	12.3632376671644	0	655.915071524705	0.984961692738242	1	0.192826580042578	0.945665002405994	NA	"prevalence"	26	25
"NODE_89_length_11981_cov_11.675918"	"PrePostFVT"	"Post"	"PrePostFVTPost"	14.0120484847607	0	965.48040605322	0.988420681949382	1	0.0135030574911461	0.252783044000917	NA	"prevalence"	26	25
"NODE_896_length_9114_cov_63.168230"	"PrePostFVT"	"During"	"PrePostFVTDuring"	1.0985325283494	0	1.29099151443626	0.394812921006126	1	0.394812921006126	1	NA	"prevalence"	26	6
"NODE_896_length_9114_cov_63.168230"	"PrePostFVT"	"Post"	"PrePostFVTPost"	-1.29919951690231	0	1.3256964398193	0.327079786608435	1	0.327079786608435	1	NA	"prevalence"	26	6
"NODE_898_length_3266_cov_36.398941"	"PrePostFVT"	"During"	"PrePostFVTDuring"	5.12926043323091	0	6.57451480291024	0.435288918593376	1	0.681101394536561	1	NA	"prevalence"	26	22
"NODE_898_length_3266_cov_36.398941"	"PrePostFVT"	"Post"	"PrePostFVTPost"	5.1292604332309	0	3.8394542787936	0.181570598003676	1	0.00743877162390225	0.178705918231657	NA	"prevalence"	26	22
"NODE_898_length_6495_cov_6.899224"	"PrePostFVT"	"During"	"PrePostFVTDuring"	-12.0267361620219	0	537.832229856224	0.982159590097369	1	0.982159590097369	1	NA	"prevalence"	26	2
"NODE_898_length_6495_cov_6.899224"	"PrePostFVT"	"Post"	"PrePostFVTPost"	-0.452138459703416	0	1.49456978847938	0.762255073780111	1	0.762255073780111	1	NA	"prevalence"	26	2
"NODE_90_length_62992_cov_10.132212|provirus_26642_40949"	"PrePostFVT"	"During"	"PrePostFVTDuring"	-0.8665353387081	0	1.59753648678319	0.587529378435055	1	0.829867986345828	1	NA	"prevalence"	26	21
"NODE_90_length_62992_cov_10.132212|provirus_26642_40949"	"PrePostFVT"	"Post"	"PrePostFVTPost"	-0.34301365826876	0	1.33276951409657	0.796893872830484	1	0.826922456096226	1	NA	"prevalence"	26	21
"NODE_902_length_5520_cov_8.255810"	"PrePostFVT"	"During"	"PrePostFVTDuring"	-4.02250249570211e-14	0	16.556690583339	0.999999999999998	1	0.841973501593324	1	NA	"prevalence"	26	25
"NODE_907_length_3696_cov_59.322164"	"PrePostFVT"	"During"	"PrePostFVTDuring"	-1.65512821552243	0	1.4063012302281	0.239220577601325	1	0.301674353275307	1	NA	"prevalence"	26	13
"NODE_907_length_3696_cov_59.322164"	"PrePostFVT"	"Post"	"PrePostFVTPost"	-0.179268055372521	0	0.949888108494668	0.850308008218921	1	0.922192244953545	1	NA	"prevalence"	26	13
"NODE_908_length_6433_cov_7.265130"	"PrePostFVT"	"During"	"PrePostFVTDuring"	-10.6665118054251	0	276.154398777847	0.969189231022203	1	0.969189231022203	1	NA	"prevalence"	26	3
"NODE_908_length_6433_cov_7.265130"	"PrePostFVT"	"Post"	"PrePostFVTPost"	0.33607996976962	0	1.32008557060919	0.799040143832394	1	0.799040143832394	1	NA	"prevalence"	26	3
"NODE_908_length_7168_cov_5.459440"	"PrePostFVT"	"During"	"PrePostFVTDuring"	14.2797139447697	0	482.721657326689	0.976400682194351	1	0.507676348964929	1	NA	"prevalence"	26	21
"NODE_908_length_7168_cov_5.459440"	"PrePostFVT"	"Post"	"PrePostFVTPost"	15.3009348989345	0	482.721800234542	0.97471351883469	1	0.045751524663628	0.479839785779376	NA	"prevalence"	26	21
"NODE_909_length_6938_cov_5.084556"	"PrePostFVT"	"During"	"PrePostFVTDuring"	-12.31891345717	0	617.496118734159	0.984083432091073	1	0.984083432091073	1	NA	"prevalence"	26	4
"NODE_909_length_6938_cov_5.084556"	"PrePostFVT"	"Post"	"PrePostFVTPost"	0.847351563231627	0	1.2598990323113	0.501230352829354	1	0.561281750080464	1	NA	"prevalence"	26	4
"NODE_912_length_8730_cov_850.056254"	"PrePostFVT"	"During"	"PrePostFVTDuring"	0.847277905763881	0	1.57359359138599	0.59027675079915	1	0.832126859064298	1	NA	"prevalence"	26	11
"NODE_913_length_5947_cov_9.871181"	"PrePostFVT"	"During"	"PrePostFVTDuring"	0.593195467558331	0	1.37457552142407	0.666069879465565	1	0.888490674599857	1	NA	"prevalence"	26	17
"NODE_913_length_5947_cov_9.871181"	"PrePostFVT"	"Post"	"PrePostFVTPost"	0.184217579621368	0	0.958350310293802	0.847567033572812	1	0.976764190746208	1	NA	"prevalence"	26	17
"NODE_915_length_3149_cov_9.552683"	"PrePostFVT"	"During"	"PrePostFVTDuring"	0	0	3.2998296956836	1	1	0.984534111169185	1	NA	"prevalence"	26	24
"NODE_915_length_3149_cov_9.552683"	"PrePostFVT"	"Post"	"PrePostFVTPost"	-1.23632920280551	0	2.11197231441812	0.558284960643895	1	0.163810874447576	0.925956923419579	NA	"prevalence"	26	24
"NODE_920_length_3634_cov_6.538698"	"PrePostFVT"	"During"	"PrePostFVTDuring"	-1.09861073217941	0	1.35400654740351	0.417148795458984	1	0.346074197886664	1	NA	"prevalence"	26	11
"NODE_920_length_3634_cov_6.538698"	"PrePostFVT"	"Post"	"PrePostFVTPost"	2.7409281800664e-06	0	0.912870798587991	0.999997604322232	1	0.0153689100859706	0.278721588121612	NA	"prevalence"	26	11
"NODE_920_length_3929_cov_113.413268"	"PrePostFVT"	"During"	"PrePostFVTDuring"	0	0	3.29982446048068	1	1	1	1	NA	"prevalence"	26	6
"NODE_920_length_3929_cov_113.413268"	"PrePostFVT"	"Post"	"PrePostFVTPost"	2.6557995107584	0	1.99956645060922	0.184116115719928	1	0.184116115719928	0.933001624112053	NA	"prevalence"	26	6
"NODE_928_length_4652_cov_7.668915"	"PrePostFVT"	"During"	"PrePostFVTDuring"	11.730888405003	0	308.748733589799	0.96969171951805	1	0.996843932906016	1	NA	"prevalence"	26	21
"NODE_928_length_4652_cov_7.668915"	"PrePostFVT"	"Post"	"PrePostFVTPost"	0.510861137283849	0	1.12546596035247	0.649893040892184	1	0.877425117184278	1	NA	"prevalence"	26	21
"NODE_930_length_4573_cov_5.266932"	"PrePostFVT"	"During"	"PrePostFVTDuring"	-12.7172547881841	0	482.718845433645	0.978982118252809	1	0.978982118252809	1	NA	"prevalence"	26	10
"NODE_930_length_4573_cov_5.266932"	"PrePostFVT"	"Post"	"PrePostFVTPost"	1.43580135889677	0	1.00483181669541	0.153033785338388	1	0.282648231221781	1	NA	"prevalence"	26	10
"NODE_931_length_8430_cov_18.747463"	"PrePostFVT"	"During"	"PrePostFVTDuring"	7.23440334038175e-09	0	1.42300997041558	0.999999995943655	1	0.0504186305491413	0.49313952688795	NA	"prevalence"	26	9
"NODE_931_length_8430_cov_18.747463"	"PrePostFVT"	"Post"	"PrePostFVTPost"	0.773664628331659	0	1.01760763243743	0.447088468863114	1	0.233019255699083	1	NA	"prevalence"	26	9
"NODE_935_length_4543_cov_8.768048"	"PrePostFVT"	"During"	"PrePostFVTDuring"	-12.0267361620219	0	537.832229856224	0.982159590097369	1	0.982159590097369	1	NA	"prevalence"	26	2
"NODE_935_length_4543_cov_8.768048"	"PrePostFVT"	"Post"	"PrePostFVTPost"	-0.452138459703416	0	1.49456978847938	0.762255073780111	1	0.762255073780111	1	NA	"prevalence"	26	2
"NODE_937_length_6155_cov_17.701311"	"PrePostFVT"	"During"	"PrePostFVTDuring"	11.217996268122	0	147.818621615727	0.939506391693375	1	0.472162654059744	1	NA	"prevalence"	26	21
"NODE_937_length_6155_cov_17.701311"	"PrePostFVT"	"Post"	"PrePostFVTPost"	0.530176938968812	0	1.15131251316383	0.64515891313438	1	0.387487628762444	1	NA	"prevalence"	26	21
"NODE_938_length_3852_cov_8.090071"	"PrePostFVT"	"During"	"PrePostFVTDuring"	-4.02250249570211e-14	0	16.556690583339	0.999999999999998	1	0.990364133975521	1	NA	"prevalence"	26	25
"NODE_943_length_3363_cov_98.457981"	"PrePostFVT"	"During"	"PrePostFVTDuring"	-0.602312405346958	0	1.3839910891642	0.663417533531424	1	0.875681780437832	1	NA	"prevalence"	26	11
"NODE_943_length_3363_cov_98.457981"	"PrePostFVT"	"Post"	"PrePostFVTPost"	0.179191316952331	0	0.949217481023105	0.850266865364205	1	0.742249044145087	1	NA	"prevalence"	26	11
"NODE_947_length_5858_cov_6.238325"	"PrePostFVT"	"During"	"PrePostFVTDuring"	14.0302478950572	0	664.459216721851	0.983153689349818	1	0.941880174381954	1	NA	"prevalence"	26	20
"NODE_947_length_5858_cov_6.238325"	"PrePostFVT"	"Post"	"PrePostFVTPost"	1.09868887445022	0	1.06457977367227	0.302053394943093	1	0.512870536489538	1	NA	"prevalence"	26	20
"NODE_948_length_5284_cov_5.944731"	"PrePostFVT"	"During"	"PrePostFVTDuring"	-8.50344708570665e-14	0	3.29983290820927	0.99999999999998	1	0.99999999999998	1	NA	"prevalence"	26	3
"NODE_948_length_5284_cov_5.944731"	"PrePostFVT"	"Post"	"PrePostFVTPost"	1.8489175514323	0	2.04207400713479	0.365247357761849	1	0.365247357761849	1	NA	"prevalence"	26	3
"NODE_952_length_5554_cov_6.763593"	"PrePostFVT"	"During"	"PrePostFVTDuring"	1.94603683071388	0	1.4638537840237	0.183718378217875	1	0.333684313940744	1	NA	"prevalence"	26	6
"NODE_952_length_5554_cov_6.763593"	"PrePostFVT"	"Post"	"PrePostFVTPost"	0.847324737272441	0	1.25988533272829	0.5012392490027	1	0.751237713264609	1	NA	"prevalence"	26	6
"NODE_954_length_4585_cov_15.544371"	"PrePostFVT"	"During"	"PrePostFVTDuring"	1.00525491507406e-14	0	3.29982779197015	0.999999999999998	1	0.870139300434667	1	NA	"prevalence"	26	22
"NODE_954_length_4585_cov_15.544371"	"PrePostFVT"	"Post"	"PrePostFVTPost"	-2.29031496022382	0	2.01359202221958	0.255359612355385	1	0.0113542550951098	0.229857652564955	NA	"prevalence"	26	22
"NODE_956_length_5512_cov_11.889316"	"PrePostFVT"	"During"	"PrePostFVTDuring"	1.6094521272999	0	1.3662608218666	0.238797516875118	1	0.420570779684514	1	NA	"prevalence"	26	11
"NODE_956_length_5512_cov_11.889316"	"PrePostFVT"	"Post"	"PrePostFVTPost"	0.174371281772225	0	0.93605160186739	0.852222183710745	1	0.93214990591425	1	NA	"prevalence"	26	11
"NODE_957_length_6801_cov_3.555885"	"PrePostFVT"	"During"	"PrePostFVTDuring"	6.59167306343819	0	13.5367047508734	0.626295089808072	1	0.795857370703004	1	NA	"prevalence"	26	17
"NODE_957_length_6801_cov_3.555885"	"PrePostFVT"	"Post"	"PrePostFVTPost"	0.640037355080195	0	0.932015227248255	0.492256582035347	1	0.0737988220800698	0.636058164561394	NA	"prevalence"	26	17
"NODE_959_length_2720_cov_600.235647"	"PrePostFVT"	"During"	"PrePostFVTDuring"	-2.94187656187232e-14	0	3.2998313614367	0.999999999999993	1	0.999999999999993	1	NA	"prevalence"	26	8
"NODE_960_length_6782_cov_11.387840"	"PrePostFVT"	"During"	"PrePostFVTDuring"	0	0	3.2998296956836	1	1	0.985672989267314	1	NA	"prevalence"	26	24
"NODE_960_length_6782_cov_11.387840"	"PrePostFVT"	"Post"	"PrePostFVTPost"	-1.23632920280551	0	2.11197231441812	0.558284960643895	1	0.0455163474195483	0.479839785779376	NA	"prevalence"	26	24
"NODE_961_length_5451_cov_5.767606"	"PrePostFVT"	"During"	"PrePostFVTDuring"	1.94603683071388	0	1.4638537840237	0.183718378217875	1	0.333684313940744	1	NA	"prevalence"	26	6
"NODE_961_length_5451_cov_5.767606"	"PrePostFVT"	"Post"	"PrePostFVTPost"	0.847324737272441	0	1.25988533272829	0.5012392490027	1	0.751237713264609	1	NA	"prevalence"	26	6
"NODE_962_length_8216_cov_5.455581"	"PrePostFVT"	"During"	"PrePostFVTDuring"	-1.17233532052094	0	1.37287713583171	0.393146057280134	1	0.631728292205353	1	NA	"prevalence"	26	14
"NODE_962_length_8216_cov_5.455581"	"PrePostFVT"	"Post"	"PrePostFVTPost"	0.714004714264578	0	0.936831459236216	0.445971364509313	1	0.516884281250811	1	NA	"prevalence"	26	14
"NODE_971_length_2671_cov_4.974006"	"PrePostFVT"	"During"	"PrePostFVTDuring"	-4.02250249570211e-14	0	16.556690583339	0.999999999999998	1	0.257596399538081	1	NA	"prevalence"	26	25
"NODE_971_length_5388_cov_2.846240"	"PrePostFVT"	"During"	"PrePostFVTDuring"	-1.07217446808414e-13	0	3.29982802993334	0.999999999999974	1	0.999999999999974	1	NA	"prevalence"	26	4
"NODE_971_length_5388_cov_2.846240"	"PrePostFVT"	"Post"	"PrePostFVTPost"	2.65579766059997	0	1.99956899037362	0.184116978490986	1	0.184116978490986	0.933001624112053	NA	"prevalence"	26	4
"NODE_976_length_5283_cov_79.848317"	"PrePostFVT"	"During"	"PrePostFVTDuring"	4.04121180963559e-14	0	16.5567388404407	0.999999999999998	1	0.999999999999998	1	NA	"prevalence"	26	2
"NODE_976_length_5283_cov_79.848317"	"PrePostFVT"	"Post"	"PrePostFVTPost"	4.34056083257155e-14	0	12.3406658937263	0.999999999999997	1	0.999999999999997	1	NA	"prevalence"	26	2
"NODE_977_length_3003_cov_5.709634"	"PrePostFVT"	"During"	"PrePostFVTDuring"	-4.02250249570211e-14	0	16.556690583339	0.999999999999998	1	0.97006872709893	1	NA	"prevalence"	26	25
"NODE_98_length_33801_cov_18.976797"	"PrePostFVT"	"During"	"PrePostFVTDuring"	5.1292604332309	0	6.57449766755801	0.435287721879983	1	0.6811000429405	1	NA	"prevalence"	26	22
"NODE_98_length_33801_cov_18.976797"	"PrePostFVT"	"Post"	"PrePostFVTPost"	5.1292604332309	0	3.83945089941726	0.181570213637625	1	0.116082209924673	0.783961442215407	NA	"prevalence"	26	22
"NODE_984_length_4725_cov_6.130835"	"PrePostFVT"	"During"	"PrePostFVTDuring"	14.7968236429533	0	73.757211408826	0.840999409004736	1	0.420016390954338	1	NA	"prevalence"	26	19
"NODE_984_length_4725_cov_6.130835"	"PrePostFVT"	"Post"	"PrePostFVTPost"	0.605155897958888	0	1.00957064002878	0.548893460778928	1	0.796502890271988	1	NA	"prevalence"	26	19
"NODE_987_length_3306_cov_8.760689"	"PrePostFVT"	"During"	"PrePostFVTDuring"	-0.510834088669371	0	1.23827893866358	0.67994692616475	1	0.897566029928608	1	NA	"prevalence"	26	13
"NODE_987_length_3306_cov_8.760689"	"PrePostFVT"	"Post"	"PrePostFVTPost"	-0.847297342120861	0	0.93605051566803	0.365368260770173	1	0.0865075120675808	0.681491305473566	NA	"prevalence"	26	13
"NODE_99_length_21899_cov_271.349387"	"PrePostFVT"	"During"	"PrePostFVTDuring"	0	0	1.38282107327564	1	1	0.887357879556926	1	NA	"prevalence"	26	9
"NODE_99_length_21899_cov_271.349387"	"PrePostFVT"	"Post"	"PrePostFVTPost"	0.365484504446975	0	1.00302044371741	0.71557135373723	1	0.115296645637603	0.783961442215407	NA	"prevalence"	26	9
"NODE_990_length_3671_cov_7.958794"	"PrePostFVT"	"During"	"PrePostFVTDuring"	0.602408639968027	0	1.38473865912399	0.663537621601122	1	0.865848614163007	1	NA	"prevalence"	26	16
"NODE_990_length_3671_cov_7.958794"	"PrePostFVT"	"Post"	"PrePostFVTPost"	-0.179729799512598	0	0.949863816474533	0.84992322467234	1	0.766483129124373	1	NA	"prevalence"	26	16
"NODE_990_length_4014_cov_42.693609"	"PrePostFVT"	"During"	"PrePostFVTDuring"	-12.6916095296211	0	373.912681823599	0.972922835555588	1	0.972922835555588	1	NA	"prevalence"	26	8
"NODE_990_length_4014_cov_42.693609"	"PrePostFVT"	"Post"	"PrePostFVTPost"	0.173982756473474	0	0.936034020970232	0.852544938455521	1	0.184349545487964	0.933001624112053	NA	"prevalence"	26	8
"NODE_995_length_7936_cov_20.092755"	"PrePostFVT"	"During"	"PrePostFVTDuring"	-0.521169009355517	0	1.25383454055799	0.677658730876237	1	0.896096106219682	1	NA	"prevalence"	26	17
"NODE_995_length_7936_cov_20.092755"	"PrePostFVT"	"Post"	"PrePostFVTPost"	0.59801581446245	0	1.00100485797885	0.550230009915669	1	0.797706956019541	1	NA	"prevalence"	26	17
"NODE_996_length_5248_cov_12.190449"	"PrePostFVT"	"During"	"PrePostFVTDuring"	-0.587990079430657	0	1.36624177435574	0.666926191408605	1	0.889061838030423	1	NA	"prevalence"	26	13
"NODE_996_length_5248_cov_12.190449"	"PrePostFVT"	"Post"	"PrePostFVTPost"	1.20379347242969	0	0.953052563189702	0.206555966275497	1	0.37044656534699	1	NA	"prevalence"	26	13
"NODE_996_length_7267_cov_6.743899"	"PrePostFVT"	"During"	"PrePostFVTDuring"	1.94587810478463	0	1.46384757662754	0.183752276194278	1	0.333739653381977	1	NA	"prevalence"	26	7
"NODE_996_length_7267_cov_6.743899"	"PrePostFVT"	"Post"	"PrePostFVTPost"	1.25276760493403	0	1.23201003249801	0.309225485970543	1	0.522830570767367	1	NA	"prevalence"	26	7
"NODE_998_length_3199_cov_3.878181"	"PrePostFVT"	"During"	"PrePostFVTDuring"	-1.18636228039633e-16	0	1.22474526072778	1	1	0.924800004982756	1	NA	"prevalence"	26	16
"NODE_998_length_3199_cov_3.878181"	"PrePostFVT"	"Post"	"PrePostFVTPost"	1.17233532674577	0	0.980611207043904	0.231885911260468	1	0.0899385947377221	0.699031667135599	NA	"prevalence"	26	16
"NODE_999_length_5046_cov_25.372470"	"PrePostFVT"	"During"	"PrePostFVTDuring"	12.5841302887883	0	18.8978019674385	0.505472180601641	1	0.755442235841104	1	NA	"prevalence"	26	24
"NODE_999_length_5046_cov_25.372470"	"PrePostFVT"	"Post"	"PrePostFVTPost"	0.507741675082459	0	1.58934481627756	0.749373148731865	1	0.555546655804762	1	NA	"prevalence"	26	24
"NODE_1086_length_7321_cov_7.431599"	"PrePostFVT"	"Post"	"PrePostFVTPost"	-1.23632920280551	0	2.11197231441812	0.558284960643895	1	0.0015392523012663	0.166580652463964	"Prevalence association possibly induced by stronger abundance association"	"prevalence"	26	24
"NODE_1150_length_3473_cov_5.646870"	"PrePostFVT"	"Post"	"PrePostFVTPost"	-4.23454138694841e-14	0	12.3406153100066	0.999999999999997	1	0.00383159597925209	0.177850570113042	"Prevalence association possibly induced by stronger abundance association"	"prevalence"	26	25
"NODE_1158_length_3043_cov_3.853414"	"PrePostFVT"	"Post"	"PrePostFVTPost"	-4.23454138694841e-14	0	12.3406153100066	0.999999999999997	1	0.00634698080293183	0.178705918231657	"Prevalence association possibly induced by stronger abundance association"	"prevalence"	26	25
"NODE_1299_length_4337_cov_85.098085"	"PrePostFVT"	"Post"	"PrePostFVTPost"	-4.23454138694841e-14	0	12.3406153100066	0.999999999999997	1	0.00743494023200353	0.178705918231657	"Prevalence association possibly induced by stronger abundance association"	"prevalence"	26	25
"NODE_1376_length_2860_cov_17.377184"	"PrePostFVT"	"Post"	"PrePostFVTPost"	-4.23454138694841e-14	0	12.3406153100066	0.999999999999997	1	0.00235310705002321	0.166580652463964	"Prevalence association possibly induced by stronger abundance association"	"prevalence"	26	25
"NODE_1665_length_2883_cov_17.205799"	"PrePostFVT"	"Post"	"PrePostFVTPost"	-4.23454138694841e-14	0	12.3406153100066	0.999999999999997	1	0.00414053614567471	0.177850570113042	"Prevalence association possibly induced by stronger abundance association"	"prevalence"	26	25
"NODE_1700_length_2749_cov_7.180772"	"PrePostFVT"	"Post"	"PrePostFVTPost"	-4.23454138694841e-14	0	12.3406153100066	0.999999999999997	1	0.00665899181810632	0.178705918231657	"Prevalence association possibly induced by stronger abundance association"	"prevalence"	26	25
"NODE_1723_length_3057_cov_7.331113"	"PrePostFVT"	"Post"	"PrePostFVTPost"	-4.23454138694841e-14	0	12.3406153100066	0.999999999999997	1	0.00701860784844192	0.178705918231657	"Prevalence association possibly induced by stronger abundance association"	"prevalence"	26	25
"NODE_18_length_170276_cov_137.036740|provirus_122720_154544"	"PrePostFVT"	"Post"	"PrePostFVTPost"	-4.23454138694841e-14	0	12.3406153100066	0.999999999999997	1	0.00545339399475362	0.178705918231657	"Prevalence association possibly induced by stronger abundance association"	"prevalence"	26	25
"NODE_1811_length_4326_cov_11.406696"	"PrePostFVT"	"Post"	"PrePostFVTPost"	-4.23454138694841e-14	0	12.3406153100066	0.999999999999997	1	0.00550400690852052	0.178705918231657	"Prevalence association possibly induced by stronger abundance association"	"prevalence"	26	25
"NODE_1931_length_2526_cov_16.422096"	"PrePostFVT"	"Post"	"PrePostFVTPost"	-4.23454138694841e-14	0	12.3406153100066	0.999999999999997	1	0.00454834156600448	0.177850570113042	"Prevalence association possibly induced by stronger abundance association"	"prevalence"	26	25
"NODE_1960_length_3491_cov_16.300058"	"PrePostFVT"	"Post"	"PrePostFVTPost"	-1.23632920280552	0	2.11197082530628	0.558284683175974	1	0.0033417374891211	0.177850570113042	"Prevalence association possibly induced by stronger abundance association"	"prevalence"	26	24
"NODE_201_length_27274_cov_8.129836"	"PrePostFVT"	"Post"	"PrePostFVTPost"	-4.23454138694841e-14	0	12.3406153100066	0.999999999999997	1	0.00538348207183306	0.178705918231657	"Prevalence association possibly induced by stronger abundance association"	"prevalence"	26	25
"NODE_2205_length_3140_cov_13.088493"	"PrePostFVT"	"Post"	"PrePostFVTPost"	-4.23454138694841e-14	0	12.3406153100066	0.999999999999997	1	0.00338128074133427	0.177850570113042	"Prevalence association possibly induced by stronger abundance association"	"prevalence"	26	25
"NODE_2297_length_1338_cov_4.257989"	"PrePostFVT"	"Post"	"PrePostFVTPost"	-4.23454138694841e-14	0	12.3406153100066	0.999999999999997	1	0.00207812484320219	0.166580652463964	"Prevalence association possibly induced by stronger abundance association"	"prevalence"	26	25
"NODE_244_length_13727_cov_20.945802"	"PrePostFVT"	"Post"	"PrePostFVTPost"	-4.23454138694841e-14	0	12.3406153100066	0.999999999999997	1	0.000152489178193293	0.0442472765390872	"Prevalence association possibly induced by stronger abundance association"	"prevalence"	26	25
"NODE_2460_length_2605_cov_26.049804"	"PrePostFVT"	"Post"	"PrePostFVTPost"	-1.84891755143231	0	2.04207546913694	0.365247701044328	1	0.00768116507511447	0.178705918231657	"Prevalence association possibly induced by stronger abundance association"	"prevalence"	26	23
"NODE_266_length_13446_cov_8.802479"	"PrePostFVT"	"Post"	"PrePostFVTPost"	-1.23632920280551	0	2.11197231441812	0.558284960643895	1	0.00576069650941483	0.178705918231657	"Prevalence association possibly induced by stronger abundance association"	"prevalence"	26	24
"NODE_281_length_12466_cov_5.775038"	"PrePostFVT"	"Post"	"PrePostFVTPost"	-4.23454138694841e-14	0	12.3406153100066	0.999999999999997	1	0.00536171346930389	0.178705918231657	"Prevalence association possibly induced by stronger abundance association"	"prevalence"	26	25
"NODE_2814_length_2535_cov_17.660484"	"PrePostFVT"	"Post"	"PrePostFVTPost"	-1.23632920280552	0	2.11197082530628	0.558284683175974	1	0.011761403494165	0.233332472479739	"Prevalence association possibly induced by stronger abundance association"	"prevalence"	26	25
"NODE_286_length_13153_cov_47.017331"	"PrePostFVT"	"Post"	"PrePostFVTPost"	-4.23454138694841e-14	0	12.3406153100066	0.999999999999997	1	0.00121678853723745	0.162956064871569	"Prevalence association possibly induced by stronger abundance association"	"prevalence"	26	25
"NODE_321_length_8192_cov_6.306624"	"PrePostFVT"	"Post"	"PrePostFVTPost"	-1.84891755143231	0	2.04207546913694	0.365247701044328	1	0.00711387307838916	0.178705918231657	"Prevalence association possibly induced by stronger abundance association"	"prevalence"	26	23
"NODE_322_length_15127_cov_72.883028"	"PrePostFVT"	"Post"	"PrePostFVTPost"	-1.23632920280552	0	2.11197082530628	0.558284683175974	1	0.00285816555404999	0.177850570113042	"Prevalence association possibly induced by stronger abundance association"	"prevalence"	26	25
"NODE_342_length_10504_cov_7.705618"	"PrePostFVT"	"Post"	"PrePostFVTPost"	-4.23454138694841e-14	0	12.3406153100066	0.999999999999997	1	0.00132829024058768	0.165182379204511	"Prevalence association possibly induced by stronger abundance association"	"prevalence"	26	25
"NODE_371_length_7093_cov_11.975703"	"PrePostFVT"	"Post"	"PrePostFVTPost"	-1.23632920280552	0	2.11197082530628	0.558284683175974	1	0.00340414064815582	0.177850570113042	"Prevalence association possibly induced by stronger abundance association"	"prevalence"	26	25
"NODE_3714_length_1904_cov_5.448891"	"PrePostFVT"	"Post"	"PrePostFVTPost"	-4.23454138694841e-14	0	12.3406153100066	0.999999999999997	1	0.00177542936122646	0.166580652463964	"Prevalence association possibly induced by stronger abundance association"	"prevalence"	26	25
"NODE_372_length_12857_cov_13.769099"	"PrePostFVT"	"Post"	"PrePostFVTPost"	-1.23632920280552	0	2.11197082530628	0.558284683175974	1	0.00453372019846925	0.177850570113042	"Prevalence association possibly induced by stronger abundance association"	"prevalence"	26	24
"NODE_386_length_12222_cov_6.937372"	"PrePostFVT"	"Post"	"PrePostFVTPost"	-4.23454138694841e-14	0	12.3406153100066	0.999999999999997	1	0.00852609840883814	0.184541673930142	"Prevalence association possibly induced by stronger abundance association"	"prevalence"	26	25
"NODE_420_length_8092_cov_8.250467"	"PrePostFVT"	"Post"	"PrePostFVTPost"	-1.23632920280551	0	2.11197231441812	0.558284960643895	1	0.0046949144248063	0.177850570113042	"Prevalence association possibly induced by stronger abundance association"	"prevalence"	26	24
"NODE_446_length_8151_cov_7.545949"	"PrePostFVT"	"Post"	"PrePostFVTPost"	-0.3368585202406	0	1.32022689769905	0.798605710408148	1	0.00761261399525482	0.178705918231657	"Prevalence association possibly induced by stronger abundance association"	"prevalence"	26	22
"NODE_483_length_7947_cov_8.551191"	"PrePostFVT"	"Post"	"PrePostFVTPost"	-1.23632920280551	0	2.11197231441812	0.558284960643895	1	0.00625412349191256	0.178705918231657	"Prevalence association possibly induced by stronger abundance association"	"prevalence"	26	25
"NODE_492_length_8732_cov_6.818716"	"PrePostFVT"	"Post"	"PrePostFVTPost"	-4.23454138694841e-14	0	12.3406153100066	0.999999999999997	1	0.00163860385206039	0.166580652463964	"Prevalence association possibly induced by stronger abundance association"	"prevalence"	26	25
"NODE_554_length_7991_cov_8.091482"	"PrePostFVT"	"Post"	"PrePostFVTPost"	-4.23454138694841e-14	0	12.3406153100066	0.999999999999997	1	0.00329791934659947	0.177850570113042	"Prevalence association possibly induced by stronger abundance association"	"prevalence"	26	25
"NODE_562_length_6184_cov_8.894926"	"PrePostFVT"	"Post"	"PrePostFVTPost"	-1.84891755143231	0	2.04207546913694	0.365247701044328	1	0.00321610198876253	0.177850570113042	"Prevalence association possibly induced by stronger abundance association"	"prevalence"	26	23
"NODE_590_length_6739_cov_4.358767"	"PrePostFVT"	"Post"	"PrePostFVTPost"	-1.84891755143231	0	2.04207546913694	0.365247701044328	1	0.004252167017138	0.177850570113042	"Prevalence association possibly induced by stronger abundance association"	"prevalence"	26	23
"NODE_663_length_9363_cov_7.272561"	"PrePostFVT"	"Post"	"PrePostFVTPost"	-1.84891755143231	0	2.04207546913694	0.365247701044328	1	0.00735799319299114	0.178705918231657	"Prevalence association possibly induced by stronger abundance association"	"prevalence"	26	23
"NODE_674_length_8037_cov_6.040967"	"PrePostFVT"	"Post"	"PrePostFVTPost"	-4.23454138694841e-14	0	12.3406153100066	0.999999999999997	1	0.00495852531555824	0.178705918231657	"Prevalence association possibly induced by stronger abundance association"	"prevalence"	26	25
"NODE_765_length_5828_cov_11.426295"	"PrePostFVT"	"Post"	"PrePostFVTPost"	-1.23632920280551	0	2.11197231441812	0.558284960643895	1	0.0090914231957862	0.193026436388583	"Prevalence association possibly induced by stronger abundance association"	"prevalence"	26	24
"NODE_816_length_4609_cov_5.214756"	"PrePostFVT"	"Post"	"PrePostFVTPost"	-1.23632920280552	0	2.11197082530628	0.558284683175974	1	0.000985218364127538	0.142938764328837	"Prevalence association possibly induced by stronger abundance association"	"prevalence"	26	24
"NODE_830_length_4810_cov_5.175605"	"PrePostFVT"	"Post"	"PrePostFVTPost"	-4.23454138694841e-14	0	12.3406153100066	0.999999999999997	1	0.00349961413796271	0.177850570113042	"Prevalence association possibly induced by stronger abundance association"	"prevalence"	26	25
"NODE_835_length_5286_cov_13.774995"	"PrePostFVT"	"Post"	"PrePostFVTPost"	-4.23454138694841e-14	0	12.3406153100066	0.999999999999997	1	0.00430480555073646	0.177850570113042	"Prevalence association possibly induced by stronger abundance association"	"prevalence"	26	25
"NODE_852_length_3922_cov_6.695112"	"PrePostFVT"	"Post"	"PrePostFVTPost"	-4.23454138694841e-14	0	12.3406153100066	0.999999999999997	1	0.00239202545180878	0.166580652463964	"Prevalence association possibly induced by stronger abundance association"	"prevalence"	26	25
"NODE_864_length_5862_cov_26.281901"	"PrePostFVT"	"Post"	"PrePostFVTPost"	-4.23454138694841e-14	0	12.3406153100066	0.999999999999997	1	0.008585798729662	0.184541673930142	"Prevalence association possibly induced by stronger abundance association"	"prevalence"	26	25
"NODE_865_length_2666_cov_5.653007"	"PrePostFVT"	"Post"	"PrePostFVTPost"	-4.23454138694841e-14	0	12.3406153100066	0.999999999999997	1	0.00430541033333689	0.177850570113042	"Prevalence association possibly induced by stronger abundance association"	"prevalence"	26	25
"NODE_902_length_5520_cov_8.255810"	"PrePostFVT"	"Post"	"PrePostFVTPost"	-4.23454138694841e-14	0	12.3406153100066	0.999999999999997	1	0.00236261736332193	0.166580652463964	"Prevalence association possibly induced by stronger abundance association"	"prevalence"	26	25
"NODE_938_length_3852_cov_8.090071"	"PrePostFVT"	"Post"	"PrePostFVTPost"	-4.23454138694841e-14	0	12.3406153100066	0.999999999999997	1	0.00622678416957444	0.178705918231657	"Prevalence association possibly induced by stronger abundance association"	"prevalence"	26	25
"NODE_971_length_2671_cov_4.974006"	"PrePostFVT"	"Post"	"PrePostFVTPost"	-4.23454138694841e-14	0	12.3406153100066	0.999999999999997	1	0.000295053230182106	0.0605793668192756	"Prevalence association possibly induced by stronger abundance association"	"prevalence"	26	25
"NODE_977_length_3003_cov_5.709634"	"PrePostFVT"	"Post"	"PrePostFVTPost"	-4.23454138694841e-14	0	12.3406153100066	0.999999999999997	1	0.00438835562688749	0.177850570113042	"Prevalence association possibly induced by stronger abundance association"	"prevalence"	26	25
"NODE_1015_length_5103_cov_5.265848"	"PrePostFVT"	"During"	"PrePostFVTDuring"	NA	NA	NA	NA	NA	0.982662550343225	1	"number of levels of each grouping factor must be < number of observations (problems: AnimalID)"	"abundance"	26	3
"NODE_1015_length_5103_cov_5.265848"	"PrePostFVT"	"Post"	"PrePostFVTPost"	NA	NA	NA	NA	NA	0.798823810398848	1	"number of levels of each grouping factor must be < number of observations (problems: AnimalID)"	"abundance"	26	3
"NODE_1017_length_3175_cov_27.554487"	"PrePostFVT"	"During"	"PrePostFVTDuring"	NA	NA	NA	NA	NA	0.66717945103267	1	"number of levels of each grouping factor must be < number of observations (problems: AnimalID)"	"abundance"	26	4
"NODE_1017_length_3175_cov_27.554487"	"PrePostFVT"	"Post"	"PrePostFVTPost"	NA	NA	NA	NA	NA	0.985546331522495	1	"number of levels of each grouping factor must be < number of observations (problems: AnimalID)"	"abundance"	26	4
"NODE_1023_length_5456_cov_6.579893"	"PrePostFVT"	"During"	"PrePostFVTDuring"	NA	NA	NA	NA	NA	0.969274614770627	1	"convergence code 4 from Nelder_Mead: failure to converge in 100000 evaluations"	"abundance"	26	4
"NODE_1023_length_5456_cov_6.579893"	"PrePostFVT"	"Post"	"PrePostFVTPost"	-2.49184454184438	NA	7.13549116252193e-06	0.0920954577085243	NA	0.649744877196345	1	"convergence code 4 from Nelder_Mead: failure to converge in 100000 evaluations"	"abundance"	26	4
"NODE_1043_length_5009_cov_8.757771"	"PrePostFVT"	"During"	"PrePostFVTDuring"	NA	NA	NA	NA	NA	0.952312854934957	1	"grouping factors must have > 1 sampled level"	"abundance"	26	4
"NODE_1043_length_5009_cov_8.757771"	"PrePostFVT"	"Post"	"PrePostFVTPost"	NA	NA	NA	NA	NA	0.909149244386355	1	"grouping factors must have > 1 sampled level"	"abundance"	26	4
"NODE_1044_length_3348_cov_3.808381"	"PrePostFVT"	"During"	"PrePostFVTDuring"	NA	NA	NA	NA	NA	0.999999999999983	1	"No data points have the baseline factor level"	"abundance"	26	3
"NODE_1044_length_3348_cov_3.808381"	"PrePostFVT"	"Post"	"PrePostFVTPost"	NA	NA	NA	NA	NA	0.365247394565083	1	"No data points have the baseline factor level"	"abundance"	26	3
"NODE_1044_length_3426_cov_42.706022"	"PrePostFVT"	"During"	"PrePostFVTDuring"	NA	NA	NA	NA	NA	NA	NA	"No data points have the baseline factor level"	"abundance"	26	4
"NODE_1044_length_3426_cov_42.706022"	"PrePostFVT"	"Post"	"PrePostFVTPost"	NA	NA	NA	NA	NA	NA	NA	"No data points have the baseline factor level"	"abundance"	26	4
"NODE_1048_length_3412_cov_3.720882"	"PrePostFVT"	"During"	"PrePostFVTDuring"	NA	NA	NA	NA	NA	0.982662550343225	1	"number of levels of each grouping factor must be < number of observations (problems: AnimalID)"	"abundance"	26	3
"NODE_1048_length_3412_cov_3.720882"	"PrePostFVT"	"Post"	"PrePostFVTPost"	NA	NA	NA	NA	NA	0.798823810398848	1	"number of levels of each grouping factor must be < number of observations (problems: AnimalID)"	"abundance"	26	3
"NODE_1048_length_5983_cov_5.663293"	"PrePostFVT"	"During"	"PrePostFVTDuring"	NA	NA	NA	NA	NA	0.183779275949093	0.933001624112053	"number of levels of each grouping factor must be < number of observations (problems: AnimalID)"	"abundance"	26	4
"NODE_1048_length_5983_cov_5.663293"	"PrePostFVT"	"Post"	"PrePostFVTPost"	NA	NA	NA	NA	NA	0.762304291237708	1	"number of levels of each grouping factor must be < number of observations (problems: AnimalID)"	"abundance"	26	4
"NODE_105_length_34419_cov_13.781283|provirus_17286_34418"	"PrePostFVT"	"During"	"PrePostFVTDuring"	NA	NA	NA	NA	NA	0.983106541678154	1	"Fitting error (NA p-value returned from fitting procedure)"	"abundance"	26	5
"NODE_1057_length_3172_cov_99.676612"	"PrePostFVT"	"During"	"PrePostFVTDuring"	NA	NA	NA	NA	NA	0.999999999999975	1	"No data points have the baseline factor level"	"abundance"	26	8
"NODE_1057_length_3172_cov_99.676612"	"PrePostFVT"	"Post"	"PrePostFVTPost"	NA	NA	NA	NA	NA	0.0860992504167682	0.68135815897997	"No data points have the baseline factor level"	"abundance"	26	8
"NODE_1058_length_3319_cov_5.354473"	"PrePostFVT"	"During"	"PrePostFVTDuring"	NA	NA	NA	NA	NA	0.975490313898743	1	"Fitting error (NA p-value returned from fitting procedure)"	"abundance"	26	8
"NODE_1065_length_3478_cov_4.248028"	"PrePostFVT"	"During"	"PrePostFVTDuring"	NA	NA	NA	NA	NA	0.183779275949093	0.933001624112053	"number of levels of each grouping factor must be < number of observations (problems: AnimalID)"	"abundance"	26	4
"NODE_1065_length_3478_cov_4.248028"	"PrePostFVT"	"Post"	"PrePostFVTPost"	NA	NA	NA	NA	NA	0.762304291237708	1	"number of levels of each grouping factor must be < number of observations (problems: AnimalID)"	"abundance"	26	4
"NODE_1066_length_4261_cov_4.494532"	"PrePostFVT"	"During"	"PrePostFVTDuring"	NA	NA	NA	NA	NA	0.590069430689603	1	"number of levels of each grouping factor must be < number of observations (problems: AnimalID)"	"abundance"	26	2
"NODE_1066_length_4261_cov_4.494532"	"PrePostFVT"	"Post"	"PrePostFVTPost"	NA	NA	NA	NA	NA	0.97905593547766	1	"number of levels of each grouping factor must be < number of observations (problems: AnimalID)"	"abundance"	26	2
"NODE_1077_length_6283_cov_9.092807"	"PrePostFVT"	"During"	"PrePostFVTDuring"	0.0237812673571218	NA	0.436766784608926	0.965347487237174	NA	0.590284287366533	1	"Model may not have converged with 1 eigenvalue close to zero: 2.1e-10"	"abundance"	26	4
"NODE_1077_length_6283_cov_9.092807"	"PrePostFVT"	"Post"	"PrePostFVTPost"	-0.540204423763846	NA	0.387080958174477	0.395814600687699	NA	0.798785403309065	1	"Model may not have converged with 1 eigenvalue close to zero: 2.1e-10"	"abundance"	26	4
"NODE_108_length_16977_cov_116.663101"	"PrePostFVT"	"During"	"PrePostFVTDuring"	NA	NA	NA	NA	NA	1	1	"No data points have the baseline factor level"	"abundance"	26	5
"NODE_108_length_16977_cov_116.663101"	"PrePostFVT"	"Post"	"PrePostFVTPost"	NA	NA	NA	NA	NA	0.184116115719928	0.933001624112053	"No data points have the baseline factor level"	"abundance"	26	5
"NODE_1089_length_4636_cov_5.018118"	"PrePostFVT"	"During"	"PrePostFVTDuring"	NA	NA	NA	NA	NA	0.982662550343225	1	"number of levels of each grouping factor must be < number of observations (problems: AnimalID)"	"abundance"	26	3
"NODE_1089_length_4636_cov_5.018118"	"PrePostFVT"	"Post"	"PrePostFVTPost"	NA	NA	NA	NA	NA	0.798823810398848	1	"number of levels of each grouping factor must be < number of observations (problems: AnimalID)"	"abundance"	26	3
"NODE_1100_length_3241_cov_3.381984"	"PrePostFVT"	"During"	"PrePostFVTDuring"	NA	NA	NA	NA	NA	0.999999999999971	1	"No data points have the baseline factor level"	"abundance"	26	4
"NODE_1100_length_3241_cov_3.381984"	"PrePostFVT"	"Post"	"PrePostFVTPost"	NA	NA	NA	NA	NA	0.18411662513362	0.933001624112053	"No data points have the baseline factor level"	"abundance"	26	4
"NODE_1102_length_3264_cov_3.307884"	"PrePostFVT"	"During"	"PrePostFVTDuring"	NA	NA	NA	NA	NA	0.961567549520596	1	"Fitting error (NA p-value returned from fitting procedure)"	"abundance"	26	12
"NODE_1115_length_3181_cov_94.175944"	"PrePostFVT"	"During"	"PrePostFVTDuring"	NA	NA	NA	NA	NA	0.982334556930389	1	"Fitting error (NA p-value returned from fitting procedure)"	"abundance"	26	6
"NODE_1119_length_5023_cov_11.906200"	"PrePostFVT"	"During"	"PrePostFVTDuring"	NA	NA	NA	NA	NA	0.999529370527063	1	"contrasts can be applied only to factors with 2 or more levels"	"abundance"	26	6
"NODE_1119_length_5023_cov_11.906200"	"PrePostFVT"	"Post"	"PrePostFVTPost"	NA	NA	NA	NA	NA	0.99998267593935	1	"contrasts can be applied only to factors with 2 or more levels"	"abundance"	26	6
"NODE_1122_length_2806_cov_3.212650"	"PrePostFVT"	"During"	"PrePostFVTDuring"	NA	NA	NA	NA	NA	0.999999999999971	1	"No data points have the baseline factor level"	"abundance"	26	4
"NODE_1122_length_2806_cov_3.212650"	"PrePostFVT"	"Post"	"PrePostFVTPost"	NA	NA	NA	NA	NA	0.18411662513362	0.933001624112053	"No data points have the baseline factor level"	"abundance"	26	4
"NODE_1133_length_5136_cov_33.778981"	"PrePostFVT"	"During"	"PrePostFVTDuring"	NA	NA	NA	NA	NA	0.966119889000399	1	"Fitting error (NA p-value returned from fitting procedure)"	"abundance"	26	5
"NODE_114_length_41139_cov_24.287119"	"PrePostFVT"	"During"	"PrePostFVTDuring"	NA	NA	NA	NA	NA	0.999999999999993	1	"No data points have the baseline factor level"	"abundance"	26	6
"NODE_114_length_41139_cov_24.287119"	"PrePostFVT"	"Post"	"PrePostFVTPost"	NA	NA	NA	NA	NA	0.0978021567108788	0.715439633840963	"No data points have the baseline factor level"	"abundance"	26	6
"NODE_1179_length_1863_cov_4.367810"	"PrePostFVT"	"During"	"PrePostFVTDuring"	NA	NA	NA	NA	NA	0.959607405500177	1	"No data points have the baseline factor level"	"abundance"	26	4
"NODE_1179_length_1863_cov_4.367810"	"PrePostFVT"	"Post"	"PrePostFVTPost"	NA	NA	NA	NA	NA	0.961354014445643	1	"No data points have the baseline factor level"	"abundance"	26	4
"NODE_1180_length_2996_cov_24.596056"	"PrePostFVT"	"During"	"PrePostFVTDuring"	NA	NA	NA	NA	NA	0.999999999999979	1	"No data points have the baseline factor level"	"abundance"	26	3
"NODE_1180_length_2996_cov_24.596056"	"PrePostFVT"	"Post"	"PrePostFVTPost"	NA	NA	NA	NA	NA	0.255359773628383	1	"No data points have the baseline factor level"	"abundance"	26	3
"NODE_1186_length_4150_cov_3.537973"	"PrePostFVT"	"During"	"PrePostFVTDuring"	NA	NA	NA	NA	NA	0.999999999999971	1	"No data points have the baseline factor level"	"abundance"	26	2
"NODE_1186_length_4150_cov_3.537973"	"PrePostFVT"	"Post"	"PrePostFVTPost"	NA	NA	NA	NA	NA	0.365246115976955	1	"No data points have the baseline factor level"	"abundance"	26	2
"NODE_1213_length_5747_cov_6.697470"	"PrePostFVT"	"During"	"PrePostFVTDuring"	-0.248080879632774	NA	0.0588241093912345	0.0518834098559032	NA	0.053032738795723	0.504535509526523	"Model may not have converged with 1 eigenvalue close to zero: 3.9e-11"	"abundance"	26	5
"NODE_1213_length_5747_cov_6.697470"	"PrePostFVT"	"Post"	"PrePostFVTPost"	-1.6762979228626	NA	0.438242447103075	0.0620540394255155	NA	0.762020093454072	1	"Model may not have converged with 1 eigenvalue close to zero: 3.9e-11"	"abundance"	26	5
"NODE_1219_length_2329_cov_3.319261"	"PrePostFVT"	"During"	"PrePostFVTDuring"	NA	NA	NA	NA	NA	0.999999834332356	1	"No data points have the baseline factor level"	"abundance"	26	2
"NODE_1219_length_2329_cov_3.319261"	"PrePostFVT"	"Post"	"PrePostFVTPost"	NA	NA	NA	NA	NA	0.926188005518961	1	"No data points have the baseline factor level"	"abundance"	26	2
"NODE_124_length_39539_cov_31.076005"	"PrePostFVT"	"During"	"PrePostFVTDuring"	NA	NA	NA	NA	NA	0.989837837691254	1	"Fitting error (NA p-value returned from fitting procedure)"	"abundance"	26	7
"NODE_125_length_42935_cov_10.789366"	"PrePostFVT"	"During"	"PrePostFVTDuring"	NA	NA	NA	NA	NA	1	1	"No data points have the baseline factor level"	"abundance"	26	5
"NODE_125_length_42935_cov_10.789366"	"PrePostFVT"	"Post"	"PrePostFVTPost"	NA	NA	NA	NA	NA	0.134310447214361	0.80912513056522	"No data points have the baseline factor level"	"abundance"	26	5
"NODE_125_length_7892_cov_1006.475565"	"PrePostFVT"	"During"	"PrePostFVTDuring"	NA	NA	NA	NA	NA	0.979927245202558	1	"Fitting error (NA p-value returned from fitting procedure)"	"abundance"	26	9
"NODE_1253_length_4696_cov_4.147382"	"PrePostFVT"	"During"	"PrePostFVTDuring"	0.0175988012583668	NA	0.377786487145833	0.970350059524732	NA	0.590284287366533	1	"Model may not have converged with 1 eigenvalue close to zero: 1.7e-10"	"abundance"	26	4
"NODE_1253_length_4696_cov_4.147382"	"PrePostFVT"	"Post"	"PrePostFVTPost"	-0.247723173403257	NA	0.336077527331506	0.5956225039573	NA	0.798785403309065	1	"Model may not have converged with 1 eigenvalue close to zero: 1.7e-10"	"abundance"	26	4
"NODE_1258_length_2478_cov_5.522905"	"PrePostFVT"	"During"	"PrePostFVTDuring"	NA	NA	NA	NA	NA	0.999999999999979	1	"No data points have the baseline factor level"	"abundance"	26	3
"NODE_1258_length_2478_cov_5.522905"	"PrePostFVT"	"Post"	"PrePostFVTPost"	NA	NA	NA	NA	NA	0.255359773628383	1	"No data points have the baseline factor level"	"abundance"	26	3
"NODE_1260_length_5519_cov_9.765190"	"PrePostFVT"	"During"	"PrePostFVTDuring"	NA	NA	NA	NA	NA	0.183779275949093	0.933001624112053	"number of levels of each grouping factor must be < number of observations (problems: AnimalID)"	"abundance"	26	4
"NODE_1260_length_5519_cov_9.765190"	"PrePostFVT"	"Post"	"PrePostFVTPost"	NA	NA	NA	NA	NA	0.762304291237708	1	"number of levels of each grouping factor must be < number of observations (problems: AnimalID)"	"abundance"	26	4
"NODE_1264_length_2611_cov_5.178404"	"PrePostFVT"	"During"	"PrePostFVTDuring"	NA	NA	NA	NA	NA	0.952312854934957	1	"grouping factors must have > 1 sampled level"	"abundance"	26	4
"NODE_1264_length_2611_cov_5.178404"	"PrePostFVT"	"Post"	"PrePostFVTPost"	NA	NA	NA	NA	NA	0.909149244386355	1	"grouping factors must have > 1 sampled level"	"abundance"	26	4
"NODE_1264_length_2799_cov_3.494169"	"PrePostFVT"	"During"	"PrePostFVTDuring"	NA	NA	NA	NA	NA	0.999999999999981	1	"No data points have the baseline factor level"	"abundance"	26	2
"NODE_1264_length_2799_cov_3.494169"	"PrePostFVT"	"Post"	"PrePostFVTPost"	NA	NA	NA	NA	NA	0.365247349420622	1	"No data points have the baseline factor level"	"abundance"	26	2
"NODE_1268_length_4917_cov_20.181201"	"PrePostFVT"	"During"	"PrePostFVTDuring"	NA	NA	NA	NA	NA	0.183779275949093	0.933001624112053	"number of levels of each grouping factor must be < number of observations (problems: AnimalID)"	"abundance"	26	5
"NODE_1268_length_4917_cov_20.181201"	"PrePostFVT"	"Post"	"PrePostFVTPost"	NA	NA	NA	NA	NA	0.762304291237708	1	"number of levels of each grouping factor must be < number of observations (problems: AnimalID)"	"abundance"	26	5
"NODE_130_length_77265_cov_22.063904|provirus_67829_77021"	"PrePostFVT"	"During"	"PrePostFVTDuring"	NA	NA	NA	NA	NA	0.982159590097369	1	"number of levels of each grouping factor must be < number of observations (problems: AnimalID)"	"abundance"	26	2
"NODE_130_length_77265_cov_22.063904|provirus_67829_77021"	"PrePostFVT"	"Post"	"PrePostFVTPost"	NA	NA	NA	NA	NA	0.762255073780111	1	"number of levels of each grouping factor must be < number of observations (problems: AnimalID)"	"abundance"	26	2
"NODE_1301_length_3307_cov_6.593173"	"PrePostFVT"	"During"	"PrePostFVTDuring"	NA	NA	NA	NA	NA	0.626302731847273	1	"Fitting error (NA p-value returned from fitting procedure)"	"abundance"	26	12
"NODE_1305_length_4092_cov_12.236810"	"PrePostFVT"	"During"	"PrePostFVTDuring"	0.148796122226584	NA	0.434044284363988	0.764412157296764	NA	0.590283780210891	1	"Model may not have converged with 1 eigenvalue close to zero: 1.3e-10"	"abundance"	26	5
"NODE_1305_length_4092_cov_12.236810"	"PrePostFVT"	"Post"	"PrePostFVTPost"	0.557517193193171	NA	0.415452137152653	0.311668548043935	NA	0.501258540844212	1	"Model may not have converged with 1 eigenvalue close to zero: 1.3e-10"	"abundance"	26	5
"NODE_1312_length_2682_cov_3.681766"	"PrePostFVT"	"During"	"PrePostFVTDuring"	NA	NA	NA	NA	NA	0.999999999999971	1	"No data points have the baseline factor level"	"abundance"	26	4
"NODE_1312_length_2682_cov_3.681766"	"PrePostFVT"	"Post"	"PrePostFVTPost"	NA	NA	NA	NA	NA	0.18411662513362	0.933001624112053	"No data points have the baseline factor level"	"abundance"	26	4
"NODE_1324_length_4029_cov_5.772521"	"PrePostFVT"	"During"	"PrePostFVTDuring"	NA	NA	NA	NA	NA	0.977142969447272	1	"number of levels of each grouping factor must be < number of observations (problems: AnimalID)"	"abundance"	26	3
"NODE_1324_length_4029_cov_5.772521"	"PrePostFVT"	"Post"	"PrePostFVTPost"	NA	NA	NA	NA	NA	0.798953390770142	1	"number of levels of each grouping factor must be < number of observations (problems: AnimalID)"	"abundance"	26	3
"NODE_1337_length_4393_cov_2.505302"	"PrePostFVT"	"During"	"PrePostFVTDuring"	NA	NA	NA	NA	NA	0.999999999999974	1	"No data points have the baseline factor level"	"abundance"	26	4
"NODE_1337_length_4393_cov_2.505302"	"PrePostFVT"	"Post"	"PrePostFVTPost"	NA	NA	NA	NA	NA	0.184116978490986	0.933001624112053	"No data points have the baseline factor level"	"abundance"	26	4
"NODE_1349_length_2092_cov_11.966618"	"PrePostFVT"	"During"	"PrePostFVTDuring"	NA	NA	NA	NA	NA	0.999999999999979	1	"No data points have the baseline factor level"	"abundance"	26	3
"NODE_1349_length_2092_cov_11.966618"	"PrePostFVT"	"Post"	"PrePostFVTPost"	NA	NA	NA	NA	NA	0.255359773628383	1	"No data points have the baseline factor level"	"abundance"	26	3
"NODE_1351_length_2938_cov_4.657301"	"PrePostFVT"	"During"	"PrePostFVTDuring"	NA	NA	NA	NA	NA	1	1	"No data points have the baseline factor level"	"abundance"	26	3
"NODE_1351_length_2938_cov_4.657301"	"PrePostFVT"	"Post"	"PrePostFVTPost"	NA	NA	NA	NA	NA	0.2553586992966	1	"No data points have the baseline factor level"	"abundance"	26	3
"NODE_136_length_36768_cov_19.035982"	"PrePostFVT"	"During"	"PrePostFVTDuring"	NA	NA	NA	NA	NA	0.978690137474474	1	"contrasts can be applied only to factors with 2 or more levels"	"abundance"	26	5
"NODE_136_length_36768_cov_19.035982"	"PrePostFVT"	"Post"	"PrePostFVTPost"	NA	NA	NA	NA	NA	0.958434608165217	1	"contrasts can be applied only to factors with 2 or more levels"	"abundance"	26	5
"NODE_1375_length_3855_cov_5.352368"	"PrePostFVT"	"During"	"PrePostFVTDuring"	NA	NA	NA	NA	NA	0.982662550343225	1	"number of levels of each grouping factor must be < number of observations (problems: AnimalID)"	"abundance"	26	3
"NODE_1375_length_3855_cov_5.352368"	"PrePostFVT"	"Post"	"PrePostFVTPost"	NA	NA	NA	NA	NA	0.798823810398848	1	"number of levels of each grouping factor must be < number of observations (problems: AnimalID)"	"abundance"	26	3
"NODE_1375_length_4304_cov_6.077901"	"PrePostFVT"	"During"	"PrePostFVTDuring"	-0.937787216920649	NA	0.112113168775752	0.0139794939670839	NA	0.590283780210891	1	"Model may not have converged with 1 eigenvalue close to zero: 7.0e-10"	"abundance"	26	5
"NODE_1375_length_4304_cov_6.077901"	"PrePostFVT"	"Post"	"PrePostFVTPost"	0.177348041657357	NA	0.0945356751002978	0.201477682572743	NA	0.501258540844212	1	"Model may not have converged with 1 eigenvalue close to zero: 7.0e-10"	"abundance"	26	5
"NODE_1379_length_3878_cov_8.002877"	"PrePostFVT"	"During"	"PrePostFVTDuring"	NA	NA	NA	NA	NA	0.999999999999971	1	"No data points have the baseline factor level"	"abundance"	26	2
"NODE_1379_length_3878_cov_8.002877"	"PrePostFVT"	"Post"	"PrePostFVTPost"	NA	NA	NA	NA	NA	0.365246115976955	1	"No data points have the baseline factor level"	"abundance"	26	2
"NODE_138_length_18101_cov_24.902139"	"PrePostFVT"	"During"	"PrePostFVTDuring"	NA	NA	NA	NA	NA	0.978690137474474	1	"contrasts can be applied only to factors with 2 or more levels"	"abundance"	26	5
"NODE_138_length_18101_cov_24.902139"	"PrePostFVT"	"Post"	"PrePostFVTPost"	NA	NA	NA	NA	NA	0.958434608165217	1	"contrasts can be applied only to factors with 2 or more levels"	"abundance"	26	5
"NODE_1386_length_2054_cov_6.680840"	"PrePostFVT"	"During"	"PrePostFVTDuring"	NA	NA	NA	NA	NA	0.999999999999977	1	"No data points have the baseline factor level"	"abundance"	26	4
"NODE_1386_length_2054_cov_6.680840"	"PrePostFVT"	"Post"	"PrePostFVTPost"	NA	NA	NA	NA	NA	0.255360329619233	1	"No data points have the baseline factor level"	"abundance"	26	4
"NODE_1392_length_2898_cov_2.884277"	"PrePostFVT"	"During"	"PrePostFVTDuring"	NA	NA	NA	NA	NA	0.999999999999983	1	"No data points have the baseline factor level"	"abundance"	26	3
"NODE_1392_length_2898_cov_2.884277"	"PrePostFVT"	"Post"	"PrePostFVTPost"	NA	NA	NA	NA	NA	0.365247394565083	1	"No data points have the baseline factor level"	"abundance"	26	3
"NODE_140_length_42940_cov_112.379737"	"PrePostFVT"	"During"	"PrePostFVTDuring"	NA	NA	NA	NA	NA	0.99436605386119	1	"Fitting error (NA p-value returned from fitting procedure)"	"abundance"	26	8
"NODE_1425_length_3539_cov_7.956085"	"PrePostFVT"	"During"	"PrePostFVTDuring"	NA	NA	NA	NA	NA	1	1	"No data points have the baseline factor level"	"abundance"	26	5
"NODE_1425_length_3539_cov_7.956085"	"PrePostFVT"	"Post"	"PrePostFVTPost"	NA	NA	NA	NA	NA	0.134310751601438	0.80912513056522	"No data points have the baseline factor level"	"abundance"	26	5
"NODE_143_length_37282_cov_21.851586"	"PrePostFVT"	"During"	"PrePostFVTDuring"	NA	NA	NA	NA	NA	NA	NA	"No data points have the baseline factor level"	"abundance"	26	13
"NODE_143_length_37282_cov_21.851586"	"PrePostFVT"	"Post"	"PrePostFVTPost"	NA	NA	NA	NA	NA	NA	NA	"No data points have the baseline factor level"	"abundance"	26	13
"NODE_1450_length_3880_cov_5.610196"	"PrePostFVT"	"During"	"PrePostFVTDuring"	NA	NA	NA	NA	NA	0.183779275949093	0.933001624112053	"number of levels of each grouping factor must be < number of observations (problems: AnimalID)"	"abundance"	26	4
"NODE_1450_length_3880_cov_5.610196"	"PrePostFVT"	"Post"	"PrePostFVTPost"	NA	NA	NA	NA	NA	0.762304291237708	1	"number of levels of each grouping factor must be < number of observations (problems: AnimalID)"	"abundance"	26	4
"NODE_146_length_35576_cov_13.034318"	"PrePostFVT"	"During"	"PrePostFVTDuring"	NA	NA	NA	NA	NA	0.999999999999979	1	"No data points have the baseline factor level"	"abundance"	26	3
"NODE_146_length_35576_cov_13.034318"	"PrePostFVT"	"Post"	"PrePostFVTPost"	NA	NA	NA	NA	NA	0.255359773628383	1	"No data points have the baseline factor level"	"abundance"	26	3
"NODE_1467_length_3864_cov_6.331846"	"PrePostFVT"	"During"	"PrePostFVTDuring"	NA	NA	NA	NA	NA	0.978690137474474	1	"contrasts can be applied only to factors with 2 or more levels"	"abundance"	26	5
"NODE_1467_length_3864_cov_6.331846"	"PrePostFVT"	"Post"	"PrePostFVTPost"	NA	NA	NA	NA	NA	0.958434608165217	1	"contrasts can be applied only to factors with 2 or more levels"	"abundance"	26	5
"NODE_1471_length_2976_cov_2.679904"	"PrePostFVT"	"During"	"PrePostFVTDuring"	NA	NA	NA	NA	NA	0.999999999999992	1	"No data points have the baseline factor level"	"abundance"	26	6
"NODE_1471_length_2976_cov_2.679904"	"PrePostFVT"	"Post"	"PrePostFVTPost"	NA	NA	NA	NA	NA	0.0978027503652523	0.715439633840963	"No data points have the baseline factor level"	"abundance"	26	6
"NODE_1478_length_2545_cov_2.436145"	"PrePostFVT"	"During"	"PrePostFVTDuring"	NA	NA	NA	NA	NA	1	1	"No data points have the baseline factor level"	"abundance"	26	2
"NODE_1478_length_2545_cov_2.436145"	"PrePostFVT"	"Post"	"PrePostFVTPost"	NA	NA	NA	NA	NA	0.558285590234975	1	"No data points have the baseline factor level"	"abundance"	26	2
"NODE_1478_length_3161_cov_4.203155"	"PrePostFVT"	"During"	"PrePostFVTDuring"	-0.476958660033952	NA	0.34424470402968	0.397992202275074	NA	0.590284287366533	1	"Model may not have converged with 1 eigenvalue close to zero: 6.3e-11"	"abundance"	26	4
"NODE_1478_length_3161_cov_4.203155"	"PrePostFVT"	"Post"	"PrePostFVTPost"	-0.24772317340334	NA	0.336077527331507	0.595622503959407	NA	0.798785403309065	1	"Model may not have converged with 1 eigenvalue close to zero: 6.3e-11"	"abundance"	26	4
"NODE_1493_length_1864_cov_2.265340"	"PrePostFVT"	"During"	"PrePostFVTDuring"	NA	NA	NA	NA	NA	0.999999834332356	1	"No data points have the baseline factor level"	"abundance"	26	2
"NODE_1493_length_1864_cov_2.265340"	"PrePostFVT"	"Post"	"PrePostFVTPost"	NA	NA	NA	NA	NA	0.926188005518961	1	"No data points have the baseline factor level"	"abundance"	26	2
"NODE_1503_length_2806_cov_3.922937"	"PrePostFVT"	"During"	"PrePostFVTDuring"	NA	NA	NA	NA	NA	0.986825193945769	1	"number of levels of each grouping factor must be < number of observations (problems: AnimalID)"	"abundance"	26	4
"NODE_1503_length_2806_cov_3.922937"	"PrePostFVT"	"Post"	"PrePostFVTPost"	NA	NA	NA	NA	NA	0.798812248258647	1	"number of levels of each grouping factor must be < number of observations (problems: AnimalID)"	"abundance"	26	4
"NODE_1562_length_3627_cov_5.036114"	"PrePostFVT"	"During"	"PrePostFVTDuring"	NA	NA	NA	NA	NA	0.590068207093377	1	"number of levels of each grouping factor must be < number of observations (problems: AnimalID)"	"abundance"	26	2
"NODE_1562_length_3627_cov_5.036114"	"PrePostFVT"	"Post"	"PrePostFVTPost"	NA	NA	NA	NA	NA	0.979055924063556	1	"number of levels of each grouping factor must be < number of observations (problems: AnimalID)"	"abundance"	26	2
"NODE_1568_length_3144_cov_7.337650"	"PrePostFVT"	"During"	"PrePostFVTDuring"	NA	NA	NA	NA	NA	0.982662550343225	1	"number of levels of each grouping factor must be < number of observations (problems: AnimalID)"	"abundance"	26	3
"NODE_1568_length_3144_cov_7.337650"	"PrePostFVT"	"Post"	"PrePostFVTPost"	NA	NA	NA	NA	NA	0.798823810398848	1	"number of levels of each grouping factor must be < number of observations (problems: AnimalID)"	"abundance"	26	3
"NODE_1583_length_3357_cov_15.397032"	"PrePostFVT"	"During"	"PrePostFVTDuring"	NA	NA	NA	NA	NA	0.999999999999993	1	"No data points have the baseline factor level"	"abundance"	26	6
"NODE_1583_length_3357_cov_15.397032"	"PrePostFVT"	"Post"	"PrePostFVTPost"	NA	NA	NA	NA	NA	0.0978023514990892	0.715439633840963	"No data points have the baseline factor level"	"abundance"	26	6
"NODE_1595_length_1770_cov_2.963848"	"PrePostFVT"	"During"	"PrePostFVTDuring"	NA	NA	NA	NA	NA	0.982159590097369	1	"number of levels of each grouping factor must be < number of observations (problems: AnimalID)"	"abundance"	26	2
"NODE_1595_length_1770_cov_2.963848"	"PrePostFVT"	"Post"	"PrePostFVTPost"	NA	NA	NA	NA	NA	0.762255073780111	1	"number of levels of each grouping factor must be < number of observations (problems: AnimalID)"	"abundance"	26	2
"NODE_1616_length_2000_cov_5.291003"	"PrePostFVT"	"During"	"PrePostFVTDuring"	NA	NA	NA	NA	NA	0.999999999999983	1	"No data points have the baseline factor level"	"abundance"	26	3
"NODE_1616_length_2000_cov_5.291003"	"PrePostFVT"	"Post"	"PrePostFVTPost"	NA	NA	NA	NA	NA	0.365247394565083	1	"No data points have the baseline factor level"	"abundance"	26	3
"NODE_162_length_43197_cov_12.090260"	"PrePostFVT"	"During"	"PrePostFVTDuring"	NA	NA	NA	NA	NA	1	1	"No data points have the baseline factor level"	"abundance"	26	5
"NODE_162_length_43197_cov_12.090260"	"PrePostFVT"	"Post"	"PrePostFVTPost"	NA	NA	NA	NA	NA	0.134311591132207	0.80912513056522	"No data points have the baseline factor level"	"abundance"	26	5
"NODE_1631_length_2537_cov_4.762288"	"PrePostFVT"	"During"	"PrePostFVTDuring"	NA	NA	NA	NA	NA	1	1	"No data points have the baseline factor level"	"abundance"	26	2
"NODE_1631_length_2537_cov_4.762288"	"PrePostFVT"	"Post"	"PrePostFVTPost"	NA	NA	NA	NA	NA	0.558285364372814	1	"No data points have the baseline factor level"	"abundance"	26	2
"NODE_1645_length_2515_cov_4.275203"	"PrePostFVT"	"During"	"PrePostFVTDuring"	NA	NA	NA	NA	NA	0.999999999999979	1	"No data points have the baseline factor level"	"abundance"	26	3
"NODE_1645_length_2515_cov_4.275203"	"PrePostFVT"	"Post"	"PrePostFVTPost"	NA	NA	NA	NA	NA	0.255359773628383	1	"No data points have the baseline factor level"	"abundance"	26	3
"NODE_1656_length_2587_cov_5.100316"	"PrePostFVT"	"During"	"PrePostFVTDuring"	NA	NA	NA	NA	NA	0.978690137474474	1	"contrasts can be applied only to factors with 2 or more levels"	"abundance"	26	5
"NODE_1656_length_2587_cov_5.100316"	"PrePostFVT"	"Post"	"PrePostFVTPost"	NA	NA	NA	NA	NA	0.958434608165217	1	"contrasts can be applied only to factors with 2 or more levels"	"abundance"	26	5
"NODE_166_length_5801_cov_289.933171"	"PrePostFVT"	"During"	"PrePostFVTDuring"	NA	NA	NA	NA	NA	0.999999999999998	1	"No data points have the baseline factor level"	"abundance"	26	2
"NODE_166_length_5801_cov_289.933171"	"PrePostFVT"	"Post"	"PrePostFVTPost"	NA	NA	NA	NA	NA	0.999999999999997	1	"No data points have the baseline factor level"	"abundance"	26	2
"NODE_1677_length_3422_cov_7.484110"	"PrePostFVT"	"During"	"PrePostFVTDuring"	NA	NA	NA	NA	NA	0.590270398033636	1	"number of levels of each grouping factor must be < number of observations (problems: AnimalID)"	"abundance"	26	3
"NODE_1677_length_3422_cov_7.484110"	"PrePostFVT"	"Post"	"PrePostFVTPost"	NA	NA	NA	NA	NA	0.762336025108892	1	"number of levels of each grouping factor must be < number of observations (problems: AnimalID)"	"abundance"	26	3
"NODE_1681_length_1944_cov_3.751720"	"PrePostFVT"	"During"	"PrePostFVTDuring"	NA	NA	NA	NA	NA	0.999999999999983	1	"No data points have the baseline factor level"	"abundance"	26	3
"NODE_1681_length_1944_cov_3.751720"	"PrePostFVT"	"Post"	"PrePostFVTPost"	NA	NA	NA	NA	NA	0.365247394565083	1	"No data points have the baseline factor level"	"abundance"	26	3
"NODE_169_length_60470_cov_54.574162"	"PrePostFVT"	"During"	"PrePostFVTDuring"	NA	NA	NA	NA	NA	1	1	"No data points have the baseline factor level"	"abundance"	26	5
"NODE_169_length_60470_cov_54.574162"	"PrePostFVT"	"Post"	"PrePostFVTPost"	NA	NA	NA	NA	NA	0.134311591132207	0.80912513056522	"No data points have the baseline factor level"	"abundance"	26	5
"NODE_1694_length_3003_cov_3.685210"	"PrePostFVT"	"During"	"PrePostFVTDuring"	NA	NA	NA	NA	NA	0.98811842551164	1	"number of levels of each grouping factor must be < number of observations (problems: AnimalID)"	"abundance"	26	2
"NODE_1694_length_3003_cov_3.685210"	"PrePostFVT"	"Post"	"PrePostFVTPost"	NA	NA	NA	NA	NA	0.762280364681234	1	"number of levels of each grouping factor must be < number of observations (problems: AnimalID)"	"abundance"	26	2
"NODE_1700_length_2454_cov_12.135890"	"PrePostFVT"	"During"	"PrePostFVTDuring"	NA	NA	NA	NA	NA	0.999999999999981	1	"No data points have the baseline factor level"	"abundance"	26	4
"NODE_1700_length_2454_cov_12.135890"	"PrePostFVT"	"Post"	"PrePostFVTPost"	NA	NA	NA	NA	NA	0.365247349420622	1	"No data points have the baseline factor level"	"abundance"	26	4
"NODE_1712_length_2968_cov_4.969791"	"PrePostFVT"	"During"	"PrePostFVTDuring"	-0.683329780387313	NA	0.534615345070349	0.422648396730317	NA	0.590284287366533	1	"Model may not have converged with 1 eigenvalue close to zero: 4.5e-11"	"abundance"	26	4
"NODE_1712_length_2968_cov_4.969791"	"PrePostFVT"	"Post"	"PrePostFVTPost"	-0.458455057622255	NA	0.528675013818005	0.545210087698657	NA	0.798785403309065	1	"Model may not have converged with 1 eigenvalue close to zero: 4.5e-11"	"abundance"	26	4
"NODE_1715_length_3261_cov_6.728322"	"PrePostFVT"	"During"	"PrePostFVTDuring"	NA	NA	NA	NA	NA	0.590270398033636	1	"number of levels of each grouping factor must be < number of observations (problems: AnimalID)"	"abundance"	26	3
"NODE_1715_length_3261_cov_6.728322"	"PrePostFVT"	"Post"	"PrePostFVTPost"	NA	NA	NA	NA	NA	0.762336025108892	1	"number of levels of each grouping factor must be < number of observations (problems: AnimalID)"	"abundance"	26	3
"NODE_1717_length_3737_cov_4.790060"	"PrePostFVT"	"During"	"PrePostFVTDuring"	NA	NA	NA	NA	NA	0.590270398033636	1	"number of levels of each grouping factor must be < number of observations (problems: AnimalID)"	"abundance"	26	3
"NODE_1717_length_3737_cov_4.790060"	"PrePostFVT"	"Post"	"PrePostFVTPost"	NA	NA	NA	NA	NA	0.762336025108892	1	"number of levels of each grouping factor must be < number of observations (problems: AnimalID)"	"abundance"	26	3
"NODE_1748_length_2651_cov_3.706857"	"PrePostFVT"	"During"	"PrePostFVTDuring"	NA	NA	NA	NA	NA	0.94984344430932	1	"number of levels of each grouping factor must be < number of observations (problems: AnimalID)"	"abundance"	26	4
"NODE_1748_length_2651_cov_3.706857"	"PrePostFVT"	"Post"	"PrePostFVTPost"	NA	NA	NA	NA	NA	0.501122578562625	1	"number of levels of each grouping factor must be < number of observations (problems: AnimalID)"	"abundance"	26	4
"NODE_175_length_29015_cov_2566.187293"	"PrePostFVT"	"During"	"PrePostFVTDuring"	NA	NA	NA	NA	NA	0.999999999999983	1	"No data points have the baseline factor level"	"abundance"	26	10
"NODE_175_length_29015_cov_2566.187293"	"PrePostFVT"	"Post"	"PrePostFVTPost"	NA	NA	NA	NA	NA	0.020205035227086	0.31646672073525	"No data points have the baseline factor level"	"abundance"	26	10
"NODE_1752_length_2889_cov_4.153846"	"PrePostFVT"	"Post"	"PrePostFVTPost"	NA	NA	NA	NA	NA	0.992604895592448	1	"Fitting error (NA p-value returned from fitting procedure)"	"abundance"	26	6
"NODE_1770_length_3083_cov_15.330581"	"PrePostFVT"	"During"	"PrePostFVTDuring"	NA	NA	NA	NA	NA	0.590270620056108	1	"number of levels of each grouping factor must be < number of observations (problems: AnimalID)"	"abundance"	26	3
"NODE_1770_length_3083_cov_15.330581"	"PrePostFVT"	"Post"	"PrePostFVTPost"	NA	NA	NA	NA	NA	0.762336200082793	1	"number of levels of each grouping factor must be < number of observations (problems: AnimalID)"	"abundance"	26	3
"NODE_1774_length_2850_cov_22.364222"	"PrePostFVT"	"During"	"PrePostFVTDuring"	NA	NA	NA	NA	NA	1	1	"No data points have the baseline factor level"	"abundance"	26	6
"NODE_1774_length_2850_cov_22.364222"	"PrePostFVT"	"Post"	"PrePostFVTPost"	NA	NA	NA	NA	NA	0.184116115719928	0.933001624112053	"No data points have the baseline factor level"	"abundance"	26	6
"NODE_1776_length_2595_cov_3.965354"	"PrePostFVT"	"During"	"PrePostFVTDuring"	NA	NA	NA	NA	NA	1	1	"No data points have the baseline factor level"	"abundance"	26	3
"NODE_1776_length_2595_cov_3.965354"	"PrePostFVT"	"Post"	"PrePostFVTPost"	NA	NA	NA	NA	NA	0.255358440989221	1	"No data points have the baseline factor level"	"abundance"	26	3
"NODE_1782_length_1985_cov_3.122798"	"PrePostFVT"	"During"	"PrePostFVTDuring"	NA	NA	NA	NA	NA	0.999999999999979	1	"No data points have the baseline factor level"	"abundance"	26	3
"NODE_1782_length_1985_cov_3.122798"	"PrePostFVT"	"Post"	"PrePostFVTPost"	NA	NA	NA	NA	NA	0.255359773628383	1	"No data points have the baseline factor level"	"abundance"	26	3
"NODE_1798_length_2684_cov_29.311145"	"PrePostFVT"	"During"	"PrePostFVTDuring"	NA	NA	NA	NA	NA	0.952312854934957	1	"grouping factors must have > 1 sampled level"	"abundance"	26	2
"NODE_1798_length_2684_cov_29.311145"	"PrePostFVT"	"Post"	"PrePostFVTPost"	NA	NA	NA	NA	NA	0.909149244386355	1	"grouping factors must have > 1 sampled level"	"abundance"	26	2
"NODE_1802_length_2870_cov_5.132149"	"PrePostFVT"	"During"	"PrePostFVTDuring"	NA	NA	NA	NA	NA	0.952312854934957	1	"grouping factors must have > 1 sampled level"	"abundance"	26	4
"NODE_1802_length_2870_cov_5.132149"	"PrePostFVT"	"Post"	"PrePostFVTPost"	NA	NA	NA	NA	NA	0.909149244386355	1	"grouping factors must have > 1 sampled level"	"abundance"	26	4
"NODE_181_length_44721_cov_43.504254"	"PrePostFVT"	"During"	"PrePostFVTDuring"	NA	NA	NA	NA	NA	0.945215790044815	1	"Fitting error (NA p-value returned from fitting procedure)"	"abundance"	26	9
"NODE_1818_length_2537_cov_3.008864"	"PrePostFVT"	"During"	"PrePostFVTDuring"	NA	NA	NA	NA	NA	0.999999999999974	1	"No data points have the baseline factor level"	"abundance"	26	4
"NODE_1818_length_2537_cov_3.008864"	"PrePostFVT"	"Post"	"PrePostFVTPost"	NA	NA	NA	NA	NA	0.184116978490986	0.933001624112053	"No data points have the baseline factor level"	"abundance"	26	4
"NODE_1876_length_1287_cov_2.543831"	"PrePostFVT"	"During"	"PrePostFVTDuring"	NA	NA	NA	NA	NA	0.984083432091073	1	"Fitting error (NA p-value returned from fitting procedure)"	"abundance"	26	4
"NODE_1881_length_1243_cov_5.522727"	"PrePostFVT"	"During"	"PrePostFVTDuring"	NA	NA	NA	NA	NA	0.92687666559377	1	"No data points have the baseline factor level"	"abundance"	26	3
"NODE_1881_length_1243_cov_5.522727"	"PrePostFVT"	"Post"	"PrePostFVTPost"	NA	NA	NA	NA	NA	0.937654368305985	1	"No data points have the baseline factor level"	"abundance"	26	3
"NODE_1919_length_3324_cov_4.704191"	"PrePostFVT"	"During"	"PrePostFVTDuring"	NA	NA	NA	NA	NA	0.590069430689603	1	"number of levels of each grouping factor must be < number of observations (problems: AnimalID)"	"abundance"	26	2
"NODE_1919_length_3324_cov_4.704191"	"PrePostFVT"	"Post"	"PrePostFVTPost"	NA	NA	NA	NA	NA	0.97905593547766	1	"number of levels of each grouping factor must be < number of observations (problems: AnimalID)"	"abundance"	26	2
"NODE_1934_length_1227_cov_3.994881"	"PrePostFVT"	"During"	"PrePostFVTDuring"	NA	NA	NA	NA	NA	0.986815598621488	1	"grouping factors must have > 1 sampled level"	"abundance"	26	2
"NODE_1934_length_1227_cov_3.994881"	"PrePostFVT"	"Post"	"PrePostFVTPost"	NA	NA	NA	NA	NA	0.988529029749308	1	"grouping factors must have > 1 sampled level"	"abundance"	26	2
"NODE_1958_length_2169_cov_3.448912"	"PrePostFVT"	"During"	"PrePostFVTDuring"	NA	NA	NA	NA	NA	1	1	"No data points have the baseline factor level"	"abundance"	26	2
"NODE_1958_length_2169_cov_3.448912"	"PrePostFVT"	"Post"	"PrePostFVTPost"	NA	NA	NA	NA	NA	0.558285364372814	1	"No data points have the baseline factor level"	"abundance"	26	2
"NODE_1959_length_1469_cov_2.435644"	"PrePostFVT"	"During"	"PrePostFVTDuring"	NA	NA	NA	NA	NA	0.947411099490798	1	"No data points have the baseline factor level"	"abundance"	26	2
"NODE_1959_length_1469_cov_2.435644"	"PrePostFVT"	"Post"	"PrePostFVTPost"	NA	NA	NA	NA	NA	0.953446929278406	1	"No data points have the baseline factor level"	"abundance"	26	2
"NODE_1962_length_3106_cov_8.513274"	"PrePostFVT"	"During"	"PrePostFVTDuring"	NA	NA	NA	NA	NA	0.999529370527063	1	"contrasts can be applied only to factors with 2 or more levels"	"abundance"	26	6
"NODE_1962_length_3106_cov_8.513274"	"PrePostFVT"	"Post"	"PrePostFVTPost"	NA	NA	NA	NA	NA	0.99998267593935	1	"contrasts can be applied only to factors with 2 or more levels"	"abundance"	26	6
"NODE_199_length_38411_cov_18.010611"	"PrePostFVT"	"During"	"PrePostFVTDuring"	NA	NA	NA	NA	NA	1	1	"No data points have the baseline factor level"	"abundance"	26	8
"NODE_199_length_38411_cov_18.010611"	"PrePostFVT"	"Post"	"PrePostFVTPost"	NA	NA	NA	NA	NA	0.0490267400828022	0.489724153925488	"No data points have the baseline factor level"	"abundance"	26	8
"NODE_1990_length_2132_cov_5.785749"	"PrePostFVT"	"During"	"PrePostFVTDuring"	NA	NA	NA	NA	NA	1	1	"No data points have the baseline factor level"	"abundance"	26	5
"NODE_1990_length_2132_cov_5.785749"	"PrePostFVT"	"Post"	"PrePostFVTPost"	NA	NA	NA	NA	NA	0.134310962220774	0.80912513056522	"No data points have the baseline factor level"	"abundance"	26	5
"NODE_1991_length_3188_cov_5.819342"	"PrePostFVT"	"During"	"PrePostFVTDuring"	NA	NA	NA	NA	NA	0.183779275949093	0.933001624112053	"number of levels of each grouping factor must be < number of observations (problems: AnimalID)"	"abundance"	26	4
"NODE_1991_length_3188_cov_5.819342"	"PrePostFVT"	"Post"	"PrePostFVTPost"	NA	NA	NA	NA	NA	0.762304291237708	1	"number of levels of each grouping factor must be < number of observations (problems: AnimalID)"	"abundance"	26	4
"NODE_1994_length_1614_cov_5.948044"	"PrePostFVT"	"During"	"PrePostFVTDuring"	NA	NA	NA	NA	NA	0.986815598621488	1	"grouping factors must have > 1 sampled level"	"abundance"	26	2
"NODE_1994_length_1614_cov_5.948044"	"PrePostFVT"	"Post"	"PrePostFVTPost"	NA	NA	NA	NA	NA	0.988529029749308	1	"grouping factors must have > 1 sampled level"	"abundance"	26	2
"NODE_2_length_2231_cov_4.778033"	"PrePostFVT"	"During"	"PrePostFVTDuring"	NA	NA	NA	NA	NA	0.991183630581313	1	"Fitting error (NA p-value returned from fitting procedure)"	"abundance"	26	12
"NODE_2004_length_1185_cov_2.319469"	"PrePostFVT"	"During"	"PrePostFVTDuring"	NA	NA	NA	NA	NA	0.985754901053477	1	"number of levels of each grouping factor must be < number of observations (problems: AnimalID)"	"abundance"	26	2
"NODE_2004_length_1185_cov_2.319469"	"PrePostFVT"	"Post"	"PrePostFVTPost"	NA	NA	NA	NA	NA	0.762366395050486	1	"number of levels of each grouping factor must be < number of observations (problems: AnimalID)"	"abundance"	26	2
"NODE_2011_length_2793_cov_8.678963"	"PrePostFVT"	"During"	"PrePostFVTDuring"	NA	NA	NA	NA	NA	0.999529370527063	1	"contrasts can be applied only to factors with 2 or more levels"	"abundance"	26	6
"NODE_2011_length_2793_cov_8.678963"	"PrePostFVT"	"Post"	"PrePostFVTPost"	NA	NA	NA	NA	NA	0.99998267593935	1	"contrasts can be applied only to factors with 2 or more levels"	"abundance"	26	6
"NODE_2015_length_2219_cov_9.286044"	"PrePostFVT"	"During"	"PrePostFVTDuring"	NA	NA	NA	NA	NA	0.999999999999981	1	"No data points have the baseline factor level"	"abundance"	26	2
"NODE_2015_length_2219_cov_9.286044"	"PrePostFVT"	"Post"	"PrePostFVTPost"	NA	NA	NA	NA	NA	0.365247349420622	1	"No data points have the baseline factor level"	"abundance"	26	2
"NODE_2041_length_1386_cov_3.691210"	"PrePostFVT"	"During"	"PrePostFVTDuring"	NA	NA	NA	NA	NA	0.942583994351277	1	"Model may not have converged with 1 eigenvalue close to zero: 5.0e-11"	"abundance"	26	3
"NODE_2041_length_1386_cov_3.691210"	"PrePostFVT"	"Post"	"PrePostFVTPost"	-2.25674781203666	NA	0.53789190707903	0.136148460903501	NA	0.798712552477826	1	"Model may not have converged with 1 eigenvalue close to zero: 5.0e-11"	"abundance"	26	3
"NODE_208_length_51348_cov_41.610220"	"PrePostFVT"	"During"	"PrePostFVTDuring"	NA	NA	NA	NA	NA	0.962743662071968	1	"Fitting error (NA p-value returned from fitting procedure)"	"abundance"	26	5
"NODE_2089_length_3294_cov_24.345477"	"PrePostFVT"	"During"	"PrePostFVTDuring"	NA	NA	NA	NA	NA	0.944507171828298	1	"Fitting error (NA p-value returned from fitting procedure)"	"abundance"	26	11
"NODE_210_length_20479_cov_11.050382|provirus_7480_20477"	"PrePostFVT"	"During"	"PrePostFVTDuring"	NA	NA	NA	NA	NA	0.985253818269659	1	"Fitting error (NA p-value returned from fitting procedure)"	"abundance"	26	9
"NODE_2100_length_1460_cov_5.042705"	"PrePostFVT"	"During"	"PrePostFVTDuring"	NA	NA	NA	NA	NA	0.952312854934957	1	"grouping factors must have > 1 sampled level"	"abundance"	26	2
"NODE_2100_length_1460_cov_5.042705"	"PrePostFVT"	"Post"	"PrePostFVTPost"	NA	NA	NA	NA	NA	0.909149244386355	1	"grouping factors must have > 1 sampled level"	"abundance"	26	2
"NODE_2107_length_1681_cov_2.619926"	"PrePostFVT"	"During"	"PrePostFVTDuring"	NA	NA	NA	NA	NA	0.99999999999998	1	"No data points have the baseline factor level"	"abundance"	26	3
"NODE_2107_length_1681_cov_2.619926"	"PrePostFVT"	"Post"	"PrePostFVTPost"	NA	NA	NA	NA	NA	0.255359065014416	1	"No data points have the baseline factor level"	"abundance"	26	3
"NODE_212_length_36964_cov_27.814327"	"PrePostFVT"	"During"	"PrePostFVTDuring"	NA	NA	NA	NA	NA	0.999999999999979	1	"No data points have the baseline factor level"	"abundance"	26	4
"NODE_212_length_36964_cov_27.814327"	"PrePostFVT"	"Post"	"PrePostFVTPost"	NA	NA	NA	NA	NA	0.255359773628383	1	"No data points have the baseline factor level"	"abundance"	26	4
"NODE_2125_length_3601_cov_8.942188"	"PrePostFVT"	"During"	"PrePostFVTDuring"	NA	NA	NA	NA	NA	0.590068207093377	1	"number of levels of each grouping factor must be < number of observations (problems: AnimalID)"	"abundance"	26	2
"NODE_2125_length_3601_cov_8.942188"	"PrePostFVT"	"Post"	"PrePostFVTPost"	NA	NA	NA	NA	NA	0.979055924063556	1	"number of levels of each grouping factor must be < number of observations (problems: AnimalID)"	"abundance"	26	2
"NODE_213_length_49538_cov_20.727785"	"PrePostFVT"	"During"	"PrePostFVTDuring"	NA	NA	NA	NA	NA	0.982159590097369	1	"number of levels of each grouping factor must be < number of observations (problems: AnimalID)"	"abundance"	26	2
"NODE_213_length_49538_cov_20.727785"	"PrePostFVT"	"Post"	"PrePostFVTPost"	NA	NA	NA	NA	NA	0.762255073780111	1	"number of levels of each grouping factor must be < number of observations (problems: AnimalID)"	"abundance"	26	2
"NODE_2137_length_1853_cov_3.723582"	"PrePostFVT"	"During"	"PrePostFVTDuring"	NA	NA	NA	NA	NA	0.590069430689603	1	"number of levels of each grouping factor must be < number of observations (problems: AnimalID)"	"abundance"	26	2
"NODE_2137_length_1853_cov_3.723582"	"PrePostFVT"	"Post"	"PrePostFVTPost"	NA	NA	NA	NA	NA	0.97905593547766	1	"number of levels of each grouping factor must be < number of observations (problems: AnimalID)"	"abundance"	26	2
"NODE_214_length_28722_cov_7.575121"	"PrePostFVT"	"During"	"PrePostFVTDuring"	NA	NA	NA	NA	NA	0.92687666559377	1	"No data points have the baseline factor level"	"abundance"	26	2
"NODE_214_length_28722_cov_7.575121"	"PrePostFVT"	"Post"	"PrePostFVTPost"	NA	NA	NA	NA	NA	0.937654368305985	1	"No data points have the baseline factor level"	"abundance"	26	2
"NODE_2164_length_2185_cov_81.042254"	"PrePostFVT"	"During"	"PrePostFVTDuring"	NA	NA	NA	NA	NA	0.986120152293464	1	"Fitting error (NA p-value returned from fitting procedure)"	"abundance"	26	10
"NODE_217_length_49720_cov_10.704681|provirus_35239_49720"	"PrePostFVT"	"During"	"PrePostFVTDuring"	NA	NA	NA	NA	NA	0.950421858228456	1	"number of levels of each grouping factor must be < number of observations (problems: AnimalID)"	"abundance"	26	4
"NODE_217_length_49720_cov_10.704681|provirus_35239_49720"	"PrePostFVT"	"Post"	"PrePostFVTPost"	NA	NA	NA	NA	NA	0.501122670433374	1	"number of levels of each grouping factor must be < number of observations (problems: AnimalID)"	"abundance"	26	4
"NODE_2176_length_2505_cov_7.395510"	"PrePostFVT"	"During"	"PrePostFVTDuring"	NA	NA	NA	NA	NA	0.980920187984428	1	"grouping factors must have > 1 sampled level"	"abundance"	26	2
"NODE_2176_length_2505_cov_7.395510"	"PrePostFVT"	"Post"	"PrePostFVTPost"	NA	NA	NA	NA	NA	0.749564988983641	1	"grouping factors must have > 1 sampled level"	"abundance"	26	2
"NODE_22_length_128069_cov_21.086295|provirus_34170_98395"	"PrePostFVT"	"Post"	"PrePostFVTPost"	NA	NA	NA	NA	NA	0.400278472614948	1	"Fitting error (NA p-value returned from fitting procedure)"	"abundance"	26	7
"NODE_2203_length_1610_cov_20.437942"	"PrePostFVT"	"During"	"PrePostFVTDuring"	NA	NA	NA	NA	NA	0.999999999999973	1	"No data points have the baseline factor level"	"abundance"	26	3
"NODE_2203_length_1610_cov_20.437942"	"PrePostFVT"	"Post"	"PrePostFVTPost"	NA	NA	NA	NA	NA	0.365248293838297	1	"No data points have the baseline factor level"	"abundance"	26	3
"NODE_223_length_48370_cov_26.409769"	"PrePostFVT"	"During"	"PrePostFVTDuring"	NA	NA	NA	NA	NA	0.999999999999992	1	"No data points have the baseline factor level"	"abundance"	26	6
"NODE_223_length_48370_cov_26.409769"	"PrePostFVT"	"Post"	"PrePostFVTPost"	NA	NA	NA	NA	NA	0.0978027503652523	0.715439633840963	"No data points have the baseline factor level"	"abundance"	26	6
"NODE_2237_length_2656_cov_5.000384"	"PrePostFVT"	"During"	"PrePostFVTDuring"	-0.501136927756163	NA	0.27731843647298	0.32176873801115	NA	0.590284287366533	1	"Model may not have converged with 1 eigenvalue close to zero: 4.3e-11"	"abundance"	26	4
"NODE_2237_length_2656_cov_5.000384"	"PrePostFVT"	"Post"	"PrePostFVTPost"	-0.382453510899326	NA	0.275118581222246	0.396993515335802	NA	0.798785403309065	1	"Model may not have converged with 1 eigenvalue close to zero: 4.3e-11"	"abundance"	26	4
"NODE_2240_length_1502_cov_3.530753"	"PrePostFVT"	"During"	"PrePostFVTDuring"	NA	NA	NA	NA	NA	0.99999999999999	1	"No data points have the baseline factor level"	"abundance"	26	4
"NODE_2240_length_1502_cov_3.530753"	"PrePostFVT"	"Post"	"PrePostFVTPost"	NA	NA	NA	NA	NA	0.184117004066638	0.933001624112053	"No data points have the baseline factor level"	"abundance"	26	4
"NODE_2258_length_2305_cov_5.247111"	"PrePostFVT"	"During"	"PrePostFVTDuring"	NA	NA	NA	NA	NA	0.99999999999998	1	"No data points have the baseline factor level"	"abundance"	26	2
"NODE_2258_length_2305_cov_5.247111"	"PrePostFVT"	"Post"	"PrePostFVTPost"	NA	NA	NA	NA	NA	0.365247357761849	1	"No data points have the baseline factor level"	"abundance"	26	2
"NODE_2269_length_1480_cov_4.322807"	"PrePostFVT"	"During"	"PrePostFVTDuring"	NA	NA	NA	NA	NA	NA	NA	"Fitting error (NA p-value returned from fitting procedure)"	"abundance"	26	7
"NODE_2315_length_1592_cov_4.810020"	"PrePostFVT"	"During"	"PrePostFVTDuring"	NA	NA	NA	NA	NA	0.999999999999977	1	"No data points have the baseline factor level"	"abundance"	26	4
"NODE_2315_length_1592_cov_4.810020"	"PrePostFVT"	"Post"	"PrePostFVTPost"	NA	NA	NA	NA	NA	0.255360329619233	1	"No data points have the baseline factor level"	"abundance"	26	4
"NODE_2317_length_1568_cov_6.822868"	"PrePostFVT"	"During"	"PrePostFVTDuring"	NA	NA	NA	NA	NA	0.982885091405553	1	"No data points have the baseline factor level"	"abundance"	26	5
"NODE_2317_length_1568_cov_6.822868"	"PrePostFVT"	"Post"	"PrePostFVTPost"	NA	NA	NA	NA	NA	0.982379370852244	1	"No data points have the baseline factor level"	"abundance"	26	5
"NODE_234_length_45717_cov_33.579234"	"PrePostFVT"	"During"	"PrePostFVTDuring"	NA	NA	NA	NA	NA	0.970958332885176	1	"Fitting error (NA p-value returned from fitting procedure)"	"abundance"	26	6
"NODE_244_length_44445_cov_23.965736"	"PrePostFVT"	"During"	"PrePostFVTDuring"	0.591860465744893	NA	0.577292979003569	0.410006139826639	NA	0.590268585821143	1	"Model may not have converged with 1 eigenvalue close to zero: 1.3e-10"	"abundance"	26	5
"NODE_244_length_44445_cov_23.965736"	"PrePostFVT"	"Post"	"PrePostFVTPost"	-1.73229391921783	NA	0.434635279208402	0.0536134428851418	NA	0.501251901112904	1	"Model may not have converged with 1 eigenvalue close to zero: 1.3e-10"	"abundance"	26	5
"NODE_245_length_3830_cov_69.211126"	"PrePostFVT"	"During"	"PrePostFVTDuring"	NA	NA	NA	NA	NA	0.977196660419315	1	"Fitting error (NA p-value returned from fitting procedure)"	"abundance"	26	7
"NODE_2552_length_1347_cov_3.110681"	"PrePostFVT"	"During"	"PrePostFVTDuring"	NA	NA	NA	NA	NA	1	1	"No data points have the baseline factor level"	"abundance"	26	2
"NODE_2552_length_1347_cov_3.110681"	"PrePostFVT"	"Post"	"PrePostFVTPost"	NA	NA	NA	NA	NA	0.558285364372814	1	"No data points have the baseline factor level"	"abundance"	26	2
"NODE_2591_length_2948_cov_11.896647"	"PrePostFVT"	"During"	"PrePostFVTDuring"	0.170469641342744	NA	3.3896712636498e-05	1.73381312758409e-11	NA	0.120276520748661	0.793187206906888	"Model may not have converged with 1 eigenvalue close to zero: 1.2e-11"	"abundance"	26	6
"NODE_2591_length_2948_cov_11.896647"	"PrePostFVT"	"Post"	"PrePostFVTPost"	-0.83457724697428	NA	3.38967126667322e-05	1.47755572325974e-13	NA	0.327071556296575	1	"Model may not have converged with 1 eigenvalue close to zero: 1.2e-11"	"abundance"	26	6
"NODE_265_length_40929_cov_8.278955|provirus_10946_19741"	"PrePostFVT"	"During"	"PrePostFVTDuring"	NA	NA	NA	NA	NA	0.950421858228456	1	"number of levels of each grouping factor must be < number of observations (problems: AnimalID)"	"abundance"	26	4
"NODE_265_length_40929_cov_8.278955|provirus_10946_19741"	"PrePostFVT"	"Post"	"PrePostFVTPost"	NA	NA	NA	NA	NA	0.501122670433374	1	"number of levels of each grouping factor must be < number of observations (problems: AnimalID)"	"abundance"	26	4
"NODE_2667_length_1412_cov_3.002211"	"PrePostFVT"	"During"	"PrePostFVTDuring"	NA	NA	NA	NA	NA	0.999999999999983	1	"No data points have the baseline factor level"	"abundance"	26	3
"NODE_2667_length_1412_cov_3.002211"	"PrePostFVT"	"Post"	"PrePostFVTPost"	NA	NA	NA	NA	NA	0.365247394565083	1	"No data points have the baseline factor level"	"abundance"	26	3
"NODE_2679_length_1284_cov_2.926770"	"PrePostFVT"	"During"	"PrePostFVTDuring"	NA	NA	NA	NA	NA	0.900142165969551	1	"No data points have the baseline factor level"	"abundance"	26	5
"NODE_2679_length_1284_cov_2.926770"	"PrePostFVT"	"Post"	"PrePostFVTPost"	NA	NA	NA	NA	NA	0.895662086340391	1	"No data points have the baseline factor level"	"abundance"	26	5
"NODE_274_length_6768_cov_241.150305"	"PrePostFVT"	"During"	"PrePostFVTDuring"	NA	NA	NA	NA	NA	0.902228236264564	1	"No data points have the baseline factor level"	"abundance"	26	9
"NODE_274_length_6768_cov_241.150305"	"PrePostFVT"	"Post"	"PrePostFVTPost"	NA	NA	NA	NA	NA	0.877008309152578	1	"No data points have the baseline factor level"	"abundance"	26	9
"NODE_284_length_3382_cov_207.895702"	"PrePostFVT"	"During"	"PrePostFVTDuring"	NA	NA	NA	NA	NA	0.999999999999979	1	"No data points have the baseline factor level"	"abundance"	26	4
"NODE_284_length_3382_cov_207.895702"	"PrePostFVT"	"Post"	"PrePostFVTPost"	NA	NA	NA	NA	NA	0.255359773628383	1	"No data points have the baseline factor level"	"abundance"	26	4
"NODE_286_length_3337_cov_34.268434"	"PrePostFVT"	"During"	"PrePostFVTDuring"	NA	NA	NA	NA	NA	0.999999999999971	1	"No data points have the baseline factor level"	"abundance"	26	6
"NODE_286_length_3337_cov_34.268434"	"PrePostFVT"	"Post"	"PrePostFVTPost"	NA	NA	NA	NA	NA	0.18411662513362	0.933001624112053	"No data points have the baseline factor level"	"abundance"	26	6
"NODE_2863_length_2659_cov_6.516129"	"PrePostFVT"	"During"	"PrePostFVTDuring"	NA	NA	NA	NA	NA	0.183779275949093	0.933001624112053	"number of levels of each grouping factor must be < number of observations (problems: AnimalID)"	"abundance"	26	4
"NODE_2863_length_2659_cov_6.516129"	"PrePostFVT"	"Post"	"PrePostFVTPost"	NA	NA	NA	NA	NA	0.762304291237708	1	"number of levels of each grouping factor must be < number of observations (problems: AnimalID)"	"abundance"	26	4
"NODE_2865_length_1534_cov_3.376606"	"PrePostFVT"	"During"	"PrePostFVTDuring"	NA	NA	NA	NA	NA	0.98811842551164	1	"number of levels of each grouping factor must be < number of observations (problems: AnimalID)"	"abundance"	26	2
"NODE_2865_length_1534_cov_3.376606"	"PrePostFVT"	"Post"	"PrePostFVTPost"	NA	NA	NA	NA	NA	0.762280364681234	1	"number of levels of each grouping factor must be < number of observations (problems: AnimalID)"	"abundance"	26	2
"NODE_2865_length_2657_cov_17.344350"	"PrePostFVT"	"During"	"PrePostFVTDuring"	NA	NA	NA	NA	NA	0.183775668445707	0.933001624112053	"number of levels of each grouping factor must be < number of observations (problems: AnimalID)"	"abundance"	26	3
"NODE_2865_length_2657_cov_17.344350"	"PrePostFVT"	"Post"	"PrePostFVTPost"	NA	NA	NA	NA	NA	0.98537574919932	1	"number of levels of each grouping factor must be < number of observations (problems: AnimalID)"	"abundance"	26	3
"NODE_2868_length_1669_cov_3.405824"	"PrePostFVT"	"During"	"PrePostFVTDuring"	NA	NA	NA	NA	NA	1	1	"No data points have the baseline factor level"	"abundance"	26	2
"NODE_2868_length_1669_cov_3.405824"	"PrePostFVT"	"Post"	"PrePostFVTPost"	NA	NA	NA	NA	NA	0.558285878858258	1	"No data points have the baseline factor level"	"abundance"	26	2
"NODE_2942_length_1160_cov_4.734842"	"PrePostFVT"	"During"	"PrePostFVTDuring"	NA	NA	NA	NA	NA	0.590317323860969	1	"number of levels of each grouping factor must be < number of observations (problems: AnimalID)"	"abundance"	26	4
"NODE_2942_length_1160_cov_4.734842"	"PrePostFVT"	"Post"	"PrePostFVTPost"	NA	NA	NA	NA	NA	0.798909604248771	1	"number of levels of each grouping factor must be < number of observations (problems: AnimalID)"	"abundance"	26	4
"NODE_2988_length_1000_cov_29.940741"	"PrePostFVT"	"During"	"PrePostFVTDuring"	NA	NA	NA	NA	NA	0.66717945103267	1	"number of levels of each grouping factor must be < number of observations (problems: AnimalID)"	"abundance"	26	4
"NODE_2988_length_1000_cov_29.940741"	"PrePostFVT"	"Post"	"PrePostFVTPost"	NA	NA	NA	NA	NA	0.985546331522495	1	"number of levels of each grouping factor must be < number of observations (problems: AnimalID)"	"abundance"	26	4
"NODE_300_length_10875_cov_215.011368"	"PrePostFVT"	"During"	"PrePostFVTDuring"	NA	NA	NA	NA	NA	1	1	"No data points have the baseline factor level"	"abundance"	26	3
"NODE_300_length_10875_cov_215.011368"	"PrePostFVT"	"Post"	"PrePostFVTPost"	NA	NA	NA	NA	NA	0.558285364372814	1	"No data points have the baseline factor level"	"abundance"	26	3
"NODE_3039_length_1648_cov_3.305712"	"PrePostFVT"	"During"	"PrePostFVTDuring"	NA	NA	NA	NA	NA	0.590068207093377	1	"number of levels of each grouping factor must be < number of observations (problems: AnimalID)"	"abundance"	26	2
"NODE_3039_length_1648_cov_3.305712"	"PrePostFVT"	"Post"	"PrePostFVTPost"	NA	NA	NA	NA	NA	0.979055924063556	1	"number of levels of each grouping factor must be < number of observations (problems: AnimalID)"	"abundance"	26	2
"NODE_3044_length_1165_cov_1.475676"	"PrePostFVT"	"During"	"PrePostFVTDuring"	NA	NA	NA	NA	NA	0.99999999999999	1	"No data points have the baseline factor level"	"abundance"	26	4
"NODE_3044_length_1165_cov_1.475676"	"PrePostFVT"	"Post"	"PrePostFVTPost"	NA	NA	NA	NA	NA	0.184117004066638	0.933001624112053	"No data points have the baseline factor level"	"abundance"	26	4
"NODE_3049_length_1449_cov_3.841463"	"PrePostFVT"	"During"	"PrePostFVTDuring"	NA	NA	NA	NA	NA	0.98811842551164	1	"number of levels of each grouping factor must be < number of observations (problems: AnimalID)"	"abundance"	26	2
"NODE_3049_length_1449_cov_3.841463"	"PrePostFVT"	"Post"	"PrePostFVTPost"	NA	NA	NA	NA	NA	0.762280364681234	1	"number of levels of each grouping factor must be < number of observations (problems: AnimalID)"	"abundance"	26	2
"NODE_305_length_23555_cov_87.354170"	"PrePostFVT"	"During"	"PrePostFVTDuring"	NA	NA	NA	NA	NA	0.999999999999993	1	"No data points have the baseline factor level"	"abundance"	26	6
"NODE_305_length_23555_cov_87.354170"	"PrePostFVT"	"Post"	"PrePostFVTPost"	NA	NA	NA	NA	NA	0.0978023514990892	0.715439633840963	"No data points have the baseline factor level"	"abundance"	26	6
"NODE_3050_length_1222_cov_2.569837"	"PrePostFVT"	"During"	"PrePostFVTDuring"	NA	NA	NA	NA	NA	1	1	"No data points have the baseline factor level"	"abundance"	26	2
"NODE_3050_length_1222_cov_2.569837"	"PrePostFVT"	"Post"	"PrePostFVTPost"	NA	NA	NA	NA	NA	0.558285364372814	1	"No data points have the baseline factor level"	"abundance"	26	2
"NODE_31_length_41541_cov_15.540929"	"PrePostFVT"	"During"	"PrePostFVTDuring"	NA	NA	NA	NA	NA	0.999999999999993	1	"No data points have the baseline factor level"	"abundance"	26	8
"NODE_31_length_41541_cov_15.540929"	"PrePostFVT"	"Post"	"PrePostFVTPost"	NA	NA	NA	NA	NA	0.0978021567108788	0.715439633840963	"No data points have the baseline factor level"	"abundance"	26	8
"NODE_3105_length_1047_cov_1.982863"	"PrePostFVT"	"During"	"PrePostFVTDuring"	NA	NA	NA	NA	NA	0.99999999999998	1	"No data points have the baseline factor level"	"abundance"	26	2
"NODE_3105_length_1047_cov_1.982863"	"PrePostFVT"	"Post"	"PrePostFVTPost"	NA	NA	NA	NA	NA	0.365247357761849	1	"No data points have the baseline factor level"	"abundance"	26	2
"NODE_313_length_3138_cov_6.434317"	"PrePostFVT"	"During"	"PrePostFVTDuring"	NA	NA	NA	NA	NA	0.959607405500177	1	"No data points have the baseline factor level"	"abundance"	26	4
"NODE_313_length_3138_cov_6.434317"	"PrePostFVT"	"Post"	"PrePostFVTPost"	NA	NA	NA	NA	NA	0.961354014445643	1	"No data points have the baseline factor level"	"abundance"	26	4
"NODE_3139_length_1729_cov_6.163082"	"PrePostFVT"	"During"	"PrePostFVTDuring"	NA	NA	NA	NA	NA	0.99999999999998	1	"No data points have the baseline factor level"	"abundance"	26	3
"NODE_3139_length_1729_cov_6.163082"	"PrePostFVT"	"Post"	"PrePostFVTPost"	NA	NA	NA	NA	NA	0.255359065014416	1	"No data points have the baseline factor level"	"abundance"	26	3
"NODE_319_length_16836_cov_11.794708"	"PrePostFVT"	"During"	"PrePostFVTDuring"	NA	NA	NA	NA	NA	1	1	"No data points have the baseline factor level"	"abundance"	26	2
"NODE_319_length_16836_cov_11.794708"	"PrePostFVT"	"Post"	"PrePostFVTPost"	NA	NA	NA	NA	NA	0.558285159795034	1	"No data points have the baseline factor level"	"abundance"	26	2
"NODE_3237_length_1374_cov_3.844579"	"PrePostFVT"	"During"	"PrePostFVTDuring"	NA	NA	NA	NA	NA	0.999999999999972	1	"No data points have the baseline factor level"	"abundance"	26	4
"NODE_3237_length_1374_cov_3.844579"	"PrePostFVT"	"Post"	"PrePostFVTPost"	NA	NA	NA	NA	NA	0.184116892339054	0.933001624112053	"No data points have the baseline factor level"	"abundance"	26	4
"NODE_3245_length_1010_cov_2.720419"	"PrePostFVT"	"During"	"PrePostFVTDuring"	NA	NA	NA	NA	NA	0.999999999999971	1	"No data points have the baseline factor level"	"abundance"	26	2
"NODE_3245_length_1010_cov_2.720419"	"PrePostFVT"	"Post"	"PrePostFVTPost"	NA	NA	NA	NA	NA	0.365246115976955	1	"No data points have the baseline factor level"	"abundance"	26	2
"NODE_3245_length_1627_cov_4.408397"	"PrePostFVT"	"During"	"PrePostFVTDuring"	NA	NA	NA	NA	NA	1	1	"No data points have the baseline factor level"	"abundance"	26	3
"NODE_3245_length_1627_cov_4.408397"	"PrePostFVT"	"Post"	"PrePostFVTPost"	NA	NA	NA	NA	NA	0.255358440989221	1	"No data points have the baseline factor level"	"abundance"	26	3
"NODE_3270_length_1083_cov_1.818093"	"PrePostFVT"	"During"	"PrePostFVTDuring"	NA	NA	NA	NA	NA	0.999999999999979	1	"No data points have the baseline factor level"	"abundance"	26	3
"NODE_3270_length_1083_cov_1.818093"	"PrePostFVT"	"Post"	"PrePostFVTPost"	NA	NA	NA	NA	NA	0.255359773628383	1	"No data points have the baseline factor level"	"abundance"	26	3
"NODE_3286_length_1361_cov_2.157734"	"PrePostFVT"	"During"	"PrePostFVTDuring"	NA	NA	NA	NA	NA	1	1	"No data points have the baseline factor level"	"abundance"	26	5
"NODE_3286_length_1361_cov_2.157734"	"PrePostFVT"	"Post"	"PrePostFVTPost"	NA	NA	NA	NA	NA	0.134311591132207	0.80912513056522	"No data points have the baseline factor level"	"abundance"	26	5
"NODE_3358_length_2091_cov_11.059430"	"PrePostFVT"	"During"	"PrePostFVTDuring"	NA	NA	NA	NA	NA	0.590068207093377	1	"number of levels of each grouping factor must be < number of observations (problems: AnimalID)"	"abundance"	26	2
"NODE_3358_length_2091_cov_11.059430"	"PrePostFVT"	"Post"	"PrePostFVTPost"	NA	NA	NA	NA	NA	0.979055924063556	1	"number of levels of each grouping factor must be < number of observations (problems: AnimalID)"	"abundance"	26	2
"NODE_3372_length_1383_cov_4.829066"	"PrePostFVT"	"During"	"PrePostFVTDuring"	NA	NA	NA	NA	NA	1	1	"No data points have the baseline factor level"	"abundance"	26	3
"NODE_3372_length_1383_cov_4.829066"	"PrePostFVT"	"Post"	"PrePostFVTPost"	NA	NA	NA	NA	NA	0.255360263633218	1	"No data points have the baseline factor level"	"abundance"	26	3
"NODE_341_length_2976_cov_5.997946"	"PrePostFVT"	"During"	"PrePostFVTDuring"	NA	NA	NA	NA	NA	0.999529370527063	1	"contrasts can be applied only to factors with 2 or more levels"	"abundance"	26	6
"NODE_341_length_2976_cov_5.997946"	"PrePostFVT"	"Post"	"PrePostFVTPost"	NA	NA	NA	NA	NA	0.99998267593935	1	"contrasts can be applied only to factors with 2 or more levels"	"abundance"	26	6
"NODE_341_length_5563_cov_16.639615"	"PrePostFVT"	"During"	"PrePostFVTDuring"	NA	NA	NA	NA	NA	0.996504557836732	1	"No data points have the baseline factor level"	"abundance"	26	9
"NODE_341_length_5563_cov_16.639615"	"PrePostFVT"	"Post"	"PrePostFVTPost"	NA	NA	NA	NA	NA	0.996290554406275	1	"No data points have the baseline factor level"	"abundance"	26	9
"NODE_3471_length_1019_cov_3.377593"	"PrePostFVT"	"During"	"PrePostFVTDuring"	NA	NA	NA	NA	NA	0.999999999999973	1	"No data points have the baseline factor level"	"abundance"	26	3
"NODE_3471_length_1019_cov_3.377593"	"PrePostFVT"	"Post"	"PrePostFVTPost"	NA	NA	NA	NA	NA	0.365248293838297	1	"No data points have the baseline factor level"	"abundance"	26	3
"NODE_3512_length_1188_cov_3.716681"	"PrePostFVT"	"During"	"PrePostFVTDuring"	NA	NA	NA	NA	NA	0.980012596441086	1	"grouping factors must have > 1 sampled level"	"abundance"	26	2
"NODE_3512_length_1188_cov_3.716681"	"PrePostFVT"	"Post"	"PrePostFVTPost"	NA	NA	NA	NA	NA	0.749615196873811	1	"grouping factors must have > 1 sampled level"	"abundance"	26	2
"NODE_3536_length_1468_cov_4.662420"	"PrePostFVT"	"During"	"PrePostFVTDuring"	NA	NA	NA	NA	NA	0.999999999999979	1	"No data points have the baseline factor level"	"abundance"	26	4
"NODE_3536_length_1468_cov_4.662420"	"PrePostFVT"	"Post"	"PrePostFVTPost"	NA	NA	NA	NA	NA	0.255359773628383	1	"No data points have the baseline factor level"	"abundance"	26	4
"NODE_366_length_26366_cov_7.678081|provirus_5747_26366"	"PrePostFVT"	"During"	"PrePostFVTDuring"	NA	NA	NA	NA	NA	0.982159590097369	1	"number of levels of each grouping factor must be < number of observations (problems: AnimalID)"	"abundance"	26	2
"NODE_366_length_26366_cov_7.678081|provirus_5747_26366"	"PrePostFVT"	"Post"	"PrePostFVTPost"	NA	NA	NA	NA	NA	0.762255073780111	1	"number of levels of each grouping factor must be < number of observations (problems: AnimalID)"	"abundance"	26	2
"NODE_3686_length_1625_cov_3.493631"	"PrePostFVT"	"During"	"PrePostFVTDuring"	NA	NA	NA	NA	NA	0.999999999999979	1	"No data points have the baseline factor level"	"abundance"	26	2
"NODE_3686_length_1625_cov_3.493631"	"PrePostFVT"	"Post"	"PrePostFVTPost"	NA	NA	NA	NA	NA	0.365248152492385	1	"No data points have the baseline factor level"	"abundance"	26	2
"NODE_3716_length_1611_cov_2.967866"	"PrePostFVT"	"During"	"PrePostFVTDuring"	NA	NA	NA	NA	NA	0.900142165969551	1	"No data points have the baseline factor level"	"abundance"	26	5
"NODE_3716_length_1611_cov_2.967866"	"PrePostFVT"	"Post"	"PrePostFVTPost"	NA	NA	NA	NA	NA	0.895662086340391	1	"No data points have the baseline factor level"	"abundance"	26	5
"NODE_3789_length_1212_cov_3.144339"	"PrePostFVT"	"During"	"PrePostFVTDuring"	NA	NA	NA	NA	NA	0.999999834332356	1	"No data points have the baseline factor level"	"abundance"	26	3
"NODE_3789_length_1212_cov_3.144339"	"PrePostFVT"	"Post"	"PrePostFVTPost"	NA	NA	NA	NA	NA	0.926188005518961	1	"No data points have the baseline factor level"	"abundance"	26	3
"NODE_384_length_5899_cov_10.838809"	"PrePostFVT"	"During"	"PrePostFVTDuring"	NA	NA	NA	NA	NA	0.990365894407711	1	"Fitting error (NA p-value returned from fitting procedure)"	"abundance"	26	6
"NODE_393_length_11869_cov_11.596242"	"PrePostFVT"	"During"	"PrePostFVTDuring"	NA	NA	NA	NA	NA	0.999999999999993	1	"No data points have the baseline factor level"	"abundance"	26	6
"NODE_393_length_11869_cov_11.596242"	"PrePostFVT"	"Post"	"PrePostFVTPost"	NA	NA	NA	NA	NA	0.0978021567108788	0.715439633840963	"No data points have the baseline factor level"	"abundance"	26	6
"NODE_40_length_38412_cov_55.863441"	"PrePostFVT"	"During"	"PrePostFVTDuring"	NA	NA	NA	NA	NA	0.989505220234212	1	"No data points have the baseline factor level"	"abundance"	26	7
"NODE_40_length_38412_cov_55.863441"	"PrePostFVT"	"Post"	"PrePostFVTPost"	NA	NA	NA	NA	NA	0.988969982906322	1	"No data points have the baseline factor level"	"abundance"	26	7
"NODE_4072_length_1261_cov_4.812604"	"PrePostFVT"	"During"	"PrePostFVTDuring"	NA	NA	NA	NA	NA	0.98811842551164	1	"number of levels of each grouping factor must be < number of observations (problems: AnimalID)"	"abundance"	26	2
"NODE_4072_length_1261_cov_4.812604"	"PrePostFVT"	"Post"	"PrePostFVTPost"	NA	NA	NA	NA	NA	0.762280364681234	1	"number of levels of each grouping factor must be < number of observations (problems: AnimalID)"	"abundance"	26	2
"NODE_410_length_13108_cov_8.174519"	"PrePostFVT"	"During"	"PrePostFVTDuring"	NA	NA	NA	NA	NA	0.952312854934957	1	"grouping factors must have > 1 sampled level"	"abundance"	26	4
"NODE_410_length_13108_cov_8.174519"	"PrePostFVT"	"Post"	"PrePostFVTPost"	NA	NA	NA	NA	NA	0.909149244386355	1	"grouping factors must have > 1 sampled level"	"abundance"	26	4
"NODE_411_length_10411_cov_40.479625"	"PrePostFVT"	"During"	"PrePostFVTDuring"	-1.38382257777546	NA	0.841363872213881	0.347773262491451	NA	0.999999999999998	1	"Model may not have converged with 1 eigenvalue close to zero: 8.2e-11"	"abundance"	26	4
"NODE_411_length_10411_cov_40.479625"	"PrePostFVT"	"Post"	"PrePostFVTPost"	-3.43940319087678	NA	0.841363872213881	0.152733639759452	NA	0.384384919815411	1	"Model may not have converged with 1 eigenvalue close to zero: 8.2e-11"	"abundance"	26	4
"NODE_413_length_12312_cov_8.098638"	"PrePostFVT"	"During"	"PrePostFVTDuring"	NA	NA	NA	NA	NA	0.999999999999979	1	"No data points have the baseline factor level"	"abundance"	26	3
"NODE_413_length_12312_cov_8.098638"	"PrePostFVT"	"Post"	"PrePostFVTPost"	NA	NA	NA	NA	NA	0.255359773628383	1	"No data points have the baseline factor level"	"abundance"	26	3
"NODE_414_length_5262_cov_3.088151"	"PrePostFVT"	"During"	"PrePostFVTDuring"	NA	NA	NA	NA	NA	0.985049874425218	1	"number of levels of each grouping factor must be < number of observations (problems: AnimalID)"	"abundance"	26	3
"NODE_414_length_5262_cov_3.088151"	"PrePostFVT"	"Post"	"PrePostFVTPost"	NA	NA	NA	NA	NA	0.798720809595145	1	"number of levels of each grouping factor must be < number of observations (problems: AnimalID)"	"abundance"	26	3
"NODE_415_length_21306_cov_20.049974"	"PrePostFVT"	"During"	"PrePostFVTDuring"	NA	NA	NA	NA	NA	1	1	"No data points have the baseline factor level"	"abundance"	26	5
"NODE_415_length_21306_cov_20.049974"	"PrePostFVT"	"Post"	"PrePostFVTPost"	NA	NA	NA	NA	NA	0.255360661269865	1	"No data points have the baseline factor level"	"abundance"	26	5
"NODE_4157_length_1238_cov_8.467456"	"PrePostFVT"	"During"	"PrePostFVTDuring"	NA	NA	NA	NA	NA	0.986815598621488	1	"grouping factors must have > 1 sampled level"	"abundance"	26	2
"NODE_4157_length_1238_cov_8.467456"	"PrePostFVT"	"Post"	"PrePostFVTPost"	NA	NA	NA	NA	NA	0.988529029749308	1	"grouping factors must have > 1 sampled level"	"abundance"	26	2
"NODE_4171_length_1046_cov_3.464178"	"PrePostFVT"	"During"	"PrePostFVTDuring"	NA	NA	NA	NA	NA	0.98848671877559	1	"number of levels of each grouping factor must be < number of observations (problems: AnimalID)"	"abundance"	26	5
"NODE_4171_length_1046_cov_3.464178"	"PrePostFVT"	"Post"	"PrePostFVTPost"	NA	NA	NA	NA	NA	0.138689425360583	0.826573095651732	"number of levels of each grouping factor must be < number of observations (problems: AnimalID)"	"abundance"	26	5
"NODE_4258_length_1423_cov_2.616228"	"PrePostFVT"	"During"	"PrePostFVTDuring"	-0.26687952972562	NA	2.05709994480046	0.917866374710989	NA	1	1	"Model may not have converged with 1 eigenvalue close to zero: 1.2e-11"	"abundance"	26	4
"NODE_4258_length_1423_cov_2.616228"	"PrePostFVT"	"Post"	"PrePostFVTPost"	0.195362936913061	NA	0.182004186778704	0.477446000483222	NA	0.384385437417798	1	"Model may not have converged with 1 eigenvalue close to zero: 1.2e-11"	"abundance"	26	4
"NODE_4270_length_1095_cov_4.632692"	"PrePostFVT"	"During"	"PrePostFVTDuring"	NA	NA	NA	NA	NA	1	1	"No data points have the baseline factor level"	"abundance"	26	5
"NODE_4270_length_1095_cov_4.632692"	"PrePostFVT"	"Post"	"PrePostFVTPost"	NA	NA	NA	NA	NA	0.134310844005702	0.80912513056522	"No data points have the baseline factor level"	"abundance"	26	5
"NODE_4277_length_1095_cov_2.366346"	"PrePostFVT"	"During"	"PrePostFVTDuring"	NA	NA	NA	NA	NA	0.98492877039872	1	"number of levels of each grouping factor must be < number of observations (problems: AnimalID)"	"abundance"	26	4
"NODE_4277_length_1095_cov_2.366346"	"PrePostFVT"	"Post"	"PrePostFVTPost"	NA	NA	NA	NA	NA	0.327077121713686	1	"number of levels of each grouping factor must be < number of observations (problems: AnimalID)"	"abundance"	26	4
"NODE_432_length_20945_cov_11.322451"	"PrePostFVT"	"During"	"PrePostFVTDuring"	NA	NA	NA	NA	NA	0.99547002809823	1	"Fitting error (NA p-value returned from fitting procedure)"	"abundance"	26	6
"NODE_4342_length_1516_cov_5.272416"	"PrePostFVT"	"During"	"PrePostFVTDuring"	-0.244666056151988	NA	0.358571972657692	0.618748549384983	NA	0.590284287366533	1	"Model may not have converged with 1 eigenvalue close to zero: 6.2e-11"	"abundance"	26	4
"NODE_4342_length_1516_cov_5.272416"	"PrePostFVT"	"Post"	"PrePostFVTPost"	-0.569651268290609	NA	0.336077527331506	0.339326192207658	NA	0.798785403309065	1	"Model may not have converged with 1 eigenvalue close to zero: 6.2e-11"	"abundance"	26	4
"NODE_4372_length_1213_cov_2.302245"	"PrePostFVT"	"During"	"PrePostFVTDuring"	NA	NA	NA	NA	NA	0.99081953437055	1	"number of levels of each grouping factor must be < number of observations (problems: AnimalID)"	"abundance"	26	2
"NODE_4372_length_1213_cov_2.302245"	"PrePostFVT"	"Post"	"PrePostFVTPost"	NA	NA	NA	NA	NA	0.987925367729379	1	"number of levels of each grouping factor must be < number of observations (problems: AnimalID)"	"abundance"	26	2
"NODE_450_length_15129_cov_5.661603"	"PrePostFVT"	"During"	"PrePostFVTDuring"	0.475765010868414	NA	0.597167761281942	0.509173848557336	NA	0.999999999999998	1	"Model may not have converged with 1 eigenvalue close to zero: 1.6e-11"	"abundance"	26	5
"NODE_450_length_15129_cov_5.661603"	"PrePostFVT"	"Post"	"PrePostFVTPost"	-0.0606883921630916	NA	3.98694585536157e-05	4.31587771526797e-07	NA	0.684220077922254	1	"Model may not have converged with 1 eigenvalue close to zero: 1.6e-11"	"abundance"	26	5
"NODE_4518_length_1046_cov_3.288597"	"PrePostFVT"	"During"	"PrePostFVTDuring"	NA	NA	NA	NA	NA	0.950147693021616	1	"number of levels of each grouping factor must be < number of observations (problems: AnimalID)"	"abundance"	26	4
"NODE_4518_length_1046_cov_3.288597"	"PrePostFVT"	"Post"	"PrePostFVTPost"	NA	NA	NA	NA	NA	0.501123228264984	1	"number of levels of each grouping factor must be < number of observations (problems: AnimalID)"	"abundance"	26	4
"NODE_453_length_15514_cov_7.051297"	"PrePostFVT"	"During"	"PrePostFVTDuring"	-0.510478001285649	NA	0.0200372762541014	0.00153707108169509	NA	0.053032738795723	0.504535509526523	"Model may not have converged with 1 eigenvalue close to zero: 8.4e-11"	"abundance"	26	5
"NODE_453_length_15514_cov_7.051297"	"PrePostFVT"	"Post"	"PrePostFVTPost"	-2.54872004403478	NA	0.0948393108025684	0.00138175433439447	NA	0.762020093454072	1	"Model may not have converged with 1 eigenvalue close to zero: 8.4e-11"	"abundance"	26	5
"NODE_4544_length_1041_cov_2.966531"	"PrePostFVT"	"During"	"PrePostFVTDuring"	NA	NA	NA	NA	NA	0.98811842551164	1	"number of levels of each grouping factor must be < number of observations (problems: AnimalID)"	"abundance"	26	2
"NODE_4544_length_1041_cov_2.966531"	"PrePostFVT"	"Post"	"PrePostFVTPost"	NA	NA	NA	NA	NA	0.762280364681234	1	"number of levels of each grouping factor must be < number of observations (problems: AnimalID)"	"abundance"	26	2
"NODE_455_length_4871_cov_3.309178"	"PrePostFVT"	"During"	"PrePostFVTDuring"	NA	NA	NA	NA	NA	0.982159590097369	1	"number of levels of each grouping factor must be < number of observations (problems: AnimalID)"	"abundance"	26	2
"NODE_455_length_4871_cov_3.309178"	"PrePostFVT"	"Post"	"PrePostFVTPost"	NA	NA	NA	NA	NA	0.762255073780111	1	"number of levels of each grouping factor must be < number of observations (problems: AnimalID)"	"abundance"	26	2
"NODE_4565_length_1307_cov_2.827476"	"PrePostFVT"	"During"	"PrePostFVTDuring"	NA	NA	NA	NA	NA	0.995910898299638	1	"Fitting error (NA p-value returned from fitting procedure)"	"abundance"	26	8
"NODE_4616_length_1165_cov_6.749550"	"PrePostFVT"	"During"	"PrePostFVTDuring"	NA	NA	NA	NA	NA	0.986815598621488	1	"grouping factors must have > 1 sampled level"	"abundance"	26	2
"NODE_4616_length_1165_cov_6.749550"	"PrePostFVT"	"Post"	"PrePostFVTPost"	NA	NA	NA	NA	NA	0.988529029749308	1	"grouping factors must have > 1 sampled level"	"abundance"	26	2
"NODE_47_length_35571_cov_46.640585"	"PrePostFVT"	"During"	"PrePostFVTDuring"	NA	NA	NA	NA	NA	0.963710980059871	1	"No data points have the baseline factor level"	"abundance"	26	11
"NODE_47_length_35571_cov_46.640585"	"PrePostFVT"	"Post"	"PrePostFVTPost"	NA	NA	NA	NA	NA	0.955201512837868	1	"No data points have the baseline factor level"	"abundance"	26	11
"NODE_471_length_10690_cov_5.362482"	"PrePostFVT"	"During"	"PrePostFVTDuring"	NA	NA	NA	NA	NA	0.982159590097369	1	"number of levels of each grouping factor must be < number of observations (problems: AnimalID)"	"abundance"	26	2
"NODE_471_length_10690_cov_5.362482"	"PrePostFVT"	"Post"	"PrePostFVTPost"	NA	NA	NA	NA	NA	0.762255073780111	1	"number of levels of each grouping factor must be < number of observations (problems: AnimalID)"	"abundance"	26	2
"NODE_4715_length_1303_cov_2.362179"	"PrePostFVT"	"During"	"PrePostFVTDuring"	NA	NA	NA	NA	NA	NA	NA	"No data points have the baseline factor level"	"abundance"	26	4
"NODE_4715_length_1303_cov_2.362179"	"PrePostFVT"	"Post"	"PrePostFVTPost"	NA	NA	NA	NA	NA	NA	NA	"No data points have the baseline factor level"	"abundance"	26	4
"NODE_475_length_11718_cov_5.183058"	"PrePostFVT"	"During"	"PrePostFVTDuring"	NA	NA	NA	NA	NA	1	1	"No data points have the baseline factor level"	"abundance"	26	2
"NODE_475_length_11718_cov_5.183058"	"PrePostFVT"	"Post"	"PrePostFVTPost"	NA	NA	NA	NA	NA	0.558285364372814	1	"No data points have the baseline factor level"	"abundance"	26	2
"NODE_476_length_10574_cov_8.492252"	"PrePostFVT"	"During"	"PrePostFVTDuring"	NA	NA	NA	NA	NA	0.952312854934957	1	"grouping factors must have > 1 sampled level"	"abundance"	26	3
"NODE_476_length_10574_cov_8.492252"	"PrePostFVT"	"Post"	"PrePostFVTPost"	NA	NA	NA	NA	NA	0.909149244386355	1	"grouping factors must have > 1 sampled level"	"abundance"	26	3
"NODE_4799_length_1286_cov_2.965881"	"PrePostFVT"	"During"	"PrePostFVTDuring"	NA	NA	NA	NA	NA	0.97743761950377	1	"Model may not have converged with 1 eigenvalue close to zero: 2.9e-10"	"abundance"	26	3
"NODE_4799_length_1286_cov_2.965881"	"PrePostFVT"	"Post"	"PrePostFVTPost"	0.459154093294422	NA	2.18337084863119	0.868044224415306	NA	0.798857358075517	1	"Model may not have converged with 1 eigenvalue close to zero: 2.9e-10"	"abundance"	26	3
"NODE_502_length_9921_cov_9.503953"	"PrePostFVT"	"During"	"PrePostFVTDuring"	NA	NA	NA	NA	NA	0.978690137474474	1	"contrasts can be applied only to factors with 2 or more levels"	"abundance"	26	5
"NODE_502_length_9921_cov_9.503953"	"PrePostFVT"	"Post"	"PrePostFVTPost"	NA	NA	NA	NA	NA	0.958434608165217	1	"contrasts can be applied only to factors with 2 or more levels"	"abundance"	26	5
"NODE_5114_length_1045_cov_6.445455"	"PrePostFVT"	"During"	"PrePostFVTDuring"	NA	NA	NA	NA	NA	0.986815598621488	1	"grouping factors must have > 1 sampled level"	"abundance"	26	2
"NODE_5114_length_1045_cov_6.445455"	"PrePostFVT"	"Post"	"PrePostFVTPost"	NA	NA	NA	NA	NA	0.988529029749308	1	"grouping factors must have > 1 sampled level"	"abundance"	26	2
"NODE_512_length_17379_cov_48.317017"	"PrePostFVT"	"During"	"PrePostFVTDuring"	NA	NA	NA	NA	NA	1	1	"No data points have the baseline factor level"	"abundance"	26	5
"NODE_512_length_17379_cov_48.317017"	"PrePostFVT"	"Post"	"PrePostFVTPost"	NA	NA	NA	NA	NA	0.134311591132207	0.80912513056522	"No data points have the baseline factor level"	"abundance"	26	5
"NODE_515_length_15976_cov_64.566108|provirus_96_3676"	"PrePostFVT"	"During"	"PrePostFVTDuring"	NA	NA	NA	NA	NA	0.578046819605694	1	"Fitting error (NA p-value returned from fitting procedure)"	"abundance"	26	7
"NODE_518_length_7351_cov_49.470943"	"PrePostFVT"	"During"	"PrePostFVTDuring"	NA	NA	NA	NA	NA	0.987011550443147	1	"number of levels of each grouping factor must be < number of observations (problems: AnimalID)"	"abundance"	26	4
"NODE_518_length_7351_cov_49.470943"	"PrePostFVT"	"Post"	"PrePostFVTPost"	NA	NA	NA	NA	NA	0.798813282160681	1	"number of levels of each grouping factor must be < number of observations (problems: AnimalID)"	"abundance"	26	4
"NODE_519_length_8255_cov_36.759024"	"PrePostFVT"	"During"	"PrePostFVTDuring"	-0.400887197253968	NA	0.633126971117887	0.591358388600746	NA	0.999999999999998	1	"Model may not have converged with 1 eigenvalue close to zero: 5.0e-11"	"abundance"	26	5
"NODE_519_length_8255_cov_36.759024"	"PrePostFVT"	"Post"	"PrePostFVTPost"	-0.219661540032541	NA	0.626302832477305	0.759290261619224	NA	0.684219986130657	1	"Model may not have converged with 1 eigenvalue close to zero: 5.0e-11"	"abundance"	26	5
"NODE_520_length_9259_cov_14.997827"	"PrePostFVT"	"During"	"PrePostFVTDuring"	NA	NA	NA	NA	NA	0.978690137474474	1	"contrasts can be applied only to factors with 2 or more levels"	"abundance"	26	5
"NODE_520_length_9259_cov_14.997827"	"PrePostFVT"	"Post"	"PrePostFVTPost"	NA	NA	NA	NA	NA	0.958434608165217	1	"contrasts can be applied only to factors with 2 or more levels"	"abundance"	26	5
"NODE_5373_length_1043_cov_4.048583"	"PrePostFVT"	"During"	"PrePostFVTDuring"	NA	NA	NA	NA	NA	0.971557572259654	1	"number of levels of each grouping factor must be < number of observations (problems: AnimalID)"	"abundance"	26	3
"NODE_5373_length_1043_cov_4.048583"	"PrePostFVT"	"Post"	"PrePostFVTPost"	NA	NA	NA	NA	NA	0.974936461330264	1	"number of levels of each grouping factor must be < number of observations (problems: AnimalID)"	"abundance"	26	3
"NODE_540_length_11002_cov_8.996894"	"PrePostFVT"	"During"	"PrePostFVTDuring"	NA	NA	NA	NA	NA	0.989902573547481	1	"Fitting error (NA p-value returned from fitting procedure)"	"abundance"	26	6
"NODE_5433_length_1204_cov_4.010444"	"PrePostFVT"	"During"	"PrePostFVTDuring"	NA	NA	NA	NA	NA	0.590270398033636	1	"number of levels of each grouping factor must be < number of observations (problems: AnimalID)"	"abundance"	26	4
"NODE_5433_length_1204_cov_4.010444"	"PrePostFVT"	"Post"	"PrePostFVTPost"	NA	NA	NA	NA	NA	0.762336025108892	1	"number of levels of each grouping factor must be < number of observations (problems: AnimalID)"	"abundance"	26	4
"NODE_5616_length_1009_cov_7.381551"	"PrePostFVT"	"During"	"PrePostFVTDuring"	NA	NA	NA	NA	NA	0.98811842551164	1	"number of levels of each grouping factor must be < number of observations (problems: AnimalID)"	"abundance"	26	2
"NODE_5616_length_1009_cov_7.381551"	"PrePostFVT"	"Post"	"PrePostFVTPost"	NA	NA	NA	NA	NA	0.762280364681234	1	"number of levels of each grouping factor must be < number of observations (problems: AnimalID)"	"abundance"	26	2
"NODE_570_length_4207_cov_5.436175"	"PrePostFVT"	"During"	"PrePostFVTDuring"	NA	NA	NA	NA	NA	0.999999999999981	1	"No data points have the baseline factor level"	"abundance"	26	3
"NODE_570_length_4207_cov_5.436175"	"PrePostFVT"	"Post"	"PrePostFVTPost"	NA	NA	NA	NA	NA	0.365247349420622	1	"No data points have the baseline factor level"	"abundance"	26	3
"NODE_5801_length_1157_cov_3.646098"	"PrePostFVT"	"During"	"PrePostFVTDuring"	0.222068501599303	NA	0.141884011060916	0.258019083880078	NA	0.667231106063612	1	"Model may not have converged with 1 eigenvalue close to zero: 1.4e-11"	"abundance"	26	5
"NODE_5801_length_1157_cov_3.646098"	"PrePostFVT"	"Post"	"PrePostFVTPost"	NA	NA	NA	NA	NA	0.978981464048502	1	"Model may not have converged with 1 eigenvalue close to zero: 1.4e-11"	"abundance"	26	5
"NODE_581_length_3648_cov_8.794044"	"PrePostFVT"	"During"	"PrePostFVTDuring"	NA	NA	NA	NA	NA	0.590069430689603	1	"number of levels of each grouping factor must be < number of observations (problems: AnimalID)"	"abundance"	26	2
"NODE_581_length_3648_cov_8.794044"	"PrePostFVT"	"Post"	"PrePostFVTPost"	NA	NA	NA	NA	NA	0.97905593547766	1	"number of levels of each grouping factor must be < number of observations (problems: AnimalID)"	"abundance"	26	2
"NODE_5997_length_1100_cov_2.450718"	"PrePostFVT"	"During"	"PrePostFVTDuring"	NA	NA	NA	NA	NA	0.976783792965556	1	"Model may not have converged with 1 eigenvalue close to zero: 6.8e-10"	"abundance"	26	3
"NODE_5997_length_1100_cov_2.450718"	"PrePostFVT"	"Post"	"PrePostFVTPost"	-2.58218137866132	NA	0.595792835786397	0.139560223201427	NA	0.797623024174982	1	"Model may not have converged with 1 eigenvalue close to zero: 6.8e-10"	"abundance"	26	3
"NODE_60_length_70157_cov_14.317295|provirus_6729_54193"	"PrePostFVT"	"During"	"PrePostFVTDuring"	NA	NA	NA	NA	NA	0.952312854934957	1	"grouping factors must have > 1 sampled level"	"abundance"	26	3
"NODE_60_length_70157_cov_14.317295|provirus_6729_54193"	"PrePostFVT"	"Post"	"PrePostFVTPost"	NA	NA	NA	NA	NA	0.909149244386355	1	"grouping factors must have > 1 sampled level"	"abundance"	26	3
"NODE_608_length_12965_cov_13.707514"	"PrePostFVT"	"During"	"PrePostFVTDuring"	NA	NA	NA	NA	NA	0.590068207093377	1	"number of levels of each grouping factor must be < number of observations (problems: AnimalID)"	"abundance"	26	2
"NODE_608_length_12965_cov_13.707514"	"PrePostFVT"	"Post"	"PrePostFVTPost"	NA	NA	NA	NA	NA	0.979055924063556	1	"number of levels of each grouping factor must be < number of observations (problems: AnimalID)"	"abundance"	26	2
"NODE_619_length_11199_cov_10.410266"	"PrePostFVT"	"During"	"PrePostFVTDuring"	NA	NA	NA	NA	NA	0.97997218785025	1	"Model may not have converged with 1 eigenvalue close to zero: 9.1e-11"	"abundance"	26	4
"NODE_619_length_11199_cov_10.410266"	"PrePostFVT"	"Post"	"PrePostFVTPost"	-0.810850439739436	NA	0.341091251528068	0.13973025154636	NA	0.501308149859023	1	"Model may not have converged with 1 eigenvalue close to zero: 9.1e-11"	"abundance"	26	4
"NODE_634_length_10208_cov_6.749729"	"PrePostFVT"	"During"	"PrePostFVTDuring"	NA	NA	NA	NA	NA	0.183775668445707	0.933001624112053	"number of levels of each grouping factor must be < number of observations (problems: AnimalID)"	"abundance"	26	3
"NODE_634_length_10208_cov_6.749729"	"PrePostFVT"	"Post"	"PrePostFVTPost"	NA	NA	NA	NA	NA	0.98537574919932	1	"number of levels of each grouping factor must be < number of observations (problems: AnimalID)"	"abundance"	26	3
"NODE_636_length_9718_cov_4.457932"	"PrePostFVT"	"During"	"PrePostFVTDuring"	NA	NA	NA	NA	NA	0.999999999999974	1	"No data points have the baseline factor level"	"abundance"	26	4
"NODE_636_length_9718_cov_4.457932"	"PrePostFVT"	"Post"	"PrePostFVTPost"	NA	NA	NA	NA	NA	0.184116978490986	0.933001624112053	"No data points have the baseline factor level"	"abundance"	26	4
"NODE_640_length_5855_cov_4.590690"	"PrePostFVT"	"During"	"PrePostFVTDuring"	NA	NA	NA	NA	NA	0.959607405500177	1	"No data points have the baseline factor level"	"abundance"	26	3
"NODE_640_length_5855_cov_4.590690"	"PrePostFVT"	"Post"	"PrePostFVTPost"	NA	NA	NA	NA	NA	0.961354014445643	1	"No data points have the baseline factor level"	"abundance"	26	3
"NODE_658_length_5901_cov_4.121280"	"PrePostFVT"	"During"	"PrePostFVTDuring"	NA	NA	NA	NA	NA	0.578044066263814	1	"Fitting error (NA p-value returned from fitting procedure)"	"abundance"	26	5
"NODE_660_length_7949_cov_14.370661"	"PrePostFVT"	"During"	"PrePostFVTDuring"	NA	NA	NA	NA	NA	0.952312854934957	1	"grouping factors must have > 1 sampled level"	"abundance"	26	4
"NODE_660_length_7949_cov_14.370661"	"PrePostFVT"	"Post"	"PrePostFVTPost"	NA	NA	NA	NA	NA	0.909149244386355	1	"grouping factors must have > 1 sampled level"	"abundance"	26	4
"NODE_680_length_15026_cov_185.942956"	"PrePostFVT"	"During"	"PrePostFVTDuring"	-0.241170079396522	NA	0.171045983900349	0.253332454271702	NA	0.590254789716629	1	"Model may not have converged with 1 eigenvalue close to zero: 1.9e-11"	"abundance"	26	8
"NODE_680_length_15026_cov_185.942956"	"PrePostFVT"	"Post"	"PrePostFVTPost"	-0.292419823377702	NA	0.170941060942838	0.185663921603625	NA	0.309223927936585	1	"Model may not have converged with 1 eigenvalue close to zero: 1.9e-11"	"abundance"	26	8
"NODE_693_length_5644_cov_5.643407"	"PrePostFVT"	"During"	"PrePostFVTDuring"	NA	NA	NA	NA	NA	1	1	"No data points have the baseline factor level"	"abundance"	26	5
"NODE_693_length_5644_cov_5.643407"	"PrePostFVT"	"Post"	"PrePostFVTPost"	NA	NA	NA	NA	NA	0.134310962220774	0.80912513056522	"No data points have the baseline factor level"	"abundance"	26	5
"NODE_707_length_10061_cov_16.960224"	"PrePostFVT"	"During"	"PrePostFVTDuring"	NA	NA	NA	NA	NA	0.982789158739505	1	"Fitting error (NA p-value returned from fitting procedure)"	"abundance"	26	8
"NODE_709_length_10915_cov_13.716575"	"PrePostFVT"	"During"	"PrePostFVTDuring"	NA	NA	NA	NA	NA	0.590270398033636	1	"number of levels of each grouping factor must be < number of observations (problems: AnimalID)"	"abundance"	26	3
"NODE_709_length_10915_cov_13.716575"	"PrePostFVT"	"Post"	"PrePostFVTPost"	NA	NA	NA	NA	NA	0.762336025108892	1	"number of levels of each grouping factor must be < number of observations (problems: AnimalID)"	"abundance"	26	3
"NODE_714_length_8853_cov_6.383951"	"PrePostFVT"	"During"	"PrePostFVTDuring"	NA	NA	NA	NA	NA	0.590270398033636	1	"number of levels of each grouping factor must be < number of observations (problems: AnimalID)"	"abundance"	26	3
"NODE_714_length_8853_cov_6.383951"	"PrePostFVT"	"Post"	"PrePostFVTPost"	NA	NA	NA	NA	NA	0.762336025108892	1	"number of levels of each grouping factor must be < number of observations (problems: AnimalID)"	"abundance"	26	3
"NODE_740_length_4991_cov_5.070097"	"PrePostFVT"	"During"	"PrePostFVTDuring"	NA	NA	NA	NA	NA	0.999999999999979	1	"No data points have the baseline factor level"	"abundance"	26	3
"NODE_740_length_4991_cov_5.070097"	"PrePostFVT"	"Post"	"PrePostFVTPost"	NA	NA	NA	NA	NA	0.255359773628383	1	"No data points have the baseline factor level"	"abundance"	26	3
"NODE_759_length_7518_cov_9.268659"	"PrePostFVT"	"During"	"PrePostFVTDuring"	NA	NA	NA	NA	NA	0.982159590097369	1	"number of levels of each grouping factor must be < number of observations (problems: AnimalID)"	"abundance"	26	2
"NODE_759_length_7518_cov_9.268659"	"PrePostFVT"	"Post"	"PrePostFVTPost"	NA	NA	NA	NA	NA	0.762255073780111	1	"number of levels of each grouping factor must be < number of observations (problems: AnimalID)"	"abundance"	26	2
"NODE_783_length_2569_cov_12.409706"	"PrePostFVT"	"During"	"PrePostFVTDuring"	NA	NA	NA	NA	NA	0.980520242942955	1	"number of levels of each grouping factor must be < number of observations (problems: AnimalID)"	"abundance"	26	3
"NODE_783_length_2569_cov_12.409706"	"PrePostFVT"	"Post"	"PrePostFVTPost"	NA	NA	NA	NA	NA	0.762349258313115	1	"number of levels of each grouping factor must be < number of observations (problems: AnimalID)"	"abundance"	26	3
"NODE_784_length_6479_cov_5.934153"	"PrePostFVT"	"During"	"PrePostFVTDuring"	NA	NA	NA	NA	NA	0.986815598621488	1	"grouping factors must have > 1 sampled level"	"abundance"	26	2
"NODE_784_length_6479_cov_5.934153"	"PrePostFVT"	"Post"	"PrePostFVTPost"	NA	NA	NA	NA	NA	0.988529029749308	1	"grouping factors must have > 1 sampled level"	"abundance"	26	2
"NODE_803_length_4498_cov_1136.345262"	"PrePostFVT"	"During"	"PrePostFVTDuring"	NA	NA	NA	NA	NA	0.986815598621488	1	"grouping factors must have > 1 sampled level"	"abundance"	26	3
"NODE_803_length_4498_cov_1136.345262"	"PrePostFVT"	"Post"	"PrePostFVTPost"	NA	NA	NA	NA	NA	0.988529029749308	1	"grouping factors must have > 1 sampled level"	"abundance"	26	3
"NODE_815_length_9452_cov_9.352453"	"PrePostFVT"	"During"	"PrePostFVTDuring"	NA	NA	NA	NA	NA	0.183775668445707	0.933001624112053	"number of levels of each grouping factor must be < number of observations (problems: AnimalID)"	"abundance"	26	3
"NODE_815_length_9452_cov_9.352453"	"PrePostFVT"	"Post"	"PrePostFVTPost"	NA	NA	NA	NA	NA	0.98537574919932	1	"number of levels of each grouping factor must be < number of observations (problems: AnimalID)"	"abundance"	26	3
"NODE_818_length_6157_cov_23.997542"	"PrePostFVT"	"During"	"PrePostFVTDuring"	-0.251716231082644	NA	0.086807307155901	0.101187288773975	NA	0.053032738795723	0.504535509526523	"Model may not have converged with 1 eigenvalue close to zero: 3.2e-11"	"abundance"	26	6
"NODE_818_length_6157_cov_23.997542"	"PrePostFVT"	"Post"	"PrePostFVTPost"	-1.34659994097929	NA	0.665737040671951	0.180446247167719	NA	0.762020093454072	1	"Model may not have converged with 1 eigenvalue close to zero: 3.2e-11"	"abundance"	26	6
"NODE_830_length_5112_cov_19.131896"	"PrePostFVT"	"During"	"PrePostFVTDuring"	NA	NA	NA	NA	NA	0.986404387166443	1	"number of levels of each grouping factor must be < number of observations (problems: AnimalID)"	"abundance"	26	3
"NODE_830_length_5112_cov_19.131896"	"PrePostFVT"	"Post"	"PrePostFVTPost"	NA	NA	NA	NA	NA	0.327081924387746	1	"number of levels of each grouping factor must be < number of observations (problems: AnimalID)"	"abundance"	26	3
"NODE_834_length_6781_cov_6.453464"	"PrePostFVT"	"During"	"PrePostFVTDuring"	0.0175988012583668	NA	0.377786487145833	0.970350059524732	NA	0.590284287366533	1	"Model may not have converged with 1 eigenvalue close to zero: 1.7e-10"	"abundance"	26	4
"NODE_834_length_6781_cov_6.453464"	"PrePostFVT"	"Post"	"PrePostFVTPost"	-0.247723173403257	NA	0.336077527331506	0.5956225039573	NA	0.798785403309065	1	"Model may not have converged with 1 eigenvalue close to zero: 1.7e-10"	"abundance"	26	4
"NODE_836_length_3127_cov_6.355794"	"PrePostFVT"	"During"	"PrePostFVTDuring"	NA	NA	NA	NA	NA	1	1	"No data points have the baseline factor level"	"abundance"	26	5
"NODE_836_length_3127_cov_6.355794"	"PrePostFVT"	"Post"	"PrePostFVTPost"	NA	NA	NA	NA	NA	0.134311983189746	0.80912513056522	"No data points have the baseline factor level"	"abundance"	26	5
"NODE_840_length_4289_cov_2.954417"	"PrePostFVT"	"During"	"PrePostFVTDuring"	NA	NA	NA	NA	NA	0.999999999999974	1	"No data points have the baseline factor level"	"abundance"	26	4
"NODE_840_length_4289_cov_2.954417"	"PrePostFVT"	"Post"	"PrePostFVTPost"	NA	NA	NA	NA	NA	0.184116978490986	0.933001624112053	"No data points have the baseline factor level"	"abundance"	26	4
"NODE_856_length_7149_cov_8.614604"	"PrePostFVT"	"During"	"PrePostFVTDuring"	NA	NA	NA	NA	NA	0.590068207093377	1	"number of levels of each grouping factor must be < number of observations (problems: AnimalID)"	"abundance"	26	2
"NODE_856_length_7149_cov_8.614604"	"PrePostFVT"	"Post"	"PrePostFVTPost"	NA	NA	NA	NA	NA	0.979055924063556	1	"number of levels of each grouping factor must be < number of observations (problems: AnimalID)"	"abundance"	26	2
"NODE_867_length_5878_cov_6.202645"	"PrePostFVT"	"During"	"PrePostFVTDuring"	NA	NA	NA	NA	NA	0.942583994351277	1	"Model may not have converged with 1 eigenvalue close to zero: 3.8e-11"	"abundance"	26	3
"NODE_867_length_5878_cov_6.202645"	"PrePostFVT"	"Post"	"PrePostFVTPost"	-0.851149010568573	NA	0.4159548906119	0.283068113379309	NA	0.798712552477826	1	"Model may not have converged with 1 eigenvalue close to zero: 3.8e-11"	"abundance"	26	3
"NODE_877_length_7168_cov_3.728947"	"PrePostFVT"	"During"	"PrePostFVTDuring"	-0.728706561168934	NA	0.375975858969729	0.191974410175365	NA	0.590283780210891	1	"Model may not have converged with 1 eigenvalue close to zero: 7.4e-11"	"abundance"	26	5
"NODE_877_length_7168_cov_3.728947"	"PrePostFVT"	"Post"	"PrePostFVTPost"	-0.280673864416782	NA	0.33676395431379	0.492276920980591	NA	0.501258540844212	1	"Model may not have converged with 1 eigenvalue close to zero: 7.4e-11"	"abundance"	26	5
"NODE_880_length_9528_cov_672.428798"	"PrePostFVT"	"During"	"PrePostFVTDuring"	NA	NA	NA	NA	NA	0.999999999999979	1	"No data points have the baseline factor level"	"abundance"	26	5
"NODE_880_length_9528_cov_672.428798"	"PrePostFVT"	"Post"	"PrePostFVTPost"	NA	NA	NA	NA	NA	0.255359773628383	1	"No data points have the baseline factor level"	"abundance"	26	5
"NODE_896_length_9114_cov_63.168230"	"PrePostFVT"	"During"	"PrePostFVTDuring"	0.197485740537026	NA	1.28387838992034	0.891870790556159	NA	0.394812921006126	1	"Model may not have converged with 1 eigenvalue close to zero: 7.1e-11"	"abundance"	26	6
"NODE_896_length_9114_cov_63.168230"	"PrePostFVT"	"Post"	"PrePostFVTPost"	0.449694944145425	NA	0.31366793514548	0.287746597347901	NA	0.327079786608435	1	"Model may not have converged with 1 eigenvalue close to zero: 7.1e-11"	"abundance"	26	6
"NODE_898_length_6495_cov_6.899224"	"PrePostFVT"	"During"	"PrePostFVTDuring"	NA	NA	NA	NA	NA	0.982159590097369	1	"number of levels of each grouping factor must be < number of observations (problems: AnimalID)"	"abundance"	26	2
"NODE_898_length_6495_cov_6.899224"	"PrePostFVT"	"Post"	"PrePostFVTPost"	NA	NA	NA	NA	NA	0.762255073780111	1	"number of levels of each grouping factor must be < number of observations (problems: AnimalID)"	"abundance"	26	2
"NODE_908_length_6433_cov_7.265130"	"PrePostFVT"	"During"	"PrePostFVTDuring"	NA	NA	NA	NA	NA	0.969189231022203	1	"number of levels of each grouping factor must be < number of observations (problems: AnimalID)"	"abundance"	26	3
"NODE_908_length_6433_cov_7.265130"	"PrePostFVT"	"Post"	"PrePostFVTPost"	NA	NA	NA	NA	NA	0.799040143832394	1	"number of levels of each grouping factor must be < number of observations (problems: AnimalID)"	"abundance"	26	3
"NODE_909_length_6938_cov_5.084556"	"PrePostFVT"	"During"	"PrePostFVTDuring"	NA	NA	NA	NA	NA	0.984083432091073	1	"Fitting error (NA p-value returned from fitting procedure)"	"abundance"	26	4
"NODE_920_length_3929_cov_113.413268"	"PrePostFVT"	"During"	"PrePostFVTDuring"	NA	NA	NA	NA	NA	1	1	"No data points have the baseline factor level"	"abundance"	26	6
"NODE_920_length_3929_cov_113.413268"	"PrePostFVT"	"Post"	"PrePostFVTPost"	NA	NA	NA	NA	NA	0.184116115719928	0.933001624112053	"No data points have the baseline factor level"	"abundance"	26	6
"NODE_930_length_4573_cov_5.266932"	"PrePostFVT"	"During"	"PrePostFVTDuring"	NA	NA	NA	NA	NA	0.978982118252809	1	"Fitting error (NA p-value returned from fitting procedure)"	"abundance"	26	10
"NODE_935_length_4543_cov_8.768048"	"PrePostFVT"	"During"	"PrePostFVTDuring"	NA	NA	NA	NA	NA	0.982159590097369	1	"number of levels of each grouping factor must be < number of observations (problems: AnimalID)"	"abundance"	26	2
"NODE_935_length_4543_cov_8.768048"	"PrePostFVT"	"Post"	"PrePostFVTPost"	NA	NA	NA	NA	NA	0.762255073780111	1	"number of levels of each grouping factor must be < number of observations (problems: AnimalID)"	"abundance"	26	2
"NODE_948_length_5284_cov_5.944731"	"PrePostFVT"	"During"	"PrePostFVTDuring"	NA	NA	NA	NA	NA	0.99999999999998	1	"No data points have the baseline factor level"	"abundance"	26	3
"NODE_948_length_5284_cov_5.944731"	"PrePostFVT"	"Post"	"PrePostFVTPost"	NA	NA	NA	NA	NA	0.365247357761849	1	"No data points have the baseline factor level"	"abundance"	26	3
"NODE_959_length_2720_cov_600.235647"	"PrePostFVT"	"During"	"PrePostFVTDuring"	NA	NA	NA	NA	NA	0.999999999999993	1	"No data points have the baseline factor level"	"abundance"	26	8
"NODE_959_length_2720_cov_600.235647"	"PrePostFVT"	"Post"	"PrePostFVTPost"	NA	NA	NA	NA	NA	0.0978027759070357	0.715439633840963	"No data points have the baseline factor level"	"abundance"	26	8
"NODE_971_length_5388_cov_2.846240"	"PrePostFVT"	"During"	"PrePostFVTDuring"	NA	NA	NA	NA	NA	0.999999999999974	1	"No data points have the baseline factor level"	"abundance"	26	4
"NODE_971_length_5388_cov_2.846240"	"PrePostFVT"	"Post"	"PrePostFVTPost"	NA	NA	NA	NA	NA	0.184116978490986	0.933001624112053	"No data points have the baseline factor level"	"abundance"	26	4
"NODE_976_length_5283_cov_79.848317"	"PrePostFVT"	"During"	"PrePostFVTDuring"	NA	NA	NA	NA	NA	0.999999999999998	1	"No data points have the baseline factor level"	"abundance"	26	2
"NODE_976_length_5283_cov_79.848317"	"PrePostFVT"	"Post"	"PrePostFVTPost"	NA	NA	NA	NA	NA	0.999999999999997	1	"No data points have the baseline factor level"	"abundance"	26	2
"NODE_990_length_4014_cov_42.693609"	"PrePostFVT"	"During"	"PrePostFVTDuring"	NA	NA	NA	NA	NA	0.972922835555588	1	"Fitting error (NA p-value returned from fitting procedure)"	"abundance"	26	8
"NODE_1000_length_3623_cov_9.385090"	"PrePostFVT"	"During"	"PrePostFVTDuring"	NA	0	NA	NA	NA	0.0470591734920245	0.485299319524223	"All logistic values are the same"	"prevalence"	26	26
"NODE_1000_length_3623_cov_9.385090"	"PrePostFVT"	"Post"	"PrePostFVTPost"	NA	0	NA	NA	NA	7.94737349495637e-06	0.013836377254719	"All logistic values are the same"	"prevalence"	26	26
"NODE_1021_length_3863_cov_7.928834"	"PrePostFVT"	"During"	"PrePostFVTDuring"	NA	0	NA	NA	NA	0.363079250416559	1	"All logistic values are the same"	"prevalence"	26	26
"NODE_1021_length_3863_cov_7.928834"	"PrePostFVT"	"Post"	"PrePostFVTPost"	NA	0	NA	NA	NA	0.00591687971000355	0.178705918231657	"All logistic values are the same"	"prevalence"	26	26
"NODE_1044_length_3426_cov_42.706022"	"PrePostFVT"	"During"	"PrePostFVTDuring"	0.793252332942402	0	0.0115431631800166	0	NA	NA	NA	"Model failed to converge with max|grad| = 0.00612578 (tol = 0.002, component 1)"	"prevalence"	26	4
"NODE_1044_length_3426_cov_42.706022"	"PrePostFVT"	"Post"	"PrePostFVTPost"	25.3539477391657	0	0.0115437266941232	0	NA	NA	NA	"Model failed to converge with max|grad| = 0.00612578 (tol = 0.002, component 1)"	"prevalence"	26	4
"NODE_1070_length_4765_cov_8.258599"	"PrePostFVT"	"During"	"PrePostFVTDuring"	NA	0	NA	NA	NA	0.765258359664031	1	"All logistic values are the same"	"prevalence"	26	26
"NODE_1070_length_4765_cov_8.258599"	"PrePostFVT"	"Post"	"PrePostFVTPost"	NA	0	NA	NA	NA	0.00449156105835911	0.177850570113042	"All logistic values are the same"	"prevalence"	26	26
"NODE_109_length_17329_cov_21.961503"	"PrePostFVT"	"During"	"PrePostFVTDuring"	NA	0	NA	NA	NA	0.0644714523586616	0.587669102389685	"All logistic values are the same"	"prevalence"	26	26
"NODE_109_length_17329_cov_21.961503"	"PrePostFVT"	"Post"	"PrePostFVTPost"	NA	0	NA	NA	NA	8.44471595787521e-05	0.0294045009653215	"All logistic values are the same"	"prevalence"	26	26
"NODE_1109_length_4231_cov_23.831418"	"PrePostFVT"	"During"	"PrePostFVTDuring"	NA	0	NA	NA	NA	0.281756322372735	1	"All logistic values are the same"	"prevalence"	26	26
"NODE_1109_length_4231_cov_23.831418"	"PrePostFVT"	"Post"	"PrePostFVTPost"	NA	0	NA	NA	NA	0.601343017601671	1	"All logistic values are the same"	"prevalence"	26	26
"NODE_1125_length_5473_cov_26.248431"	"PrePostFVT"	"During"	"PrePostFVTDuring"	NA	0	NA	NA	NA	0.406154999102201	1	"All logistic values are the same"	"prevalence"	26	26
"NODE_1125_length_5473_cov_26.248431"	"PrePostFVT"	"Post"	"PrePostFVTPost"	NA	0	NA	NA	NA	0.262919183927281	1	"All logistic values are the same"	"prevalence"	26	26
"NODE_1161_length_3909_cov_93.481318"	"PrePostFVT"	"During"	"PrePostFVTDuring"	NA	0	NA	NA	NA	0.208887007812753	0.988239892940226	"All logistic values are the same"	"prevalence"	26	26
"NODE_1161_length_3909_cov_93.481318"	"PrePostFVT"	"Post"	"PrePostFVTPost"	NA	0	NA	NA	NA	0.0120268204023069	0.234141759322069	"All logistic values are the same"	"prevalence"	26	26
"NODE_1204_length_4872_cov_178.189329"	"PrePostFVT"	"During"	"PrePostFVTDuring"	NA	0	NA	NA	NA	0.657178676464975	1	"All logistic values are the same"	"prevalence"	26	26
"NODE_1204_length_4872_cov_178.189329"	"PrePostFVT"	"Post"	"PrePostFVTPost"	NA	0	NA	NA	NA	0.131058800750893	0.80912513056522	"All logistic values are the same"	"prevalence"	26	26
"NODE_1250_length_4468_cov_38.665307"	"PrePostFVT"	"During"	"PrePostFVTDuring"	NA	0	NA	NA	NA	0.301081437813904	1	"All logistic values are the same"	"prevalence"	26	26
"NODE_1250_length_4468_cov_38.665307"	"PrePostFVT"	"Post"	"PrePostFVTPost"	NA	0	NA	NA	NA	0.11435817262999	0.783961442215407	"All logistic values are the same"	"prevalence"	26	26
"NODE_1260_length_2744_cov_11.166977"	"PrePostFVT"	"During"	"PrePostFVTDuring"	NA	0	NA	NA	NA	0.449285253651859	1	"All logistic values are the same"	"prevalence"	26	26
"NODE_1260_length_2744_cov_11.166977"	"PrePostFVT"	"Post"	"PrePostFVTPost"	NA	0	NA	NA	NA	0.0679100876695823	0.603221748126238	"All logistic values are the same"	"prevalence"	26	26
"NODE_1268_length_3996_cov_39.488962"	"PrePostFVT"	"During"	"PrePostFVTDuring"	NA	0	NA	NA	NA	0.420938123093292	1	"All logistic values are the same"	"prevalence"	26	26
"NODE_1268_length_3996_cov_39.488962"	"PrePostFVT"	"Post"	"PrePostFVTPost"	NA	0	NA	NA	NA	0.166950411765908	0.933001624112053	"All logistic values are the same"	"prevalence"	26	26
"NODE_1286_length_2776_cov_23.367879"	"PrePostFVT"	"During"	"PrePostFVTDuring"	NA	0	NA	NA	NA	0.812342234988338	1	"All logistic values are the same"	"prevalence"	26	26
"NODE_1286_length_2776_cov_23.367879"	"PrePostFVT"	"Post"	"PrePostFVTPost"	NA	0	NA	NA	NA	0.167801699256933	0.933001624112053	"All logistic values are the same"	"prevalence"	26	26
"NODE_1309_length_2953_cov_6.256384"	"PrePostFVT"	"During"	"PrePostFVTDuring"	NA	0	NA	NA	NA	0.333051712789693	1	"All logistic values are the same"	"prevalence"	26	26
"NODE_1309_length_2953_cov_6.256384"	"PrePostFVT"	"Post"	"PrePostFVTPost"	NA	0	NA	NA	NA	0.153227315368913	0.883340251845289	"All logistic values are the same"	"prevalence"	26	26
"NODE_1414_length_2598_cov_9.086119"	"PrePostFVT"	"During"	"PrePostFVTDuring"	NA	0	NA	NA	NA	0.776287394164219	1	"All logistic values are the same"	"prevalence"	26	26
"NODE_1414_length_2598_cov_9.086119"	"PrePostFVT"	"Post"	"PrePostFVTPost"	NA	0	NA	NA	NA	0.00469909605123489	0.177850570113042	"All logistic values are the same"	"prevalence"	26	26
"NODE_143_length_37282_cov_21.851586"	"PrePostFVT"	"During"	"PrePostFVTDuring"	NA	0	NA	NA	NA	NA	NA	"Downdated VtV is not positive definite"	"prevalence"	26	13
"NODE_143_length_37282_cov_21.851586"	"PrePostFVT"	"Post"	"PrePostFVTPost"	NA	0	NA	NA	NA	NA	NA	"Downdated VtV is not positive definite"	"prevalence"	26	13
"NODE_1472_length_4419_cov_16.031852"	"PrePostFVT"	"During"	"PrePostFVTDuring"	NA	0	NA	NA	NA	0.157036909473931	0.901912940011807	"All logistic values are the same"	"prevalence"	26	26
"NODE_1472_length_4419_cov_16.031852"	"PrePostFVT"	"Post"	"PrePostFVTPost"	NA	0	NA	NA	NA	0.221643577410237	1	"All logistic values are the same"	"prevalence"	26	26
"NODE_1553_length_4236_cov_29.627601"	"PrePostFVT"	"During"	"PrePostFVTDuring"	NA	0	NA	NA	NA	0.250387606975918	1	"All logistic values are the same"	"prevalence"	26	26
"NODE_1553_length_4236_cov_29.627601"	"PrePostFVT"	"Post"	"PrePostFVTPost"	NA	0	NA	NA	NA	0.207843938420717	0.985984459919534	"All logistic values are the same"	"prevalence"	26	26
"NODE_159_length_9578_cov_8.532395"	"PrePostFVT"	"During"	"PrePostFVTDuring"	NA	0	NA	NA	NA	0.369912338211322	1	"All logistic values are the same"	"prevalence"	26	26
"NODE_159_length_9578_cov_8.532395"	"PrePostFVT"	"Post"	"PrePostFVTPost"	NA	0	NA	NA	NA	0.16265957548459	0.92244404208036	"All logistic values are the same"	"prevalence"	26	26
"NODE_1609_length_2520_cov_15.341582"	"PrePostFVT"	"During"	"PrePostFVTDuring"	NA	0	NA	NA	NA	0.663768740056262	1	"All logistic values are the same"	"prevalence"	26	26
"NODE_1609_length_2520_cov_15.341582"	"PrePostFVT"	"Post"	"PrePostFVTPost"	NA	0	NA	NA	NA	0.239614337261668	1	"All logistic values are the same"	"prevalence"	26	26
"NODE_1621_length_3853_cov_100.034229"	"PrePostFVT"	"During"	"PrePostFVTDuring"	NA	0	NA	NA	NA	0.363270559699895	1	"All logistic values are the same"	"prevalence"	26	26
"NODE_1621_length_3853_cov_100.034229"	"PrePostFVT"	"Post"	"PrePostFVTPost"	NA	0	NA	NA	NA	0.0203143683448284	0.31646672073525	"All logistic values are the same"	"prevalence"	26	26
"NODE_168_length_21353_cov_13.414217"	"PrePostFVT"	"During"	"PrePostFVTDuring"	NA	0	NA	NA	NA	0.114830704487717	0.783961442215407	"All logistic values are the same"	"prevalence"	26	26
"NODE_168_length_21353_cov_13.414217"	"PrePostFVT"	"Post"	"PrePostFVTPost"	NA	0	NA	NA	NA	0.000276839771689886	0.0605793668192756	"All logistic values are the same"	"prevalence"	26	26
"NODE_1705_length_3384_cov_5.820066"	"PrePostFVT"	"During"	"PrePostFVTDuring"	NA	0	NA	NA	NA	0.530625167437839	1	"All logistic values are the same"	"prevalence"	26	26
"NODE_1705_length_3384_cov_5.820066"	"PrePostFVT"	"Post"	"PrePostFVTPost"	NA	0	NA	NA	NA	0.567218538953608	1	"All logistic values are the same"	"prevalence"	26	26
"NODE_173_length_16054_cov_33.606850"	"PrePostFVT"	"During"	"PrePostFVTDuring"	NA	0	NA	NA	NA	0.469641208040197	1	"All logistic values are the same"	"prevalence"	26	26
"NODE_173_length_16054_cov_33.606850"	"PrePostFVT"	"Post"	"PrePostFVTPost"	NA	0	NA	NA	NA	0.319072336028472	1	"All logistic values are the same"	"prevalence"	26	26
"NODE_1858_length_2630_cov_15.348350"	"PrePostFVT"	"During"	"PrePostFVTDuring"	NA	0	NA	NA	NA	0.450486787972152	1	"All logistic values are the same"	"prevalence"	26	26
"NODE_1858_length_2630_cov_15.348350"	"PrePostFVT"	"Post"	"PrePostFVTPost"	NA	0	NA	NA	NA	0.377082209502324	1	"All logistic values are the same"	"prevalence"	26	26
"NODE_1861_length_1706_cov_9.000606"	"PrePostFVT"	"During"	"PrePostFVTDuring"	NA	0	NA	NA	NA	0.322275705400309	1	"All logistic values are the same"	"prevalence"	26	26
"NODE_1861_length_1706_cov_9.000606"	"PrePostFVT"	"Post"	"PrePostFVTPost"	NA	0	NA	NA	NA	0.136394449676994	0.818837023750505	"All logistic values are the same"	"prevalence"	26	26
"NODE_1929_length_2592_cov_45.237682"	"PrePostFVT"	"During"	"PrePostFVTDuring"	NA	0	NA	NA	NA	0.254072124401977	1	"All logistic values are the same"	"prevalence"	26	26
"NODE_1929_length_2592_cov_45.237682"	"PrePostFVT"	"Post"	"PrePostFVTPost"	NA	0	NA	NA	NA	0.358904971779217	1	"All logistic values are the same"	"prevalence"	26	26
"NODE_196_length_44600_cov_157.390863"	"PrePostFVT"	"During"	"PrePostFVTDuring"	NA	0	NA	NA	NA	0.87924375405743	1	"All logistic values are the same"	"prevalence"	26	26
"NODE_196_length_44600_cov_157.390863"	"PrePostFVT"	"Post"	"PrePostFVTPost"	NA	0	NA	NA	NA	0.36721093904909	1	"All logistic values are the same"	"prevalence"	26	26
"NODE_198_length_8163_cov_9.324741"	"PrePostFVT"	"During"	"PrePostFVTDuring"	NA	0	NA	NA	NA	0.0421540268565633	0.455862070250791	"All logistic values are the same"	"prevalence"	26	26
"NODE_198_length_8163_cov_9.324741"	"PrePostFVT"	"Post"	"PrePostFVTPost"	NA	0	NA	NA	NA	6.01959316118382e-05	0.0294045009653215	"All logistic values are the same"	"prevalence"	26	26
"NODE_2048_length_1701_cov_4.141555"	"PrePostFVT"	"During"	"PrePostFVTDuring"	NA	0	NA	NA	NA	0.516965840974726	1	"All logistic values are the same"	"prevalence"	26	26
"NODE_2048_length_1701_cov_4.141555"	"PrePostFVT"	"Post"	"PrePostFVTPost"	NA	0	NA	NA	NA	0.974893909530701	1	"All logistic values are the same"	"prevalence"	26	26
"NODE_2185_length_2811_cov_5.858853"	"PrePostFVT"	"During"	"PrePostFVTDuring"	NA	0	NA	NA	NA	0.260364916293705	1	"All logistic values are the same"	"prevalence"	26	26
"NODE_2185_length_2811_cov_5.858853"	"PrePostFVT"	"Post"	"PrePostFVTPost"	NA	0	NA	NA	NA	0.000347957305107844	0.0605793668192756	"All logistic values are the same"	"prevalence"	26	26
"NODE_2263_length_3069_cov_20.793298"	"PrePostFVT"	"During"	"PrePostFVTDuring"	NA	0	NA	NA	NA	0.89688513232117	1	"All logistic values are the same"	"prevalence"	26	26
"NODE_2263_length_3069_cov_20.793298"	"PrePostFVT"	"Post"	"PrePostFVTPost"	NA	0	NA	NA	NA	0.797976638519945	1	"All logistic values are the same"	"prevalence"	26	26
"NODE_2269_length_1480_cov_4.322807"	"PrePostFVT"	"During"	"PrePostFVTDuring"	-14.9006713628567	0	1448.72091447728	0.991793584334608	NA	NA	NA	" Hessian is numerically singular: parameters are not uniquely determined"	"prevalence"	26	7
"NODE_2269_length_1480_cov_4.322807"	"PrePostFVT"	"Post"	"PrePostFVTPost"	-0.605155176687042	0	1.00968170615566	0.54893789673716	NA	0.244266587988258	1	" Hessian is numerically singular: parameters are not uniquely determined"	"prevalence"	26	7
"NODE_2392_length_2556_cov_7.717313"	"PrePostFVT"	"During"	"PrePostFVTDuring"	NA	0	NA	NA	NA	0.283326903384985	1	"All logistic values are the same"	"prevalence"	26	26
"NODE_2392_length_2556_cov_7.717313"	"PrePostFVT"	"Post"	"PrePostFVTPost"	NA	0	NA	NA	NA	0.546212924166326	1	"All logistic values are the same"	"prevalence"	26	26
"NODE_253_length_8024_cov_6.829590"	"PrePostFVT"	"During"	"PrePostFVTDuring"	NA	0	NA	NA	NA	0.58554756044037	1	"All logistic values are the same"	"prevalence"	26	26
"NODE_253_length_8024_cov_6.829590"	"PrePostFVT"	"Post"	"PrePostFVTPost"	NA	0	NA	NA	NA	0.689508994211339	1	"All logistic values are the same"	"prevalence"	26	26
"NODE_28_length_164425_cov_74.042416|provirus_29_45282"	"PrePostFVT"	"During"	"PrePostFVTDuring"	NA	0	NA	NA	NA	0.289783384447568	1	"All logistic values are the same"	"prevalence"	26	26
"NODE_28_length_164425_cov_74.042416|provirus_29_45282"	"PrePostFVT"	"Post"	"PrePostFVTPost"	NA	0	NA	NA	NA	0.110809314930482	0.76555165592845	"All logistic values are the same"	"prevalence"	26	26
"NODE_281_length_6882_cov_6.653288"	"PrePostFVT"	"During"	"PrePostFVTDuring"	NA	0	NA	NA	NA	0.915271669736434	1	"All logistic values are the same"	"prevalence"	26	26
"NODE_281_length_6882_cov_6.653288"	"PrePostFVT"	"Post"	"PrePostFVTPost"	NA	0	NA	NA	NA	0.0105885749427483	0.222104927413551	"All logistic values are the same"	"prevalence"	26	26
"NODE_303_length_11603_cov_19.569363"	"PrePostFVT"	"During"	"PrePostFVTDuring"	NA	0	NA	NA	NA	0.210871079270292	0.992233916242103	"All logistic values are the same"	"prevalence"	26	26
"NODE_303_length_11603_cov_19.569363"	"PrePostFVT"	"Post"	"PrePostFVTPost"	NA	0	NA	NA	NA	0.125796698825054	0.80912513056522	"All logistic values are the same"	"prevalence"	26	26
"NODE_315_length_19741_cov_19.947983"	"PrePostFVT"	"During"	"PrePostFVTDuring"	NA	0	NA	NA	NA	0.628773131919146	1	"All logistic values are the same"	"prevalence"	26	26
"NODE_315_length_19741_cov_19.947983"	"PrePostFVT"	"Post"	"PrePostFVTPost"	NA	0	NA	NA	NA	0.0171044445690274	0.294839980145314	"All logistic values are the same"	"prevalence"	26	26
"NODE_321_length_5931_cov_9.859939"	"PrePostFVT"	"During"	"PrePostFVTDuring"	NA	0	NA	NA	NA	0.54490173876768	1	"All logistic values are the same"	"prevalence"	26	26
"NODE_321_length_5931_cov_9.859939"	"PrePostFVT"	"Post"	"PrePostFVTPost"	NA	0	NA	NA	NA	0.392566790626812	1	"All logistic values are the same"	"prevalence"	26	26
"NODE_331_length_7917_cov_41.518189"	"PrePostFVT"	"During"	"PrePostFVTDuring"	NA	0	NA	NA	NA	0.387719520562867	1	"All logistic values are the same"	"prevalence"	26	26
"NODE_331_length_7917_cov_41.518189"	"PrePostFVT"	"Post"	"PrePostFVTPost"	NA	0	NA	NA	NA	0.109828097362867	0.761795687285861	"All logistic values are the same"	"prevalence"	26	26
"NODE_336_length_5681_cov_48.252755"	"PrePostFVT"	"During"	"PrePostFVTDuring"	NA	0	NA	NA	NA	0.741043994042508	1	"All logistic values are the same"	"prevalence"	26	26
"NODE_336_length_5681_cov_48.252755"	"PrePostFVT"	"Post"	"PrePostFVTPost"	NA	0	NA	NA	NA	0.374981780112729	1	"All logistic values are the same"	"prevalence"	26	26
"NODE_340_length_10477_cov_17.771925"	"PrePostFVT"	"During"	"PrePostFVTDuring"	NA	0	NA	NA	NA	0.591551795467559	1	"All logistic values are the same"	"prevalence"	26	26
"NODE_340_length_10477_cov_17.771925"	"PrePostFVT"	"Post"	"PrePostFVTPost"	NA	0	NA	NA	NA	0.969410351893252	1	"All logistic values are the same"	"prevalence"	26	26
"NODE_353_length_5638_cov_9.194340"	"PrePostFVT"	"During"	"PrePostFVTDuring"	NA	0	NA	NA	NA	0.216391927120354	1	"All logistic values are the same"	"prevalence"	26	26
"NODE_353_length_5638_cov_9.194340"	"PrePostFVT"	"Post"	"PrePostFVTPost"	NA	0	NA	NA	NA	0.304575079350489	1	"All logistic values are the same"	"prevalence"	26	26
"NODE_368_length_3350_cov_6.287102"	"PrePostFVT"	"During"	"PrePostFVTDuring"	NA	0	NA	NA	NA	0.171154029064071	0.933001624112053	"All logistic values are the same"	"prevalence"	26	26
"NODE_368_length_3350_cov_6.287102"	"PrePostFVT"	"Post"	"PrePostFVTPost"	NA	0	NA	NA	NA	8.14308760570079e-05	0.0294045009653215	"All logistic values are the same"	"prevalence"	26	26
"NODE_4_length_209900_cov_20.895447|provirus_191243_209899"	"PrePostFVT"	"During"	"PrePostFVTDuring"	NA	0	NA	NA	NA	0.508628341918026	1	"All logistic values are the same"	"prevalence"	26	26
"NODE_4_length_209900_cov_20.895447|provirus_191243_209899"	"PrePostFVT"	"Post"	"PrePostFVTPost"	NA	0	NA	NA	NA	0.0121629690578002	0.234141759322069	"All logistic values are the same"	"prevalence"	26	26
"NODE_403_length_4567_cov_8.259087"	"PrePostFVT"	"During"	"PrePostFVTDuring"	NA	0	NA	NA	NA	0.458684547933111	1	"All logistic values are the same"	"prevalence"	26	26
"NODE_403_length_4567_cov_8.259087"	"PrePostFVT"	"Post"	"PrePostFVTPost"	NA	0	NA	NA	NA	0.00616842379980345	0.178705918231657	"All logistic values are the same"	"prevalence"	26	26
"NODE_406_length_5653_cov_8.832797"	"PrePostFVT"	"During"	"PrePostFVTDuring"	NA	0	NA	NA	NA	0.229198361268039	1	"All logistic values are the same"	"prevalence"	26	26
"NODE_406_length_5653_cov_8.832797"	"PrePostFVT"	"Post"	"PrePostFVTPost"	NA	0	NA	NA	NA	0.253186449596268	1	"All logistic values are the same"	"prevalence"	26	26
"NODE_417_length_5474_cov_11.435689"	"PrePostFVT"	"During"	"PrePostFVTDuring"	NA	0	NA	NA	NA	0.12233511586555	0.803718629139332	"All logistic values are the same"	"prevalence"	26	26
"NODE_417_length_5474_cov_11.435689"	"PrePostFVT"	"Post"	"PrePostFVTPost"	NA	0	NA	NA	NA	0.161283514379481	0.917629406976065	"All logistic values are the same"	"prevalence"	26	26
"NODE_42_length_31081_cov_10.095017|provirus_3_24148"	"PrePostFVT"	"During"	"PrePostFVTDuring"	NA	0	NA	NA	NA	0.501262913681737	1	"All logistic values are the same"	"prevalence"	26	26
"NODE_42_length_31081_cov_10.095017|provirus_3_24148"	"PrePostFVT"	"Post"	"PrePostFVTPost"	NA	0	NA	NA	NA	0.0942243436980747	0.715439633840963	"All logistic values are the same"	"prevalence"	26	26
"NODE_4320_length_1681_cov_4.281058"	"PrePostFVT"	"During"	"PrePostFVTDuring"	NA	0	NA	NA	NA	0.918402367226669	1	"All logistic values are the same"	"prevalence"	26	26
"NODE_4320_length_1681_cov_4.281058"	"PrePostFVT"	"Post"	"PrePostFVTPost"	NA	0	NA	NA	NA	0.0144262933705922	0.264380807981064	"All logistic values are the same"	"prevalence"	26	26
"NODE_440_length_4091_cov_6.641724"	"PrePostFVT"	"During"	"PrePostFVTDuring"	NA	0	NA	NA	NA	0.428620527006364	1	"All logistic values are the same"	"prevalence"	26	26
"NODE_440_length_4091_cov_6.641724"	"PrePostFVT"	"Post"	"PrePostFVTPost"	NA	0	NA	NA	NA	0.00788281474077896	0.178705918231657	"All logistic values are the same"	"prevalence"	26	26
"NODE_446_length_10263_cov_13.200137"	"PrePostFVT"	"During"	"PrePostFVTDuring"	NA	0	NA	NA	NA	0.39771470271973	1	"All logistic values are the same"	"prevalence"	26	26
"NODE_446_length_10263_cov_13.200137"	"PrePostFVT"	"Post"	"PrePostFVTPost"	NA	0	NA	NA	NA	0.280242001053454	1	"All logistic values are the same"	"prevalence"	26	26
"NODE_4715_length_1303_cov_2.362179"	"PrePostFVT"	"During"	"PrePostFVTDuring"	-0.00151169888260084	0	0.011543096046796	0.895805920545382	NA	NA	NA	"Model failed to converge with max|grad| = 0.00612582 (tol = 0.002, component 1)"	"prevalence"	26	4
"NODE_4715_length_1303_cov_2.362179"	"PrePostFVT"	"Post"	"PrePostFVTPost"	25.0888702909239	0	0.0115436595708738	0	NA	NA	NA	"Model failed to converge with max|grad| = 0.00612582 (tol = 0.002, component 1)"	"prevalence"	26	4
"NODE_480_length_16803_cov_99.263016"	"PrePostFVT"	"During"	"PrePostFVTDuring"	NA	0	NA	NA	NA	0.354905642571351	1	"All logistic values are the same"	"prevalence"	26	26
"NODE_480_length_16803_cov_99.263016"	"PrePostFVT"	"Post"	"PrePostFVTPost"	NA	0	NA	NA	NA	0.449365102878967	1	"All logistic values are the same"	"prevalence"	26	26
"NODE_486_length_6444_cov_8.092190"	"PrePostFVT"	"During"	"PrePostFVTDuring"	NA	0	NA	NA	NA	0.311531126586313	1	"All logistic values are the same"	"prevalence"	26	26
"NODE_486_length_6444_cov_8.092190"	"PrePostFVT"	"Post"	"PrePostFVTPost"	NA	0	NA	NA	NA	0.406383391975661	1	"All logistic values are the same"	"prevalence"	26	26
"NODE_502_length_4680_cov_4.082162"	"PrePostFVT"	"During"	"PrePostFVTDuring"	NA	0	NA	NA	NA	0.158869965390517	0.906861015557016	"All logistic values are the same"	"prevalence"	26	26
"NODE_502_length_4680_cov_4.082162"	"PrePostFVT"	"Post"	"PrePostFVTPost"	NA	0	NA	NA	NA	4.89023734326415e-05	0.0294045009653215	"All logistic values are the same"	"prevalence"	26	26
"NODE_502_length_8707_cov_57.547272"	"PrePostFVT"	"During"	"PrePostFVTDuring"	NA	0	NA	NA	NA	0.870419935968453	1	"All logistic values are the same"	"prevalence"	26	26
"NODE_502_length_8707_cov_57.547272"	"PrePostFVT"	"Post"	"PrePostFVTPost"	NA	0	NA	NA	NA	0.684970226421314	1	"All logistic values are the same"	"prevalence"	26	26
"NODE_551_length_4189_cov_6.637639"	"PrePostFVT"	"During"	"PrePostFVTDuring"	NA	0	NA	NA	NA	0.730733825624736	1	"All logistic values are the same"	"prevalence"	26	26
"NODE_551_length_4189_cov_6.637639"	"PrePostFVT"	"Post"	"PrePostFVTPost"	NA	0	NA	NA	NA	0.740121474540884	1	"All logistic values are the same"	"prevalence"	26	26
"NODE_59_length_24933_cov_8.847938"	"PrePostFVT"	"During"	"PrePostFVTDuring"	NA	0	NA	NA	NA	0.441253720640312	1	"All logistic values are the same"	"prevalence"	26	26
"NODE_59_length_24933_cov_8.847938"	"PrePostFVT"	"Post"	"PrePostFVTPost"	NA	0	NA	NA	NA	0.0298309705307148	0.402602478247864	"All logistic values are the same"	"prevalence"	26	26
"NODE_590_length_11219_cov_18.329631"	"PrePostFVT"	"During"	"PrePostFVTDuring"	NA	0	NA	NA	NA	0.457127412995498	1	"All logistic values are the same"	"prevalence"	26	26
"NODE_590_length_11219_cov_18.329631"	"PrePostFVT"	"Post"	"PrePostFVTPost"	NA	0	NA	NA	NA	0.218823386238924	1	"All logistic values are the same"	"prevalence"	26	26
"NODE_615_length_11576_cov_114.611145"	"PrePostFVT"	"During"	"PrePostFVTDuring"	NA	0	NA	NA	NA	0.526289495304028	1	"All logistic values are the same"	"prevalence"	26	26
"NODE_615_length_11576_cov_114.611145"	"PrePostFVT"	"Post"	"PrePostFVTPost"	NA	0	NA	NA	NA	0.456471285717819	1	"All logistic values are the same"	"prevalence"	26	26
"NODE_615_length_6450_cov_19.525410"	"PrePostFVT"	"During"	"PrePostFVTDuring"	NA	0	NA	NA	NA	0.69283963297603	1	"All logistic values are the same"	"prevalence"	26	26
"NODE_615_length_6450_cov_19.525410"	"PrePostFVT"	"Post"	"PrePostFVTPost"	NA	0	NA	NA	NA	0.920266536237368	1	"All logistic values are the same"	"prevalence"	26	26
"NODE_626_length_2561_cov_6.706704"	"PrePostFVT"	"During"	"PrePostFVTDuring"	NA	0	NA	NA	NA	0.0326661551626078	0.406226972415001	"All logistic values are the same"	"prevalence"	26	26
"NODE_626_length_2561_cov_6.706704"	"PrePostFVT"	"Post"	"PrePostFVTPost"	NA	0	NA	NA	NA	0.000382897743440824	0.0606022701209522	"All logistic values are the same"	"prevalence"	26	26
"NODE_635_length_5374_cov_10.472081"	"PrePostFVT"	"During"	"PrePostFVTDuring"	NA	0	NA	NA	NA	0.682431210333396	1	"All logistic values are the same"	"prevalence"	26	26
"NODE_635_length_5374_cov_10.472081"	"PrePostFVT"	"Post"	"PrePostFVTPost"	NA	0	NA	NA	NA	0.614807718838241	1	"All logistic values are the same"	"prevalence"	26	26
"NODE_650_length_2189_cov_5.598875"	"PrePostFVT"	"During"	"PrePostFVTDuring"	NA	0	NA	NA	NA	0.127319547660781	0.80912513056522	"All logistic values are the same"	"prevalence"	26	26
"NODE_650_length_2189_cov_5.598875"	"PrePostFVT"	"Post"	"PrePostFVTPost"	NA	0	NA	NA	NA	0.000343210180357581	0.0605793668192756	"All logistic values are the same"	"prevalence"	26	26
"NODE_657_length_8520_cov_10.546367"	"PrePostFVT"	"During"	"PrePostFVTDuring"	NA	0	NA	NA	NA	0.264094467538501	1	"All logistic values are the same"	"prevalence"	26	26
"NODE_657_length_8520_cov_10.546367"	"PrePostFVT"	"Post"	"PrePostFVTPost"	NA	0	NA	NA	NA	0.394454024275711	1	"All logistic values are the same"	"prevalence"	26	26
"NODE_66_length_44622_cov_51.812687"	"PrePostFVT"	"During"	"PrePostFVTDuring"	NA	0	NA	NA	NA	0.984480218174859	1	"All logistic values are the same"	"prevalence"	26	26
"NODE_66_length_44622_cov_51.812687"	"PrePostFVT"	"Post"	"PrePostFVTPost"	NA	0	NA	NA	NA	0.143511769144344	0.838436208323165	"All logistic values are the same"	"prevalence"	26	26
"NODE_674_length_3219_cov_5.929520"	"PrePostFVT"	"During"	"PrePostFVTDuring"	NA	0	NA	NA	NA	0.213241849104379	0.996469504158475	"All logistic values are the same"	"prevalence"	26	26
"NODE_674_length_3219_cov_5.929520"	"PrePostFVT"	"Post"	"PrePostFVTPost"	NA	0	NA	NA	NA	0.199758191606547	0.963376763398887	"All logistic values are the same"	"prevalence"	26	26
"NODE_675_length_7581_cov_100.919612"	"PrePostFVT"	"During"	"PrePostFVTDuring"	NA	0	NA	NA	NA	0.598297977014809	1	"All logistic values are the same"	"prevalence"	26	26
"NODE_675_length_7581_cov_100.919612"	"PrePostFVT"	"Post"	"PrePostFVTPost"	NA	0	NA	NA	NA	0.186138238848403	0.933909722867636	"All logistic values are the same"	"prevalence"	26	26
"NODE_687_length_2813_cov_6.951777"	"PrePostFVT"	"During"	"PrePostFVTDuring"	NA	0	NA	NA	NA	0.231929984229243	1	"All logistic values are the same"	"prevalence"	26	26
"NODE_687_length_2813_cov_6.951777"	"PrePostFVT"	"Post"	"PrePostFVTPost"	NA	0	NA	NA	NA	0.00411684808368063	0.177850570113042	"All logistic values are the same"	"prevalence"	26	26
"NODE_690_length_4287_cov_10.069707"	"PrePostFVT"	"During"	"PrePostFVTDuring"	NA	0	NA	NA	NA	0.266071190168417	1	"All logistic values are the same"	"prevalence"	26	26
"NODE_690_length_4287_cov_10.069707"	"PrePostFVT"	"Post"	"PrePostFVTPost"	NA	0	NA	NA	NA	0.275835013732178	1	"All logistic values are the same"	"prevalence"	26	26
"NODE_700_length_2756_cov_6.677157"	"PrePostFVT"	"During"	"PrePostFVTDuring"	NA	0	NA	NA	NA	0.21348829698513	0.996469504158475	"All logistic values are the same"	"prevalence"	26	26
"NODE_700_length_2756_cov_6.677157"	"PrePostFVT"	"Post"	"PrePostFVTPost"	NA	0	NA	NA	NA	0.357242471029432	1	"All logistic values are the same"	"prevalence"	26	26
"NODE_72_length_64029_cov_53.309454|provirus_26592_63618"	"PrePostFVT"	"During"	"PrePostFVTDuring"	NA	0	NA	NA	NA	0.7433998014281	1	"All logistic values are the same"	"prevalence"	26	26
"NODE_72_length_64029_cov_53.309454|provirus_26592_63618"	"PrePostFVT"	"Post"	"PrePostFVTPost"	NA	0	NA	NA	NA	0.00774324926788374	0.178705918231657	"All logistic values are the same"	"prevalence"	26	26
"NODE_729_length_5098_cov_19.285743"	"PrePostFVT"	"During"	"PrePostFVTDuring"	NA	0	NA	NA	NA	0.817347865421547	1	"All logistic values are the same"	"prevalence"	26	26
"NODE_729_length_5098_cov_19.285743"	"PrePostFVT"	"Post"	"PrePostFVTPost"	NA	0	NA	NA	NA	0.0371674233026728	0.436578714193563	"All logistic values are the same"	"prevalence"	26	26
"NODE_738_length_3208_cov_8.286394"	"PrePostFVT"	"During"	"PrePostFVTDuring"	NA	0	NA	NA	NA	0.348999852319815	1	"All logistic values are the same"	"prevalence"	26	26
"NODE_738_length_3208_cov_8.286394"	"PrePostFVT"	"Post"	"PrePostFVTPost"	NA	0	NA	NA	NA	0.338565918454816	1	"All logistic values are the same"	"prevalence"	26	26
"NODE_74_length_38703_cov_8.351144|provirus_2_22265"	"PrePostFVT"	"During"	"PrePostFVTDuring"	NA	0	NA	NA	NA	0.638870024204154	1	"All logistic values are the same"	"prevalence"	26	26
"NODE_74_length_38703_cov_8.351144|provirus_2_22265"	"PrePostFVT"	"Post"	"PrePostFVTPost"	NA	0	NA	NA	NA	0.106892032547139	0.753437363014452	"All logistic values are the same"	"prevalence"	26	26
"NODE_76_length_13618_cov_10.242498"	"PrePostFVT"	"During"	"PrePostFVTDuring"	NA	0	NA	NA	NA	0.209931783198411	0.990491150537761	"All logistic values are the same"	"prevalence"	26	26
"NODE_76_length_13618_cov_10.242498"	"PrePostFVT"	"Post"	"PrePostFVTPost"	NA	0	NA	NA	NA	0.151048503940514	0.873672575948288	"All logistic values are the same"	"prevalence"	26	26
"NODE_760_length_4785_cov_34.652643"	"PrePostFVT"	"During"	"PrePostFVTDuring"	NA	0	NA	NA	NA	0.312305679504826	1	"All logistic values are the same"	"prevalence"	26	26
"NODE_760_length_4785_cov_34.652643"	"PrePostFVT"	"Post"	"PrePostFVTPost"	NA	0	NA	NA	NA	0.00667360877961184	0.178705918231657	"All logistic values are the same"	"prevalence"	26	26
"NODE_766_length_7639_cov_85.453718"	"PrePostFVT"	"During"	"PrePostFVTDuring"	NA	0	NA	NA	NA	0.95964615809357	1	"All logistic values are the same"	"prevalence"	26	26
"NODE_766_length_7639_cov_85.453718"	"PrePostFVT"	"Post"	"PrePostFVTPost"	NA	0	NA	NA	NA	0.119640898990518	0.791995456815558	"All logistic values are the same"	"prevalence"	26	26
"NODE_779_length_7907_cov_95.992486"	"PrePostFVT"	"During"	"PrePostFVTDuring"	NA	0	NA	NA	NA	0.470057165822548	1	"All logistic values are the same"	"prevalence"	26	26
"NODE_779_length_7907_cov_95.992486"	"PrePostFVT"	"Post"	"PrePostFVTPost"	NA	0	NA	NA	NA	0.0483445003370691	0.489724153925488	"All logistic values are the same"	"prevalence"	26	26
"NODE_793_length_3426_cov_10.309107"	"PrePostFVT"	"During"	"PrePostFVTDuring"	NA	0	NA	NA	NA	0.762039030482098	1	"All logistic values are the same"	"prevalence"	26	26
"NODE_793_length_3426_cov_10.309107"	"PrePostFVT"	"Post"	"PrePostFVTPost"	NA	0	NA	NA	NA	0.784785077812221	1	"All logistic values are the same"	"prevalence"	26	26
"NODE_808_length_6843_cov_29.495580"	"PrePostFVT"	"During"	"PrePostFVTDuring"	NA	0	NA	NA	NA	0.892400960158939	1	"All logistic values are the same"	"prevalence"	26	26
"NODE_808_length_6843_cov_29.495580"	"PrePostFVT"	"Post"	"PrePostFVTPost"	NA	0	NA	NA	NA	0.235934002894962	1	"All logistic values are the same"	"prevalence"	26	26
"NODE_831_length_3694_cov_7.206650"	"PrePostFVT"	"During"	"PrePostFVTDuring"	NA	0	NA	NA	NA	0.820720428319634	1	"All logistic values are the same"	"prevalence"	26	26
"NODE_831_length_3694_cov_7.206650"	"PrePostFVT"	"Post"	"PrePostFVTPost"	NA	0	NA	NA	NA	0.00500051157184362	0.178705918231657	"All logistic values are the same"	"prevalence"	26	26
"NODE_851_length_3033_cov_8.269980"	"PrePostFVT"	"During"	"PrePostFVTDuring"	NA	0	NA	NA	NA	0.254996606298526	1	"All logistic values are the same"	"prevalence"	26	26
"NODE_851_length_3033_cov_8.269980"	"PrePostFVT"	"Post"	"PrePostFVTPost"	NA	0	NA	NA	NA	0.203044979237703	0.973832806757138	"All logistic values are the same"	"prevalence"	26	26
"NODE_895_length_8805_cov_38.271086"	"PrePostFVT"	"During"	"PrePostFVTDuring"	NA	0	NA	NA	NA	0.237515022070488	1	"All logistic values are the same"	"prevalence"	26	26
"NODE_895_length_8805_cov_38.271086"	"PrePostFVT"	"Post"	"PrePostFVTPost"	NA	0	NA	NA	NA	0.459707459567796	1	"All logistic values are the same"	"prevalence"	26	26
"NODE_897_length_4917_cov_16.169272"	"PrePostFVT"	"During"	"PrePostFVTDuring"	NA	0	NA	NA	NA	0.544906492568014	1	"All logistic values are the same"	"prevalence"	26	26
"NODE_897_length_4917_cov_16.169272"	"PrePostFVT"	"Post"	"PrePostFVTPost"	NA	0	NA	NA	NA	0.293132413078883	1	"All logistic values are the same"	"prevalence"	26	26
"NODE_913_length_4110_cov_6.185943"	"PrePostFVT"	"During"	"PrePostFVTDuring"	NA	0	NA	NA	NA	0.386692978369042	1	"All logistic values are the same"	"prevalence"	26	26
"NODE_913_length_4110_cov_6.185943"	"PrePostFVT"	"Post"	"PrePostFVTPost"	NA	0	NA	NA	NA	0.293048549094534	1	"All logistic values are the same"	"prevalence"	26	26
"NODE_945_length_3174_cov_9.948702"	"PrePostFVT"	"During"	"PrePostFVTDuring"	NA	0	NA	NA	NA	0.413119662924557	1	"All logistic values are the same"	"prevalence"	26	26
"NODE_945_length_3174_cov_9.948702"	"PrePostFVT"	"Post"	"PrePostFVTPost"	NA	0	NA	NA	NA	0.108488896704963	0.757735030254062	"All logistic values are the same"	"prevalence"	26	26
"NODE_946_length_3616_cov_7.871665"	"PrePostFVT"	"During"	"PrePostFVTDuring"	NA	0	NA	NA	NA	0.560938230747893	1	"All logistic values are the same"	"prevalence"	26	26
"NODE_946_length_3616_cov_7.871665"	"PrePostFVT"	"Post"	"PrePostFVTPost"	NA	0	NA	NA	NA	0.791144497112795	1	"All logistic values are the same"	"prevalence"	26	26
"NODE_947_length_4689_cov_9.039491"	"PrePostFVT"	"During"	"PrePostFVTDuring"	NA	0	NA	NA	NA	0.313952610967889	1	"All logistic values are the same"	"prevalence"	26	26
"NODE_947_length_4689_cov_9.039491"	"PrePostFVT"	"Post"	"PrePostFVTPost"	NA	0	NA	NA	NA	0.108807442598228	0.757735030254062	"All logistic values are the same"	"prevalence"	26	26
"NODE_985_length_3872_cov_6.920094"	"PrePostFVT"	"During"	"PrePostFVTDuring"	NA	0	NA	NA	NA	0.427132354929484	1	"All logistic values are the same"	"prevalence"	26	26
"NODE_985_length_3872_cov_6.920094"	"PrePostFVT"	"Post"	"PrePostFVTPost"	NA	0	NA	NA	NA	0.662184945799082	1	"All logistic values are the same"	"prevalence"	26	26
"NODE_990_length_2631_cov_10.267857"	"PrePostFVT"	"During"	"PrePostFVTDuring"	NA	0	NA	NA	NA	0.532913835113	1	"All logistic values are the same"	"prevalence"	26	26
"NODE_990_length_2631_cov_10.267857"	"PrePostFVT"	"Post"	"PrePostFVTPost"	NA	0	NA	NA	NA	0.0944437824442223	0.715439633840963	"All logistic values are the same"	"prevalence"	26	26
