feature	NODE_33_length_20543_cov_23.775820	NODE_345_length_4313_cov_34.753875	NODE_34_length_57407_cov_132.823685	NODE_36_length_24676_cov_54.263556	NODE_560_length_4789_cov_18.278411	NODE_71_length_2451_cov_4.832220	NODE_118_length_14212_cov_7.809423	NODE_119_length_6127_cov_11.754282	NODE_120_length_4708_cov_5.977649	NODE_122_length_9714_cov_6.792939	NODE_125_length_3140_cov_7.146191	NODE_128_length_6828_cov_9.355825	NODE_139_length_11886_cov_12.290001	NODE_148_length_1529_cov_3.214383	NODE_151_length_11622_cov_6.802715	NODE_153_length_12400_cov_9.887809	NODE_177_length_3368_cov_6.261093	NODE_177_length_6844_cov_8.175725	NODE_178_length_5905_cov_7.559658	NODE_190_length_3286_cov_3.972764	NODE_197_length_4114_cov_4.814240	NODE_213_length_6728_cov_11.658025	NODE_229_length_4253_cov_7.022868	NODE_232_length_3859_cov_5.182177	NODE_233_length_5621_cov_11.496407	NODE_241_length_6412_cov_5.785433	NODE_254_length_4664_cov_6.991972	NODE_262_length_4295_cov_8.188443	NODE_267_length_4368_cov_4.549038	NODE_269_length_5610_cov_6.458146	NODE_273_length_5592_cov_9.036662	NODE_275_length_3206_cov_5.058077	NODE_278_length_4850_cov_6.859437	NODE_288_length_3117_cov_4.919334	NODE_305_length_3981_cov_5.865003	NODE_323_length_4578_cov_5.801017	NODE_324_length_2965_cov_3.493471	NODE_325_length_3998_cov_5.391326	NODE_343_length_4498_cov_9.510241	NODE_343_length_5040_cov_8.169910	NODE_353_length_2871_cov_5.285156	NODE_366_length_3628_cov_5.400784	NODE_367_length_3982_cov_6.343519	NODE_41_length_39188_cov_6.935476	NODE_427_length_2990_cov_4.285179	NODE_428_length_2744_cov_4.066567	NODE_449_length_3548_cov_7.859147	NODE_457_length_3322_cov_6.401286	NODE_468_length_3043_cov_5.770080	NODE_469_length_2568_cov_8.139276	NODE_48_length_39392_cov_13.718484	NODE_498_length_2945_cov_4.607612	NODE_500_length_2986_cov_4.587172	NODE_503_length_2600_cov_5.917092	NODE_51_length_4179_cov_5.019641	NODE_536_length_2797_cov_5.823851	NODE_58_length_8379_cov_10.701225	NODE_610_length_2856_cov_7.730096	NODE_618_length_2500_cov_5.937423	NODE_6_length_52607_cov_9.933057|provirus_1_41423	NODE_77_length_21821_cov_12.298861	NODE_796_length_2326_cov_4.740643	NODE_86_length_11713_cov_9.597701	NODE_89_length_20874_cov_10.217782|provirus_3_14193	NODE_92_length_5324_cov_4.625546	NODE_95_length_6809_cov_5.090613	NODE_1002_length_2557_cov_4.365308	NODE_101_length_4575_cov_7.278097	NODE_113_length_10116_cov_5.796044	NODE_1237_length_1290_cov_3.002429	NODE_132_length_1293_cov_2.933764	NODE_1418_length_1220_cov_6.109871	NODE_192_length_7497_cov_5.865493	NODE_237_length_12145_cov_5.998925	NODE_300_length_9459_cov_5.827201	NODE_302_length_9348_cov_5.759927	NODE_317_length_5453_cov_5.264172	NODE_348_length_3842_cov_3.545287	NODE_352_length_7789_cov_6.120636	NODE_378_length_7249_cov_5.952043	NODE_383_length_1007_cov_2.172269	NODE_38_length_40434_cov_66.147750	NODE_410_length_6624_cov_5.894961	NODE_42_length_32475_cov_10.695774	NODE_42_length_36164_cov_8.737212	NODE_43_length_3040_cov_4.376884	NODE_46_length_10952_cov_58.511425	NODE_474_length_5910_cov_4.933732	NODE_496_length_5396_cov_6.502715	NODE_511_length_5254_cov_6.137911	NODE_52_length_35146_cov_146.477501	NODE_612_length_3670_cov_4.402490	NODE_61_length_2911_cov_3.802871	NODE_62_length_14493_cov_5.859191	NODE_721_length_3287_cov_5.030322	NODE_78_length_12711_cov_5.460730	NODE_796_length_3004_cov_6.914547	NODE_877_length_2867_cov_5.203058	NODE_98_length_10708_cov_5.776589	NODE_1177_length_1098_cov_3.402685	NODE_222_length_1353_cov_3.577042	NODE_40_length_5207_cov_6.427601	NODE_45_length_21147_cov_17.779585	NODE_65_length_2561_cov_4.647646	NODE_95_length_4885_cov_5.471014	NODE_177_length_5120_cov_13.319842	NODE_245_length_2989_cov_21.227676	NODE_1092_length_2437_cov_5.010495	NODE_1141_length_2592_cov_5.759953	NODE_143_length_8727_cov_4.679889	NODE_175_length_8062_cov_4.755589	NODE_25_length_41950_cov_8.418546	NODE_288_length_9630_cov_6.355091	NODE_363_length_1005_cov_2.015789	NODE_39_length_18186_cov_5.820032|provirus_3_8483	NODE_407_length_6756_cov_5.908073	NODE_411_length_6617_cov_5.361932	NODE_724_length_3495_cov_6.613663	NODE_840_length_1139_cov_2.715867	NODE_86_length_2103_cov_4.534668	NODE_925_length_2493_cov_15.062756	NODE_218_length_3127_cov_11.034180	NODE_267_length_1101_cov_2.931166	NODE_2697_length_1221_cov_3.032590	NODE_574_length_2544_cov_6.745279	NODE_655_length_3520_cov_3.797114	NODE_74_length_2302_cov_3.058300	NODE_1058_length_1702_cov_11.257438	NODE_108_length_10157_cov_5.808553	NODE_1112_length_1822_cov_14.345218	NODE_1300_length_1059_cov_4.740040	NODE_132_length_23877_cov_12.972546	NODE_159_length_14466_cov_7.447367	NODE_175_length_2545_cov_8.803614	NODE_1843_length_1674_cov_4.292156	NODE_200_length_14535_cov_12.284669	NODE_245_length_4271_cov_6.865038	NODE_258_length_11005_cov_11.339087	NODE_273_length_3857_cov_5.688059	NODE_2801_length_1020_cov_1.739896	NODE_290_length_9204_cov_6.434583	NODE_292_length_9196_cov_7.239689	NODE_293_length_1673_cov_2.770705	NODE_393_length_7059_cov_5.831239	NODE_40_length_6349_cov_5.400381	NODE_473_length_5913_cov_6.271594	NODE_50_length_64286_cov_15.837431|provirus_6014_50609	NODE_516_length_2143_cov_4.660441	NODE_52_length_3512_cov_4.416546	NODE_584_length_2507_cov_6.861338	NODE_598_length_4398_cov_5.399033	NODE_609_length_1276_cov_3.526618	NODE_60_length_2998_cov_5.003058	NODE_632_length_4491_cov_6.169973	NODE_636_length_4461_cov_3.897413	NODE_638_length_3566_cov_3.047565	NODE_649_length_3541_cov_5.194205	NODE_64_length_3411_cov_6.318534	NODE_683_length_3765_cov_14.952830	NODE_718_length_3957_cov_7.268324	NODE_788_length_3026_cov_16.785594	NODE_90_length_6946_cov_17.086490	NODE_46_length_17325_cov_94.922409	NODE_475_length_2865_cov_5.508185	NODE_87_length_8976_cov_56.443896	NODE_596_length_3718_cov_2.839476	NODE_138_length_9014_cov_6.055698	NODE_25_length_64430_cov_10.074175	NODE_39_length_40881_cov_40.497820	NODE_189_length_5422_cov_4.826533	NODE_23_length_41981_cov_14.210705|provirus_5814_25825	NODE_36_length_49500_cov_28.060916	NODE_72_length_5267_cov_4.193975	NODE_75_length_13779_cov_7.662489|provirus_3931_13575	NODE_100_length_4590_cov_4.473870	NODE_11_length_39896_cov_9.556763	NODE_232_length_3576_cov_2.910821	NODE_2561_length_1148_cov_4.252516	NODE_288_length_2524_cov_4.504253	NODE_300_length_3718_cov_3.746929	NODE_521_length_1408_cov_2.277162	NODE_583_length_2509_cov_2.646699	NODE_684_length_1350_cov_2.419305	NODE_720_length_1472_cov_2.302047	NODE_82_length_5911_cov_4.870902	NODE_1604_length_1116_cov_1.593779	NODE_24_length_29177_cov_10.095976	NODE_89_length_1910_cov_3.343396	NODE_1972_length_1543_cov_3.204973	NODE_85_length_6973_cov_5.469066	NODE_33_length_19553_cov_14.475280	NODE_390_length_2119_cov_3.486919	NODE_95_length_4316_cov_6.475006	NODE_99_length_2870_cov_2.821314	NODE_596_length_4704_cov_8.276188	NODE_159_length_3508_cov_4.616276	NODE_67_length_14209_cov_8.247774	NODE_1569_length_1040_cov_2.188832	NODE_1602_length_1002_cov_4.308342	NODE_222_length_3349_cov_3.116576	NODE_1137_length_1786_cov_5.545350	NODE_1160_length_1730_cov_4.363582	NODE_123_length_9427_cov_5.265578	NODE_1251_length_1529_cov_3.742877	NODE_129_length_9271_cov_6.849284	NODE_1330_length_1362_cov_5.200459	NODE_1333_length_1358_cov_6.930161	NODE_1335_length_2153_cov_3.259771	NODE_1402_length_1241_cov_6.408938	NODE_1982_length_1539_cov_2.719677	NODE_242_length_11721_cov_8.904937	NODE_296_length_5686_cov_7.089682	NODE_311_length_5522_cov_4.831352	NODE_424_length_6351_cov_6.127382	NODE_612_length_4307_cov_4.113829	NODE_738_length_3371_cov_4.189988	NODE_754_length_3289_cov_3.889920	NODE_761_length_3239_cov_5.625942	NODE_1526_length_1094_cov_2.713186	NODE_103_length_5550_cov_4.847862	NODE_1066_length_1997_cov_3.636457	NODE_1139_length_1111_cov_3.319129	NODE_1163_length_2339_cov_4.031086	NODE_1594_length_1007_cov_7.385504	NODE_1657_length_1849_cov_4.321070	NODE_195_length_14931_cov_7.812718	NODE_214_length_7019_cov_3.884262	NODE_3156_length_1065_cov_1.976238	NODE_326_length_8493_cov_5.620763	NODE_347_length_5164_cov_4.719906	NODE_463_length_6011_cov_5.344023	NODE_512_length_5249_cov_4.816327	NODE_584_length_3756_cov_5.057822	NODE_726_length_3481_cov_4.020432	NODE_762_length_3220_cov_4.843286	NODE_797_length_2999_cov_3.300611	NODE_864_length_2910_cov_4.731349	NODE_961_length_2630_cov_5.485825	NODE_557_length_5115_cov_5.282806	NODE_14_length_39779_cov_26.175284	NODE_34_length_33299_cov_21.331338	NODE_586_length_1182_cov_2.115350	NODE_355_length_1201_cov_1.719895	NODE_1618_length_1147_cov_4.225275	NODE_374_length_4296_cov_9.283660
VIVO7_FEC_VLP_APR16_F2	NA	NA	NA	NA	NA	NA	-6.03232128705788	-6.65380966380415	-6.18432438050293	-5.65380966380415	-6.18432438050293	-6.10632186850165	-6.35424938194524	-6.44735878633672	-5.83068742588823	-5.89481776330794	-6.65380966380415	-5.18432438050293	-6.76928688122408	-6.35424938194524	-6.89481776330794	-6.18432438050293	-6.76928688122408	-5.89481776330794	-5.89481776330794	-5.76928688122408	-6.35424938194524	-6.65380966380415	-6.10632186850165	-5.83068742588823	-5.89481776330794	-4.54689445988764	-7.35424938194524	-6.35424938194524	-7.35424938194524	-7.54689445988764	-6.44735878633672	-8.03232128705788	-5.30985526258679	-6.03232128705788	-3.83068742588823	-5.71039319217052	-7.54689445988764	-6.76928688122408	-6.10632186850165	-6.2667865406949	-6.89481776330794	-7.76928688122408	-5.44735878633672	-7.18432438050293	-7.03232128705788	-6.18432438050293	-6.65380966380415	-6.10632186850165	-6.65380966380415	-6.54689445988764	-5.44735878633672	-6.18432438050293	-6.03232128705788	-2.93639686705934	-5.96193195916648	-5.18432438050293	-5.76928688122408	-6.76928688122408	-7.35424938194524	-6.2667865406949	NA	NA	NA	NA	NA	NA	NA	NA	NA	NA	NA	NA	NA	NA	NA	NA	NA	NA	NA	NA	NA	NA	NA	NA	NA	NA	NA	NA	NA	NA	NA	NA	NA	NA	NA	NA	NA	NA	NA	NA	NA	NA	NA	NA	NA	NA	NA	NA	NA	NA	NA	NA	NA	NA	NA	NA	NA	NA	NA	NA	NA	NA	NA	NA	NA	NA	NA	NA	NA	NA	NA	NA	NA	NA	NA	NA	NA	NA	NA	NA	NA	NA	NA	NA	NA	NA	NA	NA	NA	NA	NA	NA	NA	NA	NA	NA	NA	NA	NA	NA	NA	NA	NA	NA	NA	NA	NA	NA	NA	NA	NA	NA	NA	NA	NA	NA	NA	NA	NA	NA	NA	NA	NA	NA	NA	NA	NA	NA	NA	NA	NA	NA	NA	NA	NA	NA	NA	NA	NA	NA	NA	NA	NA	NA	NA	NA	NA	NA	NA	NA	NA	NA	NA	NA	NA	NA	NA	NA	NA	NA	NA	NA	NA	NA	NA	NA	NA	NA	NA	NA	NA	NA	NA	NA	NA	NA	NA	NA	NA
VIVO7_FEC_VLP_APR30_F2	NA	-7.77698127301409	-6.77698127301409	NA	NA	NA	-6.55458885167764	-6.19201877229293	-5.66150405559415	-5.90251215509794	-6.77698127301409	-5.66150405559415	-6.36194377373524	-5.90251215509794	-7.04001567884788	-6.04001567884788	-6.36194377373524	-5.90251215509794	-6.55458885167764	-6.04001567884788	-6.55458885167764	-6.04001567884788	-5.77698127301409	-6.19201877229293	-6.04001567884788	-5.90251215509794	-6.55458885167764	-6.36194377373524	-6.04001567884788	-6.36194377373524	-5.66150405559415	-5.55458885167764	-6.55458885167764	-5.77698127301409	-5.2744809324849	-7.04001567884788	-5.66150405559415	-7.36194377373524	-5.90251215509794	-6.77698127301409	-6.55458885167764	-5.90251215509794	-6.77698127301409	-6.77698127301409	-6.04001567884788	-6.36194377373524	-6.55458885167764	-6.77698127301409	-7.04001567884788	-6.77698127301409	-6.77698127301409	-6.04001567884788	-6.77698127301409	-6.04001567884788	-6.04001567884788	-5.90251215509794	-6.04001567884788	-5.66150405559415	-7.04001567884788	-5.36194377373524	-5.77698127301409	-5.90251215509794	-5.90251215509794	-6.04001567884788	-6.19201877229293	-6.19201877229293	-7.77698127301409	-9.36194377373524	-7.77698127301409	-9.36194377373524	-9.36194377373524	-8.36194377373524	-8.36194377373524	-7.77698127301409	-7.77698127301409	-8.36194377373524	-8.36194377373524	-8.36194377373524	-7.77698127301409	-8.36194377373524	-7.77698127301409	-7.36194377373524	-7.77698127301409	-7.36194377373524	-8.36194377373524	-7.77698127301409	-7.04001567884788	-8.36194377373524	-8.36194377373524	-7.77698127301409	-6.36194377373524	-7.77698127301409	-7.77698127301409	-7.36194377373524	-8.36194377373524	-8.36194377373524	-8.36194377373524	-7.77698127301409	-7.36194377373524	NA	NA	NA	NA	NA	NA	NA	NA	NA	NA	NA	NA	NA	NA	NA	NA	NA	NA	NA	NA	NA	NA	NA	NA	NA	NA	NA	NA	NA	NA	NA	NA	NA	NA	NA	NA	NA	NA	NA	NA	NA	NA	NA	NA	NA	NA	NA	NA	NA	NA	NA	NA	NA	NA	NA	NA	NA	NA	NA	NA	NA	NA	NA	NA	NA	NA	NA	NA	NA	NA	NA	NA	NA	NA	NA	NA	NA	NA	NA	NA	NA	NA	NA	NA	NA	NA	NA	NA	NA	NA	NA	NA	NA	NA	NA	NA	NA	NA	NA	NA	NA	NA	NA	NA	NA	NA	NA	NA	NA	NA	NA	NA	NA	NA	NA	NA	NA	NA	NA	NA	NA	NA	NA	NA	NA	NA	NA	NA	NA	NA	NA	NA	NA	NA	NA	NA	NA	NA	NA	NA	NA	NA	NA	NA	NA	NA
VIVO7_FEC_VLP_APR30_F5	NA	-6.82745612811411	-5.63481105017172	NA	NA	NA	-8.31288295528435	-7.63481105017172	-7.17537943153442	-7.4648860487294	-4.09565223906369	-7.17537943153442	-8.04984854945056	-7.04984854945056	-8.31288295528435	-7.4648860487294	-7.63481105017172	-7.17537943153442	-8.31288295528435	-7.31288295528436	-7.82745612811411	-7.63481105017172	-7.17537943153442	-7.82745612811411	-5.82745612811411	-7.4648860487294	-7.82745612811411	-7.82745612811411	-7.63481105017172	-8.04984854945056	-7.17537943153442	-7.17537943153442	-8.04984854945056	-7.31288295528436	-6.38688353672813	-9.63481105017172	-7.31288295528436	-9.04984854945056	-7.63481105017172	-8.04984854945056	-2.36802450947682	-7.4648860487294	-8.31288295528435	-8.04984854945056	-7.04984854945056	-8.31288295528435	-7.63481105017172	-8.31288295528435	-8.31288295528435	-7.82745612811411	-8.04984854945056	-7.31288295528436	-8.31288295528435	-7.82745612811411	-7.82745612811411	-7.4648860487294	-7.82745612811411	-6.63481105017172	NA	-1.42049192937095	-7.31288295528436	-7.82745612811411	-7.31288295528436	-7.31288295528436	-7.82745612811411	-7.63481105017172	NA	NA	NA	NA	NA	NA	NA	NA	NA	NA	NA	NA	NA	NA	NA	-7.31288295528436	NA	NA	NA	NA	NA	NA	NA	NA	-6.24249362739296	NA	-6.54734820892138	NA	NA	NA	NA	NA	NA	-8.31288295528435	-9.63481105017172	-9.04984854945056	-7.82745612811411	-7.63481105017172	-10.6348110501717	NA	NA	NA	NA	NA	NA	NA	NA	NA	NA	NA	NA	NA	NA	NA	NA	NA	NA	NA	NA	NA	NA	NA	NA	NA	NA	NA	NA	NA	NA	NA	NA	NA	NA	NA	NA	NA	NA	NA	NA	NA	NA	NA	NA	NA	NA	NA	NA	NA	NA	NA	NA	NA	NA	NA	NA	NA	NA	NA	NA	NA	NA	NA	NA	NA	NA	NA	NA	NA	NA	NA	NA	NA	NA	NA	NA	NA	NA	NA	NA	NA	NA	NA	NA	NA	NA	NA	NA	NA	NA	NA	NA	NA	NA	NA	NA	NA	NA	NA	NA	NA	NA	NA	NA	NA	NA	NA	NA	NA	NA	NA	NA	NA	NA	NA	NA	NA	NA	NA	NA	NA	NA	NA	NA	NA	NA	NA	NA	NA	NA	NA	NA	NA	NA	NA	NA	NA	NA	NA	NA
VIVO7_FEC_VLP_JUL19_F21	NA	NA	NA	NA	NA	NA	-6.0480326964218	-5.82564027508535	-5.63299519714296	-5.3110671022556	-6.3110671022556	-5.63299519714296	-5.82564027508535	-5.63299519714296	-5.82564027508535	-5.46307019570065	-5.82564027508535	-5.17356357850566	-6.3110671022556	-5.82564027508535	-6.63299519714296	-6.0480326964218	-6.0480326964218	-5.82564027508535	-5.63299519714296	-5.63299519714296	-5.63299519714296	-6.0480326964218	-5.63299519714296	-6.0480326964218	-5.82564027508535	-4.54553235589262	NA	-5.63299519714296	-6.0480326964218	NA	-5.82564027508535	NA	-5.17356357850566	-5.82564027508535	-6.63299519714296	-5.63299519714296	-7.0480326964218	-6.3110671022556	-5.82564027508535	-6.3110671022556	-6.3110671022556	-6.63299519714296	-5.82564027508535	-7.0480326964218	-6.63299519714296	-5.3110671022556	-6.0480326964218	-5.46307019570065	-6.3110671022556	-5.63299519714296	-5.46307019570065	-5.63299519714296	NA	-5.3110671022556	-5.63299519714296	-5.3110671022556	-5.63299519714296	-6.0480326964218	-6.63299519714296	-6.0480326964218	NA	NA	NA	NA	NA	NA	NA	NA	NA	NA	NA	NA	NA	NA	NA	NA	NA	NA	NA	NA	NA	NA	NA	NA	NA	NA	NA	NA	NA	NA	NA	NA	NA	NA	NA	NA	NA	NA	NA	NA	NA	NA	NA	NA	NA	NA	NA	NA	NA	NA	NA	NA	NA	NA	NA	NA	NA	NA	NA	NA	NA	NA	NA	NA	NA	NA	NA	NA	NA	NA	NA	NA	NA	NA	NA	NA	NA	NA	NA	NA	NA	NA	NA	NA	NA	NA	NA	NA	NA	NA	NA	NA	NA	NA	NA	NA	NA	NA	NA	NA	NA	NA	NA	NA	NA	NA	NA	NA	NA	NA	NA	NA	NA	NA	NA	NA	NA	NA	NA	NA	NA	NA	NA	NA	NA	NA	NA	NA	NA	NA	NA	NA	NA	NA	NA	NA	NA	NA	NA	NA	NA	NA	NA	NA	NA	NA	NA	NA	NA	NA	NA	NA	NA	NA	NA	NA	NA	NA	NA	NA	NA	NA	NA	NA	NA	NA	NA	NA	NA	NA	NA	NA	NA	NA	NA	NA	NA	NA	NA
VIVO7_FEC_VLP_JUL19_F22	NA	NA	NA	NA	NA	NA	-6.14555758522416	-5.8067556717724	-5.560595084503	-5.5325807083334	-6.47813292431103	-5.47813292431103	-5.87546842185641	-5.58916423669977	-6.42566550441689	-5.67843157479686	-5.74116733014482	-5.5325807083334	-6.18862630711604	-5.67843157479686	-6.27882411608762	-6.37503943134692	-5.64805792575334	-5.91109233158713	-6.02356706084555	-5.58916423669977	-5.98509291303091	-6.14555758522416	-5.560595084503	-6.27882411608762	-5.47813292431103	-5.45166071294984	-6.06309542503218	-5.74116733014482	-5.5325807083334	-6.98509291303091	-5.560595084503	-6.84070300369574	-5.5050999719113	-6.47813292431103	-6.5325807083334	-5.560595084503	-6.58916423669977	-6.42566550441689	-5.7735888078372	-6.32612983086598	-5.91109233158713	-6.18862630711604	-6.47813292431103	-6.42566550441689	-6.47813292431103	-5.61831058235929	-6.32612983086598	-5.7735888078372	-6.42566550441689	-5.70945847041748	-5.84070300369574	-5.61831058235929	NA	-5.64805792575334	-5.560595084503	-5.74116733014482	-5.560595084503	-5.74116733014482	-6.06309542503218	-5.91109233158713	NA	NA	NA	NA	NA	NA	NA	NA	NA	NA	NA	NA	NA	NA	NA	-10.2330204264745	NA	NA	NA	-10.2330204264745	NA	NA	NA	NA	-7.64805792575334	-11.2330204264745	NA	NA	NA	NA	NA	NA	NA	NA	NA	NA	NA	NA	NA	-10.2330204264745	-8.42566550441689	NA	NA	NA	NA	NA	NA	NA	NA	NA	NA	-10.2330204264745	NA	-9.64805792575334	NA	-11.2330204264745	-11.2330204264745	-11.2330204264745	-10.2330204264745	-11.2330204264745	-11.2330204264745	NA	NA	NA	NA	NA	NA	NA	NA	NA	NA	NA	NA	NA	NA	NA	NA	NA	NA	NA	NA	NA	NA	NA	NA	NA	NA	NA	NA	NA	NA	NA	NA	NA	NA	NA	NA	NA	NA	NA	NA	NA	NA	NA	NA	NA	NA	NA	NA	NA	NA	NA	NA	NA	NA	NA	NA	NA	NA	NA	NA	NA	NA	NA	NA	NA	NA	NA	NA	NA	NA	NA	NA	NA	NA	NA	NA	NA	NA	NA	NA	NA	NA	NA	NA	NA	NA	NA	NA	NA	NA	NA	NA	NA	NA	NA	NA	NA	NA	NA	NA	NA	NA	NA	NA	NA	NA	NA	NA	NA	NA	NA	NA	NA	NA	NA	NA	NA	NA
VIVO7_FEC_VLP_JUL19_F23	NA	-11.2238006157293	-11.2238006157293	NA	-10.8087631164504	NA	-6.15055163369862	-5.91394535314247	-5.59930975082146	-5.50498236827331	-6.34933149781312	-5.6388381150081	-5.92612006708857	-5.82007842967825	-6.34933149781312	-5.58959459598825	-5.79753586102716	-5.46003496221933	-6.31691002012074	-5.79753586102716	-6.39937218031271	-6.33302968548401	-5.96327306550604	-5.84297883178833	-5.77534011491296	-5.62885402643548	-5.96327306550604	-6.46891311356579	-5.59930975082146	-6.22380061572926	-5.53263871117618	-5.30891722936721	-6.57994442595453	-5.87802577888753	-6.15055163369862	-6.92612006708857	-5.72130027520007	-7.10832339830932	-5.37413488881369	-6.43372368510349	-6.76436899709196	-5.59930975082146	-6.67948009950545	-6.46891311356579	-5.79753586102716	-6.20885027426328	-6.10832339830932	-6.6388381150081	-6.16490692667569	-6.26960430534238	-6.67948009950545	-5.67948009950545	-6.36581962060168	-5.55137527375776	-6.2852011603934	-6.00140819439281	-5.82007842967825	-5.52336089758816	-6.45121111183233	-5.86624861111117	-5.6898220437269	-5.45121111183233	-5.57994442595453	-6.12226258926719	-6.56083560300683	-6.13633777447892	-10.4868350215631	NA	NA	NA	NA	-10.8087631164504	NA	-11.2238006157293	-11.2238006157293	NA	NA	NA	NA	NA	NA	-10.2238006157293	NA	NA	NA	-10.2238006157293	NA	-10.8087631164504	-11.2238006157293	NA	-10.8087631164504	-10.0014081943928	NA	NA	NA	NA	-11.2238006157293	-10.8087631164504	NA	NA	NA	-10.0014081943928	-10.2238006157293	NA	NA	-10.2238006157293	-10.2238006157293	-10.8087631164504	NA	-10.8087631164504	-10.4868350215631	-10.4868350215631	-11.2238006157293	NA	-10.4868350215631	-11.2238006157293	-10.8087631164504	-10.8087631164504	-11.8087631164504	-10.8087631164504	-10.4868350215631	-11.8087631164504	-11.2238006157293	NA	-10.8087631164504	-10.2238006157293	-10.8087631164504	-11.2238006157293	-10.8087631164504	-10.8087631164504	-11.2238006157293	-10.8087631164504	-11.8087631164504	-11.2238006157293	-10.4868350215631	-11.8087631164504	-11.2238006157293	-11.2238006157293	-11.8087631164504	-11.2238006157293	-11.2238006157293	-11.2238006157293	-9.80876311645041	-11.2238006157293	-7.02740340292575	-11.8087631164504	-10.8087631164504	-11.8087631164504	-11.2238006157293	-11.2238006157293	-11.2238006157293	-11.8087631164504	-11.2238006157293	-11.8087631164504	-10.4868350215631	-11.2238006157293	-10.8087631164504	-10.8087631164504	-10.8087631164504	-11.2238006157293	-11.2238006157293	-10.8087631164504	NA	NA	NA	NA	NA	NA	NA	NA	NA	NA	NA	NA	NA	NA	NA	NA	NA	NA	NA	NA	NA	NA	NA	NA	NA	NA	NA	NA	NA	NA	NA	NA	NA	NA	NA	NA	NA	NA	NA	NA	NA	NA	NA	NA	NA	NA	NA	NA	NA	NA	NA	NA	NA	NA	NA	NA	NA	NA	NA	NA	NA	NA	NA	NA	NA	NA	NA	NA	NA	NA	NA	NA	NA	NA	NA	NA	NA	NA	NA	NA	NA	NA	NA
VIVO7_FEC_VLP_JUL19_F24	NA	NA	NA	NA	NA	NA	-6.04548665635946	-5.87556165491715	-5.48477170188499	-5.48477170188499	-6.32302063188837	-5.61252724908336	-5.87556165491715	-5.63949429668363	-6.27995190999649	-5.56005982918922	-5.90798313260953	-5.48477170188499	-6.19748974980452	-5.66697503310573	-6.36741475124683	-6.27995190999649	-5.84385279518981	-5.66697503310573	-5.94114999654473	-5.63949429668363	-5.94114999654473	-6.15796138561788	-5.58605503772217	-6.27995190999649	-5.58605503772217	-5.21766763174215	-6.41321844085995	-5.81282589956919	-5.90798313260953	-6.90798313260953	-5.66697503310573	-6.97509732846807	-5.39013482774691	-6.41321844085995	-6.61252724908336	-5.56005982918922	-6.66697503310573	-6.41321844085995	-5.90798313260953	-6.50943375611926	-6.04548665635946	-6.56005982918922	-5.94114999654473	-6.32302063188837	-6.50943375611926	-5.63949429668363	-6.36741475124683	-5.58605503772217	-6.15796138561788	-5.84385279518981	-5.75270490713162	-5.63949429668363	-6.27995190999649	-5.75270490713162	-5.58605503772217	-5.61252724908336	-5.56005982918922	-5.90798313260953	-6.32302063188837	-5.97509732846807	-9.78245225052567	NA	NA	NA	NA	NA	NA	NA	NA	NA	NA	NA	NA	NA	NA	NA	NA	NA	NA	-9.78245225052567	NA	-10.3674147512468	NA	NA	NA	NA	NA	NA	-10.3674147512468	NA	NA	NA	NA	NA	NA	NA	NA	-10.3674147512468	NA	-9.78245225052567	NA	-10.3674147512468	NA	NA	NA	NA	NA	NA	-9.78245225052567	NA	NA	NA	NA	NA	-9.78245225052567	NA	NA	NA	NA	NA	-10.3674147512468	NA	NA	NA	NA	NA	NA	NA	-10.3674147512468	NA	NA	NA	NA	NA	NA	NA	NA	NA	NA	NA	NA	NA	NA	NA	NA	NA	NA	NA	NA	NA	NA	NA	-10.3674147512468	NA	NA	NA	NA	NA	NA	NA	NA	NA	NA	NA	NA	NA	NA	NA	NA	NA	NA	NA	NA	NA	NA	NA	NA	NA	NA	NA	NA	NA	NA	NA	NA	NA	NA	NA	NA	NA	NA	NA	NA	NA	NA	NA	NA	NA	NA	NA	NA	NA	NA	NA	NA	NA	NA	NA	NA	NA	NA	NA	NA	NA	NA	NA	NA	NA	NA	NA	NA	NA	NA	NA	NA	NA	NA	NA	NA	NA	NA	NA	NA	NA	NA	NA	NA	NA	NA
VIVO7_FEC_VLP_JUL19_M20	NA	-7.38123392364974	-6.10112600445701	-7.01866384426504	-8.60362634498619	NA	-7.38123392364974	-6.72915722707005	-6.48814912756626	-6.60362634498619	-6.60362634498619	-6.86666075081999	-7.38123392364974	-6.18858884570735	-7.38123392364974	-6.86666075081999	-6.86666075081999	-6.38123392364974	-7.01866384426504	-6.86666075081999	-7.38123392364974	-7.38123392364974	-7.01866384426504	-7.01866384426504	-6.60362634498619	-7.18858884570735	-7.18858884570735	-7.38123392364974	-6.72915722707005	-7.38123392364974	-6.60362634498619	-6.38123392364974	-7.38123392364974	-6.60362634498619	-6.48814912756626	-8.60362634498619	-6.72915722707005	-8.18858884570735	-7.01866384426504	-7.60362634498619	-4.54473265593262	-6.60362634498619	-8.18858884570735	-7.60362634498619	-7.18858884570735	-7.01866384426504	-7.18858884570735	-7.60362634498619	-6.86666075081999	-7.60362634498619	-7.60362634498619	-6.86666075081999	-7.60362634498619	-7.01866384426504	-7.38123392364974	-7.01866384426504	-7.18858884570735	-6.28169825009883	NA	-3.69673574937767	-6.72915722707005	-7.01866384426504	-6.72915722707005	-6.72915722707005	-7.38123392364974	-7.38123392364974	NA	NA	NA	NA	NA	NA	NA	NA	NA	NA	NA	NA	NA	NA	NA	-6.38123392364974	NA	NA	-9.18858884570735	NA	NA	NA	NA	NA	-1.4985908742879	NA	-7.38123392364974	NA	NA	NA	NA	NA	NA	NA	-9.18858884570735	-8.18858884570735	-8.18858884570735	-7.86666075081999	-9.18858884570735	NA	-7.38123392364974	NA	NA	NA	NA	NA	NA	NA	NA	NA	NA	NA	NA	NA	NA	NA	NA	NA	NA	NA	NA	NA	NA	-9.18858884570735	NA	-8.60362634498619	NA	NA	NA	NA	NA	NA	NA	NA	NA	NA	NA	NA	NA	NA	NA	NA	NA	NA	NA	-9.18858884570735	NA	NA	NA	NA	NA	-8.60362634498619	NA	NA	NA	NA	-9.18858884570735	NA	NA	NA	NA	NA	NA	NA	NA	NA	NA	NA	NA	NA	NA	NA	NA	NA	NA	NA	NA	NA	NA	NA	NA	NA	NA	NA	NA	NA	NA	NA	NA	NA	NA	NA	NA	NA	NA	NA	NA	NA	NA	NA	NA	NA	NA	NA	NA	NA	NA	NA	NA	NA	NA	NA	NA	NA	NA	NA	NA	NA	NA	NA	NA	NA	NA	NA	NA	NA	NA	NA	NA	NA	NA	NA	NA	NA	NA	NA	NA	NA	NA
VIVO7_FEC_VLP_JUL4_F15	NA	-7.4142321992072	-6.2215871212648	NA	NA	NA	-6.4142321992072	-5.97365960782122	-5.52114740312371	-5.57773093149008	-6.31469652565629	-5.69802516520779	-6.05166211982249	-5.46669961910134	-6.76215550262751	-5.89965902637744	-5.89965902637744	-5.82926969848605	-6.31469652565629	-6.05166211982249	-6.4142321992072	-6.52114740312371	-5.97365960782122	-5.89965902637744	-5.97365960782122	-5.63662462054365	-6.2215871212648	-6.31469652565629	-5.76215550262751	-6.31469652565629	-5.57773093149008	-5.46669961910134	-6.63662462054365	-5.89965902637744	-5.46669961910134	-7.2215871212648	-5.76215550262751	-6.89965902637744	-5.76215550262751	-6.63662462054365	-5.31469652565629	-5.76215550262751	-6.63662462054365	-6.52114740312371	-6.13412428001447	-6.52114740312371	-5.89965902637744	-6.52114740312371	-6.63662462054365	-6.2215871212648	-6.63662462054365	-5.76215550262751	-6.63662462054365	-5.69802516520779	-6.4142321992072	-5.97365960782122	-6.13412428001447	-5.57773093149008	NA	-4.44022740774014	-5.63662462054365	-6.2215871212648	-5.69802516520779	-5.82926969848605	-6.31469652565629	-6.2215871212648	NA	NA	NA	-9.22158712126481	NA	NA	NA	NA	NA	NA	NA	NA	NA	NA	NA	-6.89965902637744	NA	NA	NA	NA	NA	NA	NA	NA	NA	NA	-7.63662462054365	NA	NA	NA	NA	NA	NA	NA	NA	-8.22158712126481	-8.22158712126481	NA	NA	-8.63662462054365	-8.63662462054365	NA	NA	NA	NA	NA	NA	NA	NA	NA	NA	NA	NA	NA	NA	NA	NA	NA	NA	NA	NA	NA	NA	NA	NA	NA	NA	NA	NA	NA	NA	NA	NA	NA	NA	NA	NA	NA	NA	NA	NA	NA	NA	NA	NA	NA	NA	NA	NA	NA	NA	-8.63662462054365	NA	NA	NA	NA	NA	NA	-8.22158712126481	NA	NA	NA	NA	-10.2215871212648	-7.89965902637744	-7.89965902637744	-9.22158712126481	-8.63662462054365	NA	NA	NA	NA	NA	NA	NA	NA	NA	NA	NA	NA	NA	NA	NA	NA	NA	NA	NA	NA	NA	NA	NA	NA	NA	NA	NA	NA	NA	NA	NA	NA	NA	NA	NA	NA	NA	NA	NA	NA	NA	NA	NA	NA	NA	NA	NA	NA	NA	NA	NA	NA	NA	NA	NA	NA	NA	NA	NA	NA	NA	NA	NA	NA	NA	NA	NA	NA	NA	NA	NA
VIVO7_FEC_VLP_JUL4_F16	NA	-7.2336196767597	-5.97727992349992	-8.2336196767597	-9.40354467820201	NA	-6.70310496006092	-6.27426166125705	-5.84895582652438	-6.04599267358393	-7.01122725542325	-6.01122725542325	-6.40354467820201	-5.91169158187234	-7.15561716475843	-6.15561716475843	-6.40354467820201	-6.04599267358393	-6.75968848842729	-6.2336196767597	-6.59618975614441	-6.75968848842729	-6.08161658331465	-6.40354467820201	-6.35915055884356	-6.15561716475843	-6.70310496006092	-6.64865717603855	-6.35915055884356	-6.81858217748086	-5.91169158187234	-5.97727992349992	-6.64865717603855	-6.08161658331465	-5.4966540825935	-7.70310496006092	-6.19409131257306	-7.31608183695167	-6.08161658331465	-6.94411305956472	-4.06369467531739	-6.08161658331465	-7.01122725542325	-6.94411305956472	-6.31608183695167	-6.94411305956472	-6.27426166125705	-7.01122725542325	-6.94411305956472	-6.70310496006092	-6.879982722145	-6.15561716475843	-6.879982722145	-6.11814245933977	-6.59618975614441	-6.11814245933977	-6.35915055884356	-5.78883483408681	-7.15561716475843	-3.13675813750711	-5.91169158187234	-6.19409131257306	-6.04599267358393	-6.08161658331465	-6.54556368307444	-6.4966540825935	NA	-9.40354467820201	NA	-9.40354467820201	NA	NA	NA	NA	NA	NA	NA	NA	NA	NA	NA	-6.40354467820201	NA	NA	-10.403544678202	-9.81858217748086	-10.403544678202	NA	NA	NA	NA	NA	-7.40354467820201	NA	NA	NA	NA	NA	NA	-8.2336196767597	-8.40354467820201	-7.81858217748086	-7.40354467820201	-7.94411305956472	-9.81858217748086	-9.08161658331465	NA	NA	NA	NA	NA	-9.81858217748086	NA	NA	NA	NA	-10.403544678202	NA	NA	NA	NA	NA	NA	NA	NA	NA	NA	NA	NA	-10.403544678202	NA	-9.40354467820201	NA	-9.81858217748086	NA	NA	-10.403544678202	NA	NA	NA	NA	NA	NA	NA	NA	NA	-10.403544678202	NA	NA	-9.81858217748086	NA	NA	-9.81858217748086	NA	NA	NA	-10.403544678202	-8.2336196767597	-10.403544678202	NA	-9.81858217748086	-9.40354467820201	NA	-10.403544678202	-7.70310496006092	NA	NA	-9.08161658331465	NA	-8.81858217748086	-7.01122725542325	-7.70310496006092	-8.81858217748086	-7.94411305956472	-8.81858217748086	-9.08161658331465	-9.81858217748086	-11.403544678202	-10.403544678202	-11.403544678202	-9.81858217748086	-9.81858217748086	-10.403544678202	-11.403544678202	-9.40354467820201	NA	NA	NA	NA	NA	NA	NA	NA	NA	NA	NA	NA	NA	NA	NA	NA	NA	NA	NA	NA	NA	NA	NA	NA	NA	NA	NA	NA	NA	NA	NA	NA	NA	NA	NA	NA	NA	NA	NA	NA	NA	NA	NA	NA	NA	NA	NA	NA	NA	NA	NA	NA	NA	NA	NA	NA	NA	NA	NA	NA
VIVO7_FEC_VLP_JUL4_M12	NA	-7.08091999538357	-6.13750352374993	NA	NA	NA	-7.78135971352466	-7.61143471208235	-6.97400479146706	-6.97400479146706	-7.78135971352466	-7.32192809488736	-7.61143471208235	-6.97400479146706	-8.1963972128035	-7.4594316186373	-7.61143471208235	-7.08091999538357	-7.97400479146706	-7.1963972128035	-7.61143471208235	-7.32192809488736	-7.32192809488736	-7.4594316186373	-7.32192809488736	-7.32192809488736	-8.1963972128035	-7.61143471208235	-7.4594316186373	-7.97400479146706	-6.97400479146706	-6.87446911791614	-7.97400479146706	-7.08091999538357	-6.4594316186373	-8.78135971352466	-7.4594316186373	-8.4594316186373	-7.08091999538357	-8.1963972128035	-2.30157944949556	-7.32192809488736	-7.97400479146706	-8.1963972128035	-7.32192809488736	-7.61143471208235	-7.32192809488736	-7.97400479146706	-7.97400479146706	-7.97400479146706	-8.1963972128035	-7.32192809488736	-8.1963972128035	-7.4594316186373	-7.61143471208235	-7.4594316186373	-7.61143471208235	-6.61143471208235	NA	-1.40414918313611	-7.08091999538357	-7.61143471208235	-7.1963972128035	-7.32192809488736	-7.97400479146706	-7.78135971352466	NA	-8.4594316186373	NA	-8.78135971352466	NA	NA	NA	NA	NA	NA	NA	NA	NA	NA	NA	-7.78135971352466	NA	NA	NA	NA	NA	NA	NA	NA	NA	NA	-7.32192809488736	NA	NA	NA	NA	NA	NA	NA	NA	-9.1963972128035	-9.1963972128035	NA	-10.7813597135247	NA	NA	NA	NA	NA	NA	NA	NA	NA	NA	NA	NA	NA	NA	NA	NA	NA	NA	NA	NA	NA	NA	NA	NA	NA	NA	-9.78135971352466	NA	NA	NA	NA	NA	NA	NA	NA	NA	NA	NA	NA	NA	NA	NA	NA	NA	NA	NA	NA	NA	NA	NA	NA	NA	-9.1963972128035	NA	NA	NA	NA	NA	NA	NA	NA	NA	-8.78135971352466	NA	-7.97400479146706	-6.61143471208235	-6.32192809488736	-8.4594316186373	-7.4594316186373	-8.4594316186373	NA	-9.1963972128035	NA	NA	-9.1963972128035	-9.1963972128035	-9.78135971352466	NA	NA	-8.4594316186373	-10.7813597135247	-8.4594316186373	-9.78135971352466	NA	NA	NA	NA	NA	NA	NA	NA	NA	NA	NA	NA	NA	NA	NA	NA	NA	NA	NA	NA	NA	NA	NA	NA	NA	NA	NA	NA	NA	NA	NA	NA	NA	NA	NA	NA	NA	NA	NA	NA	NA	NA	NA	NA	NA	NA	NA	NA	NA	NA	NA	NA	NA	NA	NA	NA	NA
VIVO7_FEC_VLP_JUL4_M13	NA	-5.9915218460757	-4.90405900482536	NA	NA	NA	-6.66959375118833	-6.40655934535454	-6.18416692401809	-5.9915218460757	-6.66959375118833	-6.18416692401809	-6.66959375118833	-5.82159684463338	-6.9915218460757	-6.18416692401809	-6.9915218460757	-5.9915218460757	-6.9915218460757	-6.18416692401809	-6.66959375118833	-6.66959375118833	-6.40655934535454	-6.18416692401809	-6.40655934535454	-6.18416692401809	-6.66959375118833	-6.9915218460757	-6.40655934535454	-6.66959375118833	-5.9915218460757	-5.40655934535454	-7.40655934535454	-5.82159684463338	-5.66959375118833	NA	-6.40655934535454	-7.9915218460757	-5.9915218460757	-6.9915218460757	-3.70611962721345	-6.18416692401809	-7.40655934535454	-6.9915218460757	-6.66959375118833	-6.9915218460757	-6.9915218460757	-7.40655934535454	-6.66959375118833	-6.9915218460757	-7.40655934535454	-5.9915218460757	-6.9915218460757	-6.66959375118833	-6.66959375118833	-6.66959375118833	-6.18416692401809	-5.5320902274384	NA	-2.74359433263211	-6.18416692401809	-6.18416692401809	-6.18416692401809	-6.66959375118833	-6.9915218460757	-6.40655934535454	NA	NA	NA	-8.9915218460757	NA	NA	NA	NA	NA	NA	NA	NA	NA	NA	NA	NA	NA	NA	NA	NA	NA	NA	NA	NA	NA	NA	-5.9915218460757	NA	NA	NA	NA	NA	NA	NA	NA	NA	NA	NA	NA	NA	-7.9915218460757	NA	NA	NA	NA	NA	NA	NA	NA	NA	NA	NA	NA	NA	NA	NA	NA	NA	NA	NA	NA	NA	NA	NA	NA	NA	NA	NA	NA	NA	NA	NA	NA	NA	NA	NA	NA	NA	NA	NA	NA	NA	NA	NA	NA	NA	NA	NA	NA	NA	NA	NA	NA	NA	NA	NA	NA	NA	NA	NA	NA	NA	NA	-7.9915218460757	-6.66959375118833	-5.2910821279346	-7.9915218460757	-7.40655934535454	-7.9915218460757	NA	NA	NA	NA	NA	NA	NA	NA	NA	-8.9915218460757	NA	-7.40655934535454	NA	NA	NA	NA	NA	NA	NA	NA	NA	NA	NA	NA	NA	NA	NA	NA	NA	NA	NA	NA	NA	NA	NA	NA	NA	NA	NA	NA	NA	NA	NA	NA	NA	NA	NA	NA	NA	NA	NA	NA	NA	NA	NA	NA	NA	NA	NA	NA	NA	NA	NA	NA	NA	NA	NA	NA	NA	NA
VIVO7_FEC_VLP_JUL4_M14	NA	-7.30276583780047	-6.47269083924278	NA	NA	NA	-6.56580024363426	-6.15076274435542	-5.82883464946806	-5.88772833852162	-6.77225112110169	-5.77225112110169	-6.2247633257992	-5.61470984411521	-6.88772833852162	-5.94912888318577	-5.94912888318577	-5.88772833852162	-6.56580024363426	-6.15076274435542	-6.47269083924278	-6.56580024363426	-6.08037341646402	-6.08037341646402	-6.2247633257992	-5.82883464946806	-6.2247633257992	-6.56580024363426	-5.94912888318577	-6.66533591718518	-5.71780333707931	-5.66533591718518	-6.47269083924278	-6.2247633257992	-5.71780333707931	-7.47269083924278	-5.88772833852162	-7.15076274435542	-5.71780333707931	-6.88772833852162	-4.3229437197381	-5.82883464946806	-6.77225112110169	-6.77225112110169	-6.38522799799244	-6.56580024363426	-6.08037341646402	-6.88772833852162	-6.56580024363426	-6.47269083924278	-6.77225112110169	-5.88772833852162	-6.56580024363426	-5.82883464946806	-6.47269083924278	-6.15076274435542	-6.2247633257992	-5.56580024363426	-7.01325922060548	-3.48400615247061	-5.82883464946806	-5.77225112110169	-5.82883464946806	-6.08037341646402	-6.56580024363426	-6.30276583780047	NA	NA	NA	NA	NA	NA	NA	NA	NA	NA	NA	NA	NA	NA	NA	NA	NA	NA	NA	-8.88772833852162	NA	NA	NA	NA	NA	-9.47269083924278	-7.47269083924278	NA	NA	NA	NA	NA	NA	NA	NA	NA	NA	NA	NA	-9.47269083924278	NA	NA	NA	NA	-9.47269083924278	-8.88772833852162	NA	NA	NA	NA	NA	NA	NA	NA	NA	NA	NA	NA	NA	NA	-8.47269083924278	NA	-9.47269083924278	NA	NA	NA	NA	NA	NA	NA	NA	NA	NA	NA	NA	NA	-8.47269083924278	NA	NA	NA	NA	NA	NA	NA	NA	NA	NA	NA	-10.4726908392428	NA	NA	NA	NA	NA	NA	NA	NA	NA	-7.88772833852162	NA	-9.47269083924278	NA	-8.15076274435542	NA	-9.47269083924278	-7.01325922060548	NA	NA	NA	NA	NA	NA	NA	NA	NA	NA	NA	NA	NA	NA	-8.15076274435542	-8.88772833852162	-10.4726908392428	NA	NA	NA	NA	NA	NA	NA	NA	NA	NA	NA	NA	NA	NA	NA	NA	NA	NA	NA	NA	NA	NA	NA	NA	NA	NA	NA	NA	NA	NA	NA	NA	NA	NA	NA	NA	NA	NA	NA	NA	NA	NA	NA	NA	NA	NA	NA	NA	NA	NA	NA	NA	NA	NA	NA	NA
VIVO7_FEC_VLP_JUN10_F21	NA	NA	NA	NA	NA	NA	-6.32942263143429	-5.91438513215544	-5.52206770937668	-5.52206770937668	-6.21394541401435	-5.66645761871186	-5.91438513215544	-5.39082317609843	-6.59245703726808	-5.91438513215544	-6.00749453654692	-5.59245703726808	-6.21394541401435	-5.91438513215544	-6.32942263143429	-6.45495351351815	-5.59245703726808	-5.91438513215544	-6.21394541401435	-5.52206770937668	-5.8269222909051	-6.00749453654692	-5.66645761871186	-6.45495351351815	-5.45495351351815	-5.59245703726808	-6.10703021009784	-5.74446013071313	-5.39082317609843	-7.32942263143429	-5.74446013071313	-6.74446013071313	-5.59245703726808	-6.59245703726808	-5.8269222909051	-5.59245703726808	-6.45495351351815	-6.45495351351815	-5.91438513215544	-6.32942263143429	-6.32942263143429	-6.32942263143429	-6.74446013071313	-6.74446013071313	-6.45495351351815	-5.52206770937668	-6.10703021009784	-5.74446013071313	-6.59245703726808	-5.66645761871186	-6.00749453654692	-5.39082317609843	-6.21394541401435	-4.86999101279699	-5.52206770937668	-6.10703021009784	-5.52206770937668	-5.52206770937668	-6.10703021009784	-5.91438513215544	NA	NA	NA	NA	NA	NA	NA	NA	NA	NA	NA	NA	NA	NA	NA	NA	NA	NA	NA	NA	NA	NA	NA	NA	-7.32942263143429	NA	NA	NA	NA	NA	NA	NA	NA	NA	NA	NA	NA	NA	NA	NA	NA	NA	NA	NA	NA	NA	NA	NA	NA	NA	NA	NA	NA	NA	NA	NA	NA	NA	NA	NA	NA	NA	NA	NA	NA	NA	NA	NA	NA	NA	NA	NA	NA	NA	NA	NA	NA	NA	NA	NA	NA	NA	NA	NA	NA	NA	NA	NA	NA	NA	NA	NA	NA	NA	NA	NA	NA	NA	NA	NA	NA	NA	NA	NA	NA	NA	NA	NA	NA	NA	NA	NA	NA	NA	NA	NA	NA	NA	NA	NA	NA	NA	NA	NA	NA	NA	NA	NA	NA	NA	NA	NA	NA	NA	NA	NA	NA	NA	NA	NA	NA	NA	NA	NA	NA	NA	NA	NA	NA	NA	NA	NA	NA	NA	NA	NA	NA	NA	NA	NA	NA	NA	NA	NA	NA	NA	NA	NA	NA	NA	NA	NA	NA	NA	NA	NA	NA	NA	NA
VIVO7_FEC_VLP_JUN10_F22	NA	-7.1682542484578	-5.84632615357044	NA	NA	NA	-7.1682542484578	-7.1682542484578	-6.75321674917896	-6.58329174773664	-5.84632615357044	-6.75321674917896	-7.43128865429159	-6.58329174773664	-7.1682542484578	-6.75321674917896	-7.43128865429159	-6.43128865429159	-7.43128865429159	-6.94586182712135	-7.75321674917896	-6.94586182712135	-7.43128865429159	-6.94586182712135	-6.43128865429159	-6.58329174773664	-6.94586182712135	-6.94586182712135	-6.94586182712135	-6.94586182712135	-6.43128865429159	-6.1682542484578	-8.1682542484578	-6.94586182712135	-6.58329174773664	-8.75321674917896	-6.94586182712135	NA	-6.75321674917896	-7.1682542484578	-2.94586182712135	-6.58329174773664	-7.75321674917896	-7.75321674917896	-7.1682542484578	-7.43128865429159	-7.75321674917896	-8.1682542484578	-7.1682542484578	-8.1682542484578	-7.75321674917896	-6.94586182712135	-7.43128865429159	-7.1682542484578	-7.75321674917896	-6.58329174773664	-6.75321674917896	-6.75321674917896	NA	-2.1682542484578	-6.75321674917896	-6.43128865429159	-6.75321674917896	-6.94586182712135	-7.43128865429159	-6.94586182712135	NA	NA	NA	NA	NA	NA	NA	NA	NA	NA	NA	NA	NA	NA	NA	-6.58329174773664	NA	NA	NA	NA	NA	NA	NA	NA	-2.88285202959555	NA	-6.94586182712135	NA	NA	NA	NA	NA	NA	NA	NA	-8.1682542484578	-7.43128865429159	NA	-9.75321674917896	NA	NA	NA	NA	NA	NA	NA	NA	NA	NA	NA	NA	NA	NA	NA	NA	NA	NA	NA	NA	NA	NA	NA	NA	NA	NA	NA	NA	NA	NA	NA	NA	NA	NA	NA	NA	NA	NA	NA	NA	NA	NA	NA	NA	NA	NA	NA	NA	NA	NA	NA	NA	-9.75321674917896	NA	NA	NA	NA	-7.75321674917896	NA	NA	NA	NA	NA	-7.43128865429159	NA	NA	NA	NA	NA	NA	NA	NA	NA	NA	NA	NA	NA	NA	NA	NA	NA	NA	NA	NA	-7.43128865429159	NA	NA	NA	NA	NA	NA	NA	NA	NA	NA	NA	NA	NA	NA	NA	NA	NA	NA	NA	NA	NA	NA	NA	NA	NA	NA	NA	NA	NA	NA	NA	NA	NA	NA	NA	NA	NA	NA	NA	NA	NA	NA	NA	NA	NA	NA	NA	NA	NA	NA	NA	NA	NA	NA	NA
VIVO7_FEC_VLP_JUN10_F23	NA	NA	NA	NA	NA	NA	-6.01197264166608	-6.11150831521699	-5.74893823583228	-5.52654581449583	-6.59693514238723	-5.74893823583228	-6.01197264166608	-5.67093572383101	-6.2184235191335	-5.67093572383101	-6.11150831521699	-5.39530128121758	-6.33390073655344	-5.9188632372746	-6.33390073655344	-6.33390073655344	-6.01197264166608	-5.74893823583228	-6.01197264166608	-5.67093572383101	-5.9188632372746	-6.33390073655344	-5.9188632372746	-6.11150831521699	-5.74893823583228	-5.27500704749987	-6.74893823583228	-5.9188632372746	-6.11150831521699	-7.33390073655344	-5.74893823583228	-7.33390073655344	-5.4594316186373	-6.33390073655344	-5.11150831521699	-5.67093572383101	-6.9188632372746	-6.4594316186373	-5.9188632372746	-6.33390073655344	-6.2184235191335	-7.11150831521699	-5.9188632372746	-6.74893823583228	-6.74893823583228	-5.67093572383101	-6.59693514238723	-5.67093572383101	-6.4594316186373	-5.83140039602425	-5.67093572383101	-5.67093572383101	-6.2184235191335	-4.36427438559696	-5.74893823583228	-5.52654581449583	-5.74893823583228	-6.2184235191335	-6.4594316186373	-6.01197264166608	NA	NA	NA	NA	NA	NA	NA	NA	NA	NA	NA	NA	NA	NA	NA	-8.9188632372746	NA	NA	NA	NA	NA	NA	NA	NA	-5.33390073655344	NA	NA	NA	NA	NA	NA	NA	NA	NA	NA	NA	NA	NA	NA	-8.9188632372746	NA	NA	NA	NA	NA	NA	NA	NA	NA	NA	NA	NA	NA	NA	NA	NA	NA	NA	NA	NA	NA	NA	NA	NA	NA	NA	NA	NA	NA	NA	NA	NA	NA	NA	NA	NA	NA	NA	NA	NA	NA	NA	NA	NA	NA	NA	NA	NA	NA	NA	NA	NA	NA	NA	NA	NA	NA	NA	NA	NA	NA	NA	NA	NA	NA	NA	NA	NA	NA	NA	NA	NA	NA	NA	NA	NA	NA	NA	NA	NA	NA	NA	NA	NA	NA	NA	NA	NA	NA	NA	NA	NA	NA	NA	NA	NA	NA	NA	NA	NA	NA	NA	NA	NA	NA	NA	NA	NA	NA	NA	NA	NA	NA	NA	NA	NA	NA	NA	NA	NA	NA	NA	NA	NA	NA	NA	NA	NA	NA	NA	NA	NA	NA	NA	NA	NA	NA	NA	NA
VIVO7_FEC_VLP_JUN10_F24	NA	-8.55586727005184	-6.6813981521357	-7.3334748487154	-9.140829770773	NA	-6.6813981521357	-6.97090476933069	-6.55586727005184	-6.28284877564543	-6.28284877564543	-6.61726781471599	-6.81890167588564	-6.44039005263191	-6.6813981521357	-6.49697358099828	-6.81890167588564	-5.93137640514405	-7.140829770773	-6.49697358099828	-7.140829770773	-6.49697358099828	-6.74851234799424	-6.6813981521357	-6.49697358099828	-6.3334748487154	-6.81890167588564	-7.140829770773	-6.49697358099828	-6.6813981521357	-6.38594226860953	-5.49697358099828	-7.55586727005184	-6.61726781471599	-6.6813981521357	-7.97090476933069	-6.49697358099828	-8.140829770773	-6.28284877564543	-6.97090476933069	-3.69788627492427	-6.23393917516448	-7.55586727005184	-7.140829770773	-6.49697358099828	-7.05336692952266	-7.05336692952266	-7.44039005263191	-6.61726781471599	-7.44039005263191	-7.3334748487154	-6.74851234799424	-7.05336692952266	-6.61726781471599	-7.05336692952266	-6.55586727005184	-6.3334748487154	-6.38594226860953	NA	-2.73995033449082	-6.38594226860953	-6.140829770773	-6.28284877564543	-6.6813981521357	-7.23393917516448	-6.74851234799424	NA	NA	NA	NA	NA	NA	NA	NA	NA	NA	NA	NA	NA	NA	NA	-6.81890167588564	NA	NA	-9.55586727005184	NA	NA	NA	NA	NA	-2.80991289265838	NA	-8.55586727005184	NA	NA	NA	NA	NA	NA	-8.81890167588564	-9.55586727005184	-7.97090476933069	-7.44039005263191	-8.81890167588564	-9.55586727005184	-9.55586727005184	NA	NA	NA	NA	NA	NA	NA	NA	NA	NA	NA	NA	NA	NA	NA	NA	NA	NA	NA	NA	NA	-9.55586727005184	NA	-9.55586727005184	NA	-8.81890167588564	NA	NA	NA	NA	NA	NA	NA	NA	NA	NA	NA	NA	NA	NA	NA	NA	-10.140829770773	NA	NA	-10.140829770773	-10.140829770773	NA	NA	NA	NA	-8.81890167588564	NA	NA	NA	-9.55586727005184	-9.55586727005184	NA	-8.55586727005184	NA	NA	NA	-8.81890167588564	NA	NA	NA	NA	NA	NA	-9.55586727005184	NA	NA	NA	NA	NA	NA	NA	NA	NA	NA	NA	NA	NA	-9.140829770773	NA	NA	NA	NA	NA	NA	NA	NA	NA	NA	NA	NA	NA	NA	NA	NA	NA	NA	NA	NA	NA	NA	NA	NA	NA	NA	NA	NA	NA	NA	NA	NA	NA	NA	NA	NA	NA	NA	NA	NA	NA	NA	NA	NA	NA	NA	NA	NA	NA	NA	NA	NA	NA	NA	NA
VIVO7_FEC_VLP_JUN10_M20	NA	NA	NA	NA	NA	NA	-6.05786282438599	-5.99074862852746	-5.74974052902366	-5.54328965155623	-5.99074862852746	-5.69529274500128	-5.99074862852746	-5.8652177464436	-6.20225273372117	-5.59219925203718	-5.99074862852746	-5.4057861278063	-6.28025524572244	-5.80632405739003	-6.36271740591441	-6.36271740591441	-5.99074862852746	-5.8652177464436	-5.8652177464436	-5.59219925203718	-6.05786282438599	-6.20225273372117	-5.64282532510715	-6.20225273372117	-5.69529274500128	-5.09262824254667	-6.64282532510715	-5.80632405739003	-6.05786282438599	-6.99074862852746	-5.74974052902366	-7.28025524572244	-5.45018024716475	-6.36271740591441	-5.54328965155623	-5.59219925203718	-6.8652177464436	-6.36271740591441	-5.74974052902366	-6.20225273372117	-6.45018024716475	-6.74974052902366	-6.12825215227739	-6.64282532510715	-6.54328965155623	-5.74974052902366	-6.36271740591441	-5.64282532510715	-6.28025524572244	-5.64282532510715	-5.69529274500128	-5.69529274500128	-6.20225273372117	-4.80632405739003	-5.64282532510715	-5.45018024716475	-5.64282532510715	-5.99074862852746	-6.45018024716475	-6.12825215227739	NA	NA	NA	NA	NA	NA	NA	NA	NA	NA	NA	NA	NA	NA	NA	NA	NA	NA	NA	NA	NA	NA	NA	NA	-7.12825215227739	NA	NA	NA	NA	NA	NA	NA	NA	NA	NA	NA	NA	-9.45018024716475	NA	-8.45018024716475	NA	NA	NA	NA	NA	NA	NA	NA	NA	NA	NA	NA	NA	NA	NA	NA	NA	NA	NA	NA	NA	NA	NA	NA	NA	NA	NA	NA	NA	NA	NA	NA	NA	NA	NA	NA	NA	NA	NA	NA	NA	NA	NA	NA	NA	NA	NA	NA	NA	NA	NA	NA	-8.8652177464436	NA	NA	NA	NA	NA	NA	NA	NA	NA	NA	NA	NA	NA	NA	NA	NA	NA	NA	NA	NA	NA	NA	NA	NA	NA	NA	NA	NA	NA	NA	NA	NA	NA	NA	NA	NA	NA	NA	NA	NA	NA	NA	NA	NA	NA	NA	NA	NA	NA	NA	NA	NA	NA	NA	NA	NA	NA	NA	NA	NA	NA	NA	NA	NA	NA	NA	NA	NA	NA	NA	NA	NA	NA	NA	NA	NA	NA	NA	NA	NA	NA	NA	NA	NA	NA	NA
VIVO7_FEC_VLP_JUN11_F15	NA	-5.09842205324021	-3.8991132450168	-6.85330955540367	-6.85330955540367	NA	-7.85330955540367	-6.85330955540367	-6.39387793676638	-6.39387793676638	-7.53138146051631	-6.68338455396136	-7.26834705468252	-5.68338455396136	-7.85330955540367	-6.85330955540367	-6.53138146051631	-6.68338455396136	-7.53138146051631	-6.68338455396136	-7.04595463334607	-7.53138146051631	-6.39387793676638	-7.26834705468252	-7.04595463334607	-7.26834705468252	-7.26834705468252	-7.53138146051631	-6.85330955540367	-7.53138146051631	-6.26834705468252	-6.85330955540367	-7.26834705468252	-6.15286983726258	-5.32974759934666	-8.26834705468252	-6.15286983726258	-8.26834705468252	-7.26834705468252	-7.85330955540367	-4.12538910084048	-6.39387793676638	-7.53138146051631	-7.53138146051631	-6.85330955540367	-7.85330955540367	-7.53138146051631	-7.53138146051631	-7.85330955540367	-7.53138146051631	-7.26834705468252	-6.68338455396136	-7.26834705468252	-7.04595463334607	-7.26834705468252	-6.85330955540367	-7.04595463334607	-6.26834705468252	NA	-3.11184256900253	-6.39387793676638	-7.26834705468252	-6.68338455396136	-6.15286983726258	-6.68338455396136	-7.04595463334607	NA	-7.85330955540367	NA	-8.26834705468252	NA	NA	NA	NA	NA	NA	NA	NA	NA	NA	NA	-6.39387793676638	NA	NA	NA	NA	-6.85330955540367	NA	NA	NA	NA	NA	-4.8991132450168	NA	NA	NA	NA	NA	NA	NA	-8.85330955540367	-8.26834705468252	NA	-5.76584671415334	NA	-6.39387793676638	NA	NA	NA	NA	NA	NA	NA	NA	NA	NA	NA	NA	NA	NA	NA	NA	-7.26834705468252	NA	-7.85330955540367	NA	NA	NA	NA	NA	NA	NA	NA	NA	NA	NA	-8.85330955540367	NA	NA	NA	NA	NA	NA	NA	NA	NA	-7.85330955540367	NA	NA	-8.26834705468252	NA	NA	NA	NA	NA	NA	NA	NA	-7.85330955540367	-8.85330955540367	NA	NA	NA	-8.26834705468252	-5.46099213262491	NA	NA	-8.26834705468252	NA	-7.85330955540367	-6.39387793676638	-4.68338455396136	-7.85330955540367	-7.04595463334607	-7.85330955540367	-7.85330955540367	NA	NA	NA	NA	NA	-8.85330955540367	NA	-8.85330955540367	-8.85330955540367	NA	NA	NA	NA	NA	NA	NA	NA	NA	NA	NA	NA	NA	NA	NA	NA	NA	NA	NA	NA	NA	NA	NA	NA	NA	NA	NA	NA	NA	NA	NA	NA	NA	NA	NA	NA	NA	NA	NA	NA	NA	NA	NA	NA	NA	NA	NA	NA	NA	NA	NA	NA	NA	NA	NA	NA	NA	NA	NA	NA
VIVO7_FEC_VLP_JUN11_F16	NA	-6.24950854926307	-4.74700820873388	-6.66454604854191	-8.24950854926307	NA	-6.83447104998422	-6.51254295509686	-6.13403133184313	-6.37503943134692	-7.02711612792662	-6.37503943134692	-6.66454604854191	-6.02711612792662	-7.02711612792662	-6.37503943134692	-6.51254295509686	-6.13403133184313	-7.24950854926307	-6.51254295509686	-6.83447104998422	-7.02711612792662	-6.37503943134692	-6.66454604854191	-6.51254295509686	-6.51254295509686	-7.02711612792662	-7.02711612792662	-6.24950854926307	-7.02711612792662	-6.02711612792662	-5.83447104998422	-7.24950854926307	-6.37503943134692	-5.66454604854191	-7.83447104998422	-6.24950854926307	-7.83447104998422	-6.24950854926307	-7.24950854926307	-3.6446464911042	-6.13403133184313	-7.51254295509686	-7.02711612792662	-6.37503943134692	-6.51254295509686	-6.66454604854191	-7.24950854926307	-7.02711612792662	-7.02711612792662	-7.02711612792662	-6.37503943134692	-7.51254295509686	-6.51254295509686	-6.83447104998422	-6.37503943134692	-6.66454604854191	-6.13403133184313	NA	-2.76838185952645	-6.13403133184313	-6.37503943134692	-6.24950854926307	-6.13403133184313	-6.66454604854191	-6.66454604854191	NA	-8.83447104998422	NA	-9.83447104998422	NA	NA	NA	NA	NA	NA	NA	NA	NA	NA	NA	-6.24950854926307	NA	NA	NA	NA	NA	NA	NA	NA	NA	NA	-6.51254295509686	NA	NA	NA	NA	NA	NA	NA	-8.83447104998422	-8.24950854926307	NA	NA	NA	-7.24950854926307	-8.83447104998422	NA	NA	NA	NA	NA	NA	NA	NA	NA	NA	NA	NA	NA	NA	NA	-8.24950854926307	NA	NA	NA	NA	NA	NA	NA	NA	-8.83447104998422	NA	NA	NA	NA	NA	NA	NA	NA	NA	NA	NA	NA	NA	NA	-8.83447104998422	NA	NA	NA	NA	NA	NA	NA	NA	NA	NA	NA	-9.83447104998422	NA	NA	NA	NA	-9.83447104998422	-7.02711612792662	NA	NA	-8.24950854926307	NA	-8.83447104998422	-6.66454604854191	-5.66454604854191	-8.83447104998422	-7.83447104998422	-9.83447104998422	-7.24950854926307	NA	NA	NA	NA	NA	NA	NA	NA	-8.83447104998422	NA	NA	NA	NA	NA	NA	NA	NA	NA	NA	NA	NA	NA	NA	NA	NA	NA	NA	NA	NA	NA	NA	NA	NA	NA	NA	NA	NA	NA	NA	NA	NA	NA	NA	NA	NA	NA	NA	NA	NA	NA	NA	NA	NA	NA	NA	NA	NA	NA	NA	NA	NA	NA	NA	NA	NA	NA	NA	NA	NA
VIVO7_FEC_VLP_JUN11_M12	-10.2078277935799	-5.0379027921376	-4.05132330789992	-7.70532745305072	-7.14893410452634	NA	-7.4708621994137	-7.26922833824405	-6.4004728715223	-6.79279029430106	-7.33335867566377	-6.79279029430106	-7.33335867566377	-6.09235057615997	-7.70532745305072	-6.98543537224346	-6.98543537224346	-6.74839617494261	-7.33335867566377	-7.09235057615997	-7.09235057615997	-7.20782779357991	-6.79279029430106	-7.09235057615997	-6.88589969869255	-7.09235057615997	-7.54486278085748	-7.26922833824405	-7.09235057615997	-7.4708621994137	-6.4004728715223	-6.62286529285875	-7.70532745305072	-6.6635072773561	-5.54486278085748	-8.62286529285875	-6.6635072773561	-8.20782779357991	-6.6635072773561	-7.79279029430106	-3.53069544893088	-6.70532745305072	-7.88589969869255	-7.62286529285875	-7.14893410452634	-7.54486278085748	-7.54486278085748	-7.88589969869255	-7.79279029430106	-7.98543537224346	-7.4708621994137	-7.14893410452634	-7.54486278085748	-7.26922833824405	-7.0379027921376	-6.83859398391419	-7.09235057615997	-5.83859398391419	NA	-2.58333692867211	-6.70532745305072	-7.26922833824405	-7.0379027921376	-6.70532745305072	-7.09235057615997	-7.26922833824405	NA	-8.62286529285875	NA	-9.4708621994137	NA	NA	NA	NA	NA	NA	NA	NA	NA	NA	NA	-6.54486278085748	NA	NA	-9.79279029430106	NA	-9.79279029430106	NA	NA	NA	NA	NA	-4.89797253099312	NA	NA	NA	NA	NA	NA	-8.98543537224346	-8.09235057615997	-7.4708621994137	-7.14893410452634	-5.72670110384329	-8.62286529285875	-7.26922833824405	NA	NA	NA	NA	NA	NA	NA	NA	NA	NA	NA	NA	NA	NA	NA	NA	-7.98543537224346	NA	-8.33335867566377	NA	NA	-10.7927902943011	NA	NA	NA	-8.62286529285875	NA	-9.20782779357991	NA	NA	-8.33335867566377	NA	-9.20782779357991	NA	NA	NA	NA	NA	NA	NA	-8.33335867566377	NA	-9.79279029430106	-8.33335867566377	NA	-9.79279029430106	-9.4708621994137	NA	NA	NA	NA	-7.98543537224346	-8.98543537224346	-9.20782779357991	-9.79279029430106	-8.79279029430106	NA	-8.98543537224346	-5.54486278085748	-9.79279029430106	NA	-8.20782779357991	NA	-9.4708621994137	-7.70532745305072	-5.6635072773561	-9.20782779357991	-8.62286529285875	-9.4708621994137	-8.33335867566377	-10.2078277935799	NA	-9.79279029430106	-9.20782779357991	-9.79279029430106	-10.7927902943011	NA	NA	-8.4708621994137	-10.7927902943011	NA	NA	NA	NA	NA	-10.7927902943011	-10.2078277935799	-10.2078277935799	NA	-9.79279029430106	-10.7927902943011	NA	NA	NA	NA	NA	NA	NA	NA	NA	NA	NA	NA	NA	NA	NA	NA	NA	NA	NA	NA	NA	NA	NA	NA	NA	NA	NA	NA	NA	NA	NA	NA	NA	NA	NA	NA	NA	NA	NA	NA	NA	NA	NA	NA	NA	NA	NA	NA
VIVO7_FEC_VLP_JUN11_M13	NA	-10.963618617444	-9.96361861744397	NA	NA	NA	-6.29119327547248	-5.77379405856396	-5.44005666138696	-5.55422768130627	-6.57130119466521	-5.52067512159524	-5.8550941606658	-5.48788518647758	-6.71569110400039	-5.75416525181502	-5.79369361600166	-5.71569110400039	-6.13072860327923	-5.83433560049901	-6.23569816288077	-6.50418699880668	-5.60606661282589	-5.8550941606658	-5.96361861744397	-5.60606661282589	-6.0094223070571	-6.15626369538637	-5.62376861455935	-6.4717655211143	-5.4717655211143	-5.57130119466521	-6.1056376223164	-5.75416525181502	-5.42445980633594	-7.15626369538637	-5.60606661282589	-6.64169052255661	-5.4717655211143	-6.67821639858172	-6.2087311152805	-5.67821639858172	-6.44005666138696	-6.44005666138696	-5.8975294269862	-6.34890877332876	-5.94125080441552	-6.4717655211143	-6.64169052255661	-6.15626369538637	-6.44005666138696	-5.71569110400039	-6.37865611672282	-5.67821639858172	-6.34890877332876	-5.67821639858172	-6.0094223070571	-5.44005666138696	-6.60606661282589	-5.26317889930288	-5.57130119466521	-5.83433560049901	-5.60606661282589	-5.75416525181502	-6.15626369538637	-5.91922449808552	NA	NA	NA	NA	NA	NA	NA	-10.963618617444	NA	NA	NA	NA	NA	NA	-9.96361861744397	NA	NA	NA	NA	-10.3786561167228	NA	NA	NA	NA	NA	-10.963618617444	-10.963618617444	NA	NA	NA	NA	-10.963618617444	NA	NA	NA	-10.963618617444	NA	NA	NA	-10.3786561167228	-9.96361861744397	NA	NA	-10.963618617444	NA	NA	-10.963618617444	NA	NA	NA	NA	NA	NA	-9.96361861744397	-10.3786561167228	NA	NA	NA	-10.963618617444	NA	-10.963618617444	NA	NA	NA	NA	NA	NA	NA	NA	NA	NA	NA	NA	NA	NA	NA	NA	NA	NA	NA	NA	NA	NA	NA	NA	NA	NA	NA	NA	NA	NA	NA	-10.963618617444	NA	NA	NA	NA	NA	-10.963618617444	NA	NA	NA	NA	NA	NA	NA	NA	NA	NA	NA	NA	NA	NA	NA	NA	NA	NA	NA	NA	NA	NA	NA	NA	NA	NA	NA	NA	NA	NA	NA	NA	-10.963618617444	NA	NA	NA	NA	NA	NA	NA	NA	NA	NA	NA	NA	NA	NA	NA	NA	NA	NA	NA	NA	NA	NA	NA	NA	NA	NA	NA	NA	NA	NA	NA	NA	NA	NA	NA	NA	NA	NA	NA	NA	NA	NA	NA	NA	NA	NA	NA
VIVO7_FEC_VLP_JUN11_M14	NA	-6.14673365618264	-5.2869113142309	NA	-8.57969306345875	NA	-6.65369364490253	-6.3780592022891	-5.85722703898766	-5.85722703898766	-6.90162115834611	-6.14673365618264	-6.3780592022891	-5.57969306345875	-6.90162115834611	-6.31665865762496	-6.57969306345875	-5.94742484795924	-6.65369364490253	-6.25776496857139	-6.44218953970882	-6.7316961569038	-6.25776496857139	-6.31665865762496	-6.20118144020502	-6.09426623628851	-6.3780592022891	-6.65369364490253	-6.3780592022891	-6.57969306345875	-5.69216779271716	-5.7316961569038	-6.7316961569038	-6.25776496857139	-5.25776496857139	-7.7316961569038	-6.04364016321854	-7.31665865762496	-5.7316961569038	-6.81415831709577	-4.17370070378291	-6.09426623628851	-6.81415831709577	-6.81415831709577	-6.14673365618264	-6.44218953970882	-6.81415831709577	-6.99473056273759	-6.81415831709577	-6.7316961569038	-6.81415831709577	-6.14673365618264	-6.50930373556735	-6.25776496857139	-6.50930373556735	-6.31665865762496	-6.20118144020502	-5.47535640364401	NA	-3.35472669845848	-5.94742484795924	-6.09426623628851	-5.99473056273759	-6.14673365618264	-6.7316961569038	-6.31665865762496	NA	-8.90162115834611	NA	NA	NA	NA	NA	NA	NA	NA	NA	NA	NA	NA	NA	-7.7316961569038	NA	NA	NA	NA	NA	NA	NA	NA	NA	NA	-6.25776496857139	NA	NA	NA	NA	NA	NA	NA	-9.90162115834611	-9.90162115834611	NA	-7.20118144020502	NA	-9.31665865762496	NA	NA	NA	NA	NA	NA	NA	NA	NA	NA	NA	NA	NA	NA	NA	NA	NA	NA	NA	NA	NA	NA	NA	NA	NA	NA	NA	NA	NA	NA	-9.90162115834611	NA	NA	NA	NA	NA	NA	NA	NA	NA	NA	NA	NA	NA	NA	NA	NA	NA	NA	NA	NA	NA	NA	NA	NA	NA	NA	NA	-6.7316961569038	NA	NA	-8.90162115834611	NA	-9.90162115834611	-7.90162115834611	-5.65369364490253	-9.31665865762496	-8.90162115834611	-9.31665865762496	-8.09426623628851	NA	NA	-9.31665865762496	NA	NA	NA	NA	NA	-9.90162115834611	-10.9016211583461	NA	NA	NA	NA	NA	NA	NA	NA	NA	NA	NA	NA	NA	NA	NA	NA	NA	NA	NA	NA	NA	NA	NA	NA	NA	NA	NA	NA	NA	NA	NA	NA	NA	NA	NA	NA	NA	NA	NA	NA	NA	NA	NA	NA	NA	NA	NA	NA	NA	NA	NA	NA	NA	NA	NA	NA	NA	NA	NA
VIVO7_FEC_VLP_JUN14_F21	NA	-7.37452810933523	-5.9701378542559	-7.37452810933523	-8.87702844986442	NA	-6.76155123244448	-6.46199095058557	-6.14006285569821	-6.03572619588347	-4.86207810839844	-6.14006285569821	-6.46199095058557	-6.00255933194827	-6.93842899452856	-6.29206594914326	-6.3327079336406	-6.14006285569821	-6.76155123244448	-6.41759683122712	-6.7071034484221	-6.76155123244448	-6.3327079336406	-6.46199095058557	-5.93842899452856	-6.25253758495662	-6.46199095058557	-6.65463602852797	-6.25253758495662	-6.76155123244448	-6.17658873172332	-5.90740209890793	-6.87702844986442	-6.29206594914326	-6.03572619588347	-7.76155123244448	-6.21406343714199	-7.46199095058557	-6.06967352780681	-7.00255933194827	-4.23317226008969	-6.21406343714199	-7.14006285569821	-7.00255933194827	-6.5077946401987	-6.87702844986442	-6.76155123244448	-7.06967352780681	-6.76155123244448	-7.00255933194827	-7.00255933194827	-6.29206594914326	-7.00255933194827	-6.25253758495662	-6.87702844986442	-6.29206594914326	-6.41759683122712	-6.03572619588347	-7.06967352780681	-3.26723409616332	-6.14006285569821	-6.29206594914326	-6.10443894596749	-6.3327079336406	-6.7071034484221	-6.55510035497705	NA	NA	NA	NA	NA	NA	NA	NA	NA	NA	NA	NA	NA	NA	NA	-6.29206594914326	NA	NA	NA	-10.4619909505856	NA	NA	NA	NA	-3.77549042340235	NA	-7.21406343714199	NA	NA	NA	-10.4619909505856	NA	NA	NA	-8.65463602852797	-8.14006285569821	-8.87702844986442	-8.00255933194827	-10.4619909505856	-9.14006285569821	NA	NA	NA	NA	NA	-10.4619909505856	NA	-10.4619909505856	-10.4619909505856	NA	-11.4619909505856	NA	NA	NA	-9.87702844986442	NA	-9.87702844986442	NA	-9.87702844986442	NA	NA	-9.87702844986442	-10.4619909505856	NA	NA	-9.46199095058557	NA	-10.4619909505856	NA	NA	-10.4619909505856	NA	NA	NA	NA	NA	NA	NA	NA	NA	-9.87702844986442	NA	NA	-10.4619909505856	NA	-10.4619909505856	NA	NA	NA	NA	NA	-8.46199095058557	NA	NA	NA	-9.87702844986442	-9.87702844986442	-10.4619909505856	-7.87702844986442	NA	-10.4619909505856	NA	-9.14006285569821	NA	NA	NA	NA	NA	NA	NA	NA	NA	NA	NA	NA	NA	NA	NA	NA	NA	NA	NA	NA	-8.87702844986442	NA	NA	-11.4619909505856	NA	NA	NA	NA	NA	-10.4619909505856	-11.4619909505856	NA	NA	NA	NA	NA	NA	NA	NA	NA	NA	NA	NA	NA	NA	NA	NA	NA	NA	NA	NA	NA	NA	NA	NA	NA	NA	NA	NA	NA	NA	NA	NA	NA	NA	NA	NA	NA	NA	NA	NA	NA	NA	NA	NA	NA
VIVO7_FEC_VLP_JUN14_F22	NA	-7.9692426044345	-6.48381577726426	NA	NA	NA	-6.38428010371334	-6.20370785807152	-5.9692426044345	-5.8988532765431	-6.48381577726426	-5.8988532765431	-6.20370785807152	-5.7062081986007	-6.7062081986007	-5.9692426044345	-6.20370785807152	-5.83173908068456	-6.59073098118077	-5.9692426044345	-6.59073098118077	-6.48381577726426	-6.12124569787955	-6.20370785807152	-6.20370785807152	-5.9692426044345	-6.38428010371334	-6.7062081986007	-6.04324318587827	-6.59073098118077	-5.9692426044345	-5.59073098118077	-6.83173908068456	-5.8988532765431	-6.12124569787955	-7.7062081986007	-6.04324318587827	-7.29117069932186	-5.9692426044345	-6.59073098118077	-3.93361869470378	-5.8988532765431	-7.12124569787955	-6.83173908068456	-6.12124569787955	-6.7062081986007	-6.38428010371334	-7.12124569787955	-6.48381577726426	-6.9692426044345	-6.83173908068456	-5.9692426044345	-6.59073098118077	-5.9692426044345	-6.48381577726426	-6.04324318587827	-6.04324318587827	-5.9692426044345	NA	-3.23588826382067	-5.9692426044345	-5.9692426044345	-5.8988532765431	-6.04324318587827	-6.59073098118077	-6.29117069932186	NA	NA	NA	NA	NA	NA	NA	NA	NA	NA	NA	NA	NA	NA	NA	-7.12124569787955	NA	NA	NA	NA	NA	NA	NA	NA	-4.8988532765431	NA	-8.29117069932186	NA	NA	NA	NA	NA	NA	NA	NA	-8.7062081986007	NA	-8.7062081986007	NA	-8.29117069932186	NA	NA	NA	NA	NA	NA	NA	NA	NA	NA	NA	NA	NA	NA	NA	NA	-9.29117069932186	NA	-8.7062081986007	NA	NA	NA	NA	NA	NA	-9.29117069932186	NA	NA	NA	NA	-9.29117069932186	NA	NA	NA	NA	NA	NA	NA	NA	NA	NA	NA	NA	NA	NA	NA	NA	NA	NA	NA	NA	NA	-9.29117069932186	NA	NA	NA	NA	NA	-8.29117069932186	NA	NA	NA	NA	NA	NA	NA	NA	NA	NA	NA	NA	NA	NA	NA	NA	NA	NA	NA	NA	NA	NA	NA	NA	-9.29117069932186	NA	NA	NA	NA	NA	NA	NA	NA	NA	NA	NA	NA	NA	NA	NA	NA	NA	NA	NA	NA	NA	NA	NA	NA	NA	NA	NA	NA	NA	NA	NA	NA	NA	NA	NA	NA	NA	NA	NA	NA	NA	NA	NA	NA	NA	NA	NA	NA	NA	NA	NA	NA	NA	NA	NA
VIVO7_FEC_VLP_JUN14_F23	NA	-9.64205169292798	-8.37901728709418	-9.96397978781534	-9.96397978781534	NA	-6.44041783175833	-5.98669986431542	-5.66019903963824	-5.66019903963824	-6.53771503311324	-5.73516109731946	-6.0813367384535	-5.58894035646841	-6.75452642218639	-5.85545533103717	-6.05708919220682	-5.77415522893532	-6.4093909361377	-5.85545533103717	-6.50454816917804	-6.60642778319726	-5.83469677087037	-6.03324245025245	-6.23605933325214	-5.73516109731946	-6.0813367384535	-6.26354006967425	-5.91958566845689	-6.53771503311324	-5.77415522893532	-5.67857756895309	-6.4093909361377	-5.83469677087037	-5.64205169292798	-7.32012359804061	-5.85545533103717	-7.00978347742846	-5.83469677087037	-6.71605227437175	-5.60642778319726	-5.81423266831066	-6.75452642218639	-6.60642778319726	-5.94161197478688	-6.60642778319726	-6.23605933325214	-6.57166236503658	-6.64205169292798	-6.50454816917804	-6.60642778319726	-5.94161197478688	-6.57166236503658	-5.83469677087037	-6.44041783175833	-5.79405478637303	-6.1310897736506	-5.73516109731946	-6.83469677087037	-4.81423266831066	-5.77415522893532	-5.96397978781534	-5.77415522893532	-5.85545533103717	-6.20909228565187	-6.1310897736506	-10.9639797878153	NA	-10.3790172870942	NA	NA	NA	-10.3790172870942	-10.9639797878153	-9.96397978781534	-10.3790172870942	NA	NA	-10.9639797878153	-10.9639797878153	NA	-8.96397978781534	-10.3790172870942	NA	NA	-8.96397978781534	NA	-10.3790172870942	-10.9639797878153	-10.3790172870942	-5.23605933325214	-9.96397978781534	-9.37901728709418	-10.3790172870942	NA	-10.3790172870942	-9.96397978781534	-9.64205169292798	-10.3790172870942	-10.3790172870942	-9.96397978781534	-9.64205169292798	-9.64205169292798	NA	NA	-9.37901728709418	-9.64205169292798	-10.3790172870942	-10.3790172870942	NA	-9.96397978781534	-9.15662486575773	-10.3790172870942	-10.3790172870942	-9.96397978781534	-9.96397978781534	-9.96397978781534	NA	NA	-9.37901728709418	-9.15662486575773	NA	NA	-10.9639797878153	-10.3790172870942	-10.3790172870942	-9.37901728709418	NA	-10.3790172870942	NA	-10.9639797878153	-10.3790172870942	-10.9639797878153	-10.9639797878153	-10.9639797878153	NA	-9.96397978781534	NA	-10.9639797878153	NA	NA	NA	-8.79405478637303	NA	NA	NA	-10.3790172870942	NA	NA	NA	NA	NA	NA	NA	-9.64205169292798	-10.3790172870942	-9.96397978781534	NA	-10.3790172870942	-10.9639797878153	NA	-10.9639797878153	NA	-10.9639797878153	-9.64205169292798	NA	-10.9639797878153	NA	-9.96397978781534	NA	NA	NA	NA	NA	NA	NA	NA	NA	NA	NA	NA	NA	-10.9639797878153	NA	NA	NA	NA	NA	-10.9639797878153	-9.96397978781534	NA	NA	NA	NA	NA	NA	NA	NA	-10.3790172870942	-11.9639797878153	-10.3790172870942	-10.9639797878153	-10.9639797878153	-10.9639797878153	-10.3790172870942	-10.9639797878153	-10.9639797878153	-10.3790172870942	-10.3790172870942	-10.9639797878153	-10.3790172870942	-10.9639797878153	-10.9639797878153	-10.3790172870942	-10.9639797878153	-10.9639797878153	-10.9639797878153	-9.96397978781534	NA	NA	NA	NA	NA	NA	NA	NA	NA	NA	NA	NA	NA	NA	NA	NA	NA	NA	NA	NA	NA	NA	NA	NA	NA	NA	NA
VIVO7_FEC_VLP_JUN14_F24	NA	-7.47843258056735	-5.84100265995206	-6.84100265995206	-8.64835758200967	NA	-6.84100265995206	-6.3264294871223	-6.06339508128851	-6.00450139223494	-6.84100265995206	-6.00450139223494	-6.47843258056735	-5.94791786386857	-6.94791786386857	-6.2560401592309	-6.12479562595265	-6.00450139223494	-6.74146698640115	-6.2560401592309	-6.74146698640115	-6.74146698640115	-6.00450139223494	-6.3264294871223	-6.47843258056735	-6.2560401592309	-6.56089474075933	-6.56089474075933	-6.40043006856608	-6.64835758200967	-5.94791786386857	-5.8934700798462	-6.84100265995206	-6.3264294871223	-5.84100265995206	-7.84100265995206	-6.12479562595265	-7.47843258056735	-6.12479562595265	-6.84100265995206	-3.85394171565956	-5.8934700798462	-7.06339508128851	-6.84100265995206	-6.3264294871223	-6.56089474075933	-6.74146698640115	-6.94791786386857	-7.06339508128851	-6.74146698640115	-6.84100265995206	-6.18892596337237	-6.94791786386857	-6.2560401592309	-6.74146698640115	-6.12479562595265	-6.3264294871223	-6.00450139223494	NA	-2.8934700798462	-6.12479562595265	-6.00450139223494	-6.06339508128851	-6.18892596337237	-6.64835758200967	-6.40043006856608	NA	NA	NA	NA	NA	NA	NA	NA	NA	NA	NA	NA	NA	NA	NA	-6.06339508128851	NA	NA	-8.64835758200967	NA	NA	NA	NA	NA	-5.47843258056735	NA	-7.3264294871223	NA	NA	NA	NA	NA	NA	NA	-9.06339508128851	-7.84100265995206	-8.64835758200967	-8.06339508128851	NA	-8.3264294871223	NA	NA	NA	NA	NA	NA	NA	NA	NA	NA	NA	NA	NA	NA	-9.64835758200967	NA	-10.6483575820097	NA	-9.64835758200967	NA	NA	NA	NA	NA	NA	-9.06339508128851	NA	NA	NA	NA	NA	NA	NA	NA	NA	NA	NA	NA	NA	NA	-9.64835758200967	-9.64835758200967	NA	NA	NA	NA	NA	NA	NA	NA	NA	-7.84100265995206	NA	NA	NA	NA	NA	-8.64835758200967	-7.84100265995206	NA	NA	NA	-9.64835758200967	NA	NA	NA	NA	NA	NA	-7.84100265995206	NA	NA	NA	NA	NA	NA	NA	NA	NA	NA	NA	NA	NA	NA	NA	NA	NA	NA	NA	NA	NA	NA	NA	NA	NA	NA	NA	NA	NA	NA	NA	NA	NA	NA	NA	NA	NA	NA	NA	NA	NA	NA	NA	NA	NA	NA	NA	NA	NA	NA	NA	NA	NA	NA	NA	NA	NA	NA	NA	NA	NA	NA	NA	NA	NA	NA	NA	NA	NA
VIVO7_FEC_VLP_JUN14_M20	NA	-8.1006623390052	-6.29330741694759	-7.61523551183496	-8.8376279331714	NA	-6.66770293172909	-6.33512759264222	-6.0302730111138	-5.93073733756289	-6.72215071575147	-5.99632567919046	-6.46839412350569	-5.8376279331714	-6.96315881525526	-6.1006623390052	-6.25266543245025	-5.89902847783555	-6.77873424411784	-6.21313706826361	-6.72215071575147	-6.72215071575147	-6.17466292044898	-6.37819631453411	-6.37819631453411	-6.0302730111138	-6.29330741694759	-6.46839412350569	-6.17466292044898	-6.66770293172909	-5.93073733756289	-5.8376279331714	-6.77873424411784	-6.13718821503031	-5.93073733756289	-7.42259043389256	-6.17466292044898	-7.33512759264222	-6.06503842927448	-6.8376279331714	-4.27284331438788	-5.93073733756289	-7.1006623390052	-6.77873424411784	-6.29330741694759	-6.96315881525526	-6.37819631453411	-6.96315881525526	-6.8376279331714	-6.8376279331714	-6.8376279331714	-6.0302730111138	-6.96315881525526	-6.17466292044898	-6.72215071575147	-6.25266543245025	-6.25266543245025	-5.93073733756289	NA	-3.30884826784337	-5.99632567919046	-6.17466292044898	-6.06503842927448	-6.13718821503031	-6.61523551183496	-6.46839412350569	NA	NA	NA	NA	NA	NA	NA	NA	NA	NA	NA	NA	NA	NA	NA	-6.72215071575147	NA	NA	NA	-10.4225904338926	NA	NA	NA	NA	-3.96315881525526	NA	-8.1006623390052	NA	NA	NA	NA	NA	NA	-8.61523551183496	-9.42259043389256	-8.61523551183496	-7.61523551183496	-8.61523551183496	-9.42259043389256	-8.1006623390052	-8.61523551183496	NA	NA	NA	NA	NA	NA	NA	NA	NA	NA	NA	NA	NA	NA	NA	-9.42259043389256	NA	-9.8376279331714	NA	NA	NA	NA	NA	NA	-8.8376279331714	NA	-9.42259043389256	NA	NA	-9.42259043389256	NA	NA	NA	NA	NA	-9.8376279331714	NA	NA	NA	-9.42259043389256	NA	NA	-9.8376279331714	NA	NA	-10.4225904338926	NA	NA	NA	NA	-9.1006623390052	-9.8376279331714	-9.8376279331714	NA	-10.4225904338926	-9.8376279331714	-9.8376279331714	-8.61523551183496	-10.4225904338926	-9.8376279331714	NA	-9.42259043389256	NA	NA	NA	NA	NA	NA	-10.4225904338926	NA	NA	NA	NA	NA	NA	NA	NA	NA	NA	NA	NA	NA	-9.1006623390052	NA	NA	-10.4225904338926	NA	NA	NA	NA	NA	NA	NA	NA	-11.4225904338926	NA	NA	NA	NA	NA	NA	NA	NA	NA	NA	NA	NA	NA	NA	NA	NA	-11.4225904338926	NA	NA	NA	NA	NA	NA	NA	NA	NA	NA	NA	NA	NA	NA	NA	NA	NA	NA	NA	NA	NA	NA	NA	NA	NA	NA
VIVO7_FEC_VLP_JUN21_F21	NA	-10.3855928136014	-9.38559281360136	-10.3855928136014	-10.063664718714	NA	-6.47870221799284	-6.063664718714	-5.77088296948615	-5.77088296948615	-6.21566781215905	-5.74173662382664	-6.13766530015778	-5.64412582720022	-6.77088296948615	-5.90985938263496	-5.9932753908226	-5.87779817340267	-6.50294976423952	-6.04574281071674	-6.50294976423952	-6.68515309546027	-5.9932753908226	-6.08181206542426	-6.063664718714	-5.84643400249333	-6.19576825472135	-6.43139650321449	-5.87779817340267	-6.57823789154376	-5.75623619352175	-5.71316747162987	-6.47870221799284	-6.04574281071674	-5.72738133084957	-7.34119869424291	-5.80063031288021	-7.063664718714	-5.65767235903816	-6.83100396192373	-5.72738133084957	-5.94264931775263	-6.77088296948615	-6.71316747162987	-5.9932753908226	-6.68515309546027	-6.19576825472135	-6.63070531143789	-6.77088296948615	-6.47870221799284	-6.74173662382664	-5.87779817340267	-6.63070531143789	-5.78567997141423	-6.50294976423952	-5.97620187746366	-6.15677412310548	-5.71316747162987	-6.80063031288021	-4.84643400249333	-5.84643400249333	-5.94264931775263	-5.84643400249333	-6.02804080898328	-6.43139650321449	-6.23584569409668	-9.57823789154376	NA	-9.57823789154376	NA	NA	-10.3855928136014	-9.38559281360136	-10.063664718714	-9.57823789154376	-10.063664718714	-10.3855928136014	-10.3855928136014	-10.063664718714	-10.3855928136014	NA	-9.21566781215905	-9.57823789154376	NA	NA	-8.68515309546027	NA	-10.3855928136014	-10.3855928136014	-10.063664718714	-9.063664718714	-9.57823789154376	-10.063664718714	-9.57823789154376	-10.3855928136014	-9.80063031288021	-9.57823789154376	-9.57823789154376	-9.38559281360136	-11.3855928136014	-10.8006303128802	-9.063664718714	-9.21566781215905	-10.3855928136014	-11.3855928136014	-9.21566781215905	-10.8006303128802	-9.38559281360136	-9.80063031288021	-9.80063031288021	-9.57823789154376	-8.68515309546027	-9.80063031288021	NA	-9.21566781215905	-9.57823789154376	-9.57823789154376	-10.063664718714	-11.3855928136014	-8.68515309546027	-9.063664718714	NA	-10.063664718714	-10.8006303128802	-10.063664718714	-9.80063031288021	-9.063664718714	NA	-9.80063031288021	-10.063664718714	-10.3855928136014	-9.80063031288021	-10.8006303128802	-9.80063031288021	-10.3855928136014	-10.8006303128802	-9.80063031288021	-10.8006303128802	-11.3855928136014	NA	-10.8006303128802	-10.3855928136014	-8.47870221799284	-10.8006303128802	NA	-10.8006303128802	-10.063664718714	-11.3855928136014	-10.8006303128802	-10.063664718714	-10.3855928136014	-11.3855928136014	-9.80063031288021	-10.3855928136014	-9.38559281360136	-10.063664718714	-9.38559281360136	-9.57823789154376	-10.063664718714	-10.3855928136014	-10.3855928136014	-9.38559281360136	NA	-10.8006303128802	-10.063664718714	-10.8006303128802	-9.80063031288021	NA	-9.38559281360136	NA	NA	NA	NA	NA	NA	NA	NA	-10.8006303128802	-10.8006303128802	NA	NA	NA	-10.8006303128802	NA	NA	NA	NA	NA	-10.063664718714	-9.38559281360136	NA	NA	NA	NA	-10.3855928136014	-10.8006303128802	-10.8006303128802	NA	-10.063664718714	NA	-10.3855928136014	NA	-10.063664718714	-11.3855928136014	-9.57823789154376	-10.3855928136014	-10.8006303128802	-10.063664718714	-10.3855928136014	NA	-10.063664718714	-9.57823789154376	-9.57823789154376	-9.80063031288021	-10.063664718714	-10.063664718714	-10.3855928136014	-9.57823789154376	-12.3855928136014	-10.3855928136014	-11.3855928136014	-11.3855928136014	-10.8006303128802	-10.8006303128802	-10.063664718714	-11.3855928136014	-10.3855928136014	-11.3855928136014	-10.8006303128802	-10.063664718714	-11.3855928136014	-10.8006303128802	-10.3855928136014	-10.063664718714	-10.8006303128802	-11.3855928136014	-9.80063031288021	-10.063664718714	NA	NA	NA	NA	NA	NA	NA
VIVO7_FEC_VLP_JUN21_F22	NA	NA	NA	NA	NA	NA	-5.86830813328947	-6.28334563256831	-6.13134253912326	-5.5463800384021	-6.28334563256831	-5.99383901537333	-6.13134253912326	-6.64591571195302	-5.86830813328947	-5.75283091586953	-6.28334563256831	-5.13134253912326	-6.64591571195302	-5.75283091586953	-6.64591571195302	-5.99383901537333	-6.86830813328947	-5.75283091586953	-5.75283091586953	-5.86830813328947	-5.86830813328947	-6.64591571195302	-5.86830813328947	-5.99383901537333	-5.86830813328947	-4.59528963888305	-7.86830813328947	-6.45327063401062	-6.64591571195302	-7.13134253912326	-6.13134253912326	-8.45327063401062	-5.06095321123186	-6.13134253912326	-4.40887651465217	-5.64591571195302	-7.13134253912326	-6.64591571195302	-5.86830813328947	-6.45327063401062	-6.45327063401062	-7.45327063401062	-5.64591571195302	-6.86830813328947	-7.13134253912326	-5.86830813328947	-6.45327063401062	-5.86830813328947	-6.86830813328947	-6.45327063401062	-5.45327063401062	-5.99383901537333	NA	-3.57062758464878	-5.99383901537333	-5.06095321123186	-5.75283091586953	-6.64591571195302	-7.13134253912326	-6.45327063401062	NA	NA	NA	NA	NA	NA	NA	NA	NA	NA	NA	NA	NA	NA	NA	NA	NA	NA	NA	NA	NA	NA	NA	NA	-5.13134253912326	NA	NA	NA	NA	NA	NA	NA	NA	NA	NA	NA	NA	NA	NA	NA	NA	NA	NA	NA	NA	NA	NA	NA	NA	NA	NA	NA	NA	NA	NA	NA	NA	NA	NA	NA	NA	NA	NA	NA	NA	NA	NA	NA	NA	NA	NA	NA	NA	NA	NA	NA	NA	NA	NA	NA	NA	NA	NA	NA	NA	NA	NA	NA	NA	NA	NA	NA	NA	NA	NA	NA	NA	NA	NA	NA	NA	NA	NA	NA	NA	NA	NA	NA	NA	NA	NA	NA	NA	NA	NA	NA	NA	NA	NA	NA	NA	NA	NA	NA	NA	NA	NA	NA	NA	NA	NA	NA	NA	NA	NA	NA	NA	NA	NA	NA	NA	NA	NA	NA	NA	NA	NA	NA	NA	NA	NA	NA	NA	NA	NA	NA	NA	NA	NA	NA	NA	NA	NA	NA	NA	NA	NA	NA	NA	NA	NA	NA	NA	NA	NA	NA	NA	NA	NA
VIVO7_FEC_VLP_JUN21_F23	NA	-9.75285847881391	-8.91635721109679	-9.85977368273042	-9.0366514448145	NA	-6.53784558784306	-6.10900228903919	-5.75285847881391	-5.81202055128206	-6.32180866154644	-5.85977368273042	-6.22036339798689	-5.76579753452141	-6.88778805890002	-5.97525090015036	-6.09260785078852	-5.91635721109679	-6.45168894409335	-6.06836030454184	-6.5829334773716	-6.64135016359692	-5.90200191811972	-6.15082246473381	-6.09260785078852	-5.86672644337219	-6.23828530598415	-6.43093038392655	-5.85285426879063	-6.72732338670677	-5.76579753452141	-5.88778805890002	-6.52679039933407	-5.96030055868439	-5.77231084148008	-7.23828530598415	-5.90200191811972	-7.02105458976348	-5.79866216842704	-6.93085678079191	-5.29811855550134	-5.98278457283577	-6.76579753452141	-6.76579753452141	-6.12558517323479	-6.62947606330863	-6.23828530598415	-6.60601709048464	-6.83229294630832	-6.3902883994292	-6.74003443845633	-5.96775636360343	-6.64135016359692	-5.93085678079191	-6.50493096537033	-6.07639762360726	-6.25643265269441	-5.77885368734686	-6.96030055868439	-4.5829334773716	-5.85285426879063	-6.02105458976348	-5.85285426879063	-6.05241876067282	-6.47275055962118	-6.23828530598415	-10.3902883994292	NA	-10.7528584788139	NA	-12.5602134008715	-10.9752509001504	-10.5602134008715	-10.5602134008715	-10.7528584788139	-10.7528584788139	-11.2382853059842	-11.2382853059842	-11.2382853059842	-11.2382853059842	-11.9752509001504	-8.91635721109679	-10.5602134008715	NA	NA	-9.23828530598415	NA	-10.7528584788139	-10.5602134008715	-10.7528584788139	-7.67757035150967	-10.1007817822342	-9.85977368273042	-10.5602134008715	-11.2382853059842	-10.7528584788139	-10.1007817822342	-10.2382853059842	-10.3902883994292	-10.9752509001504	-9.653322805263	-8.60601709048464	-8.653322805263	-9.653322805263	-10.1007817822342	-8.06836030454184	-12.5602134008715	-10.3902883994292	-10.2382853059842	-10.7528584788139	-10.2382853059842	-9.47275055962118	-10.3902883994292	-11.2382853059842	-9.97525090015036	-10.3902883994292	-10.3902883994292	-10.2382853059842	-11.5602134008715	-9.47275055962118	-9.653322805263	NA	-8.97525090015036	-10.9752509001504	-8.91635721109679	-8.56021340087151	-9.85977368273042	-9.31228588742793	-10.3902883994292	-9.31228588742793	-11.9752509001504	-9.23828530598415	-9.23828530598415	-9.16789597809275	-10.7528584788139	-10.1007817822342	-9.10078178223422	-9.31228588742793	-9.653322805263	-11.5602134008715	-9.653322805263	-9.23828530598415	-9.16789597809275	-9.75285847881391	-7.41046628136683	-9.97525090015036	-8.80532589870805	-10.2382853059842	-10.1007817822342	-8.97525090015036	-10.9752509001504	-9.97525090015036	-9.56021340087151	-9.56021340087151	-10.3902883994292	-9.16789597809275	-10.3902883994292	-9.3902883994292	-8.85977368273042	-9.0366514448145	-9.85977368273042	-9.3902883994292	NA	-9.23828530598415	-9.47275055962118	-9.47275055962118	-10.9752509001504	NA	-10.5602134008715	NA	NA	NA	NA	NA	NA	NA	NA	NA	-9.23828530598415	NA	NA	NA	-9.97525090015036	NA	NA	NA	NA	NA	-10.9752509001504	-10.3902883994292	NA	NA	-10.2382853059842	NA	-9.31228588742793	-10.2382853059842	-10.3902883994292	-11.9752509001504	-10.7528584788139	-11.2382853059842	-10.9752509001504	-10.7528584788139	-11.2382853059842	-10.9752509001504	-10.7528584788139	-10.5602134008715	-11.2382853059842	-11.2382853059842	-10.7528584788139	-11.5602134008715	-10.5602134008715	-10.9752509001504	-10.7528584788139	-10.3902883994292	-10.9752509001504	-10.9752509001504	-11.5602134008715	-10.5602134008715	-11.9752509001504	-10.9752509001504	-10.9752509001504	-11.2382853059842	-11.9752509001504	-10.9752509001504	-11.2382853059842	-10.1007817822342	-11.5602134008715	-11.9752509001504	-11.2382853059842	-11.2382853059842	-9.653322805263	-11.2382853059842	-11.5602134008715	-10.9752509001504	-11.5602134008715	-11.2382853059842	-11.2382853059842	-11.5602134008715	-10.9752509001504	NA	NA	NA	NA	NA	NA
VIVO7_FEC_VLP_JUN21_F24	NA	-10.007027266894	-9.22941968823042	-10.007027266894	-9.35495057031427	NA	-6.49245409406421	-6.04619786417465	-5.78095918741412	-5.82569750217941	-6.81438218895157	-5.79201437592312	-6.15617070619978	-5.78095918741412	-6.956401193824	-5.956401193824	-5.9688921380072	-5.99420322653638	-6.42206476617281	-6.03302247542691	-6.51060144077447	-6.66463506944689	-5.88364485138869	-6.04619786417465	-6.22941968823042	-5.87186768361233	-6.19967234483636	-6.43934275760465	-5.88364485138869	-6.7058577321734	-5.75909975345038	-5.90749159334305	-6.42206476617281	-5.94401746936817	-5.72691934770123	-7.3225290926219	-5.91956442564363	-6.98149217478683	-5.82569750217941	-6.93173913958973	-5.17775756840792	-5.94401746936817	-6.79201437592312	-6.72691934770123	-6.10013667128545	-6.58556349845569	-6.22941968823042	-6.56645467550799	-6.81438218895157	-6.38811743424947	-6.7058577321734	-5.956401193824	-6.62455763007156	-5.89551895167698	-6.51060144077447	-6.00702726689397	-6.24452658062062	-5.78095918741412	-7.03302247542691	-4.29082023289456	-5.87186768361233	-6.14195684698008	-5.8601858785647	-5.99420322653638	-6.38811743424947	-6.3225290926219	-10.007027266894	NA	-10.4924540940642	NA	NA	-11.2294196882304	-10.4924540940642	-10.4924540940642	-10.4924540940642	-10.8143821889516	-11.8143821889516	-11.8143821889516	-11.8143821889516	-11.2294196882304	NA	-8.90749159334305	-10.4924540940642	NA	NA	-9.11394247081048	NA	-10.2294196882304	-10.8143821889516	-11.2294196882304	-8.56645467550799	-10.007027266894	-10.2294196882304	-10.8143821889516	-11.2294196882304	-10.8143821889516	-10.007027266894	-10.007027266894	-10.4924540940642	-10.4924540940642	-10.2294196882304	-8.64445718750926	-8.64445718750926	-10.007027266894	-10.8143821889516	-8.29082023289456	NA	-10.4924540940642	-10.2294196882304	-10.4924540940642	-10.2294196882304	-9.35495057031427	-10.4924540940642	NA	-10.007027266894	-10.4924540940642	-10.2294196882304	-10.4924540940642	NA	-9.64445718750926	-10.007027266894	NA	-9.22941968823042	-10.8143821889516	-9.35495057031427	-8.49245409406421	-10.007027266894	-9.35495057031427	-10.2294196882304	-9.49245409406421	-11.8143821889516	-9.22941968823042	-9.22941968823042	-8.90749159334305	-10.8143821889516	-10.007027266894	-9.35495057031427	-9.22941968823042	-9.81438218895157	-11.8143821889516	-9.35495057031427	-9.22941968823042	-9.11394247081048	-9.64445718750926	-7.45683018433349	-10.007027266894	-9.22941968823042	-10.4924540940642	-10.4924540940642	-9.35495057031427	-11.2294196882304	-10.2294196882304	-9.64445718750926	-9.49245409406421	-10.2294196882304	-9.00702726689397	-10.4924540940642	-9.35495057031427	-9.11394247081048	-9.49245409406421	-10.2294196882304	-9.49245409406421	NA	-9.64445718750926	-10.007027266894	-10.007027266894	-10.4924540940642	NA	-10.2294196882304	NA	NA	NA	NA	NA	NA	NA	NA	-11.2294196882304	-9.11394247081048	NA	NA	NA	-10.007027266894	NA	NA	NA	NA	NA	-10.4924540940642	-10.2294196882304	NA	NA	-10.8143821889516	NA	-9.00702726689397	-10.4924540940642	-10.2294196882304	NA	-10.8143821889516	-11.8143821889516	-11.2294196882304	-11.2294196882304	-11.2294196882304	NA	-10.8143821889516	-11.2294196882304	-11.8143821889516	-10.8143821889516	NA	-10.8143821889516	-10.8143821889516	-11.2294196882304	-10.8143821889516	-10.8143821889516	-10.8143821889516	-10.8143821889516	NA	-10.4924540940642	NA	NA	-11.8143821889516	NA	-11.2294196882304	-10.8143821889516	-11.2294196882304	-10.007027266894	-11.8143821889516	NA	-11.8143821889516	-11.2294196882304	-9.64445718750926	-11.8143821889516	-11.8143821889516	-10.8143821889516	-11.8143821889516	-11.8143821889516	-10.8143821889516	-11.2294196882304	-10.4924540940642	NA	NA	NA	NA	NA	NA
VIVO7_FEC_VLP_JUN21_M20	NA	NA	-9.36468185586456	NA	-9.7797193551434	NA	-6.23539883891959	-5.90525023722726	-5.53179184169982	-5.55732693380696	-6.36468185586456	-5.63676140130136	-5.90525023722726	-5.7797193551434	-6.55732693380696	-5.66424213772347	-5.90525023722726	-5.60979435370109	-6.27721901461422	-5.7797193551434	-6.23539883891959	-6.41048554547768	-5.7797193551434	-5.7797193551434	-6.07927963700231	-5.5833221423399	-6.00712985124648	-6.23539883891959	-5.66424213772347	-6.32028773650611	-5.63676140130136	-5.53179184169982	-6.23539883891959	-5.69225651389306	-5.74997201174935	-7.11675434242097	-5.63676140130136	-6.90525023722726	-5.55732693380696	-6.50670086073699	-5.93841710116246	-5.74997201174935	-6.66424213772347	-6.50670086073699	-5.90525023722726	-6.55732693380696	-5.93841710116246	-6.41048554547768	-6.50670086073699	-6.32028773650611	-6.50670086073699	-5.87282875953489	-6.41048554547768	-5.69225651389306	-6.27721901461422	-5.7797193551434	-5.9723644330858	-5.55732693380696	-6.60979435370109	-5.17485729698454	-5.63676140130136	-5.72082566608984	-5.55732693380696	-5.7797193551434	-6.27721901461422	-6.00712985124648	NA	NA	NA	NA	NA	NA	NA	NA	NA	NA	NA	NA	NA	NA	NA	-9.7797193551434	NA	NA	NA	-9.36468185586456	NA	NA	NA	NA	-7.90525023722726	NA	-10.3646818558646	NA	NA	NA	NA	NA	NA	NA	-10.3646818558646	-9.7797193551434	NA	-9.7797193551434	NA	-8.7797193551434	-8.36468185586456	NA	NA	NA	NA	-9.7797193551434	NA	NA	NA	NA	NA	NA	NA	-10.3646818558646	NA	NA	-10.3646818558646	NA	-9.7797193551434	-9.7797193551434	NA	-9.7797193551434	NA	NA	NA	-10.3646818558646	-10.3646818558646	NA	NA	NA	-9.36468185586456	NA	-10.3646818558646	NA	NA	NA	NA	NA	NA	NA	-9.7797193551434	NA	NA	-9.36468185586456	NA	NA	NA	NA	NA	-10.3646818558646	NA	NA	-9.36468185586456	NA	NA	NA	NA	-10.3646818558646	NA	-10.3646818558646	NA	NA	NA	NA	NA	NA	NA	NA	NA	NA	NA	NA	NA	NA	NA	NA	NA	NA	NA	NA	NA	NA	NA	NA	NA	NA	NA	NA	NA	NA	NA	NA	NA	NA	NA	NA	NA	NA	NA	NA	NA	NA	NA	NA	NA	NA	NA	NA	NA	NA	NA	NA	NA	NA	-10.3646818558646	NA	NA	NA	NA	NA	NA	NA	NA	NA	NA	NA	NA	NA	NA	NA	NA	NA	NA	NA	NA	NA	NA	NA	NA
VIVO7_FEC_VLP_JUN25_F21	NA	-7.96650545190574	-6.71857793846216	-7.64457735701838	-8.64457735701838	NA	-6.10852445677817	-6.50707383326844	-6.32264926213102	-5.8790426106554	-6.21161794974227	-6.01230914151887	-6.44294349584873	-6.32264926213102	-5.92211133254729	-6.10852445677817	-6.57418802912698	-5.4119166002281	-7.05961485629722	-6.38154295118458	-6.79658045046343	-6.38154295118458	-6.71857793846216	-6.26606573376465	-6.01230914151887	-6.21161794974227	-6.57418802912698	-6.8790426106554	-6.21161794974227	-6.15915052984814	-6.05961485629722	-4.79658045046343	-7.50707383326844	-6.32264926213102	-6.44294349584873	-7.64457735701838	-6.44294349584873	-7.79658045046343	-5.54024069720364	-6.32264926213102	-5.03576811434286	-6.10852445677817	-7.64457735701838	-6.79658045046343	-6.15915052984814	-6.64457735701838	-6.79658045046343	-7.38154295118458	-5.44294349584873	-6.79658045046343	-7.15915052984814	-6.44294349584873	-6.96650545190574	-6.32264926213102	-6.8790426106554	-6.57418802912698	-5.64457735701838	-6.15915052984814	NA	-3.92211133254729	-6.15915052984814	-5.21161794974227	-6.05961485629722	-6.50707383326844	-7.05961485629722	-6.71857793846216	-9.38154295118458	NA	NA	NA	NA	-9.96650545190574	NA	NA	NA	NA	NA	NA	NA	NA	NA	-7.26606573376465	NA	NA	NA	NA	NA	NA	NA	NA	-3.60018323765993	-8.38154295118458	-8.64457735701838	NA	NA	NA	NA	NA	NA	NA	-9.38154295118458	-8.96650545190574	-8.96650545190574	-8.38154295118458	-9.96650545190574	-8.64457735701838	NA	NA	NA	NA	-8.96650545190574	-9.38154295118458	NA	NA	-8.96650545190574	NA	NA	NA	NA	-9.38154295118458	NA	NA	-9.38154295118458	NA	-9.96650545190574	NA	NA	NA	-8.64457735701838	NA	NA	NA	NA	NA	NA	NA	NA	NA	NA	NA	NA	NA	-8.64457735701838	NA	NA	NA	-9.96650545190574	NA	NA	-9.38154295118458	-9.38154295118458	NA	NA	NA	-8.38154295118458	NA	NA	NA	-8.64457735701838	-9.38154295118458	NA	NA	NA	NA	-8.38154295118458	NA	-8.96650545190574	NA	-8.64457735701838	NA	NA	NA	NA	NA	NA	NA	NA	NA	NA	NA	NA	NA	NA	NA	NA	NA	NA	NA	NA	-8.64457735701838	NA	NA	NA	NA	NA	NA	NA	NA	NA	-8.64457735701838	NA	-9.96650545190574	NA	NA	NA	NA	NA	-9.38154295118458	NA	NA	NA	NA	NA	NA	NA	NA	NA	NA	NA	-8.15915052984814	NA	NA	NA	NA	NA	NA	NA	NA	NA	NA	NA	NA	NA	NA	NA	NA	NA	NA	NA	NA	NA	NA	NA	NA	NA
VIVO7_FEC_VLP_JUN25_F22	NA	-7.27332938656167	-5.59525748144904	NA	NA	NA	-6.89481776330794	-6.78790255939143	-6.42533248000672	-6.34732996800545	-7.27332938656167	-6.68836688584052	-6.68836688584052	-6.20294005867028	-7.13582586281174	-6.42533248000672	-6.89481776330794	-6.13582586281174	-7.27332938656167	-6.59525748144904	-7.01029498072788	-6.89481776330794	-6.59525748144904	-6.68836688584052	-6.89481776330794	-6.59525748144904	-6.78790255939143	-6.89481776330794	-6.59525748144904	-6.89481776330794	-6.27332938656167	-5.84036997928557	-7.42533248000672	-6.27332938656167	-5.95140129167431	-8.01029498072788	-6.68836688584052	-7.78790255939143	-6.42533248000672	-6.89481776330794	-3.78790255939143	-6.5077946401987	-7.59525748144904	-7.27332938656167	-6.78790255939143	-7.27332938656167	-7.13582586281174	-7.13582586281174	-6.89481776330794	-7.13582586281174	-7.13582586281174	-6.5077946401987	-7.13582586281174	-6.68836688584052	-7.01029498072788	-6.5077946401987	-6.42533248000672	-6.13582586281174	NA	-2.81389776792438	-6.42533248000672	-6.59525748144904	-6.42533248000672	-6.42533248000672	-7.13582586281174	-6.78790255939143	NA	NA	NA	NA	NA	NA	NA	NA	NA	NA	NA	NA	NA	NA	NA	-6.13582586281174	NA	NA	NA	NA	NA	NA	NA	NA	-2.59525748144904	NA	-7.01029498072788	NA	NA	NA	NA	NA	NA	NA	NA	-8.01029498072788	-7.59525748144904	NA	-9.01029498072788	-9.01029498072788	-9.59525748144904	NA	NA	NA	NA	NA	NA	NA	NA	NA	NA	NA	NA	NA	NA	NA	NA	NA	NA	NA	NA	NA	NA	NA	NA	-9.01029498072788	NA	NA	NA	NA	NA	NA	NA	NA	NA	NA	NA	NA	NA	NA	NA	NA	NA	NA	NA	NA	NA	NA	NA	NA	NA	-8.59525748144904	NA	NA	NA	NA	NA	NA	-7.59525748144904	NA	NA	NA	NA	NA	NA	-7.78790255939143	NA	NA	NA	NA	NA	NA	NA	NA	NA	NA	NA	NA	NA	NA	NA	NA	NA	NA	NA	NA	NA	NA	NA	NA	NA	NA	NA	NA	NA	NA	NA	NA	NA	NA	NA	NA	NA	NA	NA	NA	NA	NA	NA	NA	NA	NA	NA	NA	NA	NA	NA	NA	NA	NA	NA	NA	NA	NA	NA	NA	NA	NA	NA	NA	NA	NA	NA	NA	NA	NA	NA	NA	NA
VIVO7_FEC_VLP_JUN25_F23	NA	-7.27922364393312	-5.69426114321197	-6.86418614465428	-8.44914864537544	NA	-7.12722055048807	-6.64179372331783	-6.27922364393312	-6.20122113193185	-6.98971702673814	-6.3616858041251	-6.86418614465428	-5.69426114321197	-7.44914864537544	-6.44914864537544	-6.3616858041251	-6.3616858041251	-7.12722055048807	-6.64179372331783	-6.64179372331783	-6.86418614465428	-6.27922364393312	-6.98971702673814	-6.86418614465428	-6.64179372331783	-6.98971702673814	-7.12722055048807	-6.54225804976692	-7.12722055048807	-6.12722055048807	-6.44914864537544	-7.12722055048807	-6.27922364393312	-5.64179372331783	-8.12722055048807	-6.27922364393312	-7.86418614465428	-6.3616858041251	-7.44914864537544	-4.12722055048807	-6.44914864537544	-7.27922364393312	-7.12722055048807	-6.44914864537544	-6.86418614465428	-6.98971702673814	-7.12722055048807	-7.44914864537544	-7.27922364393312	-6.98971702673814	-6.44914864537544	-7.12722055048807	-6.74870892723434	-6.74870892723434	-6.64179372331783	-6.64179372331783	-6.20122113193185	NA	-3.21074390605036	-6.27922364393312	-6.86418614465428	-6.3616858041251	-6.27922364393312	-6.74870892723434	-6.64179372331783	NA	NA	NA	NA	NA	NA	NA	NA	NA	NA	NA	NA	NA	NA	NA	-5.86418614465428	NA	NA	NA	NA	NA	NA	NA	NA	-2.57263169881044	NA	-6.98971702673814	NA	NA	NA	NA	NA	NA	-8.44914864537544	-7.86418614465428	-7.44914864537544	-7.44914864537544	-8.12722055048807	-9.44914864537544	-8.44914864537544	-8.86418614465428	NA	NA	NA	NA	NA	NA	NA	NA	NA	NA	NA	NA	NA	NA	NA	-8.86418614465428	NA	NA	NA	NA	NA	NA	NA	NA	NA	NA	NA	NA	NA	NA	NA	NA	NA	NA	NA	NA	NA	NA	NA	NA	-9.44914864537544	NA	NA	NA	NA	NA	NA	NA	NA	NA	-7.64179372331783	NA	NA	NA	NA	NA	NA	-7.64179372331783	NA	NA	NA	NA	NA	NA	NA	NA	NA	NA	NA	NA	NA	NA	NA	NA	NA	NA	NA	NA	NA	NA	NA	NA	NA	NA	NA	NA	NA	NA	NA	NA	NA	NA	NA	NA	NA	NA	NA	NA	NA	NA	NA	NA	NA	NA	NA	NA	NA	NA	NA	NA	NA	NA	NA	NA	NA	NA	NA	NA	NA	NA	NA	NA	NA	NA	NA	NA	NA	NA	NA	NA	NA	NA	NA	NA	NA	NA	NA	NA
VIVO7_FEC_VLP_JUN25_M20	NA	-8.81137469350994	-7.81137469350994	-8.48944659862258	-9.22641219278879	NA	-6.35194307487264	-6.11093497536885	-5.90448409790142	-5.81137469350994	-6.35194307487264	-5.7239118522596	-6.11093497536885	-5.7239118522596	-6.64144969206763	-6.00401977145234	-6.05648719134647	-5.60192132788099	-6.48944659862258	-5.90448409790142	-6.56344718006636	-6.56344718006636	-6.00401977145234	-6.11093497536885	-6.11093497536885	-5.81137469350994	-6.05648719134647	-6.48944659862258	-5.95339369838237	-6.48944659862258	-5.95339369838237	-5.45382268889186	-6.56344718006636	-6.05648719134647	-6.05648719134647	-7.35194307487264	-6.16751850373522	-7.22641219278879	-6.00401977145234	-6.64144969206763	-5.41905727073118	-5.90448409790142	-6.90448409790142	-6.56344718006636	-6.16751850373522	-6.7239118522596	-6.48944659862258	-7.00401977145234	-6.7239118522596	-6.90448409790142	-6.7239118522596	-5.76698057415149	-6.28781273745293	-5.95339369838237	-6.48944659862258	-5.95339369838237	-5.95339369838237	-5.85717838312307	-6.7239118522596	-4.50759394533284	-5.90448409790142	-5.76698057415149	-5.81137469350994	-6.11093497536885	-6.41905727073118	-6.11093497536885	NA	NA	NA	NA	NA	NA	NA	NA	NA	NA	NA	NA	NA	NA	NA	-8.00401977145234	NA	NA	NA	NA	NA	NA	NA	NA	-3.22641219278879	NA	-9.22641219278879	NA	NA	NA	NA	NA	NA	NA	-9.81137469350994	-8.81137469350994	NA	NA	NA	-9.22641219278879	NA	NA	NA	NA	NA	NA	NA	NA	NA	NA	NA	NA	NA	NA	NA	NA	NA	NA	NA	NA	NA	NA	NA	NA	NA	-9.22641219278879	NA	NA	NA	NA	NA	NA	NA	NA	NA	NA	NA	NA	NA	NA	NA	NA	NA	NA	NA	NA	NA	NA	NA	NA	NA	-9.81137469350994	NA	NA	NA	NA	NA	NA	-9.81137469350994	-10.8113746935099	NA	NA	NA	NA	NA	NA	NA	NA	NA	NA	NA	NA	NA	NA	NA	NA	NA	NA	NA	NA	NA	NA	NA	NA	NA	NA	NA	NA	NA	NA	NA	NA	NA	NA	NA	NA	NA	NA	NA	NA	NA	NA	NA	NA	NA	NA	NA	NA	NA	NA	NA	NA	NA	NA	NA	NA	NA	NA	NA	NA	NA	NA	NA	NA	NA	NA	NA	NA	NA	NA	NA	NA	NA	NA	NA	NA	NA	NA	NA
VIVO7_FEC_VLP_JUN7_F15	NA	-7.15847910985164	-5.35824862222741	-7.92899726372887	-8.84653510353689	NA	-6.80700673935026	-6.18357009081447	-5.64142067363228	-5.95037091452143	-6.97206598562075	-5.97206598562075	-6.52460700864953	-5.401750260864	-7.15847910985164	-6.13381705561737	-6.401750260864	-5.97206598562075	-6.8465351035369	-6.26157260281574	-6.62414268220045	-6.97206598562075	-5.86671298547452	-6.34403476300771	-6.401750260864	-6.2091051829216	-6.52460700864953	-6.59019535027711	-6.23510039145455	-6.8465351035369	-5.69453201009184	-5.97206598562075	-6.62414268220045	-5.64142067363228	-5.1460953853958	-7.69453201009184	-5.92899726372887	-7.31602038683812	-6.31602038683812	-7.01646010497921	-4.4091297912296	-5.97206598562075	-6.88717708803424	-6.80700673935026	-6.2091051829216	-6.55702848634191	-6.31602038683812	-6.97206598562075	-7.06226379459233	-6.73105788611696	-6.62414268220045	-6.18357009081447	-7.01646010497921	-6.28853965041601	-6.65890810036112	-6.26157260281574	-6.31602038683812	-5.47730129387118	-7.2091051829216	-3.50866546478051	-5.78764141448333	-6.28853965041601	-5.99409229195075	-5.88717708803424	-6.52460700864953	-6.37260391520448	NA	-8.31602038683812	NA	-10.0164601049792	NA	NA	NA	NA	NA	NA	NA	NA	NA	NA	NA	-7.92899726372887	NA	NA	NA	NA	-7.69453201009184	NA	NA	NA	NA	NA	-7.15847910985164	NA	NA	NA	NA	NA	NA	NA	NA	-9.43149760425805	-9.2091051829216	NA	-11.0164601049792	-7.76853259153562	-7.69453201009184	NA	NA	NA	NA	NA	NA	NA	NA	NA	NA	NA	NA	NA	NA	-10.0164601049792	-9.43149760425805	NA	-9.69453201009184	NA	NA	NA	NA	NA	NA	-10.4314976042581	NA	NA	NA	NA	-9.43149760425805	NA	-9.43149760425805	NA	NA	NA	NA	NA	NA	NA	-9.01646010497921	NA	NA	-10.0164601049792	NA	NA	NA	NA	NA	NA	NA	-10.0164601049792	-9.69453201009184	-10.0164601049792	NA	NA	NA	-9.69453201009184	-7.69453201009184	-10.0164601049792	NA	-9.43149760425805	NA	-9.2091051829216	-7.01646010497921	-7.06226379459233	-8.84653510353689	-7.76853259153562	-9.2091051829216	-9.43149760425805	-10.0164601049792	NA	-10.0164601049792	-9.43149760425805	-9.43149760425805	-10.0164601049792	-10.0164601049792	-12.0164601049792	-9.43149760425805	-10.4314976042581	NA	NA	NA	NA	NA	NA	NA	-10.4314976042581	NA	NA	NA	NA	NA	NA	NA	NA	NA	NA	NA	NA	NA	NA	NA	NA	NA	NA	NA	NA	NA	NA	NA	NA	NA	NA	NA	NA	NA	NA	NA	NA	NA	NA	NA	NA	NA	NA	NA	NA	NA	NA	NA	NA	NA	NA	NA	NA	NA	NA	NA
VIVO7_FEC_VLP_JUN7_F16	NA	-6.87344411251538	-5.62551659907179	NA	-8.87344411251538	NA	-6.28848161179422	-6.41401249387808	-6.17300439437428	-5.87344411251538	-6.55151601762801	-6.06608919045777	-6.28848161179422	-6.70351911107306	-6.55151601762801	-5.87344411251538	-6.17300439437428	-5.62551659907179	-6.87344411251538	-5.78598127126504	-6.70351911107306	-6.28848161179422	-6.41401249387808	-6.41401249387808	-6.17300439437428	-5.96655351690686	-6.17300439437428	-6.55151601762801	-6.06608919045777	-6.28848161179422	-5.87344411251538	-5.28848161179422	-7.28848161179422	-5.87344411251538	-6.41401249387808	-7.55151601762801	-6.41401249387808	-7.55151601762801	-5.62551659907179	-6.55151601762801	-4.09208439899072	-5.96655351690686	-7.28848161179422	-6.70351911107306	-6.28848161179422	-6.70351911107306	-6.17300439437428	-7.06608919045777	-6.41401249387808	-6.87344411251538	-6.87344411251538	-6.41401249387808	-6.55151601762801	-6.06608919045777	-6.70351911107306	-6.28848161179422	-5.78598127126504	-5.78598127126504	NA	-3.05326515010019	-5.96655351690686	-5.78598127126504	-5.78598127126504	-6.28848161179422	-6.87344411251538	-6.41401249387808	NA	NA	NA	NA	NA	NA	NA	NA	NA	NA	NA	NA	NA	NA	NA	-6.41401249387808	NA	NA	NA	NA	NA	NA	NA	NA	NA	NA	-7.28848161179422	NA	NA	NA	NA	NA	NA	NA	NA	-7.87344411251538	NA	NA	NA	-8.28848161179422	-7.87344411251538	NA	NA	NA	NA	NA	NA	NA	NA	NA	NA	NA	NA	NA	NA	NA	NA	NA	NA	NA	NA	NA	NA	NA	NA	NA	NA	NA	NA	NA	NA	NA	NA	NA	NA	NA	NA	NA	NA	NA	NA	NA	NA	NA	NA	NA	NA	NA	NA	NA	NA	-7.87344411251538	NA	NA	NA	NA	NA	NA	-7.55151601762801	NA	NA	NA	NA	NA	-8.28848161179422	-7.06608919045777	NA	-9.87344411251538	NA	-8.87344411251538	NA	NA	NA	NA	NA	NA	NA	NA	NA	NA	NA	NA	NA	NA	NA	NA	NA	NA	NA	NA	NA	NA	NA	NA	NA	NA	NA	NA	NA	NA	NA	NA	NA	NA	NA	NA	NA	NA	NA	NA	NA	NA	NA	NA	NA	NA	NA	NA	NA	NA	NA	NA	NA	NA	NA	NA	NA	NA	NA	NA	NA	NA	NA	NA	NA	NA	NA	NA	NA
VIVO7_FEC_VLP_JUN7_M12	NA	-4.93369065495223	-3.93369065495223	-7.34872815423108	-7.51865315567339	NA	-7.71129823361579	-6.8182134375323	-6.05922153703609	-6.34872815423108	-7.51865315567339	-6.43119031442305	-7.19672506078603	-5.12633573289463	-7.93369065495223	-7.05922153703609	-7.19672506078603	-6.61176256006487	-7.19672506078603	-7.34872815423108	-6.93369065495223	-7.05922153703609	-6.43119031442305	-6.93369065495223	-6.8182134375323	-6.51865315567339	-7.05922153703609	-6.8182134375323	-6.71129823361579	-7.34872815423108	-5.71129823361579	-6.93369065495223	-7.51865315567339	-6.43119031442305	-4.61176256006487	-8.19672506078603	-6.34872815423108	-7.51865315567339	-6.34872815423108	-7.51865315567339	-3.83215262849017	-6.34872815423108	-7.19672506078603	-7.34872815423108	-6.93369065495223	-6.93369065495223	-7.51865315567339	-7.05922153703609	-7.71129823361579	-7.93369065495223	-7.05922153703609	-6.61176256006487	-7.51865315567339	-7.51865315567339	-6.93369065495223	-6.43119031442305	-6.93369065495223	-5.02680005934372	NA	-2.93369065495223	-6.34872815423108	-7.34872815423108	-6.43119031442305	-6.34872815423108	-6.71129823361579	-7.05922153703609	NA	-8.93369065495223	NA	NA	NA	NA	NA	NA	NA	NA	NA	NA	NA	NA	NA	-7.93369065495223	NA	NA	NA	NA	NA	NA	NA	NA	NA	NA	-4.71129823361579	NA	NA	NA	NA	NA	NA	NA	NA	-8.51865315567339	NA	-5.61176256006487	NA	-7.93369065495223	-9.51865315567339	NA	NA	NA	NA	NA	NA	NA	NA	NA	NA	NA	NA	NA	NA	NA	-8.93369065495223	NA	-8.93369065495223	NA	NA	NA	NA	NA	NA	NA	NA	NA	NA	NA	NA	NA	NA	NA	NA	NA	NA	NA	NA	NA	NA	NA	NA	NA	NA	NA	NA	NA	NA	NA	NA	-8.93369065495223	-9.51865315567339	NA	NA	NA	NA	NA	-5.30919979004444	NA	NA	NA	NA	NA	-8.51865315567339	-5.76376565350992	-9.51865315567339	-8.93369065495223	NA	-9.51865315567339	NA	NA	NA	NA	NA	NA	NA	NA	-9.51865315567339	NA	NA	NA	NA	NA	NA	NA	NA	NA	NA	NA	NA	NA	NA	NA	NA	NA	NA	NA	NA	NA	NA	NA	NA	NA	NA	NA	NA	NA	NA	NA	NA	NA	NA	NA	NA	NA	NA	NA	NA	NA	NA	NA	NA	NA	NA	NA	NA	NA	NA	NA	NA	NA	NA	NA	NA	NA	NA	NA	NA
VIVO7_FEC_VLP_JUN7_M13	NA	-6.40355989401632	-5.19299290807666	-7.44538006971094	-8.21091481607392	NA	-6.88898672118656	-6.57864660057441	-5.94788041024013	-6.21091481607392	-6.88898672118656	-6.21091481607392	-6.62595231535276	-5.51047509793283	-7.21091481607392	-6.36291790951897	-6.48844879160283	-6.00928095490427	-6.83240319282019	-6.48844879160283	-6.72548798890368	-6.72548798890368	-6.32338954533233	-6.62595231535276	-6.32338954533233	-6.36291790951897	-6.77795540879781	-6.72548798890368	-6.2849153975177	-6.72548798890368	-5.86041756898979	-6.00928095490427	-6.83240319282019	-5.97825405928365	-5.15780347961436	-7.83240319282019	-6.32338954533233	-7.44538006971094	-6.24744069209903	-7.00928095490427	-3.9403858736932	-6.04098981463161	-7.00928095490427	-7.00928095490427	-6.44538006971094	-6.72548798890368	-6.72548798890368	-7.07341129232398	-6.94788041024013	-7.07341129232398	-6.88898672118656	-6.36291790951897	-7.07341129232398	-6.44538006971094	-6.83240319282019	-6.48844879160283	-6.36291790951897	-5.6021055733984	NA	-3.04098981463161	-6.04098981463161	-6.24744069209903	-6.21091481607392	-6.24744069209903	-6.67486191583371	-6.67486191583371	NA	-8.21091481607392	NA	-8.72548798890368	NA	NA	NA	NA	NA	NA	NA	NA	NA	NA	NA	-7.94788041024013	NA	NA	NA	NA	NA	NA	NA	NA	NA	NA	-6.32338954533233	NA	NA	NA	NA	NA	NA	-8.53284291096128	-9.53284291096128	-9.21091481607392	-7.62595231535276	-7.07341129232398	-9.94788041024013	-7.94788041024013	-8.21091481607392	NA	NA	NA	NA	NA	NA	NA	NA	NA	NA	NA	NA	NA	NA	NA	NA	NA	-9.21091481607392	NA	NA	NA	NA	NA	NA	-9.21091481607392	NA	NA	NA	NA	-9.21091481607392	NA	NA	NA	NA	NA	NA	NA	NA	NA	-9.21091481607392	NA	NA	-9.53284291096128	NA	NA	NA	NA	NA	NA	NA	-10.5328429109613	NA	NA	NA	-10.5328429109613	NA	-9.53284291096128	-7.00928095490427	NA	NA	-8.94788041024013	NA	-9.21091481607392	-7.14052548818252	-6.14052548818252	-9.21091481607392	-8.21091481607392	-9.21091481607392	-9.94788041024013	-9.53284291096128	NA	-9.53284291096128	-9.21091481607392	-9.21091481607392	-10.5328429109613	NA	NA	-8.53284291096128	-10.5328429109613	NA	NA	NA	NA	NA	NA	NA	NA	NA	NA	NA	NA	NA	NA	NA	NA	NA	NA	NA	NA	NA	NA	NA	NA	NA	NA	NA	NA	NA	NA	NA	NA	NA	NA	NA	NA	NA	NA	NA	NA	NA	NA	NA	NA	NA	NA	NA	NA	NA	NA	NA	NA	NA	NA	NA	NA	NA	NA	NA
VIVO7_FEC_VLP_JUN7_M14	NA	-4.92949202454565	-3.96796617236029	NA	NA	NA	-7.59245703726808	-6.59245703726808	-6.00749453654692	-6.17741953798924	-7.59245703726808	-6.85549144310187	-7.59245703726808	-5.17741953798924	-8.17741953798924	-7.17741953798924	-6.59245703726808	-6.37006461593163	-7.17741953798924	-7.59245703726808	-6.85549144310187	-6.85549144310187	-6.37006461593163	-7.17741953798924	-6.59245703726808	-6.85549144310187	-7.59245703726808	-7.17741953798924	-6.85549144310187	-7.17741953798924	-5.47697981984814	-7.17741953798924	-7.17741953798924	-6.17741953798924	-4.31943854286166	NA	-6.59245703726808	-7.59245703726808	-6.59245703726808	-7.59245703726808	-3.56270969387403	-6.59245703726808	-7.17741953798924	-7.59245703726808	-6.59245703726808	-6.85549144310187	NA	-7.59245703726808	-8.17741953798924	NA	-7.17741953798924	-6.59245703726808	-8.17741953798924	-7.17741953798924	-6.59245703726808	-6.17741953798924	-6.85549144310187	-5.00749453654692	NA	-2.6228306863116	-6.59245703726808	-6.85549144310187	-6.37006461593163	-6.37006461593163	-6.85549144310187	-7.17741953798924	NA	-8.17741953798924	NA	NA	NA	NA	NA	NA	NA	NA	NA	NA	NA	NA	NA	-7.17741953798924	NA	NA	NA	NA	NA	NA	NA	NA	NA	NA	-5.0899566967389	NA	NA	NA	NA	NA	NA	NA	NA	NA	NA	NA	NA	-8.17741953798924	NA	NA	NA	NA	NA	NA	NA	NA	NA	NA	NA	NA	NA	NA	NA	NA	NA	NA	NA	NA	NA	NA	NA	NA	NA	NA	NA	NA	NA	NA	NA	NA	NA	NA	NA	NA	NA	NA	NA	NA	NA	NA	NA	NA	NA	NA	NA	NA	NA	NA	NA	NA	NA	NA	NA	NA	NA	NA	NA	NA	NA	-8.17741953798924	NA	NA	-7.17741953798924	-4.71798791935194	NA	-7.59245703726808	NA	-6.85549144310187	NA	NA	NA	NA	NA	NA	NA	NA	NA	NA	NA	NA	NA	NA	NA	NA	NA	NA	NA	NA	NA	NA	NA	NA	NA	NA	NA	NA	NA	NA	NA	NA	NA	NA	NA	NA	NA	NA	NA	NA	NA	NA	NA	NA	NA	NA	NA	NA	NA	NA	NA	NA	NA	NA	NA	NA	NA	NA	NA	NA	NA	NA	NA	NA	NA	NA	NA	NA	NA
VIVO7_FEC_VLP_MAY13_POOL_F2	NA	-6.36507258658788	-5.36507258658788	NA	NA	NA	-7.17242750864548	-6.85049941375812	-6.00250250720317	-6.36507258658788	-6.85049941375812	-6.36507258658788	-6.85049941375812	-6.17242750864548	-7.17242750864548	-6.58746500792433	-6.85049941375812	-6.17242750864548	-6.85049941375812	-6.58746500792433	-7.17242750864548	-6.58746500792433	-6.58746500792433	-6.85049941375812	-6.58746500792433	-6.58746500792433	-6.85049941375812	-7.17242750864548	-6.36507258658788	-6.85049941375812	-6.00250250720317	-6.00250250720317	-7.58746500792433	-6.17242750864548	-6.00250250720317	NA	-6.58746500792433	NA	-6.17242750864548	-7.17242750864548	-4.31444651351791	-6.36507258658788	-7.17242750864548	-7.17242750864548	-6.58746500792433	-6.85049941375812	-6.58746500792433	-7.17242750864548	-7.17242750864548	-7.17242750864548	-7.17242750864548	-6.36507258658788	-7.17242750864548	-6.85049941375812	-6.85049941375812	-6.36507258658788	-6.85049941375812	-5.71299589000819	NA	-3.2416901710826	-6.17242750864548	-6.36507258658788	-6.36507258658788	-6.36507258658788	-7.17242750864548	-6.85049941375812	NA	NA	NA	NA	NA	NA	NA	NA	NA	NA	NA	NA	NA	NA	NA	NA	NA	NA	NA	NA	-5.71299589000819	NA	NA	NA	-6.85049941375812	NA	-6.36507258658788	NA	NA	NA	NA	NA	NA	NA	NA	NA	NA	NA	NA	NA	NA	NA	NA	NA	NA	NA	NA	NA	NA	NA	NA	NA	NA	NA	NA	NA	NA	NA	NA	NA	NA	NA	NA	NA	NA	NA	NA	NA	NA	NA	NA	NA	NA	NA	NA	NA	NA	NA	NA	NA	NA	NA	NA	NA	NA	NA	NA	NA	NA	NA	NA	NA	NA	NA	NA	NA	NA	NA	NA	NA	NA	NA	NA	NA	NA	NA	NA	NA	NA	NA	NA	NA	NA	NA	NA	NA	NA	NA	NA	NA	NA	NA	NA	NA	NA	NA	NA	NA	NA	NA	NA	NA	NA	NA	NA	NA	NA	NA	NA	NA	NA	NA	NA	NA	NA	NA	NA	NA	NA	NA	NA	NA	NA	NA	NA	NA	NA	NA	NA	NA	NA	NA	NA	NA	NA	NA	NA	NA	NA	NA	NA	NA	NA	NA	NA	NA	NA	NA	NA
VIVO7_FEC_VLP_MAY16_F16	NA	-6.47167521439204	-4.88671271367089	NA	NA	NA	NA	-7.47167521439204	-6.88671271367089	-7.47167521439204	NA	NA	NA	-6.14974711950468	NA	-7.47167521439204	-7.47167521439204	-6.88671271367089	NA	-6.88671271367089	NA	-7.47167521439204	NA	NA	NA	NA	NA	-7.47167521439204	NA	NA	-6.88671271367089	-7.47167521439204	-8.47167521439204	-6.88671271367089	-6.47167521439204	NA	-7.47167521439204	NA	-8.47167521439204	NA	-2.26222184876309	-7.47167521439204	NA	NA	NA	NA	-7.47167521439204	-7.47167521439204	NA	NA	NA	-7.47167521439204	NA	NA	NA	-7.47167521439204	NA	-6.88671271367089	NA	-0.948113258335032	-7.47167521439204	-7.47167521439204	-7.47167521439204	-7.47167521439204	-8.47167521439204	-8.47167521439204	NA	NA	NA	NA	NA	NA	NA	NA	NA	NA	NA	NA	NA	NA	NA	NA	NA	NA	NA	NA	-4.66432029233444	NA	NA	NA	NA	NA	-7.47167521439204	NA	NA	NA	NA	NA	NA	NA	NA	NA	NA	NA	NA	NA	NA	NA	NA	NA	NA	NA	NA	NA	NA	NA	NA	NA	NA	NA	NA	NA	NA	NA	NA	NA	NA	NA	NA	NA	NA	NA	NA	NA	NA	NA	NA	NA	NA	NA	NA	NA	NA	NA	NA	NA	NA	NA	NA	NA	NA	NA	NA	NA	NA	NA	NA	NA	NA	NA	NA	NA	NA	NA	NA	NA	NA	NA	NA	NA	NA	NA	NA	NA	NA	NA	NA	NA	NA	NA	NA	NA	NA	NA	NA	NA	NA	NA	NA	NA	NA	NA	NA	NA	NA	NA	NA	NA	NA	NA	NA	NA	NA	NA	NA	NA	NA	NA	NA	NA	NA	NA	NA	NA	NA	NA	NA	NA	NA	NA	NA	NA	NA	NA	NA	NA	NA	NA	NA	NA	NA	NA	NA	NA	NA	NA	NA	NA	NA	NA	NA	NA	NA	NA	NA
VIVO7_FEC_VLP_MAY16_F5	-11.0806510019498	-4.80918797404544	-4.03080245249926	-8.38021128380873	-7.68833357917106	NA	-9.62121938331252	-9.1737604063413	-8.38021128380873	-8.68833357917106	-8.43679481217509	-9.1737604063413	-9.49568850122866	-7.65438624724772	-9.75872290706246	-9.27329607989221	-9.38021128380873	-8.43679481217509	-9.75872290706246	-9.08065100194982	-9.49568850122866	-8.38021128380873	-8.99318816069948	-9.27329607989221	-8.75872290706246	-9.27329607989221	-9.38021128380873	-9.27329607989221	-9.08065100194982	-9.27329607989221	-8.12645469156294	-8.62121938331252	-9.49568850122866	-8.1737604063413	-7.32576349978635	-10.7587229070625	-8.83272348850623	-9.9107260005075	-9.38021128380873	-9.9107260005075	-2.6069452523304	-8.62121938331252	-9.75872290706246	-9.62121938331252	-9.1737604063413	-9.1737604063413	-9.75872290706246	-9.62121938331252	-9.49568850122866	-9.9107260005075	-9.49568850122866	-8.9107260005075	-9.9107260005075	-9.38021128380873	-9.62121938331252	-8.9107260005075	-8.99318816069948	-7.62121938331252	NA	-1.69910805076523	-8.68833357917106	-9.27329607989221	-8.62121938331252	-8.62121938331252	-9.27329607989221	-9.27329607989221	NA	NA	NA	NA	NA	NA	NA	NA	NA	NA	NA	NA	NA	NA	NA	-6.49568850122866	NA	NA	-9.27329607989221	NA	NA	NA	NA	NA	-2.97082034767102	NA	-4.86148248148766	NA	NA	NA	NA	NA	NA	-9.49568850122866	-8.83272348850623	-7.68833357917106	-7.38021128380873	-5.62943989011749	-8.99318816069948	-9.9107260005075	NA	NA	NA	NA	NA	NA	NA	NA	NA	NA	NA	NA	NA	NA	NA	NA	-11.4956885012287	NA	-11.0806510019498	NA	NA	-10.2732960798922	NA	-10.7587229070625	NA	-9.38021128380873	NA	-9.62121938331252	NA	-12.0806510019498	-11.4956885012287	NA	-12.0806510019498	NA	NA	NA	-12.0806510019498	NA	-8.99318816069948	NA	-10.7587229070625	-10.4956885012287	-10.4956885012287	-12.0806510019498	NA	NA	-9.62121938331252	NA	NA	NA	NA	-7.91072600050751	-12.0806510019498	-12.0806510019498	-10.0806510019498	-8.99318816069948	-5.94109964955102	-12.0806510019498	-5.45129438187021	NA	NA	NA	NA	NA	NA	-7.58879790562014	NA	NA	NA	-9.49568850122866	NA	NA	NA	NA	NA	NA	-10.7587229070625	NA	NA	NA	NA	NA	NA	NA	NA	NA	-11.4956885012287	NA	NA	-10.2732960798922	-11.4956885012287	NA	NA	NA	NA	NA	NA	NA	-13.0806510019498	NA	NA	NA	NA	NA	NA	NA	NA	NA	NA	NA	NA	NA	NA	NA	NA	NA	NA	NA	NA	NA	NA	NA	NA	NA	NA	NA	NA	NA	NA	NA	NA	NA	NA	-12.0806510019498	-5.31909976950534	-12.0806510019498	NA	NA	NA
VIVO7_FEC_VLP_MAY16_M12	NA	NA	NA	NA	NA	NA	NA	NA	NA	NA	NA	NA	NA	NA	NA	NA	NA	NA	NA	NA	NA	NA	NA	NA	NA	NA	NA	NA	NA	NA	NA	NA	NA	NA	NA	NA	NA	NA	NA	NA	-1.81942775435818	NA	NA	NA	NA	NA	NA	NA	NA	NA	NA	NA	NA	NA	NA	NA	NA	NA	NA	-0.697437229979569	NA	NA	NA	NA	NA	NA	NA	NA	NA	NA	NA	NA	NA	NA	NA	NA	NA	NA	NA	NA	NA	NA	NA	NA	NA	NA	-3.32192809488736	NA	NA	NA	NA	NA	NA	NA	NA	NA	NA	NA	NA	NA	NA	NA	NA	NA	NA	NA	NA	NA	NA	NA	NA	NA	NA	NA	NA	NA	NA	NA	NA	NA	NA	NA	NA	NA	NA	NA	NA	NA	NA	NA	NA	NA	NA	NA	NA	NA	NA	NA	NA	NA	NA	NA	NA	NA	NA	NA	NA	NA	NA	NA	NA	NA	NA	NA	NA	NA	NA	NA	NA	NA	NA	NA	NA	NA	NA	NA	NA	NA	NA	NA	NA	NA	NA	NA	NA	NA	NA	NA	NA	NA	NA	NA	NA	NA	NA	NA	NA	NA	NA	NA	NA	NA	NA	NA	NA	NA	NA	NA	NA	NA	NA	NA	NA	NA	NA	NA	NA	NA	NA	NA	NA	NA	NA	NA	NA	NA	NA	NA	NA	NA	NA	NA	NA	NA	NA	NA	NA	NA	NA	NA	NA	NA	NA	NA	NA	NA	NA	NA	NA	NA	NA	NA	NA	NA	NA
VIVO7_FEC_VLP_MAY27_F15	NA	-6.90625769582171	-5.86878299040305	-7.83225711437793	NA	NA	-7.1541852092653	-6.76186778648654	-6.24729461365678	-6.29620421413772	-7.34683028720769	-6.51032901949057	-6.90625769582171	-5.86878299040305	-7.24729461365678	-6.63062325320828	-6.51032901949057	-6.19998889887842	-7.1541852092653	-6.76186778648654	-7.06672236801496	-7.4537454911242	-6.39929770710183	-6.83225711437793	-6.63062325320828	-6.51032901949057	-6.90625769582171	-6.98426020782298	-6.694753590628	-7.06672236801496	-6.02490219232033	-6.1541852092653	-7.24729461365678	-6.10979108990684	-5.59959635758766	-8.34683028720769	-6.34683028720769	-7.83225711437793	-6.51032901949057	-7.24729461365678	-3.18264165531453	-6.1541852092653	-7.56922270854414	-7.1541852092653	-6.694753590628	-7.1541852092653	-7.06672236801496	-7.34683028720769	-7.24729461365678	-7.4537454911242	-7.1541852092653	-6.56922270854414	-7.24729461365678	-6.694753590628	-6.98426020782298	-6.4537454911242	-6.56922270854414	-6.10979108990684	NA	-2.15983177240644	-6.34683028720769	-6.63062325320828	-6.51032901949057	-6.29620421413772	-6.90625769582171	-6.694753590628	NA	-8.83225711437793	NA	NA	NA	NA	NA	NA	NA	NA	NA	NA	NA	NA	NA	-7.4537454911242	NA	NA	NA	NA	-4.61502639815727	NA	NA	NA	NA	NA	-6.90625769582171	NA	NA	NA	NA	NA	NA	-8.56922270854414	NA	-8.83225711437793	-8.1541852092653	NA	NA	-8.34683028720769	NA	NA	NA	NA	NA	NA	NA	NA	NA	NA	NA	NA	NA	NA	NA	NA	-9.1541852092653	NA	-9.56922270854414	NA	NA	NA	NA	NA	NA	-9.56922270854414	NA	NA	NA	NA	NA	NA	NA	NA	NA	NA	NA	NA	NA	NA	-9.56922270854414	NA	NA	NA	NA	NA	NA	NA	NA	NA	NA	-11.1541852092653	NA	NA	NA	NA	NA	NA	-7.694753590628	NA	NA	-8.83225711437793	NA	NA	-10.1541852092653	NA	NA	NA	NA	NA	NA	NA	NA	-9.56922270854414	NA	NA	NA	NA	-9.56922270854414	NA	NA	NA	NA	NA	NA	-11.1541852092653	NA	-10.1541852092653	NA	NA	NA	NA	NA	NA	NA	NA	NA	NA	NA	NA	NA	NA	NA	NA	NA	NA	NA	NA	NA	NA	NA	NA	NA	NA	NA	NA	NA	NA	NA	NA	NA	NA	NA	NA	NA	NA	NA	NA	NA	NA	NA	NA	NA	NA	NA	NA	NA	NA	NA
VIVO7_FEC_VLP_MAY27_F16	NA	-7.14352493952074	-6.06552242751947	NA	NA	NA	-7.7284874402419	-7.14352493952074	-6.7284874402419	-6.85401832232576	-7.61301022282197	-7.22598709971272	-7.40655934535454	-6.66959375118833	-8.14352493952074	-7.14352493952074	-7.22598709971272	-6.7284874402419	-7.7284874402419	-7.31344994096306	-7.61301022282197	-7.7284874402419	-7.06552242751947	-7.40655934535454	-7.14352493952074	-7.06552242751947	-7.40655934535454	-7.61301022282197	-6.9211325181843	-7.7284874402419	-6.40655934535454	-6.85401832232576	-7.50609501890545	-6.9915218460757	-6.18416692401809	-8.50609501890545	-6.9915218460757	-7.9915218460757	-6.9211325181843	-7.9915218460757	-2.43693299439806	-6.55856243879959	-7.85401832232576	-7.85401832232576	-7.31344994096306	-7.7284874402419	-7.9915218460757	-7.7284874402419	-7.9915218460757	-8.31344994096306	-7.61301022282197	-7.22598709971272	-7.9915218460757	-7.22598709971272	-7.7284874402419	-6.7284874402419	-7.31344994096306	-6.31344994096306	NA	-1.38715394618195	-6.78988798490604	-7.31344994096306	-6.78988798490604	-6.7284874402419	-7.40655934535454	-7.40655934535454	NA	NA	NA	NA	NA	NA	NA	NA	NA	NA	NA	NA	NA	NA	NA	-7.9915218460757	NA	NA	NA	NA	-6.7284874402419	NA	NA	NA	NA	NA	-7.31344994096306	NA	NA	NA	NA	NA	NA	-7.9915218460757	NA	NA	NA	NA	NA	NA	NA	NA	NA	NA	NA	NA	NA	NA	NA	NA	NA	NA	NA	NA	NA	NA	NA	NA	NA	NA	NA	NA	NA	NA	NA	-8.9915218460757	NA	NA	NA	NA	NA	NA	NA	NA	NA	NA	NA	NA	NA	NA	NA	NA	NA	NA	NA	NA	NA	NA	NA	NA	NA	NA	NA	NA	NA	NA	NA	NA	NA	NA	NA	NA	NA	NA	NA	-7.06552242751947	NA	NA	NA	NA	NA	NA	NA	NA	NA	NA	NA	NA	NA	NA	NA	NA	NA	NA	NA	NA	NA	NA	NA	NA	NA	NA	NA	NA	NA	NA	NA	NA	NA	NA	NA	NA	NA	NA	NA	NA	NA	NA	NA	NA	NA	NA	NA	NA	NA	NA	NA	NA	NA	NA	NA	NA	NA	NA	NA	NA	NA	NA	NA	NA	NA	NA	NA	NA	NA	NA	NA	NA	NA
VIVO7_FEC_VLP_MAY27_F2	NA	-9.55478068666773	-8.48439135877634	-10.0693538594975	NA	NA	-11.8767087815551	-10.8767087815551	-10.2917462808339	-10.5547806866677	-11.8767087815551	-10.5547806866677	-10.8767087815551	-10.5547806866677	-11.8767087815551	-10.8767087815551	-11.8767087815551	-10.5547806866677	-11.2917462808339	-11.2917462808339	-10.8767087815551	-9.55478068666773	-10.8767087815551	-11.8767087815551	-10.5547806866677	-10.8767087815551	NA	-10.8767087815551	-10.5547806866677	-10.8767087815551	-10.5547806866677	-10.5547806866677	-11.8767087815551	-10.5547806866677	-9.55478068666773	NA	-10.5547806866677	-12.8767087815551	-10.2917462808339	-11.8767087815551	-1.61520147235304	-10.2917462808339	NA	-11.2917462808339	-10.8767087815551	-10.8767087815551	-11.2917462808339	-11.8767087815551	-11.2917462808339	-11.8767087815551	-11.2917462808339	-11.2917462808339	-11.2917462808339	-11.8767087815551	-11.2917462808339	-10.8767087815551	-10.8767087815551	-10.0693538594975	NA	-0.712430343253925	-10.2917462808339	-10.8767087815551	-10.8767087815551	-10.5547806866677	-11.2917462808339	-11.2917462808339	NA	-12.8767087815551	NA	-11.2917462808339	NA	NA	NA	NA	NA	NA	NA	NA	NA	NA	NA	-8.55478068666773	NA	-11.8767087815551	-11.8767087815551	NA	-7.26199893743989	NA	NA	NA	-8.55478068666773	NA	-9.70678378011278	NA	NA	NA	NA	NA	NA	NA	-10.2917462808339	-9.8767087815551	-10.2917462808339	-10.5547806866677	-10.8767087815551	NA	NA	NA	NA	NA	NA	NA	NA	NA	NA	NA	NA	NA	NA	NA	NA	NA	NA	NA	NA	NA	NA	-11.2917462808339	NA	-11.2917462808339	NA	-9.8767087815551	NA	-11.8767087815551	NA	NA	NA	NA	NA	NA	NA	NA	NA	NA	NA	NA	NA	NA	NA	NA	NA	NA	NA	NA	NA	NA	NA	-10.2917462808339	NA	NA	-11.8767087815551	NA	NA	NA	NA	NA	NA	-10.0693538594975	NA	-11.2917462808339	-10.0693538594975	-7.96981818594658	-11.2917462808339	-10.8767087815551	-11.8767087815551	-10.5547806866677	NA	NA	NA	NA	NA	-12.8767087815551	NA	NA	NA	NA	NA	NA	NA	NA	NA	NA	NA	NA	NA	NA	-12.8767087815551	NA	NA	NA	NA	NA	NA	NA	NA	NA	NA	NA	NA	NA	NA	NA	NA	NA	NA	NA	NA	NA	NA	NA	NA	NA	NA	NA	NA	NA	NA	NA	NA	NA	NA	NA	NA	NA	NA	NA	NA	NA	NA	NA	NA	NA	NA	NA	NA
VIVO7_FEC_VLP_MAY27_M12	NA	NA	-8.97058527092591	NA	NA	NA	-6.38562277020475	-5.8006602694836	-5.51115365228861	-5.60135146126019	-6.64865717603855	-5.64865717603855	-6.03198581559005	-5.51115365228861	-6.74819284958946	-5.85510805350597	-5.97058527092591	-5.74819284958946	-6.30762025820348	-5.85510805350597	-6.38562277020475	-6.46808493039673	-5.69756677651949	-5.91169158187234	-6.03198581559005	-5.64865717603855	-5.91169158187234	-6.1632303488683	-5.85510805350597	-6.55554777164706	-5.51115365228861	-5.55554777164706	-6.09611615300977	-5.69756677651949	-5.51115365228861	-7.2336196767597	-5.8006602694836	-7.09611615300977	-5.74819284958946	-6.74819284958946	-5.03198581559005	-5.8006602694836	-6.38562277020475	-6.55554777164706	-6.03198581559005	-6.55554777164706	-6.30762025820348	-6.55554777164706	-6.74819284958946	-6.46808493039673	-6.46808493039673	-5.69756677651949	-6.30762025820348	-5.8006602694836	-6.1632303488683	-5.69756677651949	-6.03198581559005	-5.55554777164706	-7.09611615300977	-4.03198581559005	-5.60135146126019	-5.85510805350597	-5.69756677651949	-5.74819284958946	-5.91169158187234	-5.97058527092591	NA	NA	NA	NA	NA	NA	NA	NA	NA	NA	NA	NA	NA	NA	NA	NA	NA	NA	NA	NA	-8.97058527092591	NA	NA	NA	NA	NA	NA	NA	NA	NA	NA	NA	NA	NA	NA	-9.55554777164707	NA	NA	NA	-9.55554777164707	NA	NA	NA	NA	NA	NA	NA	NA	NA	NA	NA	NA	NA	-9.55554777164707	NA	NA	NA	NA	NA	NA	NA	NA	NA	NA	NA	NA	NA	NA	NA	NA	NA	NA	NA	NA	NA	NA	NA	NA	NA	NA	NA	NA	NA	NA	NA	NA	NA	NA	NA	NA	NA	NA	NA	NA	NA	NA	NA	NA	NA	NA	NA	NA	NA	NA	NA	NA	NA	NA	NA	NA	NA	NA	NA	NA	NA	NA	NA	NA	NA	NA	NA	NA	NA	NA	NA	NA	NA	NA	-9.55554777164707	NA	NA	NA	NA	NA	NA	NA	NA	NA	NA	NA	NA	NA	NA	NA	NA	NA	NA	NA	NA	NA	NA	NA	NA	NA	NA	NA	NA	NA	NA	NA	NA	NA	NA	NA	NA	NA	NA	NA	NA	NA	NA	NA	NA	NA	NA	NA	NA	NA	NA
VIVO7_FEC_VLP_MAY27_M13	NA	-5.63614122464672	-4.68505082512767	NA	NA	NA	-7.22110372536788	-6.37310681881293	-5.37310681881293	-6.22110372536788	-6.73567689819763	-6.37310681881293	-6.73567689819763	-5.01946986419822	-7.54303182025524	-6.54303182025524	-7.22110372536788	-5.84259210211415	-6.95806931953408	-6.37310681881293	-6.37310681881293	-6.95806931953408	-6.08360020161794	-6.37310681881293	-6.22110372536788	-6.54303182025524	-7.22110372536788	-6.54303182025524	-6.73567689819763	-7.22110372536788	-5.29510430681165	-6.54303182025524	-7.22110372536788	-5.84259210211415	-4.22110372536788	-7.95806931953408	-6.08360020161794	-7.95806931953408	-6.95806931953408	-7.22110372536788	-4.33357845462629	-5.95806931953408	-6.95806931953408	-6.73567689819763	-6.37310681881293	-6.08360020161794	-7.22110372536788	-7.22110372536788	-7.54303182025524	-7.54303182025524	-6.73567689819763	-6.37310681881293	-7.22110372536788	-6.95806931953408	-6.37310681881293	-6.08360020161794	-6.37310681881293	-4.58883550986836	NA	-3.47694262979747	-6.08360020161794	-6.73567689819763	-6.37310681881293	-5.73567689819763	-6.22110372536788	-6.95806931953408	NA	NA	NA	NA	NA	NA	NA	NA	NA	NA	NA	NA	NA	NA	NA	-6.73567689819763	NA	NA	NA	NA	-4.37310681881293	NA	NA	NA	-8.54303182025524	NA	-5.84259210211415	NA	NA	NA	NA	NA	NA	NA	NA	-8.54303182025524	NA	NA	NA	NA	NA	NA	NA	NA	NA	NA	NA	NA	NA	NA	NA	NA	NA	NA	NA	NA	NA	NA	NA	NA	NA	NA	NA	NA	NA	NA	NA	NA	NA	NA	NA	NA	NA	NA	NA	NA	NA	NA	NA	NA	NA	NA	NA	NA	NA	NA	NA	NA	NA	NA	NA	-8.54303182025524	NA	NA	NA	NA	NA	NA	NA	NA	NA	-8.54303182025524	NA	NA	NA	NA	NA	NA	NA	-7.95806931953408	NA	NA	NA	NA	NA	NA	NA	NA	NA	NA	NA	NA	NA	NA	NA	NA	NA	NA	NA	NA	NA	NA	NA	NA	NA	NA	NA	NA	NA	NA	NA	NA	NA	NA	NA	NA	NA	NA	NA	NA	NA	NA	NA	NA	NA	NA	NA	NA	NA	NA	NA	NA	NA	NA	NA	NA	NA	NA	NA	NA	NA	NA	NA	NA	NA	NA	NA	NA	NA
VIVO7_FEC_VLP_MAY27_M14	NA	NA	NA	NA	NA	NA	-6.05166211982249	-5.72973402493513	-5.63662462054365	-5.38869710710006	-6.82926969848605	-5.63662462054365	-6.05166211982249	-5.63662462054365	-6.31469652565629	-5.72973402493513	-5.82926969848605	-5.38869710710006	-6.31469652565629	-5.82926969848605	-6.46669961910134	-6.46669961910134	-5.82926969848605	-5.93618490240256	-6.05166211982249	-5.63662462054365	-6.05166211982249	-5.93618490240256	-5.72973402493513	-6.17719300190635	-5.63662462054365	-5.24430719776489	-6.31469652565629	-5.82926969848605	-5.72973402493513	-7.63662462054365	-5.54916177929331	-7.05166211982249	-5.54916177929331	-6.46669961910134	-5.93618490240256	-5.54916177929331	-6.46669961910134	-6.46669961910134	-5.72973402493513	-6.63662462054365	-6.17719300190635	-6.46669961910134	-6.17719300190635	-6.46669961910134	-6.46669961910134	-5.63662462054365	-6.31469652565629	-5.72973402493513	-6.31469652565629	-5.38869710710006	-5.82926969848605	-5.72973402493513	-6.46669961910134	-4.88173711838018	-5.54916177929331	-5.46669961910134	-5.72973402493513	-5.82926969848605	-6.17719300190635	-5.93618490240256	NA	NA	NA	NA	NA	NA	NA	NA	NA	NA	NA	NA	NA	NA	NA	NA	NA	NA	NA	NA	-8.63662462054365	NA	NA	NA	NA	NA	NA	NA	NA	NA	NA	NA	NA	NA	NA	NA	NA	NA	NA	-8.63662462054365	NA	NA	NA	NA	NA	NA	NA	NA	NA	NA	NA	NA	NA	NA	NA	NA	-9.63662462054365	NA	NA	NA	NA	NA	NA	NA	NA	NA	NA	NA	NA	NA	NA	NA	NA	NA	NA	NA	NA	NA	NA	NA	NA	NA	NA	NA	NA	NA	NA	NA	NA	NA	NA	NA	NA	NA	NA	NA	NA	NA	NA	NA	NA	NA	NA	NA	NA	NA	NA	NA	NA	NA	NA	NA	NA	NA	NA	NA	NA	NA	NA	NA	NA	NA	NA	NA	NA	NA	NA	NA	NA	NA	NA	NA	NA	NA	NA	NA	NA	NA	NA	NA	NA	NA	NA	NA	NA	NA	NA	NA	NA	NA	NA	NA	NA	NA	NA	NA	NA	NA	NA	NA	NA	NA	NA	NA	NA	NA	NA	NA	NA	NA	NA	NA	NA	NA	NA	NA	NA	NA	NA
VIVO7_FEC_VLP_MAY29_F21	NA	-6.66927878665463	-5.49342895125521	-7.9647346701808	-8.25424128737579	NA	-8.83920378809694	-8.25424128737579	-7.9647346701808	-7.83920378809694	-9.10223819393074	-7.9647346701808	-8.6168113667605	-7.51727569320958	-9.10223819393074	-8.10223819393074	-8.4241662888181	-7.9647346701808	-8.83920378809694	-8.4241662888181	-8.4241662888181	-7.33670344756776	-8.10223819393074	-8.6168113667605	-8.4241662888181	-8.25424128737579	-8.6168113667605	-8.4241662888181	-8.4241662888181	-8.83920378809694	-7.6168113667605	-7.9647346701808	-9.10223819393074	-7.6168113667605	-6.78031009904338	-9.4241662888181	-7.83920378809694	-9.83920378809694	-8.25424128737579	-8.83920378809694	-7.33670344756776	-7.9647346701808	-8.83920378809694	-8.83920378809694	-8.10223819393074	-8.6168113667605	-8.6168113667605	-9.4241662888181	-9.10223819393074	-9.10223819393074	-8.6168113667605	-8.10223819393074	-8.83920378809694	-8.25424128737579	-8.4241662888181	-7.9647346701808	-8.4241662888181	-7.25424128737579	NA	-6.46996997843122	-7.9647346701808	-8.10223819393074	-8.10223819393074	-7.83920378809694	-8.4241662888181	-8.4241662888181	NA	NA	NA	NA	NA	NA	NA	NA	NA	NA	NA	NA	NA	NA	NA	-8.4241662888181	NA	NA	NA	NA	NA	NA	NA	NA	-7.10223819393074	NA	-6.6168113667605	NA	NA	NA	NA	NA	NA	NA	NA	-9.83920378809694	-9.83920378809694	-7.25424128737579	NA	NA	NA	NA	NA	NA	NA	NA	NA	NA	NA	NA	NA	NA	NA	NA	NA	NA	NA	NA	NA	NA	NA	NA	NA	NA	NA	NA	NA	NA	NA	NA	NA	NA	NA	NA	NA	NA	NA	NA	NA	NA	NA	NA	NA	NA	NA	NA	NA	NA	NA	NA	NA	-10.4241662888181	NA	NA	NA	NA	-0.511276952588138	NA	NA	NA	NA	NA	NA	NA	NA	-9.83920378809694	NA	NA	NA	-8.6168113667605	NA	NA	NA	NA	NA	NA	NA	NA	NA	NA	NA	NA	NA	NA	NA	NA	NA	NA	NA	NA	NA	NA	NA	NA	NA	NA	NA	NA	NA	NA	NA	NA	NA	NA	NA	NA	NA	NA	NA	NA	NA	NA	NA	NA	NA	NA	NA	NA	NA	NA	NA	NA	NA	NA	NA	NA	NA	NA	NA	NA	NA	NA	NA	-6.03184886603934	-7.83920378809694	NA	-9.83920378809694	NA	NA
VIVO7_FEC_VLP_MAY29_F22	-6.59088247226497	-5.31524802965155	-3.83318543651468	-6.48125798109048	-7.31524802965155	-10.8388099857086	-9.5168818908212	-8.83880998570856	-8.37937836707126	-8.37937836707126	-6.22410014159335	-8.66888498426625	-9.03145506365096	-8.83880998570856	-9.83880998570856	-8.66888498426625	-8.83880998570856	-8.66888498426625	-10.2538474849874	-8.83880998570856	-9.2538474849874	-6.93191939010004	-8.83880998570856	-9.2538474849874	-7.66888498426625	-8.66888498426625	-9.5168818908212	-8.83880998570856	-8.66888498426625	-9.2538474849874	-8.2538474849874	-8.37937836707126	-8.83880998570856	-7.66888498426625	-7.83880998570856	-10.2538474849874	-8.66888498426625	-9.83880998570856	-8.83880998570856	-9.5168818908212	-2.35096995188551	-8.66888498426625	-9.5168818908212	-9.2538474849874	-8.83880998570856	-9.2538474849874	-9.2538474849874	-9.2538474849874	-9.5168818908212	-9.03145506365096	-9.03145506365096	-8.5168818908212	-9.5168818908212	-9.5168818908212	-8.5168818908212	-8.13837026756747	-9.2538474849874	-7.83880998570856	NA	-1.82478951539362	-8.5168818908212	-8.5168818908212	-8.5168818908212	-8.37937836707126	-8.83880998570856	-9.2538474849874	NA	NA	NA	NA	NA	NA	NA	NA	NA	NA	NA	NA	NA	NA	NA	-6.13837026756747	NA	NA	-8.5168818908212	NA	NA	NA	NA	NA	-5.04439411935845	NA	-5.5168818908212	NA	NA	NA	NA	NA	NA	-9.2538474849874	-7.83880998570856	-7.08392248354509	-7.93191939010004	-6.11088953114536	-9.03145506365096	NA	NA	NA	NA	NA	NA	NA	NA	NA	NA	NA	NA	NA	NA	NA	NA	NA	NA	NA	NA	NA	NA	-8.2538474849874	NA	-8.37937836707126	NA	-7.19495379593383	NA	-10.2538474849874	NA	-9.2538474849874	NA	NA	NA	NA	NA	NA	NA	NA	-8.13837026756747	NA	NA	-9.83880998570856	-10.8388099857086	NA	NA	-9.03145506365096	-10.2538474849874	NA	NA	NA	NA	-7.75134714445822	NA	NA	-10.8388099857086	-9.2538474849874	-4.56268558043432	NA	NA	NA	NA	NA	NA	NA	NA	-7.59088247226497	NA	NA	NA	-7.93191939010004	NA	NA	NA	NA	NA	NA	NA	NA	NA	NA	NA	NA	NA	NA	-9.03145506365096	NA	NA	NA	NA	-10.8388099857086	-9.2538474849874	NA	NA	NA	NA	NA	NA	NA	NA	NA	NA	NA	NA	NA	NA	NA	NA	NA	NA	NA	NA	NA	NA	NA	NA	NA	NA	NA	NA	NA	NA	NA	NA	NA	NA	NA	NA	NA	NA	NA	NA	NA	NA	NA	-5.13837026756747	-10.8388099857086	NA	-9.2538474849874	-7.93191939010004
VIVO7_FEC_VLP_MAY29_F23	NA	-6.20860546960637	-4.99520183149718	-6.7625410747069	-6.92481250360578	-11.3171299263845	-8.73216742566339	-7.99520183149718	-7.03172770752229	-7.45914893125697	-8.31712992638454	-7.85769830774724	-8.2296670851342	-6.4842399122198	-9.31712992638454	-7.79356797032753	-7.99520183149718	-7.50977500432694	-8.73216742566339	-7.85769830774724	-8.06920241294095	-7.2296670851342	-7.79356797032753	-8.41023933077602	-7.85769830774724	-7.92481250360578	-8.31712992638454	-8.2296670851342	-7.99520183149718	-8.50977500432694	-6.79356797032753	-8.14720492494223	-8.2296670851342	-7.36293361599767	-5.61669020824345	-9.50977500432694	-7.56224242422107	-8.61669020824345	-7.92481250360578	-8.85769830774724	-4.45914893125697	-7.56224242422107	-8.31712992638454	-8.50977500432694	-7.92481250360578	-7.73216742566338	-8.41023933077602	-8.50977500432694	-8.99520183149718	-8.85769830774724	-8.2296670851342	-7.61669020824345	-8.61669020824345	-8.41023933077602	-7.85769830774724	-7.61669020824345	-8.41023933077602	-6.25104073592677	NA	-3.54564045688394	-7.50977500432694	-8.31712992638454	-7.61669020824345	-7.41023933077602	-8.14720492494223	-8.06920241294095	NA	NA	NA	NA	NA	NA	NA	NA	NA	NA	NA	NA	NA	NA	NA	-8.14720492494223	NA	NA	-10.7321674256634	NA	NA	NA	NA	NA	-8.41023933077602	NA	-6.41023933077602	NA	NA	NA	NA	NA	NA	-11.3171299263845	-9.99520183149718	-9.50977500432694	-9.73216742566339	-6.67327373660982	NA	-10.7321674256634	NA	NA	NA	NA	NA	NA	NA	NA	NA	NA	NA	NA	NA	NA	NA	NA	NA	NA	NA	NA	NA	NA	NA	NA	NA	NA	NA	-12.3171299263845	NA	NA	NA	NA	NA	NA	NA	NA	NA	NA	NA	NA	NA	NA	NA	NA	NA	NA	NA	NA	NA	NA	NA	-9.99520183149718	NA	NA	NA	-11.3171299263845	-1.01792190799726	NA	NA	NA	NA	NA	-11.3171299263845	NA	NA	-8.50977500432694	NA	NA	NA	-9.50977500432694	NA	NA	NA	NA	NA	NA	NA	NA	NA	NA	NA	NA	NA	NA	NA	NA	-9.50977500432694	NA	NA	NA	NA	NA	NA	NA	NA	NA	NA	NA	NA	NA	NA	NA	NA	NA	NA	NA	NA	NA	NA	NA	NA	NA	NA	NA	NA	NA	NA	NA	NA	NA	NA	NA	NA	NA	NA	NA	NA	NA	NA	NA	NA	NA	NA	-6.73216742566338	-7.50977500432694	NA	NA	NA	NA
VIVO7_FEC_VLP_MAY29_F24	NA	-6.39815639494621	-4.85610248569434	-7.2912411910297	-7.95175472475803	NA	-9.58402294025754	-9.32098853442375	-8.9059510351449	-9.0985961130873	-9.9059510351449	-9.32098853442375	-10.0985961130873	-8.44651941650761	-10.3209885344237	-9.0985961130873	-9.32098853442375	-8.9059510351449	-9.73602603370259	-9.44651941650761	-9.32098853442375	-7.23352569317341	-9.0985961130873	-9.73602603370259	-9.44651941650761	-9.0985961130873	-9.58402294025754	-8.73602603370259	-8.99906043953639	-9.73602603370259	-8.38238907908789	-9.44651941650761	-9.58402294025754	-8.51363361236614	-7.99906043953639	-10.9059510351449	-9.32098853442375	-10.5840229402575	-8.73602603370259	-10.0985961130873	-6.83986184468713	-9.20551131700381	-10.3209885344237	-9.9059510351449	-9.20551131700381	-9.73602603370259	-9.9059510351449	-9.9059510351449	-10.3209885344237	-10.0985961130873	-9.44651941650761	-9.44651941650761	-10.0985961130873	-9.73602603370259	-9.44651941650761	-8.9059510351449	-9.58402294025754	-8.44651941650761	NA	-5.87252803360745	-8.81848819389456	-9.58402294025754	-9.32098853442375	-8.65802352170132	-8.99906043953639	-9.44651941650761	NA	NA	NA	NA	NA	NA	NA	NA	NA	NA	NA	NA	NA	NA	NA	-8.9059510351449	NA	NA	-9.73602603370259	NA	NA	NA	NA	NA	-6.73602603370259	NA	-6.36679222403687	NA	NA	NA	NA	NA	NA	-10.9059510351449	NA	-10.0985961130873	-9.44651941650761	-6.99906043953639	NA	-10.9059510351449	NA	NA	NA	NA	NA	NA	NA	NA	NA	NA	NA	NA	NA	NA	NA	NA	NA	NA	NA	NA	NA	NA	NA	NA	NA	-11.9059510351449	NA	-10.9059510351449	NA	NA	NA	NA	NA	NA	NA	NA	NA	NA	NA	NA	NA	NA	NA	NA	NA	NA	-11.9059510351449	NA	NA	NA	NA	-10.5840229402575	NA	NA	-11.9059510351449	-10.9059510351449	-0.412345728087784	NA	-7.0985961130873	NA	NA	NA	-10.5840229402575	NA	NA	-8.81848819389456	NA	NA	NA	-9.44651941650761	NA	NA	NA	NA	NA	NA	NA	NA	NA	NA	NA	NA	NA	NA	-9.9059510351449	NA	-10.5840229402575	NA	NA	NA	NA	NA	NA	NA	NA	NA	NA	NA	NA	NA	NA	NA	NA	NA	NA	NA	NA	NA	NA	NA	NA	NA	NA	NA	NA	NA	NA	NA	NA	NA	NA	NA	NA	NA	NA	NA	NA	NA	NA	NA	NA	NA	NA	-5.98708779787031	-8.58402294025754	NA	-11.9059510351449	NA	NA
VIVO7_FEC_VLP_MAY29_M20	NA	-7.7576250647323	-6.42831743947934	-7.79509977015096	-9.23567236153694	NA	-8.51946532753754	-8.13613668798603	-7.58359566495725	-7.68547527897646	-9.04302728359455	-7.87310228215224	-8.34258756545345	-6.93450282681638	-8.95556444234421	-7.87310228215224	-8.13613668798603	-7.8335739179656	-8.58359566495725	-7.87310228215224	-8.13613668798603	-7.99863316423609	-7.65070986081579	-8.18504628846697	-8.13613668798603	-8.04302728359455	-8.28813978143108	-7.87310228215224	-8.04302728359455	-8.39917109381982	-7.18504628846698	-7.91374426664958	-8.51946532753754	-7.16038423423271	-6.53523264339585	-9.23567236153694	-7.87310228215224	-8.79509977015096	-8.04302728359455	-8.79509977015096	-8.04302728359455	-7.65070986081579	-8.65070986081579	-8.51946532753754	-8.13613668798603	-8.45806478287339	-8.58359566495725	-8.58359566495725	-8.95556444234421	-8.79509977015096	-8.34258756545345	-8.04302728359455	-8.72109918870719	-8.34258756545345	-8.23567236153694	-7.68547527897646	-8.13613668798603	-6.99863316423609	NA	-7.18504628846698	-7.68547527897646	-8.04302728359455	-7.79509977015096	-7.42831743947934	-7.87310228215224	-8.23567236153694	NA	NA	NA	NA	NA	NA	NA	NA	NA	NA	NA	NA	NA	NA	NA	-8.95556444234421	NA	NA	NA	NA	NA	NA	NA	NA	-10.2356723615369	NA	-7.72109918870718	NA	NA	NA	NA	NA	NA	-9.45806478287339	NA	-10.2356723615369	-8.72109918870719	-8.28813978143108	NA	-11.4580647828734	NA	NA	NA	NA	NA	NA	NA	NA	NA	NA	NA	NA	NA	NA	NA	NA	NA	NA	NA	NA	NA	-12.0430272835945	NA	NA	NA	-11.4580647828734	NA	-11.0430272835945	NA	NA	NA	NA	NA	NA	NA	NA	NA	NA	NA	NA	NA	-12.0430272835945	NA	NA	NA	NA	NA	NA	NA	NA	NA	-10.4580647828734	NA	NA	-12.0430272835945	-11.4580647828734	-0.505808883055951	NA	-8.39917109381982	NA	NA	NA	NA	NA	NA	-11.0430272835945	NA	NA	NA	-11.0430272835945	NA	NA	NA	NA	NA	NA	NA	NA	NA	NA	NA	NA	NA	NA	NA	NA	-11.4580647828734	NA	NA	-11.4580647828734	NA	NA	NA	NA	NA	NA	NA	NA	NA	NA	NA	NA	NA	NA	NA	NA	NA	NA	NA	NA	NA	NA	NA	NA	NA	NA	NA	NA	NA	NA	NA	NA	NA	NA	NA	NA	NA	NA	NA	NA	NA	NA	NA	-5.99863316423609	-9.72109918870719	NA	NA	-13.0430272835945	-12.0430272835945
VIVO7_FEC_VLP_MAY30_M12	NA	-4.92633047643221	-3.99504322651622	-7.5452403090767	-6.82903327507729	NA	-7.65215551299321	-7.18267022969199	-6.76763273041315	-7.10466771769072	-7.65215551299321	-7.18267022969199	-7.65215551299321	-6.65215551299321	-8.18267022969199	-7.18267022969199	-7.26513238988396	-7.10466771769072	-7.5452403090767	-7.10466771769072	-7.26513238988396	-7.5452403090767	-7.03066713624694	-7.5452403090767	-7.03066713624694	-7.10466771769072	-7.65215551299321	-7.10466771769072	-7.26513238988396	-7.76763273041315	-6.70873904135958	-7.10466771769072	-8.03066713624694	-6.59770772897084	-6.03066713624694	-9.03066713624694	-7.10466771769072	-8.5452403090767	-7.26513238988396	-7.65215551299321	-3.1189755543746	-6.82903327507729	-8.18267022969199	-7.89316361249701	-7.10466771769072	-7.44570463552578	-7.5452403090767	-7.76763273041315	-8.03066713624694	-7.76763273041315	-7.76763273041315	-7.3525952311343	-8.03066713624694	-7.5452403090767	-7.03066713624694	-6.76763273041315	-7.26513238988396	-5.89316361249701	NA	-2.20539030619207	-6.89316361249701	-7.3525952311343	-7.18267022969199	-6.89316361249701	-7.26513238988396	-7.76763273041315	NA	-10.3525952311343	NA	-9.03066713624694	NA	NA	NA	NA	NA	NA	NA	NA	NA	NA	NA	-6.44570463552578	NA	NA	NA	NA	-8.18267022969199	NA	NA	NA	NA	NA	-4.87686180016791	NA	NA	NA	NA	NA	NA	NA	-8.18267022969199	-7.76763273041315	-7.10466771769072	-5.6246747765711	-9.03066713624694	-6.96027780835554	-11.3525952311343	NA	NA	NA	NA	NA	NA	NA	NA	NA	NA	NA	NA	NA	NA	NA	-8.18267022969199	NA	-8.03066713624694	NA	NA	NA	NA	NA	NA	-8.76763273041315	NA	-9.76763273041315	NA	NA	-8.18267022969199	NA	-8.76763273041315	NA	NA	NA	NA	NA	NA	NA	-7.89316361249701	NA	NA	-8.3525952311343	NA	NA	-10.3525952311343	NA	NA	NA	NA	-8.18267022969199	-8.76763273041315	-8.76763273041315	NA	NA	NA	-8.76763273041315	-5.44570463552578	-9.3525952311343	NA	NA	NA	-9.76763273041315	-7.65215551299321	-6.26513238988396	-8.5452403090767	-8.5452403090767	-10.3525952311343	-9.03066713624694	NA	NA	NA	NA	NA	NA	NA	NA	NA	NA	NA	NA	NA	NA	NA	NA	-9.76763273041315	NA	NA	NA	NA	NA	NA	NA	NA	NA	NA	NA	NA	NA	NA	NA	NA	NA	NA	NA	NA	NA	NA	NA	NA	NA	NA	NA	NA	NA	NA	NA	NA	NA	NA	NA	NA	NA	NA	NA	NA	NA	NA	NA	NA	NA	NA	NA	NA	NA	NA	NA	NA
VIVO7_FEC_VLP_MAY30_M13	NA	-6.00543096381407	-4.59662541824674	-7.40398034030434	-8.05605703688403	NA	-7.54148386405427	-7.05605703688403	-6.54148386405427	-6.54148386405427	-8.05605703688403	-6.7759491176913	-7.40398034030434	-5.86341195894164	-7.69348695749933	-7.16297224080055	-6.7759491176913	-6.95652136333312	-7.54148386405427	-6.95652136333312	-6.7759491176913	-7.54148386405427	-6.86341195894164	-7.27844945822048	-6.95652136333312	-7.16297224080055	-7.27844945822048	-7.05605703688403	-6.95652136333312	-7.54148386405427	-6.27844945822048	-7.05605703688403	-7.40398034030434	-6.21955576916691	-5.86341195894164	-8.86341195894164	-6.69348695749933	-7.86341195894164	-7.69348695749933	-7.69348695749933	-2.89762767427955	-6.69348695749933	-7.69348695749933	-7.54148386405427	-6.69348695749933	-7.40398034030434	-7.27844945822048	-7.54148386405427	-8.27844945822048	-8.05605703688403	-7.27844945822048	-7.05605703688403	-7.86341195894164	-7.05605703688403	-7.05605703688403	-6.61548444549805	-7.16297224080055	-5.90921564855476	NA	-2.00543096381407	-6.54148386405427	-7.05605703688403	-6.7759491176913	-6.47109453616288	-7.05605703688403	-7.40398034030434	NA	-8.54148386405427	NA	-9.27844945822048	NA	NA	NA	NA	NA	NA	NA	NA	NA	NA	NA	-6.33985000288463	NA	NA	NA	NA	-7.86341195894164	NA	NA	NA	NA	NA	-5.86341195894164	NA	NA	NA	NA	NA	NA	-8.86341195894164	NA	-8.27844945822048	-7.54148386405427	NA	NA	-7.86341195894164	NA	NA	NA	NA	NA	NA	NA	NA	NA	NA	NA	NA	NA	NA	NA	NA	-8.86341195894164	NA	-9.27844945822048	NA	NA	NA	NA	NA	NA	-9.27844945822048	NA	-9.86341195894164	NA	NA	NA	NA	NA	NA	NA	NA	NA	NA	NA	NA	-8.86341195894164	NA	NA	NA	NA	NA	NA	NA	NA	NA	NA	-8.27844945822048	NA	NA	NA	NA	NA	-9.86341195894164	-6.33985000288463	NA	NA	-8.54148386405427	NA	-8.86341195894164	-7.54148386405427	-7.40398034030434	-8.86341195894164	-8.54148386405427	-8.54148386405427	-7.69348695749933	NA	NA	NA	-9.86341195894164	NA	NA	NA	NA	-9.27844945822048	NA	NA	NA	NA	NA	NA	NA	NA	NA	NA	NA	NA	NA	NA	NA	NA	NA	NA	NA	NA	NA	NA	NA	NA	NA	NA	NA	NA	NA	NA	NA	NA	NA	NA	NA	NA	NA	NA	NA	NA	NA	NA	NA	NA	NA	NA	NA	NA	NA	NA	NA	NA	NA	NA	NA	NA	NA	NA	NA	NA
VIVO7_FEC_VLP_MAY30_M14	NA	-6.14818322228825	-4.80422882107088	NA	NA	NA	-7.52669484554198	-6.84862294042934	-6.26366043970818	-6.52669484554198	-7.52669484554198	-6.52669484554198	-7.26366043970818	-5.67869793898703	-8.26366043970818	-6.67869793898703	-6.26366043970818	-6.67869793898703	-7.52669484554198	-6.84862294042934	-6.84862294042934	-7.26366043970818	-6.67869793898703	-6.84862294042934	-6.52669484554198	-6.52669484554198	-7.52669484554198	-7.04126801837173	-7.04126801837173	-7.04126801837173	-5.84862294042934	-6.84862294042934	-7.04126801837173	-6.52669484554198	-5.60069542698575	NA	-6.67869793898703	-7.84862294042934	-6.67869793898703	-7.26366043970818	-3.27876733209839	-6.04126801837173	-7.52669484554198	-7.26366043970818	-7.04126801837173	-7.52669484554198	-6.84862294042934	-7.26366043970818	-7.84862294042934	-7.52669484554198	-7.26366043970818	-6.67869793898703	-7.52669484554198	-7.52669484554198	-6.84862294042934	-6.67869793898703	-6.84862294042934	-5.84862294042934	NA	-2.19757124925041	-6.26366043970818	-6.38919132179204	-6.52669484554198	-6.38919132179204	-7.26366043970818	-7.04126801837173	NA	-8.84862294042934	NA	NA	NA	NA	NA	NA	NA	NA	NA	NA	NA	NA	NA	-5.67869793898703	NA	NA	NA	NA	-8.84862294042934	NA	NA	NA	NA	NA	-6.04126801837173	NA	NA	NA	NA	NA	NA	-6.38919132179204	-8.26366043970818	-7.04126801837173	-6.04126801837173	NA	-8.26366043970818	-7.52669484554198	NA	NA	NA	NA	NA	NA	NA	NA	NA	NA	NA	NA	NA	NA	NA	NA	-8.26366043970818	NA	NA	NA	NA	NA	NA	NA	NA	NA	NA	NA	NA	NA	-7.84862294042934	NA	NA	NA	NA	NA	NA	NA	NA	NA	NA	NA	NA	NA	NA	NA	NA	NA	NA	NA	NA	-7.84862294042934	NA	NA	NA	NA	NA	NA	NA	NA	NA	-8.84862294042934	NA	NA	-7.52669484554198	NA	-8.26366043970818	-8.26366043970818	NA	-8.26366043970818	NA	NA	NA	-8.26366043970818	NA	NA	NA	NA	-8.26366043970818	NA	NA	NA	NA	NA	NA	NA	NA	NA	NA	NA	NA	NA	NA	NA	NA	NA	NA	NA	NA	NA	NA	NA	NA	NA	NA	NA	NA	NA	NA	NA	NA	NA	NA	NA	NA	NA	NA	NA	NA	NA	NA	NA	NA	NA	NA	NA	NA	NA	NA	NA	NA	NA	NA	NA	NA	NA	NA	NA	NA
