feature	NODE_33_length_20543_cov_23.775820	NODE_345_length_4313_cov_34.753875	NODE_34_length_57407_cov_132.823685	NODE_36_length_24676_cov_54.263556	NODE_560_length_4789_cov_18.278411	NODE_71_length_2451_cov_4.832220	NODE_118_length_14212_cov_7.809423	NODE_119_length_6127_cov_11.754282	NODE_120_length_4708_cov_5.977649	NODE_122_length_9714_cov_6.792939	NODE_125_length_3140_cov_7.146191	NODE_128_length_6828_cov_9.355825	NODE_139_length_11886_cov_12.290001	NODE_148_length_1529_cov_3.214383	NODE_151_length_11622_cov_6.802715	NODE_153_length_12400_cov_9.887809	NODE_177_length_3368_cov_6.261093	NODE_177_length_6844_cov_8.175725	NODE_178_length_5905_cov_7.559658	NODE_190_length_3286_cov_3.972764	NODE_197_length_4114_cov_4.814240	NODE_213_length_6728_cov_11.658025	NODE_229_length_4253_cov_7.022868	NODE_232_length_3859_cov_5.182177	NODE_233_length_5621_cov_11.496407	NODE_241_length_6412_cov_5.785433	NODE_254_length_4664_cov_6.991972	NODE_262_length_4295_cov_8.188443	NODE_267_length_4368_cov_4.549038	NODE_269_length_5610_cov_6.458146	NODE_273_length_5592_cov_9.036662	NODE_275_length_3206_cov_5.058077	NODE_278_length_4850_cov_6.859437	NODE_288_length_3117_cov_4.919334	NODE_305_length_3981_cov_5.865003	NODE_323_length_4578_cov_5.801017	NODE_324_length_2965_cov_3.493471	NODE_325_length_3998_cov_5.391326	NODE_343_length_4498_cov_9.510241	NODE_343_length_5040_cov_8.169910	NODE_353_length_2871_cov_5.285156	NODE_366_length_3628_cov_5.400784	NODE_367_length_3982_cov_6.343519	NODE_41_length_39188_cov_6.935476	NODE_427_length_2990_cov_4.285179	NODE_428_length_2744_cov_4.066567	NODE_449_length_3548_cov_7.859147	NODE_457_length_3322_cov_6.401286	NODE_468_length_3043_cov_5.770080	NODE_469_length_2568_cov_8.139276	NODE_48_length_39392_cov_13.718484	NODE_498_length_2945_cov_4.607612	NODE_500_length_2986_cov_4.587172	NODE_503_length_2600_cov_5.917092	NODE_51_length_4179_cov_5.019641	NODE_536_length_2797_cov_5.823851	NODE_58_length_8379_cov_10.701225	NODE_610_length_2856_cov_7.730096	NODE_618_length_2500_cov_5.937423	NODE_6_length_52607_cov_9.933057|provirus_1_41423	NODE_77_length_21821_cov_12.298861	NODE_796_length_2326_cov_4.740643	NODE_86_length_11713_cov_9.597701	NODE_89_length_20874_cov_10.217782|provirus_3_14193	NODE_92_length_5324_cov_4.625546	NODE_95_length_6809_cov_5.090613	NODE_1002_length_2557_cov_4.365308	NODE_101_length_4575_cov_7.278097	NODE_113_length_10116_cov_5.796044	NODE_1237_length_1290_cov_3.002429	NODE_132_length_1293_cov_2.933764	NODE_1418_length_1220_cov_6.109871	NODE_192_length_7497_cov_5.865493	NODE_237_length_12145_cov_5.998925	NODE_300_length_9459_cov_5.827201	NODE_302_length_9348_cov_5.759927	NODE_317_length_5453_cov_5.264172	NODE_348_length_3842_cov_3.545287	NODE_352_length_7789_cov_6.120636	NODE_378_length_7249_cov_5.952043	NODE_383_length_1007_cov_2.172269	NODE_38_length_40434_cov_66.147750	NODE_410_length_6624_cov_5.894961	NODE_42_length_32475_cov_10.695774	NODE_42_length_36164_cov_8.737212	NODE_43_length_3040_cov_4.376884	NODE_46_length_10952_cov_58.511425	NODE_474_length_5910_cov_4.933732	NODE_496_length_5396_cov_6.502715	NODE_511_length_5254_cov_6.137911	NODE_52_length_35146_cov_146.477501	NODE_612_length_3670_cov_4.402490	NODE_61_length_2911_cov_3.802871	NODE_62_length_14493_cov_5.859191	NODE_721_length_3287_cov_5.030322	NODE_78_length_12711_cov_5.460730	NODE_796_length_3004_cov_6.914547	NODE_877_length_2867_cov_5.203058	NODE_98_length_10708_cov_5.776589	NODE_1177_length_1098_cov_3.402685	NODE_222_length_1353_cov_3.577042	NODE_40_length_5207_cov_6.427601	NODE_45_length_21147_cov_17.779585	NODE_65_length_2561_cov_4.647646	NODE_95_length_4885_cov_5.471014	NODE_177_length_5120_cov_13.319842	NODE_245_length_2989_cov_21.227676	NODE_1092_length_2437_cov_5.010495	NODE_1141_length_2592_cov_5.759953	NODE_143_length_8727_cov_4.679889	NODE_175_length_8062_cov_4.755589	NODE_25_length_41950_cov_8.418546	NODE_288_length_9630_cov_6.355091	NODE_363_length_1005_cov_2.015789	NODE_39_length_18186_cov_5.820032|provirus_3_8483	NODE_407_length_6756_cov_5.908073	NODE_411_length_6617_cov_5.361932	NODE_724_length_3495_cov_6.613663	NODE_840_length_1139_cov_2.715867	NODE_86_length_2103_cov_4.534668	NODE_925_length_2493_cov_15.062756	NODE_218_length_3127_cov_11.034180	NODE_267_length_1101_cov_2.931166	NODE_2697_length_1221_cov_3.032590	NODE_574_length_2544_cov_6.745279	NODE_655_length_3520_cov_3.797114	NODE_74_length_2302_cov_3.058300	NODE_1058_length_1702_cov_11.257438	NODE_108_length_10157_cov_5.808553	NODE_1112_length_1822_cov_14.345218	NODE_1300_length_1059_cov_4.740040	NODE_132_length_23877_cov_12.972546	NODE_159_length_14466_cov_7.447367	NODE_175_length_2545_cov_8.803614	NODE_1843_length_1674_cov_4.292156	NODE_200_length_14535_cov_12.284669	NODE_245_length_4271_cov_6.865038	NODE_258_length_11005_cov_11.339087	NODE_273_length_3857_cov_5.688059	NODE_2801_length_1020_cov_1.739896	NODE_290_length_9204_cov_6.434583	NODE_292_length_9196_cov_7.239689	NODE_293_length_1673_cov_2.770705	NODE_393_length_7059_cov_5.831239	NODE_40_length_6349_cov_5.400381	NODE_473_length_5913_cov_6.271594	NODE_50_length_64286_cov_15.837431|provirus_6014_50609	NODE_516_length_2143_cov_4.660441	NODE_52_length_3512_cov_4.416546	NODE_584_length_2507_cov_6.861338	NODE_598_length_4398_cov_5.399033	NODE_609_length_1276_cov_3.526618	NODE_60_length_2998_cov_5.003058	NODE_632_length_4491_cov_6.169973	NODE_636_length_4461_cov_3.897413	NODE_638_length_3566_cov_3.047565	NODE_649_length_3541_cov_5.194205	NODE_64_length_3411_cov_6.318534	NODE_683_length_3765_cov_14.952830	NODE_718_length_3957_cov_7.268324	NODE_788_length_3026_cov_16.785594	NODE_90_length_6946_cov_17.086490	NODE_46_length_17325_cov_94.922409	NODE_475_length_2865_cov_5.508185	NODE_87_length_8976_cov_56.443896	NODE_596_length_3718_cov_2.839476	NODE_138_length_9014_cov_6.055698	NODE_25_length_64430_cov_10.074175	NODE_39_length_40881_cov_40.497820	NODE_189_length_5422_cov_4.826533	NODE_23_length_41981_cov_14.210705|provirus_5814_25825	NODE_36_length_49500_cov_28.060916	NODE_72_length_5267_cov_4.193975	NODE_75_length_13779_cov_7.662489|provirus_3931_13575	NODE_100_length_4590_cov_4.473870	NODE_11_length_39896_cov_9.556763	NODE_232_length_3576_cov_2.910821	NODE_2561_length_1148_cov_4.252516	NODE_288_length_2524_cov_4.504253	NODE_300_length_3718_cov_3.746929	NODE_521_length_1408_cov_2.277162	NODE_583_length_2509_cov_2.646699	NODE_684_length_1350_cov_2.419305	NODE_720_length_1472_cov_2.302047	NODE_82_length_5911_cov_4.870902	NODE_1604_length_1116_cov_1.593779	NODE_24_length_29177_cov_10.095976	NODE_89_length_1910_cov_3.343396	NODE_1972_length_1543_cov_3.204973	NODE_85_length_6973_cov_5.469066	NODE_33_length_19553_cov_14.475280	NODE_390_length_2119_cov_3.486919	NODE_95_length_4316_cov_6.475006	NODE_99_length_2870_cov_2.821314	NODE_596_length_4704_cov_8.276188	NODE_159_length_3508_cov_4.616276	NODE_67_length_14209_cov_8.247774	NODE_1569_length_1040_cov_2.188832	NODE_1602_length_1002_cov_4.308342	NODE_222_length_3349_cov_3.116576	NODE_1137_length_1786_cov_5.545350	NODE_1160_length_1730_cov_4.363582	NODE_123_length_9427_cov_5.265578	NODE_1251_length_1529_cov_3.742877	NODE_129_length_9271_cov_6.849284	NODE_1330_length_1362_cov_5.200459	NODE_1333_length_1358_cov_6.930161	NODE_1335_length_2153_cov_3.259771	NODE_1402_length_1241_cov_6.408938	NODE_1982_length_1539_cov_2.719677	NODE_242_length_11721_cov_8.904937	NODE_296_length_5686_cov_7.089682	NODE_311_length_5522_cov_4.831352	NODE_424_length_6351_cov_6.127382	NODE_612_length_4307_cov_4.113829	NODE_738_length_3371_cov_4.189988	NODE_754_length_3289_cov_3.889920	NODE_761_length_3239_cov_5.625942	NODE_1526_length_1094_cov_2.713186	NODE_103_length_5550_cov_4.847862	NODE_1066_length_1997_cov_3.636457	NODE_1139_length_1111_cov_3.319129	NODE_1163_length_2339_cov_4.031086	NODE_1594_length_1007_cov_7.385504	NODE_1657_length_1849_cov_4.321070	NODE_195_length_14931_cov_7.812718	NODE_214_length_7019_cov_3.884262	NODE_3156_length_1065_cov_1.976238	NODE_326_length_8493_cov_5.620763	NODE_347_length_5164_cov_4.719906	NODE_463_length_6011_cov_5.344023	NODE_512_length_5249_cov_4.816327	NODE_584_length_3756_cov_5.057822	NODE_726_length_3481_cov_4.020432	NODE_762_length_3220_cov_4.843286	NODE_797_length_2999_cov_3.300611	NODE_864_length_2910_cov_4.731349	NODE_961_length_2630_cov_5.485825	NODE_557_length_5115_cov_5.282806	NODE_14_length_39779_cov_26.175284	NODE_34_length_33299_cov_21.331338	NODE_586_length_1182_cov_2.115350	NODE_355_length_1201_cov_1.719895	NODE_1618_length_1147_cov_4.225275	NODE_374_length_4296_cov_9.283660
VIVO7_FEC_VLP_APR16_F2	NA	NA	NA	NA	NA	NA	0.0152788388082506	0.00993124522536287	0.0137509549274255	0.0198624904507257	0.0137509549274255	0.014514896867838	0.0122230710466005	0.0114591291061879	0.0175706646294882	0.0168067226890756	0.00993124522536287	0.027501909854851	0.00916730328495034	0.0122230710466005	0.00840336134453781	0.0137509549274255	0.00916730328495034	0.0168067226890756	0.0168067226890756	0.0183346065699007	0.0122230710466005	0.00993124522536287	0.014514896867838	0.0175706646294882	0.0168067226890756	0.0427807486631016	0.00611153552330023	0.0122230710466005	0.00611153552330023	0.0053475935828877	0.0114591291061879	0.00381970970206264	0.0252100840336134	0.0152788388082506	0.0702826585179526	0.0190985485103132	0.0053475935828877	0.00916730328495034	0.014514896867838	0.012987012987013	0.00840336134453781	0.00458365164247517	0.0229182582123759	0.00687547746371276	0.00763941940412529	0.0137509549274255	0.00993124522536287	0.014514896867838	0.00993124522536287	0.0106951871657754	0.0229182582123759	0.0137509549274255	0.0152788388082506	0.130634071810542	0.0160427807486631	0.027501909854851	0.0183346065699007	0.00916730328495034	0.00611153552330023	0.012987012987013	NA	NA	NA	NA	NA	NA	NA	NA	NA	NA	NA	NA	NA	NA	NA	NA	NA	NA	NA	NA	NA	NA	NA	NA	NA	NA	NA	NA	NA	NA	NA	NA	NA	NA	NA	NA	NA	NA	NA	NA	NA	NA	NA	NA	NA	NA	NA	NA	NA	NA	NA	NA	NA	NA	NA	NA	NA	NA	NA	NA	NA	NA	NA	NA	NA	NA	NA	NA	NA	NA	NA	NA	NA	NA	NA	NA	NA	NA	NA	NA	NA	NA	NA	NA	NA	NA	NA	NA	NA	NA	NA	NA	NA	NA	NA	NA	NA	NA	NA	NA	NA	NA	NA	NA	NA	NA	NA	NA	NA	NA	NA	NA	NA	NA	NA	NA	NA	NA	NA	NA	NA	NA	NA	NA	NA	NA	NA	NA	NA	NA	NA	NA	NA	NA	NA	NA	NA	NA	NA	NA	NA	NA	NA	NA	NA	NA	NA	NA	NA	NA	NA	NA	NA	NA	NA	NA	NA	NA	NA	NA	NA	NA	NA	NA	NA	NA	NA	NA	NA	NA	NA	NA	NA	NA	NA	NA	NA	NA	NA
VIVO7_FEC_VLP_APR30_F2	NA	0.00455927051671732	0.00911854103343465	NA	NA	NA	0.0106382978723404	0.013677811550152	0.0197568389057751	0.0167173252279635	0.00911854103343465	0.0197568389057751	0.0121580547112462	0.0167173252279635	0.00759878419452888	0.0151975683890578	0.0121580547112462	0.0167173252279635	0.0106382978723404	0.0151975683890578	0.0106382978723404	0.0151975683890578	0.0182370820668693	0.013677811550152	0.0151975683890578	0.0167173252279635	0.0106382978723404	0.0121580547112462	0.0151975683890578	0.0121580547112462	0.0197568389057751	0.0212765957446809	0.0106382978723404	0.0182370820668693	0.0258358662613982	0.00759878419452888	0.0197568389057751	0.0060790273556231	0.0167173252279635	0.00911854103343465	0.0106382978723404	0.0167173252279635	0.00911854103343465	0.00911854103343465	0.0151975683890578	0.0121580547112462	0.0106382978723404	0.00911854103343465	0.00759878419452888	0.00911854103343465	0.00911854103343465	0.0151975683890578	0.00911854103343465	0.0151975683890578	0.0151975683890578	0.0167173252279635	0.0151975683890578	0.0197568389057751	0.00759878419452888	0.0243161094224924	0.0182370820668693	0.0167173252279635	0.0167173252279635	0.0151975683890578	0.013677811550152	0.013677811550152	0.00455927051671732	0.00151975683890578	0.00455927051671732	0.00151975683890578	0.00151975683890578	0.00303951367781155	0.00303951367781155	0.00455927051671732	0.00455927051671732	0.00303951367781155	0.00303951367781155	0.00303951367781155	0.00455927051671732	0.00303951367781155	0.00455927051671732	0.0060790273556231	0.00455927051671732	0.0060790273556231	0.00303951367781155	0.00455927051671732	0.00759878419452888	0.00303951367781155	0.00303951367781155	0.00455927051671732	0.0121580547112462	0.00455927051671732	0.00455927051671732	0.0060790273556231	0.00303951367781155	0.00303951367781155	0.00303951367781155	0.00455927051671732	0.0060790273556231	NA	NA	NA	NA	NA	NA	NA	NA	NA	NA	NA	NA	NA	NA	NA	NA	NA	NA	NA	NA	NA	NA	NA	NA	NA	NA	NA	NA	NA	NA	NA	NA	NA	NA	NA	NA	NA	NA	NA	NA	NA	NA	NA	NA	NA	NA	NA	NA	NA	NA	NA	NA	NA	NA	NA	NA	NA	NA	NA	NA	NA	NA	NA	NA	NA	NA	NA	NA	NA	NA	NA	NA	NA	NA	NA	NA	NA	NA	NA	NA	NA	NA	NA	NA	NA	NA	NA	NA	NA	NA	NA	NA	NA	NA	NA	NA	NA	NA	NA	NA	NA	NA	NA	NA	NA	NA	NA	NA	NA	NA	NA	NA	NA	NA	NA	NA	NA	NA	NA	NA	NA	NA	NA	NA	NA	NA	NA	NA	NA	NA	NA	NA	NA	NA	NA	NA	NA	NA	NA	NA	NA	NA	NA	NA	NA	NA
VIVO7_FEC_VLP_APR30_F5	NA	0.00880503144654088	0.020125786163522	NA	NA	NA	0.00314465408805031	0.0050314465408805	0.00691823899371069	0.00566037735849057	0.0584905660377358	0.00691823899371069	0.00377358490566038	0.00754716981132075	0.00314465408805031	0.00566037735849057	0.0050314465408805	0.00691823899371069	0.00314465408805031	0.00628930817610063	0.00440251572327044	0.0050314465408805	0.00691823899371069	0.00440251572327044	0.0176100628930818	0.00566037735849057	0.00440251572327044	0.00440251572327044	0.0050314465408805	0.00377358490566038	0.00691823899371069	0.00691823899371069	0.00377358490566038	0.00628930817610063	0.0119496855345912	0.00125786163522013	0.00628930817610063	0.00188679245283019	0.0050314465408805	0.00377358490566038	0.193710691823899	0.00566037735849057	0.00314465408805031	0.00377358490566038	0.00754716981132075	0.00314465408805031	0.0050314465408805	0.00314465408805031	0.00314465408805031	0.00440251572327044	0.00377358490566038	0.00628930817610063	0.00314465408805031	0.00440251572327044	0.00440251572327044	0.00566037735849057	0.00440251572327044	0.010062893081761	NA	0.373584905660377	0.00628930817610063	0.00440251572327044	0.00628930817610063	0.00628930817610063	0.00440251572327044	0.0050314465408805	NA	NA	NA	NA	NA	NA	NA	NA	NA	NA	NA	NA	NA	NA	NA	0.00628930817610063	NA	NA	NA	NA	NA	NA	NA	NA	0.0132075471698113	NA	0.0106918238993711	NA	NA	NA	NA	NA	NA	0.00314465408805031	0.00125786163522013	0.00188679245283019	0.00440251572327044	0.0050314465408805	0.000628930817610063	NA	NA	NA	NA	NA	NA	NA	NA	NA	NA	NA	NA	NA	NA	NA	NA	NA	NA	NA	NA	NA	NA	NA	NA	NA	NA	NA	NA	NA	NA	NA	NA	NA	NA	NA	NA	NA	NA	NA	NA	NA	NA	NA	NA	NA	NA	NA	NA	NA	NA	NA	NA	NA	NA	NA	NA	NA	NA	NA	NA	NA	NA	NA	NA	NA	NA	NA	NA	NA	NA	NA	NA	NA	NA	NA	NA	NA	NA	NA	NA	NA	NA	NA	NA	NA	NA	NA	NA	NA	NA	NA	NA	NA	NA	NA	NA	NA	NA	NA	NA	NA	NA	NA	NA	NA	NA	NA	NA	NA	NA	NA	NA	NA	NA	NA	NA	NA	NA	NA	NA	NA	NA	NA	NA	NA	NA	NA	NA	NA	NA	NA	NA	NA	NA	NA	NA	NA	NA	NA	NA
VIVO7_FEC_VLP_JUL19_F21	NA	NA	NA	NA	NA	NA	0.0151133501259446	0.017632241813602	0.0201511335012594	0.0251889168765743	0.0125944584382872	0.0201511335012594	0.017632241813602	0.0201511335012594	0.017632241813602	0.0226700251889169	0.017632241813602	0.0277078085642317	0.0125944584382872	0.017632241813602	0.0100755667506297	0.0151133501259446	0.0151133501259446	0.017632241813602	0.0201511335012594	0.0201511335012594	0.0201511335012594	0.0151133501259446	0.0201511335012594	0.0151133501259446	0.017632241813602	0.0428211586901763	NA	0.0201511335012594	0.0151133501259446	NA	0.017632241813602	NA	0.0277078085642317	0.017632241813602	0.0100755667506297	0.0201511335012594	0.00755667506297229	0.0125944584382872	0.017632241813602	0.0125944584382872	0.0125944584382872	0.0100755667506297	0.017632241813602	0.00755667506297229	0.0100755667506297	0.0251889168765743	0.0151133501259446	0.0226700251889169	0.0125944584382872	0.0201511335012594	0.0226700251889169	0.0201511335012594	NA	0.0251889168765743	0.0201511335012594	0.0251889168765743	0.0201511335012594	0.0151133501259446	0.0100755667506297	0.0151133501259446	NA	NA	NA	NA	NA	NA	NA	NA	NA	NA	NA	NA	NA	NA	NA	NA	NA	NA	NA	NA	NA	NA	NA	NA	NA	NA	NA	NA	NA	NA	NA	NA	NA	NA	NA	NA	NA	NA	NA	NA	NA	NA	NA	NA	NA	NA	NA	NA	NA	NA	NA	NA	NA	NA	NA	NA	NA	NA	NA	NA	NA	NA	NA	NA	NA	NA	NA	NA	NA	NA	NA	NA	NA	NA	NA	NA	NA	NA	NA	NA	NA	NA	NA	NA	NA	NA	NA	NA	NA	NA	NA	NA	NA	NA	NA	NA	NA	NA	NA	NA	NA	NA	NA	NA	NA	NA	NA	NA	NA	NA	NA	NA	NA	NA	NA	NA	NA	NA	NA	NA	NA	NA	NA	NA	NA	NA	NA	NA	NA	NA	NA	NA	NA	NA	NA	NA	NA	NA	NA	NA	NA	NA	NA	NA	NA	NA	NA	NA	NA	NA	NA	NA	NA	NA	NA	NA	NA	NA	NA	NA	NA	NA	NA	NA	NA	NA	NA	NA	NA	NA	NA	NA	NA	NA	NA	NA	NA	NA	NA
VIVO7_FEC_VLP_JUL19_F22	NA	NA	NA	NA	NA	NA	0.0141254673867885	0.0178645616950561	0.0211882010801828	0.0216036560033236	0.0112172829248027	0.0224345658496053	0.0170336518487744	0.020772746157042	0.0116327378479435	0.0195263813876194	0.0186954715413378	0.0216036560033236	0.0137100124636477	0.0195263813876194	0.012879102617366	0.0120481927710843	0.0199418363107603	0.0166181969256336	0.015371832156211	0.020772746157042	0.0157872870793519	0.0141254673867885	0.0211882010801828	0.012879102617366	0.0224345658496053	0.0228500207727462	0.0149563772330702	0.0186954715413378	0.0216036560033236	0.00789364353967595	0.0211882010801828	0.00872455338595762	0.0220191109264645	0.0112172829248027	0.0108018280016618	0.0211882010801828	0.010386373078521	0.0116327378479435	0.0182800166181969	0.0124636476942252	0.0166181969256336	0.0137100124636477	0.0112172829248027	0.0116327378479435	0.0112172829248027	0.0203572912339011	0.0124636476942252	0.0182800166181969	0.0116327378479435	0.0191109264644786	0.0174491067719152	0.0203572912339011	NA	0.0199418363107603	0.0211882010801828	0.0186954715413378	0.0211882010801828	0.0186954715413378	0.0149563772330702	0.0166181969256336	NA	NA	NA	NA	NA	NA	NA	NA	NA	NA	NA	NA	NA	NA	NA	0.000830909846281678	NA	NA	NA	0.000830909846281678	NA	NA	NA	NA	0.00498545907769007	0.000415454923140839	NA	NA	NA	NA	NA	NA	NA	NA	NA	NA	NA	NA	NA	0.000830909846281678	0.00290818446198587	NA	NA	NA	NA	NA	NA	NA	NA	NA	NA	0.000830909846281678	NA	0.00124636476942252	NA	0.000415454923140839	0.000415454923140839	0.000415454923140839	0.000830909846281678	0.000415454923140839	0.000415454923140839	NA	NA	NA	NA	NA	NA	NA	NA	NA	NA	NA	NA	NA	NA	NA	NA	NA	NA	NA	NA	NA	NA	NA	NA	NA	NA	NA	NA	NA	NA	NA	NA	NA	NA	NA	NA	NA	NA	NA	NA	NA	NA	NA	NA	NA	NA	NA	NA	NA	NA	NA	NA	NA	NA	NA	NA	NA	NA	NA	NA	NA	NA	NA	NA	NA	NA	NA	NA	NA	NA	NA	NA	NA	NA	NA	NA	NA	NA	NA	NA	NA	NA	NA	NA	NA	NA	NA	NA	NA	NA	NA	NA	NA	NA	NA	NA	NA	NA	NA	NA	NA	NA	NA	NA	NA	NA	NA	NA	NA	NA	NA	NA	NA	NA	NA	NA	NA	NA
VIVO7_FEC_VLP_JUL19_F23	NA	0.000418118466898955	0.000418118466898955	NA	0.000557491289198606	NA	0.0140766550522648	0.0165853658536585	0.0206271777003484	0.022020905923345	0.0122648083623693	0.0200696864111498	0.0164459930313589	0.0177003484320557	0.0122648083623693	0.0207665505226481	0.017979094076655	0.0227177700348432	0.0125435540069686	0.017979094076655	0.0118466898954704	0.012404181184669	0.0160278745644599	0.0174216027874564	0.0182578397212544	0.0202090592334495	0.0160278745644599	0.0112891986062718	0.0206271777003484	0.0133797909407666	0.021602787456446	0.0252264808362369	0.0104529616724739	0.0170034843205575	0.0140766550522648	0.00822299651567944	0.0189547038327526	0.00724738675958188	0.0241114982578397	0.0115679442508711	0.009198606271777	0.0206271777003484	0.00975609756097561	0.0112891986062718	0.017979094076655	0.0135191637630662	0.0144947735191638	0.0100348432055749	0.0139372822299652	0.0129616724738676	0.00975609756097561	0.0195121951219512	0.0121254355400697	0.0213240418118467	0.0128222996515679	0.015609756097561	0.0177003484320557	0.0217421602787456	0.0114285714285714	0.0171428571428571	0.0193728222996516	0.0228571428571429	0.0209059233449477	0.0143554006968641	0.0105923344947735	0.0142160278745645	0.000696864111498258	NA	NA	NA	NA	0.000557491289198606	NA	0.000418118466898955	0.000418118466898955	NA	NA	NA	NA	NA	NA	0.000836236933797909	NA	NA	NA	0.000836236933797909	NA	0.000557491289198606	0.000418118466898955	NA	0.000557491289198606	0.000975609756097561	NA	NA	NA	NA	0.000418118466898955	0.000557491289198606	NA	NA	NA	0.000975609756097561	0.000836236933797909	NA	NA	0.000836236933797909	0.000836236933797909	0.000557491289198606	NA	0.000557491289198606	0.000696864111498258	0.000696864111498258	0.000418118466898955	NA	0.000696864111498258	0.000418118466898955	0.000557491289198606	0.000557491289198606	0.000278745644599303	0.000557491289198606	0.000696864111498258	0.000278745644599303	0.000418118466898955	NA	0.000557491289198606	0.000836236933797909	0.000557491289198606	0.000418118466898955	0.000557491289198606	0.000557491289198606	0.000418118466898955	0.000557491289198606	0.000278745644599303	0.000418118466898955	0.000696864111498258	0.000278745644599303	0.000418118466898955	0.000418118466898955	0.000278745644599303	0.000418118466898955	0.000418118466898955	0.000418118466898955	0.00111498257839721	0.000418118466898955	0.00766550522648084	0.000278745644599303	0.000557491289198606	0.000278745644599303	0.000418118466898955	0.000418118466898955	0.000418118466898955	0.000278745644599303	0.000418118466898955	0.000278745644599303	0.000696864111498258	0.000418118466898955	0.000557491289198606	0.000557491289198606	0.000557491289198606	0.000418118466898955	0.000418118466898955	0.000557491289198606	NA	NA	NA	NA	NA	NA	NA	NA	NA	NA	NA	NA	NA	NA	NA	NA	NA	NA	NA	NA	NA	NA	NA	NA	NA	NA	NA	NA	NA	NA	NA	NA	NA	NA	NA	NA	NA	NA	NA	NA	NA	NA	NA	NA	NA	NA	NA	NA	NA	NA	NA	NA	NA	NA	NA	NA	NA	NA	NA	NA	NA	NA	NA	NA	NA	NA	NA	NA	NA	NA	NA	NA	NA	NA	NA	NA	NA	NA	NA	NA	NA	NA	NA
VIVO7_FEC_VLP_JUL19_F24	NA	NA	NA	NA	NA	NA	0.0151400454201363	0.0170325510976533	0.022331566994701	0.022331566994701	0.0124905374716124	0.020439061317184	0.0170325510976533	0.0200605601816805	0.0128690386071158	0.0211960635881908	0.0166540499621499	0.022331566994701	0.0136260408781226	0.0196820590461771	0.012112036336109	0.0128690386071158	0.0174110522331567	0.0196820590461771	0.0162755488266465	0.0200605601816805	0.0162755488266465	0.014004542013626	0.0208175624526874	0.0128690386071158	0.0208175624526874	0.0268735806207419	0.0117335352006056	0.0177895533686601	0.0166540499621499	0.00832702498107494	0.0196820590461771	0.00794852384557154	0.0238455715367146	0.0117335352006056	0.010219530658592	0.0211960635881908	0.00984102952308857	0.0117335352006056	0.0166540499621499	0.0109765329295988	0.0151400454201363	0.0105980317940954	0.0162755488266465	0.0124905374716124	0.0109765329295988	0.0200605601816805	0.012112036336109	0.0208175624526874	0.014004542013626	0.0174110522331567	0.0185465556396669	0.0200605601816805	0.0128690386071158	0.0185465556396669	0.0208175624526874	0.020439061317184	0.0211960635881908	0.0166540499621499	0.0124905374716124	0.0158970476911431	0.00113550340651022	NA	NA	NA	NA	NA	NA	NA	NA	NA	NA	NA	NA	NA	NA	NA	NA	NA	NA	0.00113550340651022	NA	0.000757002271006813	NA	NA	NA	NA	NA	NA	0.000757002271006813	NA	NA	NA	NA	NA	NA	NA	NA	0.000757002271006813	NA	0.00113550340651022	NA	0.000757002271006813	NA	NA	NA	NA	NA	NA	0.00113550340651022	NA	NA	NA	NA	NA	0.00113550340651022	NA	NA	NA	NA	NA	0.000757002271006813	NA	NA	NA	NA	NA	NA	NA	0.000757002271006813	NA	NA	NA	NA	NA	NA	NA	NA	NA	NA	NA	NA	NA	NA	NA	NA	NA	NA	NA	NA	NA	NA	NA	0.000757002271006813	NA	NA	NA	NA	NA	NA	NA	NA	NA	NA	NA	NA	NA	NA	NA	NA	NA	NA	NA	NA	NA	NA	NA	NA	NA	NA	NA	NA	NA	NA	NA	NA	NA	NA	NA	NA	NA	NA	NA	NA	NA	NA	NA	NA	NA	NA	NA	NA	NA	NA	NA	NA	NA	NA	NA	NA	NA	NA	NA	NA	NA	NA	NA	NA	NA	NA	NA	NA	NA	NA	NA	NA	NA	NA	NA	NA	NA	NA	NA	NA	NA	NA	NA	NA	NA	NA
VIVO7_FEC_VLP_JUL19_M20	NA	0.00599828620394173	0.0145672664952871	0.0077120822622108	0.0025706940874036	NA	0.00599828620394173	0.00942587832047986	0.0111396743787489	0.0102827763496144	0.0102827763496144	0.00856898029134533	0.00599828620394173	0.0137103684661525	0.00599828620394173	0.00856898029134533	0.00856898029134533	0.0119965724078835	0.0077120822622108	0.00856898029134533	0.00599828620394173	0.00599828620394173	0.0077120822622108	0.0077120822622108	0.0102827763496144	0.00685518423307626	0.00685518423307626	0.00599828620394173	0.00942587832047986	0.00599828620394173	0.0102827763496144	0.0119965724078835	0.00599828620394173	0.0102827763496144	0.0111396743787489	0.0025706940874036	0.00942587832047986	0.00342759211653813	0.0077120822622108	0.0051413881748072	0.0428449014567266	0.0102827763496144	0.00342759211653813	0.0051413881748072	0.00685518423307626	0.0077120822622108	0.00685518423307626	0.0051413881748072	0.00856898029134533	0.0051413881748072	0.0051413881748072	0.00856898029134533	0.0051413881748072	0.0077120822622108	0.00599828620394173	0.0077120822622108	0.00685518423307626	0.012853470437018	NA	0.077120822622108	0.00942587832047986	0.0077120822622108	0.00942587832047986	0.00942587832047986	0.00599828620394173	0.00599828620394173	NA	NA	NA	NA	NA	NA	NA	NA	NA	NA	NA	NA	NA	NA	NA	0.0119965724078835	NA	NA	0.00171379605826907	NA	NA	NA	NA	NA	0.353898886032562	NA	0.00599828620394173	NA	NA	NA	NA	NA	NA	NA	0.00171379605826907	0.00342759211653813	0.00342759211653813	0.00428449014567267	0.00171379605826907	NA	0.00599828620394173	NA	NA	NA	NA	NA	NA	NA	NA	NA	NA	NA	NA	NA	NA	NA	NA	NA	NA	NA	NA	NA	NA	0.00171379605826907	NA	0.0025706940874036	NA	NA	NA	NA	NA	NA	NA	NA	NA	NA	NA	NA	NA	NA	NA	NA	NA	NA	NA	0.00171379605826907	NA	NA	NA	NA	NA	0.0025706940874036	NA	NA	NA	NA	0.00171379605826907	NA	NA	NA	NA	NA	NA	NA	NA	NA	NA	NA	NA	NA	NA	NA	NA	NA	NA	NA	NA	NA	NA	NA	NA	NA	NA	NA	NA	NA	NA	NA	NA	NA	NA	NA	NA	NA	NA	NA	NA	NA	NA	NA	NA	NA	NA	NA	NA	NA	NA	NA	NA	NA	NA	NA	NA	NA	NA	NA	NA	NA	NA	NA	NA	NA	NA	NA	NA	NA	NA	NA	NA	NA	NA	NA	NA	NA	NA	NA	NA	NA	NA
VIVO7_FEC_VLP_JUL4_F15	NA	0.00586264656616415	0.0134003350083752	NA	NA	NA	0.0117252931323283	0.0159128978224456	0.0217755443886097	0.0209380234505863	0.0125628140703518	0.0192629815745394	0.0150753768844221	0.0226130653266332	0.00921273031825796	0.016750418760469	0.016750418760469	0.0175879396984925	0.0125628140703518	0.0150753768844221	0.0117252931323283	0.0108877721943049	0.0159128978224456	0.016750418760469	0.0159128978224456	0.0201005025125628	0.0134003350083752	0.0125628140703518	0.0184254606365159	0.0125628140703518	0.0209380234505863	0.0226130653266332	0.0100502512562814	0.016750418760469	0.0226130653266332	0.0067001675041876	0.0184254606365159	0.0083752093802345	0.0184254606365159	0.0100502512562814	0.0251256281407035	0.0184254606365159	0.0100502512562814	0.0108877721943049	0.0142378559463987	0.0108877721943049	0.016750418760469	0.0108877721943049	0.0100502512562814	0.0134003350083752	0.0100502512562814	0.0184254606365159	0.0100502512562814	0.0192629815745394	0.0117252931323283	0.0159128978224456	0.0142378559463987	0.0209380234505863	NA	0.0460636515912898	0.0201005025125628	0.0134003350083752	0.0192629815745394	0.0175879396984925	0.0125628140703518	0.0134003350083752	NA	NA	NA	0.0016750418760469	NA	NA	NA	NA	NA	NA	NA	NA	NA	NA	NA	0.0083752093802345	NA	NA	NA	NA	NA	NA	NA	NA	NA	NA	0.0050251256281407	NA	NA	NA	NA	NA	NA	NA	NA	0.0033500837520938	0.0033500837520938	NA	NA	0.00251256281407035	0.00251256281407035	NA	NA	NA	NA	NA	NA	NA	NA	NA	NA	NA	NA	NA	NA	NA	NA	NA	NA	NA	NA	NA	NA	NA	NA	NA	NA	NA	NA	NA	NA	NA	NA	NA	NA	NA	NA	NA	NA	NA	NA	NA	NA	NA	NA	NA	NA	NA	NA	NA	NA	0.00251256281407035	NA	NA	NA	NA	NA	NA	0.0033500837520938	NA	NA	NA	NA	0.000837520938023451	0.00418760469011725	0.00418760469011725	0.0016750418760469	0.00251256281407035	NA	NA	NA	NA	NA	NA	NA	NA	NA	NA	NA	NA	NA	NA	NA	NA	NA	NA	NA	NA	NA	NA	NA	NA	NA	NA	NA	NA	NA	NA	NA	NA	NA	NA	NA	NA	NA	NA	NA	NA	NA	NA	NA	NA	NA	NA	NA	NA	NA	NA	NA	NA	NA	NA	NA	NA	NA	NA	NA	NA	NA	NA	NA	NA	NA	NA	NA	NA	NA	NA	NA
VIVO7_FEC_VLP_JUL4_F16	NA	0.00664451827242525	0.0158730158730159	0.00332225913621262	0.0014765596160945	NA	0.00959763750461425	0.0129198966408269	0.0173495754891104	0.0151347360649686	0.00775193798449612	0.0155038759689922	0.011812476928756	0.0166112956810631	0.00701365817644887	0.0140273163528977	0.011812476928756	0.0151347360649686	0.00922849760059062	0.0132890365448505	0.0103359173126615	0.00922849760059062	0.014765596160945	0.011812476928756	0.0121816168327796	0.0140273163528977	0.00959763750461425	0.00996677740863787	0.0121816168327796	0.008859357696567	0.0166112956810631	0.0158730158730159	0.00996677740863787	0.014765596160945	0.0221483942414175	0.00479881875230712	0.0136581764488741	0.00627537836840162	0.014765596160945	0.00812107788851975	0.0598006644518272	0.014765596160945	0.00775193798449612	0.00812107788851975	0.0125507567368032	0.00812107788851975	0.0129198966408269	0.00775193798449612	0.00812107788851975	0.00959763750461425	0.00849021779254337	0.0140273163528977	0.00849021779254337	0.0143964562569214	0.0103359173126615	0.0143964562569214	0.0121816168327796	0.0180878552971576	0.00701365817644887	0.113695090439276	0.0166112956810631	0.0136581764488741	0.0151347360649686	0.014765596160945	0.0107050572166851	0.0110741971207087	NA	0.0014765596160945	NA	0.0014765596160945	NA	NA	NA	NA	NA	NA	NA	NA	NA	NA	NA	0.011812476928756	NA	NA	0.00073827980804725	0.00110741971207087	0.00073827980804725	NA	NA	NA	NA	NA	0.005906238464378	NA	NA	NA	NA	NA	NA	0.00332225913621262	0.002953119232189	0.0044296788482835	0.005906238464378	0.00406053894425987	0.00110741971207087	0.00184569952011812	NA	NA	NA	NA	NA	0.00110741971207087	NA	NA	NA	NA	0.00073827980804725	NA	NA	NA	NA	NA	NA	NA	NA	NA	NA	NA	NA	0.00073827980804725	NA	0.0014765596160945	NA	0.00110741971207087	NA	NA	0.00073827980804725	NA	NA	NA	NA	NA	NA	NA	NA	NA	0.00073827980804725	NA	NA	0.00110741971207087	NA	NA	0.00110741971207087	NA	NA	NA	0.00073827980804725	0.00332225913621262	0.00073827980804725	NA	0.00110741971207087	0.0014765596160945	NA	0.00073827980804725	0.00479881875230712	NA	NA	0.00184569952011812	NA	0.00221483942414175	0.00775193798449612	0.00479881875230712	0.00221483942414175	0.00406053894425987	0.00221483942414175	0.00184569952011812	0.00110741971207087	0.000369139904023625	0.00073827980804725	0.000369139904023625	0.00110741971207087	0.00110741971207087	0.00073827980804725	0.000369139904023625	0.0014765596160945	NA	NA	NA	NA	NA	NA	NA	NA	NA	NA	NA	NA	NA	NA	NA	NA	NA	NA	NA	NA	NA	NA	NA	NA	NA	NA	NA	NA	NA	NA	NA	NA	NA	NA	NA	NA	NA	NA	NA	NA	NA	NA	NA	NA	NA	NA	NA	NA	NA	NA	NA	NA	NA	NA	NA	NA	NA	NA	NA	NA
VIVO7_FEC_VLP_JUL4_M12	NA	0.00738636363636364	0.0142045454545455	NA	NA	NA	0.00454545454545455	0.00511363636363636	0.00795454545454545	0.00795454545454545	0.00454545454545455	0.00625	0.00511363636363636	0.00795454545454545	0.00340909090909091	0.00568181818181818	0.00511363636363636	0.00738636363636364	0.00397727272727273	0.00681818181818182	0.00511363636363636	0.00625	0.00625	0.00568181818181818	0.00625	0.00625	0.00340909090909091	0.00511363636363636	0.00568181818181818	0.00397727272727273	0.00795454545454545	0.00852272727272727	0.00397727272727273	0.00738636363636364	0.0113636363636364	0.00227272727272727	0.00568181818181818	0.00284090909090909	0.00738636363636364	0.00340909090909091	0.202840909090909	0.00625	0.00397727272727273	0.00340909090909091	0.00625	0.00511363636363636	0.00625	0.00397727272727273	0.00397727272727273	0.00397727272727273	0.00340909090909091	0.00625	0.00340909090909091	0.00568181818181818	0.00511363636363636	0.00568181818181818	0.00511363636363636	0.0102272727272727	NA	0.377840909090909	0.00738636363636364	0.00511363636363636	0.00681818181818182	0.00625	0.00397727272727273	0.00454545454545455	NA	0.00284090909090909	NA	0.00227272727272727	NA	NA	NA	NA	NA	NA	NA	NA	NA	NA	NA	0.00454545454545455	NA	NA	NA	NA	NA	NA	NA	NA	NA	NA	0.00625	NA	NA	NA	NA	NA	NA	NA	NA	0.00170454545454545	0.00170454545454545	NA	0.000568181818181818	NA	NA	NA	NA	NA	NA	NA	NA	NA	NA	NA	NA	NA	NA	NA	NA	NA	NA	NA	NA	NA	NA	NA	NA	NA	NA	0.00113636363636364	NA	NA	NA	NA	NA	NA	NA	NA	NA	NA	NA	NA	NA	NA	NA	NA	NA	NA	NA	NA	NA	NA	NA	NA	NA	0.00170454545454545	NA	NA	NA	NA	NA	NA	NA	NA	NA	0.00227272727272727	NA	0.00397727272727273	0.0102272727272727	0.0125	0.00284090909090909	0.00568181818181818	0.00284090909090909	NA	0.00170454545454545	NA	NA	0.00170454545454545	0.00170454545454545	0.00113636363636364	NA	NA	0.00284090909090909	0.000568181818181818	0.00284090909090909	0.00113636363636364	NA	NA	NA	NA	NA	NA	NA	NA	NA	NA	NA	NA	NA	NA	NA	NA	NA	NA	NA	NA	NA	NA	NA	NA	NA	NA	NA	NA	NA	NA	NA	NA	NA	NA	NA	NA	NA	NA	NA	NA	NA	NA	NA	NA	NA	NA	NA	NA	NA	NA	NA	NA	NA	NA	NA	NA	NA
VIVO7_FEC_VLP_JUL4_M13	NA	0.0157170923379175	0.0333988212180747	NA	NA	NA	0.00982318271119843	0.0117878192534381	0.0137524557956778	0.0157170923379175	0.00982318271119843	0.0137524557956778	0.00982318271119843	0.0176817288801572	0.00785854616895874	0.0137524557956778	0.00785854616895874	0.0157170923379175	0.00785854616895874	0.0137524557956778	0.00982318271119843	0.00982318271119843	0.0117878192534381	0.0137524557956778	0.0117878192534381	0.0137524557956778	0.00982318271119843	0.00785854616895874	0.0117878192534381	0.00982318271119843	0.0157170923379175	0.0235756385068762	0.00589390962671906	0.0176817288801572	0.0196463654223969	NA	0.0117878192534381	0.00392927308447937	0.0157170923379175	0.00785854616895874	0.0766208251473477	0.0137524557956778	0.00589390962671906	0.00785854616895874	0.00982318271119843	0.00785854616895874	0.00785854616895874	0.00589390962671906	0.00982318271119843	0.00785854616895874	0.00589390962671906	0.0157170923379175	0.00785854616895874	0.00982318271119843	0.00982318271119843	0.00982318271119843	0.0137524557956778	0.0216110019646365	NA	0.149312377210216	0.0137524557956778	0.0137524557956778	0.0137524557956778	0.00982318271119843	0.00785854616895874	0.0117878192534381	NA	NA	NA	0.00196463654223969	NA	NA	NA	NA	NA	NA	NA	NA	NA	NA	NA	NA	NA	NA	NA	NA	NA	NA	NA	NA	NA	NA	0.0157170923379175	NA	NA	NA	NA	NA	NA	NA	NA	NA	NA	NA	NA	NA	0.00392927308447937	NA	NA	NA	NA	NA	NA	NA	NA	NA	NA	NA	NA	NA	NA	NA	NA	NA	NA	NA	NA	NA	NA	NA	NA	NA	NA	NA	NA	NA	NA	NA	NA	NA	NA	NA	NA	NA	NA	NA	NA	NA	NA	NA	NA	NA	NA	NA	NA	NA	NA	NA	NA	NA	NA	NA	NA	NA	NA	NA	NA	NA	NA	0.00392927308447937	0.00982318271119843	0.0255402750491159	0.00392927308447937	0.00589390962671906	0.00392927308447937	NA	NA	NA	NA	NA	NA	NA	NA	NA	0.00196463654223969	NA	0.00589390962671906	NA	NA	NA	NA	NA	NA	NA	NA	NA	NA	NA	NA	NA	NA	NA	NA	NA	NA	NA	NA	NA	NA	NA	NA	NA	NA	NA	NA	NA	NA	NA	NA	NA	NA	NA	NA	NA	NA	NA	NA	NA	NA	NA	NA	NA	NA	NA	NA	NA	NA	NA	NA	NA	NA	NA	NA	NA	NA
VIVO7_FEC_VLP_JUL4_M14	NA	0.00633356790992259	0.0112596762843068	NA	NA	NA	0.0105559465165376	0.0140745953553835	0.0175932441942294	0.0168895144264602	0.0091484869809993	0.0182969739619986	0.0133708655876144	0.0204081632653061	0.00844475721323012	0.0161857846586911	0.0161857846586911	0.0168895144264602	0.0105559465165376	0.0140745953553835	0.0112596762843068	0.0105559465165376	0.0147783251231527	0.0147783251231527	0.0133708655876144	0.0175932441942294	0.0133708655876144	0.0105559465165376	0.0161857846586911	0.00985221674876847	0.0190007037297678	0.0197044334975369	0.0112596762843068	0.0133708655876144	0.0190007037297678	0.00562983814215341	0.0168895144264602	0.00703729767769177	0.0190007037297678	0.00844475721323012	0.0499648135116115	0.0175932441942294	0.0091484869809993	0.0091484869809993	0.011963406052076	0.0105559465165376	0.0147783251231527	0.00844475721323012	0.0105559465165376	0.0112596762843068	0.0091484869809993	0.0168895144264602	0.0105559465165376	0.0175932441942294	0.0112596762843068	0.0140745953553835	0.0133708655876144	0.0211118930330753	0.00774102744546094	0.0893736805066854	0.0175932441942294	0.0182969739619986	0.0175932441942294	0.0147783251231527	0.0105559465165376	0.0126671358198452	NA	NA	NA	NA	NA	NA	NA	NA	NA	NA	NA	NA	NA	NA	NA	NA	NA	NA	NA	0.00211118930330753	NA	NA	NA	NA	NA	0.00140745953553835	0.00562983814215341	NA	NA	NA	NA	NA	NA	NA	NA	NA	NA	NA	NA	0.00140745953553835	NA	NA	NA	NA	0.00140745953553835	0.00211118930330753	NA	NA	NA	NA	NA	NA	NA	NA	NA	NA	NA	NA	NA	NA	0.00281491907107671	NA	0.00140745953553835	NA	NA	NA	NA	NA	NA	NA	NA	NA	NA	NA	NA	NA	0.00281491907107671	NA	NA	NA	NA	NA	NA	NA	NA	NA	NA	NA	0.000703729767769177	NA	NA	NA	NA	NA	NA	NA	NA	NA	0.00422237860661506	NA	0.00140745953553835	NA	0.00351864883884588	NA	0.00140745953553835	0.00774102744546094	NA	NA	NA	NA	NA	NA	NA	NA	NA	NA	NA	NA	NA	NA	0.00351864883884588	0.00211118930330753	0.000703729767769177	NA	NA	NA	NA	NA	NA	NA	NA	NA	NA	NA	NA	NA	NA	NA	NA	NA	NA	NA	NA	NA	NA	NA	NA	NA	NA	NA	NA	NA	NA	NA	NA	NA	NA	NA	NA	NA	NA	NA	NA	NA	NA	NA	NA	NA	NA	NA	NA	NA	NA	NA	NA	NA	NA	NA	NA
VIVO7_FEC_VLP_JUN10_F21	NA	NA	NA	NA	NA	NA	0.0124352331606218	0.016580310880829	0.0217616580310881	0.0217616580310881	0.0134715025906736	0.0196891191709845	0.016580310880829	0.0238341968911917	0.0103626943005181	0.016580310880829	0.0155440414507772	0.0207253886010363	0.0134715025906736	0.016580310880829	0.0124352331606218	0.0113989637305699	0.0207253886010363	0.016580310880829	0.0134715025906736	0.0217616580310881	0.0176165803108808	0.0155440414507772	0.0196891191709845	0.0113989637305699	0.0227979274611399	0.0207253886010363	0.0145077720207254	0.0186528497409326	0.0238341968911917	0.00621761658031088	0.0186528497409326	0.00932642487046632	0.0207253886010363	0.0103626943005181	0.0176165803108808	0.0207253886010363	0.0113989637305699	0.0113989637305699	0.016580310880829	0.0124352331606218	0.0124352331606218	0.0124352331606218	0.00932642487046632	0.00932642487046632	0.0113989637305699	0.0217616580310881	0.0145077720207254	0.0186528497409326	0.0103626943005181	0.0196891191709845	0.0155440414507772	0.0238341968911917	0.0134715025906736	0.0341968911917098	0.0217616580310881	0.0145077720207254	0.0217616580310881	0.0217616580310881	0.0145077720207254	0.016580310880829	NA	NA	NA	NA	NA	NA	NA	NA	NA	NA	NA	NA	NA	NA	NA	NA	NA	NA	NA	NA	NA	NA	NA	NA	0.00621761658031088	NA	NA	NA	NA	NA	NA	NA	NA	NA	NA	NA	NA	NA	NA	NA	NA	NA	NA	NA	NA	NA	NA	NA	NA	NA	NA	NA	NA	NA	NA	NA	NA	NA	NA	NA	NA	NA	NA	NA	NA	NA	NA	NA	NA	NA	NA	NA	NA	NA	NA	NA	NA	NA	NA	NA	NA	NA	NA	NA	NA	NA	NA	NA	NA	NA	NA	NA	NA	NA	NA	NA	NA	NA	NA	NA	NA	NA	NA	NA	NA	NA	NA	NA	NA	NA	NA	NA	NA	NA	NA	NA	NA	NA	NA	NA	NA	NA	NA	NA	NA	NA	NA	NA	NA	NA	NA	NA	NA	NA	NA	NA	NA	NA	NA	NA	NA	NA	NA	NA	NA	NA	NA	NA	NA	NA	NA	NA	NA	NA	NA	NA	NA	NA	NA	NA	NA	NA	NA	NA	NA	NA	NA	NA	NA	NA	NA	NA	NA	NA	NA	NA	NA	NA	NA
VIVO7_FEC_VLP_JUN10_F22	NA	0.00695249130938586	0.0173812282734647	NA	NA	NA	0.00695249130938586	0.00695249130938586	0.00926998841251448	0.0104287369640788	0.0173812282734647	0.00926998841251448	0.00579374275782155	0.0104287369640788	0.00695249130938586	0.00926998841251448	0.00579374275782155	0.0115874855156431	0.00579374275782155	0.00811123986095017	0.00463499420625724	0.00811123986095017	0.00579374275782155	0.00811123986095017	0.0115874855156431	0.0104287369640788	0.00811123986095017	0.00811123986095017	0.00811123986095017	0.00811123986095017	0.0115874855156431	0.0139049826187717	0.00347624565469293	0.00811123986095017	0.0104287369640788	0.00231749710312862	0.00811123986095017	NA	0.00926998841251448	0.00695249130938586	0.129779837775203	0.0104287369640788	0.00463499420625724	0.00463499420625724	0.00695249130938586	0.00579374275782155	0.00463499420625724	0.00347624565469293	0.00695249130938586	0.00347624565469293	0.00463499420625724	0.00811123986095017	0.00579374275782155	0.00695249130938586	0.00463499420625724	0.0104287369640788	0.00926998841251448	0.00926998841251448	NA	0.222479721900348	0.00926998841251448	0.0115874855156431	0.00926998841251448	0.00811123986095017	0.00579374275782155	0.00811123986095017	NA	NA	NA	NA	NA	NA	NA	NA	NA	NA	NA	NA	NA	NA	NA	0.0104287369640788	NA	NA	NA	NA	NA	NA	NA	NA	0.135573580533024	NA	0.00811123986095017	NA	NA	NA	NA	NA	NA	NA	NA	0.00347624565469293	0.00579374275782155	NA	0.00115874855156431	NA	NA	NA	NA	NA	NA	NA	NA	NA	NA	NA	NA	NA	NA	NA	NA	NA	NA	NA	NA	NA	NA	NA	NA	NA	NA	NA	NA	NA	NA	NA	NA	NA	NA	NA	NA	NA	NA	NA	NA	NA	NA	NA	NA	NA	NA	NA	NA	NA	NA	NA	NA	0.00115874855156431	NA	NA	NA	NA	0.00463499420625724	NA	NA	NA	NA	NA	0.00579374275782155	NA	NA	NA	NA	NA	NA	NA	NA	NA	NA	NA	NA	NA	NA	NA	NA	NA	NA	NA	NA	0.00579374275782155	NA	NA	NA	NA	NA	NA	NA	NA	NA	NA	NA	NA	NA	NA	NA	NA	NA	NA	NA	NA	NA	NA	NA	NA	NA	NA	NA	NA	NA	NA	NA	NA	NA	NA	NA	NA	NA	NA	NA	NA	NA	NA	NA	NA	NA	NA	NA	NA	NA	NA	NA	NA	NA	NA	NA
VIVO7_FEC_VLP_JUN10_F23	NA	NA	NA	NA	NA	NA	0.015495867768595	0.0144628099173554	0.018595041322314	0.0216942148760331	0.0103305785123967	0.018595041322314	0.015495867768595	0.0196280991735537	0.0134297520661157	0.0196280991735537	0.0144628099173554	0.0237603305785124	0.012396694214876	0.0165289256198347	0.012396694214876	0.012396694214876	0.015495867768595	0.018595041322314	0.015495867768595	0.0196280991735537	0.0165289256198347	0.012396694214876	0.0165289256198347	0.0144628099173554	0.018595041322314	0.0258264462809917	0.00929752066115703	0.0165289256198347	0.0144628099173554	0.00619834710743802	0.018595041322314	0.00619834710743802	0.0227272727272727	0.012396694214876	0.0289256198347107	0.0196280991735537	0.00826446280991736	0.0113636363636364	0.0165289256198347	0.012396694214876	0.0134297520661157	0.00723140495867769	0.0165289256198347	0.00929752066115703	0.00929752066115703	0.0196280991735537	0.0103305785123967	0.0196280991735537	0.0113636363636364	0.0175619834710744	0.0196280991735537	0.0196280991735537	0.0134297520661157	0.0485537190082645	0.018595041322314	0.0216942148760331	0.018595041322314	0.0134297520661157	0.0113636363636364	0.015495867768595	NA	NA	NA	NA	NA	NA	NA	NA	NA	NA	NA	NA	NA	NA	NA	0.00206611570247934	NA	NA	NA	NA	NA	NA	NA	NA	0.0247933884297521	NA	NA	NA	NA	NA	NA	NA	NA	NA	NA	NA	NA	NA	NA	0.00206611570247934	NA	NA	NA	NA	NA	NA	NA	NA	NA	NA	NA	NA	NA	NA	NA	NA	NA	NA	NA	NA	NA	NA	NA	NA	NA	NA	NA	NA	NA	NA	NA	NA	NA	NA	NA	NA	NA	NA	NA	NA	NA	NA	NA	NA	NA	NA	NA	NA	NA	NA	NA	NA	NA	NA	NA	NA	NA	NA	NA	NA	NA	NA	NA	NA	NA	NA	NA	NA	NA	NA	NA	NA	NA	NA	NA	NA	NA	NA	NA	NA	NA	NA	NA	NA	NA	NA	NA	NA	NA	NA	NA	NA	NA	NA	NA	NA	NA	NA	NA	NA	NA	NA	NA	NA	NA	NA	NA	NA	NA	NA	NA	NA	NA	NA	NA	NA	NA	NA	NA	NA	NA	NA	NA	NA	NA	NA	NA	NA	NA	NA	NA	NA	NA	NA	NA	NA	NA	NA	NA
VIVO7_FEC_VLP_JUN10_F24	NA	0.00265721877767936	0.00974313551815766	0.00620017714791851	0.00177147918511957	NA	0.00974313551815766	0.00797165633303809	0.0106288751107174	0.0128432240921169	0.0128432240921169	0.0101860053144376	0.00885739592559787	0.0115146147032772	0.00974313551815766	0.0110717449069973	0.00885739592559787	0.0163861824623561	0.0070859167404783	0.0110717449069973	0.0070859167404783	0.0110717449069973	0.00930026572187777	0.00974313551815766	0.0110717449069973	0.012400354295837	0.00885739592559787	0.0070859167404783	0.0110717449069973	0.00974313551815766	0.0119574844995571	0.0221434898139947	0.00531443755535872	0.0101860053144376	0.00974313551815766	0.00398582816651904	0.0110717449069973	0.00354295837023915	0.0128432240921169	0.00797165633303809	0.0770593445527015	0.0132860938883968	0.00531443755535872	0.0070859167404783	0.0110717449069973	0.00752878653675819	0.00752878653675819	0.00575730735163862	0.0101860053144376	0.00575730735163862	0.00620017714791851	0.00930026572187777	0.00752878653675819	0.0101860053144376	0.00752878653675819	0.0106288751107174	0.012400354295837	0.0119574844995571	NA	0.149689991142604	0.0119574844995571	0.0141718334809566	0.0128432240921169	0.00974313551815766	0.00664304694419841	0.00930026572187777	NA	NA	NA	NA	NA	NA	NA	NA	NA	NA	NA	NA	NA	NA	NA	0.00885739592559787	NA	NA	0.00132860938883968	NA	NA	NA	NA	NA	0.142604074402126	NA	0.00265721877767936	NA	NA	NA	NA	NA	NA	0.00221434898139947	0.00132860938883968	0.00398582816651904	0.00575730735163862	0.00221434898139947	0.00132860938883968	0.00132860938883968	NA	NA	NA	NA	NA	NA	NA	NA	NA	NA	NA	NA	NA	NA	NA	NA	NA	NA	NA	NA	NA	0.00132860938883968	NA	0.00132860938883968	NA	0.00221434898139947	NA	NA	NA	NA	NA	NA	NA	NA	NA	NA	NA	NA	NA	NA	NA	NA	0.000885739592559787	NA	NA	0.000885739592559787	0.000885739592559787	NA	NA	NA	NA	0.00221434898139947	NA	NA	NA	0.00132860938883968	0.00132860938883968	NA	0.00265721877767936	NA	NA	NA	0.00221434898139947	NA	NA	NA	NA	NA	NA	0.00132860938883968	NA	NA	NA	NA	NA	NA	NA	NA	NA	NA	NA	NA	NA	0.00177147918511957	NA	NA	NA	NA	NA	NA	NA	NA	NA	NA	NA	NA	NA	NA	NA	NA	NA	NA	NA	NA	NA	NA	NA	NA	NA	NA	NA	NA	NA	NA	NA	NA	NA	NA	NA	NA	NA	NA	NA	NA	NA	NA	NA	NA	NA	NA	NA	NA	NA	NA	NA	NA	NA	NA	NA
VIVO7_FEC_VLP_JUN10_M20	NA	NA	NA	NA	NA	NA	0.0150107219442459	0.0157255182273052	0.0185847033595425	0.0214438884917798	0.0157255182273052	0.0192994996426019	0.0157255182273052	0.0171551107934239	0.0135811293781272	0.0207290922087205	0.0157255182273052	0.0235882773409578	0.0128663330950679	0.0178699070764832	0.0121515368120086	0.0121515368120086	0.0157255182273052	0.0171551107934239	0.0171551107934239	0.0207290922087205	0.0150107219442459	0.0135811293781272	0.0200142959256612	0.0135811293781272	0.0192994996426019	0.0293066476054325	0.0100071479628306	0.0178699070764832	0.0150107219442459	0.00786275911365261	0.0185847033595425	0.00643316654753395	0.0228734810578985	0.0121515368120086	0.0214438884917798	0.0207290922087205	0.00857755539671194	0.0121515368120086	0.0185847033595425	0.0135811293781272	0.0114367405289492	0.00929235167977126	0.0142959256611866	0.0100071479628306	0.0107219442458899	0.0185847033595425	0.0121515368120086	0.0200142959256612	0.0128663330950679	0.0200142959256612	0.0192994996426019	0.0192994996426019	0.0135811293781272	0.0357398141529664	0.0200142959256612	0.0228734810578985	0.0200142959256612	0.0157255182273052	0.0114367405289492	0.0142959256611866	NA	NA	NA	NA	NA	NA	NA	NA	NA	NA	NA	NA	NA	NA	NA	NA	NA	NA	NA	NA	NA	NA	NA	NA	0.00714796283059328	NA	NA	NA	NA	NA	NA	NA	NA	NA	NA	NA	NA	0.00142959256611866	NA	0.00285918513223731	NA	NA	NA	NA	NA	NA	NA	NA	NA	NA	NA	NA	NA	NA	NA	NA	NA	NA	NA	NA	NA	NA	NA	NA	NA	NA	NA	NA	NA	NA	NA	NA	NA	NA	NA	NA	NA	NA	NA	NA	NA	NA	NA	NA	NA	NA	NA	NA	NA	NA	NA	NA	0.00214438884917798	NA	NA	NA	NA	NA	NA	NA	NA	NA	NA	NA	NA	NA	NA	NA	NA	NA	NA	NA	NA	NA	NA	NA	NA	NA	NA	NA	NA	NA	NA	NA	NA	NA	NA	NA	NA	NA	NA	NA	NA	NA	NA	NA	NA	NA	NA	NA	NA	NA	NA	NA	NA	NA	NA	NA	NA	NA	NA	NA	NA	NA	NA	NA	NA	NA	NA	NA	NA	NA	NA	NA	NA	NA	NA	NA	NA	NA	NA	NA	NA	NA	NA	NA	NA	NA	NA
VIVO7_FEC_VLP_JUN11_F15	NA	0.0291891891891892	0.067027027027027	0.00864864864864865	0.00864864864864865	NA	0.00432432432432432	0.00864864864864865	0.0118918918918919	0.0118918918918919	0.00540540540540541	0.00972972972972973	0.00648648648648649	0.0194594594594595	0.00432432432432432	0.00864864864864865	0.0108108108108108	0.00972972972972973	0.00540540540540541	0.00972972972972973	0.00756756756756757	0.00540540540540541	0.0118918918918919	0.00648648648648649	0.00756756756756757	0.00648648648648649	0.00648648648648649	0.00540540540540541	0.00864864864864865	0.00540540540540541	0.012972972972973	0.00864864864864865	0.00648648648648649	0.0140540540540541	0.0248648648648649	0.00324324324324324	0.0140540540540541	0.00324324324324324	0.00648648648648649	0.00432432432432432	0.0572972972972973	0.0118918918918919	0.00540540540540541	0.00540540540540541	0.00864864864864865	0.00432432432432432	0.00540540540540541	0.00540540540540541	0.00432432432432432	0.00540540540540541	0.00648648648648649	0.00972972972972973	0.00648648648648649	0.00756756756756757	0.00648648648648649	0.00864864864864865	0.00756756756756757	0.012972972972973	NA	0.115675675675676	0.0118918918918919	0.00648648648648649	0.00972972972972973	0.0140540540540541	0.00972972972972973	0.00756756756756757	NA	0.00432432432432432	NA	0.00324324324324324	NA	NA	NA	NA	NA	NA	NA	NA	NA	NA	NA	0.0118918918918919	NA	NA	NA	NA	0.00864864864864865	NA	NA	NA	NA	NA	0.0335135135135135	NA	NA	NA	NA	NA	NA	NA	0.00216216216216216	0.00324324324324324	NA	0.0183783783783784	NA	0.0118918918918919	NA	NA	NA	NA	NA	NA	NA	NA	NA	NA	NA	NA	NA	NA	NA	NA	0.00648648648648649	NA	0.00432432432432432	NA	NA	NA	NA	NA	NA	NA	NA	NA	NA	NA	0.00216216216216216	NA	NA	NA	NA	NA	NA	NA	NA	NA	0.00432432432432432	NA	NA	0.00324324324324324	NA	NA	NA	NA	NA	NA	NA	NA	0.00432432432432432	0.00216216216216216	NA	NA	NA	0.00324324324324324	0.0227027027027027	NA	NA	0.00324324324324324	NA	0.00432432432432432	0.0118918918918919	0.0389189189189189	0.00432432432432432	0.00756756756756757	0.00432432432432432	0.00432432432432432	NA	NA	NA	NA	NA	0.00216216216216216	NA	0.00216216216216216	0.00216216216216216	NA	NA	NA	NA	NA	NA	NA	NA	NA	NA	NA	NA	NA	NA	NA	NA	NA	NA	NA	NA	NA	NA	NA	NA	NA	NA	NA	NA	NA	NA	NA	NA	NA	NA	NA	NA	NA	NA	NA	NA	NA	NA	NA	NA	NA	NA	NA	NA	NA	NA	NA	NA	NA	NA	NA	NA	NA	NA	NA	NA
VIVO7_FEC_VLP_JUN11_F16	NA	0.0131434830230011	0.0372398685651698	0.00985761226725082	0.00328587075575027	NA	0.00876232201533406	0.0109529025191676	0.0142387732749179	0.0120481927710843	0.0076670317634173	0.0120481927710843	0.00985761226725082	0.0153340635268346	0.0076670317634173	0.0120481927710843	0.0109529025191676	0.0142387732749179	0.00657174151150055	0.0109529025191676	0.00876232201533406	0.0076670317634173	0.0120481927710843	0.00985761226725082	0.0109529025191676	0.0109529025191676	0.0076670317634173	0.0076670317634173	0.0131434830230011	0.0076670317634173	0.0153340635268346	0.0175246440306681	0.00657174151150055	0.0120481927710843	0.0197152245345016	0.00438116100766703	0.0131434830230011	0.00438116100766703	0.0131434830230011	0.00657174151150055	0.0799561883899233	0.0142387732749179	0.00547645125958379	0.0076670317634173	0.0120481927710843	0.0109529025191676	0.00985761226725082	0.00657174151150055	0.0076670317634173	0.0076670317634173	0.0076670317634173	0.0120481927710843	0.00547645125958379	0.0109529025191676	0.00876232201533406	0.0120481927710843	0.00985761226725082	0.0142387732749179	NA	0.146768893756846	0.0142387732749179	0.0120481927710843	0.0131434830230011	0.0142387732749179	0.00985761226725082	0.00985761226725082	NA	0.00219058050383352	NA	0.00109529025191676	NA	NA	NA	NA	NA	NA	NA	NA	NA	NA	NA	0.0131434830230011	NA	NA	NA	NA	NA	NA	NA	NA	NA	NA	0.0109529025191676	NA	NA	NA	NA	NA	NA	NA	0.00219058050383352	0.00328587075575027	NA	NA	NA	0.00657174151150055	0.00219058050383352	NA	NA	NA	NA	NA	NA	NA	NA	NA	NA	NA	NA	NA	NA	NA	0.00328587075575027	NA	NA	NA	NA	NA	NA	NA	NA	0.00219058050383352	NA	NA	NA	NA	NA	NA	NA	NA	NA	NA	NA	NA	NA	NA	0.00219058050383352	NA	NA	NA	NA	NA	NA	NA	NA	NA	NA	NA	0.00109529025191676	NA	NA	NA	NA	0.00109529025191676	0.0076670317634173	NA	NA	0.00328587075575027	NA	0.00219058050383352	0.00985761226725082	0.0197152245345016	0.00219058050383352	0.00438116100766703	0.00109529025191676	0.00657174151150055	NA	NA	NA	NA	NA	NA	NA	NA	0.00219058050383352	NA	NA	NA	NA	NA	NA	NA	NA	NA	NA	NA	NA	NA	NA	NA	NA	NA	NA	NA	NA	NA	NA	NA	NA	NA	NA	NA	NA	NA	NA	NA	NA	NA	NA	NA	NA	NA	NA	NA	NA	NA	NA	NA	NA	NA	NA	NA	NA	NA	NA	NA	NA	NA	NA	NA	NA	NA	NA	NA	NA
VIVO7_FEC_VLP_JUN11_M12	0.00084554678692221	0.0304396843291995	0.060315670800451	0.00479143179255919	0.00704622322435175	NA	0.0056369785794814	0.00648252536640361	0.0118376550169109	0.00901916572717024	0.00620067643742954	0.00901916572717024	0.00620067643742954	0.0146561443066516	0.00479143179255919	0.00789177001127396	0.00789177001127396	0.00930101465614431	0.00620067643742954	0.00732807215332582	0.00732807215332582	0.00676437429537768	0.00901916572717024	0.00732807215332582	0.0084554678692221	0.00732807215332582	0.00535512965050733	0.00648252536640361	0.00732807215332582	0.0056369785794814	0.0118376550169109	0.0101465614430665	0.00479143179255919	0.00986471251409245	0.0214205186020293	0.00253664036076663	0.00986471251409245	0.00338218714768884	0.00986471251409245	0.00450958286358512	0.0865276211950395	0.00958286358511838	0.00422773393461105	0.00507328072153326	0.00704622322435175	0.00535512965050733	0.00535512965050733	0.00422773393461105	0.00450958286358512	0.00394588500563698	0.0056369785794814	0.00704622322435175	0.00535512965050733	0.00648252536640361	0.00760992108229989	0.00873731679819617	0.00732807215332582	0.0174746335963923	NA	0.166854565952649	0.00958286358511838	0.00648252536640361	0.00760992108229989	0.00958286358511838	0.00732807215332582	0.00648252536640361	NA	0.00253664036076663	NA	0.00140924464487035	NA	NA	NA	NA	NA	NA	NA	NA	NA	NA	NA	0.0107102593010147	NA	NA	0.00112739571589628	NA	0.00112739571589628	NA	NA	NA	NA	NA	0.0335400225479143	NA	NA	NA	NA	NA	NA	0.00197294250281849	0.00366403607666291	0.0056369785794814	0.00704622322435175	0.0188838782412627	0.00253664036076663	0.00648252536640361	NA	NA	NA	NA	NA	NA	NA	NA	NA	NA	NA	NA	NA	NA	NA	NA	0.00394588500563698	NA	0.00310033821871477	NA	NA	0.00056369785794814	NA	NA	NA	0.00253664036076663	NA	0.00169109357384442	NA	NA	0.00310033821871477	NA	0.00169109357384442	NA	NA	NA	NA	NA	NA	NA	0.00310033821871477	NA	0.00112739571589628	0.00310033821871477	NA	0.00112739571589628	0.00140924464487035	NA	NA	NA	NA	0.00394588500563698	0.00197294250281849	0.00169109357384442	0.00112739571589628	0.00225479143179256	NA	0.00197294250281849	0.0214205186020293	0.00112739571589628	NA	0.00338218714768884	NA	0.00140924464487035	0.00479143179255919	0.0197294250281849	0.00169109357384442	0.00253664036076663	0.00140924464487035	0.00310033821871477	0.00084554678692221	NA	0.00112739571589628	0.00169109357384442	0.00112739571589628	0.00056369785794814	NA	NA	0.0028184892897407	0.00056369785794814	NA	NA	NA	NA	NA	0.00056369785794814	0.00084554678692221	0.00084554678692221	NA	0.00112739571589628	0.00056369785794814	NA	NA	NA	NA	NA	NA	NA	NA	NA	NA	NA	NA	NA	NA	NA	NA	NA	NA	NA	NA	NA	NA	NA	NA	NA	NA	NA	NA	NA	NA	NA	NA	NA	NA	NA	NA	NA	NA	NA	NA	NA	NA	NA	NA	NA	NA	NA	NA
VIVO7_FEC_VLP_JUN11_M13	NA	0.000500751126690035	0.00100150225338007	NA	NA	NA	0.0127691537305959	0.0182774161241863	0.0230345518277416	0.0212819228843265	0.0105157736604907	0.0217826740110165	0.0172759138708062	0.0222834251377066	0.00951427140711067	0.0185277916875313	0.0180270405608413	0.0190285428142213	0.014271407110666	0.0175262894341512	0.0132699048572859	0.0110165247871808	0.0205307961942914	0.0172759138708062	0.0160240360540811	0.0205307961942914	0.0155232849273911	0.014021031547321	0.0202804206309464	0.0112669003505258	0.0225338007010516	0.0210315473209815	0.014521782674011	0.0185277916875313	0.0232849273910866	0.00701051577366049	0.0205307961942914	0.0100150225338007	0.0225338007010516	0.00976464697045568	0.0135202804206309	0.0195292939409114	0.0115172759138708	0.0115172759138708	0.0167751627441162	0.0122684026039059	0.0162744116174261	0.0112669003505258	0.0100150225338007	0.014021031547321	0.0115172759138708	0.0190285428142213	0.0120180270405608	0.0195292939409114	0.0122684026039059	0.0195292939409114	0.0155232849273911	0.0230345518277416	0.0102653980971457	0.0260390585878818	0.0210315473209815	0.0175262894341512	0.0205307961942914	0.0185277916875313	0.014021031547321	0.0165247871807712	NA	NA	NA	NA	NA	NA	NA	0.000500751126690035	NA	NA	NA	NA	NA	NA	0.00100150225338007	NA	NA	NA	NA	0.000751126690035053	NA	NA	NA	NA	NA	0.000500751126690035	0.000500751126690035	NA	NA	NA	NA	0.000500751126690035	NA	NA	NA	0.000500751126690035	NA	NA	NA	0.000751126690035053	0.00100150225338007	NA	NA	0.000500751126690035	NA	NA	0.000500751126690035	NA	NA	NA	NA	NA	NA	0.00100150225338007	0.000751126690035053	NA	NA	NA	0.000500751126690035	NA	0.000500751126690035	NA	NA	NA	NA	NA	NA	NA	NA	NA	NA	NA	NA	NA	NA	NA	NA	NA	NA	NA	NA	NA	NA	NA	NA	NA	NA	NA	NA	NA	NA	NA	0.000500751126690035	NA	NA	NA	NA	NA	0.000500751126690035	NA	NA	NA	NA	NA	NA	NA	NA	NA	NA	NA	NA	NA	NA	NA	NA	NA	NA	NA	NA	NA	NA	NA	NA	NA	NA	NA	NA	NA	NA	NA	NA	0.000500751126690035	NA	NA	NA	NA	NA	NA	NA	NA	NA	NA	NA	NA	NA	NA	NA	NA	NA	NA	NA	NA	NA	NA	NA	NA	NA	NA	NA	NA	NA	NA	NA	NA	NA	NA	NA	NA	NA	NA	NA	NA	NA	NA	NA	NA	NA	NA	NA
VIVO7_FEC_VLP_JUN11_M14	NA	0.0141139571353894	0.025614218504966	NA	0.00261369576581286	NA	0.00993204391008887	0.0120230005227392	0.0172503920543649	0.0172503920543649	0.00836382645060115	0.0141139571353894	0.0120230005227392	0.0209095661265029	0.00836382645060115	0.0125457396759017	0.0104547830632514	0.0162049137480397	0.00993204391008887	0.0130684788290643	0.0115002613695766	0.0094093047569263	0.0130684788290643	0.0125457396759017	0.0135912179822269	0.014636696288552	0.0120230005227392	0.00993204391008887	0.0120230005227392	0.0104547830632514	0.0193413486670152	0.0188186095138526	0.0094093047569263	0.0130684788290643	0.0261369576581286	0.00470465237846315	0.0151594354417146	0.00627286983795086	0.0188186095138526	0.00888656560376372	0.0554103502352326	0.014636696288552	0.00888656560376372	0.00888656560376372	0.0141139571353894	0.0115002613695766	0.00888656560376372	0.00784108729743858	0.00888656560376372	0.0094093047569263	0.00888656560376372	0.0141139571353894	0.010977522216414	0.0130684788290643	0.010977522216414	0.0125457396759017	0.0135912179822269	0.0224777835859906	NA	0.097752221641401	0.0162049137480397	0.014636696288552	0.0156821745948772	0.0141139571353894	0.0094093047569263	0.0125457396759017	NA	0.00209095661265029	NA	NA	NA	NA	NA	NA	NA	NA	NA	NA	NA	NA	NA	0.00470465237846315	NA	NA	NA	NA	NA	NA	NA	NA	NA	NA	0.0130684788290643	NA	NA	NA	NA	NA	NA	NA	0.00104547830632514	0.00104547830632514	NA	0.00679560899111343	NA	0.00156821745948772	NA	NA	NA	NA	NA	NA	NA	NA	NA	NA	NA	NA	NA	NA	NA	NA	NA	NA	NA	NA	NA	NA	NA	NA	NA	NA	NA	NA	NA	NA	0.00104547830632514	NA	NA	NA	NA	NA	NA	NA	NA	NA	NA	NA	NA	NA	NA	NA	NA	NA	NA	NA	NA	NA	NA	NA	NA	NA	NA	NA	0.0094093047569263	NA	NA	0.00209095661265029	NA	0.00104547830632514	0.00418191322530057	0.0198640878201777	0.00156821745948772	0.00209095661265029	0.00156821745948772	0.003659174072138	NA	NA	0.00156821745948772	NA	NA	NA	NA	NA	0.00104547830632514	0.000522739153162572	NA	NA	NA	NA	NA	NA	NA	NA	NA	NA	NA	NA	NA	NA	NA	NA	NA	NA	NA	NA	NA	NA	NA	NA	NA	NA	NA	NA	NA	NA	NA	NA	NA	NA	NA	NA	NA	NA	NA	NA	NA	NA	NA	NA	NA	NA	NA	NA	NA	NA	NA	NA	NA	NA	NA	NA	NA	NA	NA
VIVO7_FEC_VLP_JUN14_F21	NA	0.00602623183268345	0.0159517901453385	0.00602623183268345	0.0021269053527118	NA	0.00921658986175115	0.011343495214463	0.0141793690180787	0.0152428216944346	0.0343849698688408	0.0141793690180787	0.011343495214463	0.0155973059198866	0.00815313718539525	0.0127614321162708	0.0124069478908189	0.0141793690180787	0.00921658986175115	0.0116979794399149	0.00957107408720312	0.00921658986175115	0.0124069478908189	0.011343495214463	0.0163062743707905	0.0131159163417228	0.011343495214463	0.00992555831265509	0.0131159163417228	0.00921658986175115	0.0138248847926267	0.0166607585962425	0.00850762141084722	0.0127614321162708	0.0152428216944346	0.00460829493087558	0.0134704005671748	0.00567174760723148	0.0148883374689826	0.00779865295994328	0.0531726338177951	0.0134704005671748	0.00708968450903935	0.00779865295994328	0.010989010989011	0.00850762141084722	0.00921658986175115	0.00744416873449132	0.00921658986175115	0.00779865295994328	0.00779865295994328	0.0127614321162708	0.00779865295994328	0.0131159163417228	0.00850762141084722	0.0127614321162708	0.0116979794399149	0.0152428216944346	0.00744416873449132	0.103863878057426	0.0141793690180787	0.0127614321162708	0.0145338532435307	0.0124069478908189	0.00957107408720312	0.010634526763559	NA	NA	NA	NA	NA	NA	NA	NA	NA	NA	NA	NA	NA	NA	NA	0.0127614321162708	NA	NA	NA	0.000708968450903935	NA	NA	NA	NA	0.0730237504431053	NA	0.00673520028358738	NA	NA	NA	0.000708968450903935	NA	NA	NA	0.00248138957816377	0.00354484225451967	0.0021269053527118	0.00389932647997164	0.000708968450903935	0.00177242112725984	NA	NA	NA	NA	NA	0.000708968450903935	NA	0.000708968450903935	0.000708968450903935	NA	0.000354484225451967	NA	NA	NA	0.0010634526763559	NA	0.0010634526763559	NA	0.0010634526763559	NA	NA	0.0010634526763559	0.000708968450903935	NA	NA	0.00141793690180787	NA	0.000708968450903935	NA	NA	0.000708968450903935	NA	NA	NA	NA	NA	NA	NA	NA	NA	0.0010634526763559	NA	NA	0.000708968450903935	NA	0.000708968450903935	NA	NA	NA	NA	NA	0.00283587380361574	NA	NA	NA	0.0010634526763559	0.0010634526763559	0.000708968450903935	0.00425381070542361	NA	0.000708968450903935	NA	0.00177242112725984	NA	NA	NA	NA	NA	NA	NA	NA	NA	NA	NA	NA	NA	NA	NA	NA	NA	NA	NA	NA	0.0021269053527118	NA	NA	0.000354484225451967	NA	NA	NA	NA	NA	0.000708968450903935	0.000354484225451967	NA	NA	NA	NA	NA	NA	NA	NA	NA	NA	NA	NA	NA	NA	NA	NA	NA	NA	NA	NA	NA	NA	NA	NA	NA	NA	NA	NA	NA	NA	NA	NA	NA	NA	NA	NA	NA	NA	NA	NA	NA	NA	NA	NA	NA
VIVO7_FEC_VLP_JUN14_F22	NA	0.00399042298483639	0.0111731843575419	NA	NA	NA	0.0119712689545092	0.0135674381484437	0.0159616919393456	0.0167597765363128	0.0111731843575419	0.0167597765363128	0.0135674381484437	0.0191540303272147	0.00957701516360734	0.0159616919393456	0.0135674381484437	0.0175578611332801	0.0103750997605746	0.0159616919393456	0.0103750997605746	0.0111731843575419	0.014365522745411	0.0135674381484437	0.0135674381484437	0.0159616919393456	0.0119712689545092	0.00957701516360734	0.0151636073423783	0.0103750997605746	0.0159616919393456	0.0207501995211492	0.00877893056664006	0.0167597765363128	0.014365522745411	0.00478850758180367	0.0151636073423783	0.00638467677573823	0.0159616919393456	0.0103750997605746	0.0654429369513168	0.0167597765363128	0.00718276137270551	0.00877893056664006	0.014365522745411	0.00957701516360734	0.0119712689545092	0.00718276137270551	0.0111731843575419	0.00798084596967279	0.00877893056664006	0.0159616919393456	0.0103750997605746	0.0159616919393456	0.0111731843575419	0.0151636073423783	0.0151636073423783	0.0159616919393456	NA	0.106145251396648	0.0159616919393456	0.0159616919393456	0.0167597765363128	0.0151636073423783	0.0103750997605746	0.0127693535514765	NA	NA	NA	NA	NA	NA	NA	NA	NA	NA	NA	NA	NA	NA	NA	0.00718276137270551	NA	NA	NA	NA	NA	NA	NA	NA	0.0335195530726257	NA	0.00319233838786911	NA	NA	NA	NA	NA	NA	NA	NA	0.00239425379090184	NA	0.00239425379090184	NA	0.00319233838786911	NA	NA	NA	NA	NA	NA	NA	NA	NA	NA	NA	NA	NA	NA	NA	NA	0.00159616919393456	NA	0.00239425379090184	NA	NA	NA	NA	NA	NA	0.00159616919393456	NA	NA	NA	NA	0.00159616919393456	NA	NA	NA	NA	NA	NA	NA	NA	NA	NA	NA	NA	NA	NA	NA	NA	NA	NA	NA	NA	NA	0.00159616919393456	NA	NA	NA	NA	NA	0.00319233838786911	NA	NA	NA	NA	NA	NA	NA	NA	NA	NA	NA	NA	NA	NA	NA	NA	NA	NA	NA	NA	NA	NA	NA	NA	0.00159616919393456	NA	NA	NA	NA	NA	NA	NA	NA	NA	NA	NA	NA	NA	NA	NA	NA	NA	NA	NA	NA	NA	NA	NA	NA	NA	NA	NA	NA	NA	NA	NA	NA	NA	NA	NA	NA	NA	NA	NA	NA	NA	NA	NA	NA	NA	NA	NA	NA	NA	NA	NA	NA	NA	NA	NA
VIVO7_FEC_VLP_JUN14_F23	NA	0.00125156445556946	0.00300375469336671	0.00100125156445557	0.00100125156445557	NA	0.011514392991239	0.0157697121401752	0.0197747183979975	0.0197747183979975	0.0107634543178974	0.0187734668335419	0.0147684605757196	0.0207759699624531	0.00926157697121402	0.0172715894868586	0.0150187734668335	0.0182728410513141	0.0117647058823529	0.0172715894868586	0.0110137672090113	0.0102628285356696	0.0175219023779725	0.0152690863579474	0.0132665832290363	0.0187734668335419	0.0147684605757196	0.0130162703379224	0.0165206508135169	0.0107634543178974	0.0182728410513141	0.0195244055068836	0.0117647058823529	0.0175219023779725	0.0200250312891114	0.00625782227784731	0.0172715894868586	0.00775969962453066	0.0175219023779725	0.00951188986232791	0.0205256570713392	0.0177722152690864	0.00926157697121402	0.0102628285356696	0.016270337922403	0.0102628285356696	0.0132665832290363	0.0105131414267835	0.0100125156445557	0.0110137672090113	0.0102628285356696	0.016270337922403	0.0105131414267835	0.0175219023779725	0.011514392991239	0.0180225281602003	0.0142678347934919	0.0187734668335419	0.00876095118898623	0.0355444305381727	0.0182728410513141	0.0160200250312891	0.0182728410513141	0.0172715894868586	0.0135168961201502	0.0142678347934919	0.000500625782227785	NA	0.000750938673341677	NA	NA	NA	0.000750938673341677	0.000500625782227785	0.00100125156445557	0.000750938673341677	NA	NA	0.000500625782227785	0.000500625782227785	NA	0.00200250312891114	0.000750938673341677	NA	NA	0.00200250312891114	NA	0.000750938673341677	0.000500625782227785	0.000750938673341677	0.0265331664580726	0.00100125156445557	0.00150187734668335	0.000750938673341677	NA	0.000750938673341677	0.00100125156445557	0.00125156445556946	0.000750938673341677	0.000750938673341677	0.00100125156445557	0.00125156445556946	0.00125156445556946	NA	NA	0.00150187734668335	0.00125156445556946	0.000750938673341677	0.000750938673341677	NA	0.00100125156445557	0.00175219023779725	0.000750938673341677	0.000750938673341677	0.00100125156445557	0.00100125156445557	0.00100125156445557	NA	NA	0.00150187734668335	0.00175219023779725	NA	NA	0.000500625782227785	0.000750938673341677	0.000750938673341677	0.00150187734668335	NA	0.000750938673341677	NA	0.000500625782227785	0.000750938673341677	0.000500625782227785	0.000500625782227785	0.000500625782227785	NA	0.00100125156445557	NA	0.000500625782227785	NA	NA	NA	0.00225281602002503	NA	NA	NA	0.000750938673341677	NA	NA	NA	NA	NA	NA	NA	0.00125156445556946	0.000750938673341677	0.00100125156445557	NA	0.000750938673341677	0.000500625782227785	NA	0.000500625782227785	NA	0.000500625782227785	0.00125156445556946	NA	0.000500625782227785	NA	0.00100125156445557	NA	NA	NA	NA	NA	NA	NA	NA	NA	NA	NA	NA	NA	0.000500625782227785	NA	NA	NA	NA	NA	0.000500625782227785	0.00100125156445557	NA	NA	NA	NA	NA	NA	NA	NA	0.000750938673341677	0.000250312891113892	0.000750938673341677	0.000500625782227785	0.000500625782227785	0.000500625782227785	0.000750938673341677	0.000500625782227785	0.000500625782227785	0.000750938673341677	0.000750938673341677	0.000500625782227785	0.000750938673341677	0.000500625782227785	0.000500625782227785	0.000750938673341677	0.000500625782227785	0.000500625782227785	0.000500625782227785	0.00100125156445557	NA	NA	NA	NA	NA	NA	NA	NA	NA	NA	NA	NA	NA	NA	NA	NA	NA	NA	NA	NA	NA	NA	NA	NA	NA	NA	NA
VIVO7_FEC_VLP_JUN14_F24	NA	0.00560747663551402	0.0174454828660436	0.00872274143302181	0.00249221183800623	NA	0.00872274143302181	0.0124610591900312	0.0149532710280374	0.0155763239875389	0.00872274143302181	0.0155763239875389	0.011214953271028	0.0161993769470405	0.00809968847352025	0.0130841121495327	0.0143302180685358	0.0155763239875389	0.00934579439252336	0.0130841121495327	0.00934579439252336	0.00934579439252336	0.0155763239875389	0.0124610591900312	0.011214953271028	0.0130841121495327	0.0105919003115265	0.0105919003115265	0.0118380062305296	0.00996884735202492	0.0161993769470405	0.0168224299065421	0.00872274143302181	0.0124610591900312	0.0174454828660436	0.0043613707165109	0.0143302180685358	0.00560747663551402	0.0143302180685358	0.00872274143302181	0.0691588785046729	0.0168224299065421	0.00747663551401869	0.00872274143302181	0.0124610591900312	0.0105919003115265	0.00934579439252336	0.00809968847352025	0.00747663551401869	0.00934579439252336	0.00872274143302181	0.0137071651090343	0.00809968847352025	0.0130841121495327	0.00934579439252336	0.0143302180685358	0.0124610591900312	0.0155763239875389	NA	0.134579439252336	0.0143302180685358	0.0155763239875389	0.0149532710280374	0.0137071651090343	0.00996884735202492	0.0118380062305296	NA	NA	NA	NA	NA	NA	NA	NA	NA	NA	NA	NA	NA	NA	NA	0.0149532710280374	NA	NA	0.00249221183800623	NA	NA	NA	NA	NA	0.0224299065420561	NA	0.00623052959501558	NA	NA	NA	NA	NA	NA	NA	0.00186915887850467	0.0043613707165109	0.00249221183800623	0.00373831775700935	NA	0.00311526479750779	NA	NA	NA	NA	NA	NA	NA	NA	NA	NA	NA	NA	NA	NA	0.00124610591900312	NA	0.000623052959501558	NA	0.00124610591900312	NA	NA	NA	NA	NA	NA	0.00186915887850467	NA	NA	NA	NA	NA	NA	NA	NA	NA	NA	NA	NA	NA	NA	0.00124610591900312	0.00124610591900312	NA	NA	NA	NA	NA	NA	NA	NA	NA	0.0043613707165109	NA	NA	NA	NA	NA	0.00249221183800623	0.0043613707165109	NA	NA	NA	0.00124610591900312	NA	NA	NA	NA	NA	NA	0.0043613707165109	NA	NA	NA	NA	NA	NA	NA	NA	NA	NA	NA	NA	NA	NA	NA	NA	NA	NA	NA	NA	NA	NA	NA	NA	NA	NA	NA	NA	NA	NA	NA	NA	NA	NA	NA	NA	NA	NA	NA	NA	NA	NA	NA	NA	NA	NA	NA	NA	NA	NA	NA	NA	NA	NA	NA	NA	NA	NA	NA	NA	NA	NA	NA	NA	NA	NA	NA	NA	NA
VIVO7_FEC_VLP_JUN14_M20	NA	0.00364298724954463	0.0127504553734062	0.00510018214936248	0.00218579234972678	NA	0.00983606557377049	0.0123861566484517	0.0153005464480874	0.0163934426229508	0.00947176684881603	0.0156648451730419	0.0112932604735883	0.0174863387978142	0.00801457194899818	0.0145719489981785	0.0131147540983607	0.0167577413479053	0.00910746812386157	0.0134790528233151	0.00947176684881603	0.00947176684881603	0.0138433515482696	0.0120218579234973	0.0120218579234973	0.0153005464480874	0.0127504553734062	0.0112932604735883	0.0138433515482696	0.00983606557377049	0.0163934426229508	0.0174863387978142	0.00910746812386157	0.014207650273224	0.0163934426229508	0.0058287795992714	0.0138433515482696	0.00619307832422587	0.014936247723133	0.0087431693989071	0.0517304189435337	0.0163934426229508	0.00728597449908925	0.00910746812386157	0.0127504553734062	0.00801457194899818	0.0120218579234973	0.00801457194899818	0.0087431693989071	0.0087431693989071	0.0087431693989071	0.0153005464480874	0.00801457194899818	0.0138433515482696	0.00947176684881603	0.0131147540983607	0.0131147540983607	0.0163934426229508	NA	0.100910746812386	0.0156648451730419	0.0138433515482696	0.014936247723133	0.014207650273224	0.010200364298725	0.0112932604735883	NA	NA	NA	NA	NA	NA	NA	NA	NA	NA	NA	NA	NA	NA	NA	0.00947176684881603	NA	NA	NA	0.000728597449908925	NA	NA	NA	NA	0.0641165755919854	NA	0.00364298724954463	NA	NA	NA	NA	NA	NA	0.00255009107468124	0.00145719489981785	0.00255009107468124	0.00510018214936248	0.00255009107468124	0.00145719489981785	0.00364298724954463	0.00255009107468124	NA	NA	NA	NA	NA	NA	NA	NA	NA	NA	NA	NA	NA	NA	NA	0.00145719489981785	NA	0.00109289617486339	NA	NA	NA	NA	NA	NA	0.00218579234972678	NA	0.00145719489981785	NA	NA	0.00145719489981785	NA	NA	NA	NA	NA	0.00109289617486339	NA	NA	NA	0.00145719489981785	NA	NA	0.00109289617486339	NA	NA	0.000728597449908925	NA	NA	NA	NA	0.00182149362477231	0.00109289617486339	0.00109289617486339	NA	0.000728597449908925	0.00109289617486339	0.00109289617486339	0.00255009107468124	0.000728597449908925	0.00109289617486339	NA	0.00145719489981785	NA	NA	NA	NA	NA	NA	0.000728597449908925	NA	NA	NA	NA	NA	NA	NA	NA	NA	NA	NA	NA	NA	0.00182149362477231	NA	NA	0.000728597449908925	NA	NA	NA	NA	NA	NA	NA	NA	0.000364298724954463	NA	NA	NA	NA	NA	NA	NA	NA	NA	NA	NA	NA	NA	NA	NA	NA	0.000364298724954463	NA	NA	NA	NA	NA	NA	NA	NA	NA	NA	NA	NA	NA	NA	NA	NA	NA	NA	NA	NA	NA	NA	NA	NA	NA	NA
VIVO7_FEC_VLP_JUN21_F21	NA	0.000747523827321996	0.00149504765464399	0.000747523827321996	0.000934404784152495	NA	0.0112128574098299	0.0149504765464399	0.0183143337693889	0.0183143337693889	0.0134554288917959	0.0186880956830499	0.0142029527191179	0.0199962623808634	0.00915716688469445	0.0166324051579144	0.0156980003737619	0.0170061670715754	0.0110259764529994	0.0151373575032704	0.0110259764529994	0.00971780975518595	0.0156980003737619	0.0147635955896094	0.0149504765464399	0.0173799289852364	0.0136423098486264	0.0115866193234909	0.0170061670715754	0.0104653335825079	0.0185012147262194	0.0190618575967109	0.0112128574098299	0.0151373575032704	0.0188749766398804	0.00616707157540647	0.0179405718557279	0.00747523827321996	0.0198093814240329	0.00878340497103345	0.0188749766398804	0.0162586432442534	0.00915716688469445	0.00953092879835545	0.0156980003737619	0.00971780975518595	0.0136423098486264	0.0100915716688469	0.00915716688469445	0.0112128574098299	0.00934404784152495	0.0170061670715754	0.0100915716688469	0.0181274528125584	0.0110259764529994	0.0158848813305924	0.0140160717622874	0.0190618575967109	0.00897028592786395	0.0347598579704728	0.0173799289852364	0.0162586432442534	0.0173799289852364	0.0153242384601009	0.0115866193234909	0.0132685479349654	0.00130816669781349	NA	0.00130816669781349	NA	NA	0.000747523827321996	0.00149504765464399	0.000934404784152495	0.00130816669781349	0.000934404784152495	0.000747523827321996	0.000747523827321996	0.000934404784152495	0.000747523827321996	NA	0.00168192861147449	0.00130816669781349	NA	NA	0.00242945243879649	NA	0.000747523827321996	0.000747523827321996	0.000934404784152495	0.00186880956830499	0.00130816669781349	0.000934404784152495	0.00130816669781349	0.000747523827321996	0.00112128574098299	0.00130816669781349	0.00130816669781349	0.00149504765464399	0.000373761913660998	0.000560642870491497	0.00186880956830499	0.00168192861147449	0.000747523827321996	0.000373761913660998	0.00168192861147449	0.000560642870491497	0.00149504765464399	0.00112128574098299	0.00112128574098299	0.00130816669781349	0.00242945243879649	0.00112128574098299	NA	0.00168192861147449	0.00130816669781349	0.00130816669781349	0.000934404784152495	0.000373761913660998	0.00242945243879649	0.00186880956830499	NA	0.000934404784152495	0.000560642870491497	0.000934404784152495	0.00112128574098299	0.00186880956830499	NA	0.00112128574098299	0.000934404784152495	0.000747523827321996	0.00112128574098299	0.000560642870491497	0.00112128574098299	0.000747523827321996	0.000560642870491497	0.00112128574098299	0.000560642870491497	0.000373761913660998	NA	0.000560642870491497	0.000747523827321996	0.00280321435245748	0.000560642870491497	NA	0.000560642870491497	0.000934404784152495	0.000373761913660998	0.000560642870491497	0.000934404784152495	0.000747523827321996	0.000373761913660998	0.00112128574098299	0.000747523827321996	0.00149504765464399	0.000934404784152495	0.00149504765464399	0.00130816669781349	0.000934404784152495	0.000747523827321996	0.000747523827321996	0.00149504765464399	NA	0.000560642870491497	0.000934404784152495	0.000560642870491497	0.00112128574098299	NA	0.00149504765464399	NA	NA	NA	NA	NA	NA	NA	NA	0.000560642870491497	0.000560642870491497	NA	NA	NA	0.000560642870491497	NA	NA	NA	NA	NA	0.000934404784152495	0.00149504765464399	NA	NA	NA	NA	0.000747523827321996	0.000560642870491497	0.000560642870491497	NA	0.000934404784152495	NA	0.000747523827321996	NA	0.000934404784152495	0.000373761913660998	0.00130816669781349	0.000747523827321996	0.000560642870491497	0.000934404784152495	0.000747523827321996	NA	0.000934404784152495	0.00130816669781349	0.00130816669781349	0.00112128574098299	0.000934404784152495	0.000934404784152495	0.000747523827321996	0.00130816669781349	0.000186880956830499	0.000747523827321996	0.000373761913660998	0.000373761913660998	0.000560642870491497	0.000560642870491497	0.000934404784152495	0.000373761913660998	0.000747523827321996	0.000373761913660998	0.000560642870491497	0.000934404784152495	0.000373761913660998	0.000560642870491497	0.000747523827321996	0.000934404784152495	0.000560642870491497	0.000373761913660998	0.00112128574098299	0.000934404784152495	NA	NA	NA	NA	NA	NA	NA
VIVO7_FEC_VLP_JUN21_F22	NA	NA	NA	NA	NA	NA	0.0171184022824536	0.0128388017118402	0.014265335235378	0.021398002853067	0.0128388017118402	0.0156918687589158	0.014265335235378	0.00998573466476462	0.0171184022824536	0.0185449358059914	0.0128388017118402	0.0285306704707561	0.00998573466476462	0.0185449358059914	0.00998573466476462	0.0156918687589158	0.00855920114122682	0.0185449358059914	0.0185449358059914	0.0171184022824536	0.0171184022824536	0.00998573466476462	0.0171184022824536	0.0156918687589158	0.0171184022824536	0.0413694721825963	0.00427960057061341	0.0114122681883024	0.00998573466476462	0.00713266761768902	0.014265335235378	0.00285306704707561	0.0299572039942939	0.014265335235378	0.0470756062767475	0.0199714693295292	0.00713266761768902	0.00998573466476462	0.0171184022824536	0.0114122681883024	0.0114122681883024	0.00570613409415121	0.0199714693295292	0.00855920114122682	0.00713266761768902	0.0171184022824536	0.0114122681883024	0.0171184022824536	0.00855920114122682	0.0114122681883024	0.0228245363766049	0.0156918687589158	NA	0.0841654778887304	0.0156918687589158	0.0299572039942939	0.0185449358059914	0.00998573466476462	0.00713266761768902	0.0114122681883024	NA	NA	NA	NA	NA	NA	NA	NA	NA	NA	NA	NA	NA	NA	NA	NA	NA	NA	NA	NA	NA	NA	NA	NA	0.0285306704707561	NA	NA	NA	NA	NA	NA	NA	NA	NA	NA	NA	NA	NA	NA	NA	NA	NA	NA	NA	NA	NA	NA	NA	NA	NA	NA	NA	NA	NA	NA	NA	NA	NA	NA	NA	NA	NA	NA	NA	NA	NA	NA	NA	NA	NA	NA	NA	NA	NA	NA	NA	NA	NA	NA	NA	NA	NA	NA	NA	NA	NA	NA	NA	NA	NA	NA	NA	NA	NA	NA	NA	NA	NA	NA	NA	NA	NA	NA	NA	NA	NA	NA	NA	NA	NA	NA	NA	NA	NA	NA	NA	NA	NA	NA	NA	NA	NA	NA	NA	NA	NA	NA	NA	NA	NA	NA	NA	NA	NA	NA	NA	NA	NA	NA	NA	NA	NA	NA	NA	NA	NA	NA	NA	NA	NA	NA	NA	NA	NA	NA	NA	NA	NA	NA	NA	NA	NA	NA	NA	NA	NA	NA	NA	NA	NA	NA	NA	NA	NA	NA	NA	NA	NA	NA
VIVO7_FEC_VLP_JUN21_F23	NA	0.00115903634406822	0.00206970775726467	0.00107624803377763	0.0019041311366835	NA	0.0107624803377763	0.0144879543008527	0.0185445815050915	0.0177994867124762	0.0125010348538786	0.0172199685404421	0.0134117062670751	0.0183790048845103	0.00844440764963987	0.0158953555757927	0.0146535309214339	0.0165576620581174	0.011424786820101	0.0149018958523057	0.010431327096614	0.010017385545161	0.0167232386786986	0.0140740127493998	0.0146535309214339	0.0171371802301515	0.0132461296464939	0.0115903634406822	0.0173027568507327	0.00943786737312691	0.0183790048845103	0.0168888152992797	0.0108452686480669	0.0160609321963739	0.0182962165742197	0.00662306482324696	0.0167232386786986	0.00769931285702459	0.0179650633330574	0.00819604271876811	0.0254160112592102	0.0158125672655021	0.00918950244225515	0.00918950244225515	0.0143223776802715	0.0101001738554516	0.0132461296464939	0.0102657504760328	0.00877556089080222	0.0119215166818445	0.00935507906283633	0.0159781438860833	0.010017385545161	0.0163920854375362	0.0110108452686481	0.0148191075420151	0.0130805530259127	0.0182134282639291	0.00803046609818694	0.0417253083864558	0.0173027568507327	0.0153986257140492	0.0173027568507327	0.0150674724728868	0.0112592101995198	0.0132461296464939	0.000745094792615283	NA	0.000579518172034109	NA	0.000165576620581174	0.000496729861743522	0.000662306482324696	0.000662306482324696	0.000579518172034109	0.000579518172034109	0.000413941551452935	0.000413941551452935	0.000413941551452935	0.000413941551452935	0.000248364930871761	0.00206970775726467	0.000662306482324696	NA	NA	0.00165576620581174	NA	0.000579518172034109	0.000662306482324696	0.000579518172034109	0.00488451030714463	0.000910671413196457	0.00107624803377763	0.000662306482324696	0.000413941551452935	0.000579518172034109	0.000910671413196457	0.00082788310290587	0.000745094792615283	0.000496729861743522	0.0012418246543588	0.0025664376190082	0.00248364930871761	0.0012418246543588	0.000910671413196457	0.00372547396307641	0.000165576620581174	0.000745094792615283	0.00082788310290587	0.000579518172034109	0.00082788310290587	0.00140740127493998	0.000745094792615283	0.000413941551452935	0.000993459723487044	0.000745094792615283	0.000745094792615283	0.00082788310290587	0.000331153241162348	0.00140740127493998	0.0012418246543588	NA	0.00198691944697409	0.000496729861743522	0.00206970775726467	0.00264922592929878	0.00107624803377763	0.00157297789552115	0.000745094792615283	0.00157297789552115	0.000248364930871761	0.00165576620581174	0.00165576620581174	0.00173855451610233	0.000579518172034109	0.000910671413196457	0.00182134282639291	0.00157297789552115	0.0012418246543588	0.000331153241162348	0.0012418246543588	0.00165576620581174	0.00173855451610233	0.00115903634406822	0.00587797003063167	0.000993459723487044	0.00223528437784585	0.00082788310290587	0.000910671413196457	0.00198691944697409	0.000496729861743522	0.000993459723487044	0.00132461296464939	0.00132461296464939	0.000745094792615283	0.00173855451610233	0.000745094792615283	0.00149018958523057	0.00215249606755526	0.0019041311366835	0.00107624803377763	0.00149018958523057	NA	0.00165576620581174	0.00140740127493998	0.00140740127493998	0.000496729861743522	NA	0.000662306482324696	NA	NA	NA	NA	NA	NA	NA	NA	NA	0.00165576620581174	NA	NA	NA	0.000993459723487044	NA	NA	NA	NA	NA	0.000496729861743522	0.000745094792615283	NA	NA	0.00082788310290587	NA	0.00157297789552115	0.00082788310290587	0.000745094792615283	0.000248364930871761	0.000579518172034109	0.000413941551452935	0.000496729861743522	0.000579518172034109	0.000413941551452935	0.000496729861743522	0.000579518172034109	0.000662306482324696	0.000413941551452935	0.000413941551452935	0.000579518172034109	0.000331153241162348	0.000662306482324696	0.000496729861743522	0.000579518172034109	0.000745094792615283	0.000496729861743522	0.000496729861743522	0.000331153241162348	0.000662306482324696	0.000248364930871761	0.000496729861743522	0.000496729861743522	0.000413941551452935	0.000248364930871761	0.000496729861743522	0.000413941551452935	0.000910671413196457	0.000331153241162348	0.000248364930871761	0.000413941551452935	0.000413941551452935	0.0012418246543588	0.000413941551452935	0.000331153241162348	0.000496729861743522	0.000331153241162348	0.000413941551452935	0.000413941551452935	0.000331153241162348	0.000496729861743522	NA	NA	NA	NA	NA	NA
VIVO7_FEC_VLP_JUN21_F24	NA	0.00097181729834791	0.00166597251145356	0.00097181729834791	0.00152714146883243	NA	0.0111064834096904	0.0151325836457032	0.018186866583368	0.0176315424128835	0.00888518672775233	0.0180480355407469	0.0140219353047341	0.018186866583368	0.00805220047202554	0.0161044009440511	0.01596556990143	0.0156879078161877	0.0116618075801749	0.0152714146883243	0.0109676523670693	0.00985700402610024	0.0169373871997779	0.0151325836457032	0.0133277800916285	0.017076218242399	0.0136054421768707	0.0115229765375538	0.0169373871997779	0.00957934194085798	0.0184645286686103	0.0166597251145356	0.0116618075801749	0.0162432319866722	0.0188810217964737	0.00624739691795085	0.0165208940719145	0.00791336942940441	0.0176315424128835	0.00819103151464668	0.0276273774816049	0.0162432319866722	0.00902401777037345	0.00944051089823685	0.0145772594752187	0.0104123281965848	0.0133277800916285	0.0105511592392059	0.00888518672775233	0.0119394696654172	0.00957934194085798	0.0161044009440511	0.0101346661113425	0.0167985561571567	0.0109676523670693	0.0155490767735666	0.0131889490490074	0.018186866583368	0.00763570734416215	0.0510898236845759	0.017076218242399	0.0141607663473553	0.0172150492850201	0.0156879078161877	0.0119394696654172	0.0124947938359017	0.00097181729834791	NA	0.00069415521310565	NA	NA	0.00041649312786339	0.00069415521310565	0.00069415521310565	0.00069415521310565	0.00055532417048452	0.00027766208524226	0.00027766208524226	0.00027766208524226	0.00041649312786339	NA	0.00208246563931695	0.00069415521310565	NA	NA	0.00180480355407469	NA	0.00083298625572678	0.00055532417048452	0.00041649312786339	0.00263778980980147	0.00097181729834791	0.00083298625572678	0.00055532417048452	0.00041649312786339	0.00055532417048452	0.00097181729834791	0.00097181729834791	0.00069415521310565	0.00069415521310565	0.00083298625572678	0.00249895876718034	0.00249895876718034	0.00097181729834791	0.00055532417048452	0.00319311398028599	NA	0.00069415521310565	0.00083298625572678	0.00069415521310565	0.00083298625572678	0.00152714146883243	0.00069415521310565	NA	0.00097181729834791	0.00069415521310565	0.00083298625572678	0.00069415521310565	NA	0.00124947938359017	0.00097181729834791	NA	0.00166597251145356	0.00055532417048452	0.00152714146883243	0.0027766208524226	0.00097181729834791	0.00152714146883243	0.00083298625572678	0.0013883104262113	0.00027766208524226	0.00166597251145356	0.00166597251145356	0.00208246563931695	0.00055532417048452	0.00097181729834791	0.00152714146883243	0.00166597251145356	0.00111064834096904	0.00027766208524226	0.00152714146883243	0.00166597251145356	0.00180480355407469	0.00124947938359017	0.00569207274746633	0.00097181729834791	0.00166597251145356	0.00069415521310565	0.00069415521310565	0.00152714146883243	0.00041649312786339	0.00083298625572678	0.00124947938359017	0.0013883104262113	0.00083298625572678	0.00194363459669582	0.00069415521310565	0.00152714146883243	0.00180480355407469	0.0013883104262113	0.00083298625572678	0.0013883104262113	NA	0.00124947938359017	0.00097181729834791	0.00097181729834791	0.00069415521310565	NA	0.00083298625572678	NA	NA	NA	NA	NA	NA	NA	NA	0.00041649312786339	0.00180480355407469	NA	NA	NA	0.00097181729834791	NA	NA	NA	NA	NA	0.00069415521310565	0.00083298625572678	NA	NA	0.00055532417048452	NA	0.00194363459669582	0.00069415521310565	0.00083298625572678	NA	0.00055532417048452	0.00027766208524226	0.00041649312786339	0.00041649312786339	0.00041649312786339	NA	0.00055532417048452	0.00041649312786339	0.00027766208524226	0.00055532417048452	NA	0.00055532417048452	0.00055532417048452	0.00041649312786339	0.00055532417048452	0.00055532417048452	0.00055532417048452	0.00055532417048452	NA	0.00069415521310565	NA	NA	0.00027766208524226	NA	0.00041649312786339	0.00055532417048452	0.00041649312786339	0.00097181729834791	0.00027766208524226	NA	0.00027766208524226	0.00041649312786339	0.00124947938359017	0.00027766208524226	0.00027766208524226	0.00055532417048452	0.00027766208524226	0.00027766208524226	0.00055532417048452	0.00041649312786339	0.00069415521310565	NA	NA	NA	NA	NA	NA
VIVO7_FEC_VLP_JUN21_M20	NA	NA	0.00151687523701176	NA	0.00113765642775882	NA	0.0132726583238529	0.0166856276071293	0.0216154721274175	0.0212362533181646	0.012135001896094	0.0200985968904058	0.0166856276071293	0.0182025028441411	0.0106181266590823	0.0197193780811528	0.0166856276071293	0.0204778156996587	0.0128934395145999	0.0182025028441411	0.0132726583238529	0.0117557830868411	0.0182025028441411	0.0182025028441411	0.0147895335608646	0.0208570345089116	0.0155479711793705	0.0132726583238529	0.0197193780811528	0.012514220705347	0.0200985968904058	0.0216154721274175	0.0132726583238529	0.0193401592718999	0.018581721653394	0.00720515737580584	0.0200985968904058	0.00834281380356466	0.0212362533181646	0.0109973454683352	0.0163064087978764	0.018581721653394	0.00985968904057641	0.0109973454683352	0.0166856276071293	0.0106181266590823	0.0163064087978764	0.0117557830868411	0.0109973454683352	0.012514220705347	0.0109973454683352	0.0170648464163823	0.0117557830868411	0.0193401592718999	0.0128934395145999	0.0182025028441411	0.0159271899886234	0.0212362533181646	0.0102389078498294	0.0276829730754645	0.0200985968904058	0.0189609404626469	0.0212362533181646	0.0182025028441411	0.0128934395145999	0.0155479711793705	NA	NA	NA	NA	NA	NA	NA	NA	NA	NA	NA	NA	NA	NA	NA	0.00113765642775882	NA	NA	NA	0.00151687523701176	NA	NA	NA	NA	0.00417140690178233	NA	0.000758437618505878	NA	NA	NA	NA	NA	NA	NA	0.000758437618505878	0.00113765642775882	NA	0.00113765642775882	NA	0.00227531285551763	0.00303375047402351	NA	NA	NA	NA	0.00113765642775882	NA	NA	NA	NA	NA	NA	NA	0.000758437618505878	NA	NA	0.000758437618505878	NA	0.00113765642775882	0.00113765642775882	NA	0.00113765642775882	NA	NA	NA	0.000758437618505878	0.000758437618505878	NA	NA	NA	0.00151687523701176	NA	0.000758437618505878	NA	NA	NA	NA	NA	NA	NA	0.00113765642775882	NA	NA	0.00151687523701176	NA	NA	NA	NA	NA	0.000758437618505878	NA	NA	0.00151687523701176	NA	NA	NA	NA	0.000758437618505878	NA	0.000758437618505878	NA	NA	NA	NA	NA	NA	NA	NA	NA	NA	NA	NA	NA	NA	NA	NA	NA	NA	NA	NA	NA	NA	NA	NA	NA	NA	NA	NA	NA	NA	NA	NA	NA	NA	NA	NA	NA	NA	NA	NA	NA	NA	NA	NA	NA	NA	NA	NA	NA	NA	NA	NA	NA	NA	0.000758437618505878	NA	NA	NA	NA	NA	NA	NA	NA	NA	NA	NA	NA	NA	NA	NA	NA	NA	NA	NA	NA	NA	NA	NA	NA
VIVO7_FEC_VLP_JUN25_F21	NA	0.00399800099950025	0.00949525237381309	0.00499750124937531	0.00249875062468766	NA	0.0144927536231884	0.0109945027486257	0.0124937531234383	0.0169915042478761	0.0134932533733133	0.0154922538730635	0.0114942528735632	0.0124937531234383	0.0164917541229385	0.0144927536231884	0.0104947526236882	0.023488255872064	0.00749625187406297	0.0119940029985007	0.00899550224887556	0.0119940029985007	0.00949525237381309	0.0129935032483758	0.0154922538730635	0.0134932533733133	0.0104947526236882	0.00849575212393803	0.0134932533733133	0.0139930034982509	0.0149925037481259	0.0359820089955022	0.00549725137431284	0.0124937531234383	0.0114942528735632	0.00499750124937531	0.0114942528735632	0.00449775112443778	0.0214892553723138	0.0124937531234383	0.0304847576211894	0.0144927536231884	0.00499750124937531	0.00899550224887556	0.0139930034982509	0.00999500249875063	0.00899550224887556	0.00599700149925037	0.0229885057471264	0.00899550224887556	0.00699650174912544	0.0114942528735632	0.0079960019990005	0.0124937531234383	0.00849575212393803	0.0104947526236882	0.0199900049975013	0.0139930034982509	NA	0.0659670164917541	0.0139930034982509	0.0269865067466267	0.0149925037481259	0.0109945027486257	0.00749625187406297	0.00949525237381309	0.00149925037481259	NA	NA	NA	NA	0.000999500249875062	NA	NA	NA	NA	NA	NA	NA	NA	NA	0.0064967516241879	NA	NA	NA	NA	NA	NA	NA	NA	0.0824587706146927	0.00299850074962519	0.00249875062468766	NA	NA	NA	NA	NA	NA	NA	0.00149925037481259	0.00199900049975012	0.00199900049975012	0.00299850074962519	0.000999500249875062	0.00249875062468766	NA	NA	NA	NA	0.00199900049975012	0.00149925037481259	NA	NA	0.00199900049975012	NA	NA	NA	NA	0.00149925037481259	NA	NA	0.00149925037481259	NA	0.000999500249875062	NA	NA	NA	0.00249875062468766	NA	NA	NA	NA	NA	NA	NA	NA	NA	NA	NA	NA	NA	0.00249875062468766	NA	NA	NA	0.000999500249875062	NA	NA	0.00149925037481259	0.00149925037481259	NA	NA	NA	0.00299850074962519	NA	NA	NA	0.00249875062468766	0.00149925037481259	NA	NA	NA	NA	0.00299850074962519	NA	0.00199900049975012	NA	0.00249875062468766	NA	NA	NA	NA	NA	NA	NA	NA	NA	NA	NA	NA	NA	NA	NA	NA	NA	NA	NA	NA	0.00249875062468766	NA	NA	NA	NA	NA	NA	NA	NA	NA	0.00249875062468766	NA	0.000999500249875062	NA	NA	NA	NA	NA	0.00149925037481259	NA	NA	NA	NA	NA	NA	NA	NA	NA	NA	NA	0.00349825087456272	NA	NA	NA	NA	NA	NA	NA	NA	NA	NA	NA	NA	NA	NA	NA	NA	NA	NA	NA	NA	NA	NA	NA	NA	NA
VIVO7_FEC_VLP_JUN25_F22	NA	0.00646412411118293	0.0206851971557854	NA	NA	NA	0.00840336134453781	0.00904977375565611	0.0116354234001293	0.0122818358112476	0.00646412411118293	0.0096961861667744	0.0096961861667744	0.0135746606334842	0.00711053652230123	0.0116354234001293	0.00840336134453781	0.0142210730446025	0.00646412411118293	0.0103425985778927	0.00775694893341952	0.00840336134453781	0.0103425985778927	0.0096961861667744	0.00840336134453781	0.0103425985778927	0.00904977375565611	0.00840336134453781	0.0103425985778927	0.00840336134453781	0.0129282482223659	0.0174531351001939	0.00581771170006464	0.0129282482223659	0.0161603102779573	0.00387847446670976	0.0096961861667744	0.00452488687782805	0.0116354234001293	0.00840336134453781	0.0723981900452489	0.010989010989011	0.00517129928894635	0.00646412411118293	0.00904977375565611	0.00646412411118293	0.00711053652230123	0.00711053652230123	0.00840336134453781	0.00711053652230123	0.00711053652230123	0.010989010989011	0.00711053652230123	0.0096961861667744	0.00775694893341952	0.010989010989011	0.0116354234001293	0.0142210730446025	NA	0.142210730446025	0.0116354234001293	0.0103425985778927	0.0116354234001293	0.0116354234001293	0.00711053652230123	0.00904977375565611	NA	NA	NA	NA	NA	NA	NA	NA	NA	NA	NA	NA	NA	NA	NA	0.0142210730446025	NA	NA	NA	NA	NA	NA	NA	NA	0.165481577246283	NA	0.00775694893341952	NA	NA	NA	NA	NA	NA	NA	NA	0.00387847446670976	0.00517129928894635	NA	0.00193923723335488	0.00193923723335488	0.00129282482223659	NA	NA	NA	NA	NA	NA	NA	NA	NA	NA	NA	NA	NA	NA	NA	NA	NA	NA	NA	NA	NA	NA	NA	NA	0.00193923723335488	NA	NA	NA	NA	NA	NA	NA	NA	NA	NA	NA	NA	NA	NA	NA	NA	NA	NA	NA	NA	NA	NA	NA	NA	NA	0.00258564964447317	NA	NA	NA	NA	NA	NA	0.00517129928894635	NA	NA	NA	NA	NA	NA	0.00452488687782805	NA	NA	NA	NA	NA	NA	NA	NA	NA	NA	NA	NA	NA	NA	NA	NA	NA	NA	NA	NA	NA	NA	NA	NA	NA	NA	NA	NA	NA	NA	NA	NA	NA	NA	NA	NA	NA	NA	NA	NA	NA	NA	NA	NA	NA	NA	NA	NA	NA	NA	NA	NA	NA	NA	NA	NA	NA	NA	NA	NA	NA	NA	NA	NA	NA	NA	NA	NA	NA	NA	NA	NA	NA
VIVO7_FEC_VLP_JUN25_F23	NA	0.00643776824034335	0.01931330472103	0.00858369098712446	0.00286123032904149	NA	0.00715307582260372	0.0100143061516452	0.0128755364806867	0.0135908440629471	0.00786838340486409	0.0121602288984263	0.00858369098712446	0.01931330472103	0.00572246065808298	0.011444921316166	0.0121602288984263	0.0121602288984263	0.00715307582260372	0.0100143061516452	0.0100143061516452	0.00858369098712446	0.0128755364806867	0.00786838340486409	0.00858369098712446	0.0100143061516452	0.00786838340486409	0.00715307582260372	0.0107296137339056	0.00715307582260372	0.0143061516452074	0.011444921316166	0.00715307582260372	0.0128755364806867	0.0200286123032904	0.00357653791130186	0.0128755364806867	0.00429184549356223	0.0121602288984263	0.00572246065808298	0.0572246065808298	0.011444921316166	0.00643776824034335	0.00715307582260372	0.011444921316166	0.00858369098712446	0.00786838340486409	0.00715307582260372	0.00572246065808298	0.00643776824034335	0.00786838340486409	0.011444921316166	0.00715307582260372	0.00929899856938484	0.00929899856938484	0.0100143061516452	0.0100143061516452	0.0135908440629471	NA	0.108011444921316	0.0128755364806867	0.00858369098712446	0.0121602288984263	0.0128755364806867	0.00929899856938484	0.0100143061516452	NA	NA	NA	NA	NA	NA	NA	NA	NA	NA	NA	NA	NA	NA	NA	0.0171673819742489	NA	NA	NA	NA	NA	NA	NA	NA	0.168097281831187	NA	0.00786838340486409	NA	NA	NA	NA	NA	NA	0.00286123032904149	0.00429184549356223	0.00572246065808298	0.00572246065808298	0.00357653791130186	0.00143061516452074	0.00286123032904149	0.00214592274678112	NA	NA	NA	NA	NA	NA	NA	NA	NA	NA	NA	NA	NA	NA	NA	0.00214592274678112	NA	NA	NA	NA	NA	NA	NA	NA	NA	NA	NA	NA	NA	NA	NA	NA	NA	NA	NA	NA	NA	NA	NA	NA	0.00143061516452074	NA	NA	NA	NA	NA	NA	NA	NA	NA	0.0050071530758226	NA	NA	NA	NA	NA	NA	0.0050071530758226	NA	NA	NA	NA	NA	NA	NA	NA	NA	NA	NA	NA	NA	NA	NA	NA	NA	NA	NA	NA	NA	NA	NA	NA	NA	NA	NA	NA	NA	NA	NA	NA	NA	NA	NA	NA	NA	NA	NA	NA	NA	NA	NA	NA	NA	NA	NA	NA	NA	NA	NA	NA	NA	NA	NA	NA	NA	NA	NA	NA	NA	NA	NA	NA	NA	NA	NA	NA	NA	NA	NA	NA	NA	NA	NA	NA	NA	NA	NA	NA
VIVO7_FEC_VLP_JUN25_M20	NA	0.00222593210907067	0.00445186421814135	0.00278241513633834	0.001669449081803	NA	0.0122426265998887	0.0144685587089594	0.01669449081803	0.0178074568725654	0.0122426265998887	0.0189204229271007	0.0144685587089594	0.0189204229271007	0.010016694490818	0.0155815247634947	0.015025041736227	0.0205898720089037	0.0111296605453534	0.01669449081803	0.0105731775180857	0.0105731775180857	0.0155815247634947	0.0144685587089594	0.0144685587089594	0.0178074568725654	0.015025041736227	0.0111296605453534	0.0161380077907624	0.0111296605453534	0.0161380077907624	0.0228158041179744	0.0105731775180857	0.015025041736227	0.015025041736227	0.00612131329994435	0.0139120756816917	0.00667779632721202	0.0155815247634947	0.010016694490818	0.0233722871452421	0.01669449081803	0.00834724540901502	0.0105731775180857	0.0139120756816917	0.00946021146355036	0.0111296605453534	0.00779076238174736	0.00946021146355036	0.00834724540901502	0.00946021146355036	0.0183639398998331	0.0127991096271564	0.0161380077907624	0.0111296605453534	0.0161380077907624	0.0161380077907624	0.0172509738452977	0.00946021146355036	0.0439621591541458	0.01669449081803	0.0183639398998331	0.0178074568725654	0.0144685587089594	0.011686143572621	0.0144685587089594	NA	NA	NA	NA	NA	NA	NA	NA	NA	NA	NA	NA	NA	NA	NA	0.00389538119087368	NA	NA	NA	NA	NA	NA	NA	NA	0.106844741235392	NA	0.001669449081803	NA	NA	NA	NA	NA	NA	NA	0.00111296605453534	0.00222593210907067	NA	NA	NA	0.001669449081803	NA	NA	NA	NA	NA	NA	NA	NA	NA	NA	NA	NA	NA	NA	NA	NA	NA	NA	NA	NA	NA	NA	NA	NA	NA	0.001669449081803	NA	NA	NA	NA	NA	NA	NA	NA	NA	NA	NA	NA	NA	NA	NA	NA	NA	NA	NA	NA	NA	NA	NA	NA	NA	0.00111296605453534	NA	NA	NA	NA	NA	NA	0.00111296605453534	0.000556483027267668	NA	NA	NA	NA	NA	NA	NA	NA	NA	NA	NA	NA	NA	NA	NA	NA	NA	NA	NA	NA	NA	NA	NA	NA	NA	NA	NA	NA	NA	NA	NA	NA	NA	NA	NA	NA	NA	NA	NA	NA	NA	NA	NA	NA	NA	NA	NA	NA	NA	NA	NA	NA	NA	NA	NA	NA	NA	NA	NA	NA	NA	NA	NA	NA	NA	NA	NA	NA	NA	NA	NA	NA	NA	NA	NA	NA	NA	NA	NA
VIVO7_FEC_VLP_JUN7_F15	NA	0.00699975862901279	0.0243784697079411	0.00410330678252474	0.00217233888486604	NA	0.0089307265266715	0.0137581462708182	0.020033791938209	0.0161718561428916	0.00796524257784214	0.0159304851556843	0.0108616944243302	0.0236543567463191	0.00699975862901279	0.0142408882452329	0.0118271783731595	0.0159304851556843	0.00868935553946416	0.0130340333091962	0.0101375814627082	0.00796524257784214	0.017137340091721	0.0123099203475742	0.0118271783731595	0.0135167752836109	0.0108616944243302	0.0103789524499155	0.0132754042964036	0.00868935553946416	0.019309678976587	0.0159304851556843	0.0101375814627082	0.020033791938209	0.0282404055032585	0.00482741974414675	0.016413227130099	0.00627564566739078	0.0125512913347816	0.00772387159063481	0.0470673425054308	0.0159304851556843	0.00844798455225682	0.0089307265266715	0.0135167752836109	0.0106203234371229	0.0125512913347816	0.00796524257784214	0.00748250060342747	0.00941346850108617	0.0101375814627082	0.0137581462708182	0.00772387159063481	0.0127926623219889	0.00989621047550084	0.0130340333091962	0.0125512913347816	0.0224475018102824	0.00675838764180546	0.0878590393434709	0.0181028240405503	0.0127926623219889	0.0156891141684769	0.0168959691045136	0.0108616944243302	0.0120685493603669	NA	0.00313782283369539	NA	0.000965483948829351	NA	NA	NA	NA	NA	NA	NA	NA	NA	NA	NA	0.00410330678252474	NA	NA	NA	NA	0.00482741974414675	NA	NA	NA	NA	NA	0.00699975862901279	NA	NA	NA	NA	NA	NA	NA	NA	0.00144822592324403	0.00168959691045136	NA	0.000482741974414675	0.00458604875693942	0.00482741974414675	NA	NA	NA	NA	NA	NA	NA	NA	NA	NA	NA	NA	NA	NA	0.000965483948829351	0.00144822592324403	NA	0.00120685493603669	NA	NA	NA	NA	NA	NA	0.000724112961622013	NA	NA	NA	NA	0.00144822592324403	NA	0.00144822592324403	NA	NA	NA	NA	NA	NA	NA	0.0019309678976587	NA	NA	0.000965483948829351	NA	NA	NA	NA	NA	NA	NA	0.000965483948829351	0.00120685493603669	0.000965483948829351	NA	NA	NA	0.00120685493603669	0.00482741974414675	0.000965483948829351	NA	0.00144822592324403	NA	0.00168959691045136	0.00772387159063481	0.00748250060342747	0.00217233888486604	0.00458604875693942	0.00168959691045136	0.00144822592324403	0.000965483948829351	NA	0.000965483948829351	0.00144822592324403	0.00144822592324403	0.000965483948829351	0.000965483948829351	0.000241370987207338	0.00144822592324403	0.000724112961622013	NA	NA	NA	NA	NA	NA	NA	0.000724112961622013	NA	NA	NA	NA	NA	NA	NA	NA	NA	NA	NA	NA	NA	NA	NA	NA	NA	NA	NA	NA	NA	NA	NA	NA	NA	NA	NA	NA	NA	NA	NA	NA	NA	NA	NA	NA	NA	NA	NA	NA	NA	NA	NA	NA	NA	NA	NA	NA	NA	NA	NA
VIVO7_FEC_VLP_JUN7_F16	NA	0.00852878464818763	0.0202558635394456	NA	0.00213219616204691	NA	0.0127931769722814	0.011727078891258	0.0138592750533049	0.0170575692963753	0.0106609808102345	0.0149253731343284	0.0127931769722814	0.00959488272921109	0.0106609808102345	0.0170575692963753	0.0138592750533049	0.0202558635394456	0.00852878464818763	0.0181236673773987	0.00959488272921109	0.0127931769722814	0.011727078891258	0.011727078891258	0.0138592750533049	0.0159914712153518	0.0138592750533049	0.0106609808102345	0.0149253731343284	0.0127931769722814	0.0170575692963753	0.0255863539445629	0.00639658848614072	0.0170575692963753	0.011727078891258	0.00533049040511727	0.011727078891258	0.00533049040511727	0.0202558635394456	0.0106609808102345	0.05863539445629	0.0159914712153518	0.00639658848614072	0.00959488272921109	0.0127931769722814	0.00959488272921109	0.0138592750533049	0.00746268656716418	0.011727078891258	0.00852878464818763	0.00852878464818763	0.011727078891258	0.0106609808102345	0.0149253731343284	0.00959488272921109	0.0127931769722814	0.0181236673773987	0.0181236673773987	NA	0.12046908315565	0.0159914712153518	0.0181236673773987	0.0181236673773987	0.0127931769722814	0.00852878464818763	0.011727078891258	NA	NA	NA	NA	NA	NA	NA	NA	NA	NA	NA	NA	NA	NA	NA	0.011727078891258	NA	NA	NA	NA	NA	NA	NA	NA	NA	NA	0.00639658848614072	NA	NA	NA	NA	NA	NA	NA	NA	0.00426439232409382	NA	NA	NA	0.00319829424307036	0.00426439232409382	NA	NA	NA	NA	NA	NA	NA	NA	NA	NA	NA	NA	NA	NA	NA	NA	NA	NA	NA	NA	NA	NA	NA	NA	NA	NA	NA	NA	NA	NA	NA	NA	NA	NA	NA	NA	NA	NA	NA	NA	NA	NA	NA	NA	NA	NA	NA	NA	NA	NA	0.00426439232409382	NA	NA	NA	NA	NA	NA	0.00533049040511727	NA	NA	NA	NA	NA	0.00319829424307036	0.00746268656716418	NA	0.00106609808102345	NA	0.00213219616204691	NA	NA	NA	NA	NA	NA	NA	NA	NA	NA	NA	NA	NA	NA	NA	NA	NA	NA	NA	NA	NA	NA	NA	NA	NA	NA	NA	NA	NA	NA	NA	NA	NA	NA	NA	NA	NA	NA	NA	NA	NA	NA	NA	NA	NA	NA	NA	NA	NA	NA	NA	NA	NA	NA	NA	NA	NA	NA	NA	NA	NA	NA	NA	NA	NA	NA	NA	NA	NA
VIVO7_FEC_VLP_JUN7_M12	NA	0.032719836400818	0.065439672801636	0.00613496932515337	0.005453306066803	NA	0.00477164280845262	0.00886162235855487	0.0149965916837082	0.0122699386503067	0.005453306066803	0.0115882753919564	0.00681663258350375	0.0286298568507157	0.00408997955010225	0.00749829584185412	0.00681663258350375	0.0102249488752556	0.00681663258350375	0.00613496932515337	0.0081799591002045	0.00749829584185412	0.0115882753919564	0.0081799591002045	0.00886162235855487	0.010906612133606	0.00749829584185412	0.00886162235855487	0.00954328561690525	0.00613496932515337	0.0190865712338105	0.0081799591002045	0.005453306066803	0.0115882753919564	0.0408997955010225	0.00340831629175187	0.0122699386503067	0.005453306066803	0.0122699386503067	0.005453306066803	0.0702113156100886	0.0122699386503067	0.00681663258350375	0.00613496932515337	0.0081799591002045	0.0081799591002045	0.005453306066803	0.00749829584185412	0.00477164280845262	0.00408997955010225	0.00749829584185412	0.0102249488752556	0.005453306066803	0.005453306066803	0.0081799591002045	0.0115882753919564	0.0081799591002045	0.0306748466257669	NA	0.130879345603272	0.0122699386503067	0.00613496932515337	0.0115882753919564	0.0122699386503067	0.00954328561690525	0.00749829584185412	NA	0.00204498977505112	NA	NA	NA	NA	NA	NA	NA	NA	NA	NA	NA	NA	NA	0.00408997955010225	NA	NA	NA	NA	NA	NA	NA	NA	NA	NA	0.038173142467621	NA	NA	NA	NA	NA	NA	NA	NA	0.0027266530334015	NA	0.0204498977505112	NA	0.00408997955010225	0.00136332651670075	NA	NA	NA	NA	NA	NA	NA	NA	NA	NA	NA	NA	NA	NA	NA	0.00204498977505112	NA	0.00204498977505112	NA	NA	NA	NA	NA	NA	NA	NA	NA	NA	NA	NA	NA	NA	NA	NA	NA	NA	NA	NA	NA	NA	NA	NA	NA	NA	NA	NA	NA	NA	NA	NA	0.00204498977505112	0.00136332651670075	NA	NA	NA	NA	NA	0.0252215405589639	NA	NA	NA	NA	NA	0.0027266530334015	0.0184049079754601	0.00136332651670075	0.00204498977505112	NA	0.00136332651670075	NA	NA	NA	NA	NA	NA	NA	NA	0.00136332651670075	NA	NA	NA	NA	NA	NA	NA	NA	NA	NA	NA	NA	NA	NA	NA	NA	NA	NA	NA	NA	NA	NA	NA	NA	NA	NA	NA	NA	NA	NA	NA	NA	NA	NA	NA	NA	NA	NA	NA	NA	NA	NA	NA	NA	NA	NA	NA	NA	NA	NA	NA	NA	NA	NA	NA	NA	NA	NA	NA	NA
VIVO7_FEC_VLP_JUN7_M13	NA	0.0118123523455957	0.0273371582855214	0.00573742828214647	0.00337495781302734	NA	0.00843739453256834	0.0104623692203847	0.0161997975025312	0.0134998312521093	0.00843739453256834	0.0134998312521093	0.010124873439082	0.0219372257846777	0.00674991562605467	0.0121498481268984	0.0111373607829902	0.0155248059399258	0.00877489031387108	0.0111373607829902	0.00944988187647654	0.00944988187647654	0.0124873439082011	0.010124873439082	0.0124873439082011	0.0121498481268984	0.00911238609517381	0.00944988187647654	0.0128248396895039	0.00944988187647654	0.0172122848464394	0.0155248059399258	0.00877489031387108	0.0158623017212285	0.0280121498481269	0.00438744515693554	0.0124873439082011	0.00573742828214647	0.0131623354708066	0.00776240296996288	0.0651366857914276	0.015187310158623	0.00776240296996288	0.00776240296996288	0.0114748565642929	0.00944988187647654	0.00944988187647654	0.00742490718866014	0.00809989875126561	0.00742490718866014	0.00843739453256834	0.0121498481268984	0.00742490718866014	0.0114748565642929	0.00877489031387108	0.0111373607829902	0.0121498481268984	0.0205872426594668	NA	0.121498481268984	0.015187310158623	0.0131623354708066	0.0134998312521093	0.0131623354708066	0.00978737765777928	0.00978737765777928	NA	0.00337495781302734	NA	0.00236247046911914	NA	NA	NA	NA	NA	NA	NA	NA	NA	NA	NA	0.0040499493756328	NA	NA	NA	NA	NA	NA	NA	NA	NA	NA	0.0124873439082011	NA	NA	NA	NA	NA	NA	0.00269996625042187	0.00134998312521093	0.00168747890651367	0.00506243671954101	0.00742490718866014	0.0010124873439082	0.0040499493756328	0.00337495781302734	NA	NA	NA	NA	NA	NA	NA	NA	NA	NA	NA	NA	NA	NA	NA	NA	NA	0.00168747890651367	NA	NA	NA	NA	NA	NA	0.00168747890651367	NA	NA	NA	NA	0.00168747890651367	NA	NA	NA	NA	NA	NA	NA	NA	NA	0.00168747890651367	NA	NA	0.00134998312521093	NA	NA	NA	NA	NA	NA	NA	0.000674991562605467	NA	NA	NA	0.000674991562605467	NA	0.00134998312521093	0.00776240296996288	NA	NA	0.0020249746878164	NA	0.00168747890651367	0.00708741140735741	0.0141748228147148	0.00168747890651367	0.00337495781302734	0.00168747890651367	0.0010124873439082	0.00134998312521093	NA	0.00134998312521093	0.00168747890651367	0.00168747890651367	0.000674991562605467	NA	NA	0.00269996625042187	0.000674991562605467	NA	NA	NA	NA	NA	NA	NA	NA	NA	NA	NA	NA	NA	NA	NA	NA	NA	NA	NA	NA	NA	NA	NA	NA	NA	NA	NA	NA	NA	NA	NA	NA	NA	NA	NA	NA	NA	NA	NA	NA	NA	NA	NA	NA	NA	NA	NA	NA	NA	NA	NA	NA	NA	NA	NA	NA	NA	NA	NA
VIVO7_FEC_VLP_JUN7_M14	NA	0.0328151986183074	0.0639032815198618	NA	NA	NA	0.00518134715025907	0.0103626943005181	0.0155440414507772	0.0138169257340242	0.00518134715025907	0.00863557858376511	0.00518134715025907	0.0276338514680484	0.00345423143350604	0.00690846286701209	0.0103626943005181	0.0120898100172712	0.00690846286701209	0.00518134715025907	0.00863557858376511	0.00863557858376511	0.0120898100172712	0.00690846286701209	0.0103626943005181	0.00863557858376511	0.00518134715025907	0.00690846286701209	0.00863557858376511	0.00690846286701209	0.0224525043177893	0.00690846286701209	0.00690846286701209	0.0138169257340242	0.0500863557858377	NA	0.0103626943005181	0.00518134715025907	0.0103626943005181	0.00518134715025907	0.0846286701208981	0.0103626943005181	0.00690846286701209	0.00518134715025907	0.0103626943005181	0.00863557858376511	NA	0.00518134715025907	0.00345423143350604	NA	0.00690846286701209	0.0103626943005181	0.00345423143350604	0.00690846286701209	0.0103626943005181	0.0138169257340242	0.00863557858376511	0.0310880829015544	NA	0.162348877374784	0.0103626943005181	0.00863557858376511	0.0120898100172712	0.0120898100172712	0.00863557858376511	0.00690846286701209	NA	0.00345423143350604	NA	NA	NA	NA	NA	NA	NA	NA	NA	NA	NA	NA	NA	0.00690846286701209	NA	NA	NA	NA	NA	NA	NA	NA	NA	NA	0.0293609671848014	NA	NA	NA	NA	NA	NA	NA	NA	NA	NA	NA	NA	0.00345423143350604	NA	NA	NA	NA	NA	NA	NA	NA	NA	NA	NA	NA	NA	NA	NA	NA	NA	NA	NA	NA	NA	NA	NA	NA	NA	NA	NA	NA	NA	NA	NA	NA	NA	NA	NA	NA	NA	NA	NA	NA	NA	NA	NA	NA	NA	NA	NA	NA	NA	NA	NA	NA	NA	NA	NA	NA	NA	NA	NA	NA	NA	0.00345423143350604	NA	NA	0.00690846286701209	0.0379965457685665	NA	0.00518134715025907	NA	0.00863557858376511	NA	NA	NA	NA	NA	NA	NA	NA	NA	NA	NA	NA	NA	NA	NA	NA	NA	NA	NA	NA	NA	NA	NA	NA	NA	NA	NA	NA	NA	NA	NA	NA	NA	NA	NA	NA	NA	NA	NA	NA	NA	NA	NA	NA	NA	NA	NA	NA	NA	NA	NA	NA	NA	NA	NA	NA	NA	NA	NA	NA	NA	NA	NA	NA	NA	NA	NA	NA	NA
VIVO7_FEC_VLP_MAY13_POOL_F2	NA	0.0121317157712305	0.024263431542461	NA	NA	NA	0.00693240901213172	0.00866551126516464	0.0155979202772964	0.0121317157712305	0.00866551126516464	0.0121317157712305	0.00866551126516464	0.0138648180242634	0.00693240901213172	0.0103986135181976	0.00866551126516464	0.0138648180242634	0.00866551126516464	0.0103986135181976	0.00693240901213172	0.0103986135181976	0.0103986135181976	0.00866551126516464	0.0103986135181976	0.0103986135181976	0.00866551126516464	0.00693240901213172	0.0121317157712305	0.00866551126516464	0.0155979202772964	0.0155979202772964	0.00519930675909879	0.0138648180242634	0.0155979202772964	NA	0.0103986135181976	NA	0.0138648180242634	0.00693240901213172	0.0502599653379549	0.0121317157712305	0.00693240901213172	0.00693240901213172	0.0103986135181976	0.00866551126516464	0.0103986135181976	0.00693240901213172	0.00693240901213172	0.00693240901213172	0.00693240901213172	0.0121317157712305	0.00693240901213172	0.00866551126516464	0.00866551126516464	0.0121317157712305	0.00866551126516464	0.0190641247833622	NA	0.105719237435009	0.0138648180242634	0.0121317157712305	0.0121317157712305	0.0121317157712305	0.00693240901213172	0.00866551126516464	NA	NA	NA	NA	NA	NA	NA	NA	NA	NA	NA	NA	NA	NA	NA	NA	NA	NA	NA	NA	0.0190641247833622	NA	NA	NA	0.00866551126516464	NA	0.0121317157712305	NA	NA	NA	NA	NA	NA	NA	NA	NA	NA	NA	NA	NA	NA	NA	NA	NA	NA	NA	NA	NA	NA	NA	NA	NA	NA	NA	NA	NA	NA	NA	NA	NA	NA	NA	NA	NA	NA	NA	NA	NA	NA	NA	NA	NA	NA	NA	NA	NA	NA	NA	NA	NA	NA	NA	NA	NA	NA	NA	NA	NA	NA	NA	NA	NA	NA	NA	NA	NA	NA	NA	NA	NA	NA	NA	NA	NA	NA	NA	NA	NA	NA	NA	NA	NA	NA	NA	NA	NA	NA	NA	NA	NA	NA	NA	NA	NA	NA	NA	NA	NA	NA	NA	NA	NA	NA	NA	NA	NA	NA	NA	NA	NA	NA	NA	NA	NA	NA	NA	NA	NA	NA	NA	NA	NA	NA	NA	NA	NA	NA	NA	NA	NA	NA	NA	NA	NA	NA	NA	NA	NA	NA	NA	NA	NA	NA	NA	NA	NA	NA	NA	NA
VIVO7_FEC_VLP_MAY16_F16	NA	0.0112676056338028	0.0338028169014084	NA	NA	NA	NA	0.00563380281690141	0.00845070422535211	0.00563380281690141	NA	NA	NA	0.0140845070422535	NA	0.00563380281690141	0.00563380281690141	0.00845070422535211	NA	0.00845070422535211	NA	0.00563380281690141	NA	NA	NA	NA	NA	0.00563380281690141	NA	NA	0.00845070422535211	0.00563380281690141	0.0028169014084507	0.00845070422535211	0.0112676056338028	NA	0.00563380281690141	NA	0.0028169014084507	NA	0.208450704225352	0.00563380281690141	NA	NA	NA	NA	0.00563380281690141	0.00563380281690141	NA	NA	NA	0.00563380281690141	NA	NA	NA	0.00563380281690141	NA	0.00845070422535211	NA	0.51830985915493	0.00563380281690141	0.00563380281690141	0.00563380281690141	0.00563380281690141	0.0028169014084507	0.0028169014084507	NA	NA	NA	NA	NA	NA	NA	NA	NA	NA	NA	NA	NA	NA	NA	NA	NA	NA	NA	NA	0.0394366197183099	NA	NA	NA	NA	NA	0.00563380281690141	NA	NA	NA	NA	NA	NA	NA	NA	NA	NA	NA	NA	NA	NA	NA	NA	NA	NA	NA	NA	NA	NA	NA	NA	NA	NA	NA	NA	NA	NA	NA	NA	NA	NA	NA	NA	NA	NA	NA	NA	NA	NA	NA	NA	NA	NA	NA	NA	NA	NA	NA	NA	NA	NA	NA	NA	NA	NA	NA	NA	NA	NA	NA	NA	NA	NA	NA	NA	NA	NA	NA	NA	NA	NA	NA	NA	NA	NA	NA	NA	NA	NA	NA	NA	NA	NA	NA	NA	NA	NA	NA	NA	NA	NA	NA	NA	NA	NA	NA	NA	NA	NA	NA	NA	NA	NA	NA	NA	NA	NA	NA	NA	NA	NA	NA	NA	NA	NA	NA	NA	NA	NA	NA	NA	NA	NA	NA	NA	NA	NA	NA	NA	NA	NA	NA	NA	NA	NA	NA	NA	NA	NA	NA	NA	NA	NA	NA	NA	NA	NA	NA	NA
VIVO7_FEC_VLP_MAY16_F5	0.000461733810458271	0.0356689368579014	0.0611797298857209	0.00300126976797876	0.00484820500981184	NA	0.00126976797876024	0.00173150178921852	0.00300126976797876	0.00242410250490592	0.00288583631536419	0.00173150178921852	0.00138520143137481	0.00496363846242641	0.00115433452614568	0.00161606833660395	0.00150063488398938	0.00288583631536419	0.00115433452614568	0.00184693524183308	0.00138520143137481	0.00300126976797876	0.00196236869444765	0.00161606833660395	0.00230866905229135	0.00161606833660395	0.00150063488398938	0.00161606833660395	0.00184693524183308	0.00161606833660395	0.0035784370310516	0.00253953595752049	0.00138520143137481	0.00346300357843703	0.00623340644118666	0.000577167263072839	0.00219323559967679	0.00103890107353111	0.00150063488398938	0.00103890107353111	0.164146369617915	0.00253953595752049	0.00115433452614568	0.00126976797876024	0.00173150178921852	0.00173150178921852	0.00115433452614568	0.00126976797876024	0.00138520143137481	0.00103890107353111	0.00138520143137481	0.00207780214706222	0.00103890107353111	0.00150063488398938	0.00126976797876024	0.00207780214706222	0.00196236869444765	0.00507907191504098	NA	0.307976451575667	0.00242410250490592	0.00161606833660395	0.00253953595752049	0.00253953595752049	0.00161606833660395	0.00161606833660395	NA	NA	NA	NA	NA	NA	NA	NA	NA	NA	NA	NA	NA	NA	NA	0.0110816114509985	NA	NA	0.00161606833660395	NA	NA	NA	NA	NA	0.127553965139097	NA	0.0343991688791412	NA	NA	NA	NA	NA	NA	0.00138520143137481	0.00219323559967679	0.00484820500981184	0.00600253953595752	0.0202008542075493	0.00196236869444765	0.00103890107353111	NA	NA	NA	NA	NA	NA	NA	NA	NA	NA	NA	NA	NA	NA	NA	NA	0.000346300357843703	NA	0.000461733810458271	NA	NA	0.000808034168301974	NA	0.000577167263072839	NA	0.00150063488398938	NA	0.00126976797876024	NA	0.000230866905229135	0.000346300357843703	NA	0.000230866905229135	NA	NA	NA	0.000230866905229135	NA	0.00196236869444765	NA	0.000577167263072839	0.000692600715687406	0.000692600715687406	0.000230866905229135	NA	NA	0.00126976797876024	NA	NA	NA	NA	0.00415560429412444	0.000230866905229135	0.000230866905229135	0.000923467620916542	0.00196236869444765	0.016276116818654	0.000230866905229135	0.0228558236176844	NA	NA	NA	NA	NA	NA	0.00519450536765555	NA	NA	NA	0.00138520143137481	NA	NA	NA	NA	NA	NA	0.000577167263072839	NA	NA	NA	NA	NA	NA	NA	NA	NA	0.000346300357843703	NA	NA	0.000808034168301974	0.000346300357843703	NA	NA	NA	NA	NA	NA	NA	0.000115433452614568	NA	NA	NA	NA	NA	NA	NA	NA	NA	NA	NA	NA	NA	NA	NA	NA	NA	NA	NA	NA	NA	NA	NA	NA	NA	NA	NA	NA	NA	NA	NA	NA	NA	NA	0.000230866905229135	0.0250490592173612	0.000230866905229135	NA	NA	NA
VIVO7_FEC_VLP_MAY16_M12	NA	NA	NA	NA	NA	NA	NA	NA	NA	NA	NA	NA	NA	NA	NA	NA	NA	NA	NA	NA	NA	NA	NA	NA	NA	NA	NA	NA	NA	NA	NA	NA	NA	NA	NA	NA	NA	NA	NA	NA	0.283333333333333	NA	NA	NA	NA	NA	NA	NA	NA	NA	NA	NA	NA	NA	NA	NA	NA	NA	NA	0.616666666666667	NA	NA	NA	NA	NA	NA	NA	NA	NA	NA	NA	NA	NA	NA	NA	NA	NA	NA	NA	NA	NA	NA	NA	NA	NA	NA	0.1	NA	NA	NA	NA	NA	NA	NA	NA	NA	NA	NA	NA	NA	NA	NA	NA	NA	NA	NA	NA	NA	NA	NA	NA	NA	NA	NA	NA	NA	NA	NA	NA	NA	NA	NA	NA	NA	NA	NA	NA	NA	NA	NA	NA	NA	NA	NA	NA	NA	NA	NA	NA	NA	NA	NA	NA	NA	NA	NA	NA	NA	NA	NA	NA	NA	NA	NA	NA	NA	NA	NA	NA	NA	NA	NA	NA	NA	NA	NA	NA	NA	NA	NA	NA	NA	NA	NA	NA	NA	NA	NA	NA	NA	NA	NA	NA	NA	NA	NA	NA	NA	NA	NA	NA	NA	NA	NA	NA	NA	NA	NA	NA	NA	NA	NA	NA	NA	NA	NA	NA	NA	NA	NA	NA	NA	NA	NA	NA	NA	NA	NA	NA	NA	NA	NA	NA	NA	NA	NA	NA	NA	NA	NA	NA	NA	NA	NA	NA	NA	NA	NA	NA	NA	NA	NA	NA	NA	NA
VIVO7_FEC_VLP_MAY27_F15	NA	0.00833698990785432	0.0171127687582273	0.00438788942518649	NA	NA	0.00702062308029838	0.00921456779289162	0.0131636682755595	0.0127248793330408	0.00614304519526108	0.0109697235629662	0.00833698990785432	0.0171127687582273	0.00658183413777973	0.0100921456779289	0.0109697235629662	0.0136024572180781	0.00702062308029838	0.00921456779289162	0.00745941202281702	0.00570425625274243	0.0118473014480035	0.00877577885037297	0.0100921456779289	0.0109697235629662	0.00833698990785432	0.00789820096533567	0.00965335673541027	0.00745941202281702	0.0153576129881527	0.0140412461605968	0.00658183413777973	0.0144800351031154	0.0206230802983765	0.00307152259763054	0.0122860903905222	0.00438788942518649	0.0109697235629662	0.00658183413777973	0.110136024572181	0.0140412461605968	0.00526546731022378	0.00702062308029838	0.00965335673541027	0.00702062308029838	0.00745941202281702	0.00614304519526108	0.00658183413777973	0.00570425625274243	0.00702062308029838	0.0105309346204476	0.00658183413777973	0.00965335673541027	0.00789820096533567	0.0114085125054849	0.0105309346204476	0.0144800351031154	NA	0.223782360684511	0.0122860903905222	0.0100921456779289	0.0109697235629662	0.0127248793330408	0.00833698990785432	0.00965335673541027	NA	0.00219394471259324	NA	NA	NA	NA	NA	NA	NA	NA	NA	NA	NA	NA	NA	0.00570425625274243	NA	NA	NA	NA	0.0408073716542343	NA	NA	NA	NA	NA	0.00833698990785432	NA	NA	NA	NA	NA	NA	0.00263273365511189	NA	0.00219394471259324	0.00351031154014919	NA	NA	0.00307152259763054	NA	NA	NA	NA	NA	NA	NA	NA	NA	NA	NA	NA	NA	NA	NA	NA	0.00175515577007459	NA	0.00131636682755595	NA	NA	NA	NA	NA	NA	0.00131636682755595	NA	NA	NA	NA	NA	NA	NA	NA	NA	NA	NA	NA	NA	NA	0.00131636682755595	NA	NA	NA	NA	NA	NA	NA	NA	NA	NA	0.000438788942518649	NA	NA	NA	NA	NA	NA	0.00482667836770513	NA	NA	0.00219394471259324	NA	NA	0.000877577885037297	NA	NA	NA	NA	NA	NA	NA	NA	0.00131636682755595	NA	NA	NA	NA	0.00131636682755595	NA	NA	NA	NA	NA	NA	0.000438788942518649	NA	0.000877577885037297	NA	NA	NA	NA	NA	NA	NA	NA	NA	NA	NA	NA	NA	NA	NA	NA	NA	NA	NA	NA	NA	NA	NA	NA	NA	NA	NA	NA	NA	NA	NA	NA	NA	NA	NA	NA	NA	NA	NA	NA	NA	NA	NA	NA	NA	NA	NA	NA	NA	NA	NA
VIVO7_FEC_VLP_MAY27_F16	NA	0.00707269155206287	0.0149312377210216	NA	NA	NA	0.00471512770137525	0.00707269155206287	0.00943025540275049	0.00864440078585462	0.00510805500982318	0.00667976424361493	0.00589390962671906	0.00982318271119843	0.00353634577603143	0.00707269155206287	0.00667976424361493	0.00943025540275049	0.00471512770137525	0.00628683693516699	0.00510805500982318	0.00471512770137525	0.0074656188605108	0.00589390962671906	0.00707269155206287	0.0074656188605108	0.00589390962671906	0.00510805500982318	0.00825147347740668	0.00471512770137525	0.0117878192534381	0.00864440078585462	0.00550098231827112	0.00785854616895874	0.0137524557956778	0.00275049115913556	0.00785854616895874	0.00392927308447937	0.00825147347740668	0.00392927308447937	0.18467583497053	0.0106090373280943	0.00432220039292731	0.00432220039292731	0.00628683693516699	0.00471512770137525	0.00392927308447937	0.00471512770137525	0.00392927308447937	0.0031434184675835	0.00510805500982318	0.00667976424361493	0.00392927308447937	0.00667976424361493	0.00471512770137525	0.00943025540275049	0.00628683693516699	0.012573673870334	NA	0.382318271119843	0.00903732809430255	0.00628683693516699	0.00903732809430255	0.00943025540275049	0.00589390962671906	0.00589390962671906	NA	NA	NA	NA	NA	NA	NA	NA	NA	NA	NA	NA	NA	NA	NA	0.00392927308447937	NA	NA	NA	NA	0.00943025540275049	NA	NA	NA	NA	NA	0.00628683693516699	NA	NA	NA	NA	NA	NA	0.00392927308447937	NA	NA	NA	NA	NA	NA	NA	NA	NA	NA	NA	NA	NA	NA	NA	NA	NA	NA	NA	NA	NA	NA	NA	NA	NA	NA	NA	NA	NA	NA	NA	0.00196463654223969	NA	NA	NA	NA	NA	NA	NA	NA	NA	NA	NA	NA	NA	NA	NA	NA	NA	NA	NA	NA	NA	NA	NA	NA	NA	NA	NA	NA	NA	NA	NA	NA	NA	NA	NA	NA	NA	NA	NA	0.0074656188605108	NA	NA	NA	NA	NA	NA	NA	NA	NA	NA	NA	NA	NA	NA	NA	NA	NA	NA	NA	NA	NA	NA	NA	NA	NA	NA	NA	NA	NA	NA	NA	NA	NA	NA	NA	NA	NA	NA	NA	NA	NA	NA	NA	NA	NA	NA	NA	NA	NA	NA	NA	NA	NA	NA	NA	NA	NA	NA	NA	NA	NA	NA	NA	NA	NA	NA	NA	NA	NA	NA	NA	NA	NA
VIVO7_FEC_VLP_MAY27_F2	NA	0.00132961042414573	0.00279218189070602	0.000930727296902008	NA	NA	0.000265922084829145	0.00053184416965829	0.000797766254487435	0.000664805212072863	0.000265922084829145	0.000664805212072863	0.00053184416965829	0.000664805212072863	0.000265922084829145	0.00053184416965829	0.000265922084829145	0.000664805212072863	0.000398883127243718	0.000398883127243718	0.00053184416965829	0.00132961042414573	0.00053184416965829	0.000265922084829145	0.000664805212072863	0.00053184416965829	NA	0.00053184416965829	0.000664805212072863	0.00053184416965829	0.000664805212072863	0.000664805212072863	0.000265922084829145	0.000664805212072863	0.00132961042414573	NA	0.000664805212072863	0.000132961042414573	0.000797766254487435	0.000265922084829145	0.326419359127776	0.000797766254487435	NA	0.000398883127243718	0.00053184416965829	0.00053184416965829	0.000398883127243718	0.000265922084829145	0.000398883127243718	0.000265922084829145	0.000398883127243718	0.000398883127243718	0.000398883127243718	0.000265922084829145	0.000398883127243718	0.00053184416965829	0.00053184416965829	0.000930727296902008	NA	0.610291184682888	0.000797766254487435	0.00053184416965829	0.00053184416965829	0.000664805212072863	0.000398883127243718	0.000398883127243718	NA	0.000132961042414573	NA	0.000398883127243718	NA	NA	NA	NA	NA	NA	NA	NA	NA	NA	NA	0.00265922084829145	NA	0.000265922084829145	0.000265922084829145	NA	0.00651509107831405	NA	NA	NA	0.00265922084829145	NA	0.00119664938173115	NA	NA	NA	NA	NA	NA	NA	0.000797766254487435	0.00106368833931658	0.000797766254487435	0.000664805212072863	0.00053184416965829	NA	NA	NA	NA	NA	NA	NA	NA	NA	NA	NA	NA	NA	NA	NA	NA	NA	NA	NA	NA	NA	NA	0.000398883127243718	NA	0.000398883127243718	NA	0.00106368833931658	NA	0.000265922084829145	NA	NA	NA	NA	NA	NA	NA	NA	NA	NA	NA	NA	NA	NA	NA	NA	NA	NA	NA	NA	NA	NA	NA	0.000797766254487435	NA	NA	0.000265922084829145	NA	NA	NA	NA	NA	NA	0.000930727296902008	NA	0.000398883127243718	0.000930727296902008	0.00398883127243718	0.000398883127243718	0.00053184416965829	0.000265922084829145	0.000664805212072863	NA	NA	NA	NA	NA	0.000132961042414573	NA	NA	NA	NA	NA	NA	NA	NA	NA	NA	NA	NA	NA	NA	0.000132961042414573	NA	NA	NA	NA	NA	NA	NA	NA	NA	NA	NA	NA	NA	NA	NA	NA	NA	NA	NA	NA	NA	NA	NA	NA	NA	NA	NA	NA	NA	NA	NA	NA	NA	NA	NA	NA	NA	NA	NA	NA	NA	NA	NA	NA	NA	NA	NA	NA
VIVO7_FEC_VLP_MAY27_M12	NA	NA	0.00199335548172757	NA	NA	NA	0.0119601328903654	0.0179401993355482	0.0219269102990033	0.0205980066445183	0.00996677740863787	0.0199335548172757	0.0152823920265781	0.0219269102990033	0.00930232558139535	0.0172757475083056	0.0159468438538206	0.0186046511627907	0.012624584717608	0.0172757475083056	0.0119601328903654	0.0112956810631229	0.0192691029900332	0.0166112956810631	0.0152823920265781	0.0199335548172757	0.0166112956810631	0.013953488372093	0.0172757475083056	0.0106312292358804	0.0219269102990033	0.0212624584717608	0.0146179401993355	0.0192691029900332	0.0219269102990033	0.00664451827242525	0.0179401993355482	0.00730897009966777	0.0186046511627907	0.00930232558139535	0.0305647840531561	0.0179401993355482	0.0119601328903654	0.0106312292358804	0.0152823920265781	0.0106312292358804	0.012624584717608	0.0106312292358804	0.00930232558139535	0.0112956810631229	0.0112956810631229	0.0192691029900332	0.012624584717608	0.0179401993355482	0.013953488372093	0.0192691029900332	0.0152823920265781	0.0212624584717608	0.00730897009966777	0.0611295681063123	0.0205980066445183	0.0172757475083056	0.0192691029900332	0.0186046511627907	0.0166112956810631	0.0159468438538206	NA	NA	NA	NA	NA	NA	NA	NA	NA	NA	NA	NA	NA	NA	NA	NA	NA	NA	NA	NA	0.00199335548172757	NA	NA	NA	NA	NA	NA	NA	NA	NA	NA	NA	NA	NA	NA	0.00132890365448505	NA	NA	NA	0.00132890365448505	NA	NA	NA	NA	NA	NA	NA	NA	NA	NA	NA	NA	NA	0.00132890365448505	NA	NA	NA	NA	NA	NA	NA	NA	NA	NA	NA	NA	NA	NA	NA	NA	NA	NA	NA	NA	NA	NA	NA	NA	NA	NA	NA	NA	NA	NA	NA	NA	NA	NA	NA	NA	NA	NA	NA	NA	NA	NA	NA	NA	NA	NA	NA	NA	NA	NA	NA	NA	NA	NA	NA	NA	NA	NA	NA	NA	NA	NA	NA	NA	NA	NA	NA	NA	NA	NA	NA	NA	NA	NA	0.00132890365448505	NA	NA	NA	NA	NA	NA	NA	NA	NA	NA	NA	NA	NA	NA	NA	NA	NA	NA	NA	NA	NA	NA	NA	NA	NA	NA	NA	NA	NA	NA	NA	NA	NA	NA	NA	NA	NA	NA	NA	NA	NA	NA	NA	NA	NA	NA	NA	NA	NA	NA
VIVO7_FEC_VLP_MAY27_M13	NA	0.0201072386058981	0.0388739946380697	NA	NA	NA	0.00670241286863271	0.0120643431635389	0.0241286863270777	0.0134048257372654	0.00938337801608579	0.0120643431635389	0.00938337801608579	0.0308310991957105	0.00536193029490617	0.0107238605898123	0.00670241286863271	0.017426273458445	0.00804289544235925	0.0120643431635389	0.0120643431635389	0.00804289544235925	0.014745308310992	0.0120643431635389	0.0134048257372654	0.0107238605898123	0.00670241286863271	0.0107238605898123	0.00938337801608579	0.00670241286863271	0.0254691689008043	0.0107238605898123	0.00670241286863271	0.017426273458445	0.0536193029490617	0.00402144772117962	0.014745308310992	0.00402144772117962	0.00804289544235925	0.00670241286863271	0.049597855227882	0.0160857908847185	0.00804289544235925	0.00938337801608579	0.0120643431635389	0.014745308310992	0.00670241286863271	0.00670241286863271	0.00536193029490617	0.00536193029490617	0.00938337801608579	0.0120643431635389	0.00670241286863271	0.00804289544235925	0.0120643431635389	0.014745308310992	0.0120643431635389	0.0415549597855228	NA	0.0898123324396783	0.014745308310992	0.00938337801608579	0.0120643431635389	0.0187667560321716	0.0134048257372654	0.00804289544235925	NA	NA	NA	NA	NA	NA	NA	NA	NA	NA	NA	NA	NA	NA	NA	0.00938337801608579	NA	NA	NA	NA	0.0482573726541555	NA	NA	NA	0.00268096514745308	NA	0.017426273458445	NA	NA	NA	NA	NA	NA	NA	NA	0.00268096514745308	NA	NA	NA	NA	NA	NA	NA	NA	NA	NA	NA	NA	NA	NA	NA	NA	NA	NA	NA	NA	NA	NA	NA	NA	NA	NA	NA	NA	NA	NA	NA	NA	NA	NA	NA	NA	NA	NA	NA	NA	NA	NA	NA	NA	NA	NA	NA	NA	NA	NA	NA	NA	NA	NA	NA	0.00268096514745308	NA	NA	NA	NA	NA	NA	NA	NA	NA	0.00268096514745308	NA	NA	NA	NA	NA	NA	NA	0.00402144772117962	NA	NA	NA	NA	NA	NA	NA	NA	NA	NA	NA	NA	NA	NA	NA	NA	NA	NA	NA	NA	NA	NA	NA	NA	NA	NA	NA	NA	NA	NA	NA	NA	NA	NA	NA	NA	NA	NA	NA	NA	NA	NA	NA	NA	NA	NA	NA	NA	NA	NA	NA	NA	NA	NA	NA	NA	NA	NA	NA	NA	NA	NA	NA	NA	NA	NA	NA	NA	NA
VIVO7_FEC_VLP_MAY27_M14	NA	NA	NA	NA	NA	NA	0.0150753768844221	0.0188442211055276	0.0201005025125628	0.0238693467336683	0.00879396984924623	0.0201005025125628	0.0150753768844221	0.0201005025125628	0.0125628140703518	0.0188442211055276	0.0175879396984925	0.0238693467336683	0.0125628140703518	0.0175879396984925	0.0113065326633166	0.0113065326633166	0.0175879396984925	0.0163316582914573	0.0150753768844221	0.0201005025125628	0.0150753768844221	0.0163316582914573	0.0188442211055276	0.0138190954773869	0.0201005025125628	0.0263819095477387	0.0125628140703518	0.0175879396984925	0.0188442211055276	0.0050251256281407	0.021356783919598	0.00753768844221105	0.021356783919598	0.0113065326633166	0.0163316582914573	0.021356783919598	0.0113065326633166	0.0113065326633166	0.0188442211055276	0.0100502512562814	0.0138190954773869	0.0113065326633166	0.0138190954773869	0.0113065326633166	0.0113065326633166	0.0201005025125628	0.0125628140703518	0.0188442211055276	0.0125628140703518	0.0238693467336683	0.0175879396984925	0.0188442211055276	0.0113065326633166	0.0339195979899497	0.021356783919598	0.0226130653266332	0.0188442211055276	0.0175879396984925	0.0138190954773869	0.0163316582914573	NA	NA	NA	NA	NA	NA	NA	NA	NA	NA	NA	NA	NA	NA	NA	NA	NA	NA	NA	NA	0.00251256281407035	NA	NA	NA	NA	NA	NA	NA	NA	NA	NA	NA	NA	NA	NA	NA	NA	NA	NA	0.00251256281407035	NA	NA	NA	NA	NA	NA	NA	NA	NA	NA	NA	NA	NA	NA	NA	NA	0.00125628140703518	NA	NA	NA	NA	NA	NA	NA	NA	NA	NA	NA	NA	NA	NA	NA	NA	NA	NA	NA	NA	NA	NA	NA	NA	NA	NA	NA	NA	NA	NA	NA	NA	NA	NA	NA	NA	NA	NA	NA	NA	NA	NA	NA	NA	NA	NA	NA	NA	NA	NA	NA	NA	NA	NA	NA	NA	NA	NA	NA	NA	NA	NA	NA	NA	NA	NA	NA	NA	NA	NA	NA	NA	NA	NA	NA	NA	NA	NA	NA	NA	NA	NA	NA	NA	NA	NA	NA	NA	NA	NA	NA	NA	NA	NA	NA	NA	NA	NA	NA	NA	NA	NA	NA	NA	NA	NA	NA	NA	NA	NA	NA	NA	NA	NA	NA	NA	NA	NA	NA	NA	NA	NA
VIVO7_FEC_VLP_MAY29_F21	NA	0.00982532751091703	0.022197962154294	0.00400291120815138	0.00327510917030568	NA	0.00218340611353712	0.00327510917030568	0.00400291120815138	0.00436681222707424	0.00181950509461426	0.00400291120815138	0.00254730713245997	0.00545851528384279	0.00181950509461426	0.00363901018922853	0.00291120815138282	0.00400291120815138	0.00218340611353712	0.00291120815138282	0.00291120815138282	0.0061863173216885	0.00363901018922853	0.00254730713245997	0.00291120815138282	0.00327510917030568	0.00254730713245997	0.00291120815138282	0.00291120815138282	0.00218340611353712	0.00509461426491994	0.00400291120815138	0.00181950509461426	0.00509461426491994	0.00909752547307132	0.00145560407569141	0.00436681222707424	0.00109170305676856	0.00327510917030568	0.00218340611353712	0.0061863173216885	0.00400291120815138	0.00218340611353712	0.00218340611353712	0.00363901018922853	0.00254730713245997	0.00254730713245997	0.00145560407569141	0.00181950509461426	0.00181950509461426	0.00254730713245997	0.00363901018922853	0.00218340611353712	0.00327510917030568	0.00291120815138282	0.00400291120815138	0.00291120815138282	0.00655021834061135	NA	0.0112809315866084	0.00400291120815138	0.00363901018922853	0.00363901018922853	0.00436681222707424	0.00291120815138282	0.00291120815138282	NA	NA	NA	NA	NA	NA	NA	NA	NA	NA	NA	NA	NA	NA	NA	0.00291120815138282	NA	NA	NA	NA	NA	NA	NA	NA	0.00727802037845706	NA	0.0101892285298399	NA	NA	NA	NA	NA	NA	NA	NA	0.00109170305676856	0.00109170305676856	0.00655021834061135	NA	NA	NA	NA	NA	NA	NA	NA	NA	NA	NA	NA	NA	NA	NA	NA	NA	NA	NA	NA	NA	NA	NA	NA	NA	NA	NA	NA	NA	NA	NA	NA	NA	NA	NA	NA	NA	NA	NA	NA	NA	NA	NA	NA	NA	NA	NA	NA	NA	NA	NA	NA	NA	0.000727802037845706	NA	NA	NA	NA	0.701601164483261	NA	NA	NA	NA	NA	NA	NA	NA	0.00109170305676856	NA	NA	NA	0.00254730713245997	NA	NA	NA	NA	NA	NA	NA	NA	NA	NA	NA	NA	NA	NA	NA	NA	NA	NA	NA	NA	NA	NA	NA	NA	NA	NA	NA	NA	NA	NA	NA	NA	NA	NA	NA	NA	NA	NA	NA	NA	NA	NA	NA	NA	NA	NA	NA	NA	NA	NA	NA	NA	NA	NA	NA	NA	NA	NA	NA	NA	NA	NA	NA	0.0152838427947598	0.00436681222707424	NA	0.00109170305676856	NA	NA
VIVO7_FEC_VLP_MAY29_F22	0.0103740103740104	0.0251160251160251	0.0701610701610702	0.0111930111930112	0.00627900627900628	0.000546000546000546	0.00136500136500137	0.00218400218400218	0.003003003003003	0.003003003003003	0.0133770133770134	0.00245700245700246	0.00191100191100191	0.00218400218400218	0.00109200109200109	0.00245700245700246	0.00218400218400218	0.00245700245700246	0.000819000819000819	0.00218400218400218	0.00163800163800164	0.00819000819000819	0.00218400218400218	0.00163800163800164	0.00491400491400491	0.00245700245700246	0.00136500136500137	0.00218400218400218	0.00245700245700246	0.00163800163800164	0.00327600327600328	0.003003003003003	0.00218400218400218	0.00491400491400491	0.00436800436800437	0.000819000819000819	0.00245700245700246	0.00109200109200109	0.00218400218400218	0.00136500136500137	0.196014196014196	0.00245700245700246	0.00136500136500137	0.00163800163800164	0.00218400218400218	0.00163800163800164	0.00163800163800164	0.00163800163800164	0.00136500136500137	0.00191100191100191	0.00191100191100191	0.00273000273000273	0.00136500136500137	0.00136500136500137	0.00273000273000273	0.00354900354900355	0.00163800163800164	0.00436800436800437	NA	0.282282282282282	0.00273000273000273	0.00273000273000273	0.00273000273000273	0.003003003003003	0.00218400218400218	0.00163800163800164	NA	NA	NA	NA	NA	NA	NA	NA	NA	NA	NA	NA	NA	NA	NA	0.0141960141960142	NA	NA	0.00273000273000273	NA	NA	NA	NA	NA	0.0303030303030303	NA	0.0218400218400218	NA	NA	NA	NA	NA	NA	0.00163800163800164	0.00436800436800437	0.00737100737100737	0.0040950040950041	0.0144690144690145	0.00191100191100191	NA	NA	NA	NA	NA	NA	NA	NA	NA	NA	NA	NA	NA	NA	NA	NA	NA	NA	NA	NA	NA	NA	0.00327600327600328	NA	0.003003003003003	NA	0.00682500682500682	NA	0.000819000819000819	NA	0.00163800163800164	NA	NA	NA	NA	NA	NA	NA	NA	0.00354900354900355	NA	NA	0.00109200109200109	0.000546000546000546	NA	NA	0.00191100191100191	0.000819000819000819	NA	NA	NA	NA	0.00464100464100464	NA	NA	0.000546000546000546	0.00163800163800164	0.0423150423150423	NA	NA	NA	NA	NA	NA	NA	NA	0.00518700518700519	NA	NA	NA	0.0040950040950041	NA	NA	NA	NA	NA	NA	NA	NA	NA	NA	NA	NA	NA	NA	0.00191100191100191	NA	NA	NA	NA	0.000546000546000546	0.00163800163800164	NA	NA	NA	NA	NA	NA	NA	NA	NA	NA	NA	NA	NA	NA	NA	NA	NA	NA	NA	NA	NA	NA	NA	NA	NA	NA	NA	NA	NA	NA	NA	NA	NA	NA	NA	NA	NA	NA	NA	NA	NA	NA	NA	0.0283920283920284	0.000546000546000546	NA	0.00163800163800164	0.0040950040950041
VIVO7_FEC_VLP_MAY29_F23	NA	0.0135214579659024	0.0313541054281795	0.00921026846952773	0.00823045267489712	0.000391926317852244	0.00235155790711346	0.00391926317852244	0.00764256319811875	0.00568293160885754	0.00313541054281795	0.00431118949637468	0.00333137370174407	0.0111699000587889	0.00156770527140898	0.0045071526553008	0.00391926317852244	0.00548696844993141	0.00235155790711346	0.00431118949637468	0.00372330001959632	0.00666274740348814	0.0045071526553008	0.00293944738389183	0.00431118949637468	0.00411522633744856	0.00313541054281795	0.00333137370174407	0.00391926317852244	0.00274348422496571	0.00901430531060161	0.00352733686067019	0.00333137370174407	0.00607485792670978	0.0203801685283167	0.00137174211248285	0.00529100529100529	0.00254752106603958	0.00411522633744856	0.00215559474818734	0.0454634528708603	0.00529100529100529	0.00313541054281795	0.00274348422496571	0.00411522633744856	0.00470311581422693	0.00293944738389183	0.00274348422496571	0.00195963158926122	0.00215559474818734	0.00333137370174407	0.00509504213207917	0.00254752106603958	0.00293944738389183	0.00431118949637468	0.00509504213207917	0.00293944738389183	0.0131295316480502	NA	0.0856359004507153	0.00548696844993141	0.00313541054281795	0.00509504213207917	0.00587889476778366	0.00352733686067019	0.00372330001959632	NA	NA	NA	NA	NA	NA	NA	NA	NA	NA	NA	NA	NA	NA	NA	0.00352733686067019	NA	NA	0.000587889476778366	NA	NA	NA	NA	NA	0.00293944738389183	NA	0.0117577895355673	NA	NA	NA	NA	NA	NA	0.000391926317852244	0.000979815794630609	0.00137174211248285	0.00117577895355673	0.00979815794630609	NA	0.000587889476778366	NA	NA	NA	NA	NA	NA	NA	NA	NA	NA	NA	NA	NA	NA	NA	NA	NA	NA	NA	NA	NA	NA	NA	NA	NA	NA	NA	0.000195963158926122	NA	NA	NA	NA	NA	NA	NA	NA	NA	NA	NA	NA	NA	NA	NA	NA	NA	NA	NA	NA	NA	NA	NA	0.000979815794630609	NA	NA	NA	0.000391926317852244	0.493827160493827	NA	NA	NA	NA	NA	0.000391926317852244	NA	NA	0.00274348422496571	NA	NA	NA	0.00137174211248285	NA	NA	NA	NA	NA	NA	NA	NA	NA	NA	NA	NA	NA	NA	NA	NA	0.00137174211248285	NA	NA	NA	NA	NA	NA	NA	NA	NA	NA	NA	NA	NA	NA	NA	NA	NA	NA	NA	NA	NA	NA	NA	NA	NA	NA	NA	NA	NA	NA	NA	NA	NA	NA	NA	NA	NA	NA	NA	NA	NA	NA	NA	NA	NA	NA	0.00940623162845385	0.00548696844993141	NA	NA	NA	NA
VIVO7_FEC_VLP_MAY29_F24	NA	0.01185667752443	0.0345276872964169	0.0063843648208469	0.00403908794788274	NA	0.00130293159609121	0.00156351791530945	0.00208469055374593	0.00182410423452769	0.00104234527687296	0.00156351791530945	0.000912052117263844	0.00286644951140065	0.000781758957654723	0.00182410423452769	0.00156351791530945	0.00208469055374593	0.00117263843648208	0.00143322475570033	0.00156351791530945	0.00664495114006515	0.00182410423452769	0.00117263843648208	0.00143322475570033	0.00182410423452769	0.00130293159609121	0.00234527687296417	0.00195439739413681	0.00117263843648208	0.00299674267100977	0.00143322475570033	0.00130293159609121	0.00273615635179153	0.00390879478827362	0.000521172638436482	0.00156351791530945	0.000651465798045603	0.00234527687296417	0.000912052117263844	0.00872964169381107	0.00169381107491857	0.000781758957654723	0.00104234527687296	0.00169381107491857	0.00117263843648208	0.00104234527687296	0.00104234527687296	0.000781758957654723	0.000912052117263844	0.00143322475570033	0.00143322475570033	0.000912052117263844	0.00117263843648208	0.00143322475570033	0.00208469055374593	0.00130293159609121	0.00286644951140065	NA	0.0170684039087948	0.00221498371335505	0.00130293159609121	0.00156351791530945	0.00247557003257329	0.00195439739413681	0.00143322475570033	NA	NA	NA	NA	NA	NA	NA	NA	NA	NA	NA	NA	NA	NA	NA	0.00208469055374593	NA	NA	0.00117263843648208	NA	NA	NA	NA	NA	0.00938110749185668	NA	0.0121172638436482	NA	NA	NA	NA	NA	NA	0.000521172638436482	NA	0.000912052117263844	0.00143322475570033	0.00781758957654723	NA	0.000521172638436482	NA	NA	NA	NA	NA	NA	NA	NA	NA	NA	NA	NA	NA	NA	NA	NA	NA	NA	NA	NA	NA	NA	NA	NA	NA	0.000260586319218241	NA	0.000521172638436482	NA	NA	NA	NA	NA	NA	NA	NA	NA	NA	NA	NA	NA	NA	NA	NA	NA	NA	0.000260586319218241	NA	NA	NA	NA	0.000651465798045603	NA	NA	0.000260586319218241	0.000521172638436482	0.751400651465798	NA	0.00729641693811075	NA	NA	NA	0.000651465798045603	NA	NA	0.00221498371335505	NA	NA	NA	0.00143322475570033	NA	NA	NA	NA	NA	NA	NA	NA	NA	NA	NA	NA	NA	NA	0.00104234527687296	NA	0.000651465798045603	NA	NA	NA	NA	NA	NA	NA	NA	NA	NA	NA	NA	NA	NA	NA	NA	NA	NA	NA	NA	NA	NA	NA	NA	NA	NA	NA	NA	NA	NA	NA	NA	NA	NA	NA	NA	NA	NA	NA	NA	NA	NA	NA	NA	NA	NA	0.0157654723127036	0.00260586319218241	NA	0.000260586319218241	NA	NA
VIVO7_FEC_VLP_MAY29_M20	NA	0.00462085308056872	0.0116113744075829	0.00450236966824645	0.00165876777251185	NA	0.00272511848341232	0.00355450236966825	0.0052132701421801	0.00485781990521327	0.0018957345971564	0.0042654028436019	0.00308056872037915	0.00817535545023697	0.00201421800947867	0.0042654028436019	0.00355450236966825	0.00438388625592417	0.00260663507109005	0.0042654028436019	0.00355450236966825	0.00390995260663507	0.00497630331753555	0.00343601895734597	0.00355450236966825	0.0037914691943128	0.00319905213270142	0.0042654028436019	0.0037914691943128	0.00296208530805687	0.00687203791469194	0.00414691943127962	0.00272511848341232	0.00699052132701422	0.010781990521327	0.00165876777251185	0.0042654028436019	0.00225118483412322	0.0037914691943128	0.00225118483412322	0.0037914691943128	0.00497630331753555	0.00248815165876777	0.00272511848341232	0.00355450236966825	0.0028436018957346	0.00260663507109005	0.00260663507109005	0.00201421800947867	0.00225118483412322	0.00308056872037915	0.0037914691943128	0.0023696682464455	0.00308056872037915	0.0033175355450237	0.00485781990521327	0.00355450236966825	0.00781990521327014	NA	0.00687203791469194	0.00485781990521327	0.0037914691943128	0.00450236966824645	0.00580568720379147	0.0042654028436019	0.0033175355450237	NA	NA	NA	NA	NA	NA	NA	NA	NA	NA	NA	NA	NA	NA	NA	0.00201421800947867	NA	NA	NA	NA	NA	NA	NA	NA	0.000829383886255924	NA	0.004739336492891	NA	NA	NA	NA	NA	NA	0.0014218009478673	NA	0.000829383886255924	0.0023696682464455	0.00319905213270142	NA	0.000355450236966825	NA	NA	NA	NA	NA	NA	NA	NA	NA	NA	NA	NA	NA	NA	NA	NA	NA	NA	NA	NA	NA	0.00023696682464455	NA	NA	NA	0.000355450236966825	NA	0.0004739336492891	NA	NA	NA	NA	NA	NA	NA	NA	NA	NA	NA	NA	NA	0.00023696682464455	NA	NA	NA	NA	NA	NA	NA	NA	NA	0.000710900473933649	NA	NA	0.00023696682464455	0.000355450236966825	0.704265402843602	NA	0.00296208530805687	NA	NA	NA	NA	NA	NA	0.0004739336492891	NA	NA	NA	0.0004739336492891	NA	NA	NA	NA	NA	NA	NA	NA	NA	NA	NA	NA	NA	NA	NA	NA	0.000355450236966825	NA	NA	0.000355450236966825	NA	NA	NA	NA	NA	NA	NA	NA	NA	NA	NA	NA	NA	NA	NA	NA	NA	NA	NA	NA	NA	NA	NA	NA	NA	NA	NA	NA	NA	NA	NA	NA	NA	NA	NA	NA	NA	NA	NA	NA	NA	NA	NA	0.0156398104265403	0.00118483412322275	NA	NA	0.000118483412322275	0.00023696682464455
VIVO7_FEC_VLP_MAY30_M12	NA	0.032887189292543	0.0627151051625239	0.00535372848948375	0.00879541108986616	NA	0.00497131931166348	0.00688336520076482	0.00917782026768642	0.00726577437858509	0.00497131931166348	0.00688336520076482	0.00497131931166348	0.00994263862332696	0.00344168260038241	0.00688336520076482	0.00650095602294455	0.00726577437858509	0.00535372848948375	0.00726577437858509	0.00650095602294455	0.00535372848948375	0.00764818355640535	0.00535372848948375	0.00764818355640535	0.00726577437858509	0.00497131931166348	0.00726577437858509	0.00650095602294455	0.00458891013384321	0.00956022944550669	0.00726577437858509	0.00382409177820268	0.0103250478011472	0.0152963671128107	0.00191204588910134	0.00726577437858509	0.00267686424474187	0.00650095602294455	0.00497131931166348	0.115105162523901	0.00879541108986616	0.00344168260038241	0.00420650095602294	0.00726577437858509	0.00573613766730402	0.00535372848948375	0.00458891013384321	0.00382409177820268	0.00458891013384321	0.00458891013384321	0.00611854684512428	0.00382409177820268	0.00535372848948375	0.00764818355640535	0.00917782026768642	0.00650095602294455	0.0168260038240918	NA	0.216826003824092	0.00841300191204589	0.00611854684512428	0.00688336520076482	0.00841300191204589	0.00650095602294455	0.00458891013384321	NA	0.000764818355640535	NA	0.00191204588910134	NA	NA	NA	NA	NA	NA	NA	NA	NA	NA	NA	0.011472275334608	NA	NA	NA	NA	0.00344168260038241	NA	NA	NA	NA	NA	0.0340344168260038	NA	NA	NA	NA	NA	NA	NA	0.00344168260038241	0.00458891013384321	0.00726577437858509	0.0202676864244742	0.00191204588910134	0.00803059273422562	0.000382409177820268	NA	NA	NA	NA	NA	NA	NA	NA	NA	NA	NA	NA	NA	NA	NA	0.00344168260038241	NA	0.00382409177820268	NA	NA	NA	NA	NA	NA	0.00229445506692161	NA	0.0011472275334608	NA	NA	0.00344168260038241	NA	0.00229445506692161	NA	NA	NA	NA	NA	NA	NA	0.00420650095602294	NA	NA	0.00305927342256214	NA	NA	0.000764818355640535	NA	NA	NA	NA	0.00344168260038241	0.00229445506692161	0.00229445506692161	NA	NA	NA	0.00229445506692161	0.0229445506692161	0.00152963671128107	NA	NA	NA	0.0011472275334608	0.00497131931166348	0.0130019120458891	0.00267686424474187	0.00267686424474187	0.000764818355640535	0.00191204588910134	NA	NA	NA	NA	NA	NA	NA	NA	NA	NA	NA	NA	NA	NA	NA	NA	0.0011472275334608	NA	NA	NA	NA	NA	NA	NA	NA	NA	NA	NA	NA	NA	NA	NA	NA	NA	NA	NA	NA	NA	NA	NA	NA	NA	NA	NA	NA	NA	NA	NA	NA	NA	NA	NA	NA	NA	NA	NA	NA	NA	NA	NA	NA	NA	NA	NA	NA	NA	NA	NA	NA
VIVO7_FEC_VLP_MAY30_M13	NA	0.0155662909286098	0.0413311862587225	0.0059044551798175	0.00375738056897477	NA	0.00536768652710682	0.00751476113794954	0.0107353730542136	0.0107353730542136	0.00375738056897477	0.00912506709608159	0.0059044551798175	0.0171765968867418	0.00483091787439614	0.00697799248523886	0.00912506709608159	0.00805152979066022	0.00536768652710682	0.00805152979066022	0.00912506709608159	0.00536768652710682	0.00858829844337091	0.00644122383252818	0.00805152979066022	0.00697799248523886	0.00644122383252818	0.00751476113794954	0.00805152979066022	0.00536768652710682	0.0128824476650564	0.00751476113794954	0.0059044551798175	0.013419216317767	0.0171765968867418	0.00214707461084273	0.00966183574879227	0.00429414922168545	0.00483091787439614	0.00483091787439614	0.13419216317767	0.00966183574879227	0.00483091787439614	0.00536768652710682	0.00966183574879227	0.0059044551798175	0.00644122383252818	0.00536768652710682	0.00322061191626409	0.00375738056897477	0.00644122383252818	0.00751476113794954	0.00429414922168545	0.00751476113794954	0.00751476113794954	0.010198604401503	0.00697799248523886	0.0166398282340311	NA	0.249060654857756	0.0107353730542136	0.00751476113794954	0.00912506709608159	0.0112721417069243	0.00751476113794954	0.0059044551798175	NA	0.00268384326355341	NA	0.00161030595813205	NA	NA	NA	NA	NA	NA	NA	NA	NA	NA	NA	0.0123456790123457	NA	NA	NA	NA	0.00429414922168545	NA	NA	NA	NA	NA	0.0171765968867418	NA	NA	NA	NA	NA	NA	0.00214707461084273	NA	0.00322061191626409	0.00536768652710682	NA	NA	0.00429414922168545	NA	NA	NA	NA	NA	NA	NA	NA	NA	NA	NA	NA	NA	NA	NA	NA	0.00214707461084273	NA	0.00161030595813205	NA	NA	NA	NA	NA	NA	0.00161030595813205	NA	0.00107353730542136	NA	NA	NA	NA	NA	NA	NA	NA	NA	NA	NA	NA	0.00214707461084273	NA	NA	NA	NA	NA	NA	NA	NA	NA	NA	0.00322061191626409	NA	NA	NA	NA	NA	0.00107353730542136	0.0123456790123457	NA	NA	0.00268384326355341	NA	0.00214707461084273	0.00536768652710682	0.0059044551798175	0.00214707461084273	0.00268384326355341	0.00268384326355341	0.00483091787439614	NA	NA	NA	0.00107353730542136	NA	NA	NA	NA	0.00161030595813205	NA	NA	NA	NA	NA	NA	NA	NA	NA	NA	NA	NA	NA	NA	NA	NA	NA	NA	NA	NA	NA	NA	NA	NA	NA	NA	NA	NA	NA	NA	NA	NA	NA	NA	NA	NA	NA	NA	NA	NA	NA	NA	NA	NA	NA	NA	NA	NA	NA	NA	NA	NA	NA	NA	NA	NA	NA	NA	NA	NA
VIVO7_FEC_VLP_MAY30_M14	NA	0.0140997830802603	0.0357917570498915	NA	NA	NA	0.00542299349240781	0.0086767895878525	0.0130151843817787	0.0108459869848156	0.00542299349240781	0.0108459869848156	0.00650759219088937	0.0195227765726681	0.00325379609544469	0.00976138828633406	0.0130151843817787	0.00976138828633406	0.00542299349240781	0.0086767895878525	0.0086767895878525	0.00650759219088937	0.00976138828633406	0.0086767895878525	0.0108459869848156	0.0108459869848156	0.00542299349240781	0.00759219088937093	0.00759219088937093	0.00759219088937093	0.017353579175705	0.0086767895878525	0.00759219088937093	0.0108459869848156	0.0206073752711497	NA	0.00976138828633406	0.00433839479392625	0.00976138828633406	0.00650759219088937	0.103036876355748	0.0151843817787419	0.00542299349240781	0.00650759219088937	0.00759219088937093	0.00542299349240781	0.0086767895878525	0.00650759219088937	0.00433839479392625	0.00542299349240781	0.00650759219088937	0.00976138828633406	0.00542299349240781	0.00542299349240781	0.0086767895878525	0.00976138828633406	0.0086767895878525	0.017353579175705	NA	0.218004338394794	0.0130151843817787	0.0119305856832972	0.0108459869848156	0.0119305856832972	0.00650759219088937	0.00759219088937093	NA	0.00216919739696312	NA	NA	NA	NA	NA	NA	NA	NA	NA	NA	NA	NA	NA	0.0195227765726681	NA	NA	NA	NA	0.00216919739696312	NA	NA	NA	NA	NA	0.0151843817787419	NA	NA	NA	NA	NA	NA	0.0119305856832972	0.00325379609544469	0.00759219088937093	0.0151843817787419	NA	0.00325379609544469	0.00542299349240781	NA	NA	NA	NA	NA	NA	NA	NA	NA	NA	NA	NA	NA	NA	NA	NA	0.00325379609544469	NA	NA	NA	NA	NA	NA	NA	NA	NA	NA	NA	NA	NA	0.00433839479392625	NA	NA	NA	NA	NA	NA	NA	NA	NA	NA	NA	NA	NA	NA	NA	NA	NA	NA	NA	NA	0.00433839479392625	NA	NA	NA	NA	NA	NA	NA	NA	NA	0.00216919739696312	NA	NA	0.00542299349240781	NA	0.00325379609544469	0.00325379609544469	NA	0.00325379609544469	NA	NA	NA	0.00325379609544469	NA	NA	NA	NA	0.00325379609544469	NA	NA	NA	NA	NA	NA	NA	NA	NA	NA	NA	NA	NA	NA	NA	NA	NA	NA	NA	NA	NA	NA	NA	NA	NA	NA	NA	NA	NA	NA	NA	NA	NA	NA	NA	NA	NA	NA	NA	NA	NA	NA	NA	NA	NA	NA	NA	NA	NA	NA	NA	NA	NA	NA	NA	NA	NA	NA	NA	NA
