Virus,Host genome,Host taxonomy,Main method,Confidence score,Additional methods
NODE_1001_length_1090_cov_2.331401,RS_GCF_013393365.1,d__Bacteria;p__Firmicutes_C;c__Negativicutes;o__Veillonellales;f__Veillonellaceae;g__Veillonella;s__Veillonella dispar_A,blast,91.10,iPHoP-RF;69.50
NODE_1002_length_2557_cov_4.365308,RS_GCF_000026325.1,d__Bacteria;p__Proteobacteria;c__Gammaproteobacteria;o__Enterobacterales;f__Enterobacteriaceae;g__Escherichia;s__Escherichia coli_D,blast,96.70,iPHoP-RF;84.20
NODE_1002_length_2557_cov_4.365308,GB_GCA_003018335.1,d__Bacteria;p__Proteobacteria;c__Gammaproteobacteria;o__Enterobacterales;f__Enterobacteriaceae;g__Escherichia;s__Escherichia coli_C,blast,96.60,iPHoP-RF;91.80
NODE_1002_length_2557_cov_4.365308,RS_GCF_002949675.1,d__Bacteria;p__Proteobacteria;c__Gammaproteobacteria;o__Enterobacterales;f__Enterobacteriaceae;g__Escherichia;s__Escherichia dysenteriae,blast,96.60,iPHoP-RF;91.40
NODE_1002_length_2557_cov_4.365308,RS_GCF_002950215.1,d__Bacteria;p__Proteobacteria;c__Gammaproteobacteria;o__Enterobacterales;f__Enterobacteriaceae;g__Escherichia;s__Escherichia flexneri,blast,96.60,iPHoP-RF;91.80
NODE_1002_length_2557_cov_4.365308,RS_GCF_003697165.2,d__Bacteria;p__Proteobacteria;c__Gammaproteobacteria;o__Enterobacterales;f__Enterobacteriaceae;g__Escherichia;s__Escherichia coli,blast,96.60,iPHoP-RF;92.10
NODE_1002_length_2557_cov_4.365308,RS_GCF_011881725.1,d__Bacteria;p__Proteobacteria;c__Gammaproteobacteria;o__Enterobacterales;f__Enterobacteriaceae;g__Escherichia;s__Escherichia coli_E,blast,96.60,iPHoP-RF;91.10
NODE_1002_length_2557_cov_4.365308,RS_GCF_000026225.1,d__Bacteria;p__Proteobacteria;c__Gammaproteobacteria;o__Enterobacterales;f__Enterobacteriaceae;g__Escherichia;s__Escherichia fergusonii,blast,96.50,iPHoP-RF;89.80
NODE_1002_length_2557_cov_4.365308,RS_GCF_000208585.1,d__Bacteria;p__Proteobacteria;c__Gammaproteobacteria;o__Enterobacterales;f__Enterobacteriaceae;g__Escherichia;s__Escherichia sp000208585,blast,96.50,iPHoP-RF;89.50
NODE_1002_length_2557_cov_4.365308,RS_GCF_001660175.1,d__Bacteria;p__Proteobacteria;c__Gammaproteobacteria;o__Enterobacterales;f__Enterobacteriaceae;g__Escherichia;s__Escherichia sp001660175,blast,96.50,iPHoP-RF;87.90
NODE_1002_length_2557_cov_4.365308,RS_GCF_004211955.1,d__Bacteria;p__Proteobacteria;c__Gammaproteobacteria;o__Enterobacterales;f__Enterobacteriaceae;g__Escherichia;s__Escherichia sp004211955,blast,96.50,iPHoP-RF;90.80
NODE_1002_length_2557_cov_4.365308,RS_GCF_005843885.1,d__Bacteria;p__Proteobacteria;c__Gammaproteobacteria;o__Enterobacterales;f__Enterobacteriaceae;g__Escherichia;s__Escherichia sp005843885,blast,96.50,iPHoP-RF;89.80
NODE_1002_length_2557_cov_4.365308,RS_GCF_002900365.1,d__Bacteria;p__Proteobacteria;c__Gammaproteobacteria;o__Enterobacterales;f__Enterobacteriaceae;g__Escherichia;s__Escherichia marmotae,blast,96.40,iPHoP-RF;87.60
NODE_1002_length_2557_cov_4.365308,RS_GCF_000759775.1,d__Bacteria;p__Proteobacteria;c__Gammaproteobacteria;o__Enterobacterales;f__Enterobacteriaceae;g__Escherichia;s__Escherichia albertii,blast,96.20,iPHoP-RF;81.60
NODE_1002_length_2557_cov_4.365308,RS_GCF_002965065.1,d__Bacteria;p__Proteobacteria;c__Gammaproteobacteria;o__Enterobacterales;f__Enterobacteriaceae;g__Escherichia;s__Escherichia sp002965065,iPHoP-RF,90.10,None
NODE_100_length_4590_cov_4.473870,RS_GCF_902363045.1,d__Bacteria;p__Firmicutes_A;c__Clostridia;o__Oscillospirales;f__Oscillospiraceae;g__Lawsonibacter;s__Lawsonibacter sp902363045,blast,92.00,iPHoP-RF;81.60
NODE_100_length_4590_cov_4.473870,RS_GCF_003573975.1,d__Bacteria;p__Firmicutes_A;c__Clostridia;o__Oscillospirales;f__Oscillospiraceae;g__Lawsonibacter;s__Lawsonibacter sp900066825,blast,90.20,iPHoP-RF;77.50
NODE_101_length_17590_cov_7.108583,RS_GCF_002140915.1,d__Bacteria;p__Firmicutes;c__Bacilli;o__Lactobacillales;f__Enterococcaceae;g__Enterococcus_D;s__Enterococcus_D sp002140915,iPHoP-RF,96.40,blast;90.60
NODE_101_length_17590_cov_7.108583,RS_GCF_001730285.1,d__Bacteria;p__Firmicutes;c__Bacilli;o__Lactobacillales;f__Enterococcaceae;g__Enterococcus;s__Enterococcus ureasiticus,iPHoP-RF,96.10,None
NODE_101_length_17590_cov_7.108583,RS_GCF_000407545.1,d__Bacteria;p__Firmicutes;c__Bacilli;o__Lactobacillales;f__Enterococcaceae;g__Enterococcus_A;s__Enterococcus_A gilvus,iPHoP-RF,95.40,None
NODE_101_length_17590_cov_7.108583,RS_GCF_001297065.1,d__Bacteria;p__Firmicutes;c__Bacilli;o__Lactobacillales;f__Enterococcaceae;g__Enterococcus_D;s__Enterococcus_D sp001297065,iPHoP-RF,95.40,blast;91.20
NODE_101_length_17590_cov_7.108583,RS_GCF_001886185.1,d__Bacteria;p__Firmicutes;c__Bacilli;o__Lactobacillales;f__Enterococcaceae;g__Enterococcus_A;s__Enterococcus_A raffinosus,iPHoP-RF,95.40,blast;84.90
NODE_101_length_17590_cov_7.108583,RS_GCF_003957375.1,d__Bacteria;p__Firmicutes;c__Bacilli;o__Lactobacillales;f__Enterococcaceae;g__Enterococcus_B;s__Enterococcus_B mundtii_C,iPHoP-RF,95.40,None
NODE_101_length_17590_cov_7.108583,RS_GCF_000407165.1,d__Bacteria;p__Firmicutes;c__Bacilli;o__Lactobacillales;f__Enterococcaceae;g__Enterococcus;s__Enterococcus haemoperoxidus,iPHoP-RF,95.10,None
NODE_101_length_17590_cov_7.108583,RS_GCF_001730295.1,d__Bacteria;p__Firmicutes;c__Bacilli;o__Lactobacillales;f__Enterococcaceae;g__Enterococcus;s__Enterococcus plantarum,iPHoP-RF,95.10,None
NODE_101_length_17590_cov_7.108583,RS_GCF_002140175.1,d__Bacteria;p__Firmicutes;c__Bacilli;o__Lactobacillales;f__Enterococcaceae;g__Enterococcus_B;s__Enterococcus_B sp002140175,iPHoP-RF,94.70,None
NODE_101_length_17590_cov_7.108583,RS_GCF_000407145.1,d__Bacteria;p__Firmicutes;c__Bacilli;o__Lactobacillales;f__Enterococcaceae;g__Enterococcus;s__Enterococcus caccae,iPHoP-RF,93.70,None
NODE_101_length_17590_cov_7.108583,RS_GCF_000407505.1,d__Bacteria;p__Firmicutes;c__Bacilli;o__Lactobacillales;f__Enterococcaceae;g__Enterococcus_B;s__Enterococcus_B phoeniculicola,iPHoP-RF,93.70,None
NODE_101_length_17590_cov_7.108583,RS_GCF_001544255.1,d__Bacteria;p__Firmicutes;c__Bacilli;o__Lactobacillales;f__Enterococcaceae;g__Enterococcus_B;s__Enterococcus_B faecium,iPHoP-RF,93.40,blast;87.90
NODE_101_length_17590_cov_7.108583,RS_GCF_009735405.1,d__Bacteria;p__Firmicutes;c__Bacilli;o__Lactobacillales;f__Enterococcaceae;g__Enterococcus_B;s__Enterococcus_B lactis,iPHoP-RF,93.40,blast;86.00
NODE_101_length_17590_cov_7.108583,RS_GCF_000407185.1,d__Bacteria;p__Firmicutes;c__Bacilli;o__Lactobacillales;f__Enterococcaceae;g__Enterococcus_A;s__Enterococcus_A malodoratus,iPHoP-RF,93.10,None
NODE_101_length_17590_cov_7.108583,RS_GCF_002141365.1,d__Bacteria;p__Firmicutes;c__Bacilli;o__Lactobacillales;f__Enterococcaceae;g__Enterococcus;s__Enterococcus sp002141365,iPHoP-RF,93.10,None
NODE_101_length_17590_cov_7.108583,RS_GCF_001544215.1,d__Bacteria;p__Firmicutes;c__Bacilli;o__Lactobacillales;f__Enterococcaceae;g__Enterococcus_B;s__Enterococcus_B durans,iPHoP-RF,92.10,None
NODE_101_length_17590_cov_7.108583,RS_GCF_001544295.1,d__Bacteria;p__Firmicutes;c__Bacilli;o__Lactobacillales;f__Enterococcaceae;g__Enterococcus_A;s__Enterococcus_A pseudoavium,iPHoP-RF,92.10,CRISPR;65.40
NODE_101_length_17590_cov_7.108583,RS_GCF_002140715.1,d__Bacteria;p__Firmicutes;c__Bacilli;o__Lactobacillales;f__Enterococcaceae;g__Enterococcus;s__Enterococcus sp002140715,iPHoP-RF,91.80,None
NODE_101_length_17590_cov_7.108583,3300012136_2,d__Bacteria;p__Firmicutes;c__Bacilli;o__Lactobacillales;f__Enterococcaceae;g__Enterococcus_A;s__,iPHoP-RF,91.40,None
NODE_101_length_17590_cov_7.108583,RS_GCF_000271405.2,d__Bacteria;p__Firmicutes;c__Bacilli;o__Lactobacillales;f__Enterococcaceae;g__Enterococcus_B;s__Enterococcus_B hirae,iPHoP-RF,91.40,None
NODE_101_length_17590_cov_7.108583,RS_GCF_001730315.1,d__Bacteria;p__Firmicutes;c__Bacilli;o__Lactobacillales;f__Enterococcaceae;g__Enterococcus;s__Enterococcus ureilyticus,iPHoP-RF,90.80,None
NODE_101_length_17590_cov_7.108583,RS_GCF_002947535.1,d__Bacteria;p__Firmicutes;c__Bacilli;o__Lactobacillales;f__Enterococcaceae;g__Enterococcus_B;s__Enterococcus_B mundtii_B,iPHoP-RF,90.80,None
NODE_101_length_17590_cov_7.108583,RS_GCF_000406965.1,d__Bacteria;p__Firmicutes;c__Bacilli;o__Lactobacillales;f__Enterococcaceae;g__Enterococcus_A;s__Enterococcus_A avium,iPHoP-RF,90.10,blast;89.80
NODE_1028_length_1585_cov_3.377124,RS_GCF_000155815.1,d__Bacteria;p__Bacteroidota;c__Bacteroidia;o__Bacteroidales;f__Bacteroidaceae;g__Bacteroides;s__Bacteroides eggerthii,blast,93.90,iPHoP-RF;57.10
NODE_1028_length_1585_cov_3.377124,RS_GCF_000025985.1,d__Bacteria;p__Bacteroidota;c__Bacteroidia;o__Bacteroidales;f__Bacteroidaceae;g__Bacteroides;s__Bacteroides fragilis,blast,91.40,None
NODE_1028_length_1585_cov_3.377124,RS_GCF_001314995.1,d__Bacteria;p__Bacteroidota;c__Bacteroidia;o__Bacteroidales;f__Bacteroidaceae;g__Bacteroides;s__Bacteroides ovatus,blast,91.00,None
NODE_1028_length_1585_cov_3.377124,RS_GCF_000011065.1,d__Bacteria;p__Bacteroidota;c__Bacteroidia;o__Bacteroidales;f__Bacteroidaceae;g__Bacteroides;s__Bacteroides thetaiotaomicron,blast,90.60,None
NODE_1028_length_1585_cov_3.377124,GB_GCA_000210075.1,d__Bacteria;p__Bacteroidota;c__Bacteroidia;o__Bacteroidales;f__Bacteroidaceae;g__Bacteroides;s__Bacteroides xylanisolvens,blast,90.50,None
NODE_1028_length_1585_cov_3.377124,RS_GCF_009193295.2,d__Bacteria;p__Bacteroidota;c__Bacteroidia;o__Bacteroidales;f__Bacteroidaceae;g__Bacteroides;s__Bacteroides sp007097645,blast,90.40,None
NODE_1028_length_1585_cov_3.377124,RS_GCF_000012825.1,d__Bacteria;p__Bacteroidota;c__Bacteroidia;o__Bacteroidales;f__Bacteroidaceae;g__Phocaeicola;s__Phocaeicola vulgatus,blast,90.00,None
NODE_1031_length_1063_cov_2.473214,RS_GCF_013393365.1,d__Bacteria;p__Firmicutes_C;c__Negativicutes;o__Veillonellales;f__Veillonellaceae;g__Veillonella;s__Veillonella dispar_A,blast,91.70,iPHoP-RF;58.40
NODE_1038_length_1057_cov_2.712575,RS_GCF_013393365.1,d__Bacteria;p__Firmicutes_C;c__Negativicutes;o__Veillonellales;f__Veillonellaceae;g__Veillonella;s__Veillonella dispar_A,blast,90.80,iPHoP-RF;67.50
NODE_103_length_12526_cov_8.670596,RS_GCF_900106755.1,d__Bacteria;p__Bacteroidota;c__Bacteroidia;o__Bacteroidales;f__Bacteroidaceae;g__Bacteroides;s__Bacteroides faecis,iPHoP-RF,96.70,blast;94.70
NODE_103_length_12526_cov_8.670596,RS_GCF_001688725.2,d__Bacteria;p__Bacteroidota;c__Bacteroidia;o__Bacteroidales;f__Bacteroidaceae;g__Bacteroides;s__Bacteroides caecimuris,blast,96.60,iPHoP-RF;94.70
NODE_103_length_12526_cov_8.670596,RS_GCF_000011065.1,d__Bacteria;p__Bacteroidota;c__Bacteroidia;o__Bacteroidales;f__Bacteroidaceae;g__Bacteroides;s__Bacteroides thetaiotaomicron,blast,96.50,iPHoP-RF;94.40
NODE_103_length_12526_cov_8.670596,RS_GCF_001314995.1,d__Bacteria;p__Bacteroidota;c__Bacteroidia;o__Bacteroidales;f__Bacteroidaceae;g__Bacteroides;s__Bacteroides ovatus,blast,96.30,iPHoP-RF;95.40
NODE_103_length_12526_cov_8.670596,RS_GCF_902362375.1,d__Bacteria;p__Bacteroidota;c__Bacteroidia;o__Bacteroidales;f__Bacteroidaceae;g__Bacteroides;s__Bacteroides sp902362375,blast,96.30,iPHoP-RF;95.40
NODE_103_length_12526_cov_8.670596,GB_GCA_900755095.1,d__Bacteria;p__Bacteroidota;c__Bacteroidia;o__Bacteroidales;f__Bacteroidaceae;g__Bacteroides;s__Bacteroides sp900755095,iPHoP-RF,96.10,None
NODE_103_length_12526_cov_8.670596,RS_GCF_000613385.1,d__Bacteria;p__Bacteroidota;c__Bacteroidia;o__Bacteroidales;f__Bacteroidaceae;g__Bacteroides;s__Bacteroides acidifaciens,iPHoP-RF,96.10,None
NODE_103_length_12526_cov_8.670596,RS_GCF_903181435.1,d__Bacteria;p__Bacteroidota;c__Bacteroidia;o__Bacteroidales;f__Bacteroidaceae;g__Bacteroides;s__Bacteroides acidifaciens_A,iPHoP-RF,96.10,None
NODE_103_length_12526_cov_8.670596,GB_GCA_900556625.1,d__Bacteria;p__Bacteroidota;c__Bacteroidia;o__Bacteroidales;f__Bacteroidaceae;g__Bacteroides;s__Bacteroides sp900556625,iPHoP-RF,95.70,None
NODE_103_length_12526_cov_8.670596,GB_GCA_000210075.1,d__Bacteria;p__Bacteroidota;c__Bacteroidia;o__Bacteroidales;f__Bacteroidaceae;g__Bacteroides;s__Bacteroides xylanisolvens,iPHoP-RF,95.40,blast;93.60
NODE_103_length_12526_cov_8.670596,RS_GCF_002222615.2,d__Bacteria;p__Bacteroidota;c__Bacteroidia;o__Bacteroidales;f__Bacteroidaceae;g__Bacteroides;s__Bacteroides caccae,blast,95.40,iPHoP-RF;93.10
NODE_103_length_12526_cov_8.670596,RS_GCF_900130125.1,d__Bacteria;p__Bacteroidota;c__Bacteroidia;o__Bacteroidales;f__Bacteroidaceae;g__Bacteroides;s__Bacteroides congonensis,blast,93.70,iPHoP-RF;87.30
NODE_103_length_12526_cov_8.670596,RS_GCF_009193325.2,d__Bacteria;p__Bacteroidota;c__Bacteroidia;o__Bacteroidales;f__Bacteroidaceae;g__Bacteroides;s__Bacteroides sp900066265,blast,92.40,iPHoP-RF;91.80
NODE_103_length_12526_cov_8.670596,RS_GCF_000156195.1,d__Bacteria;p__Bacteroidota;c__Bacteroidia;o__Bacteroidales;f__Bacteroidaceae;g__Bacteroides;s__Bacteroides finegoldii,blast,91.50,iPHoP-RF;90.50
NODE_103_length_12526_cov_8.670596,3300029706_6,d__Bacteria;p__Bacteroidota;c__Bacteroidia;o__Bacteroidales;f__Bacteroidaceae;g__Bacteroides;s__,blast,91.00,iPHoP-RF;88.50
NODE_103_length_12526_cov_8.670596,RS_GCF_000154205.1,d__Bacteria;p__Bacteroidota;c__Bacteroidia;o__Bacteroidales;f__Bacteroidaceae;g__Bacteroides;s__Bacteroides uniformis,blast,91.00,iPHoP-RF;87.30
NODE_103_length_5550_cov_4.847862,GB_GCA_003018335.1,d__Bacteria;p__Proteobacteria;c__Gammaproteobacteria;o__Enterobacterales;f__Enterobacteriaceae;g__Escherichia;s__Escherichia coli_C,blast,96.90,iPHoP-RF;79.50
NODE_103_length_5550_cov_4.847862,RS_GCF_000026225.1,d__Bacteria;p__Proteobacteria;c__Gammaproteobacteria;o__Enterobacterales;f__Enterobacteriaceae;g__Escherichia;s__Escherichia fergusonii,blast,96.90,iPHoP-RF;85.70
NODE_103_length_5550_cov_4.847862,RS_GCF_000026325.1,d__Bacteria;p__Proteobacteria;c__Gammaproteobacteria;o__Enterobacterales;f__Enterobacteriaceae;g__Escherichia;s__Escherichia coli_D,blast,96.90,iPHoP-RF;83.10
NODE_103_length_5550_cov_4.847862,RS_GCF_000208585.1,d__Bacteria;p__Proteobacteria;c__Gammaproteobacteria;o__Enterobacterales;f__Enterobacteriaceae;g__Escherichia;s__Escherichia sp000208585,blast,96.90,iPHoP-RF;84.20
NODE_103_length_5550_cov_4.847862,RS_GCF_000759775.1,d__Bacteria;p__Proteobacteria;c__Gammaproteobacteria;o__Enterobacterales;f__Enterobacteriaceae;g__Escherichia;s__Escherichia albertii,blast,96.90,iPHoP-RF;81.10
NODE_103_length_5550_cov_4.847862,RS_GCF_002900365.1,d__Bacteria;p__Proteobacteria;c__Gammaproteobacteria;o__Enterobacterales;f__Enterobacteriaceae;g__Escherichia;s__Escherichia marmotae,blast,96.90,iPHoP-RF;84.20
NODE_103_length_5550_cov_4.847862,RS_GCF_002949675.1,d__Bacteria;p__Proteobacteria;c__Gammaproteobacteria;o__Enterobacterales;f__Enterobacteriaceae;g__Escherichia;s__Escherichia dysenteriae,blast,96.90,iPHoP-RF;83.60
NODE_103_length_5550_cov_4.847862,RS_GCF_002950215.1,d__Bacteria;p__Proteobacteria;c__Gammaproteobacteria;o__Enterobacterales;f__Enterobacteriaceae;g__Escherichia;s__Escherichia flexneri,blast,96.90,iPHoP-RF;82.50
NODE_103_length_5550_cov_4.847862,RS_GCF_003697165.2,d__Bacteria;p__Proteobacteria;c__Gammaproteobacteria;o__Enterobacterales;f__Enterobacteriaceae;g__Escherichia;s__Escherichia coli,blast,96.90,iPHoP-RF;78.70
NODE_103_length_5550_cov_4.847862,RS_GCF_011881725.1,d__Bacteria;p__Proteobacteria;c__Gammaproteobacteria;o__Enterobacterales;f__Enterobacteriaceae;g__Escherichia;s__Escherichia coli_E,blast,96.90,iPHoP-RF;82.20
NODE_103_length_6615_cov_53.105183,RS_GCF_000010425.1,d__Bacteria;p__Actinobacteriota;c__Actinomycetia;o__Actinomycetales;f__Bifidobacteriaceae;g__Bifidobacterium;s__Bifidobacterium adolescentis,blast,95.50,iPHoP-RF;88.90 CRISPR;67.50
NODE_103_length_6615_cov_53.105183,RS_GCF_002742445.1,d__Bacteria;p__Actinobacteriota;c__Actinomycetia;o__Actinomycetales;f__Bifidobacteriaceae;g__Bifidobacterium;s__Bifidobacterium sp002742445,iPHoP-RF,94.70,None
NODE_103_length_6615_cov_53.105183,RS_GCF_000800455.1,d__Bacteria;p__Actinobacteriota;c__Actinomycetia;o__Actinomycetales;f__Bifidobacteriaceae;g__Bifidobacterium;s__Bifidobacterium kashiwanohense_A,iPHoP-RF,94.40,blast;93.10 CRISPR;85.60
NODE_103_length_6615_cov_53.105183,RS_GCF_001025195.1,d__Bacteria;p__Actinobacteriota;c__Actinomycetia;o__Actinomycetales;f__Bifidobacteriaceae;g__Bifidobacterium;s__Bifidobacterium catenulatum,iPHoP-RF,94.10,None
NODE_103_length_6615_cov_53.105183,RS_GCF_001042615.1,d__Bacteria;p__Actinobacteriota;c__Actinomycetia;o__Actinomycetales;f__Bifidobacteriaceae;g__Bifidobacterium;s__Bifidobacterium kashiwanohense,iPHoP-RF,94.10,None
NODE_103_length_6615_cov_53.105183,RS_GCF_001025175.1,d__Bacteria;p__Actinobacteriota;c__Actinomycetia;o__Actinomycetales;f__Bifidobacteriaceae;g__Bifidobacterium;s__Bifidobacterium breve,blast,93.90,iPHoP-RF;82.80
NODE_103_length_6615_cov_53.105183,RS_GCF_000196555.1,d__Bacteria;p__Actinobacteriota;c__Actinomycetia;o__Actinomycetales;f__Bifidobacteriaceae;g__Bifidobacterium;s__Bifidobacterium longum,blast,93.50,iPHoP-RF;84.50
NODE_103_length_6615_cov_53.105183,RS_GCF_001025215.1,d__Bacteria;p__Actinobacteriota;c__Actinomycetia;o__Actinomycetales;f__Bifidobacteriaceae;g__Bifidobacterium;s__Bifidobacterium pseudocatenulatum,iPHoP-RF,93.40,blast;91.40 CRISPR;60.80
NODE_103_length_6615_cov_53.105183,RS_GCF_000269965.1,d__Bacteria;p__Actinobacteriota;c__Actinomycetia;o__Actinomycetales;f__Bifidobacteriaceae;g__Bifidobacterium;s__Bifidobacterium infantis,blast,92.60,iPHoP-RF;83.10
NODE_103_length_6615_cov_53.105183,RS_GCF_000770925.1,d__Bacteria;p__Actinobacteriota;c__Actinomycetia;o__Actinomycetales;f__Bifidobacteriaceae;g__Bifidobacterium;s__Bifidobacterium ruminantium,blast,90.20,iPHoP-RF;84.20
NODE_1045_length_1050_cov_2.190955,RS_GCF_001435775.1,d__Bacteria;p__Firmicutes;c__Bacilli;o__Lactobacillales;f__Lactobacillaceae;g__Limosilactobacillus;s__Limosilactobacillus ingluviei,blast,92.70,None
NODE_104_length_6596_cov_5.204862,RS_GCF_000196555.1,d__Bacteria;p__Actinobacteriota;c__Actinomycetia;o__Actinomycetales;f__Bifidobacteriaceae;g__Bifidobacterium;s__Bifidobacterium longum,blast,95.50,iPHoP-RF;87.90 CRISPR;57.10
NODE_104_length_6596_cov_5.204862,RS_GCF_000269965.1,d__Bacteria;p__Actinobacteriota;c__Actinomycetia;o__Actinomycetales;f__Bifidobacteriaceae;g__Bifidobacterium;s__Bifidobacterium infantis,iPHoP-RF,95.10,None
NODE_104_length_6596_cov_5.204862,RS_GCF_001025175.1,d__Bacteria;p__Actinobacteriota;c__Actinomycetia;o__Actinomycetales;f__Bifidobacteriaceae;g__Bifidobacterium;s__Bifidobacterium breve,blast,93.90,iPHoP-RF;90.10
NODE_104_length_6596_cov_5.204862,RS_GCF_000010425.1,d__Bacteria;p__Actinobacteriota;c__Actinomycetia;o__Actinomycetales;f__Bifidobacteriaceae;g__Bifidobacterium;s__Bifidobacterium adolescentis,iPHoP-RF,93.40,blast;90.80
NODE_104_length_6596_cov_5.204862,RS_GCF_001042595.1,d__Bacteria;p__Actinobacteriota;c__Actinomycetia;o__Actinomycetales;f__Bifidobacteriaceae;g__Bifidobacterium;s__Bifidobacterium dentium,iPHoP-RF,90.10,None
NODE_1058_length_1702_cov_11.257438,RS_GCF_008121495.1,d__Bacteria;p__Firmicutes_A;c__Clostridia;o__Lachnospirales;f__Lachnospiraceae;g__Ruminococcus_B;s__Ruminococcus_B gnavus,blast,93.60,iPHoP-RF;71.50
NODE_1058_length_1702_cov_11.257438,GB_GCA_900550975.1,d__Bacteria;p__Firmicutes_A;c__Clostridia;o__Lachnospirales;f__Lachnospiraceae;g__Faecalimonas;s__Faecalimonas sp900550975,blast,90.90,iPHoP-RF;70.60
NODE_1066_length_1997_cov_3.636457,RS_GCF_003697165.2,d__Bacteria;p__Proteobacteria;c__Gammaproteobacteria;o__Enterobacterales;f__Enterobacteriaceae;g__Escherichia;s__Escherichia coli,blast,97.10,iPHoP-RF;94.10
NODE_1066_length_1997_cov_3.636457,RS_GCF_002950215.1,d__Bacteria;p__Proteobacteria;c__Gammaproteobacteria;o__Enterobacterales;f__Enterobacteriaceae;g__Escherichia;s__Escherichia flexneri,blast,96.70,iPHoP-RF;94.40
NODE_1066_length_1997_cov_3.636457,RS_GCF_000026325.1,d__Bacteria;p__Proteobacteria;c__Gammaproteobacteria;o__Enterobacterales;f__Enterobacteriaceae;g__Escherichia;s__Escherichia coli_D,blast,96.60,iPHoP-RF;93.40
NODE_1066_length_1997_cov_3.636457,RS_GCF_000759775.1,d__Bacteria;p__Proteobacteria;c__Gammaproteobacteria;o__Enterobacterales;f__Enterobacteriaceae;g__Escherichia;s__Escherichia albertii,blast,96.60,iPHoP-RF;82.20
NODE_1066_length_1997_cov_3.636457,RS_GCF_002949675.1,d__Bacteria;p__Proteobacteria;c__Gammaproteobacteria;o__Enterobacterales;f__Enterobacteriaceae;g__Escherichia;s__Escherichia dysenteriae,blast,96.60,iPHoP-RF;95.10
NODE_1066_length_1997_cov_3.636457,GB_GCA_003018335.1,d__Bacteria;p__Proteobacteria;c__Gammaproteobacteria;o__Enterobacterales;f__Enterobacteriaceae;g__Escherichia;s__Escherichia coli_C,blast,96.50,iPHoP-RF;88.50
NODE_1066_length_1997_cov_3.636457,RS_GCF_000026225.1,d__Bacteria;p__Proteobacteria;c__Gammaproteobacteria;o__Enterobacterales;f__Enterobacteriaceae;g__Escherichia;s__Escherichia fergusonii,blast,96.50,iPHoP-RF;94.70
NODE_1066_length_1997_cov_3.636457,RS_GCF_002900365.1,d__Bacteria;p__Proteobacteria;c__Gammaproteobacteria;o__Enterobacterales;f__Enterobacteriaceae;g__Escherichia;s__Escherichia marmotae,blast,96.50,iPHoP-RF;94.40
NODE_1066_length_1997_cov_3.636457,RS_GCF_000208585.1,d__Bacteria;p__Proteobacteria;c__Gammaproteobacteria;o__Enterobacterales;f__Enterobacteriaceae;g__Escherichia;s__Escherichia sp000208585,iPHoP-RF,95.40,None
NODE_1066_length_1997_cov_3.636457,RS_GCF_001660175.1,d__Bacteria;p__Proteobacteria;c__Gammaproteobacteria;o__Enterobacterales;f__Enterobacteriaceae;g__Escherichia;s__Escherichia sp001660175,iPHoP-RF,95.10,None
NODE_1066_length_1997_cov_3.636457,RS_GCF_002965065.1,d__Bacteria;p__Proteobacteria;c__Gammaproteobacteria;o__Enterobacterales;f__Enterobacteriaceae;g__Escherichia;s__Escherichia sp002965065,iPHoP-RF,94.70,None
NODE_1066_length_1997_cov_3.636457,RS_GCF_005843885.1,d__Bacteria;p__Proteobacteria;c__Gammaproteobacteria;o__Enterobacterales;f__Enterobacteriaceae;g__Escherichia;s__Escherichia sp005843885,iPHoP-RF,91.80,None
NODE_1066_length_1997_cov_3.636457,RS_GCF_011881725.1,d__Bacteria;p__Proteobacteria;c__Gammaproteobacteria;o__Enterobacterales;f__Enterobacteriaceae;g__Escherichia;s__Escherichia coli_E,iPHoP-RF,90.80,None
NODE_1072_length_1722_cov_5.304139,RS_GCF_000025985.1,d__Bacteria;p__Bacteroidota;c__Bacteroidia;o__Bacteroidales;f__Bacteroidaceae;g__Bacteroides;s__Bacteroides fragilis,blast,93.90,iPHoP-RF;69.50
NODE_1072_length_1722_cov_5.304139,RS_GCF_002849695.1,d__Bacteria;p__Bacteroidota;c__Bacteroidia;o__Bacteroidales;f__Bacteroidaceae;g__Bacteroides;s__Bacteroides fragilis_A,blast,90.70,iPHoP-RF;70.00
NODE_1079_length_2531_cov_6.301696,RS_GCF_001077535.1,d__Bacteria;p__Firmicutes_A;c__Clostridia;o__Peptostreptococcales;f__Peptostreptococcaceae;g__Clostridioides;s__Clostridioides difficile,blast,95.40,iPHoP-RF;80.00
NODE_1079_length_2531_cov_6.301696,RS_GCF_900243075.1,d__Bacteria;p__Firmicutes_A;c__Clostridia;o__Peptostreptococcales;f__Peptostreptococcaceae;g__Clostridioides;s__Clostridioides difficile_D,blast,91.40,iPHoP-RF;84.50
NODE_1079_length_2531_cov_6.301696,RS_GCF_000449425.2,d__Bacteria;p__Firmicutes_A;c__Clostridia;o__Peptostreptococcales;f__Peptostreptococcaceae;g__Clostridioides;s__Clostridioides difficile_E,blast,91.30,iPHoP-RF;63.00
NODE_1084_length_2525_cov_5.624696,RS_GCF_902832885.1,d__Bacteria;p__Proteobacteria;c__Gammaproteobacteria;o__Burkholderiales;f__Burkholderiaceae;g__Burkholderia;s__Burkholderia seminalis,blast,92.00,iPHoP-RF;54.10
NODE_1084_length_2525_cov_5.624696,RS_GCF_902833225.1,d__Bacteria;p__Proteobacteria;c__Gammaproteobacteria;o__Burkholderiales;f__Burkholderiaceae;g__Burkholderia;s__Burkholderia sp902833225,blast,91.80,iPHoP-RF;59.50
NODE_1084_length_2525_cov_5.624696,RS_GCF_003330765.1,d__Bacteria;p__Proteobacteria;c__Gammaproteobacteria;o__Burkholderiales;f__Burkholderiaceae;g__Burkholderia;s__Burkholderia pyrrocinia_B,blast,91.40,iPHoP-RF;65.10
NODE_1084_length_2525_cov_5.624696,RS_GCF_014211915.1,d__Bacteria;p__Proteobacteria;c__Gammaproteobacteria;o__Burkholderiales;f__Burkholderiaceae;g__Burkholderia;s__Burkholderia cenocepacia_B,blast,91.10,iPHoP-RF;61.70
NODE_1084_length_2525_cov_5.624696,RS_GCF_001742165.1,d__Bacteria;p__Proteobacteria;c__Gammaproteobacteria;o__Burkholderiales;f__Burkholderiaceae;g__Burkholderia;s__Burkholderia stabilis,blast,91.00,iPHoP-RF;57.60
NODE_1084_length_2525_cov_5.624696,RS_GCF_001411495.1,d__Bacteria;p__Proteobacteria;c__Gammaproteobacteria;o__Burkholderiales;f__Burkholderiaceae;g__Burkholderia;s__Burkholderia cepacia,blast,90.80,iPHoP-RF;59.00
NODE_1084_length_2525_cov_5.624696,RS_GCF_001718315.1,d__Bacteria;p__Proteobacteria;c__Gammaproteobacteria;o__Burkholderiales;f__Burkholderiaceae;g__Burkholderia;s__Burkholderia diffusa_B,blast,90.80,None
NODE_1084_length_2525_cov_5.624696,RS_GCF_000203915.1,d__Bacteria;p__Proteobacteria;c__Gammaproteobacteria;o__Burkholderiales;f__Burkholderiaceae;g__Burkholderia;s__Burkholderia ambifaria,blast,90.60,None
NODE_1084_length_2525_cov_5.624696,RS_GCF_001039005.1,d__Bacteria;p__Proteobacteria;c__Gammaproteobacteria;o__Burkholderiales;f__Burkholderiaceae;g__Burkholderia;s__Burkholderia cepacia_C,blast,90.30,None
NODE_1084_length_2525_cov_5.624696,RS_GCF_003635165.1,d__Bacteria;p__Proteobacteria;c__Gammaproteobacteria;o__Burkholderiales;f__Burkholderiaceae;g__Burkholderia;s__Burkholderia sp003635165,blast,90.00,iPHoP-RF;51.20
NODE_1088_length_1010_cov_2.220942,RS_GCF_003324185.1,d__Bacteria;p__Firmicutes_A;c__Clostridia;o__Oscillospirales;f__Ruminococcaceae;g__Faecalibacterium;s__Faecalibacterium prausnitzii,iPHoP-RF,94.40,blast;88.60
NODE_1088_length_1010_cov_2.220942,RS_GCF_003293635.1,d__Bacteria;p__Firmicutes_A;c__Clostridia;o__Oscillospirales;f__Ruminococcaceae;g__Faecalibacterium;s__Faecalibacterium prausnitzii_G,blast,93.80,iPHoP-RF;92.80 CRISPR;67.80
NODE_1088_length_1010_cov_2.220942,RS_GCF_002550015.1,d__Bacteria;p__Firmicutes_A;c__Clostridia;o__Oscillospirales;f__Ruminococcaceae;g__Faecalibacterium;s__Faecalibacterium prausnitzii_A,iPHoP-RF,93.10,None
NODE_1088_length_1010_cov_2.220942,GB_GCA_900772565.1,d__Bacteria;p__Firmicutes_A;c__Clostridia;o__Oscillospirales;f__Ruminococcaceae;g__Faecalibacterium;s__Faecalibacterium sp900772565,iPHoP-RF,91.40,None
NODE_1088_length_1010_cov_2.220942,GB_GCA_900758465.1,d__Bacteria;p__Firmicutes_A;c__Clostridia;o__Oscillospirales;f__Ruminococcaceae;g__Faecalibacterium;s__Faecalibacterium sp900758465,iPHoP-RF,90.50,None
NODE_108_length_10157_cov_5.808553,GB_GCA_003018335.1,d__Bacteria;p__Proteobacteria;c__Gammaproteobacteria;o__Enterobacterales;f__Enterobacteriaceae;g__Escherichia;s__Escherichia coli_C,iPHoP-RF,97.10,blast;96.50
NODE_108_length_10157_cov_5.808553,RS_GCF_000026325.1,d__Bacteria;p__Proteobacteria;c__Gammaproteobacteria;o__Enterobacterales;f__Enterobacteriaceae;g__Escherichia;s__Escherichia coli_D,iPHoP-RF,97.10,blast;96.70
NODE_108_length_10157_cov_5.808553,RS_GCF_000208585.1,d__Bacteria;p__Proteobacteria;c__Gammaproteobacteria;o__Enterobacterales;f__Enterobacteriaceae;g__Escherichia;s__Escherichia sp000208585,iPHoP-RF,97.10,blast;96.50
NODE_108_length_10157_cov_5.808553,RS_GCF_001660175.1,d__Bacteria;p__Proteobacteria;c__Gammaproteobacteria;o__Enterobacterales;f__Enterobacteriaceae;g__Escherichia;s__Escherichia sp001660175,iPHoP-RF,97.10,blast;96.40
NODE_108_length_10157_cov_5.808553,RS_GCF_002900365.1,d__Bacteria;p__Proteobacteria;c__Gammaproteobacteria;o__Enterobacterales;f__Enterobacteriaceae;g__Escherichia;s__Escherichia marmotae,iPHoP-RF,97.10,blast;96.50
NODE_108_length_10157_cov_5.808553,RS_GCF_002949675.1,d__Bacteria;p__Proteobacteria;c__Gammaproteobacteria;o__Enterobacterales;f__Enterobacteriaceae;g__Escherichia;s__Escherichia dysenteriae,iPHoP-RF,97.10,blast;96.20
NODE_108_length_10157_cov_5.808553,RS_GCF_002950215.1,d__Bacteria;p__Proteobacteria;c__Gammaproteobacteria;o__Enterobacterales;f__Enterobacteriaceae;g__Escherichia;s__Escherichia flexneri,iPHoP-RF,97.10,blast;96.20
NODE_108_length_10157_cov_5.808553,RS_GCF_002965065.1,d__Bacteria;p__Proteobacteria;c__Gammaproteobacteria;o__Enterobacterales;f__Enterobacteriaceae;g__Escherichia;s__Escherichia sp002965065,iPHoP-RF,97.10,blast;96.50
NODE_108_length_10157_cov_5.808553,RS_GCF_003697165.2,d__Bacteria;p__Proteobacteria;c__Gammaproteobacteria;o__Enterobacterales;f__Enterobacteriaceae;g__Escherichia;s__Escherichia coli,iPHoP-RF,97.10,blast;96.50
NODE_108_length_10157_cov_5.808553,RS_GCF_004211955.1,d__Bacteria;p__Proteobacteria;c__Gammaproteobacteria;o__Enterobacterales;f__Enterobacteriaceae;g__Escherichia;s__Escherichia sp004211955,iPHoP-RF,97.10,blast;96.60
NODE_108_length_10157_cov_5.808553,RS_GCF_005843885.1,d__Bacteria;p__Proteobacteria;c__Gammaproteobacteria;o__Enterobacterales;f__Enterobacteriaceae;g__Escherichia;s__Escherichia sp005843885,iPHoP-RF,97.10,blast;96.60
NODE_108_length_10157_cov_5.808553,RS_GCF_011881725.1,d__Bacteria;p__Proteobacteria;c__Gammaproteobacteria;o__Enterobacterales;f__Enterobacteriaceae;g__Escherichia;s__Escherichia coli_E,iPHoP-RF,97.10,blast;96.60
NODE_108_length_10157_cov_5.808553,RS_GCF_000026225.1,d__Bacteria;p__Proteobacteria;c__Gammaproteobacteria;o__Enterobacterales;f__Enterobacteriaceae;g__Escherichia;s__Escherichia fergusonii,iPHoP-RF,95.10,None
NODE_108_length_10157_cov_5.808553,RS_GCF_000759775.1,d__Bacteria;p__Proteobacteria;c__Gammaproteobacteria;o__Enterobacterales;f__Enterobacteriaceae;g__Escherichia;s__Escherichia albertii,iPHoP-RF,95.10,blast;95.00
NODE_108_length_2001_cov_3.672662,RS_GCF_001077535.1,d__Bacteria;p__Firmicutes_A;c__Clostridia;o__Peptostreptococcales;f__Peptostreptococcaceae;g__Clostridioides;s__Clostridioides difficile,blast,98.20,iPHoP-RF;86.70 CRISPR;53.50
NODE_108_length_2001_cov_3.672662,RS_GCF_900243075.1,d__Bacteria;p__Firmicutes_A;c__Clostridia;o__Peptostreptococcales;f__Peptostreptococcaceae;g__Clostridioides;s__Clostridioides difficile_D,blast,94.40,iPHoP-RF;89.50
NODE_108_length_2001_cov_3.672662,RS_GCF_001299635.1,d__Bacteria;p__Firmicutes_A;c__Clostridia;o__Peptostreptococcales;f__Peptostreptococcaceae;g__Clostridioides;s__Clostridioides difficile_A,iPHoP-RF,93.10,None
NODE_108_length_2001_cov_3.672662,RS_GCF_000449425.2,d__Bacteria;p__Firmicutes_A;c__Clostridia;o__Peptostreptococcales;f__Peptostreptococcaceae;g__Clostridioides;s__Clostridioides difficile_E,iPHoP-RF,92.40,blast;92.10
NODE_1092_length_2437_cov_5.010495,RS_GCF_003697165.2,d__Bacteria;p__Proteobacteria;c__Gammaproteobacteria;o__Enterobacterales;f__Enterobacteriaceae;g__Escherichia;s__Escherichia coli,blast,96.80,iPHoP-RF;95.10
NODE_1092_length_2437_cov_5.010495,GB_GCA_003018335.1,d__Bacteria;p__Proteobacteria;c__Gammaproteobacteria;o__Enterobacterales;f__Enterobacteriaceae;g__Escherichia;s__Escherichia coli_C,blast,96.70,iPHoP-RF;95.10
NODE_1092_length_2437_cov_5.010495,RS_GCF_000026325.1,d__Bacteria;p__Proteobacteria;c__Gammaproteobacteria;o__Enterobacterales;f__Enterobacteriaceae;g__Escherichia;s__Escherichia coli_D,blast,96.70,iPHoP-RF;93.70
NODE_1092_length_2437_cov_5.010495,RS_GCF_002950215.1,d__Bacteria;p__Proteobacteria;c__Gammaproteobacteria;o__Enterobacterales;f__Enterobacteriaceae;g__Escherichia;s__Escherichia flexneri,blast,96.70,iPHoP-RF;95.40
NODE_1092_length_2437_cov_5.010495,RS_GCF_000026225.1,d__Bacteria;p__Proteobacteria;c__Gammaproteobacteria;o__Enterobacterales;f__Enterobacteriaceae;g__Escherichia;s__Escherichia fergusonii,blast,96.60,iPHoP-RF;90.10
NODE_1092_length_2437_cov_5.010495,RS_GCF_000208585.1,d__Bacteria;p__Proteobacteria;c__Gammaproteobacteria;o__Enterobacterales;f__Enterobacteriaceae;g__Escherichia;s__Escherichia sp000208585,blast,96.60,iPHoP-RF;94.10
NODE_1092_length_2437_cov_5.010495,RS_GCF_002900365.1,d__Bacteria;p__Proteobacteria;c__Gammaproteobacteria;o__Enterobacterales;f__Enterobacteriaceae;g__Escherichia;s__Escherichia marmotae,blast,96.60,iPHoP-RF;95.10
NODE_1092_length_2437_cov_5.010495,RS_GCF_002949675.1,d__Bacteria;p__Proteobacteria;c__Gammaproteobacteria;o__Enterobacterales;f__Enterobacteriaceae;g__Escherichia;s__Escherichia dysenteriae,blast,96.60,iPHoP-RF;95.40
NODE_1092_length_2437_cov_5.010495,RS_GCF_005843885.1,d__Bacteria;p__Proteobacteria;c__Gammaproteobacteria;o__Enterobacterales;f__Enterobacteriaceae;g__Escherichia;s__Escherichia sp005843885,blast,96.60,iPHoP-RF;95.70
NODE_1092_length_2437_cov_5.010495,RS_GCF_000759775.1,d__Bacteria;p__Proteobacteria;c__Gammaproteobacteria;o__Enterobacterales;f__Enterobacteriaceae;g__Escherichia;s__Escherichia albertii,blast,96.50,iPHoP-RF;87.30
NODE_1092_length_2437_cov_5.010495,RS_GCF_002965065.1,d__Bacteria;p__Proteobacteria;c__Gammaproteobacteria;o__Enterobacterales;f__Enterobacteriaceae;g__Escherichia;s__Escherichia sp002965065,iPHoP-RF,95.10,None
NODE_1092_length_2437_cov_5.010495,RS_GCF_004211955.1,d__Bacteria;p__Proteobacteria;c__Gammaproteobacteria;o__Enterobacterales;f__Enterobacteriaceae;g__Escherichia;s__Escherichia sp004211955,iPHoP-RF,94.70,None
NODE_1092_length_2437_cov_5.010495,RS_GCF_011881725.1,d__Bacteria;p__Proteobacteria;c__Gammaproteobacteria;o__Enterobacterales;f__Enterobacteriaceae;g__Escherichia;s__Escherichia coli_E,iPHoP-RF,94.70,None
NODE_1092_length_2437_cov_5.010495,RS_GCF_001660175.1,d__Bacteria;p__Proteobacteria;c__Gammaproteobacteria;o__Enterobacterales;f__Enterobacteriaceae;g__Escherichia;s__Escherichia sp001660175,iPHoP-RF,94.10,None
NODE_1099_length_1002_cov_2.664203,RS_GCF_902810435.1,d__Bacteria;p__Firmicutes_C;c__Negativicutes;o__Veillonellales;f__Veillonellaceae;g__Veillonella;s__Veillonella parvula_A,blast,96.80,iPHoP-RF;57.90
NODE_1099_length_1002_cov_2.664203,RS_GCF_000024945.1,d__Bacteria;p__Firmicutes_C;c__Negativicutes;o__Veillonellales;f__Veillonellaceae;g__Veillonella;s__Veillonella parvula,blast,96.20,iPHoP-RF;68.00
NODE_109_length_1977_cov_3.284079,RS_GCF_000449425.2,d__Bacteria;p__Firmicutes_A;c__Clostridia;o__Peptostreptococcales;f__Peptostreptococcaceae;g__Clostridioides;s__Clostridioides difficile_E,blast,93.90,None
NODE_109_length_1977_cov_3.284079,RS_GCF_001077535.1,d__Bacteria;p__Firmicutes_A;c__Clostridia;o__Peptostreptococcales;f__Peptostreptococcaceae;g__Clostridioides;s__Clostridioides difficile,blast,91.70,None
NODE_109_length_7445_cov_8.264547,RS_GCF_000449425.2,d__Bacteria;p__Firmicutes_A;c__Clostridia;o__Peptostreptococcales;f__Peptostreptococcaceae;g__Clostridioides;s__Clostridioides difficile_E,blast,91.10,iPHoP-RF;87.90
NODE_10_length_40318_cov_25.031642,RS_GCF_002742445.1,d__Bacteria;p__Actinobacteriota;c__Actinomycetia;o__Actinomycetales;f__Bifidobacteriaceae;g__Bifidobacterium;s__Bifidobacterium sp002742445,CRISPR,99.40,iPHoP-RF;93.10
NODE_10_length_40318_cov_25.031642,RS_GCF_000010425.1,d__Bacteria;p__Actinobacteriota;c__Actinomycetia;o__Actinomycetales;f__Bifidobacteriaceae;g__Bifidobacterium;s__Bifidobacterium adolescentis,CRISPR,99.30,iPHoP-RF;97.10 blast;96.80
NODE_10_length_40318_cov_25.031642,RS_GCF_000770925.1,d__Bacteria;p__Actinobacteriota;c__Actinomycetia;o__Actinomycetales;f__Bifidobacteriaceae;g__Bifidobacterium;s__Bifidobacterium ruminantium,CRISPR,99.30,iPHoP-RF;96.10 blast;93.20
NODE_10_length_40318_cov_25.031642,RS_GCF_001025215.1,d__Bacteria;p__Actinobacteriota;c__Actinomycetia;o__Actinomycetales;f__Bifidobacteriaceae;g__Bifidobacterium;s__Bifidobacterium pseudocatenulatum,CRISPR,99.00,blast;96.80 iPHoP-RF;96.70
NODE_10_length_40318_cov_25.031642,RS_GCF_001025195.1,d__Bacteria;p__Actinobacteriota;c__Actinomycetia;o__Actinomycetales;f__Bifidobacteriaceae;g__Bifidobacterium;s__Bifidobacterium catenulatum,CRISPR,98.70,iPHoP-RF;84.20
NODE_10_length_40318_cov_25.031642,GB_GCA_002451435.1,d__Bacteria;p__Actinobacteriota;c__Actinomycetia;o__Actinomycetales;f__Bifidobacteriaceae;g__Bifidobacterium;s__Bifidobacterium sp002451435,iPHoP-RF,95.10,None
NODE_10_length_40318_cov_25.031642,RS_GCF_001025175.1,d__Bacteria;p__Actinobacteriota;c__Actinomycetia;o__Actinomycetales;f__Bifidobacteriaceae;g__Bifidobacterium;s__Bifidobacterium breve,blast,92.10,iPHoP-RF;53.00
NODE_10_length_40318_cov_25.031642,RS_GCF_001042595.1,d__Bacteria;p__Actinobacteriota;c__Actinomycetia;o__Actinomycetales;f__Bifidobacteriaceae;g__Bifidobacterium;s__Bifidobacterium dentium,iPHoP-RF,90.50,blast;89.20
NODE_110_length_1920_cov_4.655228,RS_GCF_012317185.1,d__Bacteria;p__Firmicutes;c__Bacilli;o__Erysipelotrichales;f__Erysipelotrichaceae;g__Clostridium_AQ;s__Clostridium_AQ innocuum,blast,95.20,None
NODE_110_length_1920_cov_4.655228,RS_GCF_000154285.1,d__Bacteria;p__Firmicutes;c__Bacilli;o__Erysipelotrichales;f__Erysipelotrichaceae;g__Amedibacillus;s__Amedibacillus dolichus,blast,90.60,None
NODE_110_length_1920_cov_4.655228,RS_GCF_010537335.1,d__Bacteria;p__Firmicutes;c__Bacilli;o__Erysipelotrichales;f__Erysipelotrichaceae;g__Amedibacterium;s__Amedibacterium intestinale,blast,90.00,None
NODE_1112_length_1822_cov_14.345218,RS_GCF_008121495.1,d__Bacteria;p__Firmicutes_A;c__Clostridia;o__Lachnospirales;f__Lachnospiraceae;g__Ruminococcus_B;s__Ruminococcus_B gnavus,blast,91.70,iPHoP-RF;87.90
NODE_111_length_5691_cov_7.167495,RS_GCF_000406965.1,d__Bacteria;p__Firmicutes;c__Bacilli;o__Lactobacillales;f__Enterococcaceae;g__Enterococcus_A;s__Enterococcus_A avium,blast,93.60,None
NODE_111_length_5691_cov_7.167495,RS_GCF_001544215.1,d__Bacteria;p__Firmicutes;c__Bacilli;o__Lactobacillales;f__Enterococcaceae;g__Enterococcus_B;s__Enterococcus_B durans,blast,93.10,iPHoP-RF;66.00
NODE_111_length_5691_cov_7.167495,RS_GCF_009933175.1,d__Bacteria;p__Firmicutes;c__Bacilli;o__Lactobacillales;f__Enterococcaceae;g__Enterococcus_B;s__Enterococcus_B sp009933175,blast,91.30,None
NODE_111_length_5691_cov_7.167495,RS_GCF_000392875.1,d__Bacteria;p__Firmicutes;c__Bacilli;o__Lactobacillales;f__Enterococcaceae;g__Enterococcus;s__Enterococcus faecalis,blast,91.10,iPHoP-RF;57.10
NODE_111_length_5691_cov_7.167495,RS_GCF_009735405.1,d__Bacteria;p__Firmicutes;c__Bacilli;o__Lactobacillales;f__Enterococcaceae;g__Enterococcus_B;s__Enterococcus_B lactis,blast,90.90,iPHoP-RF;53.60
NODE_1130_length_1593_cov_5.267230,RS_GCF_000155815.1,d__Bacteria;p__Bacteroidota;c__Bacteroidia;o__Bacteroidales;f__Bacteroidaceae;g__Bacteroides;s__Bacteroides eggerthii,blast,93.90,None
NODE_1130_length_1593_cov_5.267230,RS_GCF_000025985.1,d__Bacteria;p__Bacteroidota;c__Bacteroidia;o__Bacteroidales;f__Bacteroidaceae;g__Bacteroides;s__Bacteroides fragilis,blast,91.40,None
NODE_1130_length_1593_cov_5.267230,RS_GCF_000154205.1,d__Bacteria;p__Bacteroidota;c__Bacteroidia;o__Bacteroidales;f__Bacteroidaceae;g__Bacteroides;s__Bacteroides uniformis,blast,90.80,None
NODE_1130_length_1593_cov_5.267230,RS_GCF_000012825.1,d__Bacteria;p__Bacteroidota;c__Bacteroidia;o__Bacteroidales;f__Bacteroidaceae;g__Phocaeicola;s__Phocaeicola vulgatus,blast,90.10,None
NODE_1130_length_1593_cov_5.267230,RS_GCF_000210575.1,d__Bacteria;p__Bacteroidota;c__Bacteroidia;o__Bacteroidales;f__Rikenellaceae;g__Alistipes;s__Alistipes shahii,blast,90.10,iPHoP-RF;52.20
NODE_1137_length_1786_cov_5.545350,RS_GCF_002950215.1,d__Bacteria;p__Proteobacteria;c__Gammaproteobacteria;o__Enterobacterales;f__Enterobacteriaceae;g__Escherichia;s__Escherichia flexneri,blast,96.00,iPHoP-RF;89.80
NODE_1137_length_1786_cov_5.545350,RS_GCF_000026325.1,d__Bacteria;p__Proteobacteria;c__Gammaproteobacteria;o__Enterobacterales;f__Enterobacteriaceae;g__Escherichia;s__Escherichia coli_D,blast,95.90,iPHoP-RF;92.80
NODE_1137_length_1786_cov_5.545350,RS_GCF_003697165.2,d__Bacteria;p__Proteobacteria;c__Gammaproteobacteria;o__Enterobacterales;f__Enterobacteriaceae;g__Escherichia;s__Escherichia coli,blast,95.90,iPHoP-RF;92.10
NODE_1137_length_1786_cov_5.545350,GB_GCA_003018335.1,d__Bacteria;p__Proteobacteria;c__Gammaproteobacteria;o__Enterobacterales;f__Enterobacteriaceae;g__Escherichia;s__Escherichia coli_C,blast,95.80,iPHoP-RF;91.10
NODE_1137_length_1786_cov_5.545350,RS_GCF_002949675.1,d__Bacteria;p__Proteobacteria;c__Gammaproteobacteria;o__Enterobacterales;f__Enterobacteriaceae;g__Escherichia;s__Escherichia dysenteriae,blast,95.70,iPHoP-RF;91.40
NODE_1137_length_1786_cov_5.545350,RS_GCF_002900365.1,d__Bacteria;p__Proteobacteria;c__Gammaproteobacteria;o__Enterobacterales;f__Enterobacteriaceae;g__Escherichia;s__Escherichia marmotae,blast,95.40,iPHoP-RF;91.80
NODE_1137_length_1786_cov_5.545350,RS_GCF_000026225.1,d__Bacteria;p__Proteobacteria;c__Gammaproteobacteria;o__Enterobacterales;f__Enterobacteriaceae;g__Escherichia;s__Escherichia fergusonii,blast,95.20,iPHoP-RF;92.40
NODE_1137_length_1786_cov_5.545350,RS_GCF_000208585.1,d__Bacteria;p__Proteobacteria;c__Gammaproteobacteria;o__Enterobacterales;f__Enterobacteriaceae;g__Escherichia;s__Escherichia sp000208585,blast,95.20,iPHoP-RF;90.80
NODE_1137_length_1786_cov_5.545350,RS_GCF_004211955.1,d__Bacteria;p__Proteobacteria;c__Gammaproteobacteria;o__Enterobacterales;f__Enterobacteriaceae;g__Escherichia;s__Escherichia sp004211955,iPHoP-RF,92.10,None
NODE_1137_length_1786_cov_5.545350,RS_GCF_002965065.1,d__Bacteria;p__Proteobacteria;c__Gammaproteobacteria;o__Enterobacterales;f__Enterobacteriaceae;g__Escherichia;s__Escherichia sp002965065,iPHoP-RF,91.40,None
NODE_1137_length_1786_cov_5.545350,RS_GCF_000759775.1,d__Bacteria;p__Proteobacteria;c__Gammaproteobacteria;o__Enterobacterales;f__Enterobacteriaceae;g__Escherichia;s__Escherichia albertii,blast,91.10,iPHoP-RF;90.10
NODE_1137_length_1786_cov_5.545350,RS_GCF_001660175.1,d__Bacteria;p__Proteobacteria;c__Gammaproteobacteria;o__Enterobacterales;f__Enterobacteriaceae;g__Escherichia;s__Escherichia sp001660175,iPHoP-RF,90.80,None
NODE_1137_length_1786_cov_5.545350,RS_GCF_011881725.1,d__Bacteria;p__Proteobacteria;c__Gammaproteobacteria;o__Enterobacterales;f__Enterobacteriaceae;g__Escherichia;s__Escherichia coli_E,iPHoP-RF,90.80,None
NODE_1139_length_1111_cov_3.319129,GB_GCA_003018335.1,d__Bacteria;p__Proteobacteria;c__Gammaproteobacteria;o__Enterobacterales;f__Enterobacteriaceae;g__Escherichia;s__Escherichia coli_C,blast,95.50,iPHoP-RF;62.20
NODE_1139_length_1111_cov_3.319129,RS_GCF_000026325.1,d__Bacteria;p__Proteobacteria;c__Gammaproteobacteria;o__Enterobacterales;f__Enterobacteriaceae;g__Escherichia;s__Escherichia coli_D,blast,95.50,iPHoP-RF;63.80
NODE_1139_length_1111_cov_3.319129,RS_GCF_002900365.1,d__Bacteria;p__Proteobacteria;c__Gammaproteobacteria;o__Enterobacterales;f__Enterobacteriaceae;g__Escherichia;s__Escherichia marmotae,blast,95.50,iPHoP-RF;64.80
NODE_1139_length_1111_cov_3.319129,RS_GCF_002949675.1,d__Bacteria;p__Proteobacteria;c__Gammaproteobacteria;o__Enterobacterales;f__Enterobacteriaceae;g__Escherichia;s__Escherichia dysenteriae,blast,95.50,iPHoP-RF;66.50
NODE_1139_length_1111_cov_3.319129,RS_GCF_002950215.1,d__Bacteria;p__Proteobacteria;c__Gammaproteobacteria;o__Enterobacterales;f__Enterobacteriaceae;g__Escherichia;s__Escherichia flexneri,blast,95.50,iPHoP-RF;68.40
NODE_1139_length_1111_cov_3.319129,RS_GCF_011881725.1,d__Bacteria;p__Proteobacteria;c__Gammaproteobacteria;o__Enterobacterales;f__Enterobacteriaceae;g__Escherichia;s__Escherichia coli_E,blast,95.50,iPHoP-RF;66.50
NODE_1139_length_1111_cov_3.319129,RS_GCF_000208585.1,d__Bacteria;p__Proteobacteria;c__Gammaproteobacteria;o__Enterobacterales;f__Enterobacteriaceae;g__Escherichia;s__Escherichia sp000208585,blast,95.10,None
NODE_1139_length_1111_cov_3.319129,RS_GCF_003697165.2,d__Bacteria;p__Proteobacteria;c__Gammaproteobacteria;o__Enterobacterales;f__Enterobacteriaceae;g__Escherichia;s__Escherichia coli,blast,93.90,None
NODE_1139_length_1111_cov_3.319129,RS_GCF_000026225.1,d__Bacteria;p__Proteobacteria;c__Gammaproteobacteria;o__Enterobacterales;f__Enterobacteriaceae;g__Escherichia;s__Escherichia fergusonii,blast,92.90,iPHoP-RF;50.20
NODE_1139_length_1111_cov_3.319129,RS_GCF_000759775.1,d__Bacteria;p__Proteobacteria;c__Gammaproteobacteria;o__Enterobacterales;f__Enterobacteriaceae;g__Escherichia;s__Escherichia albertii,blast,91.30,None
NODE_1139_length_1407_cov_7.465976,RS_GCF_000012825.1,d__Bacteria;p__Bacteroidota;c__Bacteroidia;o__Bacteroidales;f__Bacteroidaceae;g__Phocaeicola;s__Phocaeicola vulgatus,blast,93.80,None
NODE_1139_length_1407_cov_7.465976,RS_GCF_013009555.1,d__Bacteria;p__Bacteroidota;c__Bacteroidia;o__Bacteroidales;f__Bacteroidaceae;g__Phocaeicola;s__Phocaeicola dorei,blast,93.70,None
NODE_1139_length_1407_cov_7.465976,RS_GCF_000614125.1,d__Bacteria;p__Bacteroidota;c__Bacteroidia;o__Bacteroidales;f__Bacteroidaceae;g__Bacteroides;s__Bacteroides rodentium,blast,91.00,None
NODE_1139_length_1407_cov_7.465976,RS_GCF_000154205.1,d__Bacteria;p__Bacteroidota;c__Bacteroidia;o__Bacteroidales;f__Bacteroidaceae;g__Bacteroides;s__Bacteroides uniformis,blast,90.90,None
NODE_1139_length_1407_cov_7.465976,3300029678_6,d__Bacteria;p__Bacteroidota;c__Bacteroidia;o__Bacteroidales;f__Bacteroidaceae;g__Bacteroides;s__,blast,90.10,None
NODE_113_length_10116_cov_5.796044,GB_GCA_003018335.1,d__Bacteria;p__Proteobacteria;c__Gammaproteobacteria;o__Enterobacterales;f__Enterobacteriaceae;g__Escherichia;s__Escherichia coli_C,iPHoP-RF,97.10,None
NODE_113_length_10116_cov_5.796044,RS_GCF_000208585.1,d__Bacteria;p__Proteobacteria;c__Gammaproteobacteria;o__Enterobacterales;f__Enterobacteriaceae;g__Escherichia;s__Escherichia sp000208585,iPHoP-RF,97.10,None
NODE_113_length_10116_cov_5.796044,RS_GCF_001660175.1,d__Bacteria;p__Proteobacteria;c__Gammaproteobacteria;o__Enterobacterales;f__Enterobacteriaceae;g__Escherichia;s__Escherichia sp001660175,iPHoP-RF,97.10,None
NODE_113_length_10116_cov_5.796044,RS_GCF_002900365.1,d__Bacteria;p__Proteobacteria;c__Gammaproteobacteria;o__Enterobacterales;f__Enterobacteriaceae;g__Escherichia;s__Escherichia marmotae,iPHoP-RF,97.10,None
NODE_113_length_10116_cov_5.796044,RS_GCF_002950215.1,d__Bacteria;p__Proteobacteria;c__Gammaproteobacteria;o__Enterobacterales;f__Enterobacteriaceae;g__Escherichia;s__Escherichia flexneri,iPHoP-RF,97.10,blast;92.80
NODE_113_length_10116_cov_5.796044,RS_GCF_002965065.1,d__Bacteria;p__Proteobacteria;c__Gammaproteobacteria;o__Enterobacterales;f__Enterobacteriaceae;g__Escherichia;s__Escherichia sp002965065,iPHoP-RF,97.10,blast;92.70
NODE_113_length_10116_cov_5.796044,RS_GCF_004211955.1,d__Bacteria;p__Proteobacteria;c__Gammaproteobacteria;o__Enterobacterales;f__Enterobacteriaceae;g__Escherichia;s__Escherichia sp004211955,iPHoP-RF,97.10,None
NODE_113_length_10116_cov_5.796044,RS_GCF_005843885.1,d__Bacteria;p__Proteobacteria;c__Gammaproteobacteria;o__Enterobacterales;f__Enterobacteriaceae;g__Escherichia;s__Escherichia sp005843885,iPHoP-RF,97.10,None
NODE_113_length_10116_cov_5.796044,RS_GCF_011881725.1,d__Bacteria;p__Proteobacteria;c__Gammaproteobacteria;o__Enterobacterales;f__Enterobacteriaceae;g__Escherichia;s__Escherichia coli_E,iPHoP-RF,97.10,None
NODE_113_length_10116_cov_5.796044,RS_GCF_003697165.2,d__Bacteria;p__Proteobacteria;c__Gammaproteobacteria;o__Enterobacterales;f__Enterobacteriaceae;g__Escherichia;s__Escherichia coli,iPHoP-RF,96.70,CRISPR;86.60
NODE_113_length_10116_cov_5.796044,RS_GCF_000026225.1,d__Bacteria;p__Proteobacteria;c__Gammaproteobacteria;o__Enterobacterales;f__Enterobacteriaceae;g__Escherichia;s__Escherichia fergusonii,iPHoP-RF,96.40,None
NODE_113_length_10116_cov_5.796044,RS_GCF_000026325.1,d__Bacteria;p__Proteobacteria;c__Gammaproteobacteria;o__Enterobacterales;f__Enterobacteriaceae;g__Escherichia;s__Escherichia coli_D,iPHoP-RF,96.40,CRISPR;91.80 blast;91.60
NODE_113_length_10116_cov_5.796044,RS_GCF_000759775.1,d__Bacteria;p__Proteobacteria;c__Gammaproteobacteria;o__Enterobacterales;f__Enterobacteriaceae;g__Escherichia;s__Escherichia albertii,iPHoP-RF,95.40,CRISPR;81.60
NODE_1141_length_2592_cov_5.759953,GB_GCA_003018335.1,d__Bacteria;p__Proteobacteria;c__Gammaproteobacteria;o__Enterobacterales;f__Enterobacteriaceae;g__Escherichia;s__Escherichia coli_C,blast,96.90,iPHoP-RF;77.30
NODE_1141_length_2592_cov_5.759953,RS_GCF_000026225.1,d__Bacteria;p__Proteobacteria;c__Gammaproteobacteria;o__Enterobacterales;f__Enterobacteriaceae;g__Escherichia;s__Escherichia fergusonii,blast,96.90,iPHoP-RF;76.80
NODE_1141_length_2592_cov_5.759953,RS_GCF_000026325.1,d__Bacteria;p__Proteobacteria;c__Gammaproteobacteria;o__Enterobacterales;f__Enterobacteriaceae;g__Escherichia;s__Escherichia coli_D,blast,96.90,iPHoP-RF;79.30
NODE_1141_length_2592_cov_5.759953,RS_GCF_000208585.1,d__Bacteria;p__Proteobacteria;c__Gammaproteobacteria;o__Enterobacterales;f__Enterobacteriaceae;g__Escherichia;s__Escherichia sp000208585,blast,96.90,iPHoP-RF;78.70
NODE_1141_length_2592_cov_5.759953,RS_GCF_000759775.1,d__Bacteria;p__Proteobacteria;c__Gammaproteobacteria;o__Enterobacterales;f__Enterobacteriaceae;g__Escherichia;s__Escherichia albertii,blast,96.90,iPHoP-RF;73.90
NODE_1141_length_2592_cov_5.759953,RS_GCF_002900365.1,d__Bacteria;p__Proteobacteria;c__Gammaproteobacteria;o__Enterobacterales;f__Enterobacteriaceae;g__Escherichia;s__Escherichia marmotae,blast,96.90,iPHoP-RF;75.40
NODE_1141_length_2592_cov_5.759953,RS_GCF_002949675.1,d__Bacteria;p__Proteobacteria;c__Gammaproteobacteria;o__Enterobacterales;f__Enterobacteriaceae;g__Escherichia;s__Escherichia dysenteriae,blast,96.90,iPHoP-RF;79.80
NODE_1141_length_2592_cov_5.759953,RS_GCF_002950215.1,d__Bacteria;p__Proteobacteria;c__Gammaproteobacteria;o__Enterobacterales;f__Enterobacteriaceae;g__Escherichia;s__Escherichia flexneri,blast,96.90,iPHoP-RF;79.80
NODE_1141_length_2592_cov_5.759953,RS_GCF_003697165.2,d__Bacteria;p__Proteobacteria;c__Gammaproteobacteria;o__Enterobacterales;f__Enterobacteriaceae;g__Escherichia;s__Escherichia coli,blast,96.90,iPHoP-RF;81.10
NODE_1141_length_2592_cov_5.759953,RS_GCF_004211955.1,d__Bacteria;p__Proteobacteria;c__Gammaproteobacteria;o__Enterobacterales;f__Enterobacteriaceae;g__Escherichia;s__Escherichia sp004211955,blast,96.90,iPHoP-RF;78.00
NODE_1141_length_2592_cov_5.759953,RS_GCF_005843885.1,d__Bacteria;p__Proteobacteria;c__Gammaproteobacteria;o__Enterobacterales;f__Enterobacteriaceae;g__Escherichia;s__Escherichia sp005843885,blast,96.90,iPHoP-RF;78.50
NODE_1141_length_2592_cov_5.759953,RS_GCF_011881725.1,d__Bacteria;p__Proteobacteria;c__Gammaproteobacteria;o__Enterobacterales;f__Enterobacteriaceae;g__Escherichia;s__Escherichia coli_E,blast,96.90,iPHoP-RF;78.50
NODE_114_length_5475_cov_6.014945,RS_GCF_001544095.1,d__Bacteria;p__Firmicutes;c__Bacilli;o__Lactobacillales;f__Enterococcaceae;g__Enterococcus_D;s__Enterococcus_D casseliflavus,blast,95.60,iPHoP-RF;89.80
NODE_114_length_5475_cov_6.014945,RS_GCF_002850555.1,d__Bacteria;p__Firmicutes;c__Bacilli;o__Lactobacillales;f__Enterococcaceae;g__Enterococcus_D;s__Enterococcus_D sp002850555,blast,94.90,iPHoP-RF;92.10
NODE_114_length_5475_cov_6.014945,RS_GCF_002140915.1,d__Bacteria;p__Firmicutes;c__Bacilli;o__Lactobacillales;f__Enterococcaceae;g__Enterococcus_D;s__Enterococcus_D sp002140915,blast,94.70,iPHoP-RF;88.20
NODE_114_length_5475_cov_6.014945,RS_GCF_001544275.1,d__Bacteria;p__Firmicutes;c__Bacilli;o__Lactobacillales;f__Enterococcaceae;g__Enterococcus_D;s__Enterococcus_D gallinarum,blast,94.60,iPHoP-RF;84.80
NODE_114_length_5475_cov_6.014945,RS_GCF_000407185.1,d__Bacteria;p__Firmicutes;c__Bacilli;o__Lactobacillales;f__Enterococcaceae;g__Enterococcus_A;s__Enterococcus_A malodoratus,iPHoP-RF,93.40,None
NODE_114_length_5475_cov_6.014945,RS_GCF_001544295.1,d__Bacteria;p__Firmicutes;c__Bacilli;o__Lactobacillales;f__Enterococcaceae;g__Enterococcus_A;s__Enterococcus_A pseudoavium,iPHoP-RF,92.40,None
NODE_114_length_5475_cov_6.014945,RS_GCF_000185365.1,d__Bacteria;p__Firmicutes;c__Bacilli;o__Lactobacillales;f__Enterococcaceae;g__Enterococcus_G;s__Enterococcus_G italicus,blast,90.20,iPHoP-RF;79.30
NODE_115_length_5449_cov_4.433259,RS_GCF_001544215.1,d__Bacteria;p__Firmicutes;c__Bacilli;o__Lactobacillales;f__Enterococcaceae;g__Enterococcus_B;s__Enterococcus_B durans,blast,93.10,iPHoP-RF;54.10
NODE_115_length_5449_cov_4.433259,RS_GCF_001544255.1,d__Bacteria;p__Firmicutes;c__Bacilli;o__Lactobacillales;f__Enterococcaceae;g__Enterococcus_B;s__Enterococcus_B faecium,blast,92.40,iPHoP-RF;70.00
NODE_115_length_5449_cov_4.433259,RS_GCF_002850555.1,d__Bacteria;p__Firmicutes;c__Bacilli;o__Lactobacillales;f__Enterococcaceae;g__Enterococcus_D;s__Enterococcus_D sp002850555,blast,91.90,iPHoP-RF;59.20
NODE_115_length_5449_cov_4.433259,RS_GCF_001544095.1,d__Bacteria;p__Firmicutes;c__Bacilli;o__Lactobacillales;f__Enterococcaceae;g__Enterococcus_D;s__Enterococcus_D casseliflavus,blast,91.10,iPHoP-RF;61.70
NODE_115_length_5449_cov_4.433259,RS_GCF_001544275.1,d__Bacteria;p__Firmicutes;c__Bacilli;o__Lactobacillales;f__Enterococcaceae;g__Enterococcus_D;s__Enterococcus_D gallinarum,blast,90.90,None
NODE_115_length_5449_cov_4.433259,RS_GCF_002140915.1,d__Bacteria;p__Firmicutes;c__Bacilli;o__Lactobacillales;f__Enterococcaceae;g__Enterococcus_D;s__Enterococcus_D sp002140915,blast,90.50,None
NODE_115_length_6212_cov_4.749229,RS_GCF_003293635.1,d__Bacteria;p__Firmicutes_A;c__Clostridia;o__Oscillospirales;f__Ruminococcaceae;g__Faecalibacterium;s__Faecalibacterium prausnitzii_G,blast,98.50,iPHoP-RF;82.80
NODE_115_length_6212_cov_4.749229,RS_GCF_010509575.1,d__Bacteria;p__Firmicutes_A;c__Clostridia;o__Oscillospirales;f__Ruminococcaceae;g__Faecalibacterium;s__Faecalibacterium prausnitzii_C,blast,96.30,iPHoP-RF;76.40
NODE_115_length_6212_cov_4.749229,GB_GCA_900758465.1,d__Bacteria;p__Firmicutes_A;c__Clostridia;o__Oscillospirales;f__Ruminococcaceae;g__Faecalibacterium;s__Faecalibacterium sp900758465,blast,95.70,iPHoP-RF;82.50
NODE_115_length_6212_cov_4.749229,GB_GCA_900540455.1,d__Bacteria;p__Firmicutes_A;c__Clostridia;o__Oscillospirales;f__Ruminococcaceae;g__Faecalibacterium;s__Faecalibacterium sp900540455,blast,91.60,iPHoP-RF;72.60
NODE_1160_length_1730_cov_4.363582,RS_GCF_003697165.2,d__Bacteria;p__Proteobacteria;c__Gammaproteobacteria;o__Enterobacterales;f__Enterobacteriaceae;g__Escherichia;s__Escherichia coli,blast,94.20,iPHoP-RF;75.90
NODE_1160_length_1730_cov_4.363582,RS_GCF_000026225.1,d__Bacteria;p__Proteobacteria;c__Gammaproteobacteria;o__Enterobacterales;f__Enterobacteriaceae;g__Escherichia;s__Escherichia fergusonii,blast,93.90,iPHoP-RF;74.30
NODE_1160_length_1730_cov_4.363582,RS_GCF_002950215.1,d__Bacteria;p__Proteobacteria;c__Gammaproteobacteria;o__Enterobacterales;f__Enterobacteriaceae;g__Escherichia;s__Escherichia flexneri,blast,93.90,iPHoP-RF;77.10
NODE_1160_length_1730_cov_4.363582,GB_GCA_003018335.1,d__Bacteria;p__Proteobacteria;c__Gammaproteobacteria;o__Enterobacterales;f__Enterobacteriaceae;g__Escherichia;s__Escherichia coli_C,blast,93.70,iPHoP-RF;76.60
NODE_1160_length_1730_cov_4.363582,RS_GCF_000026325.1,d__Bacteria;p__Proteobacteria;c__Gammaproteobacteria;o__Enterobacterales;f__Enterobacteriaceae;g__Escherichia;s__Escherichia coli_D,blast,93.70,iPHoP-RF;77.50
NODE_1160_length_1730_cov_4.363582,RS_GCF_002900365.1,d__Bacteria;p__Proteobacteria;c__Gammaproteobacteria;o__Enterobacterales;f__Enterobacteriaceae;g__Escherichia;s__Escherichia marmotae,blast,93.70,iPHoP-RF;74.80
NODE_1160_length_1730_cov_4.363582,RS_GCF_002949675.1,d__Bacteria;p__Proteobacteria;c__Gammaproteobacteria;o__Enterobacterales;f__Enterobacteriaceae;g__Escherichia;s__Escherichia dysenteriae,blast,93.70,iPHoP-RF;76.60
NODE_1160_length_1730_cov_4.363582,RS_GCF_000759775.1,d__Bacteria;p__Proteobacteria;c__Gammaproteobacteria;o__Enterobacterales;f__Enterobacteriaceae;g__Escherichia;s__Escherichia albertii,blast,91.20,iPHoP-RF;72.20
NODE_1160_length_1730_cov_4.363582,RS_GCF_000759815.1,d__Bacteria;p__Proteobacteria;c__Gammaproteobacteria;o__Enterobacterales;f__Enterobacteriaceae;g__Citrobacter_A;s__Citrobacter_A rodentium,blast,90.90,None
NODE_1163_length_2339_cov_4.031086,RS_GCF_000026325.1,d__Bacteria;p__Proteobacteria;c__Gammaproteobacteria;o__Enterobacterales;f__Enterobacteriaceae;g__Escherichia;s__Escherichia coli_D,blast,94.30,iPHoP-RF;85.10
NODE_1163_length_2339_cov_4.031086,RS_GCF_003697165.2,d__Bacteria;p__Proteobacteria;c__Gammaproteobacteria;o__Enterobacterales;f__Enterobacteriaceae;g__Escherichia;s__Escherichia coli,blast,94.10,iPHoP-RF;86.70
NODE_1163_length_2339_cov_4.031086,RS_GCF_000759775.1,d__Bacteria;p__Proteobacteria;c__Gammaproteobacteria;o__Enterobacterales;f__Enterobacteriaceae;g__Escherichia;s__Escherichia albertii,blast,93.50,iPHoP-RF;80.30
NODE_1163_length_2339_cov_4.031086,RS_GCF_002949675.1,d__Bacteria;p__Proteobacteria;c__Gammaproteobacteria;o__Enterobacterales;f__Enterobacteriaceae;g__Escherichia;s__Escherichia dysenteriae,blast,93.10,iPHoP-RF;84.20
NODE_1163_length_2339_cov_4.031086,RS_GCF_002950215.1,d__Bacteria;p__Proteobacteria;c__Gammaproteobacteria;o__Enterobacterales;f__Enterobacteriaceae;g__Escherichia;s__Escherichia flexneri,blast,92.70,iPHoP-RF;85.10
NODE_1163_length_2339_cov_4.031086,RS_GCF_002900365.1,d__Bacteria;p__Proteobacteria;c__Gammaproteobacteria;o__Enterobacterales;f__Enterobacteriaceae;g__Escherichia;s__Escherichia marmotae,blast,92.50,iPHoP-RF;85.10
NODE_1163_length_2339_cov_4.031086,GB_GCA_003018335.1,d__Bacteria;p__Proteobacteria;c__Gammaproteobacteria;o__Enterobacterales;f__Enterobacteriaceae;g__Escherichia;s__Escherichia coli_C,blast,92.40,iPHoP-RF;85.40
NODE_1163_length_2339_cov_4.031086,RS_GCF_000208585.1,d__Bacteria;p__Proteobacteria;c__Gammaproteobacteria;o__Enterobacterales;f__Enterobacteriaceae;g__Escherichia;s__Escherichia sp000208585,blast,92.40,iPHoP-RF;86.00
NODE_1163_length_2339_cov_4.031086,RS_GCF_001660175.1,d__Bacteria;p__Proteobacteria;c__Gammaproteobacteria;o__Enterobacterales;f__Enterobacteriaceae;g__Escherichia;s__Escherichia sp001660175,blast,92.40,iPHoP-RF;83.90
NODE_1163_length_2339_cov_4.031086,RS_GCF_002965065.1,d__Bacteria;p__Proteobacteria;c__Gammaproteobacteria;o__Enterobacterales;f__Enterobacteriaceae;g__Escherichia;s__Escherichia sp002965065,blast,92.40,iPHoP-RF;85.40
NODE_1163_length_2339_cov_4.031086,RS_GCF_003818115.1,d__Bacteria;p__Proteobacteria;c__Gammaproteobacteria;o__Enterobacterales;f__Enterobacteriaceae;g__Citrobacter;s__Citrobacter youngae,blast,91.00,None
NODE_1177_length_1996_cov_8.297785,RS_GCF_001077535.1,d__Bacteria;p__Firmicutes_A;c__Clostridia;o__Peptostreptococcales;f__Peptostreptococcaceae;g__Clostridioides;s__Clostridioides difficile,blast,96.30,iPHoP-RF;74.60
NODE_1177_length_1996_cov_8.297785,RS_GCF_900243075.1,d__Bacteria;p__Firmicutes_A;c__Clostridia;o__Peptostreptococcales;f__Peptostreptococcaceae;g__Clostridioides;s__Clostridioides difficile_D,blast,92.70,iPHoP-RF;76.40
NODE_1177_length_1996_cov_8.297785,RS_GCF_000449425.2,d__Bacteria;p__Firmicutes_A;c__Clostridia;o__Peptostreptococcales;f__Peptostreptococcaceae;g__Clostridioides;s__Clostridioides difficile_E,blast,91.30,iPHoP-RF;74.10
NODE_1177_length_1996_cov_8.297785,RS_GCF_001299635.1,d__Bacteria;p__Firmicutes_A;c__Clostridia;o__Peptostreptococcales;f__Peptostreptococcaceae;g__Clostridioides;s__Clostridioides difficile_A,blast,91.20,iPHoP-RF;73.50
NODE_118_length_14212_cov_7.809423,RS_GCF_000025985.1,d__Bacteria;p__Bacteroidota;c__Bacteroidia;o__Bacteroidales;f__Bacteroidaceae;g__Bacteroides;s__Bacteroides fragilis,blast,94.70,iPHoP-RF;80.80
NODE_118_length_14212_cov_7.809423,RS_GCF_002849695.1,d__Bacteria;p__Bacteroidota;c__Bacteroidia;o__Bacteroidales;f__Bacteroidaceae;g__Bacteroides;s__Bacteroides fragilis_A,blast,91.70,iPHoP-RF;65.30
NODE_118_length_14212_cov_7.809423,RS_GCF_001314995.1,d__Bacteria;p__Bacteroidota;c__Bacteroidia;o__Bacteroidales;f__Bacteroidaceae;g__Bacteroides;s__Bacteroides ovatus,blast,90.80,iPHoP-RF;71.90
NODE_118_length_14212_cov_7.809423,RS_GCF_000614145.1,d__Bacteria;p__Bacteroidota;c__Bacteroidia;o__Bacteroidales;f__Bacteroidaceae;g__Bacteroides;s__Bacteroides faecichinchillae,blast,90.60,None
NODE_118_length_14212_cov_7.809423,GB_GCA_000210075.1,d__Bacteria;p__Bacteroidota;c__Bacteroidia;o__Bacteroidales;f__Bacteroidaceae;g__Bacteroides;s__Bacteroides xylanisolvens,blast,90.10,iPHoP-RF;57.10
NODE_118_length_14212_cov_7.809423,RS_GCF_009193295.2,d__Bacteria;p__Bacteroidota;c__Bacteroidia;o__Bacteroidales;f__Bacteroidaceae;g__Bacteroides;s__Bacteroides sp007097645,blast,90.10,iPHoP-RF;64.00
NODE_119_length_6127_cov_11.754282,RS_GCF_001314995.1,d__Bacteria;p__Bacteroidota;c__Bacteroidia;o__Bacteroidales;f__Bacteroidaceae;g__Bacteroides;s__Bacteroides ovatus,iPHoP-RF,94.40,None
NODE_119_length_6127_cov_11.754282,RS_GCF_903181435.1,d__Bacteria;p__Bacteroidota;c__Bacteroidia;o__Bacteroidales;f__Bacteroidaceae;g__Bacteroides;s__Bacteroides acidifaciens_A,iPHoP-RF,93.40,None
NODE_119_length_6127_cov_11.754282,RS_GCF_000315485.1,d__Bacteria;p__Bacteroidota;c__Bacteroidia;o__Bacteroidales;f__Bacteroidaceae;g__Bacteroides;s__Bacteroides oleiciplenus,iPHoP-RF,93.10,blast;77.10
NODE_119_length_6127_cov_11.754282,RS_GCF_902362375.1,d__Bacteria;p__Bacteroidota;c__Bacteroidia;o__Bacteroidales;f__Bacteroidaceae;g__Bacteroides;s__Bacteroides sp902362375,iPHoP-RF,92.40,None
NODE_119_length_6127_cov_11.754282,RS_GCF_000025985.1,d__Bacteria;p__Bacteroidota;c__Bacteroidia;o__Bacteroidales;f__Bacteroidaceae;g__Bacteroides;s__Bacteroides fragilis,blast,92.30,iPHoP-RF;88.20
NODE_119_length_6127_cov_11.754282,GB_GCA_900557355.1,d__Bacteria;p__Bacteroidota;c__Bacteroidia;o__Bacteroidales;f__Bacteroidaceae;g__Bacteroides;s__Bacteroides sp900557355,iPHoP-RF,91.80,blast;74.30
NODE_119_length_6127_cov_11.754282,GB_GCA_900552405.1,d__Bacteria;p__Bacteroidota;c__Bacteroidia;o__Bacteroidales;f__Bacteroidaceae;g__Bacteroides;s__Bacteroides sp900552405,iPHoP-RF,91.40,None
NODE_119_length_6127_cov_11.754282,RS_GCF_002849695.1,d__Bacteria;p__Bacteroidota;c__Bacteroidia;o__Bacteroidales;f__Bacteroidaceae;g__Bacteroides;s__Bacteroides fragilis_A,blast,91.30,iPHoP-RF;85.40
NODE_119_length_6127_cov_11.754282,GB_GCA_900761785.1,d__Bacteria;p__Bacteroidota;c__Bacteroidia;o__Bacteroidales;f__Bacteroidaceae;g__Bacteroides;s__Bacteroides sp900761785,iPHoP-RF,91.10,None
NODE_119_length_6127_cov_11.754282,RS_GCF_000158035.1,d__Bacteria;p__Bacteroidota;c__Bacteroidia;o__Bacteroidales;f__Bacteroidaceae;g__Bacteroides;s__Bacteroides cellulosilyticus,iPHoP-RF,90.80,blast;82.00
NODE_119_length_6127_cov_11.754282,RS_GCF_000613385.1,d__Bacteria;p__Bacteroidota;c__Bacteroidia;o__Bacteroidales;f__Bacteroidaceae;g__Bacteroides;s__Bacteroides acidifaciens,iPHoP-RF,90.80,None
NODE_119_length_6127_cov_11.754282,RS_GCF_012113595.1,d__Bacteria;p__Bacteroidota;c__Bacteroidia;o__Bacteroidales;f__Bacteroidaceae;g__Bacteroides;s__Bacteroides sp012113595,iPHoP-RF,90.80,None
NODE_119_length_6127_cov_11.754282,RS_GCF_014334015.1,d__Bacteria;p__Bacteroidota;c__Bacteroidia;o__Bacteroidales;f__Bacteroidaceae;g__Bacteroides;s__Bacteroides sp003463205,iPHoP-RF,90.80,None
NODE_119_length_6127_cov_11.754282,RS_GCF_000011065.1,d__Bacteria;p__Bacteroidota;c__Bacteroidia;o__Bacteroidales;f__Bacteroidaceae;g__Bacteroides;s__Bacteroides thetaiotaomicron,iPHoP-RF,90.50,None
NODE_119_length_6127_cov_11.754282,RS_GCF_902364365.1,d__Bacteria;p__Bacteroidota;c__Bacteroidia;o__Bacteroidales;f__Bacteroidaceae;g__Bacteroides;s__Bacteroides sp900556215,iPHoP-RF,90.10,blast;81.00
NODE_11_length_32094_cov_271.190643,RS_GCF_000146585.1,d__Bacteria;p__Firmicutes;c__Bacilli;o__Lactobacillales;f__Streptococcaceae;g__Streptococcus;s__Streptococcus mitis_AZ,CRISPR,99.60,iPHoP-RF;97.10
NODE_11_length_32094_cov_271.190643,GB_GCA_003521145.1,d__Bacteria;p__Firmicutes;c__Bacilli;o__Lactobacillales;f__Streptococcaceae;g__Streptococcus;s__Streptococcus sp003521145,CRISPR,99.50,iPHoP-RF;97.10
NODE_11_length_32094_cov_271.190643,RS_GCF_000283635.1,d__Bacteria;p__Firmicutes;c__Bacilli;o__Lactobacillales;f__Streptococcaceae;g__Streptococcus;s__Streptococcus macedonicus,CRISPR,99.40,iPHoP-RF;97.10
NODE_11_length_32094_cov_271.190643,RS_GCF_000785515.1,d__Bacteria;p__Firmicutes;c__Bacilli;o__Lactobacillales;f__Streptococcaceae;g__Streptococcus;s__Streptococcus salivarius,CRISPR,99.40,blast;96.90 iPHoP-RF;96.40
NODE_11_length_32094_cov_271.190643,RS_GCF_010120595.1,d__Bacteria;p__Firmicutes;c__Bacilli;o__Lactobacillales;f__Streptococcaceae;g__Streptococcus;s__Streptococcus thermophilus,CRISPR,99.40,iPHoP-RF;89.50 blast;87.40
NODE_11_length_32094_cov_271.190643,RS_GCF_009738225.1,d__Bacteria;p__Firmicutes;c__Bacilli;o__Lactobacillales;f__Streptococcaceae;g__Streptococcus;s__Streptococcus sp001556435,CRISPR,99.30,iPHoP-RF;97.10 blast;93.50
NODE_11_length_32094_cov_271.190643,RS_GCF_010604095.1,d__Bacteria;p__Firmicutes;c__Bacilli;o__Lactobacillales;f__Streptococcaceae;g__Streptococcus;s__Streptococcus sp000187445,CRISPR,99.30,iPHoP-RF;96.70
NODE_11_length_32094_cov_271.190643,GB_GCA_000344275.1,d__Bacteria;p__Firmicutes;c__Bacilli;o__Lactobacillales;f__Streptococcaceae;g__Streptococcus;s__Streptococcus oralis_E,iPHoP-RF,97.10,None
NODE_11_length_32094_cov_271.190643,GB_GCA_001579665.1,d__Bacteria;p__Firmicutes;c__Bacilli;o__Lactobacillales;f__Streptococcaceae;g__Streptococcus;s__Streptococcus mitis_S,iPHoP-RF,97.10,None
NODE_11_length_32094_cov_271.190643,GB_GCA_900555155.1,d__Bacteria;p__Firmicutes;c__Bacilli;o__Lactobacillales;f__Streptococcaceae;g__Streptococcus;s__Streptococcus sp900555155,iPHoP-RF,97.10,None
NODE_11_length_32094_cov_271.190643,RS_GCF_000154985.1,d__Bacteria;p__Firmicutes;c__Bacilli;o__Lactobacillales;f__Streptococcaceae;g__Streptococcus;s__Streptococcus infantarius,iPHoP-RF,97.10,None
NODE_11_length_32094_cov_271.190643,RS_GCF_000220065.1,d__Bacteria;p__Firmicutes;c__Bacilli;o__Lactobacillales;f__Streptococcaceae;g__Streptococcus;s__Streptococcus sp000220065,iPHoP-RF,97.10,None
NODE_11_length_32094_cov_271.190643,RS_GCF_000222765.1,d__Bacteria;p__Firmicutes;c__Bacilli;o__Lactobacillales;f__Streptococcaceae;g__Streptococcus;s__Streptococcus cristatus,iPHoP-RF,97.10,None
NODE_11_length_32094_cov_271.190643,RS_GCF_000380105.1,d__Bacteria;p__Firmicutes;c__Bacilli;o__Lactobacillales;f__Streptococcaceae;g__Streptococcus;s__Streptococcus orisratti,iPHoP-RF,97.10,None
NODE_11_length_32094_cov_271.190643,RS_GCF_000385925.1,d__Bacteria;p__Firmicutes;c__Bacilli;o__Lactobacillales;f__Streptococcaceae;g__Streptococcus;s__Streptococcus cristatus_B,iPHoP-RF,97.10,None
NODE_11_length_32094_cov_271.190643,RS_GCF_000767835.1,d__Bacteria;p__Firmicutes;c__Bacilli;o__Lactobacillales;f__Streptococcaceae;g__Streptococcus;s__Streptococcus sinensis,iPHoP-RF,97.10,None
NODE_11_length_32094_cov_271.190643,RS_GCF_001074565.1,d__Bacteria;p__Firmicutes;c__Bacilli;o__Lactobacillales;f__Streptococcaceae;g__Streptococcus;s__Streptococcus pseudopneumoniae_J,iPHoP-RF,97.10,None
NODE_11_length_32094_cov_271.190643,RS_GCF_002000985.1,d__Bacteria;p__Firmicutes;c__Bacilli;o__Lactobacillales;f__Streptococcaceae;g__Streptococcus;s__Streptococcus gallolyticus,iPHoP-RF,97.10,None
NODE_11_length_32094_cov_271.190643,RS_GCF_002093545.1,d__Bacteria;p__Firmicutes;c__Bacilli;o__Lactobacillales;f__Streptococcaceae;g__Streptococcus;s__Streptococcus oralis_C,iPHoP-RF,97.10,None
NODE_11_length_32094_cov_271.190643,RS_GCF_002860865.1,d__Bacteria;p__Firmicutes;c__Bacilli;o__Lactobacillales;f__Streptococcaceae;g__Streptococcus;s__Streptococcus mitis_AT,iPHoP-RF,97.10,None
NODE_11_length_32094_cov_271.190643,RS_GCF_003337175.1,d__Bacteria;p__Firmicutes;c__Bacilli;o__Lactobacillales;f__Streptococcaceae;g__Streptococcus;s__Streptococcus gallolyticus_B,iPHoP-RF,97.10,None
NODE_11_length_32094_cov_271.190643,RS_GCF_003943465.1,d__Bacteria;p__Firmicutes;c__Bacilli;o__Lactobacillales;f__Streptococcaceae;g__Streptococcus;s__Streptococcus cristatus_C,iPHoP-RF,97.10,None
NODE_11_length_32094_cov_271.190643,RS_GCF_003943505.1,d__Bacteria;p__Firmicutes;c__Bacilli;o__Lactobacillales;f__Streptococcaceae;g__Streptococcus;s__Streptococcus cristatus_E,iPHoP-RF,97.10,None
NODE_11_length_32094_cov_271.190643,RS_GCF_003943515.1,d__Bacteria;p__Firmicutes;c__Bacilli;o__Lactobacillales;f__Streptococcaceae;g__Streptococcus;s__Streptococcus cristatus_D,iPHoP-RF,97.10,None
NODE_11_length_32094_cov_271.190643,RS_GCF_003943815.1,d__Bacteria;p__Firmicutes;c__Bacilli;o__Lactobacillales;f__Streptococcaceae;g__Streptococcus;s__Streptococcus cristatus_F,iPHoP-RF,97.10,None
NODE_11_length_32094_cov_271.190643,RS_GCF_012277075.1,d__Bacteria;p__Firmicutes;c__Bacilli;o__Lactobacillales;f__Streptococcaceae;g__Streptococcus;s__Streptococcus alactolyticus,iPHoP-RF,97.10,None
NODE_11_length_32094_cov_271.190643,RS_GCF_012843315.1,d__Bacteria;p__Firmicutes;c__Bacilli;o__Lactobacillales;f__Streptococcaceae;g__Streptococcus;s__Streptococcus sp012843315,iPHoP-RF,97.10,None
NODE_11_length_32094_cov_271.190643,RS_GCF_900101445.1,d__Bacteria;p__Firmicutes;c__Bacilli;o__Lactobacillales;f__Streptococcaceae;g__Streptococcus;s__Streptococcus equinus_B,iPHoP-RF,97.10,None
NODE_11_length_32094_cov_271.190643,RS_GCF_900478025.1,d__Bacteria;p__Firmicutes;c__Bacilli;o__Lactobacillales;f__Streptococcaceae;g__Streptococcus;s__Streptococcus pasteurianus,iPHoP-RF,97.10,None
NODE_11_length_32094_cov_271.190643,RS_GCF_902460355.1,d__Bacteria;p__Firmicutes;c__Bacilli;o__Lactobacillales;f__Streptococcaceae;g__Streptococcus;s__Streptococcus sp902460355,iPHoP-RF,97.10,None
NODE_11_length_32094_cov_271.190643,RS_GCF_000187975.2,d__Bacteria;p__Firmicutes;c__Bacilli;o__Lactobacillales;f__Streptococcaceae;g__Streptococcus;s__Streptococcus criceti,iPHoP-RF,96.70,None
NODE_11_length_32094_cov_271.190643,RS_GCF_000380065.1,d__Bacteria;p__Firmicutes;c__Bacilli;o__Lactobacillales;f__Streptococcaceae;g__Streptococcus;s__Streptococcus massiliensis,iPHoP-RF,96.70,None
NODE_11_length_32094_cov_271.190643,RS_GCF_001578775.1,d__Bacteria;p__Firmicutes;c__Bacilli;o__Lactobacillales;f__Streptococcaceae;g__Streptococcus;s__Streptococcus cristatus_A,iPHoP-RF,96.70,None
NODE_11_length_32094_cov_271.190643,RS_GCF_002096815.1,d__Bacteria;p__Firmicutes;c__Bacilli;o__Lactobacillales;f__Streptococcaceae;g__Streptococcus;s__Streptococcus mitis_AD,iPHoP-RF,96.70,None
NODE_11_length_32094_cov_271.190643,RS_GCF_002953735.1,d__Bacteria;p__Firmicutes;c__Bacilli;o__Lactobacillales;f__Streptococcaceae;g__Streptococcus;s__Streptococcus pluranimalium,iPHoP-RF,96.70,None
NODE_11_length_32094_cov_271.190643,RS_GCF_900104225.1,d__Bacteria;p__Firmicutes;c__Bacilli;o__Lactobacillales;f__Streptococcaceae;g__Streptococcus;s__Streptococcus equinus_D,iPHoP-RF,96.70,None
NODE_11_length_32094_cov_271.190643,RS_GCF_000376985.1,d__Bacteria;p__Firmicutes;c__Bacilli;o__Lactobacillales;f__Streptococcaceae;g__Streptococcus;s__Streptococcus henryi,iPHoP-RF,96.40,None
NODE_11_length_32094_cov_271.190643,RS_GCF_001068775.1,d__Bacteria;p__Firmicutes;c__Bacilli;o__Lactobacillales;f__Streptococcaceae;g__Streptococcus;s__Streptococcus pseudopneumoniae_N,iPHoP-RF,96.40,None
NODE_11_length_32094_cov_271.190643,RS_GCF_001553855.1,d__Bacteria;p__Firmicutes;c__Bacilli;o__Lactobacillales;f__Streptococcaceae;g__Streptococcus;s__Streptococcus gordonii,iPHoP-RF,96.40,None
NODE_11_length_32094_cov_271.190643,RS_GCF_001579035.1,d__Bacteria;p__Firmicutes;c__Bacilli;o__Lactobacillales;f__Streptococcaceae;g__Streptococcus;s__Streptococcus mitis_J,iPHoP-RF,96.40,None
NODE_11_length_32094_cov_271.190643,RS_GCF_001708305.1,d__Bacteria;p__Firmicutes;c__Bacilli;o__Lactobacillales;f__Streptococcaceae;g__Streptococcus;s__Streptococcus himalayensis,iPHoP-RF,96.40,None
NODE_11_length_32094_cov_271.190643,RS_GCF_003595525.1,d__Bacteria;p__Firmicutes;c__Bacilli;o__Lactobacillales;f__Streptococcaceae;g__Streptococcus;s__Streptococcus respiraculi,iPHoP-RF,96.10,None
NODE_11_length_32094_cov_271.190643,RS_GCF_900475675.1,d__Bacteria;p__Firmicutes;c__Bacilli;o__Lactobacillales;f__Streptococcaceae;g__Streptococcus;s__Streptococcus lutetiensis,iPHoP-RF,96.10,None
NODE_11_length_32094_cov_271.190643,RS_GCF_001921845.1,d__Bacteria;p__Firmicutes;c__Bacilli;o__Lactobacillales;f__Streptococcaceae;g__Streptococcus;s__Streptococcus cuniculi,iPHoP-RF,95.70,None
NODE_11_length_32094_cov_271.190643,RS_GCF_013277515.1,d__Bacteria;p__Firmicutes;c__Bacilli;o__Lactobacillales;f__Streptococcaceae;g__Streptococcus;s__Streptococcus sp013277515,iPHoP-RF,95.70,None
NODE_11_length_32094_cov_271.190643,RS_GCF_000148545.1,d__Bacteria;p__Firmicutes;c__Bacilli;o__Lactobacillales;f__Streptococcaceae;g__Streptococcus;s__Streptococcus mitis_C,iPHoP-RF,95.40,None
NODE_11_length_32094_cov_271.190643,RS_GCF_000379985.1,d__Bacteria;p__Firmicutes;c__Bacilli;o__Lactobacillales;f__Streptococcaceae;g__Streptococcus;s__Streptococcus caballi,iPHoP-RF,95.40,None
NODE_11_length_32094_cov_271.190643,RS_GCF_001182825.2,d__Bacteria;p__Firmicutes;c__Bacilli;o__Lactobacillales;f__Streptococcaceae;g__Streptococcus;s__Streptococcus sp001182825,iPHoP-RF,95.40,None
NODE_11_length_32094_cov_271.190643,RS_GCF_001578885.1,d__Bacteria;p__Firmicutes;c__Bacilli;o__Lactobacillales;f__Streptococcaceae;g__Streptococcus;s__Streptococcus sp001578885,iPHoP-RF,95.40,None
NODE_11_length_32094_cov_271.190643,RS_GCF_005844455.1,d__Bacteria;p__Firmicutes;c__Bacilli;o__Lactobacillales;f__Streptococcaceae;g__Streptococcus;s__Streptococcus mitis_BF,iPHoP-RF,95.40,None
NODE_11_length_32094_cov_271.190643,RS_GCF_000380085.1,d__Bacteria;p__Firmicutes;c__Bacilli;o__Lactobacillales;f__Streptococcaceae;g__Streptococcus;s__Streptococcus merionis,iPHoP-RF,95.10,None
NODE_11_length_32094_cov_271.190643,RS_GCF_000413475.1,d__Bacteria;p__Firmicutes;c__Bacilli;o__Lactobacillales;f__Streptococcaceae;g__Streptococcus;s__Streptococcus intermedius,iPHoP-RF,95.10,None
NODE_11_length_32094_cov_271.190643,RS_GCF_004570575.1,d__Bacteria;p__Firmicutes;c__Bacilli;o__Lactobacillales;f__Streptococcaceae;g__Streptococcus;s__Streptococcus cuniculi_A,iPHoP-RF,95.10,None
NODE_11_length_32094_cov_271.190643,RS_GCF_000380145.1,d__Bacteria;p__Firmicutes;c__Bacilli;o__Lactobacillales;f__Streptococcaceae;g__Streptococcus;s__Streptococcus thoraltensis,iPHoP-RF,94.70,None
NODE_11_length_32094_cov_271.190643,RS_GCF_012396585.1,d__Bacteria;p__Firmicutes;c__Bacilli;o__Lactobacillales;f__Streptococcaceae;g__Streptococcus;s__Streptococcus ovuberis,iPHoP-RF,94.70,None
NODE_11_length_32094_cov_271.190643,GB_GCA_000440235.1,d__Bacteria;p__Firmicutes;c__Bacilli;o__Lactobacillales;f__Streptococcaceae;g__Streptococcus;s__Streptococcus suis_F,iPHoP-RF,94.40,None
NODE_11_length_32094_cov_271.190643,RS_GCF_001623565.1,d__Bacteria;p__Firmicutes;c__Bacilli;o__Lactobacillales;f__Streptococcaceae;g__Streptococcus;s__Streptococcus marmotae,iPHoP-RF,94.40,None
NODE_11_length_32094_cov_271.190643,RS_GCF_003686955.1,d__Bacteria;p__Firmicutes;c__Bacilli;o__Lactobacillales;f__Streptococcaceae;g__Streptococcus;s__Streptococcus sp003686955,iPHoP-RF,94.40,None
NODE_11_length_32094_cov_271.190643,GB_GCA_002831545.1,d__Bacteria;p__Firmicutes;c__Bacilli;o__Lactobacillales;f__Streptococcaceae;g__Streptococcus;s__Streptococcus suis_P,iPHoP-RF,94.10,None
NODE_11_length_32094_cov_271.190643,RS_GCF_000423745.1,d__Bacteria;p__Firmicutes;c__Bacilli;o__Lactobacillales;f__Streptococcaceae;g__Streptococcus;s__Streptococcus plurextorum,iPHoP-RF,94.10,None
NODE_11_length_32094_cov_271.190643,RS_GCF_011039275.1,d__Bacteria;p__Firmicutes;c__Bacilli;o__Lactobacillales;f__Streptococcaceae;g__Streptococcus;s__Streptococcus hyointestinalis_A,iPHoP-RF,94.10,None
NODE_11_length_32094_cov_271.190643,RS_GCF_902729355.1,d__Bacteria;p__Firmicutes;c__Bacilli;o__Lactobacillales;f__Streptococcaceae;g__Streptococcus;s__Streptococcus sp902729355,iPHoP-RF,93.70,None
NODE_11_length_32094_cov_271.190643,GB_GCA_002436115.1,d__Bacteria;p__Firmicutes;c__Bacilli;o__Lactobacillales;f__Streptococcaceae;g__Streptococcus;s__Streptococcus sp002436115,iPHoP-RF,93.40,None
NODE_11_length_32094_cov_271.190643,RS_GCF_900459405.1,d__Bacteria;p__Firmicutes;c__Bacilli;o__Lactobacillales;f__Streptococcaceae;g__Streptococcus;s__Streptococcus hyointestinalis,iPHoP-RF,93.10,None
NODE_11_length_32094_cov_271.190643,RS_GCF_001598035.1,d__Bacteria;p__Firmicutes;c__Bacilli;o__Lactobacillales;f__Streptococcaceae;g__Streptococcus;s__Streptococcus halotolerans,iPHoP-RF,92.80,None
NODE_11_length_32094_cov_271.190643,RS_GCF_002962445.1,d__Bacteria;p__Firmicutes;c__Bacilli;o__Lactobacillales;f__Streptococcaceae;g__Streptococcus;s__Streptococcus suis_V,iPHoP-RF,92.80,None
NODE_11_length_32094_cov_271.190643,RS_GCF_000423765.1,d__Bacteria;p__Firmicutes;c__Bacilli;o__Lactobacillales;f__Streptococcaceae;g__Streptococcus;s__Streptococcus porci,iPHoP-RF,91.40,None
NODE_11_length_38839_cov_18.880801,RS_GCF_001544255.1,d__Bacteria;p__Firmicutes;c__Bacilli;o__Lactobacillales;f__Enterococcaceae;g__Enterococcus_B;s__Enterococcus_B faecium,blast,96.90,iPHoP-RF;96.70
NODE_11_length_38839_cov_18.880801,RS_GCF_009735405.1,d__Bacteria;p__Firmicutes;c__Bacilli;o__Lactobacillales;f__Enterococcaceae;g__Enterococcus_B;s__Enterococcus_B lactis,blast,96.90,iPHoP-RF;96.10
NODE_11_length_38839_cov_18.880801,RS_GCF_000271405.2,d__Bacteria;p__Firmicutes;c__Bacilli;o__Lactobacillales;f__Enterococcaceae;g__Enterococcus_B;s__Enterococcus_B hirae,blast,96.70,iPHoP-RF;62.70
NODE_11_length_38839_cov_18.880801,RS_GCF_000406965.1,d__Bacteria;p__Firmicutes;c__Bacilli;o__Lactobacillales;f__Enterococcaceae;g__Enterococcus_A;s__Enterococcus_A avium,iPHoP-RF,96.70,None
NODE_11_length_38839_cov_18.880801,RS_GCF_001544215.1,d__Bacteria;p__Firmicutes;c__Bacilli;o__Lactobacillales;f__Enterococcaceae;g__Enterococcus_B;s__Enterococcus_B durans,blast,96.50,iPHoP-RF;86.30
NODE_11_length_38839_cov_18.880801,3300012136_2,d__Bacteria;p__Firmicutes;c__Bacilli;o__Lactobacillales;f__Enterococcaceae;g__Enterococcus_A;s__,iPHoP-RF,94.10,None
NODE_11_length_38839_cov_18.880801,RS_GCF_000407185.1,d__Bacteria;p__Firmicutes;c__Bacilli;o__Lactobacillales;f__Enterococcaceae;g__Enterococcus_A;s__Enterococcus_A malodoratus,iPHoP-RF,92.80,None
NODE_11_length_38839_cov_18.880801,RS_GCF_002140175.1,d__Bacteria;p__Firmicutes;c__Bacilli;o__Lactobacillales;f__Enterococcaceae;g__Enterococcus_B;s__Enterococcus_B sp002140175,blast,92.50,iPHoP-RF;83.30
NODE_11_length_39896_cov_9.556763,RS_GCF_014467075.1,d__Bacteria;p__Firmicutes_A;c__Clostridia;o__Lachnospirales;f__Lachnospiraceae;g__Anaerostipes;s__Anaerostipes caccae,blast,93.90,iPHoP-RF;58.20
NODE_11_length_39896_cov_9.556763,RS_GCF_000508985.1,d__Bacteria;p__Firmicutes_A;c__Clostridia;o__Lachnospirales;f__Lachnospiraceae;g__Anaerostipes;s__Anaerostipes sp000508985,blast,91.70,iPHoP-RF;55.20
NODE_120_length_4708_cov_5.977649,RS_GCF_000025985.1,d__Bacteria;p__Bacteroidota;c__Bacteroidia;o__Bacteroidales;f__Bacteroidaceae;g__Bacteroides;s__Bacteroides fragilis,blast,95.50,iPHoP-RF;93.70
NODE_120_length_4708_cov_5.977649,RS_GCF_000614165.1,d__Bacteria;p__Bacteroidota;c__Bacteroidia;o__Bacteroidales;f__Bacteroidaceae;g__Bacteroides;s__Bacteroides stercorirosoris,iPHoP-RF,93.10,None
NODE_120_length_4708_cov_5.977649,RS_GCF_000315485.1,d__Bacteria;p__Bacteroidota;c__Bacteroidia;o__Bacteroidales;f__Bacteroidaceae;g__Bacteroides;s__Bacteroides oleiciplenus,iPHoP-RF,92.80,None
NODE_120_length_4708_cov_5.977649,RS_GCF_002849695.1,d__Bacteria;p__Bacteroidota;c__Bacteroidia;o__Bacteroidales;f__Bacteroidaceae;g__Bacteroides;s__Bacteroides fragilis_A,iPHoP-RF,92.40,blast;91.70
NODE_120_length_4708_cov_5.977649,RS_GCF_000158035.1,d__Bacteria;p__Bacteroidota;c__Bacteroidia;o__Bacteroidales;f__Bacteroidaceae;g__Bacteroides;s__Bacteroides cellulosilyticus,iPHoP-RF,92.10,None
NODE_120_length_4708_cov_5.977649,RS_GCF_000513195.1,d__Bacteria;p__Bacteroidota;c__Bacteroidia;o__Bacteroidales;f__Bacteroidaceae;g__Bacteroides;s__Bacteroides timonensis,iPHoP-RF,92.10,None
NODE_120_length_4708_cov_5.977649,GB_GCA_900552405.1,d__Bacteria;p__Bacteroidota;c__Bacteroidia;o__Bacteroidales;f__Bacteroidaceae;g__Bacteroides;s__Bacteroides sp900552405,iPHoP-RF,91.80,None
NODE_120_length_4708_cov_5.977649,GB_GCA_900557355.1,d__Bacteria;p__Bacteroidota;c__Bacteroidia;o__Bacteroidales;f__Bacteroidaceae;g__Bacteroides;s__Bacteroides sp900557355,iPHoP-RF,91.40,None
NODE_120_length_4708_cov_5.977649,RS_GCF_000172175.1,d__Bacteria;p__Bacteroidota;c__Bacteroidia;o__Bacteroidales;f__Bacteroidaceae;g__Bacteroides;s__Bacteroides intestinalis,iPHoP-RF,91.40,None
NODE_120_length_4708_cov_5.977649,RS_GCF_003464595.1,d__Bacteria;p__Bacteroidota;c__Bacteroidia;o__Bacteroidales;f__Bacteroidaceae;g__Bacteroides;s__Bacteroides intestinalis_A,iPHoP-RF,91.40,None
NODE_120_length_4708_cov_5.977649,RS_GCF_009193295.2,d__Bacteria;p__Bacteroidota;c__Bacteroidia;o__Bacteroidales;f__Bacteroidaceae;g__Bacteroides;s__Bacteroides sp007097645,iPHoP-RF,91.40,None
NODE_120_length_4708_cov_5.977649,RS_GCF_902364365.1,d__Bacteria;p__Bacteroidota;c__Bacteroidia;o__Bacteroidales;f__Bacteroidaceae;g__Bacteroides;s__Bacteroides sp900556215,iPHoP-RF,91.40,None
NODE_120_length_4708_cov_5.977649,GB_GCA_900765805.1,d__Bacteria;p__Bacteroidota;c__Bacteroidia;o__Bacteroidales;f__Bacteroidaceae;g__Bacteroides;s__Bacteroides sp900765805,blast,90.40,iPHoP-RF;79.50
NODE_120_length_4708_cov_5.977649,GB_GCA_900556625.1,d__Bacteria;p__Bacteroidota;c__Bacteroidia;o__Bacteroidales;f__Bacteroidaceae;g__Bacteroides;s__Bacteroides sp900556625,iPHoP-RF,90.10,None
NODE_120_length_6133_cov_4.805857,3300011986_41,d__Bacteria;p__Patescibacteria;c__Saccharimonadia;o__Saccharimonadales;f__Saccharimonadaceae;g__TM7x;s__,blast,91.10,None
NODE_1228_length_1474_cov_3.400282,RS_GCF_000020225.1,d__Bacteria;p__Verrucomicrobiota;c__Verrucomicrobiae;o__Verrucomicrobiales;f__Akkermansiaceae;g__Akkermansia;s__Akkermansia muciniphila,blast,93.90,iPHoP-RF;69.80
NODE_1228_length_1474_cov_3.400282,RS_GCF_002885095.1,d__Bacteria;p__Verrucomicrobiota;c__Verrucomicrobiae;o__Verrucomicrobiales;f__Akkermansiaceae;g__Akkermansia;s__Akkermansia muciniphila_B,blast,93.60,iPHoP-RF;64.30
NODE_122_length_9714_cov_6.792939,RS_GCF_000156195.1,d__Bacteria;p__Bacteroidota;c__Bacteroidia;o__Bacteroidales;f__Bacteroidaceae;g__Bacteroides;s__Bacteroides finegoldii,iPHoP-RF,97.10,None
NODE_122_length_9714_cov_6.792939,GB_GCA_000210075.1,d__Bacteria;p__Bacteroidota;c__Bacteroidia;o__Bacteroidales;f__Bacteroidaceae;g__Bacteroides;s__Bacteroides xylanisolvens,iPHoP-RF,96.70,None
NODE_122_length_9714_cov_6.792939,RS_GCF_009193325.2,d__Bacteria;p__Bacteroidota;c__Bacteroidia;o__Bacteroidales;f__Bacteroidaceae;g__Bacteroides;s__Bacteroides sp900066265,iPHoP-RF,96.70,None
NODE_122_length_9714_cov_6.792939,RS_GCF_014334015.1,d__Bacteria;p__Bacteroidota;c__Bacteroidia;o__Bacteroidales;f__Bacteroidaceae;g__Bacteroides;s__Bacteroides sp003463205,iPHoP-RF,96.70,None
NODE_122_length_9714_cov_6.792939,RS_GCF_902362375.1,d__Bacteria;p__Bacteroidota;c__Bacteroidia;o__Bacteroidales;f__Bacteroidaceae;g__Bacteroides;s__Bacteroides sp902362375,iPHoP-RF,96.70,None
NODE_122_length_9714_cov_6.792939,GB_GCA_900556625.1,d__Bacteria;p__Bacteroidota;c__Bacteroidia;o__Bacteroidales;f__Bacteroidaceae;g__Bacteroides;s__Bacteroides sp900556625,iPHoP-RF,96.40,None
NODE_122_length_9714_cov_6.792939,RS_GCF_000011065.1,d__Bacteria;p__Bacteroidota;c__Bacteroidia;o__Bacteroidales;f__Bacteroidaceae;g__Bacteroides;s__Bacteroides thetaiotaomicron,iPHoP-RF,96.40,None
NODE_122_length_9714_cov_6.792939,RS_GCF_009193295.2,d__Bacteria;p__Bacteroidota;c__Bacteroidia;o__Bacteroidales;f__Bacteroidaceae;g__Bacteroides;s__Bacteroides sp007097645,iPHoP-RF,96.40,None
NODE_122_length_9714_cov_6.792939,RS_GCF_900106755.1,d__Bacteria;p__Bacteroidota;c__Bacteroidia;o__Bacteroidales;f__Bacteroidaceae;g__Bacteroides;s__Bacteroides faecis,iPHoP-RF,96.40,None
NODE_122_length_9714_cov_6.792939,RS_GCF_000315485.1,d__Bacteria;p__Bacteroidota;c__Bacteroidia;o__Bacteroidales;f__Bacteroidaceae;g__Bacteroides;s__Bacteroides oleiciplenus,iPHoP-RF,96.10,None
NODE_122_length_9714_cov_6.792939,RS_GCF_002222615.2,d__Bacteria;p__Bacteroidota;c__Bacteroidia;o__Bacteroidales;f__Bacteroidaceae;g__Bacteroides;s__Bacteroides caccae,iPHoP-RF,96.10,None
NODE_122_length_9714_cov_6.792939,GB_GCA_900765785.1,d__Bacteria;p__Bacteroidota;c__Bacteroidia;o__Bacteroidales;f__Bacteroidaceae;g__Bacteroides;s__Bacteroides sp900765785,iPHoP-RF,95.70,None
NODE_122_length_9714_cov_6.792939,GB_GCA_900755095.1,d__Bacteria;p__Bacteroidota;c__Bacteroidia;o__Bacteroidales;f__Bacteroidaceae;g__Bacteroides;s__Bacteroides sp900755095,iPHoP-RF,95.40,None
NODE_122_length_9714_cov_6.792939,RS_GCF_001688725.2,d__Bacteria;p__Bacteroidota;c__Bacteroidia;o__Bacteroidales;f__Bacteroidaceae;g__Bacteroides;s__Bacteroides caecimuris,iPHoP-RF,95.40,None
NODE_122_length_9714_cov_6.792939,RS_GCF_900155865.1,d__Bacteria;p__Bacteroidota;c__Bacteroidia;o__Bacteroidales;f__Bacteroidaceae;g__Bacteroides;s__Bacteroides bouchesdurhonensis,iPHoP-RF,95.40,None
NODE_122_length_9714_cov_6.792939,RS_GCF_003865075.1,d__Bacteria;p__Bacteroidota;c__Bacteroidia;o__Bacteroidales;f__Bacteroidaceae;g__Bacteroides;s__Bacteroides sp003865075,iPHoP-RF,95.10,None
NODE_122_length_9714_cov_6.792939,GB_GCA_900552405.1,d__Bacteria;p__Bacteroidota;c__Bacteroidia;o__Bacteroidales;f__Bacteroidaceae;g__Bacteroides;s__Bacteroides sp900552405,iPHoP-RF,94.70,None
NODE_122_length_9714_cov_6.792939,RS_GCF_000025985.1,d__Bacteria;p__Bacteroidota;c__Bacteroidia;o__Bacteroidales;f__Bacteroidaceae;g__Bacteroides;s__Bacteroides fragilis,blast,94.70,iPHoP-RF;82.20
NODE_122_length_9714_cov_6.792939,RS_GCF_000614145.1,d__Bacteria;p__Bacteroidota;c__Bacteroidia;o__Bacteroidales;f__Bacteroidaceae;g__Bacteroides;s__Bacteroides faecichinchillae,iPHoP-RF,94.40,None
NODE_122_length_9714_cov_6.792939,RS_GCF_001314995.1,d__Bacteria;p__Bacteroidota;c__Bacteroidia;o__Bacteroidales;f__Bacteroidaceae;g__Bacteroides;s__Bacteroides ovatus,iPHoP-RF,94.40,None
NODE_122_length_9714_cov_6.792939,GB_GCA_900761785.1,d__Bacteria;p__Bacteroidota;c__Bacteroidia;o__Bacteroidales;f__Bacteroidaceae;g__Bacteroides;s__Bacteroides sp900761785,iPHoP-RF,93.10,None
NODE_122_length_9714_cov_6.792939,RS_GCF_000513195.1,d__Bacteria;p__Bacteroidota;c__Bacteroidia;o__Bacteroidales;f__Bacteroidaceae;g__Bacteroides;s__Bacteroides timonensis,iPHoP-RF,91.40,None
NODE_122_length_9714_cov_6.792939,RS_GCF_002849695.1,d__Bacteria;p__Bacteroidota;c__Bacteroidia;o__Bacteroidales;f__Bacteroidaceae;g__Bacteroides;s__Bacteroides fragilis_A,blast,91.30,iPHoP-RF;76.40
NODE_1237_length_1290_cov_3.002429,RS_GCF_000157955.1,d__Bacteria;p__Firmicutes_A;c__Clostridia;o__Oscillospirales;f__Ruminococcaceae;g__Gemmiger;s__Gemmiger variabilis,blast,91.00,None
NODE_1237_length_1290_cov_3.002429,RS_GCF_002159265.1,d__Bacteria;p__Firmicutes_A;c__Clostridia;o__Oscillospirales;f__Oscillospiraceae;g__Flavonifractor;s__Flavonifractor sp002159265,blast,90.60,None
NODE_1237_length_1290_cov_3.002429,RS_GCF_003324125.1,d__Bacteria;p__Firmicutes_A;c__Clostridia;o__Oscillospirales;f__Ruminococcaceae;g__Gemmiger;s__Gemmiger qucibialis,blast,90.30,None
NODE_123_length_6081_cov_4.693495,RS_GCF_002959775.1,d__Bacteria;p__Firmicutes_C;c__Negativicutes;o__Veillonellales;f__Veillonellaceae;g__Veillonella;s__Veillonella rogosae,CRISPR,98.80,iPHoP-RF;54.60
NODE_123_length_6081_cov_4.693495,RS_GCF_902810435.1,d__Bacteria;p__Firmicutes_C;c__Negativicutes;o__Veillonellales;f__Veillonellaceae;g__Veillonella;s__Veillonella parvula_A,CRISPR,97.90,blast;92.00 iPHoP-RF;73.70
NODE_123_length_6081_cov_4.693495,RS_GCF_002959915.1,d__Bacteria;p__Firmicutes_C;c__Negativicutes;o__Veillonellales;f__Veillonellaceae;g__Veillonella;s__Veillonella atypica,blast,93.00,iPHoP-RF;70.60
NODE_123_length_9427_cov_5.265578,RS_GCF_000759775.1,d__Bacteria;p__Proteobacteria;c__Gammaproteobacteria;o__Enterobacterales;f__Enterobacteriaceae;g__Escherichia;s__Escherichia albertii,CRISPR,97.40,iPHoP-RF;93.70
NODE_123_length_9427_cov_5.265578,RS_GCF_000026325.1,d__Bacteria;p__Proteobacteria;c__Gammaproteobacteria;o__Enterobacterales;f__Enterobacteriaceae;g__Escherichia;s__Escherichia coli_D,CRISPR,97.30,iPHoP-RF;97.10 blast;95.60
NODE_123_length_9427_cov_5.265578,GB_GCA_003018335.1,d__Bacteria;p__Proteobacteria;c__Gammaproteobacteria;o__Enterobacterales;f__Enterobacteriaceae;g__Escherichia;s__Escherichia coli_C,iPHoP-RF,97.10,blast;95.60
NODE_123_length_9427_cov_5.265578,RS_GCF_001660175.1,d__Bacteria;p__Proteobacteria;c__Gammaproteobacteria;o__Enterobacterales;f__Enterobacteriaceae;g__Escherichia;s__Escherichia sp001660175,iPHoP-RF,97.10,CRISPR;96.70
NODE_123_length_9427_cov_5.265578,RS_GCF_002900365.1,d__Bacteria;p__Proteobacteria;c__Gammaproteobacteria;o__Enterobacterales;f__Enterobacteriaceae;g__Escherichia;s__Escherichia marmotae,iPHoP-RF,97.10,blast;95.90
NODE_123_length_9427_cov_5.265578,RS_GCF_002949675.1,d__Bacteria;p__Proteobacteria;c__Gammaproteobacteria;o__Enterobacterales;f__Enterobacteriaceae;g__Escherichia;s__Escherichia dysenteriae,iPHoP-RF,97.10,blast;95.60
NODE_123_length_9427_cov_5.265578,RS_GCF_002965065.1,d__Bacteria;p__Proteobacteria;c__Gammaproteobacteria;o__Enterobacterales;f__Enterobacteriaceae;g__Escherichia;s__Escherichia sp002965065,iPHoP-RF,97.10,blast;95.40
NODE_123_length_9427_cov_5.265578,RS_GCF_004211955.1,d__Bacteria;p__Proteobacteria;c__Gammaproteobacteria;o__Enterobacterales;f__Enterobacteriaceae;g__Escherichia;s__Escherichia sp004211955,iPHoP-RF,97.10,None
NODE_123_length_9427_cov_5.265578,RS_GCF_005843885.1,d__Bacteria;p__Proteobacteria;c__Gammaproteobacteria;o__Enterobacterales;f__Enterobacteriaceae;g__Escherichia;s__Escherichia sp005843885,iPHoP-RF,97.10,None
NODE_123_length_9427_cov_5.265578,RS_GCF_011881725.1,d__Bacteria;p__Proteobacteria;c__Gammaproteobacteria;o__Enterobacterales;f__Enterobacteriaceae;g__Escherichia;s__Escherichia coli_E,iPHoP-RF,97.10,blast;95.80
NODE_123_length_9427_cov_5.265578,RS_GCF_000208585.1,d__Bacteria;p__Proteobacteria;c__Gammaproteobacteria;o__Enterobacterales;f__Enterobacteriaceae;g__Escherichia;s__Escherichia sp000208585,iPHoP-RF,96.70,CRISPR;96.70 blast;95.60
NODE_123_length_9427_cov_5.265578,RS_GCF_002950215.1,d__Bacteria;p__Proteobacteria;c__Gammaproteobacteria;o__Enterobacterales;f__Enterobacteriaceae;g__Escherichia;s__Escherichia flexneri,iPHoP-RF,96.70,blast;96.20
NODE_123_length_9427_cov_5.265578,RS_GCF_003697165.2,d__Bacteria;p__Proteobacteria;c__Gammaproteobacteria;o__Enterobacterales;f__Enterobacteriaceae;g__Escherichia;s__Escherichia coli,iPHoP-RF,96.70,blast;95.70
NODE_123_length_9427_cov_5.265578,RS_GCF_000026225.1,d__Bacteria;p__Proteobacteria;c__Gammaproteobacteria;o__Enterobacterales;f__Enterobacteriaceae;g__Escherichia;s__Escherichia fergusonii,iPHoP-RF,96.10,None
NODE_1249_length_1928_cov_6.800854,RS_GCF_001077535.1,d__Bacteria;p__Firmicutes_A;c__Clostridia;o__Peptostreptococcales;f__Peptostreptococcaceae;g__Clostridioides;s__Clostridioides difficile,blast,96.40,iPHoP-RF;83.10
NODE_1249_length_1928_cov_6.800854,RS_GCF_000449425.2,d__Bacteria;p__Firmicutes_A;c__Clostridia;o__Peptostreptococcales;f__Peptostreptococcaceae;g__Clostridioides;s__Clostridioides difficile_E,blast,92.10,iPHoP-RF;89.20
NODE_1249_length_1928_cov_6.800854,RS_GCF_900243075.1,d__Bacteria;p__Firmicutes_A;c__Clostridia;o__Peptostreptococcales;f__Peptostreptococcaceae;g__Clostridioides;s__Clostridioides difficile_D,blast,91.40,iPHoP-RF;89.20
NODE_124_length_6057_cov_4.234422,RS_GCF_000191405.1,d__Bacteria;p__Proteobacteria;c__Gammaproteobacteria;o__Enterobacterales;f__Pasteurellaceae;g__Haemophilus_D;s__Haemophilus_D parainfluenzae,blast,95.20,iPHoP-RF;92.10 CRISPR;70.00
NODE_124_length_6057_cov_4.234422,RS_GCF_001679485.1,d__Bacteria;p__Proteobacteria;c__Gammaproteobacteria;o__Enterobacterales;f__Pasteurellaceae;g__Haemophilus_D;s__Haemophilus_D sp001679485,iPHoP-RF,95.10,None
NODE_124_length_6057_cov_4.234422,RS_GCF_003252755.1,d__Bacteria;p__Proteobacteria;c__Gammaproteobacteria;o__Enterobacterales;f__Pasteurellaceae;g__Haemophilus_D;s__Haemophilus_D parainfluenzae_N,blast,94.90,iPHoP-RF;94.10 CRISPR;68.50
NODE_124_length_6057_cov_4.234422,3300008148_8,d__Bacteria;p__Proteobacteria;c__Gammaproteobacteria;o__Enterobacterales;f__Pasteurellaceae;g__Haemophilus_D;s__,blast,94.70,iPHoP-RF;93.10
NODE_124_length_6057_cov_4.234422,RS_GCF_003252795.1,d__Bacteria;p__Proteobacteria;c__Gammaproteobacteria;o__Enterobacterales;f__Pasteurellaceae;g__Haemophilus_D;s__Haemophilus_D parainfluenzae_K,blast,94.50,iPHoP-RF;94.40
NODE_124_length_6057_cov_4.234422,RS_GCF_900756155.1,d__Bacteria;p__Proteobacteria;c__Gammaproteobacteria;o__Enterobacterales;f__Pasteurellaceae;g__Haemophilus_D;s__Haemophilus_D sp900756155,iPHoP-RF,94.40,CRISPR;93.70
NODE_124_length_6057_cov_4.234422,RS_GCF_900755445.1,d__Bacteria;p__Proteobacteria;c__Gammaproteobacteria;o__Enterobacterales;f__Pasteurellaceae;g__Haemophilus_D;s__Haemophilus_D sp900755445,iPHoP-RF,94.10,None
NODE_124_length_6057_cov_4.234422,RS_GCF_001815355.1,d__Bacteria;p__Proteobacteria;c__Gammaproteobacteria;o__Enterobacterales;f__Pasteurellaceae;g__Haemophilus_D;s__Haemophilus_D sp001815355,blast,93.80,iPHoP-RF;91.40
NODE_124_length_6057_cov_4.234422,RS_GCF_900638025.1,d__Bacteria;p__Proteobacteria;c__Gammaproteobacteria;o__Enterobacterales;f__Pasteurellaceae;g__Haemophilus_D;s__Haemophilus_D parainfluenzae_J,blast,93.40,iPHoP-RF;91.40
NODE_124_length_6057_cov_4.234422,RS_GCF_003253005.1,d__Bacteria;p__Proteobacteria;c__Gammaproteobacteria;o__Enterobacterales;f__Pasteurellaceae;g__Haemophilus_D;s__Haemophilus_D parainfluenzae_M,blast,93.20,iPHoP-RF;92.40
NODE_124_length_6057_cov_4.234422,RS_GCF_003252725.1,d__Bacteria;p__Proteobacteria;c__Gammaproteobacteria;o__Enterobacterales;f__Pasteurellaceae;g__Haemophilus_D;s__Haemophilus_D parainfluenzae_L,iPHoP-RF,92.80,None
NODE_124_length_6057_cov_4.234422,3300006459_15,d__Bacteria;p__Proteobacteria;c__Gammaproteobacteria;o__Enterobacterales;f__Pasteurellaceae;g__Haemophilus_D;s__,iPHoP-RF,92.40,None
NODE_124_length_6057_cov_4.234422,RS_GCF_000210895.1,d__Bacteria;p__Proteobacteria;c__Gammaproteobacteria;o__Enterobacterales;f__Pasteurellaceae;g__Haemophilus_D;s__Haemophilus_D parainfluenzae_A,iPHoP-RF,92.10,None
NODE_124_length_6057_cov_4.234422,RS_GCF_900636915.1,d__Bacteria;p__Proteobacteria;c__Gammaproteobacteria;o__Enterobacterales;f__Pasteurellaceae;g__Aggregatibacter;s__Aggregatibacter aphrophilus,blast,91.80,iPHoP-RF;67.00
NODE_124_length_6057_cov_4.234422,RS_GCF_000017245.1,d__Bacteria;p__Proteobacteria;c__Gammaproteobacteria;o__Enterobacterales;f__Pasteurellaceae;g__Basfia_A;s__Basfia_A succinogenes,blast,91.00,None
NODE_1251_length_1529_cov_3.742877,RS_GCF_003697165.2,d__Bacteria;p__Proteobacteria;c__Gammaproteobacteria;o__Enterobacterales;f__Enterobacteriaceae;g__Escherichia;s__Escherichia coli,blast,95.80,iPHoP-RF;78.50
NODE_1251_length_1529_cov_3.742877,RS_GCF_000026325.1,d__Bacteria;p__Proteobacteria;c__Gammaproteobacteria;o__Enterobacterales;f__Enterobacteriaceae;g__Escherichia;s__Escherichia coli_D,blast,94.80,iPHoP-RF;76.80
NODE_1251_length_1529_cov_3.742877,GB_GCA_003018335.1,d__Bacteria;p__Proteobacteria;c__Gammaproteobacteria;o__Enterobacterales;f__Enterobacteriaceae;g__Escherichia;s__Escherichia coli_C,blast,94.60,iPHoP-RF;76.80
NODE_1251_length_1529_cov_3.742877,RS_GCF_000026225.1,d__Bacteria;p__Proteobacteria;c__Gammaproteobacteria;o__Enterobacterales;f__Enterobacteriaceae;g__Escherichia;s__Escherichia fergusonii,blast,94.60,iPHoP-RF;74.80
NODE_1251_length_1529_cov_3.742877,RS_GCF_002900365.1,d__Bacteria;p__Proteobacteria;c__Gammaproteobacteria;o__Enterobacterales;f__Enterobacteriaceae;g__Escherichia;s__Escherichia marmotae,blast,94.60,iPHoP-RF;78.70
NODE_1251_length_1529_cov_3.742877,RS_GCF_002949675.1,d__Bacteria;p__Proteobacteria;c__Gammaproteobacteria;o__Enterobacterales;f__Enterobacteriaceae;g__Escherichia;s__Escherichia dysenteriae,blast,94.60,iPHoP-RF;77.10
NODE_1251_length_1529_cov_3.742877,RS_GCF_002950215.1,d__Bacteria;p__Proteobacteria;c__Gammaproteobacteria;o__Enterobacterales;f__Enterobacteriaceae;g__Escherichia;s__Escherichia flexneri,blast,94.20,iPHoP-RF;76.80
NODE_1251_length_1529_cov_3.742877,RS_GCF_000759775.1,d__Bacteria;p__Proteobacteria;c__Gammaproteobacteria;o__Enterobacterales;f__Enterobacteriaceae;g__Escherichia;s__Escherichia albertii,blast,93.60,iPHoP-RF;73.90
NODE_125_length_3140_cov_7.146191,RS_GCF_000025985.1,d__Bacteria;p__Bacteroidota;c__Bacteroidia;o__Bacteroidales;f__Bacteroidaceae;g__Bacteroides;s__Bacteroides fragilis,blast,95.50,iPHoP-RF;74.60
NODE_125_length_3140_cov_7.146191,RS_GCF_002849695.1,d__Bacteria;p__Bacteroidota;c__Bacteroidia;o__Bacteroidales;f__Bacteroidaceae;g__Bacteroides;s__Bacteroides fragilis_A,blast,93.10,iPHoP-RF;76.40
NODE_125_length_3140_cov_7.146191,GB_GCA_900765805.1,d__Bacteria;p__Bacteroidota;c__Bacteroidia;o__Bacteroidales;f__Bacteroidaceae;g__Bacteroides;s__Bacteroides sp900765805,blast,92.00,iPHoP-RF;70.40
NODE_1284_length_1904_cov_4.240130,RS_GCF_000014805.1,d__Bacteria;p__Proteobacteria;c__Gammaproteobacteria;o__Enterobacterales;f__Aeromonadaceae;g__Aeromonas;s__Aeromonas hydrophila,blast,92.60,iPHoP-RF;67.50
NODE_1284_length_1904_cov_4.240130,GB_GCA_002784065.1,d__Bacteria;p__Proteobacteria;c__Gammaproteobacteria;o__Burkholderiales;f__Sulfuricellaceae;g__Sulfuricella;s__Sulfuricella sp002784065,blast,90.70,None
NODE_128_length_6828_cov_9.355825,RS_GCF_000025985.1,d__Bacteria;p__Bacteroidota;c__Bacteroidia;o__Bacteroidales;f__Bacteroidaceae;g__Bacteroides;s__Bacteroides fragilis,blast,95.00,iPHoP-RF;78.30
NODE_128_length_6828_cov_9.355825,RS_GCF_002849695.1,d__Bacteria;p__Bacteroidota;c__Bacteroidia;o__Bacteroidales;f__Bacteroidaceae;g__Bacteroides;s__Bacteroides fragilis_A,blast,91.40,iPHoP-RF;76.80
NODE_1295_length_1302_cov_3.186047,RS_GCF_000315485.1,d__Bacteria;p__Bacteroidota;c__Bacteroidia;o__Bacteroidales;f__Bacteroidaceae;g__Bacteroides;s__Bacteroides oleiciplenus,iPHoP-RF,95.70,None
NODE_1295_length_1302_cov_3.186047,RS_GCF_002849695.1,d__Bacteria;p__Bacteroidota;c__Bacteroidia;o__Bacteroidales;f__Bacteroidaceae;g__Bacteroides;s__Bacteroides fragilis_A,iPHoP-RF,95.70,None
NODE_1295_length_1302_cov_3.186047,RS_GCF_000614165.1,d__Bacteria;p__Bacteroidota;c__Bacteroidia;o__Bacteroidales;f__Bacteroidaceae;g__Bacteroides;s__Bacteroides stercorirosoris,iPHoP-RF,95.40,None
NODE_1295_length_1302_cov_3.186047,GB_GCA_900755095.1,d__Bacteria;p__Bacteroidota;c__Bacteroidia;o__Bacteroidales;f__Bacteroidaceae;g__Bacteroides;s__Bacteroides sp900755095,iPHoP-RF,95.10,None
NODE_1295_length_1302_cov_3.186047,RS_GCF_002222615.2,d__Bacteria;p__Bacteroidota;c__Bacteroidia;o__Bacteroidales;f__Bacteroidaceae;g__Bacteroides;s__Bacteroides caccae,iPHoP-RF,94.70,None
NODE_1295_length_1302_cov_3.186047,RS_GCF_000011065.1,d__Bacteria;p__Bacteroidota;c__Bacteroidia;o__Bacteroidales;f__Bacteroidaceae;g__Bacteroides;s__Bacteroides thetaiotaomicron,iPHoP-RF,94.40,None
NODE_1295_length_1302_cov_3.186047,RS_GCF_000025985.1,d__Bacteria;p__Bacteroidota;c__Bacteroidia;o__Bacteroidales;f__Bacteroidaceae;g__Bacteroides;s__Bacteroides fragilis,iPHoP-RF,93.70,blast;93.50
NODE_1295_length_1302_cov_3.186047,GB_GCA_900556625.1,d__Bacteria;p__Bacteroidota;c__Bacteroidia;o__Bacteroidales;f__Bacteroidaceae;g__Bacteroides;s__Bacteroides sp900556625,iPHoP-RF,93.10,None
NODE_1295_length_1302_cov_3.186047,RS_GCF_003464595.1,d__Bacteria;p__Bacteroidota;c__Bacteroidia;o__Bacteroidales;f__Bacteroidaceae;g__Bacteroides;s__Bacteroides intestinalis_A,iPHoP-RF,92.80,None
NODE_1295_length_1302_cov_3.186047,RS_GCF_900155865.1,d__Bacteria;p__Bacteroidota;c__Bacteroidia;o__Bacteroidales;f__Bacteroidaceae;g__Bacteroides;s__Bacteroides bouchesdurhonensis,iPHoP-RF,92.80,None
NODE_1295_length_1302_cov_3.186047,RS_GCF_902364365.1,d__Bacteria;p__Bacteroidota;c__Bacteroidia;o__Bacteroidales;f__Bacteroidaceae;g__Bacteroides;s__Bacteroides sp900556215,iPHoP-RF,92.80,None
NODE_1295_length_1302_cov_3.186047,GB_GCA_900766005.1,d__Bacteria;p__Bacteroidota;c__Bacteroidia;o__Bacteroidales;f__Bacteroidaceae;g__Bacteroides;s__Bacteroides sp900766005,iPHoP-RF,92.10,None
NODE_1295_length_1302_cov_3.186047,RS_GCF_000614185.1,d__Bacteria;p__Bacteroidota;c__Bacteroidia;o__Bacteroidales;f__Bacteroidaceae;g__Phocaeicola;s__Phocaeicola sartorii,iPHoP-RF,92.10,None
NODE_1295_length_1302_cov_3.186047,RS_GCF_900760795.1,d__Bacteria;p__Bacteroidota;c__Bacteroidia;o__Bacteroidales;f__Bacteroidaceae;g__Phocaeicola;s__Phocaeicola sp900760795,iPHoP-RF,92.10,None
NODE_1295_length_1302_cov_3.186047,RS_GCF_902362375.1,d__Bacteria;p__Bacteroidota;c__Bacteroidia;o__Bacteroidales;f__Bacteroidaceae;g__Bacteroides;s__Bacteroides sp902362375,iPHoP-RF,91.80,None
NODE_1295_length_1302_cov_3.186047,RS_GCF_000513195.1,d__Bacteria;p__Bacteroidota;c__Bacteroidia;o__Bacteroidales;f__Bacteroidaceae;g__Bacteroides;s__Bacteroides timonensis,iPHoP-RF,91.40,None
NODE_1295_length_1302_cov_3.186047,GB_GCA_002493165.1,d__Bacteria;p__Bacteroidota;c__Bacteroidia;o__Bacteroidales;f__Bacteroidaceae;g__Phocaeicola;s__Phocaeicola sp002493165,iPHoP-RF,91.10,None
NODE_129_length_4038_cov_6.656289,3300007979_25,d__Bacteria;p__Actinobacteriota;c__Actinomycetia;o__Actinomycetales;f__Actinomycetaceae;g__Pauljensenia;s__,CRISPR,98.90,iPHoP-RF;68.60
NODE_129_length_4038_cov_6.656289,RS_GCF_000278725.1,d__Bacteria;p__Actinobacteriota;c__Actinomycetia;o__Actinomycetales;f__Actinomycetaceae;g__Pauljensenia;s__Pauljensenia sp000278725,CRISPR,98.80,iPHoP-RF;75.40
NODE_129_length_4038_cov_6.656289,RS_GCF_000466265.1,d__Bacteria;p__Actinobacteriota;c__Actinomycetia;o__Actinomycetales;f__Actinomycetaceae;g__Pauljensenia;s__Pauljensenia sp000466265,CRISPR,98.80,iPHoP-RF;73.20
NODE_129_length_4038_cov_6.656289,RS_GCF_001064145.1,d__Bacteria;p__Actinobacteriota;c__Actinomycetia;o__Actinomycetales;f__Actinomycetaceae;g__Pauljensenia;s__Pauljensenia sp001064145,CRISPR,98.70,iPHoP-RF;64.00
NODE_129_length_4038_cov_6.656289,RS_GCF_002847525.1,d__Bacteria;p__Actinobacteriota;c__Actinomycetia;o__Actinomycetales;f__Actinomycetaceae;g__Pauljensenia;s__Pauljensenia odontolytica_B,CRISPR,98.70,iPHoP-RF;57.90
NODE_129_length_4038_cov_6.656289,RS_GCF_900128465.1,d__Bacteria;p__Actinobacteriota;c__Actinomycetia;o__Actinomycetales;f__Actinomycetaceae;g__Pauljensenia;s__Pauljensenia bouchesdurhonensis,CRISPR,98.70,iPHoP-RF;67.30
NODE_129_length_9271_cov_6.849284,RS_GCF_002950215.1,d__Bacteria;p__Proteobacteria;c__Gammaproteobacteria;o__Enterobacterales;f__Enterobacteriaceae;g__Escherichia;s__Escherichia flexneri,blast,96.80,iPHoP-RF;89.20
NODE_129_length_9271_cov_6.849284,RS_GCF_003697165.2,d__Bacteria;p__Proteobacteria;c__Gammaproteobacteria;o__Enterobacterales;f__Enterobacteriaceae;g__Escherichia;s__Escherichia coli,blast,96.80,iPHoP-RF;89.80
NODE_129_length_9271_cov_6.849284,RS_GCF_000026225.1,d__Bacteria;p__Proteobacteria;c__Gammaproteobacteria;o__Enterobacterales;f__Enterobacteriaceae;g__Escherichia;s__Escherichia fergusonii,blast,96.70,iPHoP-RF;92.10
NODE_129_length_9271_cov_6.849284,RS_GCF_000026325.1,d__Bacteria;p__Proteobacteria;c__Gammaproteobacteria;o__Enterobacterales;f__Enterobacteriaceae;g__Escherichia;s__Escherichia coli_D,blast,96.70,iPHoP-RF;89.50
NODE_129_length_9271_cov_6.849284,RS_GCF_002949675.1,d__Bacteria;p__Proteobacteria;c__Gammaproteobacteria;o__Enterobacterales;f__Enterobacteriaceae;g__Escherichia;s__Escherichia dysenteriae,blast,96.70,iPHoP-RF;90.50
NODE_129_length_9271_cov_6.849284,RS_GCF_011881725.1,d__Bacteria;p__Proteobacteria;c__Gammaproteobacteria;o__Enterobacterales;f__Enterobacteriaceae;g__Escherichia;s__Escherichia coli_E,blast,96.70,iPHoP-RF;90.80
NODE_129_length_9271_cov_6.849284,RS_GCF_000208585.1,d__Bacteria;p__Proteobacteria;c__Gammaproteobacteria;o__Enterobacterales;f__Enterobacteriaceae;g__Escherichia;s__Escherichia sp000208585,blast,96.60,iPHoP-RF;90.50
NODE_129_length_9271_cov_6.849284,RS_GCF_002900365.1,d__Bacteria;p__Proteobacteria;c__Gammaproteobacteria;o__Enterobacterales;f__Enterobacteriaceae;g__Escherichia;s__Escherichia marmotae,blast,96.60,iPHoP-RF;92.40
NODE_129_length_9271_cov_6.849284,RS_GCF_000759775.1,d__Bacteria;p__Proteobacteria;c__Gammaproteobacteria;o__Enterobacterales;f__Enterobacteriaceae;g__Escherichia;s__Escherichia albertii,blast,93.80,iPHoP-RF;91.40
NODE_129_length_9271_cov_6.849284,RS_GCF_001660175.1,d__Bacteria;p__Proteobacteria;c__Gammaproteobacteria;o__Enterobacterales;f__Enterobacteriaceae;g__Escherichia;s__Escherichia sp001660175,iPHoP-RF,92.80,None
NODE_129_length_9271_cov_6.849284,RS_GCF_002965065.1,d__Bacteria;p__Proteobacteria;c__Gammaproteobacteria;o__Enterobacterales;f__Enterobacteriaceae;g__Escherichia;s__Escherichia sp002965065,iPHoP-RF,90.50,None
NODE_12_length_31971_cov_13.097255,RS_GCF_002165255.2,d__Bacteria;p__Proteobacteria;c__Gammaproteobacteria;o__Pseudomonadales;f__Moraxellaceae;g__Acinetobacter;s__Acinetobacter sp002165255,iPHoP-RF,96.10,CRISPR;69.20
NODE_12_length_31971_cov_13.097255,GB_GCA_014636095.1,d__Bacteria;p__Proteobacteria;c__Gammaproteobacteria;o__Pseudomonadales;f__Moraxellaceae;g__Acinetobacter;s__Acinetobacter modestus,iPHoP-RF,93.70,None
NODE_12_length_31971_cov_13.097255,RS_GCF_000368765.1,d__Bacteria;p__Proteobacteria;c__Gammaproteobacteria;o__Pseudomonadales;f__Moraxellaceae;g__Acinetobacter;s__Acinetobacter junii,blast,93.40,iPHoP-RF;72.80
NODE_12_length_31971_cov_13.097255,RS_GCF_009759685.1,d__Bacteria;p__Proteobacteria;c__Gammaproteobacteria;o__Pseudomonadales;f__Moraxellaceae;g__Acinetobacter;s__Acinetobacter baumannii,blast,92.50,iPHoP-RF;88.50
NODE_12_length_31971_cov_13.097255,RS_GCF_000368085.1,d__Bacteria;p__Proteobacteria;c__Gammaproteobacteria;o__Pseudomonadales;f__Moraxellaceae;g__Acinetobacter;s__Acinetobacter nosocomialis,blast,91.90,iPHoP-RF;72.80
NODE_12_length_31971_cov_13.097255,RS_GCF_000368825.1,d__Bacteria;p__Proteobacteria;c__Gammaproteobacteria;o__Pseudomonadales;f__Moraxellaceae;g__Acinetobacter;s__Acinetobacter ursingii,blast,90.80,None
NODE_12_length_31971_cov_13.097255,RS_GCF_009372255.1,d__Bacteria;p__Proteobacteria;c__Gammaproteobacteria;o__Pseudomonadales;f__Moraxellaceae;g__Acinetobacter;s__Acinetobacter guerrae,blast,90.40,None
NODE_12_length_31971_cov_13.097255,RS_GCF_000369525.1,d__Bacteria;p__Proteobacteria;c__Gammaproteobacteria;o__Pseudomonadales;f__Moraxellaceae;g__Acinetobacter;s__Acinetobacter sp000369525,blast,90.30,iPHoP-RF;72.60
NODE_12_length_31971_cov_13.097255,RS_GCF_000369805.1,d__Bacteria;p__Proteobacteria;c__Gammaproteobacteria;o__Pseudomonadales;f__Moraxellaceae;g__Acinetobacter;s__Acinetobacter sp000369805,iPHoP-RF,90.10,None
NODE_12_length_33149_cov_93.647217,3300011986_41,d__Bacteria;p__Patescibacteria;c__Saccharimonadia;o__Saccharimonadales;f__Saccharimonadaceae;g__TM7x;s__,blast,93.70,None
NODE_1300_length_1059_cov_4.740040,RS_GCF_003697165.2,d__Bacteria;p__Proteobacteria;c__Gammaproteobacteria;o__Enterobacterales;f__Enterobacteriaceae;g__Escherichia;s__Escherichia coli,blast,96.70,iPHoP-RF;86.00
NODE_1300_length_1059_cov_4.740040,GB_GCA_003018335.1,d__Bacteria;p__Proteobacteria;c__Gammaproteobacteria;o__Enterobacterales;f__Enterobacteriaceae;g__Escherichia;s__Escherichia coli_C,blast,96.40,iPHoP-RF;89.80
NODE_1300_length_1059_cov_4.740040,RS_GCF_000026325.1,d__Bacteria;p__Proteobacteria;c__Gammaproteobacteria;o__Enterobacterales;f__Enterobacteriaceae;g__Escherichia;s__Escherichia coli_D,blast,96.40,iPHoP-RF;89.80
NODE_1300_length_1059_cov_4.740040,RS_GCF_002949675.1,d__Bacteria;p__Proteobacteria;c__Gammaproteobacteria;o__Enterobacterales;f__Enterobacteriaceae;g__Escherichia;s__Escherichia dysenteriae,blast,96.40,iPHoP-RF;86.30
NODE_1300_length_1059_cov_4.740040,RS_GCF_004211955.1,d__Bacteria;p__Proteobacteria;c__Gammaproteobacteria;o__Enterobacterales;f__Enterobacteriaceae;g__Escherichia;s__Escherichia sp004211955,blast,96.40,iPHoP-RF;89.80
NODE_1300_length_1059_cov_4.740040,RS_GCF_011881725.1,d__Bacteria;p__Proteobacteria;c__Gammaproteobacteria;o__Enterobacterales;f__Enterobacteriaceae;g__Escherichia;s__Escherichia coli_E,blast,96.40,iPHoP-RF;89.50
NODE_1300_length_1059_cov_4.740040,RS_GCF_000026225.1,d__Bacteria;p__Proteobacteria;c__Gammaproteobacteria;o__Enterobacterales;f__Enterobacteriaceae;g__Escherichia;s__Escherichia fergusonii,blast,95.70,iPHoP-RF;81.40
NODE_1300_length_1059_cov_4.740040,RS_GCF_000208585.1,d__Bacteria;p__Proteobacteria;c__Gammaproteobacteria;o__Enterobacterales;f__Enterobacteriaceae;g__Escherichia;s__Escherichia sp000208585,blast,95.70,iPHoP-RF;84.80
NODE_1300_length_1059_cov_4.740040,RS_GCF_002950215.1,d__Bacteria;p__Proteobacteria;c__Gammaproteobacteria;o__Enterobacterales;f__Enterobacteriaceae;g__Escherichia;s__Escherichia flexneri,blast,95.70,iPHoP-RF;85.70
NODE_1300_length_1059_cov_4.740040,RS_GCF_005843885.1,d__Bacteria;p__Proteobacteria;c__Gammaproteobacteria;o__Enterobacterales;f__Enterobacteriaceae;g__Escherichia;s__Escherichia sp005843885,blast,95.70,iPHoP-RF;89.20
NODE_1300_length_1059_cov_4.740040,RS_GCF_002900365.1,d__Bacteria;p__Proteobacteria;c__Gammaproteobacteria;o__Enterobacterales;f__Enterobacteriaceae;g__Escherichia;s__Escherichia marmotae,blast,95.60,iPHoP-RF;85.70
NODE_1300_length_1059_cov_4.740040,RS_GCF_000759775.1,d__Bacteria;p__Proteobacteria;c__Gammaproteobacteria;o__Enterobacterales;f__Enterobacteriaceae;g__Escherichia;s__Escherichia albertii,blast,95.10,iPHoP-RF;73.00 CRISPR;52.00
NODE_130_length_5873_cov_5.374699,RS_GCF_001435955.1,d__Bacteria;p__Firmicutes;c__Bacilli;o__Lactobacillales;f__Lactobacillaceae;g__Ligilactobacillus;s__Ligilactobacillus salivarius,blast,98.00,iPHoP-RF;56.20
NODE_130_length_9115_cov_5.269978,RS_GCF_000020225.1,d__Bacteria;p__Verrucomicrobiota;c__Verrucomicrobiae;o__Verrucomicrobiales;f__Akkermansiaceae;g__Akkermansia;s__Akkermansia muciniphila,blast,96.50,CRISPR;89.00 iPHoP-RF;86.70
NODE_130_length_9115_cov_5.269978,RS_GCF_002884975.1,d__Bacteria;p__Verrucomicrobiota;c__Verrucomicrobiae;o__Verrucomicrobiales;f__Akkermansiaceae;g__Akkermansia;s__Akkermansia muciniphila_C,blast,95.50,iPHoP-RF;58.20
NODE_130_length_9115_cov_5.269978,RS_GCF_900184965.1,d__Bacteria;p__Verrucomicrobiota;c__Verrucomicrobiae;o__Verrucomicrobiales;f__Akkermansiaceae;g__Akkermansia;s__Akkermansia muciniphila_A,blast,95.50,CRISPR;89.50 iPHoP-RF;85.10
NODE_130_length_9115_cov_5.269978,RS_GCF_002885095.1,d__Bacteria;p__Verrucomicrobiota;c__Verrucomicrobiae;o__Verrucomicrobiales;f__Akkermansiaceae;g__Akkermansia;s__Akkermansia muciniphila_B,blast,93.60,CRISPR;93.30 iPHoP-RF;68.40
NODE_131_length_1341_cov_1.783826,RS_GCF_001544095.1,d__Bacteria;p__Firmicutes;c__Bacilli;o__Lactobacillales;f__Enterococcaceae;g__Enterococcus_D;s__Enterococcus_D casseliflavus,blast,92.50,iPHoP-RF;87.90
NODE_131_length_1341_cov_1.783826,RS_GCF_002850555.1,d__Bacteria;p__Firmicutes;c__Bacilli;o__Lactobacillales;f__Enterococcaceae;g__Enterococcus_D;s__Enterococcus_D sp002850555,blast,92.40,iPHoP-RF;83.10
NODE_131_length_1341_cov_1.783826,RS_GCF_001544275.1,d__Bacteria;p__Firmicutes;c__Bacilli;o__Lactobacillales;f__Enterococcaceae;g__Enterococcus_D;s__Enterococcus_D gallinarum,blast,92.20,iPHoP-RF;83.30
NODE_131_length_1341_cov_1.783826,RS_GCF_002140915.1,d__Bacteria;p__Firmicutes;c__Bacilli;o__Lactobacillales;f__Enterococcaceae;g__Enterococcus_D;s__Enterococcus_D sp002140915,blast,91.00,iPHoP-RF;87.30
NODE_131_length_1341_cov_1.783826,RS_GCF_000185365.1,d__Bacteria;p__Firmicutes;c__Bacilli;o__Lactobacillales;f__Enterococcaceae;g__Enterococcus_G;s__Enterococcus_G italicus,blast,90.10,None
NODE_131_length_3908_cov_6.023099,RS_GCF_000025985.1,d__Bacteria;p__Bacteroidota;c__Bacteroidia;o__Bacteroidales;f__Bacteroidaceae;g__Bacteroides;s__Bacteroides fragilis,blast,91.30,iPHoP-RF;83.30
NODE_132_length_1293_cov_2.933764,RS_GCF_003697165.2,d__Bacteria;p__Proteobacteria;c__Gammaproteobacteria;o__Enterobacterales;f__Enterobacteriaceae;g__Escherichia;s__Escherichia coli,blast,95.70,iPHoP-RF;82.80
NODE_132_length_1293_cov_2.933764,RS_GCF_002949675.1,d__Bacteria;p__Proteobacteria;c__Gammaproteobacteria;o__Enterobacterales;f__Enterobacteriaceae;g__Escherichia;s__Escherichia dysenteriae,blast,94.80,iPHoP-RF;83.90
NODE_132_length_1293_cov_2.933764,RS_GCF_002950215.1,d__Bacteria;p__Proteobacteria;c__Gammaproteobacteria;o__Enterobacterales;f__Enterobacteriaceae;g__Escherichia;s__Escherichia flexneri,blast,94.80,iPHoP-RF;83.10
NODE_132_length_1293_cov_2.933764,RS_GCF_000759815.1,d__Bacteria;p__Proteobacteria;c__Gammaproteobacteria;o__Enterobacterales;f__Enterobacteriaceae;g__Citrobacter_A;s__Citrobacter_A rodentium,blast,93.40,None
NODE_132_length_1293_cov_2.933764,RS_GCF_000759775.1,d__Bacteria;p__Proteobacteria;c__Gammaproteobacteria;o__Enterobacterales;f__Enterobacteriaceae;g__Escherichia;s__Escherichia albertii,blast,91.20,iPHoP-RF;84.50
NODE_132_length_23877_cov_12.972546,RS_GCF_008121495.1,d__Bacteria;p__Firmicutes_A;c__Clostridia;o__Lachnospirales;f__Lachnospiraceae;g__Ruminococcus_B;s__Ruminococcus_B gnavus,blast,96.00,iPHoP-RF;83.90
NODE_132_length_23877_cov_12.972546,GB_GCA_900544395.1,d__Bacteria;p__Firmicutes_A;c__Clostridia;o__Lachnospirales;f__Lachnospiraceae;g__Ruminococcus_B;s__Ruminococcus_B sp900544395,iPHoP-RF,95.10,blast;91.60
NODE_132_length_23877_cov_12.972546,GB_GCA_900550975.1,d__Bacteria;p__Firmicutes_A;c__Clostridia;o__Lachnospirales;f__Lachnospiraceae;g__Faecalimonas;s__Faecalimonas sp900550975,blast,92.00,iPHoP-RF;80.00
NODE_132_length_6421_cov_4.940936,RS_GCF_000025985.1,d__Bacteria;p__Bacteroidota;c__Bacteroidia;o__Bacteroidales;f__Bacteroidaceae;g__Bacteroides;s__Bacteroides fragilis,blast,97.70,iPHoP-RF;79.30 CRISPR;53.40
NODE_132_length_6421_cov_4.940936,RS_GCF_002849695.1,d__Bacteria;p__Bacteroidota;c__Bacteroidia;o__Bacteroidales;f__Bacteroidaceae;g__Bacteroides;s__Bacteroides fragilis_A,blast,93.00,iPHoP-RF;91.10
NODE_1330_length_1362_cov_5.200459,GB_GCA_003018335.1,d__Bacteria;p__Proteobacteria;c__Gammaproteobacteria;o__Enterobacterales;f__Enterobacteriaceae;g__Escherichia;s__Escherichia coli_C,blast,95.50,iPHoP-RF;79.30
NODE_1330_length_1362_cov_5.200459,RS_GCF_000026225.1,d__Bacteria;p__Proteobacteria;c__Gammaproteobacteria;o__Enterobacterales;f__Enterobacteriaceae;g__Escherichia;s__Escherichia fergusonii,blast,95.50,iPHoP-RF;87.00
NODE_1330_length_1362_cov_5.200459,RS_GCF_000208585.1,d__Bacteria;p__Proteobacteria;c__Gammaproteobacteria;o__Enterobacterales;f__Enterobacteriaceae;g__Escherichia;s__Escherichia sp000208585,blast,95.50,iPHoP-RF;81.60
NODE_1330_length_1362_cov_5.200459,RS_GCF_001660175.1,d__Bacteria;p__Proteobacteria;c__Gammaproteobacteria;o__Enterobacterales;f__Enterobacteriaceae;g__Escherichia;s__Escherichia sp001660175,blast,95.50,iPHoP-RF;87.00
NODE_1330_length_1362_cov_5.200459,RS_GCF_002900365.1,d__Bacteria;p__Proteobacteria;c__Gammaproteobacteria;o__Enterobacterales;f__Enterobacteriaceae;g__Escherichia;s__Escherichia marmotae,blast,95.50,iPHoP-RF;84.50
NODE_1330_length_1362_cov_5.200459,RS_GCF_002949675.1,d__Bacteria;p__Proteobacteria;c__Gammaproteobacteria;o__Enterobacterales;f__Enterobacteriaceae;g__Escherichia;s__Escherichia dysenteriae,blast,95.50,iPHoP-RF;85.40
NODE_1330_length_1362_cov_5.200459,RS_GCF_002950215.1,d__Bacteria;p__Proteobacteria;c__Gammaproteobacteria;o__Enterobacterales;f__Enterobacteriaceae;g__Escherichia;s__Escherichia flexneri,blast,95.50,iPHoP-RF;80.80
NODE_1330_length_1362_cov_5.200459,RS_GCF_002965065.1,d__Bacteria;p__Proteobacteria;c__Gammaproteobacteria;o__Enterobacterales;f__Enterobacteriaceae;g__Escherichia;s__Escherichia sp002965065,blast,95.50,iPHoP-RF;83.60
NODE_1330_length_1362_cov_5.200459,RS_GCF_003697165.2,d__Bacteria;p__Proteobacteria;c__Gammaproteobacteria;o__Enterobacterales;f__Enterobacteriaceae;g__Escherichia;s__Escherichia coli,blast,95.50,iPHoP-RF;81.60
NODE_1330_length_1362_cov_5.200459,RS_GCF_004211955.1,d__Bacteria;p__Proteobacteria;c__Gammaproteobacteria;o__Enterobacterales;f__Enterobacteriaceae;g__Escherichia;s__Escherichia sp004211955,blast,95.50,iPHoP-RF;81.40
NODE_1330_length_1362_cov_5.200459,RS_GCF_005843885.1,d__Bacteria;p__Proteobacteria;c__Gammaproteobacteria;o__Enterobacterales;f__Enterobacteriaceae;g__Escherichia;s__Escherichia sp005843885,blast,95.50,iPHoP-RF;83.90
NODE_1330_length_1362_cov_5.200459,RS_GCF_011881725.1,d__Bacteria;p__Proteobacteria;c__Gammaproteobacteria;o__Enterobacterales;f__Enterobacteriaceae;g__Escherichia;s__Escherichia coli_E,blast,95.50,iPHoP-RF;82.50
NODE_1330_length_1362_cov_5.200459,RS_GCF_000026325.1,d__Bacteria;p__Proteobacteria;c__Gammaproteobacteria;o__Enterobacterales;f__Enterobacteriaceae;g__Escherichia;s__Escherichia coli_D,blast,94.90,iPHoP-RF;81.10
NODE_1330_length_1362_cov_5.200459,RS_GCF_000759775.1,d__Bacteria;p__Proteobacteria;c__Gammaproteobacteria;o__Enterobacterales;f__Enterobacteriaceae;g__Escherichia;s__Escherichia albertii,blast,91.30,iPHoP-RF;86.30
NODE_1330_length_1362_cov_5.200459,RS_GCF_007035645.1,d__Bacteria;p__Proteobacteria;c__Gammaproteobacteria;o__Enterobacterales;f__Enterobacteriaceae;g__Enterobacter;s__Enterobacter asburiae_B,blast,90.70,None
NODE_1330_length_1362_cov_5.200459,RS_GCF_002208095.1,d__Bacteria;p__Proteobacteria;c__Gammaproteobacteria;o__Enterobacterales;f__Enterobacteriaceae;g__Enterobacter;s__Enterobacter cloacae_M,blast,90.40,None
NODE_1330_length_1362_cov_5.200459,RS_GCF_003634515.1,d__Bacteria;p__Proteobacteria;c__Gammaproteobacteria;o__Enterobacterales;f__Enterobacteriaceae;g__Enterobacter;s__Enterobacter asburiae_A,blast,90.40,None
NODE_1330_length_1362_cov_5.200459,RS_GCF_001521715.1,d__Bacteria;p__Proteobacteria;c__Gammaproteobacteria;o__Enterobacterales;f__Enterobacteriaceae;g__Enterobacter;s__Enterobacter asburiae,blast,90.30,None
NODE_1330_length_1362_cov_5.200459,RS_GCF_001022965.1,d__Bacteria;p__Proteobacteria;c__Gammaproteobacteria;o__Enterobacterales;f__Enterobacteriaceae;g__Enterobacter;s__Enterobacter cloacae_L,blast,90.20,None
NODE_1333_length_1358_cov_6.930161,RS_GCF_000026325.1,d__Bacteria;p__Proteobacteria;c__Gammaproteobacteria;o__Enterobacterales;f__Enterobacteriaceae;g__Escherichia;s__Escherichia coli_D,iPHoP-RF,97.10,blast;94.60
NODE_1333_length_1358_cov_6.930161,RS_GCF_000208585.1,d__Bacteria;p__Proteobacteria;c__Gammaproteobacteria;o__Enterobacterales;f__Enterobacteriaceae;g__Escherichia;s__Escherichia sp000208585,iPHoP-RF,97.10,blast;94.60
NODE_1333_length_1358_cov_6.930161,GB_GCA_003018335.1,d__Bacteria;p__Proteobacteria;c__Gammaproteobacteria;o__Enterobacterales;f__Enterobacteriaceae;g__Escherichia;s__Escherichia coli_C,iPHoP-RF,96.70,None
NODE_1333_length_1358_cov_6.930161,RS_GCF_002949675.1,d__Bacteria;p__Proteobacteria;c__Gammaproteobacteria;o__Enterobacterales;f__Enterobacteriaceae;g__Escherichia;s__Escherichia dysenteriae,iPHoP-RF,96.70,blast;94.60
NODE_1333_length_1358_cov_6.930161,RS_GCF_003697165.2,d__Bacteria;p__Proteobacteria;c__Gammaproteobacteria;o__Enterobacterales;f__Enterobacteriaceae;g__Escherichia;s__Escherichia coli,iPHoP-RF,96.70,blast;95.20
NODE_1333_length_1358_cov_6.930161,RS_GCF_002900365.1,d__Bacteria;p__Proteobacteria;c__Gammaproteobacteria;o__Enterobacterales;f__Enterobacteriaceae;g__Escherichia;s__Escherichia marmotae,iPHoP-RF,96.40,blast;94.60
NODE_1333_length_1358_cov_6.930161,RS_GCF_002950215.1,d__Bacteria;p__Proteobacteria;c__Gammaproteobacteria;o__Enterobacterales;f__Enterobacteriaceae;g__Escherichia;s__Escherichia flexneri,iPHoP-RF,96.40,blast;95.00
NODE_1333_length_1358_cov_6.930161,RS_GCF_000026225.1,d__Bacteria;p__Proteobacteria;c__Gammaproteobacteria;o__Enterobacterales;f__Enterobacteriaceae;g__Escherichia;s__Escherichia fergusonii,iPHoP-RF,95.40,blast;94.60
NODE_1333_length_1358_cov_6.930161,RS_GCF_001660175.1,d__Bacteria;p__Proteobacteria;c__Gammaproteobacteria;o__Enterobacterales;f__Enterobacteriaceae;g__Escherichia;s__Escherichia sp001660175,iPHoP-RF,94.40,None
NODE_1333_length_1358_cov_6.930161,RS_GCF_005843885.1,d__Bacteria;p__Proteobacteria;c__Gammaproteobacteria;o__Enterobacterales;f__Enterobacteriaceae;g__Escherichia;s__Escherichia sp005843885,iPHoP-RF,93.10,None
NODE_1333_length_1358_cov_6.930161,RS_GCF_000006945.2,d__Bacteria;p__Proteobacteria;c__Gammaproteobacteria;o__Enterobacterales;f__Enterobacteriaceae;g__Salmonella;s__Salmonella enterica,blast,90.20,None
NODE_1333_length_2169_cov_6.579470,RS_GCF_000011705.1,d__Bacteria;p__Proteobacteria;c__Gammaproteobacteria;o__Burkholderiales;f__Burkholderiaceae;g__Burkholderia;s__Burkholderia mallei,blast,93.20,iPHoP-RF;67.00
NODE_1333_length_2169_cov_6.579470,RS_GCF_003711145.1,d__Bacteria;p__Proteobacteria;c__Gammaproteobacteria;o__Burkholderiales;f__Burkholderiaceae;g__Burkholderia;s__Burkholderia cepacia_E,blast,92.50,iPHoP-RF;70.40
NODE_1333_length_2169_cov_6.579470,RS_GCF_900446215.1,d__Bacteria;p__Proteobacteria;c__Gammaproteobacteria;o__Burkholderiales;f__Burkholderiaceae;g__Burkholderia;s__Burkholderia cenocepacia,blast,92.50,iPHoP-RF;57.10
NODE_1335_length_2153_cov_3.259771,RS_GCF_003697165.2,d__Bacteria;p__Proteobacteria;c__Gammaproteobacteria;o__Enterobacterales;f__Enterobacteriaceae;g__Escherichia;s__Escherichia coli,blast,94.70,iPHoP-RF;68.90
NODE_1335_length_2153_cov_3.259771,RS_GCF_002949675.1,d__Bacteria;p__Proteobacteria;c__Gammaproteobacteria;o__Enterobacterales;f__Enterobacteriaceae;g__Escherichia;s__Escherichia dysenteriae,blast,94.60,iPHoP-RF;69.80
NODE_1335_length_2153_cov_3.259771,RS_GCF_002950215.1,d__Bacteria;p__Proteobacteria;c__Gammaproteobacteria;o__Enterobacterales;f__Enterobacteriaceae;g__Escherichia;s__Escherichia flexneri,blast,94.40,iPHoP-RF;68.90
NODE_1335_length_2153_cov_3.259771,RS_GCF_000026325.1,d__Bacteria;p__Proteobacteria;c__Gammaproteobacteria;o__Enterobacterales;f__Enterobacteriaceae;g__Escherichia;s__Escherichia coli_D,blast,94.30,iPHoP-RF;66.80
NODE_1335_length_2153_cov_3.259771,RS_GCF_002900365.1,d__Bacteria;p__Proteobacteria;c__Gammaproteobacteria;o__Enterobacterales;f__Enterobacteriaceae;g__Escherichia;s__Escherichia marmotae,blast,93.90,iPHoP-RF;67.70
NODE_1335_length_2153_cov_3.259771,RS_GCF_011881725.1,d__Bacteria;p__Proteobacteria;c__Gammaproteobacteria;o__Enterobacterales;f__Enterobacteriaceae;g__Escherichia;s__Escherichia coli_E,blast,93.70,iPHoP-RF;60.60
NODE_1335_length_2153_cov_3.259771,GB_GCA_003018335.1,d__Bacteria;p__Proteobacteria;c__Gammaproteobacteria;o__Enterobacterales;f__Enterobacteriaceae;g__Escherichia;s__Escherichia coli_C,blast,93.50,iPHoP-RF;65.80
NODE_1335_length_2153_cov_3.259771,RS_GCF_000026225.1,d__Bacteria;p__Proteobacteria;c__Gammaproteobacteria;o__Enterobacterales;f__Enterobacteriaceae;g__Escherichia;s__Escherichia fergusonii,blast,93.40,iPHoP-RF;60.90
NODE_133_length_1187_cov_1.557420,RS_GCF_900243075.1,d__Bacteria;p__Firmicutes_A;c__Clostridia;o__Peptostreptococcales;f__Peptostreptococcaceae;g__Clostridioides;s__Clostridioides difficile_D,blast,92.60,iPHoP-RF;90.50
NODE_133_length_1187_cov_1.557420,RS_GCF_001077535.1,d__Bacteria;p__Firmicutes_A;c__Clostridia;o__Peptostreptococcales;f__Peptostreptococcaceae;g__Clostridioides;s__Clostridioides difficile,blast,92.10,iPHoP-RF;86.30
NODE_133_length_1187_cov_1.557420,RS_GCF_000449425.2,d__Bacteria;p__Firmicutes_A;c__Clostridia;o__Peptostreptococcales;f__Peptostreptococcaceae;g__Clostridioides;s__Clostridioides difficile_E,blast,91.90,iPHoP-RF;87.00
NODE_1377_length_1425_cov_3.488321,RS_GCF_902833055.1,d__Bacteria;p__Proteobacteria;c__Gammaproteobacteria;o__Burkholderiales;f__Burkholderiaceae;g__Burkholderia;s__Burkholderia territorii,iPHoP-RF,94.40,blast;93.70
NODE_1377_length_1425_cov_3.488321,RS_GCF_001718315.1,d__Bacteria;p__Proteobacteria;c__Gammaproteobacteria;o__Burkholderiales;f__Burkholderiaceae;g__Burkholderia;s__Burkholderia diffusa_B,blast,93.60,iPHoP-RF;93.10
NODE_1377_length_1425_cov_3.488321,RS_GCF_003330765.1,d__Bacteria;p__Proteobacteria;c__Gammaproteobacteria;o__Burkholderiales;f__Burkholderiaceae;g__Burkholderia;s__Burkholderia pyrrocinia_B,iPHoP-RF,91.40,blast;89.40
NODE_1377_length_1425_cov_3.488321,RS_GCF_000949135.2,d__Bacteria;p__Proteobacteria;c__Gammaproteobacteria;o__Burkholderiales;f__Burkholderiaceae;g__Burkholderia;s__Burkholderia sp000949135,iPHoP-RF,90.80,None
NODE_1377_length_1425_cov_3.488321,RS_GCF_902499115.1,d__Bacteria;p__Proteobacteria;c__Gammaproteobacteria;o__Burkholderiales;f__Burkholderiaceae;g__Burkholderia;s__Burkholderia diffusa,iPHoP-RF,90.50,None
NODE_1377_length_1425_cov_3.488321,RS_GCF_001411495.1,d__Bacteria;p__Proteobacteria;c__Gammaproteobacteria;o__Burkholderiales;f__Burkholderiaceae;g__Burkholderia;s__Burkholderia cepacia,blast,90.20,iPHoP-RF;90.10
NODE_1377_length_1425_cov_3.488321,RS_GCF_000292915.1,d__Bacteria;p__Proteobacteria;c__Gammaproteobacteria;o__Burkholderiales;f__Burkholderiaceae;g__Burkholderia;s__Burkholderia cepacia_D,iPHoP-RF,90.10,None
NODE_1377_length_1425_cov_3.488321,RS_GCF_902499045.1,d__Bacteria;p__Proteobacteria;c__Gammaproteobacteria;o__Burkholderiales;f__Burkholderiaceae;g__Burkholderia;s__Burkholderia latens,iPHoP-RF,90.10,None
NODE_1389_length_1318_cov_5.388757,GB_GCA_003018335.1,d__Bacteria;p__Proteobacteria;c__Gammaproteobacteria;o__Enterobacterales;f__Enterobacteriaceae;g__Escherichia;s__Escherichia coli_C,blast,94.70,iPHoP-RF;89.20
NODE_1389_length_1318_cov_5.388757,RS_GCF_000026325.1,d__Bacteria;p__Proteobacteria;c__Gammaproteobacteria;o__Enterobacterales;f__Enterobacteriaceae;g__Escherichia;s__Escherichia coli_D,blast,94.70,iPHoP-RF;88.50
NODE_1389_length_1318_cov_5.388757,RS_GCF_002950215.1,d__Bacteria;p__Proteobacteria;c__Gammaproteobacteria;o__Enterobacterales;f__Enterobacteriaceae;g__Escherichia;s__Escherichia flexneri,blast,92.80,iPHoP-RF;89.20
NODE_1389_length_1318_cov_5.388757,RS_GCF_000208585.1,d__Bacteria;p__Proteobacteria;c__Gammaproteobacteria;o__Enterobacterales;f__Enterobacteriaceae;g__Escherichia;s__Escherichia sp000208585,blast,92.00,iPHoP-RF;89.20
NODE_1389_length_1318_cov_5.388757,RS_GCF_000759775.1,d__Bacteria;p__Proteobacteria;c__Gammaproteobacteria;o__Enterobacterales;f__Enterobacteriaceae;g__Escherichia;s__Escherichia albertii,blast,91.60,iPHoP-RF;87.90
NODE_138_length_9014_cov_6.055698,RS_GCF_000759775.1,d__Bacteria;p__Proteobacteria;c__Gammaproteobacteria;o__Enterobacterales;f__Enterobacteriaceae;g__Escherichia;s__Escherichia albertii,blast,92.00,None
NODE_138_length_9014_cov_6.055698,RS_GCF_003697165.2,d__Bacteria;p__Proteobacteria;c__Gammaproteobacteria;o__Enterobacterales;f__Enterobacteriaceae;g__Escherichia;s__Escherichia coli,blast,91.80,iPHoP-RF;67.00
NODE_138_length_9014_cov_6.055698,RS_GCF_002950215.1,d__Bacteria;p__Proteobacteria;c__Gammaproteobacteria;o__Enterobacterales;f__Enterobacteriaceae;g__Escherichia;s__Escherichia flexneri,blast,91.40,iPHoP-RF;67.50
NODE_138_length_9014_cov_6.055698,GB_GCA_003018335.1,d__Bacteria;p__Proteobacteria;c__Gammaproteobacteria;o__Enterobacterales;f__Enterobacteriaceae;g__Escherichia;s__Escherichia coli_C,blast,91.30,iPHoP-RF;68.40
NODE_138_length_9014_cov_6.055698,RS_GCF_000026225.1,d__Bacteria;p__Proteobacteria;c__Gammaproteobacteria;o__Enterobacterales;f__Enterobacteriaceae;g__Escherichia;s__Escherichia fergusonii,blast,91.30,iPHoP-RF;57.60
NODE_138_length_9014_cov_6.055698,RS_GCF_000026325.1,d__Bacteria;p__Proteobacteria;c__Gammaproteobacteria;o__Enterobacterales;f__Enterobacteriaceae;g__Escherichia;s__Escherichia coli_D,blast,91.30,iPHoP-RF;69.80
NODE_138_length_9014_cov_6.055698,RS_GCF_000208585.1,d__Bacteria;p__Proteobacteria;c__Gammaproteobacteria;o__Enterobacterales;f__Enterobacteriaceae;g__Escherichia;s__Escherichia sp000208585,blast,91.30,iPHoP-RF;65.80
NODE_138_length_9014_cov_6.055698,RS_GCF_001660175.1,d__Bacteria;p__Proteobacteria;c__Gammaproteobacteria;o__Enterobacterales;f__Enterobacteriaceae;g__Escherichia;s__Escherichia sp001660175,blast,91.30,iPHoP-RF;70.60
NODE_138_length_9014_cov_6.055698,RS_GCF_002900365.1,d__Bacteria;p__Proteobacteria;c__Gammaproteobacteria;o__Enterobacterales;f__Enterobacteriaceae;g__Escherichia;s__Escherichia marmotae,blast,91.30,iPHoP-RF;67.70
NODE_138_length_9014_cov_6.055698,RS_GCF_002949675.1,d__Bacteria;p__Proteobacteria;c__Gammaproteobacteria;o__Enterobacterales;f__Enterobacteriaceae;g__Escherichia;s__Escherichia dysenteriae,blast,91.30,iPHoP-RF;69.50
NODE_138_length_9014_cov_6.055698,RS_GCF_002965065.1,d__Bacteria;p__Proteobacteria;c__Gammaproteobacteria;o__Enterobacterales;f__Enterobacteriaceae;g__Escherichia;s__Escherichia sp002965065,blast,91.30,iPHoP-RF;68.40
NODE_138_length_9014_cov_6.055698,RS_GCF_004211955.1,d__Bacteria;p__Proteobacteria;c__Gammaproteobacteria;o__Enterobacterales;f__Enterobacteriaceae;g__Escherichia;s__Escherichia sp004211955,blast,91.30,iPHoP-RF;67.50
NODE_138_length_9014_cov_6.055698,RS_GCF_005843885.1,d__Bacteria;p__Proteobacteria;c__Gammaproteobacteria;o__Enterobacterales;f__Enterobacteriaceae;g__Escherichia;s__Escherichia sp005843885,blast,91.30,iPHoP-RF;69.50
NODE_138_length_9014_cov_6.055698,RS_GCF_011881725.1,d__Bacteria;p__Proteobacteria;c__Gammaproteobacteria;o__Enterobacterales;f__Enterobacteriaceae;g__Escherichia;s__Escherichia coli_E,blast,91.30,iPHoP-RF;66.50
NODE_139_length_11886_cov_12.290001,RS_GCF_001314995.1,d__Bacteria;p__Bacteroidota;c__Bacteroidia;o__Bacteroidales;f__Bacteroidaceae;g__Bacteroides;s__Bacteroides ovatus,iPHoP-RF,96.10,blast;89.60
NODE_139_length_11886_cov_12.290001,RS_GCF_009193295.2,d__Bacteria;p__Bacteroidota;c__Bacteroidia;o__Bacteroidales;f__Bacteroidaceae;g__Bacteroides;s__Bacteroides sp007097645,iPHoP-RF,96.10,blast;90.50
NODE_139_length_11886_cov_12.290001,GB_GCA_000210075.1,d__Bacteria;p__Bacteroidota;c__Bacteroidia;o__Bacteroidales;f__Bacteroidaceae;g__Bacteroides;s__Bacteroides xylanisolvens,iPHoP-RF,95.70,blast;90.50
NODE_139_length_11886_cov_12.290001,RS_GCF_903181435.1,d__Bacteria;p__Bacteroidota;c__Bacteroidia;o__Bacteroidales;f__Bacteroidaceae;g__Bacteroides;s__Bacteroides acidifaciens_A,iPHoP-RF,94.40,None
NODE_139_length_11886_cov_12.290001,RS_GCF_003464595.1,d__Bacteria;p__Bacteroidota;c__Bacteroidia;o__Bacteroidales;f__Bacteroidaceae;g__Bacteroides;s__Bacteroides intestinalis_A,blast,93.80,iPHoP-RF;71.70
NODE_139_length_11886_cov_12.290001,RS_GCF_902364365.1,d__Bacteria;p__Bacteroidota;c__Bacteroidia;o__Bacteroidales;f__Bacteroidaceae;g__Bacteroides;s__Bacteroides sp900556215,blast,93.80,iPHoP-RF;83.90
NODE_139_length_11886_cov_12.290001,RS_GCF_014334015.1,d__Bacteria;p__Bacteroidota;c__Bacteroidia;o__Bacteroidales;f__Bacteroidaceae;g__Bacteroides;s__Bacteroides sp003463205,iPHoP-RF,93.70,blast;89.60
NODE_139_length_11886_cov_12.290001,RS_GCF_001688725.2,d__Bacteria;p__Bacteroidota;c__Bacteroidia;o__Bacteroidales;f__Bacteroidaceae;g__Bacteroides;s__Bacteroides caecimuris,iPHoP-RF,90.80,None
NODE_139_length_6220_cov_6.024655,RS_GCF_001544255.1,d__Bacteria;p__Firmicutes;c__Bacilli;o__Lactobacillales;f__Enterococcaceae;g__Enterococcus_B;s__Enterococcus_B faecium,blast,98.10,iPHoP-RF;93.10
NODE_139_length_6220_cov_6.024655,RS_GCF_009735405.1,d__Bacteria;p__Firmicutes;c__Bacilli;o__Lactobacillales;f__Enterococcaceae;g__Enterococcus_B;s__Enterococcus_B lactis,blast,95.00,iPHoP-RF;92.80
NODE_139_length_6220_cov_6.024655,RS_GCF_001544295.1,d__Bacteria;p__Firmicutes;c__Bacilli;o__Lactobacillales;f__Enterococcaceae;g__Enterococcus_A;s__Enterococcus_A pseudoavium,iPHoP-RF,91.80,None
NODE_139_length_6220_cov_6.024655,RS_GCF_005405225.1,d__Bacteria;p__Firmicutes;c__Bacilli;o__Lactobacillales;f__Enterococcaceae;g__Enterococcus_A;s__Enterococcus_A sp005405225,iPHoP-RF,91.80,None
NODE_139_length_6220_cov_6.024655,RS_GCF_000271405.2,d__Bacteria;p__Firmicutes;c__Bacilli;o__Lactobacillales;f__Enterococcaceae;g__Enterococcus_B;s__Enterococcus_B hirae,blast,91.10,iPHoP-RF;89.50
NODE_139_length_6220_cov_6.024655,RS_GCF_001886195.1,d__Bacteria;p__Firmicutes;c__Bacilli;o__Lactobacillales;f__Enterococcaceae;g__Enterococcus_B;s__Enterococcus_B ratti,blast,91.00,iPHoP-RF;88.90
NODE_139_length_7204_cov_13.969646,RS_GCF_001688725.2,d__Bacteria;p__Bacteroidota;c__Bacteroidia;o__Bacteroidales;f__Bacteroidaceae;g__Bacteroides;s__Bacteroides caecimuris,iPHoP-RF,93.70,blast;65.50
NODE_139_length_7204_cov_13.969646,RS_GCF_013009555.1,d__Bacteria;p__Bacteroidota;c__Bacteroidia;o__Bacteroidales;f__Bacteroidaceae;g__Phocaeicola;s__Phocaeicola dorei,blast,93.00,None
NODE_139_length_7204_cov_13.969646,RS_GCF_000012825.1,d__Bacteria;p__Bacteroidota;c__Bacteroidia;o__Bacteroidales;f__Bacteroidaceae;g__Phocaeicola;s__Phocaeicola vulgatus,blast,92.80,iPHoP-RF;70.20
NODE_139_length_7204_cov_13.969646,RS_GCF_009193325.2,d__Bacteria;p__Bacteroidota;c__Bacteroidia;o__Bacteroidales;f__Bacteroidaceae;g__Bacteroides;s__Bacteroides sp900066265,iPHoP-RF,92.80,blast;65.50
NODE_139_length_7204_cov_13.969646,GB_GCA_900761785.1,d__Bacteria;p__Bacteroidota;c__Bacteroidia;o__Bacteroidales;f__Bacteroidaceae;g__Bacteroides;s__Bacteroides sp900761785,iPHoP-RF,92.40,None
NODE_139_length_7204_cov_13.969646,RS_GCF_000156195.1,d__Bacteria;p__Bacteroidota;c__Bacteroidia;o__Bacteroidales;f__Bacteroidaceae;g__Bacteroides;s__Bacteroides finegoldii,iPHoP-RF,91.80,None
NODE_139_length_7204_cov_13.969646,RS_GCF_000613385.1,d__Bacteria;p__Bacteroidota;c__Bacteroidia;o__Bacteroidales;f__Bacteroidaceae;g__Bacteroides;s__Bacteroides acidifaciens,iPHoP-RF,91.40,None
NODE_139_length_7204_cov_13.969646,RS_GCF_003865075.1,d__Bacteria;p__Bacteroidota;c__Bacteroidia;o__Bacteroidales;f__Bacteroidaceae;g__Bacteroides;s__Bacteroides sp003865075,iPHoP-RF,91.40,blast;65.70
NODE_139_length_7204_cov_13.969646,RS_GCF_902362375.1,d__Bacteria;p__Bacteroidota;c__Bacteroidia;o__Bacteroidales;f__Bacteroidaceae;g__Bacteroides;s__Bacteroides sp902362375,iPHoP-RF,91.10,None
NODE_139_length_7204_cov_13.969646,RS_GCF_900130125.1,d__Bacteria;p__Bacteroidota;c__Bacteroidia;o__Bacteroidales;f__Bacteroidaceae;g__Bacteroides;s__Bacteroides congonensis,iPHoP-RF,90.80,None
NODE_139_length_7204_cov_13.969646,RS_GCF_000614185.1,d__Bacteria;p__Bacteroidota;c__Bacteroidia;o__Bacteroidales;f__Bacteroidaceae;g__Phocaeicola;s__Phocaeicola sartorii,blast,90.60,None
NODE_139_length_7204_cov_13.969646,RS_GCF_012113595.1,d__Bacteria;p__Bacteroidota;c__Bacteroidia;o__Bacteroidales;f__Bacteroidaceae;g__Bacteroides;s__Bacteroides sp012113595,iPHoP-RF,90.50,None
NODE_139_length_7204_cov_13.969646,RS_GCF_002222615.2,d__Bacteria;p__Bacteroidota;c__Bacteroidia;o__Bacteroidales;f__Bacteroidaceae;g__Bacteroides;s__Bacteroides caccae,iPHoP-RF,90.10,blast;65.50
NODE_13_length_31371_cov_373.568048,RS_GCF_002742445.1,d__Bacteria;p__Actinobacteriota;c__Actinomycetia;o__Actinomycetales;f__Bifidobacteriaceae;g__Bifidobacterium;s__Bifidobacterium sp002742445,CRISPR,99.60,iPHoP-RF;96.10
NODE_13_length_31371_cov_373.568048,RS_GCF_001025215.1,d__Bacteria;p__Actinobacteriota;c__Actinomycetia;o__Actinomycetales;f__Bifidobacteriaceae;g__Bifidobacterium;s__Bifidobacterium pseudocatenulatum,CRISPR,99.50,iPHoP-RF;97.10 blast;96.80
NODE_13_length_31371_cov_373.568048,RS_GCF_000800455.1,d__Bacteria;p__Actinobacteriota;c__Actinomycetia;o__Actinomycetales;f__Bifidobacteriaceae;g__Bifidobacterium;s__Bifidobacterium kashiwanohense_A,CRISPR,99.40,iPHoP-RF;95.40 blast;88.70
NODE_13_length_31371_cov_373.568048,RS_GCF_001025195.1,d__Bacteria;p__Actinobacteriota;c__Actinomycetia;o__Actinomycetales;f__Bifidobacteriaceae;g__Bifidobacterium;s__Bifidobacterium catenulatum,CRISPR,99.40,iPHoP-RF;94.10 blast;88.70
NODE_13_length_31371_cov_373.568048,RS_GCF_000770925.1,d__Bacteria;p__Actinobacteriota;c__Actinomycetia;o__Actinomycetales;f__Bifidobacteriaceae;g__Bifidobacterium;s__Bifidobacterium ruminantium,CRISPR,99.00,iPHoP-RF;94.40 blast;93.80
NODE_13_length_31371_cov_373.568048,GB_GCA_002451435.1,d__Bacteria;p__Actinobacteriota;c__Actinomycetia;o__Actinomycetales;f__Bifidobacteriaceae;g__Bifidobacterium;s__Bifidobacterium sp002451435,CRISPR,98.70,iPHoP-RF;87.30
NODE_13_length_31371_cov_373.568048,RS_GCF_000010425.1,d__Bacteria;p__Actinobacteriota;c__Actinomycetia;o__Actinomycetales;f__Bifidobacteriaceae;g__Bifidobacterium;s__Bifidobacterium adolescentis,CRISPR,98.50,blast;96.70 iPHoP-RF;93.70
NODE_13_length_31371_cov_373.568048,RS_GCF_002259645.1,d__Bacteria;p__Actinobacteriota;c__Actinomycetia;o__Actinomycetales;f__Bifidobacteriaceae;g__Galliscardovia;s__Galliscardovia tissieri,CRISPR,95.60,None
NODE_13_length_31371_cov_373.568048,RS_GCF_001042615.1,d__Bacteria;p__Actinobacteriota;c__Actinomycetia;o__Actinomycetales;f__Bifidobacteriaceae;g__Bifidobacterium;s__Bifidobacterium kashiwanohense,iPHoP-RF,93.70,blast;88.70
NODE_13_length_31371_cov_373.568048,RS_GCF_001025175.1,d__Bacteria;p__Actinobacteriota;c__Actinomycetia;o__Actinomycetales;f__Bifidobacteriaceae;g__Bifidobacterium;s__Bifidobacterium breve,blast,92.10,CRISPR;77.40 iPHoP-RF;71.70
NODE_13_length_31371_cov_373.568048,RS_GCF_000269965.1,d__Bacteria;p__Actinobacteriota;c__Actinomycetia;o__Actinomycetales;f__Bifidobacteriaceae;g__Bifidobacterium;s__Bifidobacterium infantis,blast,91.60,iPHoP-RF;57.10
NODE_13_length_31371_cov_373.568048,RS_GCF_000196555.1,d__Bacteria;p__Actinobacteriota;c__Actinomycetia;o__Actinomycetales;f__Bifidobacteriaceae;g__Bifidobacterium;s__Bifidobacterium longum,blast,91.00,iPHoP-RF;60.60
NODE_13_length_31371_cov_373.568048,RS_GCF_000771265.1,d__Bacteria;p__Actinobacteriota;c__Actinomycetia;o__Actinomycetales;f__Bifidobacteriaceae;g__Bifidobacterium;s__Bifidobacterium thermophilum,iPHoP-RF,90.50,None
NODE_1402_length_1241_cov_6.408938,RS_GCF_002950215.1,d__Bacteria;p__Proteobacteria;c__Gammaproteobacteria;o__Enterobacterales;f__Enterobacteriaceae;g__Escherichia;s__Escherichia flexneri,blast,96.40,iPHoP-RF;94.10
NODE_1402_length_1241_cov_6.408938,RS_GCF_000026325.1,d__Bacteria;p__Proteobacteria;c__Gammaproteobacteria;o__Enterobacterales;f__Enterobacteriaceae;g__Escherichia;s__Escherichia coli_D,blast,96.20,iPHoP-RF;93.10
NODE_1402_length_1241_cov_6.408938,GB_GCA_003018335.1,d__Bacteria;p__Proteobacteria;c__Gammaproteobacteria;o__Enterobacterales;f__Enterobacteriaceae;g__Escherichia;s__Escherichia coli_C,blast,95.90,iPHoP-RF;93.10
NODE_1402_length_1241_cov_6.408938,RS_GCF_000026225.1,d__Bacteria;p__Proteobacteria;c__Gammaproteobacteria;o__Enterobacterales;f__Enterobacteriaceae;g__Escherichia;s__Escherichia fergusonii,blast,95.90,iPHoP-RF;85.40
NODE_1402_length_1241_cov_6.408938,RS_GCF_000208585.1,d__Bacteria;p__Proteobacteria;c__Gammaproteobacteria;o__Enterobacterales;f__Enterobacteriaceae;g__Escherichia;s__Escherichia sp000208585,blast,95.90,iPHoP-RF;91.80
NODE_1402_length_1241_cov_6.408938,RS_GCF_002900365.1,d__Bacteria;p__Proteobacteria;c__Gammaproteobacteria;o__Enterobacterales;f__Enterobacteriaceae;g__Escherichia;s__Escherichia marmotae,blast,95.90,iPHoP-RF;91.10
NODE_1402_length_1241_cov_6.408938,RS_GCF_002949675.1,d__Bacteria;p__Proteobacteria;c__Gammaproteobacteria;o__Enterobacterales;f__Enterobacteriaceae;g__Escherichia;s__Escherichia dysenteriae,blast,95.90,iPHoP-RF;93.40
NODE_1402_length_1241_cov_6.408938,RS_GCF_011881725.1,d__Bacteria;p__Proteobacteria;c__Gammaproteobacteria;o__Enterobacterales;f__Enterobacteriaceae;g__Escherichia;s__Escherichia coli_E,blast,95.90,iPHoP-RF;93.70
NODE_1402_length_1241_cov_6.408938,RS_GCF_003697165.2,d__Bacteria;p__Proteobacteria;c__Gammaproteobacteria;o__Enterobacterales;f__Enterobacteriaceae;g__Escherichia;s__Escherichia coli,blast,95.60,iPHoP-RF;92.40
NODE_1402_length_1241_cov_6.408938,RS_GCF_002965065.1,d__Bacteria;p__Proteobacteria;c__Gammaproteobacteria;o__Enterobacterales;f__Enterobacteriaceae;g__Escherichia;s__Escherichia sp002965065,iPHoP-RF,94.10,None
NODE_1402_length_1241_cov_6.408938,RS_GCF_000759775.1,d__Bacteria;p__Proteobacteria;c__Gammaproteobacteria;o__Enterobacterales;f__Enterobacteriaceae;g__Escherichia;s__Escherichia albertii,blast,91.10,iPHoP-RF;83.30
NODE_1402_length_1241_cov_6.408938,RS_GCF_005843885.1,d__Bacteria;p__Proteobacteria;c__Gammaproteobacteria;o__Enterobacterales;f__Enterobacteriaceae;g__Escherichia;s__Escherichia sp005843885,iPHoP-RF,90.80,None
NODE_140_length_1029_cov_50.869610,RS_GCF_900167225.1,d__Bacteria;p__Bacteroidota;c__Bacteroidia;o__Bacteroidales;f__Porphyromonadaceae;g__Porphyromonas;s__Porphyromonas crevioricanis,blast,92.00,None
NODE_140_length_5665_cov_10.134225,RS_GCF_900166965.1,d__Bacteria;p__Proteobacteria;c__Gammaproteobacteria;o__Enterobacterales;f__Vibrionaceae;g__Photobacterium;s__Photobacterium piscicola,iPHoP-RF,95.10,None
NODE_140_length_5665_cov_10.134225,RS_GCF_900166975.1,d__Bacteria;p__Proteobacteria;c__Gammaproteobacteria;o__Enterobacterales;f__Vibrionaceae;g__Photobacterium;s__Photobacterium toruni,iPHoP-RF,94.70,None
NODE_140_length_5665_cov_10.134225,RS_GCF_002954455.1,d__Bacteria;p__Proteobacteria;c__Gammaproteobacteria;o__Enterobacterales;f__Vibrionaceae;g__Photobacterium;s__Photobacterium aquimaris,iPHoP-RF,94.10,None
NODE_140_length_5665_cov_10.134225,RS_GCF_900185615.1,d__Bacteria;p__Proteobacteria;c__Gammaproteobacteria;o__Enterobacterales;f__Vibrionaceae;g__Photobacterium;s__Photobacterium malacitanum,iPHoP-RF,93.70,None
NODE_140_length_5665_cov_10.134225,RS_GCF_003026355.1,d__Bacteria;p__Proteobacteria;c__Gammaproteobacteria;o__Enterobacterales;f__Vibrionaceae;g__Photobacterium;s__Photobacterium kishitanii,iPHoP-RF,93.40,None
NODE_140_length_5665_cov_10.134225,RS_GCF_003026815.1,d__Bacteria;p__Proteobacteria;c__Gammaproteobacteria;o__Enterobacterales;f__Vibrionaceae;g__Photobacterium;s__Photobacterium damselae,iPHoP-RF,92.40,None
NODE_140_length_5665_cov_10.134225,RS_GCF_006385555.1,d__Bacteria;p__Proteobacteria;c__Gammaproteobacteria;o__Enterobacterales;f__Shewanellaceae;g__Shewanella;s__Shewanella polaris,iPHoP-RF,92.40,None
NODE_140_length_5665_cov_10.134225,RS_GCF_007567505.1,d__Bacteria;p__Proteobacteria;c__Gammaproteobacteria;o__Enterobacterales;f__Shewanellaceae;g__Shewanella;s__Shewanella donghaensis,iPHoP-RF,91.40,None
NODE_140_length_5665_cov_10.134225,RS_GCF_001586255.1,d__Bacteria;p__Proteobacteria;c__Gammaproteobacteria;o__Pseudomonadales;f__Spongiibacteraceae;g__Zhongshania;s__Zhongshania aliphaticivorans,iPHoP-RF,90.50,None
NODE_140_length_6197_cov_4.041680,RS_GCF_012317185.1,d__Bacteria;p__Firmicutes;c__Bacilli;o__Erysipelotrichales;f__Erysipelotrichaceae;g__Clostridium_AQ;s__Clostridium_AQ innocuum,blast,96.20,iPHoP-RF;78.70
NODE_140_length_6197_cov_4.041680,RS_GCF_003481775.1,d__Bacteria;p__Firmicutes;c__Bacilli;o__Erysipelotrichales;f__Erysipelotrichaceae;g__Clostridium_AQ;s__Clostridium_AQ sp003481775,blast,91.70,iPHoP-RF;72.40
NODE_1418_length_1220_cov_6.109871,RS_GCF_002950215.1,d__Bacteria;p__Proteobacteria;c__Gammaproteobacteria;o__Enterobacterales;f__Enterobacteriaceae;g__Escherichia;s__Escherichia flexneri,iPHoP-RF,96.40,blast;96.00
NODE_1418_length_1220_cov_6.109871,RS_GCF_003697165.2,d__Bacteria;p__Proteobacteria;c__Gammaproteobacteria;o__Enterobacterales;f__Enterobacteriaceae;g__Escherichia;s__Escherichia coli,iPHoP-RF,96.40,blast;96.30
NODE_1418_length_1220_cov_6.109871,RS_GCF_004211955.1,d__Bacteria;p__Proteobacteria;c__Gammaproteobacteria;o__Enterobacterales;f__Enterobacteriaceae;g__Escherichia;s__Escherichia sp004211955,iPHoP-RF,96.40,None
NODE_1418_length_1220_cov_6.109871,RS_GCF_011881725.1,d__Bacteria;p__Proteobacteria;c__Gammaproteobacteria;o__Enterobacterales;f__Enterobacteriaceae;g__Escherichia;s__Escherichia coli_E,iPHoP-RF,96.40,blast;95.30
NODE_1418_length_1220_cov_6.109871,RS_GCF_000208585.1,d__Bacteria;p__Proteobacteria;c__Gammaproteobacteria;o__Enterobacterales;f__Enterobacteriaceae;g__Escherichia;s__Escherichia sp000208585,iPHoP-RF,96.10,blast;95.20
NODE_1418_length_1220_cov_6.109871,RS_GCF_002900365.1,d__Bacteria;p__Proteobacteria;c__Gammaproteobacteria;o__Enterobacterales;f__Enterobacteriaceae;g__Escherichia;s__Escherichia marmotae,iPHoP-RF,96.10,blast;94.80
NODE_1418_length_1220_cov_6.109871,RS_GCF_002949675.1,d__Bacteria;p__Proteobacteria;c__Gammaproteobacteria;o__Enterobacterales;f__Enterobacteriaceae;g__Escherichia;s__Escherichia dysenteriae,iPHoP-RF,96.10,blast;95.10
NODE_1418_length_1220_cov_6.109871,RS_GCF_005843885.1,d__Bacteria;p__Proteobacteria;c__Gammaproteobacteria;o__Enterobacterales;f__Enterobacteriaceae;g__Escherichia;s__Escherichia sp005843885,iPHoP-RF,96.10,None
NODE_1418_length_1220_cov_6.109871,GB_GCA_003018335.1,d__Bacteria;p__Proteobacteria;c__Gammaproteobacteria;o__Enterobacterales;f__Enterobacteriaceae;g__Escherichia;s__Escherichia coli_C,iPHoP-RF,95.70,blast;95.30
NODE_1418_length_1220_cov_6.109871,RS_GCF_000026225.1,d__Bacteria;p__Proteobacteria;c__Gammaproteobacteria;o__Enterobacterales;f__Enterobacteriaceae;g__Escherichia;s__Escherichia fergusonii,iPHoP-RF,95.40,blast;94.70
NODE_1418_length_1220_cov_6.109871,RS_GCF_000026325.1,d__Bacteria;p__Proteobacteria;c__Gammaproteobacteria;o__Enterobacterales;f__Enterobacteriaceae;g__Escherichia;s__Escherichia coli_D,iPHoP-RF,95.40,blast;95.40
NODE_1418_length_1220_cov_6.109871,RS_GCF_000759775.1,d__Bacteria;p__Proteobacteria;c__Gammaproteobacteria;o__Enterobacterales;f__Enterobacteriaceae;g__Escherichia;s__Escherichia albertii,blast,94.00,iPHoP-RF;93.70
NODE_1419_length_1290_cov_2.691498,RS_GCF_000026225.1,d__Bacteria;p__Proteobacteria;c__Gammaproteobacteria;o__Enterobacterales;f__Enterobacteriaceae;g__Escherichia;s__Escherichia fergusonii,blast,93.90,iPHoP-RF;89.20
NODE_1419_length_1290_cov_2.691498,RS_GCF_002949675.1,d__Bacteria;p__Proteobacteria;c__Gammaproteobacteria;o__Enterobacterales;f__Enterobacteriaceae;g__Escherichia;s__Escherichia dysenteriae,iPHoP-RF,93.70,blast;92.60
NODE_1419_length_1290_cov_2.691498,RS_GCF_003697165.2,d__Bacteria;p__Proteobacteria;c__Gammaproteobacteria;o__Enterobacterales;f__Enterobacteriaceae;g__Escherichia;s__Escherichia coli,iPHoP-RF,93.40,blast;92.40
NODE_1419_length_1290_cov_2.691498,RS_GCF_002950215.1,d__Bacteria;p__Proteobacteria;c__Gammaproteobacteria;o__Enterobacterales;f__Enterobacteriaceae;g__Escherichia;s__Escherichia flexneri,blast,93.20,iPHoP-RF;92.80
NODE_1419_length_1290_cov_2.691498,RS_GCF_004211955.1,d__Bacteria;p__Proteobacteria;c__Gammaproteobacteria;o__Enterobacterales;f__Enterobacteriaceae;g__Escherichia;s__Escherichia sp004211955,iPHoP-RF,93.10,blast;92.60
NODE_1419_length_1290_cov_2.691498,RS_GCF_000026325.1,d__Bacteria;p__Proteobacteria;c__Gammaproteobacteria;o__Enterobacterales;f__Enterobacteriaceae;g__Escherichia;s__Escherichia coli_D,iPHoP-RF,92.80,blast;92.60
NODE_1419_length_1290_cov_2.691498,RS_GCF_011881725.1,d__Bacteria;p__Proteobacteria;c__Gammaproteobacteria;o__Enterobacterales;f__Enterobacteriaceae;g__Escherichia;s__Escherichia coli_E,iPHoP-RF,92.80,blast;92.60
NODE_1419_length_1290_cov_2.691498,RS_GCF_001660175.1,d__Bacteria;p__Proteobacteria;c__Gammaproteobacteria;o__Enterobacterales;f__Enterobacteriaceae;g__Escherichia;s__Escherichia sp001660175,blast,92.60,iPHoP-RF;91.80
NODE_1419_length_1290_cov_2.691498,RS_GCF_002900365.1,d__Bacteria;p__Proteobacteria;c__Gammaproteobacteria;o__Enterobacterales;f__Enterobacteriaceae;g__Escherichia;s__Escherichia marmotae,blast,92.60,iPHoP-RF;92.40
NODE_1419_length_1290_cov_2.691498,RS_GCF_000006945.2,d__Bacteria;p__Proteobacteria;c__Gammaproteobacteria;o__Enterobacterales;f__Enterobacteriaceae;g__Salmonella;s__Salmonella enterica,blast,92.10,iPHoP-RF;73.20
NODE_1419_length_1290_cov_2.691498,RS_GCF_000208585.1,d__Bacteria;p__Proteobacteria;c__Gammaproteobacteria;o__Enterobacterales;f__Enterobacteriaceae;g__Escherichia;s__Escherichia sp000208585,iPHoP-RF,91.40,None
NODE_142_length_2175_cov_3.845755,RS_GCF_001458595.1,d__Bacteria;p__Firmicutes_A;c__Clostridia;o__Clostridiales;f__Clostridiaceae;g__Clostridium;s__Clostridium neonatale,iPHoP-RF,92.10,None
NODE_142_length_2175_cov_3.845755,RS_GCF_900447045.1,d__Bacteria;p__Firmicutes_A;c__Clostridia;o__Clostridiales;f__Clostridiaceae;g__Clostridium;s__Clostridium paraputrificum,blast,91.70,iPHoP-RF;76.10
NODE_142_length_2175_cov_3.845755,RS_GCF_000498355.1,d__Bacteria;p__Firmicutes_A;c__Clostridia;o__Clostridiales;f__Clostridiaceae;g__Clostridium;s__Clostridium sp000498355,blast,90.70,iPHoP-RF;79.50
NODE_142_length_3949_cov_4.543657,RS_GCF_002850555.1,d__Bacteria;p__Firmicutes;c__Bacilli;o__Lactobacillales;f__Enterococcaceae;g__Enterococcus_D;s__Enterococcus_D sp002850555,blast,93.40,iPHoP-RF;90.80
NODE_142_length_3949_cov_4.543657,RS_GCF_001544095.1,d__Bacteria;p__Firmicutes;c__Bacilli;o__Lactobacillales;f__Enterococcaceae;g__Enterococcus_D;s__Enterococcus_D casseliflavus,blast,91.80,iPHoP-RF;90.80
NODE_142_length_3949_cov_4.543657,GB_GCA_001465115.1,d__Bacteria;p__Firmicutes;c__Bacilli;o__Lactobacillales;f__Enterococcaceae;g__Enterococcus;s__Enterococcus silesiacus,iPHoP-RF,90.80,None
NODE_142_length_3949_cov_4.543657,RS_GCF_002947535.1,d__Bacteria;p__Firmicutes;c__Bacilli;o__Lactobacillales;f__Enterococcaceae;g__Enterococcus_B;s__Enterococcus_B mundtii_B,iPHoP-RF,90.80,None
NODE_142_length_3949_cov_4.543657,RS_GCF_001544275.1,d__Bacteria;p__Firmicutes;c__Bacilli;o__Lactobacillales;f__Enterococcaceae;g__Enterococcus_D;s__Enterococcus_D gallinarum,blast,90.20,iPHoP-RF;59.00
NODE_142_length_7041_cov_6.399084,RS_GCF_014333445.1,d__Bacteria;p__Firmicutes_A;c__Clostridia;o__Peptostreptococcales;f__Peptostreptococcaceae;g__Terrisporobacter;s__Terrisporobacter mayombei,blast,92.60,iPHoP-RF;61.10
NODE_142_length_7041_cov_6.399084,RS_GCF_001077535.1,d__Bacteria;p__Firmicutes_A;c__Clostridia;o__Peptostreptococcales;f__Peptostreptococcaceae;g__Clostridioides;s__Clostridioides difficile,blast,92.00,iPHoP-RF;79.50
NODE_142_length_7041_cov_6.399084,RS_GCF_012317385.1,d__Bacteria;p__Firmicutes_A;c__Clostridia;o__Peptostreptococcales;f__Peptostreptococcaceae;g__GCA-900066495;s__GCA-900066495 sp900545985,blast,90.70,None
NODE_142_length_7041_cov_6.399084,RS_GCF_900015215.1,d__Bacteria;p__Firmicutes_A;c__Clostridia;o__Peptostreptococcales;f__Peptostreptococcaceae;g__Romboutsia;s__Romboutsia ilealis,blast,90.20,iPHoP-RF;74.30
NODE_143_length_1433_cov_2.379536,RS_GCF_008121495.1,d__Bacteria;p__Firmicutes_A;c__Clostridia;o__Lachnospirales;f__Lachnospiraceae;g__Ruminococcus_B;s__Ruminococcus_B gnavus,blast,92.90,iPHoP-RF;63.80
NODE_143_length_8727_cov_4.679889,RS_GCF_000026225.1,d__Bacteria;p__Proteobacteria;c__Gammaproteobacteria;o__Enterobacterales;f__Enterobacteriaceae;g__Escherichia;s__Escherichia fergusonii,blast,96.90,iPHoP-RF;91.80
NODE_143_length_8727_cov_4.679889,RS_GCF_000026325.1,d__Bacteria;p__Proteobacteria;c__Gammaproteobacteria;o__Enterobacterales;f__Enterobacteriaceae;g__Escherichia;s__Escherichia coli_D,blast,96.90,iPHoP-RF;94.70
NODE_143_length_8727_cov_4.679889,RS_GCF_000208585.1,d__Bacteria;p__Proteobacteria;c__Gammaproteobacteria;o__Enterobacterales;f__Enterobacteriaceae;g__Escherichia;s__Escherichia sp000208585,blast,96.90,iPHoP-RF;91.10
NODE_143_length_8727_cov_4.679889,RS_GCF_000759775.1,d__Bacteria;p__Proteobacteria;c__Gammaproteobacteria;o__Enterobacterales;f__Enterobacteriaceae;g__Escherichia;s__Escherichia albertii,blast,96.90,iPHoP-RF;90.10
NODE_143_length_8727_cov_4.679889,RS_GCF_002900365.1,d__Bacteria;p__Proteobacteria;c__Gammaproteobacteria;o__Enterobacterales;f__Enterobacteriaceae;g__Escherichia;s__Escherichia marmotae,blast,96.90,iPHoP-RF;94.70
NODE_143_length_8727_cov_4.679889,RS_GCF_002949675.1,d__Bacteria;p__Proteobacteria;c__Gammaproteobacteria;o__Enterobacterales;f__Enterobacteriaceae;g__Escherichia;s__Escherichia dysenteriae,blast,96.90,iPHoP-RF;94.70
NODE_143_length_8727_cov_4.679889,RS_GCF_002950215.1,d__Bacteria;p__Proteobacteria;c__Gammaproteobacteria;o__Enterobacterales;f__Enterobacteriaceae;g__Escherichia;s__Escherichia flexneri,blast,96.90,iPHoP-RF;93.70
NODE_143_length_8727_cov_4.679889,RS_GCF_003697165.2,d__Bacteria;p__Proteobacteria;c__Gammaproteobacteria;o__Enterobacterales;f__Enterobacteriaceae;g__Escherichia;s__Escherichia coli,blast,96.90,iPHoP-RF;91.10
NODE_143_length_8727_cov_4.679889,GB_GCA_003018335.1,d__Bacteria;p__Proteobacteria;c__Gammaproteobacteria;o__Enterobacterales;f__Enterobacteriaceae;g__Escherichia;s__Escherichia coli_C,iPHoP-RF,95.10,None
NODE_143_length_8727_cov_4.679889,RS_GCF_004211955.1,d__Bacteria;p__Proteobacteria;c__Gammaproteobacteria;o__Enterobacterales;f__Enterobacteriaceae;g__Escherichia;s__Escherichia sp004211955,iPHoP-RF,94.70,None
NODE_143_length_8727_cov_4.679889,RS_GCF_011881725.1,d__Bacteria;p__Proteobacteria;c__Gammaproteobacteria;o__Enterobacterales;f__Enterobacteriaceae;g__Escherichia;s__Escherichia coli_E,iPHoP-RF,94.70,None
NODE_143_length_8727_cov_4.679889,RS_GCF_005843885.1,d__Bacteria;p__Proteobacteria;c__Gammaproteobacteria;o__Enterobacterales;f__Enterobacteriaceae;g__Escherichia;s__Escherichia sp005843885,iPHoP-RF,94.40,None
NODE_143_length_8727_cov_4.679889,RS_GCF_001660175.1,d__Bacteria;p__Proteobacteria;c__Gammaproteobacteria;o__Enterobacterales;f__Enterobacteriaceae;g__Escherichia;s__Escherichia sp001660175,iPHoP-RF,93.70,None
NODE_143_length_8727_cov_4.679889,RS_GCF_002965065.1,d__Bacteria;p__Proteobacteria;c__Gammaproteobacteria;o__Enterobacterales;f__Enterobacteriaceae;g__Escherichia;s__Escherichia sp002965065,iPHoP-RF,93.40,None
NODE_145_length_3721_cov_5.114294,RS_GCF_001544095.1,d__Bacteria;p__Firmicutes;c__Bacilli;o__Lactobacillales;f__Enterococcaceae;g__Enterococcus_D;s__Enterococcus_D casseliflavus,blast,93.60,iPHoP-RF;77.50
NODE_145_length_3721_cov_5.114294,RS_GCF_002850555.1,d__Bacteria;p__Firmicutes;c__Bacilli;o__Lactobacillales;f__Enterococcaceae;g__Enterococcus_D;s__Enterococcus_D sp002850555,blast,91.40,iPHoP-RF;77.30
NODE_145_length_3721_cov_5.114294,RS_GCF_001544275.1,d__Bacteria;p__Firmicutes;c__Bacilli;o__Lactobacillales;f__Enterococcaceae;g__Enterococcus_D;s__Enterococcus_D gallinarum,blast,90.90,iPHoP-RF;71.30
NODE_1464_length_1547_cov_4.199732,GB_GCA_004297875.1,d__Bacteria;p__Proteobacteria;c__Gammaproteobacteria;o__Burkholderiales;f__Burkholderiaceae;g__Pandoraea;s__Pandoraea sp004297875,iPHoP-RF,94.70,None
NODE_1464_length_1547_cov_4.199732,RS_GCF_001931675.1,d__Bacteria;p__Proteobacteria;c__Gammaproteobacteria;o__Burkholderiales;f__Burkholderiaceae;g__Pandoraea;s__Pandoraea thiooxydans,iPHoP-RF,94.70,None
NODE_1464_length_1547_cov_4.199732,RS_GCF_003711145.1,d__Bacteria;p__Proteobacteria;c__Gammaproteobacteria;o__Burkholderiales;f__Burkholderiaceae;g__Burkholderia;s__Burkholderia cepacia_E,blast,93.90,iPHoP-RF;74.10
NODE_1464_length_1547_cov_4.199732,RS_GCF_900446215.1,d__Bacteria;p__Proteobacteria;c__Gammaproteobacteria;o__Burkholderiales;f__Burkholderiaceae;g__Burkholderia;s__Burkholderia cenocepacia,blast,91.90,iPHoP-RF;84.50
NODE_1464_length_1547_cov_4.199732,RS_GCF_000011705.1,d__Bacteria;p__Proteobacteria;c__Gammaproteobacteria;o__Burkholderiales;f__Burkholderiaceae;g__Burkholderia;s__Burkholderia mallei,blast,91.70,iPHoP-RF;83.30
NODE_1476_length_1068_cov_2.630800,RS_GCF_014131695.1,d__Bacteria;p__Firmicutes;c__Bacilli;o__Erysipelotrichales;f__Erysipelatoclostridiaceae;g__Erysipelatoclostridium;s__Erysipelatoclostridium ramosum,blast,93.10,None
NODE_147_length_3367_cov_3.467089,RS_GCF_000026225.1,d__Bacteria;p__Proteobacteria;c__Gammaproteobacteria;o__Enterobacterales;f__Enterobacteriaceae;g__Escherichia;s__Escherichia fergusonii,blast,96.30,iPHoP-RF;92.10
NODE_147_length_3367_cov_3.467089,RS_GCF_000026325.1,d__Bacteria;p__Proteobacteria;c__Gammaproteobacteria;o__Enterobacterales;f__Enterobacteriaceae;g__Escherichia;s__Escherichia coli_D,blast,95.90,iPHoP-RF;93.10
NODE_147_length_3367_cov_3.467089,RS_GCF_002950215.1,d__Bacteria;p__Proteobacteria;c__Gammaproteobacteria;o__Enterobacterales;f__Enterobacteriaceae;g__Escherichia;s__Escherichia flexneri,blast,95.90,iPHoP-RF;94.70
NODE_147_length_3367_cov_3.467089,RS_GCF_003697165.2,d__Bacteria;p__Proteobacteria;c__Gammaproteobacteria;o__Enterobacterales;f__Enterobacteriaceae;g__Escherichia;s__Escherichia coli,blast,95.90,iPHoP-RF;94.70
NODE_147_length_3367_cov_3.467089,RS_GCF_004211955.1,d__Bacteria;p__Proteobacteria;c__Gammaproteobacteria;o__Enterobacterales;f__Enterobacteriaceae;g__Escherichia;s__Escherichia sp004211955,blast,95.70,iPHoP-RF;94.10
NODE_147_length_3367_cov_3.467089,RS_GCF_000208585.1,d__Bacteria;p__Proteobacteria;c__Gammaproteobacteria;o__Enterobacterales;f__Enterobacteriaceae;g__Escherichia;s__Escherichia sp000208585,blast,95.50,iPHoP-RF;94.40
NODE_147_length_3367_cov_3.467089,RS_GCF_001660175.1,d__Bacteria;p__Proteobacteria;c__Gammaproteobacteria;o__Enterobacterales;f__Enterobacteriaceae;g__Escherichia;s__Escherichia sp001660175,blast,95.50,iPHoP-RF;92.10
NODE_147_length_3367_cov_3.467089,RS_GCF_002900365.1,d__Bacteria;p__Proteobacteria;c__Gammaproteobacteria;o__Enterobacterales;f__Enterobacteriaceae;g__Escherichia;s__Escherichia marmotae,blast,95.50,iPHoP-RF;94.10
NODE_147_length_3367_cov_3.467089,RS_GCF_002949675.1,d__Bacteria;p__Proteobacteria;c__Gammaproteobacteria;o__Enterobacterales;f__Enterobacteriaceae;g__Escherichia;s__Escherichia dysenteriae,blast,95.50,iPHoP-RF;93.10
NODE_147_length_3367_cov_3.467089,RS_GCF_011881725.1,d__Bacteria;p__Proteobacteria;c__Gammaproteobacteria;o__Enterobacterales;f__Enterobacteriaceae;g__Escherichia;s__Escherichia coli_E,blast,95.50,iPHoP-RF;90.80
NODE_147_length_3367_cov_3.467089,RS_GCF_002965065.1,d__Bacteria;p__Proteobacteria;c__Gammaproteobacteria;o__Enterobacterales;f__Enterobacteriaceae;g__Escherichia;s__Escherichia sp002965065,iPHoP-RF,94.40,None
NODE_147_length_3367_cov_3.467089,RS_GCF_005843885.1,d__Bacteria;p__Proteobacteria;c__Gammaproteobacteria;o__Enterobacterales;f__Enterobacteriaceae;g__Escherichia;s__Escherichia sp005843885,iPHoP-RF,92.80,None
NODE_147_length_3367_cov_3.467089,RS_GCF_000006945.2,d__Bacteria;p__Proteobacteria;c__Gammaproteobacteria;o__Enterobacterales;f__Enterobacteriaceae;g__Salmonella;s__Salmonella enterica,blast,92.00,iPHoP-RF;51.20
NODE_147_length_3367_cov_3.467089,GB_GCA_003018335.1,d__Bacteria;p__Proteobacteria;c__Gammaproteobacteria;o__Enterobacterales;f__Enterobacteriaceae;g__Escherichia;s__Escherichia coli_C,iPHoP-RF,91.80,None
NODE_147_length_6012_cov_9.919590,RS_GCF_001544095.1,d__Bacteria;p__Firmicutes;c__Bacilli;o__Lactobacillales;f__Enterococcaceae;g__Enterococcus_D;s__Enterococcus_D casseliflavus,blast,98.60,iPHoP-RF;92.10 CRISPR;67.40
NODE_147_length_6012_cov_9.919590,RS_GCF_002850555.1,d__Bacteria;p__Firmicutes;c__Bacilli;o__Lactobacillales;f__Enterococcaceae;g__Enterococcus_D;s__Enterococcus_D sp002850555,iPHoP-RF,92.80,None
NODE_147_length_6012_cov_9.919590,RS_GCF_001297065.1,d__Bacteria;p__Firmicutes;c__Bacilli;o__Lactobacillales;f__Enterococcaceae;g__Enterococcus_D;s__Enterococcus_D sp001297065,blast,92.00,iPHoP-RF;81.10
NODE_147_length_6012_cov_9.919590,RS_GCF_000185365.1,d__Bacteria;p__Firmicutes;c__Bacilli;o__Lactobacillales;f__Enterococcaceae;g__Enterococcus_G;s__Enterococcus_G italicus,blast,91.60,iPHoP-RF;71.50
NODE_1486_length_1022_cov_4.774560,RS_GCF_000155815.1,d__Bacteria;p__Bacteroidota;c__Bacteroidia;o__Bacteroidales;f__Bacteroidaceae;g__Bacteroides;s__Bacteroides eggerthii,blast,92.60,iPHoP-RF;62.20
NODE_1486_length_1022_cov_4.774560,RS_GCF_002222615.2,d__Bacteria;p__Bacteroidota;c__Bacteroidia;o__Bacteroidales;f__Bacteroidaceae;g__Bacteroides;s__Bacteroides caccae,blast,91.00,None
NODE_1486_length_1022_cov_4.774560,GB_GCA_900765785.1,d__Bacteria;p__Bacteroidota;c__Bacteroidia;o__Bacteroidales;f__Bacteroidaceae;g__Bacteroides;s__Bacteroides sp900765785,blast,90.70,None
NODE_1486_length_1022_cov_4.774560,RS_GCF_000011065.1,d__Bacteria;p__Bacteroidota;c__Bacteroidia;o__Bacteroidales;f__Bacteroidaceae;g__Bacteroides;s__Bacteroides thetaiotaomicron,blast,90.70,None
NODE_1486_length_1022_cov_4.774560,RS_GCF_000025985.1,d__Bacteria;p__Bacteroidota;c__Bacteroidia;o__Bacteroidales;f__Bacteroidaceae;g__Bacteroides;s__Bacteroides fragilis,blast,90.70,None
NODE_1486_length_1022_cov_4.774560,RS_GCF_000154205.1,d__Bacteria;p__Bacteroidota;c__Bacteroidia;o__Bacteroidales;f__Bacteroidaceae;g__Bacteroides;s__Bacteroides uniformis,blast,90.70,None
NODE_1486_length_1022_cov_4.774560,RS_GCF_900155865.1,d__Bacteria;p__Bacteroidota;c__Bacteroidia;o__Bacteroidales;f__Bacteroidaceae;g__Bacteroides;s__Bacteroides bouchesdurhonensis,blast,90.70,None
NODE_1486_length_1022_cov_4.774560,3300029706_6,d__Bacteria;p__Bacteroidota;c__Bacteroidia;o__Bacteroidales;f__Bacteroidaceae;g__Bacteroides;s__,blast,90.30,None
NODE_148_length_1529_cov_3.214383,GB_GCA_900542505.1,d__Bacteria;p__Bacteroidota;c__Bacteroidia;o__Bacteroidales;f__Rikenellaceae;g__Alistipes;s__Alistipes sp900542505,blast,91.80,iPHoP-RF;56.00
NODE_148_length_1529_cov_3.214383,RS_GCF_900021155.1,d__Bacteria;p__Bacteroidota;c__Bacteroidia;o__Bacteroidales;f__Rikenellaceae;g__Alistipes;s__Alistipes sp900021155,blast,91.60,iPHoP-RF;66.30
NODE_148_length_1529_cov_3.214383,RS_GCF_000154465.1,d__Bacteria;p__Bacteroidota;c__Bacteroidia;o__Bacteroidales;f__Rikenellaceae;g__Alistipes;s__Alistipes putredinis,blast,90.60,None
NODE_148_length_1529_cov_3.214383,3300029584_16,d__Bacteria;p__Bacteroidota;c__Bacteroidia;o__Bacteroidales;f__Rikenellaceae;g__Alistipes;s__,blast,90.30,None
NODE_148_length_1529_cov_3.214383,RS_GCF_902363575.1,d__Bacteria;p__Bacteroidota;c__Bacteroidia;o__Bacteroidales;f__Rikenellaceae;g__Alistipes;s__Alistipes sp902363575,blast,90.30,None
NODE_148_length_1529_cov_3.214383,3300005460_45,d__Bacteria;p__Bacteroidota;c__Bacteroidia;o__Bacteroidales;f__Rikenellaceae;g__Alistipes;s__,blast,90.10,None
NODE_148_length_3654_cov_11.196443,RS_GCF_001025175.1,d__Bacteria;p__Actinobacteriota;c__Actinomycetia;o__Actinomycetales;f__Bifidobacteriaceae;g__Bifidobacterium;s__Bifidobacterium breve,iPHoP-RF,96.10,blast;91.30
NODE_148_length_3654_cov_11.196443,RS_GCF_001025195.1,d__Bacteria;p__Actinobacteriota;c__Actinomycetia;o__Actinomycetales;f__Bifidobacteriaceae;g__Bifidobacterium;s__Bifidobacterium catenulatum,iPHoP-RF,95.70,None
NODE_148_length_3654_cov_11.196443,RS_GCF_001042615.1,d__Bacteria;p__Actinobacteriota;c__Actinomycetia;o__Actinomycetales;f__Bifidobacteriaceae;g__Bifidobacterium;s__Bifidobacterium kashiwanohense,iPHoP-RF,95.70,blast;90.80
NODE_148_length_3654_cov_11.196443,RS_GCF_002742445.1,d__Bacteria;p__Actinobacteriota;c__Actinomycetia;o__Actinomycetales;f__Bifidobacteriaceae;g__Bifidobacterium;s__Bifidobacterium sp002742445,iPHoP-RF,95.40,None
NODE_148_length_3654_cov_11.196443,RS_GCF_000010425.1,d__Bacteria;p__Actinobacteriota;c__Actinomycetia;o__Actinomycetales;f__Bifidobacteriaceae;g__Bifidobacterium;s__Bifidobacterium adolescentis,iPHoP-RF,95.10,CRISPR;91.40 blast;89.60
NODE_148_length_3654_cov_11.196443,RS_GCF_000800455.1,d__Bacteria;p__Actinobacteriota;c__Actinomycetia;o__Actinomycetales;f__Bifidobacteriaceae;g__Bifidobacterium;s__Bifidobacterium kashiwanohense_A,iPHoP-RF,95.10,blast;90.70
NODE_148_length_3654_cov_11.196443,RS_GCF_001025215.1,d__Bacteria;p__Actinobacteriota;c__Actinomycetia;o__Actinomycetales;f__Bifidobacteriaceae;g__Bifidobacterium;s__Bifidobacterium pseudocatenulatum,iPHoP-RF,95.10,blast;90.10 CRISPR;86.60
NODE_148_length_3654_cov_11.196443,RS_GCF_000196555.1,d__Bacteria;p__Actinobacteriota;c__Actinomycetia;o__Actinomycetales;f__Bifidobacteriaceae;g__Bifidobacterium;s__Bifidobacterium longum,blast,93.80,iPHoP-RF;90.80 CRISPR;54.20
NODE_148_length_3654_cov_11.196443,RS_GCF_001042595.1,d__Bacteria;p__Actinobacteriota;c__Actinomycetia;o__Actinomycetales;f__Bifidobacteriaceae;g__Bifidobacterium;s__Bifidobacterium dentium,iPHoP-RF,92.40,None
NODE_148_length_3654_cov_11.196443,RS_GCF_000269965.1,d__Bacteria;p__Actinobacteriota;c__Actinomycetia;o__Actinomycetales;f__Bifidobacteriaceae;g__Bifidobacterium;s__Bifidobacterium infantis,blast,92.10,iPHoP-RF;87.90
NODE_148_length_3654_cov_11.196443,RS_GCF_000770925.1,d__Bacteria;p__Actinobacteriota;c__Actinomycetia;o__Actinomycetales;f__Bifidobacteriaceae;g__Bifidobacterium;s__Bifidobacterium ruminantium,iPHoP-RF,92.10,blast;90.60
NODE_148_length_3654_cov_11.196443,GB_GCA_002451435.1,d__Bacteria;p__Actinobacteriota;c__Actinomycetia;o__Actinomycetales;f__Bifidobacteriaceae;g__Bifidobacterium;s__Bifidobacterium sp002451435,iPHoP-RF,91.80,None
NODE_148_length_3654_cov_11.196443,RS_GCF_000522505.1,d__Bacteria;p__Actinobacteriota;c__Actinomycetia;o__Actinomycetales;f__Bifidobacteriaceae;g__Bifidobacterium;s__Bifidobacterium moukalabense,iPHoP-RF,90.10,None
NODE_148_length_6221_cov_20.636393,RS_GCF_000012825.1,d__Bacteria;p__Bacteroidota;c__Bacteroidia;o__Bacteroidales;f__Bacteroidaceae;g__Phocaeicola;s__Phocaeicola vulgatus,blast,91.80,iPHoP-RF;59.20
NODE_148_length_6221_cov_20.636393,RS_GCF_013009555.1,d__Bacteria;p__Bacteroidota;c__Bacteroidia;o__Bacteroidales;f__Bacteroidaceae;g__Phocaeicola;s__Phocaeicola dorei,blast,91.80,None
NODE_149_length_1341_cov_4.596423,RS_GCF_001025215.1,d__Bacteria;p__Actinobacteriota;c__Actinomycetia;o__Actinomycetales;f__Bifidobacteriaceae;g__Bifidobacterium;s__Bifidobacterium pseudocatenulatum,iPHoP-RF,94.10,blast;92.00 CRISPR;80.40
NODE_149_length_1341_cov_4.596423,RS_GCF_002742445.1,d__Bacteria;p__Actinobacteriota;c__Actinomycetia;o__Actinomycetales;f__Bifidobacteriaceae;g__Bifidobacterium;s__Bifidobacterium sp002742445,iPHoP-RF,93.10,None
NODE_149_length_1341_cov_4.596423,RS_GCF_000010425.1,d__Bacteria;p__Actinobacteriota;c__Actinomycetia;o__Actinomycetales;f__Bifidobacteriaceae;g__Bifidobacterium;s__Bifidobacterium adolescentis,blast,91.90,iPHoP-RF;83.60 CRISPR;71.20
NODE_149_length_1341_cov_4.596423,RS_GCF_001025175.1,d__Bacteria;p__Actinobacteriota;c__Actinomycetia;o__Actinomycetales;f__Bifidobacteriaceae;g__Bifidobacterium;s__Bifidobacterium breve,blast,90.20,iPHoP-RF;75.20
NODE_149_length_1341_cov_4.596423,GB_GCA_002451435.1,d__Bacteria;p__Actinobacteriota;c__Actinomycetia;o__Actinomycetales;f__Bifidobacteriaceae;g__Bifidobacterium;s__Bifidobacterium sp002451435,iPHoP-RF,90.10,None
NODE_149_length_1341_cov_4.596423,RS_GCF_000196555.1,d__Bacteria;p__Actinobacteriota;c__Actinomycetia;o__Actinomycetales;f__Bifidobacteriaceae;g__Bifidobacterium;s__Bifidobacterium longum,blast,90.10,iPHoP-RF;84.20 CRISPR;73.30
NODE_149_length_1341_cov_4.596423,RS_GCF_000269965.1,d__Bacteria;p__Actinobacteriota;c__Actinomycetia;o__Actinomycetales;f__Bifidobacteriaceae;g__Bifidobacterium;s__Bifidobacterium infantis,blast,90.00,iPHoP-RF;85.70
NODE_14_length_25566_cov_11.862765,RS_GCF_000010425.1,d__Bacteria;p__Actinobacteriota;c__Actinomycetia;o__Actinomycetales;f__Bifidobacteriaceae;g__Bifidobacterium;s__Bifidobacterium adolescentis,CRISPR,98.90,iPHoP-RF;97.10 blast;95.00
NODE_14_length_25566_cov_11.862765,RS_GCF_001025215.1,d__Bacteria;p__Actinobacteriota;c__Actinomycetia;o__Actinomycetales;f__Bifidobacteriaceae;g__Bifidobacterium;s__Bifidobacterium pseudocatenulatum,CRISPR,98.70,iPHoP-RF;97.10 blast;91.10
NODE_14_length_25566_cov_11.862765,RS_GCF_000269965.1,d__Bacteria;p__Actinobacteriota;c__Actinomycetia;o__Actinomycetales;f__Bifidobacteriaceae;g__Bifidobacterium;s__Bifidobacterium infantis,iPHoP-RF,97.10,None
NODE_14_length_25566_cov_11.862765,RS_GCF_000800455.1,d__Bacteria;p__Actinobacteriota;c__Actinomycetia;o__Actinomycetales;f__Bifidobacteriaceae;g__Bifidobacterium;s__Bifidobacterium kashiwanohense_A,iPHoP-RF,97.10,blast;92.60
NODE_14_length_25566_cov_11.862765,RS_GCF_001025195.1,d__Bacteria;p__Actinobacteriota;c__Actinomycetia;o__Actinomycetales;f__Bifidobacteriaceae;g__Bifidobacterium;s__Bifidobacterium catenulatum,iPHoP-RF,97.10,blast;92.10
NODE_14_length_25566_cov_11.862765,RS_GCF_001042615.1,d__Bacteria;p__Actinobacteriota;c__Actinomycetia;o__Actinomycetales;f__Bifidobacteriaceae;g__Bifidobacterium;s__Bifidobacterium kashiwanohense,iPHoP-RF,97.10,blast;92.10
NODE_14_length_25566_cov_11.862765,RS_GCF_000770925.1,d__Bacteria;p__Actinobacteriota;c__Actinomycetia;o__Actinomycetales;f__Bifidobacteriaceae;g__Bifidobacterium;s__Bifidobacterium ruminantium,iPHoP-RF,96.70,None
NODE_14_length_25566_cov_11.862765,RS_GCF_000771265.1,d__Bacteria;p__Actinobacteriota;c__Actinomycetia;o__Actinomycetales;f__Bifidobacteriaceae;g__Bifidobacterium;s__Bifidobacterium thermophilum,iPHoP-RF,96.70,None
NODE_14_length_25566_cov_11.862765,RS_GCF_002742445.1,d__Bacteria;p__Actinobacteriota;c__Actinomycetia;o__Actinomycetales;f__Bifidobacteriaceae;g__Bifidobacterium;s__Bifidobacterium sp002742445,iPHoP-RF,96.70,None
NODE_14_length_25566_cov_11.862765,RS_GCF_003129905.1,d__Bacteria;p__Actinobacteriota;c__Actinomycetia;o__Actinomycetales;f__Bifidobacteriaceae;g__Bifidobacterium;s__Bifidobacterium callitrichidarum,iPHoP-RF,96.70,None
NODE_14_length_25566_cov_11.862765,RS_GCF_001025175.1,d__Bacteria;p__Actinobacteriota;c__Actinomycetia;o__Actinomycetales;f__Bifidobacteriaceae;g__Bifidobacterium;s__Bifidobacterium breve,iPHoP-RF,96.40,None
NODE_14_length_25566_cov_11.862765,RS_GCF_009299485.1,d__Bacteria;p__Actinobacteriota;c__Actinomycetia;o__Actinomycetales;f__Bifidobacteriaceae;g__Bifidobacterium;s__Bifidobacterium apri,iPHoP-RF,96.40,None
NODE_14_length_25566_cov_11.862765,RS_GCF_001042595.1,d__Bacteria;p__Actinobacteriota;c__Actinomycetia;o__Actinomycetales;f__Bifidobacteriaceae;g__Bifidobacterium;s__Bifidobacterium dentium,iPHoP-RF,96.10,None
NODE_14_length_25566_cov_11.862765,RS_GCF_002802865.1,d__Bacteria;p__Actinobacteriota;c__Actinomycetia;o__Actinomycetales;f__Bifidobacteriaceae;g__Bifidobacterium;s__Bifidobacterium scaligerum,iPHoP-RF,96.10,None
NODE_14_length_25566_cov_11.862765,RS_GCF_012932375.1,d__Bacteria;p__Actinobacteriota;c__Actinomycetia;o__Actinomycetales;f__Bifidobacteriaceae;g__Bifidobacterium;s__Bifidobacterium sp012932375,iPHoP-RF,96.10,None
NODE_14_length_25566_cov_11.862765,RS_GCF_002860405.1,d__Bacteria;p__Actinobacteriota;c__Actinomycetia;o__Actinomycetales;f__Bifidobacteriaceae;g__Bifidobacterium;s__Bifidobacterium imperatoris,iPHoP-RF,95.70,None
NODE_14_length_25566_cov_11.862765,GB_GCA_000741495.1,d__Bacteria;p__Actinobacteriota;c__Actinomycetia;o__Actinomycetales;f__Bifidobacteriaceae;g__Bifidobacterium;s__Bifidobacterium thermophilum_A,iPHoP-RF,95.40,None
NODE_14_length_25566_cov_11.862765,RS_GCF_000522505.1,d__Bacteria;p__Actinobacteriota;c__Actinomycetia;o__Actinomycetales;f__Bifidobacteriaceae;g__Bifidobacterium;s__Bifidobacterium moukalabense,iPHoP-RF,95.10,None
NODE_14_length_25566_cov_11.862765,RS_GCF_000196555.1,d__Bacteria;p__Actinobacteriota;c__Actinomycetia;o__Actinomycetales;f__Bifidobacteriaceae;g__Bifidobacterium;s__Bifidobacterium longum,iPHoP-RF,94.70,blast;92.60
NODE_14_length_25566_cov_11.862765,RS_GCF_000741715.1,d__Bacteria;p__Actinobacteriota;c__Actinomycetia;o__Actinomycetales;f__Bifidobacteriaceae;g__Bifidobacterium;s__Bifidobacterium saguini,iPHoP-RF,94.70,None
NODE_14_length_25566_cov_11.862765,RS_GCF_000741535.1,d__Bacteria;p__Actinobacteriota;c__Actinomycetia;o__Actinomycetales;f__Bifidobacteriaceae;g__Bifidobacterium;s__Bifidobacterium boum,iPHoP-RF,94.10,None
NODE_14_length_25566_cov_11.862765,RS_GCF_012932425.1,d__Bacteria;p__Actinobacteriota;c__Actinomycetia;o__Actinomycetales;f__Bifidobacteriaceae;g__Bifidobacterium;s__Bifidobacterium sp012932425,iPHoP-RF,94.10,None
NODE_14_length_25566_cov_11.862765,RS_GCF_009193305.1,d__Bacteria;p__Actinobacteriota;c__Actinomycetia;o__Actinomycetales;f__Bifidobacteriaceae;g__Bifidobacterium;s__Bifidobacterium sp009193305,iPHoP-RF,93.70,None
NODE_14_length_25566_cov_11.862765,RS_GCF_002802915.1,d__Bacteria;p__Actinobacteriota;c__Actinomycetia;o__Actinomycetales;f__Bifidobacteriaceae;g__Bifidobacterium;s__Bifidobacterium felsineum,iPHoP-RF,93.10,None
NODE_14_length_25566_cov_11.862765,RS_GCF_001025135.1,d__Bacteria;p__Actinobacteriota;c__Actinomycetia;o__Actinomycetales;f__Bifidobacteriaceae;g__Bifidobacterium;s__Bifidobacterium bifidum,iPHoP-RF,92.40,blast;89.80 CRISPR;79.10
NODE_14_length_25566_cov_11.862765,RS_GCF_001025155.1,d__Bacteria;p__Actinobacteriota;c__Actinomycetia;o__Actinomycetales;f__Bifidobacteriaceae;g__Bifidobacterium;s__Bifidobacterium angulatum,iPHoP-RF,91.80,None
NODE_14_length_25566_cov_11.862765,RS_GCF_012932675.1,d__Bacteria;p__Actinobacteriota;c__Actinomycetia;o__Actinomycetales;f__Bifidobacteriaceae;g__Bifidobacterium;s__Bifidobacterium sp012932675,iPHoP-RF,91.80,None
NODE_14_length_25566_cov_11.862765,RS_GCF_001417815.1,d__Bacteria;p__Actinobacteriota;c__Actinomycetia;o__Actinomycetales;f__Bifidobacteriaceae;g__Bifidobacterium;s__Bifidobacterium aesculapii,iPHoP-RF,91.40,None
NODE_14_length_25566_cov_11.862765,RS_GCF_012932445.1,d__Bacteria;p__Actinobacteriota;c__Actinomycetia;o__Actinomycetales;f__Bifidobacteriaceae;g__Bifidobacterium;s__Bifidobacterium sp012932445,iPHoP-RF,91.40,None
NODE_14_length_39779_cov_26.175284,RS_GCF_005843885.1,d__Bacteria;p__Proteobacteria;c__Gammaproteobacteria;o__Enterobacterales;f__Enterobacteriaceae;g__Escherichia;s__Escherichia sp005843885,CRISPR,98.40,iPHoP-RF;97.10
NODE_14_length_39779_cov_26.175284,RS_GCF_000026325.1,d__Bacteria;p__Proteobacteria;c__Gammaproteobacteria;o__Enterobacterales;f__Enterobacteriaceae;g__Escherichia;s__Escherichia coli_D,CRISPR,98.20,iPHoP-RF;97.10 blast;96.90
NODE_14_length_39779_cov_26.175284,GB_GCA_003018335.1,d__Bacteria;p__Proteobacteria;c__Gammaproteobacteria;o__Enterobacterales;f__Enterobacteriaceae;g__Escherichia;s__Escherichia coli_C,iPHoP-RF,97.10,None
NODE_14_length_39779_cov_26.175284,RS_GCF_000026225.1,d__Bacteria;p__Proteobacteria;c__Gammaproteobacteria;o__Enterobacterales;f__Enterobacteriaceae;g__Escherichia;s__Escherichia fergusonii,iPHoP-RF,97.10,blast;96.90
NODE_14_length_39779_cov_26.175284,RS_GCF_000208585.1,d__Bacteria;p__Proteobacteria;c__Gammaproteobacteria;o__Enterobacterales;f__Enterobacteriaceae;g__Escherichia;s__Escherichia sp000208585,iPHoP-RF,97.10,None
NODE_14_length_39779_cov_26.175284,RS_GCF_000759775.1,d__Bacteria;p__Proteobacteria;c__Gammaproteobacteria;o__Enterobacterales;f__Enterobacteriaceae;g__Escherichia;s__Escherichia albertii,iPHoP-RF,97.10,None
NODE_14_length_39779_cov_26.175284,RS_GCF_001660175.1,d__Bacteria;p__Proteobacteria;c__Gammaproteobacteria;o__Enterobacterales;f__Enterobacteriaceae;g__Escherichia;s__Escherichia sp001660175,iPHoP-RF,97.10,blast;96.90
NODE_14_length_39779_cov_26.175284,RS_GCF_002900365.1,d__Bacteria;p__Proteobacteria;c__Gammaproteobacteria;o__Enterobacterales;f__Enterobacteriaceae;g__Escherichia;s__Escherichia marmotae,iPHoP-RF,97.10,blast;96.90
NODE_14_length_39779_cov_26.175284,RS_GCF_002949675.1,d__Bacteria;p__Proteobacteria;c__Gammaproteobacteria;o__Enterobacterales;f__Enterobacteriaceae;g__Escherichia;s__Escherichia dysenteriae,iPHoP-RF,97.10,blast;96.90
NODE_14_length_39779_cov_26.175284,RS_GCF_002950215.1,d__Bacteria;p__Proteobacteria;c__Gammaproteobacteria;o__Enterobacterales;f__Enterobacteriaceae;g__Escherichia;s__Escherichia flexneri,iPHoP-RF,97.10,blast;96.90
NODE_14_length_39779_cov_26.175284,RS_GCF_002965065.1,d__Bacteria;p__Proteobacteria;c__Gammaproteobacteria;o__Enterobacterales;f__Enterobacteriaceae;g__Escherichia;s__Escherichia sp002965065,iPHoP-RF,97.10,None
NODE_14_length_39779_cov_26.175284,RS_GCF_003697165.2,d__Bacteria;p__Proteobacteria;c__Gammaproteobacteria;o__Enterobacterales;f__Enterobacteriaceae;g__Escherichia;s__Escherichia coli,iPHoP-RF,97.10,blast;96.90
NODE_14_length_39779_cov_26.175284,RS_GCF_004211955.1,d__Bacteria;p__Proteobacteria;c__Gammaproteobacteria;o__Enterobacterales;f__Enterobacteriaceae;g__Escherichia;s__Escherichia sp004211955,iPHoP-RF,97.10,blast;96.90
NODE_14_length_39779_cov_26.175284,RS_GCF_011881725.1,d__Bacteria;p__Proteobacteria;c__Gammaproteobacteria;o__Enterobacterales;f__Enterobacteriaceae;g__Escherichia;s__Escherichia coli_E,iPHoP-RF,97.10,None
NODE_1501_length_1032_cov_1.957011,RS_GCF_000191405.1,d__Bacteria;p__Proteobacteria;c__Gammaproteobacteria;o__Enterobacterales;f__Pasteurellaceae;g__Haemophilus_D;s__Haemophilus_D parainfluenzae,blast,93.70,iPHoP-RF;87.30
NODE_1501_length_1032_cov_1.957011,RS_GCF_001679485.1,d__Bacteria;p__Proteobacteria;c__Gammaproteobacteria;o__Enterobacterales;f__Pasteurellaceae;g__Haemophilus_D;s__Haemophilus_D sp001679485,blast,92.90,iPHoP-RF;86.00
NODE_1502_length_2006_cov_4.648898,RS_GCF_001077535.1,d__Bacteria;p__Firmicutes_A;c__Clostridia;o__Peptostreptococcales;f__Peptostreptococcaceae;g__Clostridioides;s__Clostridioides difficile,blast,95.80,iPHoP-RF;89.80
NODE_1502_length_2006_cov_4.648898,RS_GCF_900243075.1,d__Bacteria;p__Firmicutes_A;c__Clostridia;o__Peptostreptococcales;f__Peptostreptococcaceae;g__Clostridioides;s__Clostridioides difficile_D,blast,92.30,iPHoP-RF;79.30
NODE_1502_length_2006_cov_4.648898,RS_GCF_000449425.2,d__Bacteria;p__Firmicutes_A;c__Clostridia;o__Peptostreptococcales;f__Peptostreptococcaceae;g__Clostridioides;s__Clostridioides difficile_E,blast,91.50,iPHoP-RF;88.90
NODE_1502_length_2006_cov_4.648898,RS_GCF_001299635.1,d__Bacteria;p__Firmicutes_A;c__Clostridia;o__Peptostreptococcales;f__Peptostreptococcaceae;g__Clostridioides;s__Clostridioides difficile_A,blast,91.20,iPHoP-RF;76.60
NODE_151_length_11622_cov_6.802715,RS_GCF_000025985.1,d__Bacteria;p__Bacteroidota;c__Bacteroidia;o__Bacteroidales;f__Bacteroidaceae;g__Bacteroides;s__Bacteroides fragilis,blast,96.40,iPHoP-RF;85.70
NODE_151_length_11622_cov_6.802715,RS_GCF_002849695.1,d__Bacteria;p__Bacteroidota;c__Bacteroidia;o__Bacteroidales;f__Bacteroidaceae;g__Bacteroides;s__Bacteroides fragilis_A,blast,92.00,iPHoP-RF;68.40
NODE_1526_length_1094_cov_2.713186,RS_GCF_002950215.1,d__Bacteria;p__Proteobacteria;c__Gammaproteobacteria;o__Enterobacterales;f__Enterobacteriaceae;g__Escherichia;s__Escherichia flexneri,blast,95.50,iPHoP-RF;92.80
NODE_1526_length_1094_cov_2.713186,GB_GCA_003018335.1,d__Bacteria;p__Proteobacteria;c__Gammaproteobacteria;o__Enterobacterales;f__Enterobacteriaceae;g__Escherichia;s__Escherichia coli_C,blast,95.20,iPHoP-RF;88.50
NODE_1526_length_1094_cov_2.713186,RS_GCF_000026225.1,d__Bacteria;p__Proteobacteria;c__Gammaproteobacteria;o__Enterobacterales;f__Enterobacteriaceae;g__Escherichia;s__Escherichia fergusonii,blast,95.20,iPHoP-RF;85.40
NODE_1526_length_1094_cov_2.713186,RS_GCF_000026325.1,d__Bacteria;p__Proteobacteria;c__Gammaproteobacteria;o__Enterobacterales;f__Enterobacteriaceae;g__Escherichia;s__Escherichia coli_D,blast,95.20,iPHoP-RF;90.80
NODE_1526_length_1094_cov_2.713186,RS_GCF_002900365.1,d__Bacteria;p__Proteobacteria;c__Gammaproteobacteria;o__Enterobacterales;f__Enterobacteriaceae;g__Escherichia;s__Escherichia marmotae,blast,95.20,iPHoP-RF;93.10
NODE_1526_length_1094_cov_2.713186,RS_GCF_002949675.1,d__Bacteria;p__Proteobacteria;c__Gammaproteobacteria;o__Enterobacterales;f__Enterobacteriaceae;g__Escherichia;s__Escherichia dysenteriae,blast,95.20,iPHoP-RF;90.10
NODE_1526_length_1094_cov_2.713186,RS_GCF_003697165.2,d__Bacteria;p__Proteobacteria;c__Gammaproteobacteria;o__Enterobacterales;f__Enterobacteriaceae;g__Escherichia;s__Escherichia coli,blast,95.10,iPHoP-RF;91.10
NODE_1526_length_1094_cov_2.713186,RS_GCF_000759775.1,d__Bacteria;p__Proteobacteria;c__Gammaproteobacteria;o__Enterobacterales;f__Enterobacteriaceae;g__Escherichia;s__Escherichia albertii,blast,91.20,iPHoP-RF;81.90
NODE_152_length_3616_cov_3.334457,RS_GCF_000741695.1,d__Bacteria;p__Actinobacteriota;c__Actinomycetia;o__Actinomycetales;f__Bifidobacteriaceae;g__Bifidobacterium;s__Bifidobacterium reuteri,iPHoP-RF,94.40,None
NODE_152_length_3616_cov_3.334457,RS_GCF_002259745.1,d__Bacteria;p__Actinobacteriota;c__Actinomycetia;o__Actinomycetales;f__Bifidobacteriaceae;g__Bifidobacterium;s__Bifidobacterium myosotis,iPHoP-RF,93.40,None
NODE_152_length_3616_cov_3.334457,RS_GCF_000196555.1,d__Bacteria;p__Actinobacteriota;c__Actinomycetia;o__Actinomycetales;f__Bifidobacteriaceae;g__Bifidobacterium;s__Bifidobacterium longum,iPHoP-RF,92.80,None
NODE_152_length_3616_cov_3.334457,RS_GCF_002860405.1,d__Bacteria;p__Actinobacteriota;c__Actinomycetia;o__Actinomycetales;f__Bifidobacteriaceae;g__Bifidobacterium;s__Bifidobacterium imperatoris,iPHoP-RF,92.80,None
NODE_152_length_3616_cov_3.334457,RS_GCF_003129905.1,d__Bacteria;p__Actinobacteriota;c__Actinomycetia;o__Actinomycetales;f__Bifidobacteriaceae;g__Bifidobacterium;s__Bifidobacterium callitrichidarum,iPHoP-RF,92.40,None
NODE_152_length_3616_cov_3.334457,RS_GCF_001025175.1,d__Bacteria;p__Actinobacteriota;c__Actinomycetia;o__Actinomycetales;f__Bifidobacteriaceae;g__Bifidobacterium;s__Bifidobacterium breve,iPHoP-RF,92.10,None
NODE_152_length_3616_cov_3.334457,RS_GCF_000741715.1,d__Bacteria;p__Actinobacteriota;c__Actinomycetia;o__Actinomycetales;f__Bifidobacteriaceae;g__Bifidobacterium;s__Bifidobacterium saguini,iPHoP-RF,91.40,None
NODE_152_length_3616_cov_3.334457,RS_GCF_000010425.1,d__Bacteria;p__Actinobacteriota;c__Actinomycetia;o__Actinomycetales;f__Bifidobacteriaceae;g__Bifidobacterium;s__Bifidobacterium adolescentis,blast,91.30,iPHoP-RF;76.10
NODE_152_length_3616_cov_3.334457,RS_GCF_000269965.1,d__Bacteria;p__Actinobacteriota;c__Actinomycetia;o__Actinomycetales;f__Bifidobacteriaceae;g__Bifidobacterium;s__Bifidobacterium infantis,iPHoP-RF,91.10,None
NODE_152_length_3616_cov_3.334457,RS_GCF_009193305.1,d__Bacteria;p__Actinobacteriota;c__Actinomycetia;o__Actinomycetales;f__Bifidobacteriaceae;g__Bifidobacterium;s__Bifidobacterium sp009193305,iPHoP-RF,90.50,None
NODE_153_length_12400_cov_9.887809,RS_GCF_903181435.1,d__Bacteria;p__Bacteroidota;c__Bacteroidia;o__Bacteroidales;f__Bacteroidaceae;g__Bacteroides;s__Bacteroides acidifaciens_A,iPHoP-RF,96.70,None
NODE_153_length_12400_cov_9.887809,GB_GCA_900761785.1,d__Bacteria;p__Bacteroidota;c__Bacteroidia;o__Bacteroidales;f__Bacteroidaceae;g__Bacteroides;s__Bacteroides sp900761785,iPHoP-RF,96.40,None
NODE_153_length_12400_cov_9.887809,RS_GCF_000156195.1,d__Bacteria;p__Bacteroidota;c__Bacteroidia;o__Bacteroidales;f__Bacteroidaceae;g__Bacteroides;s__Bacteroides finegoldii,iPHoP-RF,96.40,None
NODE_153_length_12400_cov_9.887809,RS_GCF_009193295.2,d__Bacteria;p__Bacteroidota;c__Bacteroidia;o__Bacteroidales;f__Bacteroidaceae;g__Bacteroides;s__Bacteroides sp007097645,iPHoP-RF,96.40,None
NODE_153_length_12400_cov_9.887809,RS_GCF_009193325.2,d__Bacteria;p__Bacteroidota;c__Bacteroidia;o__Bacteroidales;f__Bacteroidaceae;g__Bacteroides;s__Bacteroides sp900066265,iPHoP-RF,96.40,None
NODE_153_length_12400_cov_9.887809,RS_GCF_012113595.1,d__Bacteria;p__Bacteroidota;c__Bacteroidia;o__Bacteroidales;f__Bacteroidaceae;g__Bacteroides;s__Bacteroides sp012113595,iPHoP-RF,96.40,blast;90.20
NODE_153_length_12400_cov_9.887809,GB_GCA_900755095.1,d__Bacteria;p__Bacteroidota;c__Bacteroidia;o__Bacteroidales;f__Bacteroidaceae;g__Bacteroides;s__Bacteroides sp900755095,iPHoP-RF,96.10,None
NODE_153_length_12400_cov_9.887809,RS_GCF_000025985.1,d__Bacteria;p__Bacteroidota;c__Bacteroidia;o__Bacteroidales;f__Bacteroidaceae;g__Bacteroides;s__Bacteroides fragilis,blast,96.10,iPHoP-RF;86.30
NODE_153_length_12400_cov_9.887809,RS_GCF_000613385.1,d__Bacteria;p__Bacteroidota;c__Bacteroidia;o__Bacteroidales;f__Bacteroidaceae;g__Bacteroides;s__Bacteroides acidifaciens,iPHoP-RF,96.10,None
NODE_153_length_12400_cov_9.887809,RS_GCF_001314995.1,d__Bacteria;p__Bacteroidota;c__Bacteroidia;o__Bacteroidales;f__Bacteroidaceae;g__Bacteroides;s__Bacteroides ovatus,iPHoP-RF,96.10,None
NODE_153_length_12400_cov_9.887809,RS_GCF_001688725.2,d__Bacteria;p__Bacteroidota;c__Bacteroidia;o__Bacteroidales;f__Bacteroidaceae;g__Bacteroides;s__Bacteroides caecimuris,iPHoP-RF,96.10,None
NODE_153_length_12400_cov_9.887809,RS_GCF_900130125.1,d__Bacteria;p__Bacteroidota;c__Bacteroidia;o__Bacteroidales;f__Bacteroidaceae;g__Bacteroides;s__Bacteroides congonensis,iPHoP-RF,96.10,None
NODE_153_length_12400_cov_9.887809,GB_GCA_900547205.1,d__Bacteria;p__Bacteroidota;c__Bacteroidia;o__Bacteroidales;f__Bacteroidaceae;g__Bacteroides;s__Bacteroides sp900547205,iPHoP-RF,95.70,blast;90.40
NODE_153_length_12400_cov_9.887809,GB_GCA_900556625.1,d__Bacteria;p__Bacteroidota;c__Bacteroidia;o__Bacteroidales;f__Bacteroidaceae;g__Bacteroides;s__Bacteroides sp900556625,iPHoP-RF,95.40,None
NODE_153_length_12400_cov_9.887809,RS_GCF_014334015.1,d__Bacteria;p__Bacteroidota;c__Bacteroidia;o__Bacteroidales;f__Bacteroidaceae;g__Bacteroides;s__Bacteroides sp003463205,iPHoP-RF,95.10,None
NODE_153_length_12400_cov_9.887809,RS_GCF_902362375.1,d__Bacteria;p__Bacteroidota;c__Bacteroidia;o__Bacteroidales;f__Bacteroidaceae;g__Bacteroides;s__Bacteroides sp902362375,iPHoP-RF,95.10,None
NODE_153_length_12400_cov_9.887809,RS_GCF_002222615.2,d__Bacteria;p__Bacteroidota;c__Bacteroidia;o__Bacteroidales;f__Bacteroidaceae;g__Bacteroides;s__Bacteroides caccae,iPHoP-RF,94.70,None
NODE_153_length_12400_cov_9.887809,GB_GCA_000210075.1,d__Bacteria;p__Bacteroidota;c__Bacteroidia;o__Bacteroidales;f__Bacteroidaceae;g__Bacteroides;s__Bacteroides xylanisolvens,iPHoP-RF,94.10,None
NODE_153_length_12400_cov_9.887809,GB_GCA_900765785.1,d__Bacteria;p__Bacteroidota;c__Bacteroidia;o__Bacteroidales;f__Bacteroidaceae;g__Bacteroides;s__Bacteroides sp900765785,iPHoP-RF,93.70,None
NODE_153_length_12400_cov_9.887809,RS_GCF_000011065.1,d__Bacteria;p__Bacteroidota;c__Bacteroidia;o__Bacteroidales;f__Bacteroidaceae;g__Bacteroides;s__Bacteroides thetaiotaomicron,iPHoP-RF,93.40,None
NODE_153_length_12400_cov_9.887809,RS_GCF_900106755.1,d__Bacteria;p__Bacteroidota;c__Bacteroidia;o__Bacteroidales;f__Bacteroidaceae;g__Bacteroides;s__Bacteroides faecis,iPHoP-RF,93.40,None
NODE_154_length_2113_cov_4.757046,RS_GCF_900447045.1,d__Bacteria;p__Firmicutes_A;c__Clostridia;o__Clostridiales;f__Clostridiaceae;g__Clostridium;s__Clostridium paraputrificum,blast,93.90,iPHoP-RF;77.80
NODE_154_length_2113_cov_4.757046,RS_GCF_900141845.1,d__Bacteria;p__Firmicutes_A;c__Clostridia;o__Clostridiales;f__Clostridiaceae;g__Clostridium_AG;s__Clostridium_AG cavendishii,blast,92.10,iPHoP-RF;78.30
NODE_1558_length_1010_cov_2.902618,RS_GCF_000191405.1,d__Bacteria;p__Proteobacteria;c__Gammaproteobacteria;o__Enterobacterales;f__Pasteurellaceae;g__Haemophilus_D;s__Haemophilus_D parainfluenzae,blast,93.40,iPHoP-RF;54.40
NODE_155_length_5302_cov_6.040404,RS_GCF_000010425.1,d__Bacteria;p__Actinobacteriota;c__Actinomycetia;o__Actinomycetales;f__Bifidobacteriaceae;g__Bifidobacterium;s__Bifidobacterium adolescentis,CRISPR,94.00,blast;93.90 iPHoP-RF;83.30
NODE_155_length_5302_cov_6.040404,RS_GCF_000269965.1,d__Bacteria;p__Actinobacteriota;c__Actinomycetia;o__Actinomycetales;f__Bifidobacteriaceae;g__Bifidobacterium;s__Bifidobacterium infantis,blast,91.70,iPHoP-RF;84.50
NODE_155_length_5302_cov_6.040404,RS_GCF_001025135.1,d__Bacteria;p__Actinobacteriota;c__Actinomycetia;o__Actinomycetales;f__Bifidobacteriaceae;g__Bifidobacterium;s__Bifidobacterium bifidum,blast,91.70,iPHoP-RF;81.90 CRISPR;64.10
NODE_1569_length_1040_cov_2.188832,RS_GCF_002949675.1,d__Bacteria;p__Proteobacteria;c__Gammaproteobacteria;o__Enterobacterales;f__Enterobacteriaceae;g__Escherichia;s__Escherichia dysenteriae,blast,97.30,iPHoP-RF;75.20
NODE_1569_length_1040_cov_2.188832,RS_GCF_003697165.2,d__Bacteria;p__Proteobacteria;c__Gammaproteobacteria;o__Enterobacterales;f__Enterobacteriaceae;g__Escherichia;s__Escherichia coli,blast,97.30,iPHoP-RF;75.40
NODE_1569_length_1040_cov_2.188832,RS_GCF_002950215.1,d__Bacteria;p__Proteobacteria;c__Gammaproteobacteria;o__Enterobacterales;f__Enterobacteriaceae;g__Escherichia;s__Escherichia flexneri,blast,97.10,iPHoP-RF;75.70
NODE_1569_length_1040_cov_2.188832,RS_GCF_000759775.1,d__Bacteria;p__Proteobacteria;c__Gammaproteobacteria;o__Enterobacterales;f__Enterobacteriaceae;g__Escherichia;s__Escherichia albertii,blast,91.20,iPHoP-RF;78.00
NODE_1569_length_1040_cov_2.188832,RS_GCF_000759815.1,d__Bacteria;p__Proteobacteria;c__Gammaproteobacteria;o__Enterobacterales;f__Enterobacteriaceae;g__Citrobacter_A;s__Citrobacter_A rodentium,blast,90.40,None
NODE_157_length_3404_cov_4.959988,RS_GCF_002850555.1,d__Bacteria;p__Firmicutes;c__Bacilli;o__Lactobacillales;f__Enterococcaceae;g__Enterococcus_D;s__Enterococcus_D sp002850555,blast,95.40,iPHoP-RF;91.80
NODE_157_length_3404_cov_4.959988,RS_GCF_001544095.1,d__Bacteria;p__Firmicutes;c__Bacilli;o__Lactobacillales;f__Enterococcaceae;g__Enterococcus_D;s__Enterococcus_D casseliflavus,blast,95.00,iPHoP-RF;90.50
NODE_157_length_3404_cov_4.959988,RS_GCF_002140915.1,d__Bacteria;p__Firmicutes;c__Bacilli;o__Lactobacillales;f__Enterococcaceae;g__Enterococcus_D;s__Enterococcus_D sp002140915,blast,90.60,iPHoP-RF;77.10
NODE_157_length_5400_cov_7.518990,RS_GCF_000449425.2,d__Bacteria;p__Firmicutes_A;c__Clostridia;o__Peptostreptococcales;f__Peptostreptococcaceae;g__Clostridioides;s__Clostridioides difficile_E,blast,93.80,iPHoP-RF;83.90
NODE_157_length_5400_cov_7.518990,RS_GCF_001077535.1,d__Bacteria;p__Firmicutes_A;c__Clostridia;o__Peptostreptococcales;f__Peptostreptococcaceae;g__Clostridioides;s__Clostridioides difficile,blast,93.00,iPHoP-RF;82.20
NODE_158_length_5208_cov_16.826121,RS_GCF_000196555.1,d__Bacteria;p__Actinobacteriota;c__Actinomycetia;o__Actinomycetales;f__Bifidobacteriaceae;g__Bifidobacterium;s__Bifidobacterium longum,blast,94.70,iPHoP-RF;84.80
NODE_158_length_5208_cov_16.826121,RS_GCF_000269965.1,d__Bacteria;p__Actinobacteriota;c__Actinomycetia;o__Actinomycetales;f__Bifidobacteriaceae;g__Bifidobacterium;s__Bifidobacterium infantis,blast,93.70,iPHoP-RF;80.60
NODE_158_length_5208_cov_16.826121,RS_GCF_001025175.1,d__Bacteria;p__Actinobacteriota;c__Actinomycetia;o__Actinomycetales;f__Bifidobacteriaceae;g__Bifidobacterium;s__Bifidobacterium breve,blast,92.00,iPHoP-RF;83.10
NODE_1594_length_1007_cov_7.385504,RS_GCF_002949675.1,d__Bacteria;p__Proteobacteria;c__Gammaproteobacteria;o__Enterobacterales;f__Enterobacteriaceae;g__Escherichia;s__Escherichia dysenteriae,blast,96.00,iPHoP-RF;75.00
NODE_1594_length_1007_cov_7.385504,GB_GCA_003018335.1,d__Bacteria;p__Proteobacteria;c__Gammaproteobacteria;o__Enterobacterales;f__Enterobacteriaceae;g__Escherichia;s__Escherichia coli_C,blast,95.70,iPHoP-RF;77.80
NODE_1594_length_1007_cov_7.385504,RS_GCF_000026225.1,d__Bacteria;p__Proteobacteria;c__Gammaproteobacteria;o__Enterobacterales;f__Enterobacteriaceae;g__Escherichia;s__Escherichia fergusonii,blast,95.70,iPHoP-RF;71.30
NODE_1594_length_1007_cov_7.385504,RS_GCF_000026325.1,d__Bacteria;p__Proteobacteria;c__Gammaproteobacteria;o__Enterobacterales;f__Enterobacteriaceae;g__Escherichia;s__Escherichia coli_D,blast,95.70,iPHoP-RF;78.50
NODE_1594_length_1007_cov_7.385504,RS_GCF_000208585.1,d__Bacteria;p__Proteobacteria;c__Gammaproteobacteria;o__Enterobacterales;f__Enterobacteriaceae;g__Escherichia;s__Escherichia sp000208585,blast,95.70,iPHoP-RF;79.80
NODE_1594_length_1007_cov_7.385504,RS_GCF_002900365.1,d__Bacteria;p__Proteobacteria;c__Gammaproteobacteria;o__Enterobacterales;f__Enterobacteriaceae;g__Escherichia;s__Escherichia marmotae,blast,95.70,iPHoP-RF;77.10
NODE_1594_length_1007_cov_7.385504,RS_GCF_005843885.1,d__Bacteria;p__Proteobacteria;c__Gammaproteobacteria;o__Enterobacterales;f__Enterobacteriaceae;g__Escherichia;s__Escherichia sp005843885,blast,95.70,iPHoP-RF;75.70
NODE_1594_length_1007_cov_7.385504,RS_GCF_011881725.1,d__Bacteria;p__Proteobacteria;c__Gammaproteobacteria;o__Enterobacterales;f__Enterobacteriaceae;g__Escherichia;s__Escherichia coli_E,blast,95.70,iPHoP-RF;76.60
NODE_1594_length_1007_cov_7.385504,RS_GCF_003697165.2,d__Bacteria;p__Proteobacteria;c__Gammaproteobacteria;o__Enterobacterales;f__Enterobacteriaceae;g__Escherichia;s__Escherichia coli,blast,95.50,iPHoP-RF;76.60
NODE_1594_length_1007_cov_7.385504,RS_GCF_002950215.1,d__Bacteria;p__Proteobacteria;c__Gammaproteobacteria;o__Enterobacterales;f__Enterobacteriaceae;g__Escherichia;s__Escherichia flexneri,blast,93.90,iPHoP-RF;77.50
NODE_1594_length_1007_cov_7.385504,RS_GCF_000759775.1,d__Bacteria;p__Proteobacteria;c__Gammaproteobacteria;o__Enterobacterales;f__Enterobacteriaceae;g__Escherichia;s__Escherichia albertii,blast,91.50,iPHoP-RF;68.90
NODE_159_length_3508_cov_4.616276,GB_GCA_900550975.1,d__Bacteria;p__Firmicutes_A;c__Clostridia;o__Lachnospirales;f__Lachnospiraceae;g__Faecalimonas;s__Faecalimonas sp900550975,blast,93.90,iPHoP-RF;79.00
NODE_159_length_3508_cov_4.616276,RS_GCF_008121495.1,d__Bacteria;p__Firmicutes_A;c__Clostridia;o__Lachnospirales;f__Lachnospiraceae;g__Ruminococcus_B;s__Ruminococcus_B gnavus,blast,93.10,iPHoP-RF;89.80
NODE_15_length_25124_cov_76.089912,RS_GCF_900637025.1,d__Bacteria;p__Firmicutes;c__Bacilli;o__Lactobacillales;f__Streptococcaceae;g__Streptococcus;s__Streptococcus oralis,CRISPR,97.30,iPHoP-RF;73.50
NODE_15_length_25124_cov_76.089912,RS_GCF_000287715.1,d__Bacteria;p__Firmicutes;c__Bacilli;o__Lactobacillales;f__Streptococcaceae;g__Streptococcus;s__Streptococcus oralis_Y,CRISPR,94.60,iPHoP-RF;73.50
NODE_1602_length_1002_cov_4.308342,RS_GCF_003697165.2,d__Bacteria;p__Proteobacteria;c__Gammaproteobacteria;o__Enterobacterales;f__Enterobacteriaceae;g__Escherichia;s__Escherichia coli,blast,96.50,iPHoP-RF;63.80
NODE_1602_length_1002_cov_4.308342,RS_GCF_004211955.1,d__Bacteria;p__Proteobacteria;c__Gammaproteobacteria;o__Enterobacterales;f__Enterobacteriaceae;g__Escherichia;s__Escherichia sp004211955,blast,96.50,iPHoP-RF;63.80
NODE_1602_length_1002_cov_4.308342,RS_GCF_002950215.1,d__Bacteria;p__Proteobacteria;c__Gammaproteobacteria;o__Enterobacterales;f__Enterobacteriaceae;g__Escherichia;s__Escherichia flexneri,blast,96.40,iPHoP-RF;66.80
NODE_1602_length_1002_cov_4.308342,RS_GCF_000026325.1,d__Bacteria;p__Proteobacteria;c__Gammaproteobacteria;o__Enterobacterales;f__Enterobacteriaceae;g__Escherichia;s__Escherichia coli_D,blast,95.90,iPHoP-RF;64.00
NODE_160_length_3481_cov_3.781086,RS_GCF_000196555.1,d__Bacteria;p__Actinobacteriota;c__Actinomycetia;o__Actinomycetales;f__Bifidobacteriaceae;g__Bifidobacterium;s__Bifidobacterium longum,blast,92.80,iPHoP-RF;91.10
NODE_160_length_3481_cov_3.781086,RS_GCF_000269965.1,d__Bacteria;p__Actinobacteriota;c__Actinomycetia;o__Actinomycetales;f__Bifidobacteriaceae;g__Bifidobacterium;s__Bifidobacterium infantis,blast,91.90,iPHoP-RF;87.30
NODE_160_length_5179_cov_5.348361,RS_GCF_003293635.1,d__Bacteria;p__Firmicutes_A;c__Clostridia;o__Oscillospirales;f__Ruminococcaceae;g__Faecalibacterium;s__Faecalibacterium prausnitzii_G,blast,98.40,iPHoP-RF;79.80
NODE_160_length_5179_cov_5.348361,GB_GCA_900758465.1,d__Bacteria;p__Firmicutes_A;c__Clostridia;o__Oscillospirales;f__Ruminococcaceae;g__Faecalibacterium;s__Faecalibacterium sp900758465,blast,91.20,iPHoP-RF;79.00
NODE_160_length_5179_cov_5.348361,GB_GCA_900551435.1,d__Bacteria;p__Firmicutes_A;c__Clostridia;o__Oscillospirales;f__Ruminococcaceae;g__Faecalibacterium;s__Faecalibacterium sp900551435,blast,90.90,iPHoP-RF;55.20
NODE_1618_length_1147_cov_4.225275,GB_GCA_003018335.1,d__Bacteria;p__Proteobacteria;c__Gammaproteobacteria;o__Enterobacterales;f__Enterobacteriaceae;g__Escherichia;s__Escherichia coli_C,blast,95.50,iPHoP-RF;78.70
NODE_1618_length_1147_cov_4.225275,RS_GCF_000026325.1,d__Bacteria;p__Proteobacteria;c__Gammaproteobacteria;o__Enterobacterales;f__Enterobacteriaceae;g__Escherichia;s__Escherichia coli_D,blast,95.10,iPHoP-RF;79.80
NODE_1618_length_1147_cov_4.225275,RS_GCF_002950215.1,d__Bacteria;p__Proteobacteria;c__Gammaproteobacteria;o__Enterobacterales;f__Enterobacteriaceae;g__Escherichia;s__Escherichia flexneri,blast,94.30,iPHoP-RF;79.30
NODE_1618_length_1147_cov_4.225275,RS_GCF_000208585.1,d__Bacteria;p__Proteobacteria;c__Gammaproteobacteria;o__Enterobacterales;f__Enterobacteriaceae;g__Escherichia;s__Escherichia sp000208585,blast,93.20,iPHoP-RF;79.30
NODE_1618_length_1147_cov_4.225275,RS_GCF_000759775.1,d__Bacteria;p__Proteobacteria;c__Gammaproteobacteria;o__Enterobacterales;f__Enterobacteriaceae;g__Escherichia;s__Escherichia albertii,blast,91.10,iPHoP-RF;77.50
NODE_161_length_5158_cov_6.566921,RS_GCF_003293635.1,d__Bacteria;p__Firmicutes_A;c__Clostridia;o__Oscillospirales;f__Ruminococcaceae;g__Faecalibacterium;s__Faecalibacterium prausnitzii_G,blast,97.80,iPHoP-RF;85.40
NODE_161_length_5158_cov_6.566921,RS_GCF_002549755.1,d__Bacteria;p__Firmicutes_A;c__Clostridia;o__Oscillospirales;f__Ruminococcaceae;g__Faecalibacterium;s__Faecalibacterium prausnitzii_D,blast,95.30,iPHoP-RF;82.50
NODE_161_length_5158_cov_6.566921,RS_GCF_003287405.1,d__Bacteria;p__Firmicutes_A;c__Clostridia;o__Oscillospirales;f__Ruminococcaceae;g__Faecalibacterium;s__Faecalibacterium prausnitzii_J,blast,93.70,iPHoP-RF;74.30
NODE_161_length_5158_cov_6.566921,GB_GCA_900758465.1,d__Bacteria;p__Firmicutes_A;c__Clostridia;o__Oscillospirales;f__Ruminococcaceae;g__Faecalibacterium;s__Faecalibacterium sp900758465,blast,92.30,iPHoP-RF;83.60
NODE_161_length_5158_cov_6.566921,GB_GCA_900772565.1,d__Bacteria;p__Firmicutes_A;c__Clostridia;o__Oscillospirales;f__Ruminococcaceae;g__Faecalibacterium;s__Faecalibacterium sp900772565,blast,91.30,iPHoP-RF;83.30
NODE_161_length_5158_cov_6.566921,RS_GCF_003324185.1,d__Bacteria;p__Firmicutes_A;c__Clostridia;o__Oscillospirales;f__Ruminococcaceae;g__Faecalibacterium;s__Faecalibacterium prausnitzii,blast,91.30,iPHoP-RF;79.80
NODE_161_length_5158_cov_6.566921,RS_GCF_002550015.1,d__Bacteria;p__Firmicutes_A;c__Clostridia;o__Oscillospirales;f__Ruminococcaceae;g__Faecalibacterium;s__Faecalibacterium prausnitzii_A,blast,91.00,iPHoP-RF;76.40
NODE_161_length_5158_cov_6.566921,GB_GCA_003449675.1,d__Bacteria;p__Firmicutes_A;c__Clostridia;o__Oscillospirales;f__Ruminococcaceae;g__Faecalibacterium;s__Faecalibacterium sp003449675,blast,90.80,iPHoP-RF;82.20
NODE_161_length_5158_cov_6.566921,RS_GCF_002550035.1,d__Bacteria;p__Firmicutes_A;c__Clostridia;o__Oscillospirales;f__Ruminococcaceae;g__Faecalibacterium;s__Faecalibacterium prausnitzii_E,blast,90.80,iPHoP-RF;68.90
NODE_161_length_5158_cov_6.566921,RS_GCF_002549775.1,d__Bacteria;p__Firmicutes_A;c__Clostridia;o__Oscillospirales;f__Ruminococcaceae;g__Faecalibacterium;s__Faecalibacterium prausnitzii_F,blast,90.50,iPHoP-RF;58.40
NODE_161_length_5158_cov_6.566921,GB_GCA_900539885.1,d__Bacteria;p__Firmicutes_A;c__Clostridia;o__Oscillospirales;f__Ruminococcaceae;g__Faecalibacterium;s__Faecalibacterium sp900539885,blast,90.40,iPHoP-RF;78.30
NODE_161_length_5158_cov_6.566921,GB_GCA_900539945.1,d__Bacteria;p__Firmicutes_A;c__Clostridia;o__Oscillospirales;f__Ruminococcaceae;g__Faecalibacterium;s__Faecalibacterium sp900539945,blast,90.40,iPHoP-RF;59.20
NODE_1622_length_1425_cov_3.814599,RS_GCF_001718315.1,d__Bacteria;p__Proteobacteria;c__Gammaproteobacteria;o__Burkholderiales;f__Burkholderiaceae;g__Burkholderia;s__Burkholderia diffusa_B,iPHoP-RF,96.40,blast;92.00
NODE_1622_length_1425_cov_3.814599,RS_GCF_902499125.1,d__Bacteria;p__Proteobacteria;c__Gammaproteobacteria;o__Burkholderiales;f__Burkholderiaceae;g__Burkholderia;s__Burkholderia arboris,iPHoP-RF,96.10,blast;92.70
NODE_1622_length_1425_cov_3.814599,RS_GCF_001742165.1,d__Bacteria;p__Proteobacteria;c__Gammaproteobacteria;o__Burkholderiales;f__Burkholderiaceae;g__Burkholderia;s__Burkholderia stabilis,iPHoP-RF,95.70,blast;89.50
NODE_1622_length_1425_cov_3.814599,RS_GCF_902833225.1,d__Bacteria;p__Proteobacteria;c__Gammaproteobacteria;o__Burkholderiales;f__Burkholderiaceae;g__Burkholderia;s__Burkholderia sp902833225,iPHoP-RF,95.70,blast;92.70
NODE_1622_length_1425_cov_3.814599,RS_GCF_003330765.1,d__Bacteria;p__Proteobacteria;c__Gammaproteobacteria;o__Burkholderiales;f__Burkholderiaceae;g__Burkholderia;s__Burkholderia pyrrocinia_B,iPHoP-RF,95.40,blast;90.70
NODE_1622_length_1425_cov_3.814599,RS_GCF_014211915.1,d__Bacteria;p__Proteobacteria;c__Gammaproteobacteria;o__Burkholderiales;f__Burkholderiaceae;g__Burkholderia;s__Burkholderia cenocepacia_B,iPHoP-RF,95.40,blast;92.10
NODE_1622_length_1425_cov_3.814599,RS_GCF_902832885.1,d__Bacteria;p__Proteobacteria;c__Gammaproteobacteria;o__Burkholderiales;f__Burkholderiaceae;g__Burkholderia;s__Burkholderia seminalis,iPHoP-RF,94.70,blast;92.10
NODE_1622_length_1425_cov_3.814599,RS_GCF_000987075.1,d__Bacteria;p__Proteobacteria;c__Gammaproteobacteria;o__Burkholderiales;f__Burkholderiaceae;g__Burkholderia;s__Burkholderia contaminans,iPHoP-RF,94.40,None
NODE_1622_length_1425_cov_3.814599,RS_GCF_001883705.1,d__Bacteria;p__Proteobacteria;c__Gammaproteobacteria;o__Burkholderiales;f__Burkholderiaceae;g__Burkholderia;s__Burkholderia catarinensis,iPHoP-RF,94.40,blast;89.00
NODE_1622_length_1425_cov_3.814599,RS_GCF_000012945.1,d__Bacteria;p__Proteobacteria;c__Gammaproteobacteria;o__Burkholderiales;f__Burkholderiaceae;g__Burkholderia;s__Burkholderia lata,iPHoP-RF,94.10,None
NODE_1622_length_1425_cov_3.814599,RS_GCF_001028665.1,d__Bacteria;p__Proteobacteria;c__Gammaproteobacteria;o__Burkholderiales;f__Burkholderiaceae;g__Burkholderia;s__Burkholderia pyrrocinia,iPHoP-RF,94.10,None
NODE_1622_length_1425_cov_3.814599,RS_GCF_001411495.1,d__Bacteria;p__Proteobacteria;c__Gammaproteobacteria;o__Burkholderiales;f__Burkholderiaceae;g__Burkholderia;s__Burkholderia cepacia,iPHoP-RF,93.70,blast;88.80
NODE_1622_length_1425_cov_3.814599,RS_GCF_902833055.1,d__Bacteria;p__Proteobacteria;c__Gammaproteobacteria;o__Burkholderiales;f__Burkholderiaceae;g__Burkholderia;s__Burkholderia territorii,iPHoP-RF,93.70,None
NODE_1622_length_1425_cov_3.814599,RS_GCF_000203915.1,d__Bacteria;p__Proteobacteria;c__Gammaproteobacteria;o__Burkholderiales;f__Burkholderiaceae;g__Burkholderia;s__Burkholderia ambifaria,iPHoP-RF,93.40,blast;91.00
NODE_1622_length_1425_cov_3.814599,RS_GCF_003853705.1,d__Bacteria;p__Proteobacteria;c__Gammaproteobacteria;o__Burkholderiales;f__Burkholderiaceae;g__Burkholderia;s__Burkholderia sp003853705,iPHoP-RF,93.40,None
NODE_1622_length_1425_cov_3.814599,RS_GCF_902832845.1,d__Bacteria;p__Proteobacteria;c__Gammaproteobacteria;o__Burkholderiales;f__Burkholderiaceae;g__Burkholderia;s__Burkholderia metallica,iPHoP-RF,93.40,None
NODE_1622_length_1425_cov_3.814599,RS_GCF_902833045.1,d__Bacteria;p__Proteobacteria;c__Gammaproteobacteria;o__Burkholderiales;f__Burkholderiaceae;g__Burkholderia;s__Burkholderia sp902833045,iPHoP-RF,93.40,None
NODE_1622_length_1425_cov_3.814599,RS_GCF_002099195.1,d__Bacteria;p__Proteobacteria;c__Gammaproteobacteria;o__Burkholderiales;f__Burkholderiaceae;g__Burkholderia;s__Burkholderia puraquae,iPHoP-RF,93.10,None
NODE_1622_length_1425_cov_3.814599,RS_GCF_003711145.1,d__Bacteria;p__Proteobacteria;c__Gammaproteobacteria;o__Burkholderiales;f__Burkholderiaceae;g__Burkholderia;s__Burkholderia cepacia_E,iPHoP-RF,92.80,None
NODE_1622_length_1425_cov_3.814599,RS_GCF_003635165.1,d__Bacteria;p__Proteobacteria;c__Gammaproteobacteria;o__Burkholderiales;f__Burkholderiaceae;g__Burkholderia;s__Burkholderia sp003635165,iPHoP-RF,92.10,blast;86.50
NODE_1622_length_1425_cov_3.814599,RS_GCF_003853645.1,d__Bacteria;p__Proteobacteria;c__Gammaproteobacteria;o__Burkholderiales;f__Burkholderiaceae;g__Burkholderia;s__Burkholderia sp003853645,iPHoP-RF,92.10,None
NODE_1622_length_1425_cov_3.814599,RS_GCF_902499115.1,d__Bacteria;p__Proteobacteria;c__Gammaproteobacteria;o__Burkholderiales;f__Burkholderiaceae;g__Burkholderia;s__Burkholderia diffusa,iPHoP-RF,92.10,None
NODE_1622_length_1425_cov_3.814599,RS_GCF_001443045.1,d__Bacteria;p__Proteobacteria;c__Gammaproteobacteria;o__Burkholderiales;f__Burkholderiaceae;g__Burkholderia;s__Burkholderia ambifaria_A,iPHoP-RF,91.40,None
NODE_1622_length_1425_cov_3.814599,RS_GCF_003853415.1,d__Bacteria;p__Proteobacteria;c__Gammaproteobacteria;o__Burkholderiales;f__Burkholderiaceae;g__Burkholderia;s__Burkholderia sp003853415,iPHoP-RF,91.10,None
NODE_1622_length_1425_cov_3.814599,RS_GCF_902498995.1,d__Bacteria;p__Proteobacteria;c__Gammaproteobacteria;o__Burkholderiales;f__Burkholderiaceae;g__Burkholderia;s__Burkholderia anthina,iPHoP-RF,91.10,None
NODE_1622_length_1425_cov_3.814599,RS_GCF_902833145.1,d__Bacteria;p__Proteobacteria;c__Gammaproteobacteria;o__Burkholderiales;f__Burkholderiaceae;g__Burkholderia;s__Burkholderia sp902833145,iPHoP-RF,91.10,None
NODE_1622_length_1425_cov_3.814599,RS_GCF_001039005.1,d__Bacteria;p__Proteobacteria;c__Gammaproteobacteria;o__Burkholderiales;f__Burkholderiaceae;g__Burkholderia;s__Burkholderia cepacia_C,iPHoP-RF,90.80,blast;88.30
NODE_1622_length_1425_cov_3.814599,RS_GCF_902499335.1,d__Bacteria;p__Proteobacteria;c__Gammaproteobacteria;o__Burkholderiales;f__Burkholderiaceae;g__Burkholderia;s__Burkholderia lata_B,iPHoP-RF,90.50,None
NODE_162_length_3483_cov_3.886523,RS_GCF_000025985.1,d__Bacteria;p__Bacteroidota;c__Bacteroidia;o__Bacteroidales;f__Bacteroidaceae;g__Bacteroides;s__Bacteroides fragilis,blast,93.90,iPHoP-RF;71.90
NODE_162_length_3483_cov_3.886523,RS_GCF_002849695.1,d__Bacteria;p__Bacteroidota;c__Bacteroidia;o__Bacteroidales;f__Bacteroidaceae;g__Bacteroides;s__Bacteroides fragilis_A,blast,92.10,iPHoP-RF;70.90
NODE_162_length_3483_cov_3.886523,3300008478_3,d__Bacteria;p__Bacteroidota;c__Bacteroidia;o__Bacteroidales;f__Coprobacteraceae;g__Coprobacter;s__,blast,90.80,None
NODE_163_length_3442_cov_4.336286,GB_GCA_000435835.1,d__Bacteria;p__Firmicutes_A;c__Clostridia;o__Clostridiales;f__Clostridiaceae;g__Clostridium;s__Clostridium sp000435835,blast,93.00,iPHoP-RF;92.10
NODE_163_length_3442_cov_4.336286,RS_GCF_014287815.1,d__Bacteria;p__Firmicutes_A;c__Clostridia;o__Clostridiales;f__Clostridiaceae;g__Clostridium;s__Clostridium sp001916075,iPHoP-RF,92.10,None
NODE_163_length_4924_cov_6.963237,RS_GCF_000449425.2,d__Bacteria;p__Firmicutes_A;c__Clostridia;o__Peptostreptococcales;f__Peptostreptococcaceae;g__Clostridioides;s__Clostridioides difficile_E,blast,93.30,iPHoP-RF;72.80
NODE_163_length_4924_cov_6.963237,RS_GCF_001077535.1,d__Bacteria;p__Firmicutes_A;c__Clostridia;o__Peptostreptococcales;f__Peptostreptococcaceae;g__Clostridioides;s__Clostridioides difficile,blast,91.80,iPHoP-RF;72.20 CRISPR;67.50
NODE_1657_length_1849_cov_4.321070,RS_GCF_002949675.1,d__Bacteria;p__Proteobacteria;c__Gammaproteobacteria;o__Enterobacterales;f__Enterobacteriaceae;g__Escherichia;s__Escherichia dysenteriae,blast,96.80,iPHoP-RF;90.10
NODE_1657_length_1849_cov_4.321070,RS_GCF_003697165.2,d__Bacteria;p__Proteobacteria;c__Gammaproteobacteria;o__Enterobacterales;f__Enterobacteriaceae;g__Escherichia;s__Escherichia coli,blast,96.60,iPHoP-RF;88.50
NODE_1657_length_1849_cov_4.321070,GB_GCA_003018335.1,d__Bacteria;p__Proteobacteria;c__Gammaproteobacteria;o__Enterobacterales;f__Enterobacteriaceae;g__Escherichia;s__Escherichia coli_C,blast,96.10,iPHoP-RF;89.20
NODE_1657_length_1849_cov_4.321070,RS_GCF_000026225.1,d__Bacteria;p__Proteobacteria;c__Gammaproteobacteria;o__Enterobacterales;f__Enterobacteriaceae;g__Escherichia;s__Escherichia fergusonii,blast,96.10,iPHoP-RF;86.00
NODE_1657_length_1849_cov_4.321070,RS_GCF_000208585.1,d__Bacteria;p__Proteobacteria;c__Gammaproteobacteria;o__Enterobacterales;f__Enterobacteriaceae;g__Escherichia;s__Escherichia sp000208585,blast,96.10,iPHoP-RF;86.00
NODE_1657_length_1849_cov_4.321070,RS_GCF_002900365.1,d__Bacteria;p__Proteobacteria;c__Gammaproteobacteria;o__Enterobacterales;f__Enterobacteriaceae;g__Escherichia;s__Escherichia marmotae,blast,96.10,iPHoP-RF;88.90
NODE_1657_length_1849_cov_4.321070,RS_GCF_002950215.1,d__Bacteria;p__Proteobacteria;c__Gammaproteobacteria;o__Enterobacterales;f__Enterobacteriaceae;g__Escherichia;s__Escherichia flexneri,blast,96.10,iPHoP-RF;90.10
NODE_1657_length_1849_cov_4.321070,RS_GCF_002965065.1,d__Bacteria;p__Proteobacteria;c__Gammaproteobacteria;o__Enterobacterales;f__Enterobacteriaceae;g__Escherichia;s__Escherichia sp002965065,blast,96.10,iPHoP-RF;90.50
NODE_1657_length_1849_cov_4.321070,RS_GCF_011881725.1,d__Bacteria;p__Proteobacteria;c__Gammaproteobacteria;o__Enterobacterales;f__Enterobacteriaceae;g__Escherichia;s__Escherichia coli_E,blast,96.10,iPHoP-RF;86.70
NODE_1657_length_1849_cov_4.321070,RS_GCF_000026325.1,d__Bacteria;p__Proteobacteria;c__Gammaproteobacteria;o__Enterobacterales;f__Enterobacteriaceae;g__Escherichia;s__Escherichia coli_D,blast,95.90,iPHoP-RF;87.30
NODE_1657_length_1849_cov_4.321070,RS_GCF_000759775.1,d__Bacteria;p__Proteobacteria;c__Gammaproteobacteria;o__Enterobacterales;f__Enterobacteriaceae;g__Escherichia;s__Escherichia albertii,blast,91.10,iPHoP-RF;61.90
NODE_1694_length_1375_cov_4.861364,RS_GCF_900446215.1,d__Bacteria;p__Proteobacteria;c__Gammaproteobacteria;o__Burkholderiales;f__Burkholderiaceae;g__Burkholderia;s__Burkholderia cenocepacia,blast,92.60,iPHoP-RF;62.70
NODE_1694_length_1375_cov_4.861364,RS_GCF_000011705.1,d__Bacteria;p__Proteobacteria;c__Gammaproteobacteria;o__Burkholderiales;f__Burkholderiaceae;g__Burkholderia;s__Burkholderia mallei,blast,92.10,None
NODE_1694_length_1375_cov_4.861364,RS_GCF_003711145.1,d__Bacteria;p__Proteobacteria;c__Gammaproteobacteria;o__Burkholderiales;f__Burkholderiaceae;g__Burkholderia;s__Burkholderia cepacia_E,blast,91.90,iPHoP-RF;58.20
NODE_16_length_23040_cov_13.240505,RS_GCF_001025215.1,d__Bacteria;p__Actinobacteriota;c__Actinomycetia;o__Actinomycetales;f__Bifidobacteriaceae;g__Bifidobacterium;s__Bifidobacterium pseudocatenulatum,CRISPR,98.60,iPHoP-RF;97.10 blast;96.80
NODE_16_length_23040_cov_13.240505,RS_GCF_002742445.1,d__Bacteria;p__Actinobacteriota;c__Actinomycetia;o__Actinomycetales;f__Bifidobacteriaceae;g__Bifidobacterium;s__Bifidobacterium sp002742445,CRISPR,98.60,iPHoP-RF;96.70
NODE_16_length_23040_cov_13.240505,RS_GCF_000010425.1,d__Bacteria;p__Actinobacteriota;c__Actinomycetia;o__Actinomycetales;f__Bifidobacteriaceae;g__Bifidobacterium;s__Bifidobacterium adolescentis,CRISPR,98.30,blast;96.70 iPHoP-RF;96.40
NODE_16_length_23040_cov_13.240505,RS_GCF_000770925.1,d__Bacteria;p__Actinobacteriota;c__Actinomycetia;o__Actinomycetales;f__Bifidobacteriaceae;g__Bifidobacterium;s__Bifidobacterium ruminantium,iPHoP-RF,97.10,None
NODE_16_length_23040_cov_13.240505,RS_GCF_001025195.1,d__Bacteria;p__Actinobacteriota;c__Actinomycetia;o__Actinomycetales;f__Bifidobacteriaceae;g__Bifidobacterium;s__Bifidobacterium catenulatum,iPHoP-RF,96.70,blast;92.30
NODE_16_length_23040_cov_13.240505,RS_GCF_001042595.1,d__Bacteria;p__Actinobacteriota;c__Actinomycetia;o__Actinomycetales;f__Bifidobacteriaceae;g__Bifidobacterium;s__Bifidobacterium dentium,iPHoP-RF,96.70,blast;96.20
NODE_16_length_23040_cov_13.240505,RS_GCF_000800455.1,d__Bacteria;p__Actinobacteriota;c__Actinomycetia;o__Actinomycetales;f__Bifidobacteriaceae;g__Bifidobacterium;s__Bifidobacterium kashiwanohense_A,iPHoP-RF,96.10,blast;92.30
NODE_16_length_23040_cov_13.240505,RS_GCF_001042615.1,d__Bacteria;p__Actinobacteriota;c__Actinomycetia;o__Actinomycetales;f__Bifidobacteriaceae;g__Bifidobacterium;s__Bifidobacterium kashiwanohense,iPHoP-RF,96.10,blast;92.20
NODE_16_length_23040_cov_13.240505,GB_GCA_002451435.1,d__Bacteria;p__Actinobacteriota;c__Actinomycetia;o__Actinomycetales;f__Bifidobacteriaceae;g__Bifidobacterium;s__Bifidobacterium sp002451435,iPHoP-RF,95.70,None
NODE_16_length_23040_cov_13.240505,RS_GCF_000771265.1,d__Bacteria;p__Actinobacteriota;c__Actinomycetia;o__Actinomycetales;f__Bifidobacteriaceae;g__Bifidobacterium;s__Bifidobacterium thermophilum,iPHoP-RF,92.80,None
NODE_16_length_23040_cov_13.240505,RS_GCF_000522505.1,d__Bacteria;p__Actinobacteriota;c__Actinomycetia;o__Actinomycetales;f__Bifidobacteriaceae;g__Bifidobacterium;s__Bifidobacterium moukalabense,iPHoP-RF,92.10,blast;90.30
NODE_16_length_23040_cov_13.240505,RS_GCF_000741775.1,d__Bacteria;p__Actinobacteriota;c__Actinomycetia;o__Actinomycetales;f__Bifidobacteriaceae;g__Bifidobacterium;s__Bifidobacterium subtile,iPHoP-RF,92.10,None
NODE_16_length_23040_cov_13.240505,RS_GCF_001025155.1,d__Bacteria;p__Actinobacteriota;c__Actinomycetia;o__Actinomycetales;f__Bifidobacteriaceae;g__Bifidobacterium;s__Bifidobacterium angulatum,iPHoP-RF,91.80,CRISPR;83.30
NODE_16_length_23040_cov_13.240505,RS_GCF_009299485.1,d__Bacteria;p__Actinobacteriota;c__Actinomycetia;o__Actinomycetales;f__Bifidobacteriaceae;g__Bifidobacterium;s__Bifidobacterium apri,iPHoP-RF,91.40,None
NODE_16_length_23040_cov_13.240505,GB_GCA_000741495.1,d__Bacteria;p__Actinobacteriota;c__Actinomycetia;o__Actinomycetales;f__Bifidobacteriaceae;g__Bifidobacterium;s__Bifidobacterium thermophilum_A,iPHoP-RF,90.10,None
NODE_16_length_27554_cov_174.849813,RS_GCF_000196555.1,d__Bacteria;p__Actinobacteriota;c__Actinomycetia;o__Actinomycetales;f__Bifidobacteriaceae;g__Bifidobacterium;s__Bifidobacterium longum,CRISPR,98.40,blast;96.70 iPHoP-RF;96.40
NODE_16_length_27554_cov_174.849813,RS_GCF_001025175.1,d__Bacteria;p__Actinobacteriota;c__Actinomycetia;o__Actinomycetales;f__Bifidobacteriaceae;g__Bifidobacterium;s__Bifidobacterium breve,CRISPR,97.70,blast;95.90 iPHoP-RF;95.40
NODE_16_length_27554_cov_174.849813,RS_GCF_000269965.1,d__Bacteria;p__Actinobacteriota;c__Actinomycetia;o__Actinomycetales;f__Bifidobacteriaceae;g__Bifidobacterium;s__Bifidobacterium infantis,CRISPR,96.90,iPHoP-RF;96.40 blast;95.20
NODE_16_length_27554_cov_174.849813,RS_GCF_000741535.1,d__Bacteria;p__Actinobacteriota;c__Actinomycetia;o__Actinomycetales;f__Bifidobacteriaceae;g__Bifidobacterium;s__Bifidobacterium boum,CRISPR,95.80,iPHoP-RF;71.30
NODE_16_length_27554_cov_174.849813,RS_GCF_000771265.1,d__Bacteria;p__Actinobacteriota;c__Actinomycetia;o__Actinomycetales;f__Bifidobacteriaceae;g__Bifidobacterium;s__Bifidobacterium thermophilum,iPHoP-RF,93.40,None
NODE_16_length_27554_cov_174.849813,GB_GCA_000741495.1,d__Bacteria;p__Actinobacteriota;c__Actinomycetia;o__Actinomycetales;f__Bifidobacteriaceae;g__Bifidobacterium;s__Bifidobacterium thermophilum_A,iPHoP-RF,90.50,None
NODE_1717_length_1161_cov_2.851718,RS_GCF_003144375.1,d__Bacteria;p__Proteobacteria;c__Gammaproteobacteria;o__Enterobacterales;f__Enterobacteriaceae;g__Proteus;s__Proteus sp003144375,blast,91.80,iPHoP-RF;69.10
NODE_172_length_1203_cov_2.948606,RS_GCF_001077535.1,d__Bacteria;p__Firmicutes_A;c__Clostridia;o__Peptostreptococcales;f__Peptostreptococcaceae;g__Clostridioides;s__Clostridioides difficile,blast,97.10,iPHoP-RF;81.40
NODE_172_length_3390_cov_3.053073,RS_GCF_001544255.1,d__Bacteria;p__Firmicutes;c__Bacilli;o__Lactobacillales;f__Enterococcaceae;g__Enterococcus_B;s__Enterococcus_B faecium,blast,97.60,iPHoP-RF;88.50
NODE_172_length_3390_cov_3.053073,RS_GCF_009735405.1,d__Bacteria;p__Firmicutes;c__Bacilli;o__Lactobacillales;f__Enterococcaceae;g__Enterococcus_B;s__Enterococcus_B lactis,blast,95.80,iPHoP-RF;86.70
NODE_172_length_3390_cov_3.053073,RS_GCF_001544215.1,d__Bacteria;p__Firmicutes;c__Bacilli;o__Lactobacillales;f__Enterococcaceae;g__Enterococcus_B;s__Enterococcus_B durans,blast,92.00,iPHoP-RF;81.10
NODE_172_length_3390_cov_3.053073,RS_GCF_000271405.2,d__Bacteria;p__Firmicutes;c__Bacilli;o__Lactobacillales;f__Enterococcaceae;g__Enterococcus_B;s__Enterococcus_B hirae,blast,91.30,iPHoP-RF;77.30
NODE_172_length_3390_cov_3.053073,RS_GCF_007990225.1,d__Bacteria;p__Firmicutes;c__Bacilli;o__Lactobacillales;f__Enterococcaceae;g__Enterococcus_B;s__Enterococcus_B villorum,blast,90.90,iPHoP-RF;61.70
NODE_175_length_2545_cov_8.803614,RS_GCF_008121495.1,d__Bacteria;p__Firmicutes_A;c__Clostridia;o__Lachnospirales;f__Lachnospiraceae;g__Ruminococcus_B;s__Ruminococcus_B gnavus,blast,91.60,iPHoP-RF;81.40
NODE_175_length_2545_cov_8.803614,GB_GCA_900550975.1,d__Bacteria;p__Firmicutes_A;c__Clostridia;o__Lachnospirales;f__Lachnospiraceae;g__Faecalimonas;s__Faecalimonas sp900550975,blast,90.40,iPHoP-RF;85.40
NODE_175_length_4852_cov_6.044403,RS_GCF_007570935.1,d__Bacteria;p__Firmicutes;c__Bacilli;o__Lactobacillales;f__Lactobacillaceae;g__Lactobacillus;s__Lactobacillus sp007570935,iPHoP-RF,97.10,None
NODE_175_length_4852_cov_6.044403,RS_GCF_000615445.1,d__Bacteria;p__Firmicutes;c__Bacilli;o__Lactobacillales;f__Lactobacillaceae;g__Lactobacillus;s__Lactobacillus hamsteri,iPHoP-RF,96.40,None
NODE_175_length_4852_cov_6.044403,RS_GCF_002088015.1,d__Bacteria;p__Firmicutes;c__Bacilli;o__Lactobacillales;f__Lactobacillaceae;g__Lactobacillus;s__Lactobacillus crispatus,iPHoP-RF,94.70,None
NODE_175_length_4852_cov_6.044403,RS_GCF_001434335.1,d__Bacteria;p__Firmicutes;c__Bacilli;o__Lactobacillales;f__Lactobacillaceae;g__Lactobacillus;s__Lactobacillus kalixensis,iPHoP-RF,94.10,None
NODE_175_length_4852_cov_6.044403,RS_GCF_000614735.1,d__Bacteria;p__Firmicutes;c__Bacilli;o__Lactobacillales;f__Lactobacillaceae;g__Lactobacillus;s__Lactobacillus gallinarum,iPHoP-RF,93.70,None
NODE_175_length_4852_cov_6.044403,RS_GCF_001591845.1,d__Bacteria;p__Firmicutes;c__Bacilli;o__Lactobacillales;f__Lactobacillaceae;g__Lactobacillus;s__Lactobacillus acidophilus,iPHoP-RF,93.70,None
NODE_175_length_4852_cov_6.044403,RS_GCF_003584685.1,d__Bacteria;p__Firmicutes;c__Bacilli;o__Lactobacillales;f__Lactobacillaceae;g__Lactobacillus;s__Lactobacillus paragasseri,blast,92.10,iPHoP-RF;74.10
NODE_175_length_4852_cov_6.044403,RS_GCF_000014425.1,d__Bacteria;p__Firmicutes;c__Bacilli;o__Lactobacillales;f__Lactobacillaceae;g__Lactobacillus;s__Lactobacillus gasseri,blast,91.80,iPHoP-RF;75.00
NODE_175_length_4852_cov_6.044403,RS_GCF_001436305.1,d__Bacteria;p__Firmicutes;c__Bacilli;o__Lactobacillales;f__Lactobacillaceae;g__Lactobacillus;s__Lactobacillus ultunensis,iPHoP-RF,90.80,None
NODE_175_length_8062_cov_4.755589,GB_GCA_003018335.1,d__Bacteria;p__Proteobacteria;c__Gammaproteobacteria;o__Enterobacterales;f__Enterobacteriaceae;g__Escherichia;s__Escherichia coli_C,iPHoP-RF,97.10,None
NODE_175_length_8062_cov_4.755589,RS_GCF_000026325.1,d__Bacteria;p__Proteobacteria;c__Gammaproteobacteria;o__Enterobacterales;f__Enterobacteriaceae;g__Escherichia;s__Escherichia coli_D,iPHoP-RF,97.10,blast;96.90
NODE_175_length_8062_cov_4.755589,RS_GCF_000208585.1,d__Bacteria;p__Proteobacteria;c__Gammaproteobacteria;o__Enterobacterales;f__Enterobacteriaceae;g__Escherichia;s__Escherichia sp000208585,iPHoP-RF,97.10,None
NODE_175_length_8062_cov_4.755589,RS_GCF_001660175.1,d__Bacteria;p__Proteobacteria;c__Gammaproteobacteria;o__Enterobacterales;f__Enterobacteriaceae;g__Escherichia;s__Escherichia sp001660175,iPHoP-RF,97.10,None
NODE_175_length_8062_cov_4.755589,RS_GCF_002900365.1,d__Bacteria;p__Proteobacteria;c__Gammaproteobacteria;o__Enterobacterales;f__Enterobacteriaceae;g__Escherichia;s__Escherichia marmotae,iPHoP-RF,97.10,blast;96.90
NODE_175_length_8062_cov_4.755589,RS_GCF_002949675.1,d__Bacteria;p__Proteobacteria;c__Gammaproteobacteria;o__Enterobacterales;f__Enterobacteriaceae;g__Escherichia;s__Escherichia dysenteriae,iPHoP-RF,97.10,blast;96.90
NODE_175_length_8062_cov_4.755589,RS_GCF_002950215.1,d__Bacteria;p__Proteobacteria;c__Gammaproteobacteria;o__Enterobacterales;f__Enterobacteriaceae;g__Escherichia;s__Escherichia flexneri,iPHoP-RF,97.10,blast;96.90
NODE_175_length_8062_cov_4.755589,RS_GCF_002965065.1,d__Bacteria;p__Proteobacteria;c__Gammaproteobacteria;o__Enterobacterales;f__Enterobacteriaceae;g__Escherichia;s__Escherichia sp002965065,iPHoP-RF,97.10,None
NODE_175_length_8062_cov_4.755589,RS_GCF_003697165.2,d__Bacteria;p__Proteobacteria;c__Gammaproteobacteria;o__Enterobacterales;f__Enterobacteriaceae;g__Escherichia;s__Escherichia coli,iPHoP-RF,97.10,blast;96.90
NODE_175_length_8062_cov_4.755589,RS_GCF_005843885.1,d__Bacteria;p__Proteobacteria;c__Gammaproteobacteria;o__Enterobacterales;f__Enterobacteriaceae;g__Escherichia;s__Escherichia sp005843885,iPHoP-RF,97.10,None
NODE_175_length_8062_cov_4.755589,RS_GCF_011881725.1,d__Bacteria;p__Proteobacteria;c__Gammaproteobacteria;o__Enterobacterales;f__Enterobacteriaceae;g__Escherichia;s__Escherichia coli_E,iPHoP-RF,97.10,None
NODE_175_length_8062_cov_4.755589,RS_GCF_000026225.1,d__Bacteria;p__Proteobacteria;c__Gammaproteobacteria;o__Enterobacterales;f__Enterobacteriaceae;g__Escherichia;s__Escherichia fergusonii,iPHoP-RF,96.40,None
NODE_175_length_8062_cov_4.755589,RS_GCF_004211955.1,d__Bacteria;p__Proteobacteria;c__Gammaproteobacteria;o__Enterobacterales;f__Enterobacteriaceae;g__Escherichia;s__Escherichia sp004211955,iPHoP-RF,96.40,None
NODE_175_length_8062_cov_4.755589,RS_GCF_000759775.1,d__Bacteria;p__Proteobacteria;c__Gammaproteobacteria;o__Enterobacterales;f__Enterobacteriaceae;g__Escherichia;s__Escherichia albertii,iPHoP-RF,96.10,None
NODE_176_length_4842_cov_4.909338,RS_GCF_003293635.1,d__Bacteria;p__Firmicutes_A;c__Clostridia;o__Oscillospirales;f__Ruminococcaceae;g__Faecalibacterium;s__Faecalibacterium prausnitzii_G,blast,97.80,iPHoP-RF;76.80
NODE_176_length_4842_cov_4.909338,RS_GCF_010509575.1,d__Bacteria;p__Firmicutes_A;c__Clostridia;o__Oscillospirales;f__Ruminococcaceae;g__Faecalibacterium;s__Faecalibacterium prausnitzii_C,blast,93.30,iPHoP-RF;59.00
NODE_176_length_4842_cov_4.909338,GB_GCA_900758465.1,d__Bacteria;p__Firmicutes_A;c__Clostridia;o__Oscillospirales;f__Ruminococcaceae;g__Faecalibacterium;s__Faecalibacterium sp900758465,blast,92.30,iPHoP-RF;75.20
NODE_176_length_5472_cov_5.842164,RS_GCF_001077535.1,d__Bacteria;p__Firmicutes_A;c__Clostridia;o__Peptostreptococcales;f__Peptostreptococcaceae;g__Clostridioides;s__Clostridioides difficile,blast,95.80,iPHoP-RF;92.80
NODE_176_length_5472_cov_5.842164,RS_GCF_900243075.1,d__Bacteria;p__Firmicutes_A;c__Clostridia;o__Peptostreptococcales;f__Peptostreptococcaceae;g__Clostridioides;s__Clostridioides difficile_D,blast,94.10,iPHoP-RF;92.80
NODE_176_length_5472_cov_5.842164,RS_GCF_001299635.1,d__Bacteria;p__Firmicutes_A;c__Clostridia;o__Peptostreptococcales;f__Peptostreptococcaceae;g__Clostridioides;s__Clostridioides difficile_A,iPHoP-RF,93.70,blast;93.30
NODE_176_length_5472_cov_5.842164,RS_GCF_000449425.2,d__Bacteria;p__Firmicutes_A;c__Clostridia;o__Peptostreptococcales;f__Peptostreptococcaceae;g__Clostridioides;s__Clostridioides difficile_E,iPHoP-RF,93.40,None
NODE_1772_length_1727_cov_5.889952,RS_GCF_001742165.1,d__Bacteria;p__Proteobacteria;c__Gammaproteobacteria;o__Burkholderiales;f__Burkholderiaceae;g__Burkholderia;s__Burkholderia stabilis,iPHoP-RF,97.10,blast;86.40
NODE_1772_length_1727_cov_5.889952,RS_GCF_001411495.1,d__Bacteria;p__Proteobacteria;c__Gammaproteobacteria;o__Burkholderiales;f__Burkholderiaceae;g__Burkholderia;s__Burkholderia cepacia,iPHoP-RF,96.70,blast;92.00
NODE_1772_length_1727_cov_5.889952,RS_GCF_001718835.1,d__Bacteria;p__Proteobacteria;c__Gammaproteobacteria;o__Burkholderiales;f__Burkholderiaceae;g__Burkholderia;s__Burkholderia cepacia_F,iPHoP-RF,96.70,None
NODE_1772_length_1727_cov_5.889952,RS_GCF_002099195.1,d__Bacteria;p__Proteobacteria;c__Gammaproteobacteria;o__Burkholderiales;f__Burkholderiaceae;g__Burkholderia;s__Burkholderia puraquae,iPHoP-RF,96.70,None
NODE_1772_length_1727_cov_5.889952,RS_GCF_902499125.1,d__Bacteria;p__Proteobacteria;c__Gammaproteobacteria;o__Burkholderiales;f__Burkholderiaceae;g__Burkholderia;s__Burkholderia arboris,iPHoP-RF,96.70,blast;91.80
NODE_1772_length_1727_cov_5.889952,RS_GCF_000732615.1,d__Bacteria;p__Proteobacteria;c__Gammaproteobacteria;o__Burkholderiales;f__Burkholderiaceae;g__Burkholderia;s__Burkholderia paludis,iPHoP-RF,96.40,None
NODE_1772_length_1727_cov_5.889952,RS_GCF_003853705.1,d__Bacteria;p__Proteobacteria;c__Gammaproteobacteria;o__Burkholderiales;f__Burkholderiaceae;g__Burkholderia;s__Burkholderia sp003853705,iPHoP-RF,96.40,None
NODE_1772_length_1727_cov_5.889952,RS_GCF_014211915.1,d__Bacteria;p__Proteobacteria;c__Gammaproteobacteria;o__Burkholderiales;f__Burkholderiaceae;g__Burkholderia;s__Burkholderia cenocepacia_B,iPHoP-RF,96.40,blast;77.70
NODE_1772_length_1727_cov_5.889952,RS_GCF_900446215.1,d__Bacteria;p__Proteobacteria;c__Gammaproteobacteria;o__Burkholderiales;f__Burkholderiaceae;g__Burkholderia;s__Burkholderia cenocepacia,iPHoP-RF,96.40,None
NODE_1772_length_1727_cov_5.889952,RS_GCF_902832845.1,d__Bacteria;p__Proteobacteria;c__Gammaproteobacteria;o__Burkholderiales;f__Burkholderiaceae;g__Burkholderia;s__Burkholderia metallica,iPHoP-RF,96.40,None
NODE_1772_length_1727_cov_5.889952,RS_GCF_902833045.1,d__Bacteria;p__Proteobacteria;c__Gammaproteobacteria;o__Burkholderiales;f__Burkholderiaceae;g__Burkholderia;s__Burkholderia sp902833045,iPHoP-RF,96.40,None
NODE_1772_length_1727_cov_5.889952,RS_GCF_001028665.1,d__Bacteria;p__Proteobacteria;c__Gammaproteobacteria;o__Burkholderiales;f__Burkholderiaceae;g__Burkholderia;s__Burkholderia pyrrocinia,iPHoP-RF,96.10,None
NODE_1772_length_1727_cov_5.889952,RS_GCF_902833225.1,d__Bacteria;p__Proteobacteria;c__Gammaproteobacteria;o__Burkholderiales;f__Burkholderiaceae;g__Burkholderia;s__Burkholderia sp902833225,iPHoP-RF,96.10,blast;90.20
NODE_1772_length_1727_cov_5.889952,RS_GCF_000987075.1,d__Bacteria;p__Proteobacteria;c__Gammaproteobacteria;o__Burkholderiales;f__Burkholderiaceae;g__Burkholderia;s__Burkholderia contaminans,iPHoP-RF,95.70,None
NODE_1772_length_1727_cov_5.889952,RS_GCF_902832885.1,d__Bacteria;p__Proteobacteria;c__Gammaproteobacteria;o__Burkholderiales;f__Burkholderiaceae;g__Burkholderia;s__Burkholderia seminalis,iPHoP-RF,95.70,blast;89.20
NODE_1772_length_1727_cov_5.889952,RS_GCF_002223185.1,d__Bacteria;p__Proteobacteria;c__Gammaproteobacteria;o__Burkholderiales;f__Burkholderiaceae;g__Burkholderia;s__Burkholderia sp002223185,iPHoP-RF,95.10,blast;74.90
NODE_1772_length_1727_cov_5.889952,RS_GCF_003330765.1,d__Bacteria;p__Proteobacteria;c__Gammaproteobacteria;o__Burkholderiales;f__Burkholderiaceae;g__Burkholderia;s__Burkholderia pyrrocinia_B,iPHoP-RF,95.10,blast;93.80
NODE_1772_length_1727_cov_5.889952,RS_GCF_000012945.1,d__Bacteria;p__Proteobacteria;c__Gammaproteobacteria;o__Burkholderiales;f__Burkholderiaceae;g__Burkholderia;s__Burkholderia lata,iPHoP-RF,93.70,None
NODE_1772_length_1727_cov_5.889952,RS_GCF_902499115.1,d__Bacteria;p__Proteobacteria;c__Gammaproteobacteria;o__Burkholderiales;f__Burkholderiaceae;g__Burkholderia;s__Burkholderia diffusa,iPHoP-RF,93.70,None
NODE_1772_length_1727_cov_5.889952,RS_GCF_003853645.1,d__Bacteria;p__Proteobacteria;c__Gammaproteobacteria;o__Burkholderiales;f__Burkholderiaceae;g__Burkholderia;s__Burkholderia sp003853645,iPHoP-RF,93.10,None
NODE_1772_length_1727_cov_5.889952,RS_GCF_902833055.1,d__Bacteria;p__Proteobacteria;c__Gammaproteobacteria;o__Burkholderiales;f__Burkholderiaceae;g__Burkholderia;s__Burkholderia territorii,iPHoP-RF,93.10,blast;78.50
NODE_1772_length_1727_cov_5.889952,RS_GCF_000203915.1,d__Bacteria;p__Proteobacteria;c__Gammaproteobacteria;o__Burkholderiales;f__Burkholderiaceae;g__Burkholderia;s__Burkholderia ambifaria,iPHoP-RF,92.80,None
NODE_1772_length_1727_cov_5.889952,RS_GCF_000949135.2,d__Bacteria;p__Proteobacteria;c__Gammaproteobacteria;o__Burkholderiales;f__Burkholderiaceae;g__Burkholderia;s__Burkholderia sp000949135,iPHoP-RF,92.80,None
NODE_1772_length_1727_cov_5.889952,RS_GCF_001718315.1,d__Bacteria;p__Proteobacteria;c__Gammaproteobacteria;o__Burkholderiales;f__Burkholderiaceae;g__Burkholderia;s__Burkholderia diffusa_B,iPHoP-RF,92.40,None
NODE_1772_length_1727_cov_5.889952,RS_GCF_003635165.1,d__Bacteria;p__Proteobacteria;c__Gammaproteobacteria;o__Burkholderiales;f__Burkholderiaceae;g__Burkholderia;s__Burkholderia sp003635165,iPHoP-RF,92.40,None
NODE_1772_length_1727_cov_5.889952,RS_GCF_902499045.1,d__Bacteria;p__Proteobacteria;c__Gammaproteobacteria;o__Burkholderiales;f__Burkholderiaceae;g__Burkholderia;s__Burkholderia latens,iPHoP-RF,92.40,None
NODE_1772_length_1727_cov_5.889952,RS_GCF_001443045.1,d__Bacteria;p__Proteobacteria;c__Gammaproteobacteria;o__Burkholderiales;f__Burkholderiaceae;g__Burkholderia;s__Burkholderia ambifaria_A,iPHoP-RF,92.10,None
NODE_1772_length_1727_cov_5.889952,RS_GCF_003853415.1,d__Bacteria;p__Proteobacteria;c__Gammaproteobacteria;o__Burkholderiales;f__Burkholderiaceae;g__Burkholderia;s__Burkholderia sp003853415,iPHoP-RF,91.80,None
NODE_1772_length_1727_cov_5.889952,RS_GCF_001883705.1,d__Bacteria;p__Proteobacteria;c__Gammaproteobacteria;o__Burkholderiales;f__Burkholderiaceae;g__Burkholderia;s__Burkholderia catarinensis,blast,91.60,iPHoP-RF;76.60
NODE_1772_length_1727_cov_5.889952,RS_GCF_000292915.1,d__Bacteria;p__Proteobacteria;c__Gammaproteobacteria;o__Burkholderiales;f__Burkholderiaceae;g__Burkholderia;s__Burkholderia cepacia_D,iPHoP-RF,91.40,None
NODE_1772_length_1727_cov_5.889952,RS_GCF_902498995.1,d__Bacteria;p__Proteobacteria;c__Gammaproteobacteria;o__Burkholderiales;f__Burkholderiaceae;g__Burkholderia;s__Burkholderia anthina,iPHoP-RF,91.40,None
NODE_1772_length_1727_cov_5.889952,RS_GCF_000959525.1,d__Bacteria;p__Proteobacteria;c__Gammaproteobacteria;o__Burkholderiales;f__Burkholderiaceae;g__Burkholderia;s__Burkholderia multivorans,blast,90.10,iPHoP-RF;62.50
NODE_1773_length_1332_cov_5.396241,RS_GCF_001411495.1,d__Bacteria;p__Proteobacteria;c__Gammaproteobacteria;o__Burkholderiales;f__Burkholderiaceae;g__Burkholderia;s__Burkholderia cepacia,blast,93.70,iPHoP-RF;71.50
NODE_1773_length_1332_cov_5.396241,RS_GCF_003330765.1,d__Bacteria;p__Proteobacteria;c__Gammaproteobacteria;o__Burkholderiales;f__Burkholderiaceae;g__Burkholderia;s__Burkholderia pyrrocinia_B,blast,93.20,iPHoP-RF;71.70
NODE_1773_length_1332_cov_5.396241,RS_GCF_000959525.1,d__Bacteria;p__Proteobacteria;c__Gammaproteobacteria;o__Burkholderiales;f__Burkholderiaceae;g__Burkholderia;s__Burkholderia multivorans,blast,91.80,None
NODE_1773_length_1332_cov_5.396241,RS_GCF_902499075.1,d__Bacteria;p__Proteobacteria;c__Gammaproteobacteria;o__Burkholderiales;f__Burkholderiaceae;g__Burkholderia;s__Burkholderia pseudomultivorans,blast,90.80,None
NODE_1773_length_1332_cov_5.396241,RS_GCF_000203915.1,d__Bacteria;p__Proteobacteria;c__Gammaproteobacteria;o__Burkholderiales;f__Burkholderiaceae;g__Burkholderia;s__Burkholderia ambifaria,blast,90.10,None
NODE_1773_length_1332_cov_5.396241,RS_GCF_003635165.1,d__Bacteria;p__Proteobacteria;c__Gammaproteobacteria;o__Burkholderiales;f__Burkholderiaceae;g__Burkholderia;s__Burkholderia sp003635165,blast,90.10,None
NODE_1773_length_1332_cov_5.396241,RS_GCF_902832885.1,d__Bacteria;p__Proteobacteria;c__Gammaproteobacteria;o__Burkholderiales;f__Burkholderiaceae;g__Burkholderia;s__Burkholderia seminalis,blast,90.00,iPHoP-RF;65.80
NODE_177_length_3368_cov_6.261093,RS_GCF_000025985.1,d__Bacteria;p__Bacteroidota;c__Bacteroidia;o__Bacteroidales;f__Bacteroidaceae;g__Bacteroides;s__Bacteroides fragilis,blast,95.50,iPHoP-RF;64.00
NODE_177_length_3368_cov_6.261093,RS_GCF_903181435.1,d__Bacteria;p__Bacteroidota;c__Bacteroidia;o__Bacteroidales;f__Bacteroidaceae;g__Bacteroides;s__Bacteroides acidifaciens_A,iPHoP-RF,93.10,blast;58.70
NODE_177_length_3368_cov_6.261093,GB_GCA_000210075.1,d__Bacteria;p__Bacteroidota;c__Bacteroidia;o__Bacteroidales;f__Bacteroidaceae;g__Bacteroides;s__Bacteroides xylanisolvens,iPHoP-RF,92.40,blast;67.10
NODE_177_length_3368_cov_6.261093,RS_GCF_000011065.1,d__Bacteria;p__Bacteroidota;c__Bacteroidia;o__Bacteroidales;f__Bacteroidaceae;g__Bacteroides;s__Bacteroides thetaiotaomicron,iPHoP-RF,92.40,blast;77.10
NODE_177_length_3368_cov_6.261093,RS_GCF_000156195.1,d__Bacteria;p__Bacteroidota;c__Bacteroidia;o__Bacteroidales;f__Bacteroidaceae;g__Bacteroides;s__Bacteroides finegoldii,iPHoP-RF,92.10,blast;76.60
NODE_177_length_3368_cov_6.261093,RS_GCF_002849695.1,d__Bacteria;p__Bacteroidota;c__Bacteroidia;o__Bacteroidales;f__Bacteroidaceae;g__Bacteroides;s__Bacteroides fragilis_A,blast,91.80,None
NODE_177_length_3368_cov_6.261093,RS_GCF_001688725.2,d__Bacteria;p__Bacteroidota;c__Bacteroidia;o__Bacteroidales;f__Bacteroidaceae;g__Bacteroides;s__Bacteroides caecimuris,iPHoP-RF,91.40,blast;66.40
NODE_177_length_3368_cov_6.261093,RS_GCF_900106755.1,d__Bacteria;p__Bacteroidota;c__Bacteroidia;o__Bacteroidales;f__Bacteroidaceae;g__Bacteroides;s__Bacteroides faecis,iPHoP-RF,91.40,blast;71.80
NODE_177_length_3368_cov_6.261093,GB_GCA_900556625.1,d__Bacteria;p__Bacteroidota;c__Bacteroidia;o__Bacteroidales;f__Bacteroidaceae;g__Bacteroides;s__Bacteroides sp900556625,iPHoP-RF,91.10,blast;62.10
NODE_177_length_3368_cov_6.261093,RS_GCF_000613385.1,d__Bacteria;p__Bacteroidota;c__Bacteroidia;o__Bacteroidales;f__Bacteroidaceae;g__Bacteroides;s__Bacteroides acidifaciens,iPHoP-RF,91.10,blast;60.40
NODE_177_length_3368_cov_6.261093,RS_GCF_002222615.2,d__Bacteria;p__Bacteroidota;c__Bacteroidia;o__Bacteroidales;f__Bacteroidaceae;g__Bacteroides;s__Bacteroides caccae,iPHoP-RF,90.10,blast;71.80
NODE_177_length_6844_cov_8.175725,RS_GCF_000025985.1,d__Bacteria;p__Bacteroidota;c__Bacteroidia;o__Bacteroidales;f__Bacteroidaceae;g__Bacteroides;s__Bacteroides fragilis,blast,95.30,iPHoP-RF;80.60
NODE_177_length_6844_cov_8.175725,RS_GCF_002849695.1,d__Bacteria;p__Bacteroidota;c__Bacteroidia;o__Bacteroidales;f__Bacteroidaceae;g__Bacteroides;s__Bacteroides fragilis_A,blast,91.40,iPHoP-RF;77.30
NODE_178_length_1240_cov_2.490295,RS_GCF_900243075.1,d__Bacteria;p__Firmicutes_A;c__Clostridia;o__Peptostreptococcales;f__Peptostreptococcaceae;g__Clostridioides;s__Clostridioides difficile_D,iPHoP-RF,94.10,blast;93.00
NODE_178_length_1240_cov_2.490295,RS_GCF_000449425.2,d__Bacteria;p__Firmicutes_A;c__Clostridia;o__Peptostreptococcales;f__Peptostreptococcaceae;g__Clostridioides;s__Clostridioides difficile_E,blast,92.60,iPHoP-RF;89.20
NODE_178_length_1240_cov_2.490295,RS_GCF_001077535.1,d__Bacteria;p__Firmicutes_A;c__Clostridia;o__Peptostreptococcales;f__Peptostreptococcaceae;g__Clostridioides;s__Clostridioides difficile,blast,92.30,iPHoP-RF;87.00
NODE_178_length_4823_cov_5.003775,RS_GCF_003293635.1,d__Bacteria;p__Firmicutes_A;c__Clostridia;o__Oscillospirales;f__Ruminococcaceae;g__Faecalibacterium;s__Faecalibacterium prausnitzii_G,blast,98.30,iPHoP-RF;66.50
NODE_178_length_4823_cov_5.003775,GB_GCA_900758465.1,d__Bacteria;p__Firmicutes_A;c__Clostridia;o__Oscillospirales;f__Ruminococcaceae;g__Faecalibacterium;s__Faecalibacterium sp900758465,blast,93.50,iPHoP-RF;65.10
NODE_178_length_4823_cov_5.003775,RS_GCF_010509575.1,d__Bacteria;p__Firmicutes_A;c__Clostridia;o__Oscillospirales;f__Ruminococcaceae;g__Faecalibacterium;s__Faecalibacterium prausnitzii_C,blast,90.50,None
NODE_178_length_4823_cov_5.003775,RS_GCF_002549755.1,d__Bacteria;p__Firmicutes_A;c__Clostridia;o__Oscillospirales;f__Ruminococcaceae;g__Faecalibacterium;s__Faecalibacterium prausnitzii_D,blast,90.30,None
NODE_178_length_5905_cov_7.559658,RS_GCF_001688725.2,d__Bacteria;p__Bacteroidota;c__Bacteroidia;o__Bacteroidales;f__Bacteroidaceae;g__Bacteroides;s__Bacteroides caecimuris,iPHoP-RF,96.10,blast;85.30
NODE_178_length_5905_cov_7.559658,RS_GCF_002222615.2,d__Bacteria;p__Bacteroidota;c__Bacteroidia;o__Bacteroidales;f__Bacteroidaceae;g__Bacteroides;s__Bacteroides caccae,iPHoP-RF,96.10,blast;90.90
NODE_178_length_5905_cov_7.559658,RS_GCF_009193325.2,d__Bacteria;p__Bacteroidota;c__Bacteroidia;o__Bacteroidales;f__Bacteroidaceae;g__Bacteroides;s__Bacteroides sp900066265,iPHoP-RF,96.10,blast;88.90
NODE_178_length_5905_cov_7.559658,RS_GCF_001314995.1,d__Bacteria;p__Bacteroidota;c__Bacteroidia;o__Bacteroidales;f__Bacteroidaceae;g__Bacteroides;s__Bacteroides ovatus,iPHoP-RF,95.70,None
NODE_178_length_5905_cov_7.559658,RS_GCF_012113595.1,d__Bacteria;p__Bacteroidota;c__Bacteroidia;o__Bacteroidales;f__Bacteroidaceae;g__Bacteroides;s__Bacteroides sp012113595,iPHoP-RF,95.70,blast;81.20
NODE_178_length_5905_cov_7.559658,RS_GCF_000156195.1,d__Bacteria;p__Bacteroidota;c__Bacteroidia;o__Bacteroidales;f__Bacteroidaceae;g__Bacteroides;s__Bacteroides finegoldii,iPHoP-RF,95.10,blast;88.90
NODE_178_length_5905_cov_7.559658,GB_GCA_000210075.1,d__Bacteria;p__Bacteroidota;c__Bacteroidia;o__Bacteroidales;f__Bacteroidaceae;g__Bacteroides;s__Bacteroides xylanisolvens,iPHoP-RF,94.70,blast;78.80
NODE_178_length_5905_cov_7.559658,RS_GCF_000613385.1,d__Bacteria;p__Bacteroidota;c__Bacteroidia;o__Bacteroidales;f__Bacteroidaceae;g__Bacteroides;s__Bacteroides acidifaciens,iPHoP-RF,94.10,None
NODE_178_length_5905_cov_7.559658,RS_GCF_000025985.1,d__Bacteria;p__Bacteroidota;c__Bacteroidia;o__Bacteroidales;f__Bacteroidaceae;g__Bacteroides;s__Bacteroides fragilis,blast,93.80,iPHoP-RF;74.60
NODE_178_length_5905_cov_7.559658,RS_GCF_900130125.1,d__Bacteria;p__Bacteroidota;c__Bacteroidia;o__Bacteroidales;f__Bacteroidaceae;g__Bacteroides;s__Bacteroides congonensis,iPHoP-RF,93.70,blast;80.50
NODE_178_length_5905_cov_7.559658,RS_GCF_903181435.1,d__Bacteria;p__Bacteroidota;c__Bacteroidia;o__Bacteroidales;f__Bacteroidaceae;g__Bacteroides;s__Bacteroides acidifaciens_A,iPHoP-RF,93.40,blast;78.70
NODE_178_length_5905_cov_7.559658,GB_GCA_900761785.1,d__Bacteria;p__Bacteroidota;c__Bacteroidia;o__Bacteroidales;f__Bacteroidaceae;g__Bacteroides;s__Bacteroides sp900761785,iPHoP-RF,93.10,blast;86.30
NODE_178_length_5905_cov_7.559658,RS_GCF_900106755.1,d__Bacteria;p__Bacteroidota;c__Bacteroidia;o__Bacteroidales;f__Bacteroidaceae;g__Bacteroides;s__Bacteroides faecis,iPHoP-RF,91.10,blast;82.10
NODE_180_length_3287_cov_4.732983,3300007979_25,d__Bacteria;p__Actinobacteriota;c__Actinomycetia;o__Actinomycetales;f__Actinomycetaceae;g__Pauljensenia;s__,CRISPR,98.10,None
NODE_180_length_3287_cov_4.732983,GB_GCA_902373545.1,d__Bacteria;p__Actinobacteriota;c__Actinomycetia;o__Actinomycetales;f__Actinomycetaceae;g__Pauljensenia;s__Pauljensenia sp902373545,CRISPR,98.00,None
NODE_180_length_3287_cov_4.732983,RS_GCF_000278725.1,d__Bacteria;p__Actinobacteriota;c__Actinomycetia;o__Actinomycetales;f__Actinomycetaceae;g__Pauljensenia;s__Pauljensenia sp000278725,CRISPR,97.00,None
NODE_180_length_3287_cov_4.732983,RS_GCF_900128465.1,d__Bacteria;p__Actinobacteriota;c__Actinomycetia;o__Actinomycetales;f__Actinomycetaceae;g__Pauljensenia;s__Pauljensenia bouchesdurhonensis,CRISPR,95.20,None
NODE_181_length_2892_cov_40.830455,RS_GCF_002949675.1,d__Bacteria;p__Proteobacteria;c__Gammaproteobacteria;o__Enterobacterales;f__Enterobacteriaceae;g__Escherichia;s__Escherichia dysenteriae,iPHoP-RF,96.40,blast;92.50
NODE_181_length_2892_cov_40.830455,RS_GCF_003697165.2,d__Bacteria;p__Proteobacteria;c__Gammaproteobacteria;o__Enterobacterales;f__Enterobacteriaceae;g__Escherichia;s__Escherichia coli,blast,96.30,iPHoP-RF;96.10
NODE_181_length_2892_cov_40.830455,RS_GCF_002950215.1,d__Bacteria;p__Proteobacteria;c__Gammaproteobacteria;o__Enterobacterales;f__Enterobacteriaceae;g__Escherichia;s__Escherichia flexneri,blast,96.20,iPHoP-RF;95.70
NODE_181_length_2892_cov_40.830455,RS_GCF_002900365.1,d__Bacteria;p__Proteobacteria;c__Gammaproteobacteria;o__Enterobacterales;f__Enterobacteriaceae;g__Escherichia;s__Escherichia marmotae,iPHoP-RF,95.10,None
NODE_181_length_2892_cov_40.830455,GB_GCA_003018335.1,d__Bacteria;p__Proteobacteria;c__Gammaproteobacteria;o__Enterobacterales;f__Enterobacteriaceae;g__Escherichia;s__Escherichia coli_C,blast,94.90,iPHoP-RF;93.70
NODE_181_length_2892_cov_40.830455,RS_GCF_000026225.1,d__Bacteria;p__Proteobacteria;c__Gammaproteobacteria;o__Enterobacterales;f__Enterobacteriaceae;g__Escherichia;s__Escherichia fergusonii,iPHoP-RF,94.70,blast;92.10
NODE_181_length_2892_cov_40.830455,RS_GCF_005843885.1,d__Bacteria;p__Proteobacteria;c__Gammaproteobacteria;o__Enterobacterales;f__Enterobacteriaceae;g__Escherichia;s__Escherichia sp005843885,iPHoP-RF,94.40,None
NODE_181_length_2892_cov_40.830455,RS_GCF_000026325.1,d__Bacteria;p__Proteobacteria;c__Gammaproteobacteria;o__Enterobacterales;f__Enterobacteriaceae;g__Escherichia;s__Escherichia coli_D,iPHoP-RF,94.10,blast;94.00
NODE_181_length_2892_cov_40.830455,RS_GCF_000208585.1,d__Bacteria;p__Proteobacteria;c__Gammaproteobacteria;o__Enterobacterales;f__Enterobacteriaceae;g__Escherichia;s__Escherichia sp000208585,iPHoP-RF,94.10,blast;92.60
NODE_181_length_2892_cov_40.830455,RS_GCF_000759775.1,d__Bacteria;p__Proteobacteria;c__Gammaproteobacteria;o__Enterobacterales;f__Enterobacteriaceae;g__Escherichia;s__Escherichia albertii,iPHoP-RF,91.40,blast;91.30
NODE_182_length_2824_cov_6.890574,RS_GCF_001544095.1,d__Bacteria;p__Firmicutes;c__Bacilli;o__Lactobacillales;f__Enterococcaceae;g__Enterococcus_D;s__Enterococcus_D casseliflavus,blast,92.10,iPHoP-RF;75.70
NODE_182_length_2824_cov_6.890574,RS_GCF_002850555.1,d__Bacteria;p__Firmicutes;c__Bacilli;o__Lactobacillales;f__Enterococcaceae;g__Enterococcus_D;s__Enterococcus_D sp002850555,blast,91.20,iPHoP-RF;76.10
NODE_182_length_2824_cov_6.890574,RS_GCF_001544275.1,d__Bacteria;p__Firmicutes;c__Bacilli;o__Lactobacillales;f__Enterococcaceae;g__Enterococcus_D;s__Enterococcus_D gallinarum,blast,91.00,None
NODE_1834_length_1300_cov_4.284337,RS_GCF_000960995.1,d__Bacteria;p__Proteobacteria;c__Gammaproteobacteria;o__Burkholderiales;f__Burkholderiaceae;g__Burkholderia;s__Burkholderia glumae,blast,91.20,iPHoP-RF;64.30
NODE_1834_length_1300_cov_4.284337,RS_GCF_000011705.1,d__Bacteria;p__Proteobacteria;c__Gammaproteobacteria;o__Burkholderiales;f__Burkholderiaceae;g__Burkholderia;s__Burkholderia mallei,blast,90.00,iPHoP-RF;64.00
NODE_1837_length_1569_cov_13.509247,RS_GCF_001544255.1,d__Bacteria;p__Firmicutes;c__Bacilli;o__Lactobacillales;f__Enterococcaceae;g__Enterococcus_B;s__Enterococcus_B faecium,blast,95.70,iPHoP-RF;82.80
NODE_1837_length_1569_cov_13.509247,RS_GCF_009735405.1,d__Bacteria;p__Firmicutes;c__Bacilli;o__Lactobacillales;f__Enterococcaceae;g__Enterococcus_B;s__Enterococcus_B lactis,blast,95.10,iPHoP-RF;82.80
NODE_1837_length_1569_cov_13.509247,RS_GCF_000271405.2,d__Bacteria;p__Firmicutes;c__Bacilli;o__Lactobacillales;f__Enterococcaceae;g__Enterococcus_B;s__Enterococcus_B hirae,blast,91.60,None
NODE_1837_length_1569_cov_13.509247,RS_GCF_000392875.1,d__Bacteria;p__Firmicutes;c__Bacilli;o__Lactobacillales;f__Enterococcaceae;g__Enterococcus;s__Enterococcus faecalis,blast,91.60,iPHoP-RF;64.50
NODE_1837_length_1569_cov_13.509247,RS_GCF_001544215.1,d__Bacteria;p__Firmicutes;c__Bacilli;o__Lactobacillales;f__Enterococcaceae;g__Enterococcus_B;s__Enterococcus_B durans,blast,90.60,None
NODE_1837_length_1569_cov_13.509247,RS_GCF_002813755.1,d__Bacteria;p__Firmicutes;c__Bacilli;o__Lactobacillales;f__Enterococcaceae;g__Enterococcus_B;s__Enterococcus_B mundtii,blast,90.20,iPHoP-RF;55.70
NODE_1843_length_1653_cov_3.730914,RS_GCF_013409845.1,d__Bacteria;p__Proteobacteria;c__Gammaproteobacteria;o__Burkholderiales;f__Burkholderiaceae;g__Paraburkholderia;s__Paraburkholderia metrosideri,iPHoP-RF,92.80,None
NODE_1843_length_1674_cov_4.292156,RS_GCF_002949675.1,d__Bacteria;p__Proteobacteria;c__Gammaproteobacteria;o__Enterobacterales;f__Enterobacteriaceae;g__Escherichia;s__Escherichia dysenteriae,blast,96.40,iPHoP-RF;85.40
NODE_1843_length_1674_cov_4.292156,RS_GCF_003697165.2,d__Bacteria;p__Proteobacteria;c__Gammaproteobacteria;o__Enterobacterales;f__Enterobacteriaceae;g__Escherichia;s__Escherichia coli,blast,96.40,iPHoP-RF;73.70
NODE_1843_length_1674_cov_4.292156,RS_GCF_002950215.1,d__Bacteria;p__Proteobacteria;c__Gammaproteobacteria;o__Enterobacterales;f__Enterobacteriaceae;g__Escherichia;s__Escherichia flexneri,blast,95.60,iPHoP-RF;84.20
NODE_1843_length_1674_cov_4.292156,RS_GCF_000026325.1,d__Bacteria;p__Proteobacteria;c__Gammaproteobacteria;o__Enterobacterales;f__Enterobacteriaceae;g__Escherichia;s__Escherichia coli_D,blast,94.30,iPHoP-RF;80.00
NODE_1843_length_1674_cov_4.292156,GB_GCA_003018335.1,d__Bacteria;p__Proteobacteria;c__Gammaproteobacteria;o__Enterobacterales;f__Enterobacteriaceae;g__Escherichia;s__Escherichia coli_C,blast,94.20,iPHoP-RF;77.30
NODE_1843_length_1674_cov_4.292156,RS_GCF_002965065.1,d__Bacteria;p__Proteobacteria;c__Gammaproteobacteria;o__Enterobacterales;f__Enterobacteriaceae;g__Escherichia;s__Escherichia sp002965065,blast,94.10,iPHoP-RF;83.30
NODE_1843_length_1674_cov_4.292156,RS_GCF_000759775.1,d__Bacteria;p__Proteobacteria;c__Gammaproteobacteria;o__Enterobacterales;f__Enterobacteriaceae;g__Escherichia;s__Escherichia albertii,blast,93.40,None
NODE_184_length_5382_cov_4.732119,RS_GCF_001544255.1,d__Bacteria;p__Firmicutes;c__Bacilli;o__Lactobacillales;f__Enterococcaceae;g__Enterococcus_B;s__Enterococcus_B faecium,blast,94.50,iPHoP-RF;92.10
NODE_184_length_5382_cov_4.732119,RS_GCF_000271405.2,d__Bacteria;p__Firmicutes;c__Bacilli;o__Lactobacillales;f__Enterococcaceae;g__Enterococcus_B;s__Enterococcus_B hirae,blast,93.60,iPHoP-RF;84.80
NODE_184_length_5382_cov_4.732119,RS_GCF_001886195.1,d__Bacteria;p__Firmicutes;c__Bacilli;o__Lactobacillales;f__Enterococcaceae;g__Enterococcus_B;s__Enterococcus_B ratti,blast,90.40,iPHoP-RF;66.00
NODE_1869_length_1559_cov_3.371676,RS_GCF_000960995.1,d__Bacteria;p__Proteobacteria;c__Gammaproteobacteria;o__Burkholderiales;f__Burkholderiaceae;g__Burkholderia;s__Burkholderia glumae,blast,93.90,iPHoP-RF;61.10
NODE_1869_length_1559_cov_3.371676,RS_GCF_902459685.1,d__Bacteria;p__Proteobacteria;c__Gammaproteobacteria;o__Burkholderiales;f__Burkholderiaceae;g__Pandoraea;s__Pandoraea iniqua,blast,90.70,iPHoP-RF;73.90
NODE_1869_length_1559_cov_3.371676,RS_GCF_000011705.1,d__Bacteria;p__Proteobacteria;c__Gammaproteobacteria;o__Burkholderiales;f__Burkholderiaceae;g__Burkholderia;s__Burkholderia mallei,blast,90.30,iPHoP-RF;77.50
NODE_187_length_2850_cov_5.341324,RS_GCF_000406965.1,d__Bacteria;p__Firmicutes;c__Bacilli;o__Lactobacillales;f__Enterococcaceae;g__Enterococcus_A;s__Enterococcus_A avium,blast,93.90,None
NODE_187_length_2850_cov_5.341324,RS_GCF_001886185.1,d__Bacteria;p__Firmicutes;c__Bacilli;o__Lactobacillales;f__Enterococcaceae;g__Enterococcus_A;s__Enterococcus_A raffinosus,blast,92.00,None
NODE_187_length_3184_cov_3.568872,RS_GCF_003293635.1,d__Bacteria;p__Firmicutes_A;c__Clostridia;o__Oscillospirales;f__Ruminococcaceae;g__Faecalibacterium;s__Faecalibacterium prausnitzii_G,blast,96.10,iPHoP-RF;67.30
NODE_187_length_3184_cov_3.568872,GB_GCA_900758465.1,d__Bacteria;p__Firmicutes_A;c__Clostridia;o__Oscillospirales;f__Ruminococcaceae;g__Faecalibacterium;s__Faecalibacterium sp900758465,blast,91.80,iPHoP-RF;67.30
NODE_188_length_4592_cov_5.053560,RS_GCF_010604095.1,d__Bacteria;p__Firmicutes;c__Bacilli;o__Lactobacillales;f__Streptococcaceae;g__Streptococcus;s__Streptococcus sp000187445,CRISPR,98.20,iPHoP-RF;88.90
NODE_188_length_4592_cov_5.053560,RS_GCF_010120595.1,d__Bacteria;p__Firmicutes;c__Bacilli;o__Lactobacillales;f__Streptococcaceae;g__Streptococcus;s__Streptococcus thermophilus,CRISPR,98.00,iPHoP-RF;91.10
NODE_188_length_4592_cov_5.053560,RS_GCF_009738225.1,d__Bacteria;p__Firmicutes;c__Bacilli;o__Lactobacillales;f__Streptococcaceae;g__Streptococcus;s__Streptococcus sp001556435,CRISPR,97.90,iPHoP-RF;92.10 blast;91.70
NODE_188_length_4592_cov_5.053560,RS_GCF_000785515.1,d__Bacteria;p__Firmicutes;c__Bacilli;o__Lactobacillales;f__Streptococcaceae;g__Streptococcus;s__Streptococcus salivarius,CRISPR,97.60,blast;95.40 iPHoP-RF;91.80
NODE_188_length_4592_cov_5.053560,RS_GCF_900636475.1,d__Bacteria;p__Firmicutes;c__Bacilli;o__Lactobacillales;f__Streptococcaceae;g__Streptococcus;s__Streptococcus anginosus,CRISPR,96.00,iPHoP-RF;92.80
NODE_188_length_4592_cov_5.053560,RS_GCF_003686955.1,d__Bacteria;p__Firmicutes;c__Bacilli;o__Lactobacillales;f__Streptococcaceae;g__Streptococcus;s__Streptococcus sp003686955,iPHoP-RF,94.70,None
NODE_188_length_4592_cov_5.053560,RS_GCF_902729355.1,d__Bacteria;p__Firmicutes;c__Bacilli;o__Lactobacillales;f__Streptococcaceae;g__Streptococcus;s__Streptococcus sp902729355,iPHoP-RF,94.10,None
NODE_188_length_4592_cov_5.053560,RS_GCF_000220045.1,d__Bacteria;p__Firmicutes;c__Bacilli;o__Lactobacillales;f__Streptococcaceae;g__Streptococcus;s__Streptococcus mitis_AP,iPHoP-RF,93.10,None
NODE_188_length_4592_cov_5.053560,RS_GCF_900042815.1,d__Bacteria;p__Firmicutes;c__Bacilli;o__Lactobacillales;f__Streptococcaceae;g__Streptococcus;s__Streptococcus pneumoniae_D,iPHoP-RF,93.10,None
NODE_188_length_4592_cov_5.053560,RS_GCF_001697145.1,d__Bacteria;p__Firmicutes;c__Bacilli;o__Lactobacillales;f__Streptococcaceae;g__Streptococcus;s__Streptococcus anginosus_C,iPHoP-RF,92.40,None
NODE_188_length_4592_cov_5.053560,RS_GCF_000722685.1,d__Bacteria;p__Firmicutes;c__Bacilli;o__Lactobacillales;f__Streptococcaceae;g__Streptococcus;s__Streptococcus mitis_M,iPHoP-RF,92.10,None
NODE_188_length_4592_cov_5.053560,RS_GCF_000722695.1,d__Bacteria;p__Firmicutes;c__Bacilli;o__Lactobacillales;f__Streptococcaceae;g__Streptococcus;s__Streptococcus mitis_O,iPHoP-RF,92.10,None
NODE_188_length_4592_cov_5.053560,RS_GCF_001073085.1,d__Bacteria;p__Firmicutes;c__Bacilli;o__Lactobacillales;f__Streptococcaceae;g__Streptococcus;s__Streptococcus pseudopneumoniae_M,iPHoP-RF,92.10,None
NODE_188_length_4592_cov_5.053560,RS_GCF_009496285.1,d__Bacteria;p__Firmicutes;c__Bacilli;o__Lactobacillales;f__Streptococcaceae;g__Streptococcus;s__Streptococcus mitis_BP,iPHoP-RF,91.80,None
NODE_188_length_4592_cov_5.053560,RS_GCF_000380065.1,d__Bacteria;p__Firmicutes;c__Bacilli;o__Lactobacillales;f__Streptococcaceae;g__Streptococcus;s__Streptococcus massiliensis,iPHoP-RF,90.80,None
NODE_189_length_2296_cov_5.015618,RS_GCF_001077535.1,d__Bacteria;p__Firmicutes_A;c__Clostridia;o__Peptostreptococcales;f__Peptostreptococcaceae;g__Clostridioides;s__Clostridioides difficile,blast,97.70,iPHoP-RF;75.70
NODE_189_length_2296_cov_5.015618,RS_GCF_900243075.1,d__Bacteria;p__Firmicutes_A;c__Clostridia;o__Peptostreptococcales;f__Peptostreptococcaceae;g__Clostridioides;s__Clostridioides difficile_D,blast,95.60,iPHoP-RF;77.80
NODE_189_length_2296_cov_5.015618,RS_GCF_000449425.2,d__Bacteria;p__Firmicutes_A;c__Clostridia;o__Peptostreptococcales;f__Peptostreptococcaceae;g__Clostridioides;s__Clostridioides difficile_E,blast,91.10,iPHoP-RF;76.10
NODE_189_length_2296_cov_5.015618,RS_GCF_001299635.1,d__Bacteria;p__Firmicutes_A;c__Clostridia;o__Peptostreptococcales;f__Peptostreptococcaceae;g__Clostridioides;s__Clostridioides difficile_A,blast,91.10,iPHoP-RF;75.00
NODE_189_length_4586_cov_12.726771,RS_GCF_002911475.1,d__Bacteria;p__Firmicutes;c__Bacilli;o__Lactobacillales;f__Lactobacillaceae;g__Lactobacillus;s__Lactobacillus sp002911475,blast,93.90,iPHoP-RF;82.50
NODE_189_length_4586_cov_12.726771,RS_GCF_002706375.1,d__Bacteria;p__Firmicutes;c__Bacilli;o__Lactobacillales;f__Lactobacillaceae;g__Lactobacillus;s__Lactobacillus amylovorus,blast,91.20,iPHoP-RF;90.50
NODE_189_length_5422_cov_4.826533,RS_GCF_003478995.1,d__Bacteria;p__Firmicutes_A;c__Clostridia;o__Oscillospirales;f__Oscillospiraceae;g__Lawsonibacter;s__Lawsonibacter sp003478995,blast,92.70,iPHoP-RF;75.70
NODE_18_length_20826_cov_33.002263,RS_GCF_003129905.1,d__Bacteria;p__Actinobacteriota;c__Actinomycetia;o__Actinomycetales;f__Bifidobacteriaceae;g__Bifidobacterium;s__Bifidobacterium callitrichidarum,iPHoP-RF,96.40,None
NODE_18_length_20826_cov_33.002263,RS_GCF_002259685.1,d__Bacteria;p__Actinobacteriota;c__Actinomycetia;o__Actinomycetales;f__Bifidobacteriaceae;g__Bifidobacterium;s__Bifidobacterium eulemuris,iPHoP-RF,95.70,None
NODE_18_length_20826_cov_33.002263,RS_GCF_010667645.1,d__Bacteria;p__Actinobacteriota;c__Actinomycetia;o__Actinomycetales;f__Bifidobacteriaceae;g__Bifidobacterium;s__Bifidobacterium sp010667645,iPHoP-RF,95.70,None
NODE_18_length_20826_cov_33.002263,RS_GCF_012932675.1,d__Bacteria;p__Actinobacteriota;c__Actinomycetia;o__Actinomycetales;f__Bifidobacteriaceae;g__Bifidobacterium;s__Bifidobacterium sp012932675,iPHoP-RF,95.70,None
NODE_18_length_20826_cov_33.002263,RS_GCF_000196555.1,d__Bacteria;p__Actinobacteriota;c__Actinomycetia;o__Actinomycetales;f__Bifidobacteriaceae;g__Bifidobacterium;s__Bifidobacterium longum,iPHoP-RF,95.40,blast;90.90
NODE_18_length_20826_cov_33.002263,RS_GCF_001895165.1,d__Bacteria;p__Actinobacteriota;c__Actinomycetia;o__Actinomycetales;f__Bifidobacteriaceae;g__Bifidobacterium;s__Bifidobacterium lemurum,iPHoP-RF,95.40,None
NODE_18_length_20826_cov_33.002263,RS_GCF_002802865.1,d__Bacteria;p__Actinobacteriota;c__Actinomycetia;o__Actinomycetales;f__Bifidobacteriaceae;g__Bifidobacterium;s__Bifidobacterium scaligerum,iPHoP-RF,95.40,None
NODE_18_length_20826_cov_33.002263,RS_GCF_012932375.1,d__Bacteria;p__Actinobacteriota;c__Actinomycetia;o__Actinomycetales;f__Bifidobacteriaceae;g__Bifidobacterium;s__Bifidobacterium sp012932375,iPHoP-RF,95.40,blast;89.40
NODE_18_length_20826_cov_33.002263,RS_GCF_001025155.1,d__Bacteria;p__Actinobacteriota;c__Actinomycetia;o__Actinomycetales;f__Bifidobacteriaceae;g__Bifidobacterium;s__Bifidobacterium angulatum,iPHoP-RF,94.40,None
NODE_18_length_20826_cov_33.002263,RS_GCF_001025175.1,d__Bacteria;p__Actinobacteriota;c__Actinomycetia;o__Actinomycetales;f__Bifidobacteriaceae;g__Bifidobacterium;s__Bifidobacterium breve,iPHoP-RF,94.40,None
NODE_18_length_20826_cov_33.002263,RS_GCF_000269965.1,d__Bacteria;p__Actinobacteriota;c__Actinomycetia;o__Actinomycetales;f__Bifidobacteriaceae;g__Bifidobacterium;s__Bifidobacterium infantis,iPHoP-RF,94.10,blast;89.60
NODE_18_length_20826_cov_33.002263,RS_GCF_001025195.1,d__Bacteria;p__Actinobacteriota;c__Actinomycetia;o__Actinomycetales;f__Bifidobacteriaceae;g__Bifidobacterium;s__Bifidobacterium catenulatum,blast,93.90,iPHoP-RF;89.50
NODE_18_length_20826_cov_33.002263,RS_GCF_000010425.1,d__Bacteria;p__Actinobacteriota;c__Actinomycetia;o__Actinomycetales;f__Bifidobacteriaceae;g__Bifidobacterium;s__Bifidobacterium adolescentis,blast,93.80,iPHoP-RF;90.50
NODE_18_length_20826_cov_33.002263,RS_GCF_000741785.1,d__Bacteria;p__Actinobacteriota;c__Actinomycetia;o__Actinomycetales;f__Bifidobacteriaceae;g__Bifidobacterium;s__Bifidobacterium stellenboschense,iPHoP-RF,93.40,None
NODE_18_length_20826_cov_33.002263,RS_GCF_900129045.1,d__Bacteria;p__Actinobacteriota;c__Actinomycetia;o__Actinomycetales;f__Bifidobacteriaceae;g__Bifidobacterium;s__Bifidobacterium merycicum,iPHoP-RF,93.40,blast;88.80
NODE_18_length_20826_cov_33.002263,RS_GCF_002860365.1,d__Bacteria;p__Actinobacteriota;c__Actinomycetia;o__Actinomycetales;f__Bifidobacteriaceae;g__Bifidobacterium;s__Bifidobacterium parmae,iPHoP-RF,93.10,None
NODE_18_length_20826_cov_33.002263,RS_GCF_008698235.1,d__Bacteria;p__Actinobacteriota;c__Actinomycetia;o__Actinomycetales;f__Bifidobacteriaceae;g__Bifidobacterium;s__Bifidobacterium rousetti,iPHoP-RF,92.80,blast;88.80
NODE_18_length_20826_cov_33.002263,RS_GCF_000741175.1,d__Bacteria;p__Actinobacteriota;c__Actinomycetia;o__Actinomycetales;f__Bifidobacteriaceae;g__Bifidobacterium;s__Bifidobacterium callitrichos,iPHoP-RF,92.40,None
NODE_18_length_20826_cov_33.002263,RS_GCF_001025215.1,d__Bacteria;p__Actinobacteriota;c__Actinomycetia;o__Actinomycetales;f__Bifidobacteriaceae;g__Bifidobacterium;s__Bifidobacterium pseudocatenulatum,iPHoP-RF,91.80,blast;90.10
NODE_18_length_20826_cov_33.002263,RS_GCF_009078285.1,d__Bacteria;p__Actinobacteriota;c__Actinomycetia;o__Actinomycetales;f__Bifidobacteriaceae;g__Bifidobacterium;s__Bifidobacterium jacchi,iPHoP-RF,90.80,None
NODE_18_length_20826_cov_33.002263,RS_GCF_000522505.1,d__Bacteria;p__Actinobacteriota;c__Actinomycetia;o__Actinomycetales;f__Bifidobacteriaceae;g__Bifidobacterium;s__Bifidobacterium moukalabense,blast,90.60,iPHoP-RF;81.40
NODE_190_length_3286_cov_3.972764,RS_GCF_000613385.1,d__Bacteria;p__Bacteroidota;c__Bacteroidia;o__Bacteroidales;f__Bacteroidaceae;g__Bacteroides;s__Bacteroides acidifaciens,iPHoP-RF,96.10,blast;90.70
NODE_190_length_3286_cov_3.972764,RS_GCF_903181435.1,d__Bacteria;p__Bacteroidota;c__Bacteroidia;o__Bacteroidales;f__Bacteroidaceae;g__Bacteroides;s__Bacteroides acidifaciens_A,iPHoP-RF,96.10,blast;90.20
NODE_190_length_3286_cov_3.972764,RS_GCF_002222615.2,d__Bacteria;p__Bacteroidota;c__Bacteroidia;o__Bacteroidales;f__Bacteroidaceae;g__Bacteroides;s__Bacteroides caccae,iPHoP-RF,95.70,blast;90.00
NODE_190_length_3286_cov_3.972764,RS_GCF_009193325.2,d__Bacteria;p__Bacteroidota;c__Bacteroidia;o__Bacteroidales;f__Bacteroidaceae;g__Bacteroides;s__Bacteroides sp900066265,iPHoP-RF,95.70,None
NODE_190_length_3286_cov_3.972764,RS_GCF_000025985.1,d__Bacteria;p__Bacteroidota;c__Bacteroidia;o__Bacteroidales;f__Bacteroidaceae;g__Bacteroides;s__Bacteroides fragilis,blast,95.50,iPHoP-RF;83.60
NODE_190_length_3286_cov_3.972764,RS_GCF_000156195.1,d__Bacteria;p__Bacteroidota;c__Bacteroidia;o__Bacteroidales;f__Bacteroidaceae;g__Bacteroides;s__Bacteroides finegoldii,iPHoP-RF,95.40,None
NODE_190_length_3286_cov_3.972764,RS_GCF_001688725.2,d__Bacteria;p__Bacteroidota;c__Bacteroidia;o__Bacteroidales;f__Bacteroidaceae;g__Bacteroides;s__Bacteroides caecimuris,iPHoP-RF,95.10,blast;90.20
NODE_190_length_3286_cov_3.972764,RS_GCF_012113595.1,d__Bacteria;p__Bacteroidota;c__Bacteroidia;o__Bacteroidales;f__Bacteroidaceae;g__Bacteroides;s__Bacteroides sp012113595,iPHoP-RF,95.10,blast;91.00
NODE_190_length_3286_cov_3.972764,RS_GCF_900130125.1,d__Bacteria;p__Bacteroidota;c__Bacteroidia;o__Bacteroidales;f__Bacteroidaceae;g__Bacteroides;s__Bacteroides congonensis,iPHoP-RF,95.10,blast;90.80
NODE_190_length_3286_cov_3.972764,GB_GCA_900556625.1,d__Bacteria;p__Bacteroidota;c__Bacteroidia;o__Bacteroidales;f__Bacteroidaceae;g__Bacteroides;s__Bacteroides sp900556625,iPHoP-RF,94.70,None
NODE_190_length_3286_cov_3.972764,GB_GCA_000210075.1,d__Bacteria;p__Bacteroidota;c__Bacteroidia;o__Bacteroidales;f__Bacteroidaceae;g__Bacteroides;s__Bacteroides xylanisolvens,iPHoP-RF,94.10,blast;89.90
NODE_190_length_3286_cov_3.972764,GB_GCA_900761785.1,d__Bacteria;p__Bacteroidota;c__Bacteroidia;o__Bacteroidales;f__Bacteroidaceae;g__Bacteroides;s__Bacteroides sp900761785,iPHoP-RF,94.10,blast;90.70
NODE_190_length_3286_cov_3.972764,RS_GCF_000011065.1,d__Bacteria;p__Bacteroidota;c__Bacteroidia;o__Bacteroidales;f__Bacteroidaceae;g__Bacteroides;s__Bacteroides thetaiotaomicron,iPHoP-RF,94.10,blast;90.40
NODE_190_length_3286_cov_3.972764,RS_GCF_014334015.1,d__Bacteria;p__Bacteroidota;c__Bacteroidia;o__Bacteroidales;f__Bacteroidaceae;g__Bacteroides;s__Bacteroides sp003463205,iPHoP-RF,93.70,blast;89.80
NODE_190_length_3286_cov_3.972764,RS_GCF_900106755.1,d__Bacteria;p__Bacteroidota;c__Bacteroidia;o__Bacteroidales;f__Bacteroidaceae;g__Bacteroides;s__Bacteroides faecis,iPHoP-RF,93.10,blast;89.60
NODE_190_length_3286_cov_3.972764,RS_GCF_902362375.1,d__Bacteria;p__Bacteroidota;c__Bacteroidia;o__Bacteroidales;f__Bacteroidaceae;g__Bacteroides;s__Bacteroides sp902362375,iPHoP-RF,92.40,blast;89.60
NODE_190_length_3286_cov_3.972764,RS_GCF_001314995.1,d__Bacteria;p__Bacteroidota;c__Bacteroidia;o__Bacteroidales;f__Bacteroidaceae;g__Bacteroides;s__Bacteroides ovatus,blast,92.30,iPHoP-RF;81.40
NODE_190_length_3286_cov_3.972764,GB_GCA_900755095.1,d__Bacteria;p__Bacteroidota;c__Bacteroidia;o__Bacteroidales;f__Bacteroidaceae;g__Bacteroides;s__Bacteroides sp900755095,blast,91.90,iPHoP-RF;85.70
NODE_190_length_3286_cov_3.972764,RS_GCF_002849695.1,d__Bacteria;p__Bacteroidota;c__Bacteroidia;o__Bacteroidales;f__Bacteroidaceae;g__Bacteroides;s__Bacteroides fragilis_A,blast,91.80,iPHoP-RF;81.60
NODE_190_length_5228_cov_15.182293,RS_GCF_001077535.1,d__Bacteria;p__Firmicutes_A;c__Clostridia;o__Peptostreptococcales;f__Peptostreptococcaceae;g__Clostridioides;s__Clostridioides difficile,blast,95.90,iPHoP-RF;89.20 CRISPR;55.60
NODE_190_length_5228_cov_15.182293,RS_GCF_000449425.2,d__Bacteria;p__Firmicutes_A;c__Clostridia;o__Peptostreptococcales;f__Peptostreptococcaceae;g__Clostridioides;s__Clostridioides difficile_E,blast,94.80,iPHoP-RF;90.80
NODE_190_length_5228_cov_15.182293,RS_GCF_900243075.1,d__Bacteria;p__Firmicutes_A;c__Clostridia;o__Peptostreptococcales;f__Peptostreptococcaceae;g__Clostridioides;s__Clostridioides difficile_D,blast,94.50,iPHoP-RF;92.80
NODE_1928_length_1528_cov_8.574338,RS_GCF_001077535.1,d__Bacteria;p__Firmicutes_A;c__Clostridia;o__Peptostreptococcales;f__Peptostreptococcaceae;g__Clostridioides;s__Clostridioides difficile,blast,96.30,iPHoP-RF;53.30
NODE_1928_length_1528_cov_8.574338,RS_GCF_900243075.1,d__Bacteria;p__Firmicutes_A;c__Clostridia;o__Peptostreptococcales;f__Peptostreptococcaceae;g__Clostridioides;s__Clostridioides difficile_D,blast,94.00,iPHoP-RF;56.00
NODE_1928_length_1528_cov_8.574338,RS_GCF_000449425.2,d__Bacteria;p__Firmicutes_A;c__Clostridia;o__Peptostreptococcales;f__Peptostreptococcaceae;g__Clostridioides;s__Clostridioides difficile_E,blast,91.10,None
NODE_1928_length_1528_cov_8.574338,RS_GCF_001299635.1,d__Bacteria;p__Firmicutes_A;c__Clostridia;o__Peptostreptococcales;f__Peptostreptococcaceae;g__Clostridioides;s__Clostridioides difficile_A,blast,91.10,None
NODE_192_length_7003_cov_7.563040,RS_GCF_000026325.1,d__Bacteria;p__Proteobacteria;c__Gammaproteobacteria;o__Enterobacterales;f__Enterobacteriaceae;g__Escherichia;s__Escherichia coli_D,iPHoP-RF,95.70,blast;92.00
NODE_192_length_7003_cov_7.563040,RS_GCF_002965065.1,d__Bacteria;p__Proteobacteria;c__Gammaproteobacteria;o__Enterobacterales;f__Enterobacteriaceae;g__Escherichia;s__Escherichia sp002965065,iPHoP-RF,95.70,None
NODE_192_length_7003_cov_7.563040,RS_GCF_011881725.1,d__Bacteria;p__Proteobacteria;c__Gammaproteobacteria;o__Enterobacterales;f__Enterobacteriaceae;g__Escherichia;s__Escherichia coli_E,iPHoP-RF,95.70,None
NODE_192_length_7003_cov_7.563040,RS_GCF_000208585.1,d__Bacteria;p__Proteobacteria;c__Gammaproteobacteria;o__Enterobacterales;f__Enterobacteriaceae;g__Escherichia;s__Escherichia sp000208585,iPHoP-RF,95.40,blast;92.00
NODE_192_length_7003_cov_7.563040,RS_GCF_002900365.1,d__Bacteria;p__Proteobacteria;c__Gammaproteobacteria;o__Enterobacterales;f__Enterobacteriaceae;g__Escherichia;s__Escherichia marmotae,iPHoP-RF,95.40,blast;92.00
NODE_192_length_7003_cov_7.563040,RS_GCF_003697165.2,d__Bacteria;p__Proteobacteria;c__Gammaproteobacteria;o__Enterobacterales;f__Enterobacteriaceae;g__Escherichia;s__Escherichia coli,blast,95.00,iPHoP-RF;90.10
NODE_192_length_7003_cov_7.563040,RS_GCF_002949675.1,d__Bacteria;p__Proteobacteria;c__Gammaproteobacteria;o__Enterobacterales;f__Enterobacteriaceae;g__Escherichia;s__Escherichia dysenteriae,iPHoP-RF,94.40,blast;92.00
NODE_192_length_7003_cov_7.563040,RS_GCF_002950215.1,d__Bacteria;p__Proteobacteria;c__Gammaproteobacteria;o__Enterobacterales;f__Enterobacteriaceae;g__Escherichia;s__Escherichia flexneri,iPHoP-RF,94.40,blast;94.10
NODE_192_length_7003_cov_7.563040,RS_GCF_001660175.1,d__Bacteria;p__Proteobacteria;c__Gammaproteobacteria;o__Enterobacterales;f__Enterobacteriaceae;g__Escherichia;s__Escherichia sp001660175,iPHoP-RF,94.10,None
NODE_192_length_7003_cov_7.563040,RS_GCF_005843885.1,d__Bacteria;p__Proteobacteria;c__Gammaproteobacteria;o__Enterobacterales;f__Enterobacteriaceae;g__Escherichia;s__Escherichia sp005843885,iPHoP-RF,93.70,blast;92.30
NODE_192_length_7003_cov_7.563040,RS_GCF_000759775.1,d__Bacteria;p__Proteobacteria;c__Gammaproteobacteria;o__Enterobacterales;f__Enterobacteriaceae;g__Escherichia;s__Escherichia albertii,blast,93.60,iPHoP-RF;87.30
NODE_192_length_7003_cov_7.563040,GB_GCA_003018335.1,d__Bacteria;p__Proteobacteria;c__Gammaproteobacteria;o__Enterobacterales;f__Enterobacteriaceae;g__Escherichia;s__Escherichia coli_C,iPHoP-RF,93.40,blast;92.00
NODE_192_length_7003_cov_7.563040,RS_GCF_000026225.1,d__Bacteria;p__Proteobacteria;c__Gammaproteobacteria;o__Enterobacterales;f__Enterobacteriaceae;g__Escherichia;s__Escherichia fergusonii,blast,92.60,iPHoP-RF;85.40
NODE_192_length_7003_cov_7.563040,RS_GCF_004211955.1,d__Bacteria;p__Proteobacteria;c__Gammaproteobacteria;o__Enterobacterales;f__Enterobacteriaceae;g__Escherichia;s__Escherichia sp004211955,iPHoP-RF,92.40,None
NODE_192_length_7497_cov_5.865493,GB_GCA_003018335.1,d__Bacteria;p__Proteobacteria;c__Gammaproteobacteria;o__Enterobacterales;f__Enterobacteriaceae;g__Escherichia;s__Escherichia coli_C,iPHoP-RF,96.40,blast;95.40 CRISPR;83.80
NODE_192_length_7497_cov_5.865493,RS_GCF_000208585.1,d__Bacteria;p__Proteobacteria;c__Gammaproteobacteria;o__Enterobacterales;f__Enterobacteriaceae;g__Escherichia;s__Escherichia sp000208585,iPHoP-RF,96.40,None
NODE_192_length_7497_cov_5.865493,RS_GCF_011881725.1,d__Bacteria;p__Proteobacteria;c__Gammaproteobacteria;o__Enterobacterales;f__Enterobacteriaceae;g__Escherichia;s__Escherichia coli_E,iPHoP-RF,96.40,blast;95.40
NODE_192_length_7497_cov_5.865493,RS_GCF_003697165.2,d__Bacteria;p__Proteobacteria;c__Gammaproteobacteria;o__Enterobacterales;f__Enterobacteriaceae;g__Escherichia;s__Escherichia coli,blast,96.20,iPHoP-RF;95.70
NODE_192_length_7497_cov_5.865493,RS_GCF_000026325.1,d__Bacteria;p__Proteobacteria;c__Gammaproteobacteria;o__Enterobacterales;f__Enterobacteriaceae;g__Escherichia;s__Escherichia coli_D,iPHoP-RF,96.10,blast;95.60
NODE_192_length_7497_cov_5.865493,RS_GCF_001660175.1,d__Bacteria;p__Proteobacteria;c__Gammaproteobacteria;o__Enterobacterales;f__Enterobacteriaceae;g__Escherichia;s__Escherichia sp001660175,iPHoP-RF,96.10,None
NODE_192_length_7497_cov_5.865493,RS_GCF_002950215.1,d__Bacteria;p__Proteobacteria;c__Gammaproteobacteria;o__Enterobacterales;f__Enterobacteriaceae;g__Escherichia;s__Escherichia flexneri,iPHoP-RF,96.10,blast;96.00 CRISPR;75.90
NODE_192_length_7497_cov_5.865493,RS_GCF_004211955.1,d__Bacteria;p__Proteobacteria;c__Gammaproteobacteria;o__Enterobacterales;f__Enterobacteriaceae;g__Escherichia;s__Escherichia sp004211955,iPHoP-RF,96.10,None
NODE_192_length_7497_cov_5.865493,RS_GCF_005843885.1,d__Bacteria;p__Proteobacteria;c__Gammaproteobacteria;o__Enterobacterales;f__Enterobacteriaceae;g__Escherichia;s__Escherichia sp005843885,iPHoP-RF,96.10,None
NODE_192_length_7497_cov_5.865493,RS_GCF_000026225.1,d__Bacteria;p__Proteobacteria;c__Gammaproteobacteria;o__Enterobacterales;f__Enterobacteriaceae;g__Escherichia;s__Escherichia fergusonii,blast,95.70,iPHoP-RF;93.70
NODE_192_length_7497_cov_5.865493,RS_GCF_002900365.1,d__Bacteria;p__Proteobacteria;c__Gammaproteobacteria;o__Enterobacterales;f__Enterobacteriaceae;g__Escherichia;s__Escherichia marmotae,iPHoP-RF,95.70,None
NODE_192_length_7497_cov_5.865493,RS_GCF_002949675.1,d__Bacteria;p__Proteobacteria;c__Gammaproteobacteria;o__Enterobacterales;f__Enterobacteriaceae;g__Escherichia;s__Escherichia dysenteriae,blast,95.50,iPHoP-RF;94.70 CRISPR;83.80
NODE_192_length_7497_cov_5.865493,RS_GCF_002965065.1,d__Bacteria;p__Proteobacteria;c__Gammaproteobacteria;o__Enterobacterales;f__Enterobacteriaceae;g__Escherichia;s__Escherichia sp002965065,iPHoP-RF,95.40,blast;95.40
NODE_195_length_14931_cov_7.812718,RS_GCF_008121495.1,d__Bacteria;p__Firmicutes_A;c__Clostridia;o__Lachnospirales;f__Lachnospiraceae;g__Ruminococcus_B;s__Ruminococcus_B gnavus,blast,94.70,iPHoP-RF;79.30
NODE_195_length_14931_cov_7.812718,RS_GCF_900104635.1,d__Bacteria;p__Firmicutes_A;c__Clostridia;o__Lachnospirales;f__Lachnospiraceae;g__Faecalimonas;s__Faecalimonas phoceensis,blast,93.50,iPHoP-RF;61.10
NODE_1972_length_1543_cov_3.204973,RS_GCF_003697165.2,d__Bacteria;p__Proteobacteria;c__Gammaproteobacteria;o__Enterobacterales;f__Enterobacteriaceae;g__Escherichia;s__Escherichia coli,blast,95.90,iPHoP-RF;72.20
NODE_1972_length_1543_cov_3.204973,RS_GCF_000208585.1,d__Bacteria;p__Proteobacteria;c__Gammaproteobacteria;o__Enterobacterales;f__Enterobacteriaceae;g__Escherichia;s__Escherichia sp000208585,blast,95.80,iPHoP-RF;71.90
NODE_1972_length_1543_cov_3.204973,RS_GCF_002949675.1,d__Bacteria;p__Proteobacteria;c__Gammaproteobacteria;o__Enterobacterales;f__Enterobacteriaceae;g__Escherichia;s__Escherichia dysenteriae,blast,95.80,iPHoP-RF;71.90
NODE_1972_length_1543_cov_3.204973,RS_GCF_000026325.1,d__Bacteria;p__Proteobacteria;c__Gammaproteobacteria;o__Enterobacterales;f__Enterobacteriaceae;g__Escherichia;s__Escherichia coli_D,blast,95.50,iPHoP-RF;72.20
NODE_1972_length_1543_cov_3.204973,RS_GCF_002950215.1,d__Bacteria;p__Proteobacteria;c__Gammaproteobacteria;o__Enterobacterales;f__Enterobacteriaceae;g__Escherichia;s__Escherichia flexneri,blast,94.20,iPHoP-RF;71.70
NODE_1972_length_1543_cov_3.204973,RS_GCF_000759775.1,d__Bacteria;p__Proteobacteria;c__Gammaproteobacteria;o__Enterobacterales;f__Enterobacteriaceae;g__Escherichia;s__Escherichia albertii,blast,91.20,iPHoP-RF;70.90
NODE_197_length_4114_cov_4.814240,RS_GCF_000025985.1,d__Bacteria;p__Bacteroidota;c__Bacteroidia;o__Bacteroidales;f__Bacteroidaceae;g__Bacteroides;s__Bacteroides fragilis,blast,95.50,iPHoP-RF;91.80
NODE_197_length_4114_cov_4.814240,GB_GCA_900765805.1,d__Bacteria;p__Bacteroidota;c__Bacteroidia;o__Bacteroidales;f__Bacteroidaceae;g__Bacteroides;s__Bacteroides sp900765805,blast,93.80,iPHoP-RF;75.90
NODE_197_length_4114_cov_4.814240,RS_GCF_002849695.1,d__Bacteria;p__Bacteroidota;c__Bacteroidia;o__Bacteroidales;f__Bacteroidaceae;g__Bacteroides;s__Bacteroides fragilis_A,blast,92.70,iPHoP-RF;90.50
NODE_197_length_4114_cov_4.814240,GB_GCA_900760255.1,d__Bacteria;p__Bacteroidota;c__Bacteroidia;o__Bacteroidales;f__Bacteroidaceae;g__Bacteroides;s__Bacteroides sp900760255,blast,90.60,iPHoP-RF;85.70
NODE_197_length_4114_cov_4.814240,GB_GCA_900762525.1,d__Bacteria;p__Bacteroidota;c__Bacteroidia;o__Bacteroidales;f__Bacteroidaceae;g__Bacteroides;s__Bacteroides sp900762525,iPHoP-RF,90.50,blast;89.70
NODE_197_length_4114_cov_4.814240,RS_GCF_000156195.1,d__Bacteria;p__Bacteroidota;c__Bacteroidia;o__Bacteroidales;f__Bacteroidaceae;g__Bacteroides;s__Bacteroides finegoldii,iPHoP-RF,90.50,None
NODE_197_length_4114_cov_4.814240,RS_GCF_000195635.1,d__Bacteria;p__Bacteroidota;c__Bacteroidia;o__Bacteroidales;f__Bacteroidaceae;g__Bacteroides;s__Bacteroides fluxus,iPHoP-RF,90.10,None
NODE_197_length_4114_cov_4.814240,RS_GCF_000613465.1,d__Bacteria;p__Bacteroidota;c__Bacteroidia;o__Bacteroidales;f__Bacteroidaceae;g__Bacteroides;s__Bacteroides nordii,blast,90.00,None
NODE_1982_length_1539_cov_2.719677,GB_GCA_003018335.1,d__Bacteria;p__Proteobacteria;c__Gammaproteobacteria;o__Enterobacterales;f__Enterobacteriaceae;g__Escherichia;s__Escherichia coli_C,blast,95.50,iPHoP-RF;87.00
NODE_1982_length_1539_cov_2.719677,RS_GCF_000026225.1,d__Bacteria;p__Proteobacteria;c__Gammaproteobacteria;o__Enterobacterales;f__Enterobacteriaceae;g__Escherichia;s__Escherichia fergusonii,blast,95.50,iPHoP-RF;83.60
NODE_1982_length_1539_cov_2.719677,RS_GCF_002900365.1,d__Bacteria;p__Proteobacteria;c__Gammaproteobacteria;o__Enterobacterales;f__Enterobacteriaceae;g__Escherichia;s__Escherichia marmotae,blast,95.50,iPHoP-RF;84.80
NODE_1982_length_1539_cov_2.719677,RS_GCF_002949675.1,d__Bacteria;p__Proteobacteria;c__Gammaproteobacteria;o__Enterobacterales;f__Enterobacteriaceae;g__Escherichia;s__Escherichia dysenteriae,blast,95.50,iPHoP-RF;85.10
NODE_1982_length_1539_cov_2.719677,RS_GCF_003697165.2,d__Bacteria;p__Proteobacteria;c__Gammaproteobacteria;o__Enterobacterales;f__Enterobacteriaceae;g__Escherichia;s__Escherichia coli,blast,95.20,iPHoP-RF;87.00
NODE_1982_length_1539_cov_2.719677,RS_GCF_000026325.1,d__Bacteria;p__Proteobacteria;c__Gammaproteobacteria;o__Enterobacterales;f__Enterobacteriaceae;g__Escherichia;s__Escherichia coli_D,blast,95.10,iPHoP-RF;85.70 CRISPR;51.00
NODE_1982_length_1539_cov_2.719677,RS_GCF_002950215.1,d__Bacteria;p__Proteobacteria;c__Gammaproteobacteria;o__Enterobacterales;f__Enterobacteriaceae;g__Escherichia;s__Escherichia flexneri,blast,95.00,iPHoP-RF;83.30
NODE_1982_length_1539_cov_2.719677,RS_GCF_000759775.1,d__Bacteria;p__Proteobacteria;c__Gammaproteobacteria;o__Enterobacterales;f__Enterobacteriaceae;g__Escherichia;s__Escherichia albertii,blast,91.10,iPHoP-RF;81.10
NODE_1990_length_1063_cov_2.910714,RS_GCF_001874625.1,d__Bacteria;p__Proteobacteria;c__Gammaproteobacteria;o__Enterobacterales;f__Enterobacteriaceae;g__Providencia;s__Providencia rettgeri_A,blast,93.90,iPHoP-RF;82.50
NODE_199_length_4415_cov_3.494725,RS_GCF_000010425.1,d__Bacteria;p__Actinobacteriota;c__Actinomycetia;o__Actinomycetales;f__Bifidobacteriaceae;g__Bifidobacterium;s__Bifidobacterium adolescentis,blast,93.40,iPHoP-RF;79.30
NODE_199_length_4415_cov_3.494725,RS_GCF_000800455.1,d__Bacteria;p__Actinobacteriota;c__Actinomycetia;o__Actinomycetales;f__Bifidobacteriaceae;g__Bifidobacterium;s__Bifidobacterium kashiwanohense_A,blast,93.40,iPHoP-RF;84.50
NODE_199_length_4415_cov_3.494725,RS_GCF_001025215.1,d__Bacteria;p__Actinobacteriota;c__Actinomycetia;o__Actinomycetales;f__Bifidobacteriaceae;g__Bifidobacterium;s__Bifidobacterium pseudocatenulatum,blast,93.20,iPHoP-RF;85.70 CRISPR;61.30
NODE_199_length_4415_cov_3.494725,RS_GCF_001025135.1,d__Bacteria;p__Actinobacteriota;c__Actinomycetia;o__Actinomycetales;f__Bifidobacteriaceae;g__Bifidobacterium;s__Bifidobacterium bifidum,blast,91.70,iPHoP-RF;77.80
NODE_199_length_4415_cov_3.494725,RS_GCF_002742445.1,d__Bacteria;p__Actinobacteriota;c__Actinomycetia;o__Actinomycetales;f__Bifidobacteriaceae;g__Bifidobacterium;s__Bifidobacterium sp002742445,iPHoP-RF,90.80,None
NODE_19_length_18409_cov_46.580691,RS_GCF_000269965.1,d__Bacteria;p__Actinobacteriota;c__Actinomycetia;o__Actinomycetales;f__Bifidobacteriaceae;g__Bifidobacterium;s__Bifidobacterium infantis,CRISPR,97.00,iPHoP-RF;92.80 blast;92.30
NODE_19_length_18409_cov_46.580691,RS_GCF_000196555.1,d__Bacteria;p__Actinobacteriota;c__Actinomycetia;o__Actinomycetales;f__Bifidobacteriaceae;g__Bifidobacterium;s__Bifidobacterium longum,CRISPR,96.80,iPHoP-RF;95.10 blast;92.50
NODE_19_length_18409_cov_46.580691,RS_GCF_001025215.1,d__Bacteria;p__Actinobacteriota;c__Actinomycetia;o__Actinomycetales;f__Bifidobacteriaceae;g__Bifidobacterium;s__Bifidobacterium pseudocatenulatum,blast,90.90,iPHoP-RF;72.60
NODE_19_length_18409_cov_46.580691,RS_GCF_012932375.1,d__Bacteria;p__Actinobacteriota;c__Actinomycetia;o__Actinomycetales;f__Bifidobacteriaceae;g__Bifidobacterium;s__Bifidobacterium sp012932375,blast,90.90,iPHoP-RF;72.20
NODE_19_length_18409_cov_46.580691,RS_GCF_000010425.1,d__Bacteria;p__Actinobacteriota;c__Actinomycetia;o__Actinomycetales;f__Bifidobacteriaceae;g__Bifidobacterium;s__Bifidobacterium adolescentis,blast,90.60,iPHoP-RF;69.80 CRISPR;52.40
NODE_19_length_18409_cov_46.580691,RS_GCF_001025195.1,d__Bacteria;p__Actinobacteriota;c__Actinomycetia;o__Actinomycetales;f__Bifidobacteriaceae;g__Bifidobacterium;s__Bifidobacterium catenulatum,blast,90.40,iPHoP-RF;59.80
NODE_19_length_20155_cov_16.684776,RS_GCF_001544255.1,d__Bacteria;p__Firmicutes;c__Bacilli;o__Lactobacillales;f__Enterococcaceae;g__Enterococcus_B;s__Enterococcus_B faecium,blast,97.50,iPHoP-RF;95.40
NODE_19_length_20155_cov_16.684776,RS_GCF_009735405.1,d__Bacteria;p__Firmicutes;c__Bacilli;o__Lactobacillales;f__Enterococcaceae;g__Enterococcus_B;s__Enterococcus_B lactis,blast,96.60,iPHoP-RF;95.40
NODE_19_length_20155_cov_16.684776,RS_GCF_001544215.1,d__Bacteria;p__Firmicutes;c__Bacilli;o__Lactobacillales;f__Enterococcaceae;g__Enterococcus_B;s__Enterococcus_B durans,blast,96.40,iPHoP-RF;92.40
NODE_19_length_20155_cov_16.684776,RS_GCF_000271405.2,d__Bacteria;p__Firmicutes;c__Bacilli;o__Lactobacillales;f__Enterococcaceae;g__Enterococcus_B;s__Enterococcus_B hirae,blast,96.10,iPHoP-RF;91.40
NODE_19_length_20155_cov_16.684776,RS_GCF_007990225.1,d__Bacteria;p__Firmicutes;c__Bacilli;o__Lactobacillales;f__Enterococcaceae;g__Enterococcus_B;s__Enterococcus_B villorum,blast,95.30,iPHoP-RF;87.00
NODE_19_length_20155_cov_16.684776,RS_GCF_011038845.1,d__Bacteria;p__Firmicutes;c__Bacilli;o__Lactobacillales;f__Enterococcaceae;g__Enterococcus_B;s__Enterococcus_B sp011038845,iPHoP-RF,90.10,blast;89.10
NODE_19_length_20691_cov_44.666166,RS_GCF_000010425.1,d__Bacteria;p__Actinobacteriota;c__Actinomycetia;o__Actinomycetales;f__Bifidobacteriaceae;g__Bifidobacterium;s__Bifidobacterium adolescentis,blast,93.90,iPHoP-RF;91.40
NODE_19_length_20691_cov_44.666166,RS_GCF_000800455.1,d__Bacteria;p__Actinobacteriota;c__Actinomycetia;o__Actinomycetales;f__Bifidobacteriaceae;g__Bifidobacterium;s__Bifidobacterium kashiwanohense_A,blast,90.60,iPHoP-RF;63.30
NODE_1_length_69125_cov_31.054278,RS_GCF_000210895.1,d__Bacteria;p__Proteobacteria;c__Gammaproteobacteria;o__Enterobacterales;f__Pasteurellaceae;g__Haemophilus_D;s__Haemophilus_D parainfluenzae_A,iPHoP-RF,93.70,None
NODE_1_length_69125_cov_31.054278,RS_GCF_003253005.1,d__Bacteria;p__Proteobacteria;c__Gammaproteobacteria;o__Enterobacterales;f__Pasteurellaceae;g__Haemophilus_D;s__Haemophilus_D parainfluenzae_M,iPHoP-RF,93.40,None
NODE_1_length_69125_cov_31.054278,RS_GCF_900764435.1,d__Bacteria;p__Proteobacteria;c__Gammaproteobacteria;o__Enterobacterales;f__Pasteurellaceae;g__Haemophilus_D;s__Haemophilus_D sp900764435,iPHoP-RF,93.40,None
NODE_1_length_69125_cov_31.054278,3300008148_8,d__Bacteria;p__Proteobacteria;c__Gammaproteobacteria;o__Enterobacterales;f__Pasteurellaceae;g__Haemophilus_D;s__,iPHoP-RF,93.10,None
NODE_1_length_69125_cov_31.054278,RS_GCF_900756875.1,d__Bacteria;p__Proteobacteria;c__Gammaproteobacteria;o__Enterobacterales;f__Pasteurellaceae;g__Haemophilus_D;s__Haemophilus_D sp900756875,iPHoP-RF,93.10,None
NODE_1_length_69125_cov_31.054278,RS_GCF_000466335.1,d__Bacteria;p__Proteobacteria;c__Gammaproteobacteria;o__Enterobacterales;f__Pasteurellaceae;g__Aggregatibacter;s__Aggregatibacter sp000466335,CRISPR,92.80,iPHoP-RF;89.50
NODE_1_length_69125_cov_31.054278,RS_GCF_900755445.1,d__Bacteria;p__Proteobacteria;c__Gammaproteobacteria;o__Enterobacterales;f__Pasteurellaceae;g__Haemophilus_D;s__Haemophilus_D sp900755445,iPHoP-RF,92.80,None
NODE_1_length_69125_cov_31.054278,RS_GCF_000191405.1,d__Bacteria;p__Proteobacteria;c__Gammaproteobacteria;o__Enterobacterales;f__Pasteurellaceae;g__Haemophilus_D;s__Haemophilus_D parainfluenzae,iPHoP-RF,92.40,None
NODE_1_length_69125_cov_31.054278,RS_GCF_001679485.1,d__Bacteria;p__Proteobacteria;c__Gammaproteobacteria;o__Enterobacterales;f__Pasteurellaceae;g__Haemophilus_D;s__Haemophilus_D sp001679485,iPHoP-RF,92.40,None
NODE_1_length_69125_cov_31.054278,RS_GCF_900638025.1,d__Bacteria;p__Proteobacteria;c__Gammaproteobacteria;o__Enterobacterales;f__Pasteurellaceae;g__Haemophilus_D;s__Haemophilus_D parainfluenzae_J,iPHoP-RF,92.40,None
NODE_1_length_69125_cov_31.054278,RS_GCF_900756155.1,d__Bacteria;p__Proteobacteria;c__Gammaproteobacteria;o__Enterobacterales;f__Pasteurellaceae;g__Haemophilus_D;s__Haemophilus_D sp900756155,iPHoP-RF,91.80,None
NODE_1_length_69125_cov_31.054278,RS_GCF_003252755.1,d__Bacteria;p__Proteobacteria;c__Gammaproteobacteria;o__Enterobacterales;f__Pasteurellaceae;g__Haemophilus_D;s__Haemophilus_D parainfluenzae_N,iPHoP-RF,91.40,CRISPR;79.30
NODE_1_length_69125_cov_31.054278,3300006459_15,d__Bacteria;p__Proteobacteria;c__Gammaproteobacteria;o__Enterobacterales;f__Pasteurellaceae;g__Haemophilus_D;s__,iPHoP-RF,91.10,None
NODE_1_length_98866_cov_307.607594,RS_GCF_002224675.1,d__Bacteria;p__Bacteroidota;c__Bacteroidia;o__Bacteroidales;f__Bacteroidaceae;g__Prevotella;s__Prevotella copri_A,CRISPR,96.90,blast;86.00 iPHoP-RF;70.20
NODE_1_length_98866_cov_307.607594,RS_GCF_000157935.1,d__Bacteria;p__Bacteroidota;c__Bacteroidia;o__Bacteroidales;f__Bacteroidaceae;g__Prevotella;s__Prevotella copri,CRISPR,96.80,blast;93.50 iPHoP-RF;77.30
NODE_1_length_98866_cov_307.607594,RS_GCF_000185845.1,d__Bacteria;p__Bacteroidota;c__Bacteroidia;o__Bacteroidales;f__Bacteroidaceae;g__Prevotella;s__Prevotella salivae,CRISPR,96.80,iPHoP-RF;62.20
NODE_1_length_98866_cov_307.607594,GB_GCA_900557085.1,d__Bacteria;p__Bacteroidota;c__Bacteroidia;o__Bacteroidales;f__Bacteroidaceae;g__Phocaeicola;s__Phocaeicola sp900557085,blast,93.80,None
NODE_1_length_98866_cov_307.607594,RS_GCF_902167755.1,d__Bacteria;p__Bacteroidota;c__Bacteroidia;o__Bacteroidales;f__Bacteroidaceae;g__Prevotella;s__Prevotella sp900557255,blast,93.00,iPHoP-RF;78.30
NODE_2000_length_1204_cov_4.489121,RS_GCF_014211915.1,d__Bacteria;p__Proteobacteria;c__Gammaproteobacteria;o__Burkholderiales;f__Burkholderiaceae;g__Burkholderia;s__Burkholderia cenocepacia_B,iPHoP-RF,94.10,blast;90.00
NODE_2000_length_1204_cov_4.489121,RS_GCF_001028665.1,d__Bacteria;p__Proteobacteria;c__Gammaproteobacteria;o__Burkholderiales;f__Burkholderiaceae;g__Burkholderia;s__Burkholderia pyrrocinia,iPHoP-RF,93.70,None
NODE_2000_length_1204_cov_4.489121,RS_GCF_902499075.1,d__Bacteria;p__Proteobacteria;c__Gammaproteobacteria;o__Burkholderiales;f__Burkholderiaceae;g__Burkholderia;s__Burkholderia pseudomultivorans,blast,93.60,iPHoP-RF;64.00
NODE_2000_length_1204_cov_4.489121,RS_GCF_902499125.1,d__Bacteria;p__Proteobacteria;c__Gammaproteobacteria;o__Burkholderiales;f__Burkholderiaceae;g__Burkholderia;s__Burkholderia arboris,iPHoP-RF,93.10,blast;90.20
NODE_2000_length_1204_cov_4.489121,RS_GCF_000732615.1,d__Bacteria;p__Proteobacteria;c__Gammaproteobacteria;o__Burkholderiales;f__Burkholderiaceae;g__Burkholderia;s__Burkholderia paludis,iPHoP-RF,92.10,None
NODE_2000_length_1204_cov_4.489121,RS_GCF_001411495.1,d__Bacteria;p__Proteobacteria;c__Gammaproteobacteria;o__Burkholderiales;f__Burkholderiaceae;g__Burkholderia;s__Burkholderia cepacia,iPHoP-RF,92.10,blast;89.70
NODE_2000_length_1204_cov_4.489121,RS_GCF_001742165.1,d__Bacteria;p__Proteobacteria;c__Gammaproteobacteria;o__Burkholderiales;f__Burkholderiaceae;g__Burkholderia;s__Burkholderia stabilis,iPHoP-RF,92.10,blast;90.40
NODE_2000_length_1204_cov_4.489121,RS_GCF_003330765.1,d__Bacteria;p__Proteobacteria;c__Gammaproteobacteria;o__Burkholderiales;f__Burkholderiaceae;g__Burkholderia;s__Burkholderia pyrrocinia_B,iPHoP-RF,92.10,blast;90.60
NODE_2000_length_1204_cov_4.489121,RS_GCF_003853705.1,d__Bacteria;p__Proteobacteria;c__Gammaproteobacteria;o__Burkholderiales;f__Burkholderiaceae;g__Burkholderia;s__Burkholderia sp003853705,iPHoP-RF,92.10,None
NODE_2000_length_1204_cov_4.489121,RS_GCF_902833045.1,d__Bacteria;p__Proteobacteria;c__Gammaproteobacteria;o__Burkholderiales;f__Burkholderiaceae;g__Burkholderia;s__Burkholderia sp902833045,iPHoP-RF,91.80,None
NODE_2000_length_1204_cov_4.489121,RS_GCF_902832885.1,d__Bacteria;p__Proteobacteria;c__Gammaproteobacteria;o__Burkholderiales;f__Burkholderiaceae;g__Burkholderia;s__Burkholderia seminalis,iPHoP-RF,91.10,blast;90.90
NODE_2000_length_1204_cov_4.489121,RS_GCF_001718835.1,d__Bacteria;p__Proteobacteria;c__Gammaproteobacteria;o__Burkholderiales;f__Burkholderiaceae;g__Burkholderia;s__Burkholderia cepacia_F,iPHoP-RF,90.80,None
NODE_2000_length_1204_cov_4.489121,RS_GCF_902832845.1,d__Bacteria;p__Proteobacteria;c__Gammaproteobacteria;o__Burkholderiales;f__Burkholderiaceae;g__Burkholderia;s__Burkholderia metallica,iPHoP-RF,90.80,None
NODE_2000_length_1204_cov_4.489121,RS_GCF_902499115.1,d__Bacteria;p__Proteobacteria;c__Gammaproteobacteria;o__Burkholderiales;f__Burkholderiaceae;g__Burkholderia;s__Burkholderia diffusa,iPHoP-RF,90.50,None
NODE_2000_length_1204_cov_4.489121,RS_GCF_902833055.1,d__Bacteria;p__Proteobacteria;c__Gammaproteobacteria;o__Burkholderiales;f__Burkholderiaceae;g__Burkholderia;s__Burkholderia territorii,iPHoP-RF,90.50,blast;89.70
NODE_2000_length_1204_cov_4.489121,RS_GCF_003711145.1,d__Bacteria;p__Proteobacteria;c__Gammaproteobacteria;o__Burkholderiales;f__Burkholderiaceae;g__Burkholderia;s__Burkholderia cepacia_E,iPHoP-RF,90.10,None
NODE_2000_length_1204_cov_4.489121,RS_GCF_001883705.1,d__Bacteria;p__Proteobacteria;c__Gammaproteobacteria;o__Burkholderiales;f__Burkholderiaceae;g__Burkholderia;s__Burkholderia catarinensis,blast,90.00,iPHoP-RF;88.20
NODE_200_length_14535_cov_12.284669,RS_GCF_008121495.1,d__Bacteria;p__Firmicutes_A;c__Clostridia;o__Lachnospirales;f__Lachnospiraceae;g__Ruminococcus_B;s__Ruminococcus_B gnavus,blast,97.50,iPHoP-RF;92.40 CRISPR;64.70
NODE_200_length_14535_cov_12.284669,GB_GCA_900546325.1,d__Bacteria;p__Firmicutes_A;c__Clostridia;o__Lachnospirales;f__Lachnospiraceae;g__Faecalimonas;s__Faecalimonas sp900546325,iPHoP-RF,91.80,blast;90.10
NODE_200_length_14535_cov_12.284669,GB_GCA_900544395.1,d__Bacteria;p__Firmicutes_A;c__Clostridia;o__Lachnospirales;f__Lachnospiraceae;g__Ruminococcus_B;s__Ruminococcus_B sp900544395,blast,91.00,iPHoP-RF;87.00
NODE_203_length_4974_cov_10.543403,RS_GCF_001299635.1,d__Bacteria;p__Firmicutes_A;c__Clostridia;o__Peptostreptococcales;f__Peptostreptococcaceae;g__Clostridioides;s__Clostridioides difficile_A,CRISPR,94.30,iPHoP-RF;93.10
NODE_203_length_4974_cov_10.543403,RS_GCF_900243075.1,d__Bacteria;p__Firmicutes_A;c__Clostridia;o__Peptostreptococcales;f__Peptostreptococcaceae;g__Clostridioides;s__Clostridioides difficile_D,iPHoP-RF,94.10,None
NODE_203_length_4974_cov_10.543403,RS_GCF_001077535.1,d__Bacteria;p__Firmicutes_A;c__Clostridia;o__Peptostreptococcales;f__Peptostreptococcaceae;g__Clostridioides;s__Clostridioides difficile,iPHoP-RF,93.40,blast;92.20 CRISPR;88.20
NODE_203_length_4974_cov_10.543403,RS_GCF_000449425.2,d__Bacteria;p__Firmicutes_A;c__Clostridia;o__Peptostreptococcales;f__Peptostreptococcaceae;g__Clostridioides;s__Clostridioides difficile_E,iPHoP-RF,93.10,None
NODE_205_length_4285_cov_4.502128,RS_GCF_003293635.1,d__Bacteria;p__Firmicutes_A;c__Clostridia;o__Oscillospirales;f__Ruminococcaceae;g__Faecalibacterium;s__Faecalibacterium prausnitzii_G,blast,96.40,iPHoP-RF;85.40
NODE_205_length_4285_cov_4.502128,GB_GCA_900758465.1,d__Bacteria;p__Firmicutes_A;c__Clostridia;o__Oscillospirales;f__Ruminococcaceae;g__Faecalibacterium;s__Faecalibacterium sp900758465,blast,92.00,iPHoP-RF;85.40
NODE_209_length_4888_cov_5.198014,RS_GCF_000239295.1,d__Bacteria;p__Firmicutes_A;c__Clostridia;o__Oscillospirales;f__Oscillospiraceae;g__Flavonifractor;s__Flavonifractor plautii,blast,97.50,iPHoP-RF;88.90
NODE_209_length_4888_cov_5.198014,RS_GCF_000508885.1,d__Bacteria;p__Firmicutes_A;c__Clostridia;o__Oscillospirales;f__Oscillospiraceae;g__Flavonifractor;s__Flavonifractor sp000508885,blast,95.40,iPHoP-RF;68.90
NODE_209_length_4888_cov_5.198014,RS_GCF_002159265.1,d__Bacteria;p__Firmicutes_A;c__Clostridia;o__Oscillospirales;f__Oscillospiraceae;g__Flavonifractor;s__Flavonifractor sp002159265,blast,91.00,iPHoP-RF;69.50
NODE_209_length_4888_cov_5.198014,RS_GCF_002161085.1,d__Bacteria;p__Firmicutes_A;c__Clostridia;o__Oscillospirales;f__Oscillospiraceae;g__Flavonifractor;s__Flavonifractor sp002161085,blast,90.00,iPHoP-RF;63.50
NODE_20_length_18213_cov_12.170448|provirus_1_13875,RS_GCF_002265625.1,d__Bacteria;p__Bacteroidota;c__Bacteroidia;o__Bacteroidales;f__Bacteroidaceae;g__Prevotella;s__Prevotella sp002265625,blast,93.40,iPHoP-RF;54.40
NODE_20_length_18213_cov_12.170448|provirus_1_13875,RS_GCF_902167755.1,d__Bacteria;p__Bacteroidota;c__Bacteroidia;o__Bacteroidales;f__Bacteroidaceae;g__Prevotella;s__Prevotella sp900557255,blast,92.10,iPHoP-RF;68.40
NODE_20_length_18213_cov_12.170448|provirus_1_13875,GB_GCA_900551275.1,d__Bacteria;p__Bacteroidota;c__Bacteroidia;o__Bacteroidales;f__Bacteroidaceae;g__Prevotella;s__Prevotella sp900551275,blast,91.90,iPHoP-RF;51.50
NODE_20_length_18213_cov_12.170448|provirus_1_13875,RS_GCF_000157935.1,d__Bacteria;p__Bacteroidota;c__Bacteroidia;o__Bacteroidales;f__Bacteroidaceae;g__Prevotella;s__Prevotella copri,blast,91.90,iPHoP-RF;74.10
NODE_20_length_19436_cov_23.856819,RS_GCF_001618015.1,d__Bacteria;p__Proteobacteria;c__Gammaproteobacteria;o__Burkholderiales;f__Neisseriaceae;g__Neisseria;s__Neisseria flavescens_B,CRISPR,99.60,iPHoP-RF;70.90
NODE_20_length_19436_cov_23.856819,RS_GCF_005221305.1,d__Bacteria;p__Proteobacteria;c__Gammaproteobacteria;o__Burkholderiales;f__Neisseriaceae;g__Neisseria;s__Neisseria subflava,CRISPR,99.60,iPHoP-RF;65.80
NODE_20_length_19436_cov_23.856819,RS_GCF_003044645.1,d__Bacteria;p__Proteobacteria;c__Gammaproteobacteria;o__Burkholderiales;f__Neisseriaceae;g__Neisseria;s__Neisseria subflava_B,CRISPR,99.50,iPHoP-RF;61.10
NODE_20_length_19436_cov_23.856819,RS_GCF_900654165.1,d__Bacteria;p__Proteobacteria;c__Gammaproteobacteria;o__Burkholderiales;f__Neisseriaceae;g__Neisseria;s__Neisseria subflava_C,CRISPR,99.50,iPHoP-RF;62.50
NODE_20_length_19436_cov_23.856819,RS_GCF_001618065.1,d__Bacteria;p__Proteobacteria;c__Gammaproteobacteria;o__Burkholderiales;f__Neisseriaceae;g__Neisseria;s__Neisseria flavescens_A,CRISPR,99.40,None
NODE_20_length_19436_cov_23.856819,RS_GCF_003351665.1,d__Bacteria;p__Proteobacteria;c__Gammaproteobacteria;o__Burkholderiales;f__Neisseriaceae;g__Neisseria;s__Neisseria perflava,CRISPR,99.40,iPHoP-RF;55.20
NODE_20_length_19436_cov_23.856819,3300008575_12,d__Bacteria;p__Proteobacteria;c__Gammaproteobacteria;o__Burkholderiales;f__Neisseriaceae;g__Neisseria;s__,CRISPR,99.30,iPHoP-RF;51.70
NODE_212_length_4233_cov_3.319292,RS_GCF_003293635.1,d__Bacteria;p__Firmicutes_A;c__Clostridia;o__Oscillospirales;f__Ruminococcaceae;g__Faecalibacterium;s__Faecalibacterium prausnitzii_G,blast,95.20,iPHoP-RF;85.10 CRISPR;83.90
NODE_212_length_4233_cov_3.319292,RS_GCF_002549755.1,d__Bacteria;p__Firmicutes_A;c__Clostridia;o__Oscillospirales;f__Ruminococcaceae;g__Faecalibacterium;s__Faecalibacterium prausnitzii_D,blast,94.40,iPHoP-RF;88.20
NODE_212_length_4233_cov_3.319292,RS_GCF_010509575.1,d__Bacteria;p__Firmicutes_A;c__Clostridia;o__Oscillospirales;f__Ruminococcaceae;g__Faecalibacterium;s__Faecalibacterium prausnitzii_C,blast,91.00,CRISPR;82.90 iPHoP-RF;57.10
NODE_212_length_4233_cov_3.319292,GB_GCA_004558805.1,d__Bacteria;p__Firmicutes_A;c__Clostridia;o__Oscillospirales;f__Ruminococcaceae;g__Faecalibacterium;s__Faecalibacterium prausnitzii_M,blast,90.70,iPHoP-RF;75.90
NODE_213_length_6728_cov_11.658025,RS_GCF_000025985.1,d__Bacteria;p__Bacteroidota;c__Bacteroidia;o__Bacteroidales;f__Bacteroidaceae;g__Bacteroides;s__Bacteroides fragilis,blast,96.10,iPHoP-RF;73.50
NODE_214_length_7019_cov_3.884262,RS_GCF_000026325.1,d__Bacteria;p__Proteobacteria;c__Gammaproteobacteria;o__Enterobacterales;f__Enterobacteriaceae;g__Escherichia;s__Escherichia coli_D,blast,96.70,iPHoP-RF;93.10
NODE_214_length_7019_cov_3.884262,RS_GCF_001660175.1,d__Bacteria;p__Proteobacteria;c__Gammaproteobacteria;o__Enterobacterales;f__Enterobacteriaceae;g__Escherichia;s__Escherichia sp001660175,blast,96.70,iPHoP-RF;93.10
NODE_214_length_7019_cov_3.884262,RS_GCF_002949675.1,d__Bacteria;p__Proteobacteria;c__Gammaproteobacteria;o__Enterobacterales;f__Enterobacteriaceae;g__Escherichia;s__Escherichia dysenteriae,blast,96.70,iPHoP-RF;93.70
NODE_214_length_7019_cov_3.884262,RS_GCF_000208585.1,d__Bacteria;p__Proteobacteria;c__Gammaproteobacteria;o__Enterobacterales;f__Enterobacteriaceae;g__Escherichia;s__Escherichia sp000208585,blast,96.60,iPHoP-RF;92.80
NODE_214_length_7019_cov_3.884262,RS_GCF_002900365.1,d__Bacteria;p__Proteobacteria;c__Gammaproteobacteria;o__Enterobacterales;f__Enterobacteriaceae;g__Escherichia;s__Escherichia marmotae,blast,96.60,iPHoP-RF;93.10
NODE_214_length_7019_cov_3.884262,RS_GCF_002950215.1,d__Bacteria;p__Proteobacteria;c__Gammaproteobacteria;o__Enterobacterales;f__Enterobacteriaceae;g__Escherichia;s__Escherichia flexneri,blast,96.60,iPHoP-RF;93.10
NODE_214_length_7019_cov_3.884262,RS_GCF_002965065.1,d__Bacteria;p__Proteobacteria;c__Gammaproteobacteria;o__Enterobacterales;f__Enterobacteriaceae;g__Escherichia;s__Escherichia sp002965065,blast,96.60,iPHoP-RF;92.80
NODE_214_length_7019_cov_3.884262,RS_GCF_003697165.2,d__Bacteria;p__Proteobacteria;c__Gammaproteobacteria;o__Enterobacterales;f__Enterobacteriaceae;g__Escherichia;s__Escherichia coli,blast,96.60,iPHoP-RF;92.40
NODE_214_length_7019_cov_3.884262,RS_GCF_004211955.1,d__Bacteria;p__Proteobacteria;c__Gammaproteobacteria;o__Enterobacterales;f__Enterobacteriaceae;g__Escherichia;s__Escherichia sp004211955,iPHoP-RF,95.70,None
NODE_214_length_7019_cov_3.884262,RS_GCF_000759775.1,d__Bacteria;p__Proteobacteria;c__Gammaproteobacteria;o__Enterobacterales;f__Enterobacteriaceae;g__Escherichia;s__Escherichia albertii,iPHoP-RF,94.40,None
NODE_214_length_7019_cov_3.884262,RS_GCF_005843885.1,d__Bacteria;p__Proteobacteria;c__Gammaproteobacteria;o__Enterobacterales;f__Enterobacteriaceae;g__Escherichia;s__Escherichia sp005843885,iPHoP-RF,92.80,None
NODE_214_length_7019_cov_3.884262,GB_GCA_003018335.1,d__Bacteria;p__Proteobacteria;c__Gammaproteobacteria;o__Enterobacterales;f__Enterobacteriaceae;g__Escherichia;s__Escherichia coli_C,iPHoP-RF,92.10,None
NODE_214_length_7019_cov_3.884262,RS_GCF_000006945.2,d__Bacteria;p__Proteobacteria;c__Gammaproteobacteria;o__Enterobacterales;f__Enterobacteriaceae;g__Salmonella;s__Salmonella enterica,blast,91.00,iPHoP-RF;54.90
NODE_214_length_7019_cov_3.884262,RS_GCF_900478215.1,d__Bacteria;p__Proteobacteria;c__Gammaproteobacteria;o__Enterobacterales;f__Enterobacteriaceae;g__Salmonella;s__Salmonella houtenae,blast,90.60,iPHoP-RF;53.00
NODE_2150_length_1448_cov_5.642498,RS_GCF_000959525.1,d__Bacteria;p__Proteobacteria;c__Gammaproteobacteria;o__Burkholderiales;f__Burkholderiaceae;g__Burkholderia;s__Burkholderia multivorans,blast,92.20,None
NODE_2150_length_1448_cov_5.642498,RS_GCF_003330765.1,d__Bacteria;p__Proteobacteria;c__Gammaproteobacteria;o__Burkholderiales;f__Burkholderiaceae;g__Burkholderia;s__Burkholderia pyrrocinia_B,blast,92.20,iPHoP-RF;55.70
NODE_2150_length_1448_cov_5.642498,RS_GCF_014211915.1,d__Bacteria;p__Proteobacteria;c__Gammaproteobacteria;o__Burkholderiales;f__Burkholderiaceae;g__Burkholderia;s__Burkholderia cenocepacia_B,blast,91.90,None
NODE_2150_length_1448_cov_5.642498,RS_GCF_001411495.1,d__Bacteria;p__Proteobacteria;c__Gammaproteobacteria;o__Burkholderiales;f__Burkholderiaceae;g__Burkholderia;s__Burkholderia cepacia,blast,91.50,None
NODE_2150_length_1448_cov_5.642498,RS_GCF_001718315.1,d__Bacteria;p__Proteobacteria;c__Gammaproteobacteria;o__Burkholderiales;f__Burkholderiaceae;g__Burkholderia;s__Burkholderia diffusa_B,blast,91.00,None
NODE_2150_length_1448_cov_5.642498,RS_GCF_902833055.1,d__Bacteria;p__Proteobacteria;c__Gammaproteobacteria;o__Burkholderiales;f__Burkholderiaceae;g__Burkholderia;s__Burkholderia territorii,blast,90.80,None
NODE_2150_length_1448_cov_5.642498,RS_GCF_902832885.1,d__Bacteria;p__Proteobacteria;c__Gammaproteobacteria;o__Burkholderiales;f__Burkholderiaceae;g__Burkholderia;s__Burkholderia seminalis,blast,90.20,None
NODE_2150_length_1448_cov_5.642498,RS_GCF_001883705.1,d__Bacteria;p__Proteobacteria;c__Gammaproteobacteria;o__Burkholderiales;f__Burkholderiaceae;g__Burkholderia;s__Burkholderia catarinensis,blast,90.00,None
NODE_216_length_4183_cov_5.559835,RS_GCF_013393365.1,d__Bacteria;p__Firmicutes_C;c__Negativicutes;o__Veillonellales;f__Veillonellaceae;g__Veillonella;s__Veillonella dispar_A,blast,93.00,iPHoP-RF;89.80
NODE_216_length_4183_cov_5.559835,RS_GCF_900637515.1,d__Bacteria;p__Firmicutes_C;c__Negativicutes;o__Veillonellales;f__Veillonellaceae;g__Veillonella;s__Veillonella dispar,iPHoP-RF,92.80,blast;91.90
NODE_216_length_4183_cov_5.559835,RS_GCF_000024945.1,d__Bacteria;p__Firmicutes_C;c__Negativicutes;o__Veillonellales;f__Veillonellaceae;g__Veillonella;s__Veillonella parvula,blast,92.60,iPHoP-RF;75.90
NODE_216_length_4183_cov_5.559835,RS_GCF_902810435.1,d__Bacteria;p__Firmicutes_C;c__Negativicutes;o__Veillonellales;f__Veillonellaceae;g__Veillonella;s__Veillonella parvula_A,blast,92.40,iPHoP-RF;59.20
NODE_216_length_4183_cov_5.559835,GB_GCA_900766125.1,d__Bacteria;p__Firmicutes_C;c__Negativicutes;o__Veillonellales;f__Veillonellaceae;g__Veillonella;s__Veillonella sp900766125,blast,92.00,iPHoP-RF;89.80
NODE_216_length_4183_cov_5.559835,GB_GCA_900545205.1,d__Bacteria;p__Firmicutes_C;c__Negativicutes;o__Veillonellales;f__Veillonellaceae;g__Veillonella;s__Veillonella sp900545205,iPHoP-RF,90.80,None
NODE_216_length_4183_cov_5.559835,GB_GCA_900538355.1,d__Bacteria;p__Firmicutes_C;c__Negativicutes;o__Veillonellales;f__Veillonellaceae;g__Veillonella;s__Veillonella sp900538355,iPHoP-RF,90.10,None
NODE_217_length_2444_cov_4.637505,RS_GCF_001544095.1,d__Bacteria;p__Firmicutes;c__Bacilli;o__Lactobacillales;f__Enterococcaceae;g__Enterococcus_D;s__Enterococcus_D casseliflavus,blast,92.10,iPHoP-RF;80.60
NODE_218_length_1775_cov_4.700581,RS_GCF_001077535.1,d__Bacteria;p__Firmicutes_A;c__Clostridia;o__Peptostreptococcales;f__Peptostreptococcaceae;g__Clostridioides;s__Clostridioides difficile,blast,98.50,iPHoP-RF;84.80
NODE_218_length_1775_cov_4.700581,RS_GCF_000449425.2,d__Bacteria;p__Firmicutes_A;c__Clostridia;o__Peptostreptococcales;f__Peptostreptococcaceae;g__Clostridioides;s__Clostridioides difficile_E,blast,92.90,iPHoP-RF;86.00
NODE_218_length_1775_cov_4.700581,RS_GCF_001299635.1,d__Bacteria;p__Firmicutes_A;c__Clostridia;o__Peptostreptococcales;f__Peptostreptococcaceae;g__Clostridioides;s__Clostridioides difficile_A,iPHoP-RF,90.10,None
NODE_219_length_6323_cov_6.249521,RS_GCF_000025985.1,d__Bacteria;p__Bacteroidota;c__Bacteroidia;o__Bacteroidales;f__Bacteroidaceae;g__Bacteroides;s__Bacteroides fragilis,blast,96.60,iPHoP-RF;93.70
NODE_219_length_6323_cov_6.249521,RS_GCF_000154205.1,d__Bacteria;p__Bacteroidota;c__Bacteroidia;o__Bacteroidales;f__Bacteroidaceae;g__Bacteroides;s__Bacteroides uniformis,blast,94.50,iPHoP-RF;92.80
NODE_219_length_6323_cov_6.249521,3300029706_6,d__Bacteria;p__Bacteroidota;c__Bacteroidia;o__Bacteroidales;f__Bacteroidaceae;g__Bacteroides;s__,iPHoP-RF,93.40,None
NODE_219_length_6323_cov_6.249521,RS_GCF_002849695.1,d__Bacteria;p__Bacteroidota;c__Bacteroidia;o__Bacteroidales;f__Bacteroidaceae;g__Bacteroides;s__Bacteroides fragilis_A,blast,91.70,iPHoP-RF;82.50
NODE_2214_length_1007_cov_2.844538,RS_GCF_000160755.1,d__Bacteria;p__Proteobacteria;c__Gammaproteobacteria;o__Enterobacterales;f__Enterobacteriaceae;g__Proteus;s__Proteus mirabilis,blast,97.10,None
NODE_2214_length_1007_cov_2.844538,RS_GCF_003144375.1,d__Bacteria;p__Proteobacteria;c__Gammaproteobacteria;o__Enterobacterales;f__Enterobacteriaceae;g__Proteus;s__Proteus sp003144375,blast,90.90,None
NODE_2214_length_1007_cov_2.844538,RS_GCF_009914335.1,d__Bacteria;p__Proteobacteria;c__Gammaproteobacteria;o__Enterobacterales;f__Enterobacteriaceae;g__Proteus;s__Proteus sp003144505,blast,90.30,None
NODE_2214_length_1007_cov_2.844538,RS_GCF_001654855.1,d__Bacteria;p__Proteobacteria;c__Gammaproteobacteria;o__Enterobacterales;f__Enterobacteriaceae;g__Proteus;s__Proteus myxofaciens,blast,90.00,None
NODE_2214_length_1007_cov_2.844538,RS_GCF_003144495.1,d__Bacteria;p__Proteobacteria;c__Gammaproteobacteria;o__Enterobacterales;f__Enterobacteriaceae;g__Proteus;s__Proteus cibarius,blast,90.00,None
NODE_2214_length_1007_cov_2.844538,RS_GCF_003144535.1,d__Bacteria;p__Proteobacteria;c__Gammaproteobacteria;o__Enterobacterales;f__Enterobacteriaceae;g__Proteus;s__Proteus penneri,blast,90.00,None
NODE_2214_length_1007_cov_2.844538,RS_GCF_011046025.1,d__Bacteria;p__Proteobacteria;c__Gammaproteobacteria;o__Enterobacterales;f__Enterobacteriaceae;g__Proteus;s__Proteus sp011046025,blast,90.00,None
NODE_2214_length_1007_cov_2.844538,RS_GCF_014250535.1,d__Bacteria;p__Proteobacteria;c__Gammaproteobacteria;o__Enterobacterales;f__Enterobacteriaceae;g__Proteus;s__Proteus sp003144395,blast,90.00,None
NODE_221_length_4127_cov_3.203831,RS_GCF_002959775.1,d__Bacteria;p__Firmicutes_C;c__Negativicutes;o__Veillonellales;f__Veillonellaceae;g__Veillonella;s__Veillonella rogosae,blast,95.10,iPHoP-RF;78.70
NODE_221_length_4127_cov_3.203831,GB_GCA_900766125.1,d__Bacteria;p__Firmicutes_C;c__Negativicutes;o__Veillonellales;f__Veillonellaceae;g__Veillonella;s__Veillonella sp900766125,blast,94.90,iPHoP-RF;78.00
NODE_221_length_4127_cov_3.203831,RS_GCF_900637515.1,d__Bacteria;p__Firmicutes_C;c__Negativicutes;o__Veillonellales;f__Veillonellaceae;g__Veillonella;s__Veillonella dispar,blast,94.30,iPHoP-RF;85.10
NODE_221_length_4127_cov_3.203831,RS_GCF_013393365.1,d__Bacteria;p__Firmicutes_C;c__Negativicutes;o__Veillonellales;f__Veillonellaceae;g__Veillonella;s__Veillonella dispar_A,blast,93.20,iPHoP-RF;75.90
NODE_221_length_4127_cov_3.203831,RS_GCF_902810435.1,d__Bacteria;p__Firmicutes_C;c__Negativicutes;o__Veillonellales;f__Veillonellaceae;g__Veillonella;s__Veillonella parvula_A,blast,93.00,iPHoP-RF;66.00
NODE_221_length_4127_cov_3.203831,RS_GCF_002959915.1,d__Bacteria;p__Firmicutes_C;c__Negativicutes;o__Veillonellales;f__Veillonellaceae;g__Veillonella;s__Veillonella atypica,blast,90.50,None
NODE_2224_length_1406_cov_5.193190,RS_GCF_900108945.1,d__Bacteria;p__Proteobacteria;c__Gammaproteobacteria;o__Burkholderiales;f__Burkholderiaceae;g__Paraburkholderia;s__Paraburkholderia diazotrophica,iPHoP-RF,96.40,None
NODE_2224_length_1406_cov_5.193190,RS_GCF_000685015.1,d__Bacteria;p__Proteobacteria;c__Gammaproteobacteria;o__Burkholderiales;f__Burkholderiaceae;g__Paraburkholderia;s__Paraburkholderia bannensis,iPHoP-RF,93.70,None
NODE_2224_length_1406_cov_5.193190,RS_GCF_009362735.1,d__Bacteria;p__Proteobacteria;c__Gammaproteobacteria;o__Burkholderiales;f__Burkholderiaceae;g__Paraburkholderia;s__Paraburkholderia sp009362735,iPHoP-RF,93.70,None
NODE_2224_length_1406_cov_5.193190,RS_GCF_900007165.1,d__Bacteria;p__Proteobacteria;c__Gammaproteobacteria;o__Burkholderiales;f__Burkholderiaceae;g__Paraburkholderia;s__Paraburkholderia piptadeniae,iPHoP-RF,93.70,None
NODE_2224_length_1406_cov_5.193190,RS_GCF_002917095.1,d__Bacteria;p__Proteobacteria;c__Gammaproteobacteria;o__Burkholderiales;f__Burkholderiaceae;g__Paraburkholderia;s__Paraburkholderia eburnea,iPHoP-RF,93.40,None
NODE_2224_length_1406_cov_5.193190,RS_GCF_000739775.1,d__Bacteria;p__Proteobacteria;c__Gammaproteobacteria;o__Burkholderiales;f__Burkholderiaceae;g__Paraburkholderia;s__Paraburkholderia heleia,iPHoP-RF,92.80,None
NODE_2224_length_1406_cov_5.193190,RS_GCF_000960995.1,d__Bacteria;p__Proteobacteria;c__Gammaproteobacteria;o__Burkholderiales;f__Burkholderiaceae;g__Burkholderia;s__Burkholderia glumae,blast,92.60,iPHoP-RF;85.70
NODE_2224_length_1406_cov_5.193190,RS_GCF_902459685.1,d__Bacteria;p__Proteobacteria;c__Gammaproteobacteria;o__Burkholderiales;f__Burkholderiaceae;g__Pandoraea;s__Pandoraea iniqua,blast,91.90,iPHoP-RF;53.60
NODE_2224_length_1406_cov_5.193190,RS_GCF_000011705.1,d__Bacteria;p__Proteobacteria;c__Gammaproteobacteria;o__Burkholderiales;f__Burkholderiaceae;g__Burkholderia;s__Burkholderia mallei,blast,91.80,iPHoP-RF;87.00
NODE_2224_length_1406_cov_5.193190,RS_GCF_004353905.1,d__Bacteria;p__Proteobacteria;c__Gammaproteobacteria;o__Burkholderiales;f__Burkholderiaceae;g__Paraburkholderia;s__Paraburkholderia guartelaensis,iPHoP-RF,91.40,None
NODE_2224_length_1406_cov_5.193190,RS_GCF_902459615.1,d__Bacteria;p__Proteobacteria;c__Gammaproteobacteria;o__Burkholderiales;f__Burkholderiaceae;g__Pandoraea;s__Pandoraea commovens,blast,91.40,None
NODE_222_length_1353_cov_3.577042,RS_GCF_008121495.1,d__Bacteria;p__Firmicutes_A;c__Clostridia;o__Lachnospirales;f__Lachnospiraceae;g__Ruminococcus_B;s__Ruminococcus_B gnavus,blast,92.90,iPHoP-RF;71.50
NODE_222_length_1353_cov_3.577042,GB_GCA_900550975.1,d__Bacteria;p__Firmicutes_A;c__Clostridia;o__Lachnospirales;f__Lachnospiraceae;g__Faecalimonas;s__Faecalimonas sp900550975,blast,91.20,iPHoP-RF;67.50
NODE_222_length_1353_cov_3.577042,GB_GCA_900544395.1,d__Bacteria;p__Firmicutes_A;c__Clostridia;o__Lachnospirales;f__Lachnospiraceae;g__Ruminococcus_B;s__Ruminococcus_B sp900544395,blast,90.60,iPHoP-RF;57.10
NODE_222_length_3349_cov_3.116576,RS_GCF_000759775.1,d__Bacteria;p__Proteobacteria;c__Gammaproteobacteria;o__Enterobacterales;f__Enterobacteriaceae;g__Escherichia;s__Escherichia albertii,blast,96.70,iPHoP-RF;77.50
NODE_222_length_3349_cov_3.116576,RS_GCF_003697165.2,d__Bacteria;p__Proteobacteria;c__Gammaproteobacteria;o__Enterobacterales;f__Enterobacteriaceae;g__Escherichia;s__Escherichia coli,blast,96.70,iPHoP-RF;77.30
NODE_222_length_3349_cov_3.116576,GB_GCA_003018335.1,d__Bacteria;p__Proteobacteria;c__Gammaproteobacteria;o__Enterobacterales;f__Enterobacteriaceae;g__Escherichia;s__Escherichia coli_C,blast,96.60,iPHoP-RF;76.10
NODE_222_length_3349_cov_3.116576,RS_GCF_000026325.1,d__Bacteria;p__Proteobacteria;c__Gammaproteobacteria;o__Enterobacterales;f__Enterobacteriaceae;g__Escherichia;s__Escherichia coli_D,blast,96.60,iPHoP-RF;77.80
NODE_222_length_3349_cov_3.116576,RS_GCF_002950215.1,d__Bacteria;p__Proteobacteria;c__Gammaproteobacteria;o__Enterobacterales;f__Enterobacteriaceae;g__Escherichia;s__Escherichia flexneri,blast,96.60,iPHoP-RF;74.60
NODE_222_length_3349_cov_3.116576,RS_GCF_000026225.1,d__Bacteria;p__Proteobacteria;c__Gammaproteobacteria;o__Enterobacterales;f__Enterobacteriaceae;g__Escherichia;s__Escherichia fergusonii,blast,96.50,iPHoP-RF;82.50
NODE_222_length_3349_cov_3.116576,RS_GCF_000208585.1,d__Bacteria;p__Proteobacteria;c__Gammaproteobacteria;o__Enterobacterales;f__Enterobacteriaceae;g__Escherichia;s__Escherichia sp000208585,blast,96.50,iPHoP-RF;75.90
NODE_222_length_3349_cov_3.116576,RS_GCF_002900365.1,d__Bacteria;p__Proteobacteria;c__Gammaproteobacteria;o__Enterobacterales;f__Enterobacteriaceae;g__Escherichia;s__Escherichia marmotae,blast,96.50,iPHoP-RF;76.60
NODE_222_length_3349_cov_3.116576,RS_GCF_002949675.1,d__Bacteria;p__Proteobacteria;c__Gammaproteobacteria;o__Enterobacterales;f__Enterobacteriaceae;g__Escherichia;s__Escherichia dysenteriae,blast,96.50,iPHoP-RF;77.50
NODE_223_length_4110_cov_4.656473,RS_GCF_001078375.1,d__Bacteria;p__Firmicutes_C;c__Negativicutes;o__Veillonellales;f__Veillonellaceae;g__Veillonella;s__Veillonella tobetsuensis,blast,92.30,iPHoP-RF;52.50
NODE_223_length_4110_cov_4.656473,RS_GCF_002959915.1,d__Bacteria;p__Firmicutes_C;c__Negativicutes;o__Veillonellales;f__Veillonellaceae;g__Veillonella;s__Veillonella atypica,blast,91.40,iPHoP-RF;75.40
NODE_225_length_2373_cov_13.590164,RS_GCF_002850555.1,d__Bacteria;p__Firmicutes;c__Bacilli;o__Lactobacillales;f__Enterococcaceae;g__Enterococcus_D;s__Enterococcus_D sp002850555,blast,95.00,iPHoP-RF;75.20
NODE_225_length_2373_cov_13.590164,RS_GCF_001544095.1,d__Bacteria;p__Firmicutes;c__Bacilli;o__Lactobacillales;f__Enterococcaceae;g__Enterococcus_D;s__Enterococcus_D casseliflavus,blast,94.90,iPHoP-RF;80.30
NODE_225_length_2373_cov_13.590164,RS_GCF_001544275.1,d__Bacteria;p__Firmicutes;c__Bacilli;o__Lactobacillales;f__Enterococcaceae;g__Enterococcus_D;s__Enterococcus_D gallinarum,blast,94.40,iPHoP-RF;67.70
NODE_225_length_2373_cov_13.590164,RS_GCF_000392875.1,d__Bacteria;p__Firmicutes;c__Bacilli;o__Lactobacillales;f__Enterococcaceae;g__Enterococcus;s__Enterococcus faecalis,blast,93.70,iPHoP-RF;84.50
NODE_225_length_2373_cov_13.590164,RS_GCF_002140915.1,d__Bacteria;p__Firmicutes;c__Bacilli;o__Lactobacillales;f__Enterococcaceae;g__Enterococcus_D;s__Enterococcus_D sp002140915,blast,93.10,iPHoP-RF;71.90
NODE_226_length_4096_cov_4.315516,RS_GCF_002742445.1,d__Bacteria;p__Actinobacteriota;c__Actinomycetia;o__Actinomycetales;f__Bifidobacteriaceae;g__Bifidobacterium;s__Bifidobacterium sp002742445,iPHoP-RF,95.70,None
NODE_226_length_4096_cov_4.315516,RS_GCF_000800455.1,d__Bacteria;p__Actinobacteriota;c__Actinomycetia;o__Actinomycetales;f__Bifidobacteriaceae;g__Bifidobacterium;s__Bifidobacterium kashiwanohense_A,iPHoP-RF,95.40,blast;92.80
NODE_226_length_4096_cov_4.315516,RS_GCF_001025195.1,d__Bacteria;p__Actinobacteriota;c__Actinomycetia;o__Actinomycetales;f__Bifidobacteriaceae;g__Bifidobacterium;s__Bifidobacterium catenulatum,iPHoP-RF,95.40,None
NODE_226_length_4096_cov_4.315516,RS_GCF_001025215.1,d__Bacteria;p__Actinobacteriota;c__Actinomycetia;o__Actinomycetales;f__Bifidobacteriaceae;g__Bifidobacterium;s__Bifidobacterium pseudocatenulatum,iPHoP-RF,95.40,blast;92.80 CRISPR;54.30
NODE_226_length_4096_cov_4.315516,RS_GCF_001042615.1,d__Bacteria;p__Actinobacteriota;c__Actinomycetia;o__Actinomycetales;f__Bifidobacteriaceae;g__Bifidobacterium;s__Bifidobacterium kashiwanohense,iPHoP-RF,95.40,blast;93.10
NODE_226_length_4096_cov_4.315516,RS_GCF_001025175.1,d__Bacteria;p__Actinobacteriota;c__Actinomycetia;o__Actinomycetales;f__Bifidobacteriaceae;g__Bifidobacterium;s__Bifidobacterium breve,iPHoP-RF,95.10,blast;89.60
NODE_226_length_4096_cov_4.315516,RS_GCF_000196555.1,d__Bacteria;p__Actinobacteriota;c__Actinomycetia;o__Actinomycetales;f__Bifidobacteriaceae;g__Bifidobacterium;s__Bifidobacterium longum,iPHoP-RF,92.40,None
NODE_226_length_4096_cov_4.315516,RS_GCF_000010425.1,d__Bacteria;p__Actinobacteriota;c__Actinomycetia;o__Actinomycetales;f__Bifidobacteriaceae;g__Bifidobacterium;s__Bifidobacterium adolescentis,blast,92.30,iPHoP-RF;81.10
NODE_226_length_4096_cov_4.315516,RS_GCF_001025155.1,d__Bacteria;p__Actinobacteriota;c__Actinomycetia;o__Actinomycetales;f__Bifidobacteriaceae;g__Bifidobacterium;s__Bifidobacterium angulatum,iPHoP-RF,91.40,None
NODE_226_length_4096_cov_4.315516,RS_GCF_003129905.1,d__Bacteria;p__Actinobacteriota;c__Actinomycetia;o__Actinomycetales;f__Bifidobacteriaceae;g__Bifidobacterium;s__Bifidobacterium callitrichidarum,iPHoP-RF,91.40,None
NODE_226_length_4096_cov_4.315516,RS_GCF_002860405.1,d__Bacteria;p__Actinobacteriota;c__Actinomycetia;o__Actinomycetales;f__Bifidobacteriaceae;g__Bifidobacterium;s__Bifidobacterium imperatoris,iPHoP-RF,91.10,None
NODE_226_length_4096_cov_4.315516,RS_GCF_012932675.1,d__Bacteria;p__Actinobacteriota;c__Actinomycetia;o__Actinomycetales;f__Bifidobacteriaceae;g__Bifidobacterium;s__Bifidobacterium sp012932675,iPHoP-RF,91.10,None
NODE_229_length_4253_cov_7.022868,RS_GCF_002222615.2,d__Bacteria;p__Bacteroidota;c__Bacteroidia;o__Bacteroidales;f__Bacteroidaceae;g__Bacteroides;s__Bacteroides caccae,iPHoP-RF,96.10,blast;89.40
NODE_229_length_4253_cov_7.022868,3300029706_6,d__Bacteria;p__Bacteroidota;c__Bacteroidia;o__Bacteroidales;f__Bacteroidaceae;g__Bacteroides;s__,iPHoP-RF,91.40,None
NODE_229_length_4253_cov_7.022868,RS_GCF_000154205.1,d__Bacteria;p__Bacteroidota;c__Bacteroidia;o__Bacteroidales;f__Bacteroidaceae;g__Bacteroides;s__Bacteroides uniformis,iPHoP-RF,90.80,blast;78.70
NODE_229_length_4253_cov_7.022868,RS_GCF_000154465.1,d__Bacteria;p__Bacteroidota;c__Bacteroidia;o__Bacteroidales;f__Rikenellaceae;g__Alistipes;s__Alistipes putredinis,blast,90.20,None
NODE_229_length_4253_cov_7.022868,RS_GCF_000513195.1,d__Bacteria;p__Bacteroidota;c__Bacteroidia;o__Bacteroidales;f__Bacteroidaceae;g__Bacteroides;s__Bacteroides timonensis,iPHoP-RF,90.10,blast;64.00
NODE_22_length_17082_cov_8.175838,RS_GCF_900155365.1,d__Bacteria;p__Actinobacteriota;c__Coriobacteriia;o__Coriobacteriales;f__Coriobacteriaceae;g__Collinsella;s__Collinsella bouchesdurhonensis,blast,93.90,iPHoP-RF;69.30
NODE_230_length_2867_cov_4.246444,RS_GCF_902167755.1,d__Bacteria;p__Bacteroidota;c__Bacteroidia;o__Bacteroidales;f__Bacteroidaceae;g__Prevotella;s__Prevotella sp900557255,blast,94.50,iPHoP-RF;90.50
NODE_2325_length_1343_cov_5.355590,RS_GCF_001718315.1,d__Bacteria;p__Proteobacteria;c__Gammaproteobacteria;o__Burkholderiales;f__Burkholderiaceae;g__Burkholderia;s__Burkholderia diffusa_B,blast,93.00,iPHoP-RF;76.60
NODE_2325_length_1343_cov_5.355590,RS_GCF_902833055.1,d__Bacteria;p__Proteobacteria;c__Gammaproteobacteria;o__Burkholderiales;f__Burkholderiaceae;g__Burkholderia;s__Burkholderia territorii,blast,92.30,iPHoP-RF;75.70
NODE_2325_length_1343_cov_5.355590,RS_GCF_014211915.1,d__Bacteria;p__Proteobacteria;c__Gammaproteobacteria;o__Burkholderiales;f__Burkholderiaceae;g__Burkholderia;s__Burkholderia cenocepacia_B,blast,91.80,iPHoP-RF;77.80
NODE_2325_length_1343_cov_5.355590,RS_GCF_003330765.1,d__Bacteria;p__Proteobacteria;c__Gammaproteobacteria;o__Burkholderiales;f__Burkholderiaceae;g__Burkholderia;s__Burkholderia pyrrocinia_B,blast,91.10,iPHoP-RF;72.60
NODE_2325_length_1343_cov_5.355590,RS_GCF_001742165.1,d__Bacteria;p__Proteobacteria;c__Gammaproteobacteria;o__Burkholderiales;f__Burkholderiaceae;g__Burkholderia;s__Burkholderia stabilis,blast,90.90,iPHoP-RF;67.00
NODE_2325_length_1343_cov_5.355590,RS_GCF_902499075.1,d__Bacteria;p__Proteobacteria;c__Gammaproteobacteria;o__Burkholderiales;f__Burkholderiaceae;g__Burkholderia;s__Burkholderia pseudomultivorans,blast,90.90,None
NODE_2325_length_1343_cov_5.355590,RS_GCF_000203915.1,d__Bacteria;p__Proteobacteria;c__Gammaproteobacteria;o__Burkholderiales;f__Burkholderiaceae;g__Burkholderia;s__Burkholderia ambifaria,blast,90.00,iPHoP-RF;70.00
NODE_2325_length_1343_cov_5.355590,RS_GCF_902499125.1,d__Bacteria;p__Proteobacteria;c__Gammaproteobacteria;o__Burkholderiales;f__Burkholderiaceae;g__Burkholderia;s__Burkholderia arboris,blast,90.00,iPHoP-RF;84.20
NODE_232_length_3859_cov_5.182177,RS_GCF_000025985.1,d__Bacteria;p__Bacteroidota;c__Bacteroidia;o__Bacteroidales;f__Bacteroidaceae;g__Bacteroides;s__Bacteroides fragilis,iPHoP-RF,96.70,blast;95.50
NODE_232_length_3859_cov_5.182177,RS_GCF_002849695.1,d__Bacteria;p__Bacteroidota;c__Bacteroidia;o__Bacteroidales;f__Bacteroidaceae;g__Bacteroides;s__Bacteroides fragilis_A,iPHoP-RF,96.10,blast;91.60
NODE_232_length_3859_cov_5.182177,RS_GCF_014334015.1,d__Bacteria;p__Bacteroidota;c__Bacteroidia;o__Bacteroidales;f__Bacteroidaceae;g__Bacteroides;s__Bacteroides sp003463205,iPHoP-RF,93.10,blast;62.90
NODE_232_length_3859_cov_5.182177,RS_GCF_903181435.1,d__Bacteria;p__Bacteroidota;c__Bacteroidia;o__Bacteroidales;f__Bacteroidaceae;g__Bacteroides;s__Bacteroides acidifaciens_A,iPHoP-RF,91.40,blast;59.60
NODE_232_length_3859_cov_5.182177,RS_GCF_000613385.1,d__Bacteria;p__Bacteroidota;c__Bacteroidia;o__Bacteroidales;f__Bacteroidaceae;g__Bacteroides;s__Bacteroides acidifaciens,iPHoP-RF,91.10,blast;53.50
NODE_233_length_5621_cov_11.496407,RS_GCF_000025985.1,d__Bacteria;p__Bacteroidota;c__Bacteroidia;o__Bacteroidales;f__Bacteroidaceae;g__Bacteroides;s__Bacteroides fragilis,blast,95.30,iPHoP-RF;94.40
NODE_233_length_5621_cov_11.496407,RS_GCF_003438995.1,d__Bacteria;p__Bacteroidota;c__Bacteroidia;o__Bacteroidales;f__Bacteroidaceae;g__OM05-12;s__OM05-12 sp003438995,iPHoP-RF,92.40,None
NODE_233_length_5621_cov_11.496407,RS_GCF_002849695.1,d__Bacteria;p__Bacteroidota;c__Bacteroidia;o__Bacteroidales;f__Bacteroidaceae;g__Bacteroides;s__Bacteroides fragilis_A,blast,91.80,iPHoP-RF;88.90
NODE_2358_length_1321_cov_4.752765,RS_GCF_001411495.1,d__Bacteria;p__Proteobacteria;c__Gammaproteobacteria;o__Burkholderiales;f__Burkholderiaceae;g__Burkholderia;s__Burkholderia cepacia,blast,92.30,iPHoP-RF;72.80
NODE_2358_length_1321_cov_4.752765,RS_GCF_003330765.1,d__Bacteria;p__Proteobacteria;c__Gammaproteobacteria;o__Burkholderiales;f__Burkholderiaceae;g__Burkholderia;s__Burkholderia pyrrocinia_B,blast,92.00,iPHoP-RF;72.40
NODE_2358_length_1321_cov_4.752765,RS_GCF_902833055.1,d__Bacteria;p__Proteobacteria;c__Gammaproteobacteria;o__Burkholderiales;f__Burkholderiaceae;g__Burkholderia;s__Burkholderia territorii,blast,91.40,iPHoP-RF;73.00
NODE_2358_length_1321_cov_4.752765,RS_GCF_014211915.1,d__Bacteria;p__Proteobacteria;c__Gammaproteobacteria;o__Burkholderiales;f__Burkholderiaceae;g__Burkholderia;s__Burkholderia cenocepacia_B,blast,90.60,iPHoP-RF;64.00
NODE_2358_length_1321_cov_4.752765,RS_GCF_902499075.1,d__Bacteria;p__Proteobacteria;c__Gammaproteobacteria;o__Burkholderiales;f__Burkholderiaceae;g__Burkholderia;s__Burkholderia pseudomultivorans,blast,90.60,iPHoP-RF;53.60
NODE_2358_length_1321_cov_4.752765,RS_GCF_001883705.1,d__Bacteria;p__Proteobacteria;c__Gammaproteobacteria;o__Burkholderiales;f__Burkholderiaceae;g__Burkholderia;s__Burkholderia catarinensis,blast,90.30,iPHoP-RF;68.60
NODE_2358_length_1321_cov_4.752765,RS_GCF_000959525.1,d__Bacteria;p__Proteobacteria;c__Gammaproteobacteria;o__Burkholderiales;f__Burkholderiaceae;g__Burkholderia;s__Burkholderia multivorans,blast,90.20,iPHoP-RF;62.50
NODE_2358_length_1321_cov_4.752765,RS_GCF_000203915.1,d__Bacteria;p__Proteobacteria;c__Gammaproteobacteria;o__Burkholderiales;f__Burkholderiaceae;g__Burkholderia;s__Burkholderia ambifaria,blast,90.10,iPHoP-RF;70.20
NODE_2358_length_1321_cov_4.752765,RS_GCF_001039005.1,d__Bacteria;p__Proteobacteria;c__Gammaproteobacteria;o__Burkholderiales;f__Burkholderiaceae;g__Burkholderia;s__Burkholderia cepacia_C,blast,90.00,iPHoP-RF;62.20
NODE_237_length_12145_cov_5.998925,GB_GCA_003018335.1,d__Bacteria;p__Proteobacteria;c__Gammaproteobacteria;o__Enterobacterales;f__Enterobacteriaceae;g__Escherichia;s__Escherichia coli_C,blast,96.90,iPHoP-RF;90.50
NODE_237_length_12145_cov_5.998925,RS_GCF_000026325.1,d__Bacteria;p__Proteobacteria;c__Gammaproteobacteria;o__Enterobacterales;f__Enterobacteriaceae;g__Escherichia;s__Escherichia coli_D,blast,96.90,iPHoP-RF;90.10
NODE_237_length_12145_cov_5.998925,RS_GCF_000759775.1,d__Bacteria;p__Proteobacteria;c__Gammaproteobacteria;o__Enterobacterales;f__Enterobacteriaceae;g__Escherichia;s__Escherichia albertii,blast,96.90,iPHoP-RF;91.80
NODE_237_length_12145_cov_5.998925,RS_GCF_002949675.1,d__Bacteria;p__Proteobacteria;c__Gammaproteobacteria;o__Enterobacterales;f__Enterobacteriaceae;g__Escherichia;s__Escherichia dysenteriae,blast,96.90,iPHoP-RF;94.10
NODE_237_length_12145_cov_5.998925,RS_GCF_002950215.1,d__Bacteria;p__Proteobacteria;c__Gammaproteobacteria;o__Enterobacterales;f__Enterobacteriaceae;g__Escherichia;s__Escherichia flexneri,blast,96.90,iPHoP-RF;92.80
NODE_237_length_12145_cov_5.998925,RS_GCF_003697165.2,d__Bacteria;p__Proteobacteria;c__Gammaproteobacteria;o__Enterobacterales;f__Enterobacteriaceae;g__Escherichia;s__Escherichia coli,blast,96.90,iPHoP-RF;92.80
NODE_237_length_12145_cov_5.998925,RS_GCF_005843885.1,d__Bacteria;p__Proteobacteria;c__Gammaproteobacteria;o__Enterobacterales;f__Enterobacteriaceae;g__Escherichia;s__Escherichia sp005843885,iPHoP-RF,93.10,None
NODE_237_length_12145_cov_5.998925,RS_GCF_002900365.1,d__Bacteria;p__Proteobacteria;c__Gammaproteobacteria;o__Enterobacterales;f__Enterobacteriaceae;g__Escherichia;s__Escherichia marmotae,iPHoP-RF,92.80,None
NODE_237_length_2809_cov_3.084241,RS_GCF_000157935.1,d__Bacteria;p__Bacteroidota;c__Bacteroidia;o__Bacteroidales;f__Bacteroidaceae;g__Prevotella;s__Prevotella copri,blast,91.80,iPHoP-RF;72.20
NODE_237_length_2809_cov_3.084241,RS_GCF_902167755.1,d__Bacteria;p__Bacteroidota;c__Bacteroidia;o__Bacteroidales;f__Bacteroidaceae;g__Prevotella;s__Prevotella sp900557255,blast,91.50,iPHoP-RF;79.30
NODE_238_length_4814_cov_4.480353,GB_GCA_900556625.1,d__Bacteria;p__Bacteroidota;c__Bacteroidia;o__Bacteroidales;f__Bacteroidaceae;g__Bacteroides;s__Bacteroides sp900556625,iPHoP-RF,94.40,None
NODE_238_length_4814_cov_4.480353,RS_GCF_009193295.2,d__Bacteria;p__Bacteroidota;c__Bacteroidia;o__Bacteroidales;f__Bacteroidaceae;g__Bacteroides;s__Bacteroides sp007097645,iPHoP-RF,94.10,None
NODE_238_length_4814_cov_4.480353,RS_GCF_000613385.1,d__Bacteria;p__Bacteroidota;c__Bacteroidia;o__Bacteroidales;f__Bacteroidaceae;g__Bacteroides;s__Bacteroides acidifaciens,iPHoP-RF,93.70,None
NODE_238_length_4814_cov_4.480353,RS_GCF_000025985.1,d__Bacteria;p__Bacteroidota;c__Bacteroidia;o__Bacteroidales;f__Bacteroidaceae;g__Bacteroides;s__Bacteroides fragilis,blast,93.50,iPHoP-RF;86.70
NODE_238_length_4814_cov_4.480353,RS_GCF_014334015.1,d__Bacteria;p__Bacteroidota;c__Bacteroidia;o__Bacteroidales;f__Bacteroidaceae;g__Bacteroides;s__Bacteroides sp003463205,iPHoP-RF,92.80,None
NODE_238_length_4814_cov_4.480353,RS_GCF_900130125.1,d__Bacteria;p__Bacteroidota;c__Bacteroidia;o__Bacteroidales;f__Bacteroidaceae;g__Bacteroides;s__Bacteroides congonensis,iPHoP-RF,92.80,None
NODE_238_length_4814_cov_4.480353,RS_GCF_000172175.1,d__Bacteria;p__Bacteroidota;c__Bacteroidia;o__Bacteroidales;f__Bacteroidaceae;g__Bacteroides;s__Bacteroides intestinalis,blast,92.10,iPHoP-RF;85.40
NODE_238_length_4814_cov_4.480353,GB_GCA_000210075.1,d__Bacteria;p__Bacteroidota;c__Bacteroidia;o__Bacteroidales;f__Bacteroidaceae;g__Bacteroides;s__Bacteroides xylanisolvens,iPHoP-RF,91.80,blast;86.20
NODE_238_length_4814_cov_4.480353,RS_GCF_001688725.2,d__Bacteria;p__Bacteroidota;c__Bacteroidia;o__Bacteroidales;f__Bacteroidaceae;g__Bacteroides;s__Bacteroides caecimuris,iPHoP-RF,91.80,blast;85.40
NODE_238_length_4814_cov_4.480353,GB_GCA_900761785.1,d__Bacteria;p__Bacteroidota;c__Bacteroidia;o__Bacteroidales;f__Bacteroidaceae;g__Bacteroides;s__Bacteroides sp900761785,iPHoP-RF,91.10,None
NODE_238_length_4814_cov_4.480353,RS_GCF_001314995.1,d__Bacteria;p__Bacteroidota;c__Bacteroidia;o__Bacteroidales;f__Bacteroidaceae;g__Bacteroides;s__Bacteroides ovatus,iPHoP-RF,91.10,blast;84.80
NODE_238_length_4814_cov_4.480353,RS_GCF_002222615.2,d__Bacteria;p__Bacteroidota;c__Bacteroidia;o__Bacteroidales;f__Bacteroidaceae;g__Bacteroides;s__Bacteroides caccae,iPHoP-RF,91.10,blast;83.60
NODE_238_length_4814_cov_4.480353,RS_GCF_009193325.2,d__Bacteria;p__Bacteroidota;c__Bacteroidia;o__Bacteroidales;f__Bacteroidaceae;g__Bacteroides;s__Bacteroides sp900066265,iPHoP-RF,90.50,None
NODE_238_length_4814_cov_4.480353,RS_GCF_902362375.1,d__Bacteria;p__Bacteroidota;c__Bacteroidia;o__Bacteroidales;f__Bacteroidaceae;g__Bacteroides;s__Bacteroides sp902362375,iPHoP-RF,90.50,None
NODE_238_length_4814_cov_4.480353,RS_GCF_000614145.1,d__Bacteria;p__Bacteroidota;c__Bacteroidia;o__Bacteroidales;f__Bacteroidaceae;g__Bacteroides;s__Bacteroides faecichinchillae,blast,90.00,iPHoP-RF;70.90
NODE_239_length_3976_cov_4.584800,RS_GCF_003324185.1,d__Bacteria;p__Firmicutes_A;c__Clostridia;o__Oscillospirales;f__Ruminococcaceae;g__Faecalibacterium;s__Faecalibacterium prausnitzii,blast,94.90,iPHoP-RF;86.70
NODE_239_length_3976_cov_4.584800,GB_GCA_002313795.1,d__Bacteria;p__Firmicutes_A;c__Clostridia;o__Oscillospirales;f__Ruminococcaceae;g__Faecalibacterium;s__Faecalibacterium prausnitzii_L,blast,93.80,iPHoP-RF;76.80
NODE_239_length_3976_cov_4.584800,RS_GCF_002549755.1,d__Bacteria;p__Firmicutes_A;c__Clostridia;o__Oscillospirales;f__Ruminococcaceae;g__Faecalibacterium;s__Faecalibacterium prausnitzii_D,blast,93.40,iPHoP-RF;85.10
NODE_239_length_3976_cov_4.584800,GB_GCA_900772565.1,d__Bacteria;p__Firmicutes_A;c__Clostridia;o__Oscillospirales;f__Ruminococcaceae;g__Faecalibacterium;s__Faecalibacterium sp900772565,iPHoP-RF,92.80,None
NODE_239_length_3976_cov_4.584800,RS_GCF_003287405.1,d__Bacteria;p__Firmicutes_A;c__Clostridia;o__Oscillospirales;f__Ruminococcaceae;g__Faecalibacterium;s__Faecalibacterium prausnitzii_J,blast,92.50,iPHoP-RF;89.80
NODE_239_length_3976_cov_4.584800,RS_GCF_002550015.1,d__Bacteria;p__Firmicutes_A;c__Clostridia;o__Oscillospirales;f__Ruminococcaceae;g__Faecalibacterium;s__Faecalibacterium prausnitzii_A,iPHoP-RF,92.10,None
NODE_239_length_3976_cov_4.584800,GB_GCA_004558805.1,d__Bacteria;p__Firmicutes_A;c__Clostridia;o__Oscillospirales;f__Ruminococcaceae;g__Faecalibacterium;s__Faecalibacterium prausnitzii_M,blast,91.80,iPHoP-RF;73.50
NODE_239_length_3976_cov_4.584800,GB_GCA_003449675.1,d__Bacteria;p__Firmicutes_A;c__Clostridia;o__Oscillospirales;f__Ruminococcaceae;g__Faecalibacterium;s__Faecalibacterium sp003449675,iPHoP-RF,90.10,None
NODE_23_length_16638_cov_20.790870,RS_GCF_000269965.1,d__Bacteria;p__Actinobacteriota;c__Actinomycetia;o__Actinomycetales;f__Bifidobacteriaceae;g__Bifidobacterium;s__Bifidobacterium infantis,CRISPR,98.60,iPHoP-RF;95.70 blast;92.10
NODE_23_length_16638_cov_20.790870,RS_GCF_000741535.1,d__Bacteria;p__Actinobacteriota;c__Actinomycetia;o__Actinomycetales;f__Bifidobacteriaceae;g__Bifidobacterium;s__Bifidobacterium boum,CRISPR,98.50,iPHoP-RF;70.90
NODE_23_length_16638_cov_20.790870,RS_GCF_001025175.1,d__Bacteria;p__Actinobacteriota;c__Actinomycetia;o__Actinomycetales;f__Bifidobacteriaceae;g__Bifidobacterium;s__Bifidobacterium breve,CRISPR,98.40,iPHoP-RF;97.10 blast;95.50
NODE_23_length_16638_cov_20.790870,RS_GCF_000196555.1,d__Bacteria;p__Actinobacteriota;c__Actinomycetia;o__Actinomycetales;f__Bifidobacteriaceae;g__Bifidobacterium;s__Bifidobacterium longum,CRISPR,97.30,blast;95.80 iPHoP-RF;95.70
NODE_23_length_16638_cov_20.790870,RS_GCF_001025195.1,d__Bacteria;p__Actinobacteriota;c__Actinomycetia;o__Actinomycetales;f__Bifidobacteriaceae;g__Bifidobacterium;s__Bifidobacterium catenulatum,iPHoP-RF,93.70,blast;89.00
NODE_23_length_16638_cov_20.790870,RS_GCF_001025215.1,d__Bacteria;p__Actinobacteriota;c__Actinomycetia;o__Actinomycetales;f__Bifidobacteriaceae;g__Bifidobacterium;s__Bifidobacterium pseudocatenulatum,iPHoP-RF,93.40,blast;90.00 CRISPR;85.50
NODE_23_length_16638_cov_20.790870,RS_GCF_003129905.1,d__Bacteria;p__Actinobacteriota;c__Actinomycetia;o__Actinomycetales;f__Bifidobacteriaceae;g__Bifidobacterium;s__Bifidobacterium callitrichidarum,iPHoP-RF,93.40,None
NODE_23_length_16638_cov_20.790870,RS_GCF_000010425.1,d__Bacteria;p__Actinobacteriota;c__Actinomycetia;o__Actinomycetales;f__Bifidobacteriaceae;g__Bifidobacterium;s__Bifidobacterium adolescentis,iPHoP-RF,93.10,blast;90.00 CRISPR;69.90
NODE_23_length_16638_cov_20.790870,RS_GCF_001042615.1,d__Bacteria;p__Actinobacteriota;c__Actinomycetia;o__Actinomycetales;f__Bifidobacteriaceae;g__Bifidobacterium;s__Bifidobacterium kashiwanohense,iPHoP-RF,93.10,None
NODE_23_length_16638_cov_20.790870,GB_GCA_000741495.1,d__Bacteria;p__Actinobacteriota;c__Actinomycetia;o__Actinomycetales;f__Bifidobacteriaceae;g__Bifidobacterium;s__Bifidobacterium thermophilum_A,iPHoP-RF,92.80,None
NODE_23_length_16638_cov_20.790870,RS_GCF_000800455.1,d__Bacteria;p__Actinobacteriota;c__Actinomycetia;o__Actinomycetales;f__Bifidobacteriaceae;g__Bifidobacterium;s__Bifidobacterium kashiwanohense_A,iPHoP-RF,92.40,None
NODE_23_length_16638_cov_20.790870,RS_GCF_000770925.1,d__Bacteria;p__Actinobacteriota;c__Actinomycetia;o__Actinomycetales;f__Bifidobacteriaceae;g__Bifidobacterium;s__Bifidobacterium ruminantium,iPHoP-RF,91.80,blast;90.90
NODE_23_length_19085_cov_14.299843,3300007119_20,d__Bacteria;p__Firmicutes;c__Bacilli;o__Lactobacillales;f__Streptococcaceae;g__Streptococcus;s__,CRISPR,99.70,iPHoP-RF;92.40
NODE_23_length_19085_cov_14.299843,GB_GCA_000385835.1,d__Bacteria;p__Firmicutes;c__Bacilli;o__Lactobacillales;f__Streptococcaceae;g__Streptococcus;s__Streptococcus mitis_AI,CRISPR,99.70,iPHoP-RF;92.10
NODE_23_length_19085_cov_14.299843,GB_GCA_001914195.1,d__Bacteria;p__Firmicutes;c__Bacilli;o__Lactobacillales;f__Streptococcaceae;g__Streptococcus;s__Streptococcus mitis_F,CRISPR,99.70,iPHoP-RF;93.10
NODE_23_length_19085_cov_14.299843,RS_GCF_000146585.1,d__Bacteria;p__Firmicutes;c__Bacilli;o__Lactobacillales;f__Streptococcaceae;g__Streptococcus;s__Streptococcus mitis_AZ,CRISPR,99.70,iPHoP-RF;78.50
NODE_23_length_19085_cov_14.299843,RS_GCF_000187745.1,d__Bacteria;p__Firmicutes;c__Bacilli;o__Lactobacillales;f__Streptococcaceae;g__Streptococcus;s__Streptococcus sp000187745,CRISPR,99.70,iPHoP-RF;93.70
NODE_23_length_19085_cov_14.299843,RS_GCF_000382805.1,d__Bacteria;p__Firmicutes;c__Bacilli;o__Lactobacillales;f__Streptococcaceae;g__Streptococcus;s__Streptococcus oralis_AC,CRISPR,99.70,iPHoP-RF;89.50
NODE_23_length_19085_cov_14.299843,RS_GCF_001070805.1,d__Bacteria;p__Firmicutes;c__Bacilli;o__Lactobacillales;f__Streptococcaceae;g__Streptococcus;s__Streptococcus pseudopneumoniae_O,CRISPR,99.70,iPHoP-RF;92.10
NODE_23_length_19085_cov_14.299843,RS_GCF_001578705.1,d__Bacteria;p__Firmicutes;c__Bacilli;o__Lactobacillales;f__Streptococcaceae;g__Streptococcus;s__Streptococcus oralis_J,CRISPR,99.70,iPHoP-RF;86.70
NODE_23_length_19085_cov_14.299843,RS_GCF_001578935.1,d__Bacteria;p__Firmicutes;c__Bacilli;o__Lactobacillales;f__Streptococcaceae;g__Streptococcus;s__Streptococcus oralis_R,CRISPR,99.70,iPHoP-RF;87.90
NODE_23_length_19085_cov_14.299843,RS_GCF_001579525.1,d__Bacteria;p__Firmicutes;c__Bacilli;o__Lactobacillales;f__Streptococcaceae;g__Streptococcus;s__Streptococcus oralis_M,CRISPR,99.70,iPHoP-RF;89.50
NODE_23_length_19085_cov_14.299843,RS_GCF_001588645.1,d__Bacteria;p__Firmicutes;c__Bacilli;o__Lactobacillales;f__Streptococcaceae;g__Streptococcus;s__Streptococcus oralis_AB,CRISPR,99.70,iPHoP-RF;91.80
NODE_23_length_19085_cov_14.299843,RS_GCF_001808705.1,d__Bacteria;p__Firmicutes;c__Bacilli;o__Lactobacillales;f__Streptococcaceae;g__Streptococcus;s__Streptococcus sp001808705,CRISPR,99.70,iPHoP-RF;58.40
NODE_23_length_19085_cov_14.299843,RS_GCF_001983955.1,d__Bacteria;p__Firmicutes;c__Bacilli;o__Lactobacillales;f__Streptococcaceae;g__Streptococcus;s__Streptococcus oralis_H,CRISPR,99.70,iPHoP-RF;90.80
NODE_23_length_19085_cov_14.299843,RS_GCF_002096335.1,d__Bacteria;p__Firmicutes;c__Bacilli;o__Lactobacillales;f__Streptococcaceae;g__Streptococcus;s__Streptococcus oralis_Z,CRISPR,99.70,iPHoP-RF;87.30
NODE_23_length_19085_cov_14.299843,RS_GCF_002096685.1,d__Bacteria;p__Firmicutes;c__Bacilli;o__Lactobacillales;f__Streptococcaceae;g__Streptococcus;s__Streptococcus oralis_AD,CRISPR,99.70,iPHoP-RF;88.50
NODE_23_length_19085_cov_14.299843,RS_GCF_002860905.1,d__Bacteria;p__Firmicutes;c__Bacilli;o__Lactobacillales;f__Streptococcaceae;g__Streptococcus;s__Streptococcus oralis_BA,CRISPR,99.70,iPHoP-RF;91.40
NODE_23_length_19085_cov_14.299843,RS_GCF_003428885.1,d__Bacteria;p__Firmicutes;c__Bacilli;o__Lactobacillales;f__Streptococcaceae;g__Streptococcus;s__Streptococcus sp003428885,CRISPR,99.70,iPHoP-RF;83.60
NODE_23_length_19085_cov_14.299843,RS_GCF_003626515.1,d__Bacteria;p__Firmicutes;c__Bacilli;o__Lactobacillales;f__Streptococcaceae;g__Streptococcus;s__Streptococcus chosunense,CRISPR,99.70,iPHoP-RF;93.40
NODE_23_length_19085_cov_14.299843,RS_GCF_003627155.1,d__Bacteria;p__Firmicutes;c__Bacilli;o__Lactobacillales;f__Streptococcaceae;g__Streptococcus;s__Streptococcus gwangjuense,CRISPR,99.70,iPHoP-RF;87.60
NODE_23_length_19085_cov_14.299843,RS_GCF_003942585.1,d__Bacteria;p__Firmicutes;c__Bacilli;o__Lactobacillales;f__Streptococcaceae;g__Streptococcus;s__Streptococcus oralis_BE,CRISPR,99.70,iPHoP-RF;88.90
NODE_23_length_19085_cov_14.299843,RS_GCF_003942765.1,d__Bacteria;p__Firmicutes;c__Bacilli;o__Lactobacillales;f__Streptococcaceae;g__Streptococcus;s__Streptococcus mitis_BE,CRISPR,99.70,iPHoP-RF;87.90
NODE_23_length_19085_cov_14.299843,RS_GCF_003943415.1,d__Bacteria;p__Firmicutes;c__Bacilli;o__Lactobacillales;f__Streptococcaceae;g__Streptococcus;s__Streptococcus oralis_BJ,CRISPR,99.70,iPHoP-RF;87.00
NODE_23_length_19085_cov_14.299843,RS_GCF_003943905.1,d__Bacteria;p__Firmicutes;c__Bacilli;o__Lactobacillales;f__Streptococcaceae;g__Streptococcus;s__Streptococcus mitis_BC,CRISPR,99.70,iPHoP-RF;89.20
NODE_23_length_19085_cov_14.299843,RS_GCF_007475365.1,d__Bacteria;p__Firmicutes;c__Bacilli;o__Lactobacillales;f__Streptococcaceae;g__Streptococcus;s__Streptococcus mitis_AX,CRISPR,99.70,iPHoP-RF;89.50
NODE_23_length_19085_cov_14.299843,RS_GCF_009496155.1,d__Bacteria;p__Firmicutes;c__Bacilli;o__Lactobacillales;f__Streptococcaceae;g__Streptococcus;s__Streptococcus mitis_BQ,CRISPR,99.70,iPHoP-RF;81.10
NODE_23_length_19085_cov_14.299843,RS_GCF_012843315.1,d__Bacteria;p__Firmicutes;c__Bacilli;o__Lactobacillales;f__Streptococcaceae;g__Streptococcus;s__Streptococcus sp012843315,CRISPR,99.70,iPHoP-RF;87.60
NODE_23_length_19085_cov_14.299843,RS_GCF_013305725.1,d__Bacteria;p__Firmicutes;c__Bacilli;o__Lactobacillales;f__Streptococcaceae;g__Streptococcus;s__Streptococcus mitis_BO,CRISPR,99.70,iPHoP-RF;85.40
NODE_23_length_19085_cov_14.299843,RS_GCF_900637025.1,d__Bacteria;p__Firmicutes;c__Bacilli;o__Lactobacillales;f__Streptococcaceae;g__Streptococcus;s__Streptococcus oralis,CRISPR,99.70,iPHoP-RF;92.40
NODE_23_length_19085_cov_14.299843,RS_GCF_901543175.1,d__Bacteria;p__Firmicutes;c__Bacilli;o__Lactobacillales;f__Streptococcaceae;g__Streptococcus;s__Streptococcus australis_A,CRISPR,99.70,iPHoP-RF;89.50
NODE_23_length_19085_cov_14.299843,RS_GCF_001623565.1,d__Bacteria;p__Firmicutes;c__Bacilli;o__Lactobacillales;f__Streptococcaceae;g__Streptococcus;s__Streptococcus marmotae,iPHoP-RF,95.40,None
NODE_23_length_19085_cov_14.299843,RS_GCF_004569635.1,d__Bacteria;p__Firmicutes;c__Bacilli;o__Lactobacillales;f__Streptococcaceae;g__Streptococcus;s__Streptococcus sp004569635,iPHoP-RF,95.10,None
NODE_23_length_19085_cov_14.299843,RS_GCF_001171885.1,d__Bacteria;p__Firmicutes;c__Bacilli;o__Lactobacillales;f__Streptococcaceae;g__Streptococcus;s__Streptococcus pneumoniae_A,iPHoP-RF,93.40,None
NODE_23_length_19085_cov_14.299843,RS_GCF_001113365.1,d__Bacteria;p__Firmicutes;c__Bacilli;o__Lactobacillales;f__Streptococcaceae;g__Streptococcus;s__Streptococcus pneumoniae_C,iPHoP-RF,93.10,None
NODE_23_length_19085_cov_14.299843,RS_GCF_002860865.1,d__Bacteria;p__Firmicutes;c__Bacilli;o__Lactobacillales;f__Streptococcaceae;g__Streptococcus;s__Streptococcus mitis_AT,iPHoP-RF,93.10,None
NODE_23_length_19085_cov_14.299843,RS_GCF_000148545.1,d__Bacteria;p__Firmicutes;c__Bacilli;o__Lactobacillales;f__Streptococcaceae;g__Streptococcus;s__Streptococcus mitis_C,iPHoP-RF,92.80,None
NODE_23_length_19085_cov_14.299843,RS_GCF_000380065.1,d__Bacteria;p__Firmicutes;c__Bacilli;o__Lactobacillales;f__Streptococcaceae;g__Streptococcus;s__Streptococcus massiliensis,iPHoP-RF,92.80,None
NODE_23_length_19085_cov_14.299843,RS_GCF_001921825.1,d__Bacteria;p__Firmicutes;c__Bacilli;o__Lactobacillales;f__Streptococcaceae;g__Streptococcus;s__Streptococcus acidominimus,iPHoP-RF,92.80,None
NODE_23_length_19085_cov_14.299843,RS_GCF_005844455.1,d__Bacteria;p__Firmicutes;c__Bacilli;o__Lactobacillales;f__Streptococcaceae;g__Streptococcus;s__Streptococcus mitis_BF,iPHoP-RF,92.80,None
NODE_23_length_19085_cov_14.299843,RS_GCF_902167705.1,d__Bacteria;p__Firmicutes;c__Bacilli;o__Lactobacillales;f__Streptococcaceae;g__Streptococcus;s__Streptococcus constellatus_A,iPHoP-RF,92.80,None
NODE_23_length_19085_cov_14.299843,RS_GCF_000220045.1,d__Bacteria;p__Firmicutes;c__Bacilli;o__Lactobacillales;f__Streptococcaceae;g__Streptococcus;s__Streptococcus mitis_AP,iPHoP-RF,92.40,None
NODE_23_length_19085_cov_14.299843,RS_GCF_002087075.1,d__Bacteria;p__Firmicutes;c__Bacilli;o__Lactobacillales;f__Streptococcaceae;g__Streptococcus;s__Streptococcus pseudopneumoniae,iPHoP-RF,92.40,None
NODE_23_length_19085_cov_14.299843,RS_GCF_001074635.1,d__Bacteria;p__Firmicutes;c__Bacilli;o__Lactobacillales;f__Streptococcaceae;g__Streptococcus;s__Streptococcus mitis_E,iPHoP-RF,92.10,None
NODE_23_length_19085_cov_14.299843,RS_GCF_013277415.1,d__Bacteria;p__Firmicutes;c__Bacilli;o__Lactobacillales;f__Streptococcaceae;g__Streptococcus;s__Streptococcus sp013277415,iPHoP-RF,92.10,None
NODE_23_length_19085_cov_14.299843,RS_GCF_001096185.1,d__Bacteria;p__Firmicutes;c__Bacilli;o__Lactobacillales;f__Streptococcaceae;g__Streptococcus;s__Streptococcus pneumoniae_B,iPHoP-RF,91.80,None
NODE_23_length_19085_cov_14.299843,RS_GCF_001579035.1,d__Bacteria;p__Firmicutes;c__Bacilli;o__Lactobacillales;f__Streptococcaceae;g__Streptococcus;s__Streptococcus mitis_J,iPHoP-RF,91.80,None
NODE_23_length_19085_cov_14.299843,RS_GCF_001708305.1,d__Bacteria;p__Firmicutes;c__Bacilli;o__Lactobacillales;f__Streptococcaceae;g__Streptococcus;s__Streptococcus himalayensis,iPHoP-RF,91.80,None
NODE_23_length_19085_cov_14.299843,RS_GCF_006175905.1,d__Bacteria;p__Firmicutes;c__Bacilli;o__Lactobacillales;f__Streptococcaceae;g__Streptococcus;s__Streptococcus oralis_BG,iPHoP-RF,91.80,None
NODE_23_length_19085_cov_14.299843,3300006980_1,d__Bacteria;p__Firmicutes;c__Bacilli;o__Lactobacillales;f__Streptococcaceae;g__Streptococcus;s__,iPHoP-RF,91.40,None
NODE_23_length_19085_cov_14.299843,RS_GCF_002096845.1,d__Bacteria;p__Firmicutes;c__Bacilli;o__Lactobacillales;f__Streptococcaceae;g__Streptococcus;s__Streptococcus mitis_A,iPHoP-RF,91.40,None
NODE_23_length_19085_cov_14.299843,RS_GCF_001650315.1,d__Bacteria;p__Firmicutes;c__Bacilli;o__Lactobacillales;f__Streptococcaceae;g__Streptococcus;s__Streptococcus sp001650315,iPHoP-RF,91.10,None
NODE_23_length_19085_cov_14.299843,RS_GCF_002096595.1,d__Bacteria;p__Firmicutes;c__Bacilli;o__Lactobacillales;f__Streptococcaceae;g__Streptococcus;s__Streptococcus oralis_D,iPHoP-RF,91.10,None
NODE_23_length_19085_cov_14.299843,RS_GCF_000722685.1,d__Bacteria;p__Firmicutes;c__Bacilli;o__Lactobacillales;f__Streptococcaceae;g__Streptococcus;s__Streptococcus mitis_M,iPHoP-RF,90.80,None
NODE_23_length_19085_cov_14.299843,RS_GCF_001074825.1,d__Bacteria;p__Firmicutes;c__Bacilli;o__Lactobacillales;f__Streptococcaceae;g__Streptococcus;s__Streptococcus pseudopneumoniae_C,iPHoP-RF,90.80,None
NODE_23_length_19085_cov_14.299843,RS_GCF_900411395.1,d__Bacteria;p__Firmicutes;c__Bacilli;o__Lactobacillales;f__Streptococcaceae;g__Streptococcus;s__Streptococcus mitis_BA,iPHoP-RF,90.50,None
NODE_23_length_19085_cov_14.299843,RS_GCF_000222785.1,d__Bacteria;p__Firmicutes;c__Bacilli;o__Lactobacillales;f__Streptococcaceae;g__Streptococcus;s__Streptococcus mitis_N,iPHoP-RF,90.10,None
NODE_23_length_19085_cov_14.299843,RS_GCF_001070715.1,d__Bacteria;p__Firmicutes;c__Bacilli;o__Lactobacillales;f__Streptococcaceae;g__Streptococcus;s__Streptococcus pseudopneumoniae_H,iPHoP-RF,90.10,None
NODE_23_length_19085_cov_14.299843,RS_GCF_003943935.1,d__Bacteria;p__Firmicutes;c__Bacilli;o__Lactobacillales;f__Streptococcaceae;g__Streptococcus;s__Streptococcus mitis_BK,iPHoP-RF,90.10,None
NODE_241_length_1458_cov_3.758375,RS_GCF_001077535.1,d__Bacteria;p__Firmicutes_A;c__Clostridia;o__Peptostreptococcales;f__Peptostreptococcaceae;g__Clostridioides;s__Clostridioides difficile,blast,97.20,iPHoP-RF;75.00
NODE_241_length_1458_cov_3.758375,RS_GCF_900243075.1,d__Bacteria;p__Firmicutes_A;c__Clostridia;o__Peptostreptococcales;f__Peptostreptococcaceae;g__Clostridioides;s__Clostridioides difficile_D,blast,92.00,iPHoP-RF;87.00
NODE_241_length_1458_cov_3.758375,RS_GCF_000449425.2,d__Bacteria;p__Firmicutes_A;c__Clostridia;o__Peptostreptococcales;f__Peptostreptococcaceae;g__Clostridioides;s__Clostridioides difficile_E,blast,91.90,iPHoP-RF;81.90
NODE_241_length_3971_cov_14.354443,RS_GCF_002742445.1,d__Bacteria;p__Actinobacteriota;c__Actinomycetia;o__Actinomycetales;f__Bifidobacteriaceae;g__Bifidobacterium;s__Bifidobacterium sp002742445,CRISPR,98.30,iPHoP-RF;83.30
NODE_241_length_3971_cov_14.354443,RS_GCF_001025215.1,d__Bacteria;p__Actinobacteriota;c__Actinomycetia;o__Actinomycetales;f__Bifidobacteriaceae;g__Bifidobacterium;s__Bifidobacterium pseudocatenulatum,CRISPR,98.00,iPHoP-RF;75.70
NODE_241_length_3971_cov_14.354443,RS_GCF_001025135.1,d__Bacteria;p__Actinobacteriota;c__Actinomycetia;o__Actinomycetales;f__Bifidobacteriaceae;g__Bifidobacterium;s__Bifidobacterium bifidum,CRISPR,97.00,blast;93.60 iPHoP-RF;88.90
NODE_241_length_3971_cov_14.354443,RS_GCF_000741215.1,d__Bacteria;p__Actinobacteriota;c__Actinomycetia;o__Actinomycetales;f__Bifidobacteriaceae;g__Bifidobacterium;s__Bifidobacterium gallinarum,CRISPR,96.50,iPHoP-RF;65.30
NODE_241_length_3971_cov_14.354443,RS_GCF_000010425.1,d__Bacteria;p__Actinobacteriota;c__Actinomycetia;o__Actinomycetales;f__Bifidobacteriaceae;g__Bifidobacterium;s__Bifidobacterium adolescentis,blast,94.40,iPHoP-RF;88.50
NODE_241_length_3971_cov_14.354443,RS_GCF_000269965.1,d__Bacteria;p__Actinobacteriota;c__Actinomycetia;o__Actinomycetales;f__Bifidobacteriaceae;g__Bifidobacterium;s__Bifidobacterium infantis,blast,90.00,iPHoP-RF;89.20
NODE_241_length_6412_cov_5.785433,RS_GCF_000025985.1,d__Bacteria;p__Bacteroidota;c__Bacteroidia;o__Bacteroidales;f__Bacteroidaceae;g__Bacteroides;s__Bacteroides fragilis,blast,96.30,iPHoP-RF;90.80
NODE_241_length_6412_cov_5.785433,GB_GCA_000210075.1,d__Bacteria;p__Bacteroidota;c__Bacteroidia;o__Bacteroidales;f__Bacteroidaceae;g__Bacteroides;s__Bacteroides xylanisolvens,iPHoP-RF,93.40,None
NODE_241_length_6412_cov_5.785433,RS_GCF_903181435.1,d__Bacteria;p__Bacteroidota;c__Bacteroidia;o__Bacteroidales;f__Bacteroidaceae;g__Bacteroides;s__Bacteroides acidifaciens_A,iPHoP-RF,93.40,None
NODE_241_length_6412_cov_5.785433,RS_GCF_000613385.1,d__Bacteria;p__Bacteroidota;c__Bacteroidia;o__Bacteroidales;f__Bacteroidaceae;g__Bacteroides;s__Bacteroides acidifaciens,iPHoP-RF,92.80,None
NODE_241_length_6412_cov_5.785433,GB_GCA_900765805.1,d__Bacteria;p__Bacteroidota;c__Bacteroidia;o__Bacteroidales;f__Bacteroidaceae;g__Bacteroides;s__Bacteroides sp900765805,iPHoP-RF,92.40,None
NODE_241_length_6412_cov_5.785433,GB_GCA_900557355.1,d__Bacteria;p__Bacteroidota;c__Bacteroidia;o__Bacteroidales;f__Bacteroidaceae;g__Bacteroides;s__Bacteroides sp900557355,iPHoP-RF,91.80,None
NODE_241_length_6412_cov_5.785433,RS_GCF_000172175.1,d__Bacteria;p__Bacteroidota;c__Bacteroidia;o__Bacteroidales;f__Bacteroidaceae;g__Bacteroides;s__Bacteroides intestinalis,iPHoP-RF,91.40,None
NODE_241_length_6412_cov_5.785433,RS_GCF_002849695.1,d__Bacteria;p__Bacteroidota;c__Bacteroidia;o__Bacteroidales;f__Bacteroidaceae;g__Bacteroides;s__Bacteroides fragilis_A,blast,91.20,iPHoP-RF;90.50
NODE_241_length_6412_cov_5.785433,RS_GCF_000614165.1,d__Bacteria;p__Bacteroidota;c__Bacteroidia;o__Bacteroidales;f__Bacteroidaceae;g__Bacteroides;s__Bacteroides stercorirosoris,iPHoP-RF,90.50,None
NODE_241_length_6412_cov_5.785433,RS_GCF_003464595.1,d__Bacteria;p__Bacteroidota;c__Bacteroidia;o__Bacteroidales;f__Bacteroidaceae;g__Bacteroides;s__Bacteroides intestinalis_A,iPHoP-RF,90.50,None
NODE_241_length_6412_cov_5.785433,RS_GCF_902364365.1,d__Bacteria;p__Bacteroidota;c__Bacteroidia;o__Bacteroidales;f__Bacteroidaceae;g__Bacteroides;s__Bacteroides sp900556215,iPHoP-RF,90.10,None
NODE_242_length_11721_cov_8.904937,RS_GCF_000026225.1,d__Bacteria;p__Proteobacteria;c__Gammaproteobacteria;o__Enterobacterales;f__Enterobacteriaceae;g__Escherichia;s__Escherichia fergusonii,blast,96.80,iPHoP-RF;90.50
NODE_242_length_11721_cov_8.904937,RS_GCF_000026325.1,d__Bacteria;p__Proteobacteria;c__Gammaproteobacteria;o__Enterobacterales;f__Enterobacteriaceae;g__Escherichia;s__Escherichia coli_D,blast,96.80,iPHoP-RF;92.80
NODE_242_length_11721_cov_8.904937,RS_GCF_002950215.1,d__Bacteria;p__Proteobacteria;c__Gammaproteobacteria;o__Enterobacterales;f__Enterobacteriaceae;g__Escherichia;s__Escherichia flexneri,blast,96.80,iPHoP-RF;90.10
NODE_242_length_11721_cov_8.904937,RS_GCF_003697165.2,d__Bacteria;p__Proteobacteria;c__Gammaproteobacteria;o__Enterobacterales;f__Enterobacteriaceae;g__Escherichia;s__Escherichia coli,blast,96.80,iPHoP-RF;92.80
NODE_242_length_11721_cov_8.904937,RS_GCF_011881725.1,d__Bacteria;p__Proteobacteria;c__Gammaproteobacteria;o__Enterobacterales;f__Enterobacteriaceae;g__Escherichia;s__Escherichia coli_E,blast,96.80,iPHoP-RF;92.80
NODE_242_length_11721_cov_8.904937,RS_GCF_000208585.1,d__Bacteria;p__Proteobacteria;c__Gammaproteobacteria;o__Enterobacterales;f__Enterobacteriaceae;g__Escherichia;s__Escherichia sp000208585,blast,96.70,iPHoP-RF;93.40
NODE_242_length_11721_cov_8.904937,RS_GCF_002900365.1,d__Bacteria;p__Proteobacteria;c__Gammaproteobacteria;o__Enterobacterales;f__Enterobacteriaceae;g__Escherichia;s__Escherichia marmotae,blast,96.70,iPHoP-RF;90.10
NODE_242_length_11721_cov_8.904937,RS_GCF_002949675.1,d__Bacteria;p__Proteobacteria;c__Gammaproteobacteria;o__Enterobacterales;f__Enterobacteriaceae;g__Escherichia;s__Escherichia dysenteriae,blast,96.70,iPHoP-RF;90.10
NODE_242_length_11721_cov_8.904937,GB_GCA_003018335.1,d__Bacteria;p__Proteobacteria;c__Gammaproteobacteria;o__Enterobacterales;f__Enterobacteriaceae;g__Escherichia;s__Escherichia coli_C,iPHoP-RF,92.80,None
NODE_242_length_11721_cov_8.904937,RS_GCF_005843885.1,d__Bacteria;p__Proteobacteria;c__Gammaproteobacteria;o__Enterobacterales;f__Enterobacteriaceae;g__Escherichia;s__Escherichia sp005843885,iPHoP-RF,91.40,None
NODE_244_length_1086_cov_2.037827,RS_GCF_001077535.1,d__Bacteria;p__Firmicutes_A;c__Clostridia;o__Peptostreptococcales;f__Peptostreptococcaceae;g__Clostridioides;s__Clostridioides difficile,blast,98.70,iPHoP-RF;84.20
NODE_244_length_1884_cov_3.414434,RS_GCF_001544255.1,d__Bacteria;p__Firmicutes;c__Bacilli;o__Lactobacillales;f__Enterococcaceae;g__Enterococcus_B;s__Enterococcus_B faecium,blast,97.10,iPHoP-RF;71.30
NODE_244_length_1884_cov_3.414434,RS_GCF_009735405.1,d__Bacteria;p__Firmicutes;c__Bacilli;o__Lactobacillales;f__Enterococcaceae;g__Enterococcus_B;s__Enterococcus_B lactis,blast,94.60,iPHoP-RF;71.90
NODE_244_length_1884_cov_3.414434,RS_GCF_001544215.1,d__Bacteria;p__Firmicutes;c__Bacilli;o__Lactobacillales;f__Enterococcaceae;g__Enterococcus_B;s__Enterococcus_B durans,blast,90.40,None
NODE_244_length_1884_cov_3.414434,RS_GCF_001886195.1,d__Bacteria;p__Firmicutes;c__Bacilli;o__Lactobacillales;f__Enterococcaceae;g__Enterococcus_B;s__Enterococcus_B ratti,blast,90.30,None
NODE_245_length_4271_cov_6.865038,RS_GCF_014131695.1,d__Bacteria;p__Firmicutes;c__Bacilli;o__Erysipelotrichales;f__Erysipelatoclostridiaceae;g__Erysipelatoclostridium;s__Erysipelatoclostridium ramosum,blast,95.20,iPHoP-RF;80.60
NODE_248_length_1789_cov_2.104960,RS_GCF_000239295.1,d__Bacteria;p__Firmicutes_A;c__Clostridia;o__Oscillospirales;f__Oscillospiraceae;g__Flavonifractor;s__Flavonifractor plautii,iPHoP-RF,93.70,blast;93.50 CRISPR;51.00
NODE_248_length_1789_cov_2.104960,RS_GCF_000508885.1,d__Bacteria;p__Firmicutes_A;c__Clostridia;o__Oscillospirales;f__Oscillospiraceae;g__Flavonifractor;s__Flavonifractor sp000508885,iPHoP-RF,93.40,None
NODE_248_length_1789_cov_2.104960,RS_GCF_005121165.1,d__Bacteria;p__Firmicutes_A;c__Clostridia;o__Oscillospirales;f__Oscillospiraceae;g__Dysosmobacter;s__Dysosmobacter welbionis,blast,91.00,iPHoP-RF;78.50
NODE_248_length_1950_cov_3.822691,RS_GCF_001077535.1,d__Bacteria;p__Firmicutes_A;c__Clostridia;o__Peptostreptococcales;f__Peptostreptococcaceae;g__Clostridioides;s__Clostridioides difficile,blast,95.70,iPHoP-RF;86.00
NODE_248_length_1950_cov_3.822691,RS_GCF_900243075.1,d__Bacteria;p__Firmicutes_A;c__Clostridia;o__Peptostreptococcales;f__Peptostreptococcaceae;g__Clostridioides;s__Clostridioides difficile_D,blast,92.40,iPHoP-RF;76.10
NODE_248_length_1950_cov_3.822691,RS_GCF_000449425.2,d__Bacteria;p__Firmicutes_A;c__Clostridia;o__Peptostreptococcales;f__Peptostreptococcaceae;g__Clostridioides;s__Clostridioides difficile_E,blast,91.10,iPHoP-RF;84.50
NODE_248_length_1950_cov_3.822691,RS_GCF_001299635.1,d__Bacteria;p__Firmicutes_A;c__Clostridia;o__Peptostreptococcales;f__Peptostreptococcaceae;g__Clostridioides;s__Clostridioides difficile_A,blast,91.10,iPHoP-RF;84.50
NODE_248_length_2979_cov_4.737004,RS_GCF_000025985.1,d__Bacteria;p__Bacteroidota;c__Bacteroidia;o__Bacteroidales;f__Bacteroidaceae;g__Bacteroides;s__Bacteroides fragilis,iPHoP-RF,97.10,blast;96.00
NODE_248_length_2979_cov_4.737004,RS_GCF_900751965.1,d__Bacteria;p__Bacteroidota;c__Bacteroidia;o__Bacteroidales;f__Bacteroidaceae;g__Phocaeicola;s__Phocaeicola sp900751965,iPHoP-RF,95.40,None
NODE_248_length_2979_cov_4.737004,RS_GCF_900128905.1,d__Bacteria;p__Bacteroidota;c__Bacteroidia;o__Bacteroidales;f__Bacteroidaceae;g__Bacteroides_G;s__Bacteroides_G luti,iPHoP-RF,94.70,None
NODE_248_length_2979_cov_4.737004,GB_GCA_900542985.1,d__Bacteria;p__Bacteroidota;c__Bacteroidia;o__Bacteroidales;f__Bacteroidaceae;g__Phocaeicola;s__Phocaeicola sp900542985,iPHoP-RF,91.80,None
NODE_248_length_2979_cov_4.737004,RS_GCF_900104585.1,d__Bacteria;p__Bacteroidota;c__Bacteroidia;o__Bacteroidales;f__Bacteroidaceae;g__Bacteroides;s__Bacteroides ihuae,iPHoP-RF,90.50,None
NODE_248_length_3911_cov_33.139263,RS_GCF_000196555.1,d__Bacteria;p__Actinobacteriota;c__Actinomycetia;o__Actinomycetales;f__Bifidobacteriaceae;g__Bifidobacterium;s__Bifidobacterium longum,iPHoP-RF,96.10,blast;93.30 CRISPR;78.90
NODE_248_length_3911_cov_33.139263,RS_GCF_001025215.1,d__Bacteria;p__Actinobacteriota;c__Actinomycetia;o__Actinomycetales;f__Bifidobacteriaceae;g__Bifidobacterium;s__Bifidobacterium pseudocatenulatum,blast,94.80,iPHoP-RF;85.40
NODE_248_length_3911_cov_33.139263,RS_GCF_001025175.1,d__Bacteria;p__Actinobacteriota;c__Actinomycetia;o__Actinomycetales;f__Bifidobacteriaceae;g__Bifidobacterium;s__Bifidobacterium breve,iPHoP-RF,94.40,blast;92.00 CRISPR;91.10
NODE_248_length_3911_cov_33.139263,RS_GCF_000269965.1,d__Bacteria;p__Actinobacteriota;c__Actinomycetia;o__Actinomycetales;f__Bifidobacteriaceae;g__Bifidobacterium;s__Bifidobacterium infantis,iPHoP-RF,93.10,blast;92.10 CRISPR;78.90
NODE_248_length_3911_cov_33.139263,RS_GCF_000010425.1,d__Bacteria;p__Actinobacteriota;c__Actinomycetia;o__Actinomycetales;f__Bifidobacteriaceae;g__Bifidobacterium;s__Bifidobacterium adolescentis,blast,92.30,iPHoP-RF;75.90 CRISPR;55.80
NODE_248_length_3911_cov_33.139263,RS_GCF_000770925.1,d__Bacteria;p__Actinobacteriota;c__Actinomycetia;o__Actinomycetales;f__Bifidobacteriaceae;g__Bifidobacterium;s__Bifidobacterium ruminantium,blast,91.90,iPHoP-RF;81.90
NODE_2499_length_1318_cov_4.338876,RS_GCF_001077535.1,d__Bacteria;p__Firmicutes_A;c__Clostridia;o__Peptostreptococcales;f__Peptostreptococcaceae;g__Clostridioides;s__Clostridioides difficile,blast,96.50,None
NODE_2499_length_1318_cov_4.338876,RS_GCF_900243075.1,d__Bacteria;p__Firmicutes_A;c__Clostridia;o__Peptostreptococcales;f__Peptostreptococcaceae;g__Clostridioides;s__Clostridioides difficile_D,blast,94.20,None
NODE_2499_length_1318_cov_4.338876,RS_GCF_000449425.2,d__Bacteria;p__Firmicutes_A;c__Clostridia;o__Peptostreptococcales;f__Peptostreptococcaceae;g__Clostridioides;s__Clostridioides difficile_E,blast,91.10,None
NODE_2499_length_1318_cov_4.338876,RS_GCF_001299635.1,d__Bacteria;p__Firmicutes_A;c__Clostridia;o__Peptostreptococcales;f__Peptostreptococcaceae;g__Clostridioides;s__Clostridioides difficile_A,blast,91.10,None
NODE_2499_length_1318_cov_4.338876,GB_GCA_000953675.1,d__Bacteria;p__Firmicutes_A;c__Clostridia;o__Peptostreptococcales;f__Peptostreptococcaceae;g__Paraclostridium;s__Paraclostridium sordellii,blast,90.90,iPHoP-RF;59.20
NODE_2499_length_1318_cov_4.338876,RS_GCF_002251085.2,d__Bacteria;p__Firmicutes_A;c__Clostridia;o__Peptostreptococcales;f__Peptostreptococcaceae;g__Romboutsia_B;s__Romboutsia_B maritimum,blast,90.90,None
NODE_2499_length_1318_cov_4.338876,RS_GCF_900103615.1,d__Bacteria;p__Firmicutes_A;c__Clostridia;o__Peptostreptococcales;f__Peptostreptococcaceae;g__Romboutsia;s__Romboutsia lituseburensis,blast,90.40,None
NODE_2499_length_1318_cov_4.338876,RS_GCF_000499525.1,d__Bacteria;p__Firmicutes_A;c__Clostridia;o__Peptostreptococcales;f__Peptostreptococcaceae;g__Romboutsia;s__Romboutsia dakarensis,blast,90.30,None
NODE_2499_length_1318_cov_4.338876,RS_GCF_900015215.1,d__Bacteria;p__Firmicutes_A;c__Clostridia;o__Peptostreptococcales;f__Peptostreptococcaceae;g__Romboutsia;s__Romboutsia ilealis,blast,90.30,None
NODE_24_length_29177_cov_10.095976,RS_GCF_000026225.1,d__Bacteria;p__Proteobacteria;c__Gammaproteobacteria;o__Enterobacterales;f__Enterobacteriaceae;g__Escherichia;s__Escherichia fergusonii,blast,96.90,iPHoP-RF;88.90
NODE_24_length_29177_cov_10.095976,RS_GCF_000026325.1,d__Bacteria;p__Proteobacteria;c__Gammaproteobacteria;o__Enterobacterales;f__Enterobacteriaceae;g__Escherichia;s__Escherichia coli_D,blast,96.90,iPHoP-RF;89.50
NODE_24_length_29177_cov_10.095976,RS_GCF_000208585.1,d__Bacteria;p__Proteobacteria;c__Gammaproteobacteria;o__Enterobacterales;f__Enterobacteriaceae;g__Escherichia;s__Escherichia sp000208585,blast,96.90,iPHoP-RF;87.90
NODE_24_length_29177_cov_10.095976,RS_GCF_000759775.1,d__Bacteria;p__Proteobacteria;c__Gammaproteobacteria;o__Enterobacterales;f__Enterobacteriaceae;g__Escherichia;s__Escherichia albertii,blast,96.90,iPHoP-RF;84.50
NODE_24_length_29177_cov_10.095976,RS_GCF_001660175.1,d__Bacteria;p__Proteobacteria;c__Gammaproteobacteria;o__Enterobacterales;f__Enterobacteriaceae;g__Escherichia;s__Escherichia sp001660175,blast,96.90,iPHoP-RF;93.40
NODE_24_length_29177_cov_10.095976,RS_GCF_002900365.1,d__Bacteria;p__Proteobacteria;c__Gammaproteobacteria;o__Enterobacterales;f__Enterobacteriaceae;g__Escherichia;s__Escherichia marmotae,blast,96.90,iPHoP-RF;92.10
NODE_24_length_29177_cov_10.095976,RS_GCF_002949675.1,d__Bacteria;p__Proteobacteria;c__Gammaproteobacteria;o__Enterobacterales;f__Enterobacteriaceae;g__Escherichia;s__Escherichia dysenteriae,blast,96.90,iPHoP-RF;93.40
NODE_24_length_29177_cov_10.095976,RS_GCF_002950215.1,d__Bacteria;p__Proteobacteria;c__Gammaproteobacteria;o__Enterobacterales;f__Enterobacteriaceae;g__Escherichia;s__Escherichia flexneri,blast,96.90,iPHoP-RF;92.10
NODE_24_length_29177_cov_10.095976,RS_GCF_003697165.2,d__Bacteria;p__Proteobacteria;c__Gammaproteobacteria;o__Enterobacterales;f__Enterobacteriaceae;g__Escherichia;s__Escherichia coli,blast,96.90,iPHoP-RF;92.10
NODE_24_length_29177_cov_10.095976,RS_GCF_002965065.1,d__Bacteria;p__Proteobacteria;c__Gammaproteobacteria;o__Enterobacterales;f__Enterobacteriaceae;g__Escherichia;s__Escherichia sp002965065,iPHoP-RF,91.80,None
NODE_24_length_29177_cov_10.095976,RS_GCF_005843885.1,d__Bacteria;p__Proteobacteria;c__Gammaproteobacteria;o__Enterobacterales;f__Enterobacteriaceae;g__Escherichia;s__Escherichia sp005843885,iPHoP-RF,91.10,None
NODE_250_length_2172_cov_5.605102,RS_GCF_001544095.1,d__Bacteria;p__Firmicutes;c__Bacilli;o__Lactobacillales;f__Enterococcaceae;g__Enterococcus_D;s__Enterococcus_D casseliflavus,blast,93.20,iPHoP-RF;91.40
NODE_250_length_2172_cov_5.605102,RS_GCF_002850555.1,d__Bacteria;p__Firmicutes;c__Bacilli;o__Lactobacillales;f__Enterococcaceae;g__Enterococcus_D;s__Enterococcus_D sp002850555,blast,93.10,iPHoP-RF;92.10
NODE_250_length_2172_cov_5.605102,RS_GCF_002141365.1,d__Bacteria;p__Firmicutes;c__Bacilli;o__Lactobacillales;f__Enterococcaceae;g__Enterococcus;s__Enterococcus sp002141365,iPHoP-RF,90.80,None
NODE_250_length_2172_cov_5.605102,RS_GCF_002140915.1,d__Bacteria;p__Firmicutes;c__Bacilli;o__Lactobacillales;f__Enterococcaceae;g__Enterococcus_D;s__Enterococcus_D sp002140915,blast,90.60,iPHoP-RF;87.00
NODE_250_length_3884_cov_34.956385,RS_GCF_001544255.1,d__Bacteria;p__Firmicutes;c__Bacilli;o__Lactobacillales;f__Enterococcaceae;g__Enterococcus_B;s__Enterococcus_B faecium,blast,97.10,iPHoP-RF;93.70
NODE_250_length_3884_cov_34.956385,RS_GCF_009735405.1,d__Bacteria;p__Firmicutes;c__Bacilli;o__Lactobacillales;f__Enterococcaceae;g__Enterococcus_B;s__Enterococcus_B lactis,blast,94.60,iPHoP-RF;94.10
NODE_250_length_3884_cov_34.956385,RS_GCF_000407485.1,d__Bacteria;p__Firmicutes;c__Bacilli;o__Lactobacillales;f__Enterococcaceae;g__Enterococcus_A;s__Enterococcus_A pallens,iPHoP-RF,92.80,None
NODE_250_length_3884_cov_34.956385,RS_GCF_001544215.1,d__Bacteria;p__Firmicutes;c__Bacilli;o__Lactobacillales;f__Enterococcaceae;g__Enterococcus_B;s__Enterococcus_B durans,blast,92.50,iPHoP-RF;86.00
NODE_250_length_3884_cov_34.956385,RS_GCF_000271405.2,d__Bacteria;p__Firmicutes;c__Bacilli;o__Lactobacillales;f__Enterococcaceae;g__Enterococcus_B;s__Enterococcus_B hirae,iPHoP-RF,92.40,blast;89.80
NODE_250_length_3884_cov_34.956385,RS_GCF_005405225.1,d__Bacteria;p__Firmicutes;c__Bacilli;o__Lactobacillales;f__Enterococcaceae;g__Enterococcus_A;s__Enterococcus_A sp005405225,iPHoP-RF,92.10,None
NODE_250_length_3884_cov_34.956385,3300012136_2,d__Bacteria;p__Firmicutes;c__Bacilli;o__Lactobacillales;f__Enterococcaceae;g__Enterococcus_A;s__,iPHoP-RF,91.80,None
NODE_250_length_3884_cov_34.956385,RS_GCF_000406965.1,d__Bacteria;p__Firmicutes;c__Bacilli;o__Lactobacillales;f__Enterococcaceae;g__Enterococcus_A;s__Enterococcus_A avium,iPHoP-RF,91.80,None
NODE_250_length_3884_cov_34.956385,RS_GCF_001544295.1,d__Bacteria;p__Firmicutes;c__Bacilli;o__Lactobacillales;f__Enterococcaceae;g__Enterococcus_A;s__Enterococcus_A pseudoavium,iPHoP-RF,91.80,None
NODE_250_length_3884_cov_34.956385,RS_GCF_000407545.1,d__Bacteria;p__Firmicutes;c__Bacilli;o__Lactobacillales;f__Enterococcaceae;g__Enterococcus_A;s__Enterococcus_A gilvus,iPHoP-RF,91.40,None
NODE_250_length_3884_cov_34.956385,RS_GCF_001886185.1,d__Bacteria;p__Firmicutes;c__Bacilli;o__Lactobacillales;f__Enterococcaceae;g__Enterococcus_A;s__Enterococcus_A raffinosus,iPHoP-RF,91.10,None
NODE_250_length_3884_cov_34.956385,RS_GCF_002140175.1,d__Bacteria;p__Firmicutes;c__Bacilli;o__Lactobacillales;f__Enterococcaceae;g__Enterococcus_B;s__Enterococcus_B sp002140175,blast,91.00,iPHoP-RF;80.30
NODE_250_length_3884_cov_34.956385,RS_GCF_007990225.1,d__Bacteria;p__Firmicutes;c__Bacilli;o__Lactobacillales;f__Enterococcaceae;g__Enterococcus_B;s__Enterococcus_B villorum,blast,90.90,iPHoP-RF;85.40
NODE_250_length_3884_cov_34.956385,RS_GCF_000407185.1,d__Bacteria;p__Firmicutes;c__Bacilli;o__Lactobacillales;f__Enterococcaceae;g__Enterococcus_A;s__Enterococcus_A malodoratus,iPHoP-RF,90.50,None
NODE_250_length_3884_cov_34.956385,RS_GCF_013394305.1,d__Bacteria;p__Firmicutes;c__Bacilli;o__Lactobacillales;f__Enterococcaceae;g__Enterococcus_B;s__Enterococcus_B pernyi,blast,90.10,iPHoP-RF;81.10
NODE_251_length_2687_cov_3.181611,RS_GCF_900290275.1,d__Bacteria;p__Bacteroidota;c__Bacteroidia;o__Bacteroidales;f__Bacteroidaceae;g__Prevotella;s__Prevotella sp900290275,blast,91.80,None
NODE_254_length_2668_cov_3.052047,RS_GCF_000157935.1,d__Bacteria;p__Bacteroidota;c__Bacteroidia;o__Bacteroidales;f__Bacteroidaceae;g__Prevotella;s__Prevotella copri,blast,91.30,iPHoP-RF;64.30
NODE_254_length_2668_cov_3.052047,RS_GCF_902167755.1,d__Bacteria;p__Bacteroidota;c__Bacteroidia;o__Bacteroidales;f__Bacteroidaceae;g__Prevotella;s__Prevotella sp900557255,blast,91.20,iPHoP-RF;64.00
NODE_254_length_2668_cov_3.052047,GB_GCA_900544825.1,d__Bacteria;p__Bacteroidota;c__Bacteroidia;o__Bacteroidales;f__Bacteroidaceae;g__Prevotella;s__Prevotella sp900544825,blast,90.60,iPHoP-RF;74.80
NODE_254_length_4664_cov_6.991972,RS_GCF_000025985.1,d__Bacteria;p__Bacteroidota;c__Bacteroidia;o__Bacteroidales;f__Bacteroidaceae;g__Bacteroides;s__Bacteroides fragilis,blast,96.00,iPHoP-RF;84.50
NODE_254_length_4664_cov_6.991972,RS_GCF_002849695.1,d__Bacteria;p__Bacteroidota;c__Bacteroidia;o__Bacteroidales;f__Bacteroidaceae;g__Bacteroides;s__Bacteroides fragilis_A,blast,91.70,iPHoP-RF;84.20
NODE_254_length_4664_cov_6.991972,GB_GCA_900557355.1,d__Bacteria;p__Bacteroidota;c__Bacteroidia;o__Bacteroidales;f__Bacteroidaceae;g__Bacteroides;s__Bacteroides sp900557355,blast,90.90,iPHoP-RF;72.40
NODE_2561_length_1148_cov_4.252516,RS_GCF_003697165.2,d__Bacteria;p__Proteobacteria;c__Gammaproteobacteria;o__Enterobacterales;f__Enterobacteriaceae;g__Escherichia;s__Escherichia coli,blast,97.40,iPHoP-RF;77.10
NODE_2561_length_1148_cov_4.252516,RS_GCF_002950215.1,d__Bacteria;p__Proteobacteria;c__Gammaproteobacteria;o__Enterobacterales;f__Enterobacteriaceae;g__Escherichia;s__Escherichia flexneri,blast,97.20,iPHoP-RF;78.30
NODE_2561_length_1148_cov_4.252516,RS_GCF_000026325.1,d__Bacteria;p__Proteobacteria;c__Gammaproteobacteria;o__Enterobacterales;f__Enterobacteriaceae;g__Escherichia;s__Escherichia coli_D,blast,96.00,iPHoP-RF;77.50
NODE_2561_length_1148_cov_4.252516,RS_GCF_000026225.1,d__Bacteria;p__Proteobacteria;c__Gammaproteobacteria;o__Enterobacterales;f__Enterobacteriaceae;g__Escherichia;s__Escherichia fergusonii,blast,94.40,iPHoP-RF;74.30
NODE_2561_length_1148_cov_4.252516,RS_GCF_000208585.1,d__Bacteria;p__Proteobacteria;c__Gammaproteobacteria;o__Enterobacterales;f__Enterobacteriaceae;g__Escherichia;s__Escherichia sp000208585,blast,94.30,iPHoP-RF;73.00
NODE_2561_length_1148_cov_4.252516,RS_GCF_001660175.1,d__Bacteria;p__Proteobacteria;c__Gammaproteobacteria;o__Enterobacterales;f__Enterobacteriaceae;g__Escherichia;s__Escherichia sp001660175,blast,94.30,iPHoP-RF;73.50
NODE_2561_length_1148_cov_4.252516,RS_GCF_005843885.1,d__Bacteria;p__Proteobacteria;c__Gammaproteobacteria;o__Enterobacterales;f__Enterobacteriaceae;g__Escherichia;s__Escherichia sp005843885,blast,94.30,iPHoP-RF;72.20
NODE_2561_length_1148_cov_4.252516,RS_GCF_000759775.1,d__Bacteria;p__Proteobacteria;c__Gammaproteobacteria;o__Enterobacterales;f__Enterobacteriaceae;g__Escherichia;s__Escherichia albertii,blast,93.90,iPHoP-RF;67.70
NODE_2561_length_1148_cov_4.252516,RS_GCF_900766525.1,d__Bacteria;p__Proteobacteria;c__Gammaproteobacteria;o__Enterobacterales;f__Enterobacteriaceae;g__Superficieibacter;s__Superficieibacter sp900766525,blast,90.60,None
NODE_256_length_2665_cov_3.679310,RS_GCF_902167755.1,d__Bacteria;p__Bacteroidota;c__Bacteroidia;o__Bacteroidales;f__Bacteroidaceae;g__Prevotella;s__Prevotella sp900557255,blast,94.50,iPHoP-RF;50.20
NODE_256_length_2665_cov_3.679310,GB_GCA_900551275.1,d__Bacteria;p__Bacteroidota;c__Bacteroidia;o__Bacteroidales;f__Bacteroidaceae;g__Prevotella;s__Prevotella sp900551275,blast,91.20,iPHoP-RF;54.10
NODE_256_length_2665_cov_3.679310,RS_GCF_000157935.1,d__Bacteria;p__Bacteroidota;c__Bacteroidia;o__Bacteroidales;f__Bacteroidaceae;g__Prevotella;s__Prevotella copri,blast,91.20,iPHoP-RF;56.50
NODE_25_length_41950_cov_8.418546,RS_GCF_002900365.1,d__Bacteria;p__Proteobacteria;c__Gammaproteobacteria;o__Enterobacterales;f__Enterobacteriaceae;g__Escherichia;s__Escherichia marmotae,iPHoP-RF,96.70,blast;94.90 CRISPR;91.90
NODE_25_length_41950_cov_8.418546,RS_GCF_003697165.2,d__Bacteria;p__Proteobacteria;c__Gammaproteobacteria;o__Enterobacterales;f__Enterobacteriaceae;g__Escherichia;s__Escherichia coli,blast,96.60,iPHoP-RF;96.10
NODE_25_length_41950_cov_8.418546,RS_GCF_000208585.1,d__Bacteria;p__Proteobacteria;c__Gammaproteobacteria;o__Enterobacterales;f__Enterobacteriaceae;g__Escherichia;s__Escherichia sp000208585,iPHoP-RF,96.40,blast;95.40
NODE_25_length_41950_cov_8.418546,RS_GCF_001660175.1,d__Bacteria;p__Proteobacteria;c__Gammaproteobacteria;o__Enterobacterales;f__Enterobacteriaceae;g__Escherichia;s__Escherichia sp001660175,iPHoP-RF,96.40,None
NODE_25_length_41950_cov_8.418546,RS_GCF_005843885.1,d__Bacteria;p__Proteobacteria;c__Gammaproteobacteria;o__Enterobacterales;f__Enterobacteriaceae;g__Escherichia;s__Escherichia sp005843885,iPHoP-RF,96.40,None
NODE_25_length_41950_cov_8.418546,RS_GCF_002950215.1,d__Bacteria;p__Proteobacteria;c__Gammaproteobacteria;o__Enterobacterales;f__Enterobacteriaceae;g__Escherichia;s__Escherichia flexneri,blast,96.20,iPHoP-RF;95.40
NODE_25_length_41950_cov_8.418546,GB_GCA_003018335.1,d__Bacteria;p__Proteobacteria;c__Gammaproteobacteria;o__Enterobacterales;f__Enterobacteriaceae;g__Escherichia;s__Escherichia coli_C,iPHoP-RF,96.10,blast;95.30
NODE_25_length_41950_cov_8.418546,RS_GCF_000026325.1,d__Bacteria;p__Proteobacteria;c__Gammaproteobacteria;o__Enterobacterales;f__Enterobacteriaceae;g__Escherichia;s__Escherichia coli_D,blast,96.10,iPHoP-RF;94.10 CRISPR;93.10
NODE_25_length_41950_cov_8.418546,RS_GCF_002949675.1,d__Bacteria;p__Proteobacteria;c__Gammaproteobacteria;o__Enterobacterales;f__Enterobacteriaceae;g__Escherichia;s__Escherichia dysenteriae,iPHoP-RF,96.10,blast;95.20
NODE_25_length_41950_cov_8.418546,RS_GCF_002965065.1,d__Bacteria;p__Proteobacteria;c__Gammaproteobacteria;o__Enterobacterales;f__Enterobacteriaceae;g__Escherichia;s__Escherichia sp002965065,iPHoP-RF,96.10,None
NODE_25_length_41950_cov_8.418546,RS_GCF_004211955.1,d__Bacteria;p__Proteobacteria;c__Gammaproteobacteria;o__Enterobacterales;f__Enterobacteriaceae;g__Escherichia;s__Escherichia sp004211955,iPHoP-RF,95.70,None
NODE_25_length_41950_cov_8.418546,RS_GCF_011881725.1,d__Bacteria;p__Proteobacteria;c__Gammaproteobacteria;o__Enterobacterales;f__Enterobacteriaceae;g__Escherichia;s__Escherichia coli_E,iPHoP-RF,95.70,blast;95.50
NODE_25_length_41950_cov_8.418546,RS_GCF_000026225.1,d__Bacteria;p__Proteobacteria;c__Gammaproteobacteria;o__Enterobacterales;f__Enterobacteriaceae;g__Escherichia;s__Escherichia fergusonii,iPHoP-RF,95.40,blast;94.00
NODE_25_length_41950_cov_8.418546,RS_GCF_000759775.1,d__Bacteria;p__Proteobacteria;c__Gammaproteobacteria;o__Enterobacterales;f__Enterobacteriaceae;g__Escherichia;s__Escherichia albertii,CRISPR,94.20,iPHoP-RF;94.10 blast;91.30
NODE_25_length_41950_cov_8.418546,RS_GCF_000759815.1,d__Bacteria;p__Proteobacteria;c__Gammaproteobacteria;o__Enterobacterales;f__Enterobacteriaceae;g__Citrobacter_A;s__Citrobacter_A rodentium,blast,90.30,None
NODE_25_length_64430_cov_10.074175,GB_GCA_900552925.1,d__Bacteria;p__Firmicutes_A;c__Clostridia;o__Oscillospirales;f__Acutalibacteraceae;g__UBA1417;s__UBA1417 sp900552925,blast,93.10,iPHoP-RF;75.40
NODE_25_length_64430_cov_10.074175,GB_GCA_008681155.1,d__Bacteria;p__Firmicutes_A;c__Clostridia;o__Oscillospirales;f__Acutalibacteraceae;g__UBA1417;s__UBA1417 sp003531055,blast,92.10,iPHoP-RF;79.80
NODE_25_length_64430_cov_10.074175,GB_GCA_900549945.1,d__Bacteria;p__Firmicutes_A;c__Clostridia;o__Oscillospirales;f__Acutalibacteraceae;g__UBA1417;s__UBA1417 sp900549945,blast,92.10,iPHoP-RF;81.90
NODE_25_length_7705_cov_7.489020,RS_GCF_000025985.1,d__Bacteria;p__Bacteroidota;c__Bacteroidia;o__Bacteroidales;f__Bacteroidaceae;g__Bacteroides;s__Bacteroides fragilis,blast,93.90,iPHoP-RF;71.70
NODE_25_length_7705_cov_7.489020,RS_GCF_009193295.2,d__Bacteria;p__Bacteroidota;c__Bacteroidia;o__Bacteroidales;f__Bacteroidaceae;g__Bacteroides;s__Bacteroides sp007097645,iPHoP-RF,93.40,None
NODE_25_length_7705_cov_7.489020,RS_GCF_003438615.1,d__Bacteria;p__Bacteroidota;c__Bacteroidia;o__Bacteroidales;f__Bacteroidaceae;g__Bacteroides;s__Bacteroides sp003545565,iPHoP-RF,93.10,blast;81.10
NODE_25_length_7705_cov_7.489020,RS_GCF_900106755.1,d__Bacteria;p__Bacteroidota;c__Bacteroidia;o__Bacteroidales;f__Bacteroidaceae;g__Bacteroides;s__Bacteroides faecis,iPHoP-RF,93.10,None
NODE_25_length_7705_cov_7.489020,RS_GCF_000011065.1,d__Bacteria;p__Bacteroidota;c__Bacteroidia;o__Bacteroidales;f__Bacteroidaceae;g__Bacteroides;s__Bacteroides thetaiotaomicron,iPHoP-RF,92.80,None
NODE_25_length_7705_cov_7.489020,RS_GCF_000315485.1,d__Bacteria;p__Bacteroidota;c__Bacteroidia;o__Bacteroidales;f__Bacteroidaceae;g__Bacteroides;s__Bacteroides oleiciplenus,iPHoP-RF,92.80,None
NODE_25_length_7705_cov_7.489020,RS_GCF_001688725.2,d__Bacteria;p__Bacteroidota;c__Bacteroidia;o__Bacteroidales;f__Bacteroidaceae;g__Bacteroides;s__Bacteroides caecimuris,iPHoP-RF,92.80,None
NODE_25_length_7705_cov_7.489020,RS_GCF_903181435.1,d__Bacteria;p__Bacteroidota;c__Bacteroidia;o__Bacteroidales;f__Bacteroidaceae;g__Bacteroides;s__Bacteroides acidifaciens_A,iPHoP-RF,92.80,None
NODE_25_length_7705_cov_7.489020,RS_GCF_014334015.1,d__Bacteria;p__Bacteroidota;c__Bacteroidia;o__Bacteroidales;f__Bacteroidaceae;g__Bacteroides;s__Bacteroides sp003463205,iPHoP-RF,92.10,None
NODE_25_length_7705_cov_7.489020,RS_GCF_000155815.1,d__Bacteria;p__Bacteroidota;c__Bacteroidia;o__Bacteroidales;f__Bacteroidaceae;g__Bacteroides;s__Bacteroides eggerthii,iPHoP-RF,91.80,blast;84.80
NODE_25_length_7705_cov_7.489020,RS_GCF_002222615.2,d__Bacteria;p__Bacteroidota;c__Bacteroidia;o__Bacteroidales;f__Bacteroidaceae;g__Bacteroides;s__Bacteroides caccae,iPHoP-RF,90.80,blast;85.30
NODE_25_length_7705_cov_7.489020,GB_GCA_900552405.1,d__Bacteria;p__Bacteroidota;c__Bacteroidia;o__Bacteroidales;f__Bacteroidaceae;g__Bacteroides;s__Bacteroides sp900552405,iPHoP-RF,90.50,None
NODE_25_length_7705_cov_7.489020,RS_GCF_000513195.1,d__Bacteria;p__Bacteroidota;c__Bacteroidia;o__Bacteroidales;f__Bacteroidaceae;g__Bacteroides;s__Bacteroides timonensis,iPHoP-RF,90.50,None
NODE_262_length_4165_cov_7.044282,RS_GCF_000025985.1,d__Bacteria;p__Bacteroidota;c__Bacteroidia;o__Bacteroidales;f__Bacteroidaceae;g__Bacteroides;s__Bacteroides fragilis,blast,96.60,iPHoP-RF;90.80
NODE_262_length_4165_cov_7.044282,RS_GCF_002849695.1,d__Bacteria;p__Bacteroidota;c__Bacteroidia;o__Bacteroidales;f__Bacteroidaceae;g__Bacteroides;s__Bacteroides fragilis_A,blast,93.90,iPHoP-RF;86.70
NODE_262_length_4165_cov_7.044282,GB_GCA_900765805.1,d__Bacteria;p__Bacteroidota;c__Bacteroidia;o__Bacteroidales;f__Bacteroidaceae;g__Bacteroides;s__Bacteroides sp900765805,blast,92.70,iPHoP-RF;79.50
NODE_262_length_4295_cov_8.188443,RS_GCF_000154205.1,d__Bacteria;p__Bacteroidota;c__Bacteroidia;o__Bacteroidales;f__Bacteroidaceae;g__Bacteroides;s__Bacteroides uniformis,blast,93.90,iPHoP-RF;63.00
NODE_262_length_4295_cov_8.188443,RS_GCF_000233955.1,d__Bacteria;p__Bacteroidota;c__Bacteroidia;o__Bacteroidales;f__Bacteroidaceae;g__Paraprevotella;s__Paraprevotella clara,blast,93.30,None
NODE_262_length_4295_cov_8.188443,RS_GCF_000155815.1,d__Bacteria;p__Bacteroidota;c__Bacteroidia;o__Bacteroidales;f__Bacteroidaceae;g__Bacteroides;s__Bacteroides eggerthii,blast,90.80,None
NODE_262_length_4295_cov_8.188443,RS_GCF_900241005.1,d__Bacteria;p__Bacteroidota;c__Bacteroidia;o__Bacteroidales;f__Bacteroidaceae;g__Bacteroides;s__Bacteroides cutis,blast,90.10,None
NODE_264_length_5274_cov_6.467331,RS_GCF_900446215.1,d__Bacteria;p__Proteobacteria;c__Gammaproteobacteria;o__Burkholderiales;f__Burkholderiaceae;g__Burkholderia;s__Burkholderia cenocepacia,blast,93.80,iPHoP-RF;84.50
NODE_264_length_5274_cov_6.467331,RS_GCF_003711145.1,d__Bacteria;p__Proteobacteria;c__Gammaproteobacteria;o__Burkholderiales;f__Burkholderiaceae;g__Burkholderia;s__Burkholderia cepacia_E,blast,92.30,iPHoP-RF;85.40
NODE_264_length_5274_cov_6.467331,RS_GCF_902459685.1,d__Bacteria;p__Proteobacteria;c__Gammaproteobacteria;o__Burkholderiales;f__Burkholderiaceae;g__Pandoraea;s__Pandoraea iniqua,blast,91.30,None
NODE_264_length_5274_cov_6.467331,RS_GCF_000011705.1,d__Bacteria;p__Proteobacteria;c__Gammaproteobacteria;o__Burkholderiales;f__Burkholderiaceae;g__Burkholderia;s__Burkholderia mallei,blast,90.90,iPHoP-RF;83.90
NODE_264_length_5274_cov_6.467331,RS_GCF_902459615.1,d__Bacteria;p__Proteobacteria;c__Gammaproteobacteria;o__Burkholderiales;f__Burkholderiaceae;g__Pandoraea;s__Pandoraea commovens,blast,90.90,None
NODE_266_length_1724_cov_2.454763,RS_GCF_000239295.1,d__Bacteria;p__Firmicutes_A;c__Clostridia;o__Oscillospirales;f__Oscillospiraceae;g__Flavonifractor;s__Flavonifractor plautii,iPHoP-RF,96.10,blast;93.90
NODE_266_length_1724_cov_2.454763,RS_GCF_000508885.1,d__Bacteria;p__Firmicutes_A;c__Clostridia;o__Oscillospirales;f__Oscillospiraceae;g__Flavonifractor;s__Flavonifractor sp000508885,iPHoP-RF,95.10,blast;93.70
NODE_266_length_1724_cov_2.454763,RS_GCF_002159265.1,d__Bacteria;p__Firmicutes_A;c__Clostridia;o__Oscillospirales;f__Oscillospiraceae;g__Flavonifractor;s__Flavonifractor sp002159265,iPHoP-RF,93.70,None
NODE_266_length_1724_cov_2.454763,RS_GCF_002159455.1,d__Bacteria;p__Firmicutes_A;c__Clostridia;o__Oscillospirales;f__Oscillospiraceae;g__Flavonifractor;s__Flavonifractor sp002159455,iPHoP-RF,90.80,None
NODE_266_length_1724_cov_2.454763,RS_GCF_002161085.1,d__Bacteria;p__Firmicutes_A;c__Clostridia;o__Oscillospirales;f__Oscillospiraceae;g__Flavonifractor;s__Flavonifractor sp002161085,iPHoP-RF,90.50,None
NODE_267_length_1101_cov_2.931166,RS_GCF_014131695.1,d__Bacteria;p__Firmicutes;c__Bacilli;o__Erysipelotrichales;f__Erysipelatoclostridiaceae;g__Erysipelatoclostridium;s__Erysipelatoclostridium ramosum,blast,93.20,iPHoP-RF;50.70
NODE_267_length_1101_cov_2.931166,RS_GCF_000154805.1,d__Bacteria;p__Firmicutes;c__Bacilli;o__Erysipelotrichales;f__Erysipelatoclostridiaceae;g__Erysipelatoclostridium;s__Erysipelatoclostridium spiroforme,blast,90.50,iPHoP-RF;69.50
NODE_267_length_4368_cov_4.549038,RS_GCF_000025985.1,d__Bacteria;p__Bacteroidota;c__Bacteroidia;o__Bacteroidales;f__Bacteroidaceae;g__Bacteroides;s__Bacteroides fragilis,iPHoP-RF,96.40,blast;95.60
NODE_267_length_4368_cov_4.549038,RS_GCF_002849695.1,d__Bacteria;p__Bacteroidota;c__Bacteroidia;o__Bacteroidales;f__Bacteroidaceae;g__Bacteroides;s__Bacteroides fragilis_A,iPHoP-RF,95.70,blast;91.60
NODE_267_length_4368_cov_4.549038,RS_GCF_900155865.1,d__Bacteria;p__Bacteroidota;c__Bacteroidia;o__Bacteroidales;f__Bacteroidaceae;g__Bacteroides;s__Bacteroides bouchesdurhonensis,iPHoP-RF,94.70,None
NODE_267_length_4368_cov_4.549038,GB_GCA_900755095.1,d__Bacteria;p__Bacteroidota;c__Bacteroidia;o__Bacteroidales;f__Bacteroidaceae;g__Bacteroides;s__Bacteroides sp900755095,iPHoP-RF,94.40,None
NODE_267_length_4368_cov_4.549038,RS_GCF_003865075.1,d__Bacteria;p__Bacteroidota;c__Bacteroidia;o__Bacteroidales;f__Bacteroidaceae;g__Bacteroides;s__Bacteroides sp003865075,iPHoP-RF,94.40,None
NODE_267_length_4368_cov_4.549038,RS_GCF_001688725.2,d__Bacteria;p__Bacteroidota;c__Bacteroidia;o__Bacteroidales;f__Bacteroidaceae;g__Bacteroides;s__Bacteroides caecimuris,iPHoP-RF,94.10,None
NODE_267_length_4368_cov_4.549038,RS_GCF_000011065.1,d__Bacteria;p__Bacteroidota;c__Bacteroidia;o__Bacteroidales;f__Bacteroidaceae;g__Bacteroides;s__Bacteroides thetaiotaomicron,iPHoP-RF,93.70,None
NODE_267_length_4368_cov_4.549038,RS_GCF_000614145.1,d__Bacteria;p__Bacteroidota;c__Bacteroidia;o__Bacteroidales;f__Bacteroidaceae;g__Bacteroides;s__Bacteroides faecichinchillae,iPHoP-RF,93.70,None
NODE_267_length_4368_cov_4.549038,RS_GCF_900106755.1,d__Bacteria;p__Bacteroidota;c__Bacteroidia;o__Bacteroidales;f__Bacteroidaceae;g__Bacteroides;s__Bacteroides faecis,iPHoP-RF,93.70,None
NODE_267_length_4368_cov_4.549038,RS_GCF_000513195.1,d__Bacteria;p__Bacteroidota;c__Bacteroidia;o__Bacteroidales;f__Bacteroidaceae;g__Bacteroides;s__Bacteroides timonensis,iPHoP-RF,92.10,None
NODE_267_length_4368_cov_4.549038,RS_GCF_902364365.1,d__Bacteria;p__Bacteroidota;c__Bacteroidia;o__Bacteroidales;f__Bacteroidaceae;g__Bacteroides;s__Bacteroides sp900556215,iPHoP-RF,92.10,None
NODE_267_length_4368_cov_4.549038,RS_GCF_000158035.1,d__Bacteria;p__Bacteroidota;c__Bacteroidia;o__Bacteroidales;f__Bacteroidaceae;g__Bacteroides;s__Bacteroides cellulosilyticus,iPHoP-RF,90.10,None
NODE_268_length_2575_cov_2.801190,RS_GCF_009600965.1,d__Bacteria;p__Firmicutes;c__Bacilli;o__Lactobacillales;f__Lactobacillaceae;g__Companilactobacillus;s__Companilactobacillus salsicarnum,iPHoP-RF,94.10,None
NODE_2697_length_1221_cov_3.032590,RS_GCF_002950215.1,d__Bacteria;p__Proteobacteria;c__Gammaproteobacteria;o__Enterobacterales;f__Enterobacteriaceae;g__Escherichia;s__Escherichia flexneri,blast,95.90,iPHoP-RF;85.10
NODE_2697_length_1221_cov_3.032590,GB_GCA_003018335.1,d__Bacteria;p__Proteobacteria;c__Gammaproteobacteria;o__Enterobacterales;f__Enterobacteriaceae;g__Escherichia;s__Escherichia coli_C,blast,94.80,iPHoP-RF;82.50
NODE_2697_length_1221_cov_3.032590,RS_GCF_000026225.1,d__Bacteria;p__Proteobacteria;c__Gammaproteobacteria;o__Enterobacterales;f__Enterobacteriaceae;g__Escherichia;s__Escherichia fergusonii,blast,94.80,iPHoP-RF;84.50
NODE_2697_length_1221_cov_3.032590,RS_GCF_000026325.1,d__Bacteria;p__Proteobacteria;c__Gammaproteobacteria;o__Enterobacterales;f__Enterobacteriaceae;g__Escherichia;s__Escherichia coli_D,blast,94.80,iPHoP-RF;82.80
NODE_2697_length_1221_cov_3.032590,RS_GCF_000208585.1,d__Bacteria;p__Proteobacteria;c__Gammaproteobacteria;o__Enterobacterales;f__Enterobacteriaceae;g__Escherichia;s__Escherichia sp000208585,blast,94.80,iPHoP-RF;81.40
NODE_2697_length_1221_cov_3.032590,RS_GCF_002900365.1,d__Bacteria;p__Proteobacteria;c__Gammaproteobacteria;o__Enterobacterales;f__Enterobacteriaceae;g__Escherichia;s__Escherichia marmotae,blast,94.80,iPHoP-RF;84.50
NODE_2697_length_1221_cov_3.032590,RS_GCF_002949675.1,d__Bacteria;p__Proteobacteria;c__Gammaproteobacteria;o__Enterobacterales;f__Enterobacteriaceae;g__Escherichia;s__Escherichia dysenteriae,blast,94.80,iPHoP-RF;87.00
NODE_2697_length_1221_cov_3.032590,RS_GCF_004211955.1,d__Bacteria;p__Proteobacteria;c__Gammaproteobacteria;o__Enterobacterales;f__Enterobacteriaceae;g__Escherichia;s__Escherichia sp004211955,blast,94.80,iPHoP-RF;83.10
NODE_2697_length_1221_cov_3.032590,RS_GCF_005843885.1,d__Bacteria;p__Proteobacteria;c__Gammaproteobacteria;o__Enterobacterales;f__Enterobacteriaceae;g__Escherichia;s__Escherichia sp005843885,blast,94.80,iPHoP-RF;84.80
NODE_2697_length_1221_cov_3.032590,RS_GCF_011881725.1,d__Bacteria;p__Proteobacteria;c__Gammaproteobacteria;o__Enterobacterales;f__Enterobacteriaceae;g__Escherichia;s__Escherichia coli_E,blast,94.80,iPHoP-RF;84.80
NODE_2697_length_1221_cov_3.032590,RS_GCF_003697165.2,d__Bacteria;p__Proteobacteria;c__Gammaproteobacteria;o__Enterobacterales;f__Enterobacteriaceae;g__Escherichia;s__Escherichia coli,blast,94.60,iPHoP-RF;84.50
NODE_2697_length_1221_cov_3.032590,RS_GCF_000759775.1,d__Bacteria;p__Proteobacteria;c__Gammaproteobacteria;o__Enterobacterales;f__Enterobacteriaceae;g__Escherichia;s__Escherichia albertii,blast,91.10,iPHoP-RF;81.60
NODE_269_length_2575_cov_2.501587,RS_GCF_003293635.1,d__Bacteria;p__Firmicutes_A;c__Clostridia;o__Oscillospirales;f__Ruminococcaceae;g__Faecalibacterium;s__Faecalibacterium prausnitzii_G,blast,97.50,iPHoP-RF;93.70
NODE_269_length_2575_cov_2.501587,GB_GCA_900758465.1,d__Bacteria;p__Firmicutes_A;c__Clostridia;o__Oscillospirales;f__Ruminococcaceae;g__Faecalibacterium;s__Faecalibacterium sp900758465,iPHoP-RF,93.40,blast;92.00
NODE_269_length_2575_cov_2.501587,RS_GCF_010509575.1,d__Bacteria;p__Firmicutes_A;c__Clostridia;o__Oscillospirales;f__Ruminococcaceae;g__Faecalibacterium;s__Faecalibacterium prausnitzii_C,blast,91.70,iPHoP-RF;58.70
NODE_269_length_2575_cov_2.501587,GB_GCA_900551435.1,d__Bacteria;p__Firmicutes_A;c__Clostridia;o__Oscillospirales;f__Ruminococcaceae;g__Faecalibacterium;s__Faecalibacterium sp900551435,blast,90.70,iPHoP-RF;70.20
NODE_26_length_11514_cov_23.622393,RS_GCF_000613385.1,d__Bacteria;p__Bacteroidota;c__Bacteroidia;o__Bacteroidales;f__Bacteroidaceae;g__Bacteroides;s__Bacteroides acidifaciens,iPHoP-RF,95.40,None
NODE_26_length_11514_cov_23.622393,RS_GCF_902362375.1,d__Bacteria;p__Bacteroidota;c__Bacteroidia;o__Bacteroidales;f__Bacteroidaceae;g__Bacteroides;s__Bacteroides sp902362375,iPHoP-RF,95.10,None
NODE_26_length_11514_cov_23.622393,RS_GCF_001688725.2,d__Bacteria;p__Bacteroidota;c__Bacteroidia;o__Bacteroidales;f__Bacteroidaceae;g__Bacteroides;s__Bacteroides caecimuris,iPHoP-RF,94.70,blast;74.90
NODE_26_length_11514_cov_23.622393,RS_GCF_009193325.2,d__Bacteria;p__Bacteroidota;c__Bacteroidia;o__Bacteroidales;f__Bacteroidaceae;g__Bacteroides;s__Bacteroides sp900066265,iPHoP-RF,94.40,blast;73.20
NODE_26_length_11514_cov_23.622393,RS_GCF_000156195.1,d__Bacteria;p__Bacteroidota;c__Bacteroidia;o__Bacteroidales;f__Bacteroidaceae;g__Bacteroides;s__Bacteroides finegoldii,iPHoP-RF,94.10,blast;75.30
NODE_26_length_11514_cov_23.622393,RS_GCF_012113595.1,d__Bacteria;p__Bacteroidota;c__Bacteroidia;o__Bacteroidales;f__Bacteroidaceae;g__Bacteroides;s__Bacteroides sp012113595,iPHoP-RF,94.10,None
NODE_26_length_11514_cov_23.622393,GB_GCA_900755095.1,d__Bacteria;p__Bacteroidota;c__Bacteroidia;o__Bacteroidales;f__Bacteroidaceae;g__Bacteroides;s__Bacteroides sp900755095,iPHoP-RF,93.70,None
NODE_26_length_11514_cov_23.622393,RS_GCF_001314995.1,d__Bacteria;p__Bacteroidota;c__Bacteroidia;o__Bacteroidales;f__Bacteroidaceae;g__Bacteroides;s__Bacteroides ovatus,iPHoP-RF,93.70,blast;76.70
NODE_26_length_11514_cov_23.622393,RS_GCF_903181435.1,d__Bacteria;p__Bacteroidota;c__Bacteroidia;o__Bacteroidales;f__Bacteroidaceae;g__Bacteroides;s__Bacteroides acidifaciens_A,iPHoP-RF,93.70,blast;73.90
NODE_26_length_11514_cov_23.622393,RS_GCF_002222615.2,d__Bacteria;p__Bacteroidota;c__Bacteroidia;o__Bacteroidales;f__Bacteroidaceae;g__Bacteroides;s__Bacteroides caccae,iPHoP-RF,92.80,blast;74.30
NODE_26_length_11514_cov_23.622393,GB_GCA_900554435.1,d__Bacteria;p__Bacteroidota;c__Bacteroidia;o__Bacteroidales;f__Bacteroidaceae;g__Phocaeicola;s__Phocaeicola sp900554435,iPHoP-RF,92.10,None
NODE_26_length_11514_cov_23.622393,RS_GCF_000012825.1,d__Bacteria;p__Bacteroidota;c__Bacteroidia;o__Bacteroidales;f__Bacteroidaceae;g__Phocaeicola;s__Phocaeicola vulgatus,iPHoP-RF,92.10,blast;79.50
NODE_26_length_11514_cov_23.622393,RS_GCF_900130125.1,d__Bacteria;p__Bacteroidota;c__Bacteroidia;o__Bacteroidales;f__Bacteroidaceae;g__Bacteroides;s__Bacteroides congonensis,iPHoP-RF,91.80,blast;75.80
NODE_26_length_11514_cov_23.622393,GB_GCA_900552405.1,d__Bacteria;p__Bacteroidota;c__Bacteroidia;o__Bacteroidales;f__Bacteroidaceae;g__Bacteroides;s__Bacteroides sp900552405,iPHoP-RF,91.10,None
NODE_26_length_11514_cov_23.622393,GB_GCA_900761785.1,d__Bacteria;p__Bacteroidota;c__Bacteroidia;o__Bacteroidales;f__Bacteroidaceae;g__Bacteroides;s__Bacteroides sp900761785,iPHoP-RF,91.10,None
NODE_26_length_11514_cov_23.622393,RS_GCF_000513195.1,d__Bacteria;p__Bacteroidota;c__Bacteroidia;o__Bacteroidales;f__Bacteroidaceae;g__Bacteroides;s__Bacteroides timonensis,iPHoP-RF,91.10,blast;66.90
NODE_26_length_11514_cov_23.622393,RS_GCF_003865075.1,d__Bacteria;p__Bacteroidota;c__Bacteroidia;o__Bacteroidales;f__Bacteroidaceae;g__Bacteroides;s__Bacteroides sp003865075,iPHoP-RF,91.10,blast;77.80
NODE_26_length_11514_cov_23.622393,RS_GCF_900106755.1,d__Bacteria;p__Bacteroidota;c__Bacteroidia;o__Bacteroidales;f__Bacteroidaceae;g__Bacteroides;s__Bacteroides faecis,iPHoP-RF,91.10,blast;77.30
NODE_26_length_11514_cov_23.622393,GB_GCA_000210075.1,d__Bacteria;p__Bacteroidota;c__Bacteroidia;o__Bacteroidales;f__Bacteroidaceae;g__Bacteroides;s__Bacteroides xylanisolvens,iPHoP-RF,90.80,blast;74.00
NODE_26_length_11514_cov_23.622393,RS_GCF_011959205.1,d__Bacteria;p__Bacteroidota;c__Bacteroidia;o__Bacteroidales;f__Bacteroidaceae;g__Phocaeicola;s__Phocaeicola sp011959205,iPHoP-RF,90.80,None
NODE_26_length_11514_cov_23.622393,RS_GCF_000614185.1,d__Bacteria;p__Bacteroidota;c__Bacteroidia;o__Bacteroidales;f__Bacteroidaceae;g__Phocaeicola;s__Phocaeicola sartorii,iPHoP-RF,90.50,blast;77.20
NODE_26_length_11514_cov_23.622393,RS_GCF_000381365.1,d__Bacteria;p__Bacteroidota;c__Bacteroidia;o__Bacteroidales;f__Bacteroidaceae;g__Bacteroides;s__Bacteroides salyersiae,iPHoP-RF,90.10,blast;71.30
NODE_26_length_15928_cov_7.950104,RS_GCF_001435955.1,d__Bacteria;p__Firmicutes;c__Bacilli;o__Lactobacillales;f__Lactobacillaceae;g__Ligilactobacillus;s__Ligilactobacillus salivarius,blast,98.80,iPHoP-RF;69.50
NODE_26_length_40087_cov_66.732839,RS_GCF_001544095.1,d__Bacteria;p__Firmicutes;c__Bacilli;o__Lactobacillales;f__Enterococcaceae;g__Enterococcus_D;s__Enterococcus_D casseliflavus,blast,98.30,iPHoP-RF;92.80 CRISPR;71.70
NODE_26_length_40087_cov_66.732839,RS_GCF_002850555.1,d__Bacteria;p__Firmicutes;c__Bacilli;o__Lactobacillales;f__Enterococcaceae;g__Enterococcus_D;s__Enterococcus_D sp002850555,blast,96.50,iPHoP-RF;91.40
NODE_26_length_40087_cov_66.732839,RS_GCF_001297065.1,d__Bacteria;p__Firmicutes;c__Bacilli;o__Lactobacillales;f__Enterococcaceae;g__Enterococcus_D;s__Enterococcus_D sp001297065,blast,91.50,iPHoP-RF;89.50
NODE_26_length_40087_cov_66.732839,RS_GCF_001544275.1,d__Bacteria;p__Firmicutes;c__Bacilli;o__Lactobacillales;f__Enterococcaceae;g__Enterococcus_D;s__Enterococcus_D gallinarum,blast,90.80,iPHoP-RF;75.40
NODE_272_length_2532_cov_5.148567,RS_GCF_000196555.1,d__Bacteria;p__Actinobacteriota;c__Actinomycetia;o__Actinomycetales;f__Bifidobacteriaceae;g__Bifidobacterium;s__Bifidobacterium longum,iPHoP-RF,92.80,blast;91.00 CRISPR;64.60
NODE_272_length_2532_cov_5.148567,RS_GCF_001025215.1,d__Bacteria;p__Actinobacteriota;c__Actinomycetia;o__Actinomycetales;f__Bifidobacteriaceae;g__Bifidobacterium;s__Bifidobacterium pseudocatenulatum,blast,91.50,iPHoP-RF;84.80
NODE_273_length_3857_cov_5.688059,RS_GCF_014131695.1,d__Bacteria;p__Firmicutes;c__Bacilli;o__Erysipelotrichales;f__Erysipelatoclostridiaceae;g__Erysipelatoclostridium;s__Erysipelatoclostridium ramosum,blast,96.50,iPHoP-RF;87.60
NODE_273_length_3857_cov_5.688059,RS_GCF_000508865.1,d__Bacteria;p__Firmicutes;c__Bacilli;o__Erysipelotrichales;f__Erysipelatoclostridiaceae;g__Erysipelatoclostridium;s__Erysipelatoclostridium sp000508865,blast,90.90,iPHoP-RF;73.00
NODE_273_length_3857_cov_5.688059,RS_GCF_900102365.1,d__Bacteria;p__Firmicutes;c__Bacilli;o__Erysipelotrichales;f__Erysipelatoclostridiaceae;g__Erysipelatoclostridium;s__Erysipelatoclostridium cocleatum,blast,90.90,iPHoP-RF;56.50
NODE_273_length_3857_cov_5.688059,RS_GCF_000686665.1,d__Bacteria;p__Firmicutes;c__Bacilli;o__Erysipelotrichales;f__Erysipelatoclostridiaceae;g__Erysipelatoclostridium;s__Erysipelatoclostridium saccharogumia,blast,90.50,iPHoP-RF;59.00
NODE_273_length_5592_cov_9.036662,GB_GCA_900557355.1,d__Bacteria;p__Bacteroidota;c__Bacteroidia;o__Bacteroidales;f__Bacteroidaceae;g__Bacteroides;s__Bacteroides sp900557355,iPHoP-RF,95.40,blast;89.50
NODE_273_length_5592_cov_9.036662,RS_GCF_000613385.1,d__Bacteria;p__Bacteroidota;c__Bacteroidia;o__Bacteroidales;f__Bacteroidaceae;g__Bacteroides;s__Bacteroides acidifaciens,iPHoP-RF,95.40,None
NODE_273_length_5592_cov_9.036662,GB_GCA_900556625.1,d__Bacteria;p__Bacteroidota;c__Bacteroidia;o__Bacteroidales;f__Bacteroidaceae;g__Bacteroides;s__Bacteroides sp900556625,iPHoP-RF,95.10,None
NODE_273_length_5592_cov_9.036662,RS_GCF_000156195.1,d__Bacteria;p__Bacteroidota;c__Bacteroidia;o__Bacteroidales;f__Bacteroidaceae;g__Bacteroides;s__Bacteroides finegoldii,iPHoP-RF,95.10,None
NODE_273_length_5592_cov_9.036662,RS_GCF_903181435.1,d__Bacteria;p__Bacteroidota;c__Bacteroidia;o__Bacteroidales;f__Bacteroidaceae;g__Bacteroides;s__Bacteroides acidifaciens_A,iPHoP-RF,95.10,None
NODE_273_length_5592_cov_9.036662,RS_GCF_002222615.2,d__Bacteria;p__Bacteroidota;c__Bacteroidia;o__Bacteroidales;f__Bacteroidaceae;g__Bacteroides;s__Bacteroides caccae,iPHoP-RF,94.70,blast;91.00
NODE_273_length_5592_cov_9.036662,RS_GCF_003464595.1,d__Bacteria;p__Bacteroidota;c__Bacteroidia;o__Bacteroidales;f__Bacteroidaceae;g__Bacteroides;s__Bacteroides intestinalis_A,iPHoP-RF,94.70,None
NODE_273_length_5592_cov_9.036662,GB_GCA_000210075.1,d__Bacteria;p__Bacteroidota;c__Bacteroidia;o__Bacteroidales;f__Bacteroidaceae;g__Bacteroides;s__Bacteroides xylanisolvens,iPHoP-RF,94.40,None
NODE_273_length_5592_cov_9.036662,GB_GCA_900552405.1,d__Bacteria;p__Bacteroidota;c__Bacteroidia;o__Bacteroidales;f__Bacteroidaceae;g__Bacteroides;s__Bacteroides sp900552405,iPHoP-RF,94.40,blast;89.90
NODE_273_length_5592_cov_9.036662,RS_GCF_000513195.1,d__Bacteria;p__Bacteroidota;c__Bacteroidia;o__Bacteroidales;f__Bacteroidaceae;g__Bacteroides;s__Bacteroides timonensis,iPHoP-RF,94.40,None
NODE_273_length_5592_cov_9.036662,RS_GCF_902364365.1,d__Bacteria;p__Bacteroidota;c__Bacteroidia;o__Bacteroidales;f__Bacteroidaceae;g__Bacteroides;s__Bacteroides sp900556215,iPHoP-RF,94.40,None
NODE_273_length_5592_cov_9.036662,RS_GCF_000614165.1,d__Bacteria;p__Bacteroidota;c__Bacteroidia;o__Bacteroidales;f__Bacteroidaceae;g__Bacteroides;s__Bacteroides stercorirosoris,iPHoP-RF,93.70,None
NODE_273_length_5592_cov_9.036662,RS_GCF_009193295.2,d__Bacteria;p__Bacteroidota;c__Bacteroidia;o__Bacteroidales;f__Bacteroidaceae;g__Bacteroides;s__Bacteroides sp007097645,iPHoP-RF,93.70,None
NODE_273_length_5592_cov_9.036662,RS_GCF_900130125.1,d__Bacteria;p__Bacteroidota;c__Bacteroidia;o__Bacteroidales;f__Bacteroidaceae;g__Bacteroides;s__Bacteroides congonensis,iPHoP-RF,93.70,None
NODE_273_length_5592_cov_9.036662,RS_GCF_000315485.1,d__Bacteria;p__Bacteroidota;c__Bacteroidia;o__Bacteroidales;f__Bacteroidaceae;g__Bacteroides;s__Bacteroides oleiciplenus,iPHoP-RF,93.40,None
NODE_273_length_5592_cov_9.036662,RS_GCF_000154205.1,d__Bacteria;p__Bacteroidota;c__Bacteroidia;o__Bacteroidales;f__Bacteroidaceae;g__Bacteroides;s__Bacteroides uniformis,blast,93.10,iPHoP-RF;90.80
NODE_273_length_5592_cov_9.036662,RS_GCF_000158035.1,d__Bacteria;p__Bacteroidota;c__Bacteroidia;o__Bacteroidales;f__Bacteroidaceae;g__Bacteroides;s__Bacteroides cellulosilyticus,iPHoP-RF,92.40,blast;91.00
NODE_273_length_5592_cov_9.036662,3300029706_6,d__Bacteria;p__Bacteroidota;c__Bacteroidia;o__Bacteroidales;f__Bacteroidaceae;g__Bacteroides;s__,iPHoP-RF,92.10,blast;90.00
NODE_273_length_5592_cov_9.036662,RS_GCF_000172175.1,d__Bacteria;p__Bacteroidota;c__Bacteroidia;o__Bacteroidales;f__Bacteroidaceae;g__Bacteroides;s__Bacteroides intestinalis,iPHoP-RF,92.10,None
NODE_273_length_5592_cov_9.036662,RS_GCF_009193325.2,d__Bacteria;p__Bacteroidota;c__Bacteroidia;o__Bacteroidales;f__Bacteroidaceae;g__Bacteroides;s__Bacteroides sp900066265,iPHoP-RF,91.80,None
NODE_273_length_5592_cov_9.036662,RS_GCF_000025985.1,d__Bacteria;p__Bacteroidota;c__Bacteroidia;o__Bacteroidales;f__Bacteroidaceae;g__Bacteroides;s__Bacteroides fragilis,blast,91.50,iPHoP-RF;83.10
NODE_273_length_5592_cov_9.036662,RS_GCF_000012825.1,d__Bacteria;p__Bacteroidota;c__Bacteroidia;o__Bacteroidales;f__Bacteroidaceae;g__Phocaeicola;s__Phocaeicola vulgatus,blast,91.00,iPHoP-RF;51.50
NODE_273_length_5592_cov_9.036662,RS_GCF_001314995.1,d__Bacteria;p__Bacteroidota;c__Bacteroidia;o__Bacteroidales;f__Bacteroidaceae;g__Bacteroides;s__Bacteroides ovatus,blast,90.90,iPHoP-RF;85.70
NODE_273_length_5592_cov_9.036662,RS_GCF_902362375.1,d__Bacteria;p__Bacteroidota;c__Bacteroidia;o__Bacteroidales;f__Bacteroidaceae;g__Bacteroides;s__Bacteroides sp902362375,blast,90.90,iPHoP-RF;76.80
NODE_273_length_5592_cov_9.036662,RS_GCF_900106755.1,d__Bacteria;p__Bacteroidota;c__Bacteroidia;o__Bacteroidales;f__Bacteroidaceae;g__Bacteroides;s__Bacteroides faecis,blast,90.80,iPHoP-RF;72.60
NODE_273_length_5592_cov_9.036662,RS_GCF_003865075.1,d__Bacteria;p__Bacteroidota;c__Bacteroidia;o__Bacteroidales;f__Bacteroidaceae;g__Bacteroides;s__Bacteroides sp003865075,blast,90.50,iPHoP-RF;75.20
NODE_273_length_5592_cov_9.036662,RS_GCF_000011065.1,d__Bacteria;p__Bacteroidota;c__Bacteroidia;o__Bacteroidales;f__Bacteroidaceae;g__Bacteroides;s__Bacteroides thetaiotaomicron,blast,90.00,iPHoP-RF;89.80
NODE_275_length_3206_cov_5.058077,RS_GCF_000025985.1,d__Bacteria;p__Bacteroidota;c__Bacteroidia;o__Bacteroidales;f__Bacteroidaceae;g__Bacteroides;s__Bacteroides fragilis,blast,93.10,iPHoP-RF;66.00
NODE_278_length_4850_cov_6.859437,RS_GCF_000025985.1,d__Bacteria;p__Bacteroidota;c__Bacteroidia;o__Bacteroidales;f__Bacteroidaceae;g__Bacteroides;s__Bacteroides fragilis,blast,93.10,iPHoP-RF;63.50
NODE_278_length_4850_cov_6.859437,RS_GCF_002849695.1,d__Bacteria;p__Bacteroidota;c__Bacteroidia;o__Bacteroidales;f__Bacteroidaceae;g__Bacteroides;s__Bacteroides fragilis_A,blast,91.40,iPHoP-RF;50.90
NODE_2801_length_1020_cov_1.739896,RS_GCF_000026325.1,d__Bacteria;p__Proteobacteria;c__Gammaproteobacteria;o__Enterobacterales;f__Enterobacteriaceae;g__Escherichia;s__Escherichia coli_D,blast,95.80,iPHoP-RF;84.20
NODE_2801_length_1020_cov_1.739896,GB_GCA_003018335.1,d__Bacteria;p__Proteobacteria;c__Gammaproteobacteria;o__Enterobacterales;f__Enterobacteriaceae;g__Escherichia;s__Escherichia coli_C,blast,95.60,iPHoP-RF;85.10
NODE_2801_length_1020_cov_1.739896,RS_GCF_002900365.1,d__Bacteria;p__Proteobacteria;c__Gammaproteobacteria;o__Enterobacterales;f__Enterobacteriaceae;g__Escherichia;s__Escherichia marmotae,blast,95.60,iPHoP-RF;83.60
NODE_2801_length_1020_cov_1.739896,RS_GCF_002949675.1,d__Bacteria;p__Proteobacteria;c__Gammaproteobacteria;o__Enterobacterales;f__Enterobacteriaceae;g__Escherichia;s__Escherichia dysenteriae,blast,95.60,iPHoP-RF;82.80
NODE_2801_length_1020_cov_1.739896,RS_GCF_002950215.1,d__Bacteria;p__Proteobacteria;c__Gammaproteobacteria;o__Enterobacterales;f__Enterobacteriaceae;g__Escherichia;s__Escherichia flexneri,blast,95.60,iPHoP-RF;84.50
NODE_2801_length_1020_cov_1.739896,RS_GCF_003697165.2,d__Bacteria;p__Proteobacteria;c__Gammaproteobacteria;o__Enterobacterales;f__Enterobacteriaceae;g__Escherichia;s__Escherichia coli,blast,95.50,iPHoP-RF;85.10
NODE_2801_length_1020_cov_1.739896,RS_GCF_000759775.1,d__Bacteria;p__Proteobacteria;c__Gammaproteobacteria;o__Enterobacterales;f__Enterobacteriaceae;g__Escherichia;s__Escherichia albertii,blast,94.10,iPHoP-RF;78.00
NODE_280_length_3458_cov_4.442551,RS_GCF_003324185.1,d__Bacteria;p__Firmicutes_A;c__Clostridia;o__Oscillospirales;f__Ruminococcaceae;g__Faecalibacterium;s__Faecalibacterium prausnitzii,blast,93.80,iPHoP-RF;92.80
NODE_280_length_3458_cov_4.442551,RS_GCF_003287405.1,d__Bacteria;p__Firmicutes_A;c__Clostridia;o__Oscillospirales;f__Ruminococcaceae;g__Faecalibacterium;s__Faecalibacterium prausnitzii_J,iPHoP-RF,93.70,blast;93.70
NODE_280_length_3458_cov_4.442551,RS_GCF_002549755.1,d__Bacteria;p__Firmicutes_A;c__Clostridia;o__Oscillospirales;f__Ruminococcaceae;g__Faecalibacterium;s__Faecalibacterium prausnitzii_D,blast,93.20,iPHoP-RF;88.90
NODE_280_length_3458_cov_4.442551,GB_GCA_900539885.1,d__Bacteria;p__Firmicutes_A;c__Clostridia;o__Oscillospirales;f__Ruminococcaceae;g__Faecalibacterium;s__Faecalibacterium sp900539885,iPHoP-RF,92.80,blast;90.30
NODE_280_length_3458_cov_4.442551,GB_GCA_900772565.1,d__Bacteria;p__Firmicutes_A;c__Clostridia;o__Oscillospirales;f__Ruminococcaceae;g__Faecalibacterium;s__Faecalibacterium sp900772565,iPHoP-RF,92.10,None
NODE_280_length_3458_cov_4.442551,RS_GCF_002550015.1,d__Bacteria;p__Firmicutes_A;c__Clostridia;o__Oscillospirales;f__Ruminococcaceae;g__Faecalibacterium;s__Faecalibacterium prausnitzii_A,iPHoP-RF,92.10,None
NODE_280_length_3458_cov_4.442551,GB_GCA_003449675.1,d__Bacteria;p__Firmicutes_A;c__Clostridia;o__Oscillospirales;f__Ruminococcaceae;g__Faecalibacterium;s__Faecalibacterium sp003449675,iPHoP-RF,91.80,None
NODE_280_length_3458_cov_4.442551,GB_GCA_900765705.1,d__Bacteria;p__Firmicutes_A;c__Clostridia;o__Oscillospirales;f__Ruminococcaceae;g__Faecalibacterium;s__Faecalibacterium sp900765705,iPHoP-RF,91.80,None
NODE_280_length_3458_cov_4.442551,RS_GCF_002549775.1,d__Bacteria;p__Firmicutes_A;c__Clostridia;o__Oscillospirales;f__Ruminococcaceae;g__Faecalibacterium;s__Faecalibacterium prausnitzii_F,iPHoP-RF,91.80,CRISPR;59.80
NODE_280_length_3458_cov_4.442551,GB_GCA_002313795.1,d__Bacteria;p__Firmicutes_A;c__Clostridia;o__Oscillospirales;f__Ruminococcaceae;g__Faecalibacterium;s__Faecalibacterium prausnitzii_L,blast,90.70,iPHoP-RF;78.70
NODE_280_length_3458_cov_4.442551,3300013901_6,d__Bacteria;p__Firmicutes_A;c__Clostridia;o__Oscillospirales;f__Ruminococcaceae;g__Faecalibacterium;s__,iPHoP-RF,90.50,None
NODE_283_length_3430_cov_4.482074,GB_GCA_003449675.1,d__Bacteria;p__Firmicutes_A;c__Clostridia;o__Oscillospirales;f__Ruminococcaceae;g__Faecalibacterium;s__Faecalibacterium sp003449675,iPHoP-RF,95.70,None
NODE_283_length_3430_cov_4.482074,RS_GCF_003324185.1,d__Bacteria;p__Firmicutes_A;c__Clostridia;o__Oscillospirales;f__Ruminococcaceae;g__Faecalibacterium;s__Faecalibacterium prausnitzii,iPHoP-RF,95.70,blast;92.90
NODE_283_length_3430_cov_4.482074,GB_GCA_900765705.1,d__Bacteria;p__Firmicutes_A;c__Clostridia;o__Oscillospirales;f__Ruminococcaceae;g__Faecalibacterium;s__Faecalibacterium sp900765705,iPHoP-RF,95.40,None
NODE_283_length_3430_cov_4.482074,GB_GCA_900772565.1,d__Bacteria;p__Firmicutes_A;c__Clostridia;o__Oscillospirales;f__Ruminococcaceae;g__Faecalibacterium;s__Faecalibacterium sp900772565,iPHoP-RF,95.10,None
NODE_283_length_3430_cov_4.482074,RS_GCF_002550015.1,d__Bacteria;p__Firmicutes_A;c__Clostridia;o__Oscillospirales;f__Ruminococcaceae;g__Faecalibacterium;s__Faecalibacterium prausnitzii_A,iPHoP-RF,94.10,None
NODE_283_length_3430_cov_4.482074,RS_GCF_003293635.1,d__Bacteria;p__Firmicutes_A;c__Clostridia;o__Oscillospirales;f__Ruminococcaceae;g__Faecalibacterium;s__Faecalibacterium prausnitzii_G,iPHoP-RF,93.70,blast;91.20 CRISPR;76.10
NODE_283_length_3430_cov_4.482074,RS_GCF_002549755.1,d__Bacteria;p__Firmicutes_A;c__Clostridia;o__Oscillospirales;f__Ruminococcaceae;g__Faecalibacterium;s__Faecalibacterium prausnitzii_D,blast,93.60,iPHoP-RF;92.10
NODE_283_length_3430_cov_4.482074,RS_GCF_003287405.1,d__Bacteria;p__Firmicutes_A;c__Clostridia;o__Oscillospirales;f__Ruminococcaceae;g__Faecalibacterium;s__Faecalibacterium prausnitzii_J,iPHoP-RF,93.40,blast;92.80
NODE_283_length_3430_cov_4.482074,GB_GCA_900539885.1,d__Bacteria;p__Firmicutes_A;c__Clostridia;o__Oscillospirales;f__Ruminococcaceae;g__Faecalibacterium;s__Faecalibacterium sp900539885,iPHoP-RF,92.10,blast;90.20
NODE_283_length_3430_cov_4.482074,RS_GCF_002549775.1,d__Bacteria;p__Firmicutes_A;c__Clostridia;o__Oscillospirales;f__Ruminococcaceae;g__Faecalibacterium;s__Faecalibacterium prausnitzii_F,iPHoP-RF,90.80,None
NODE_283_length_3430_cov_4.482074,3300014956_14,d__Bacteria;p__Firmicutes_A;c__Clostridia;o__Oscillospirales;f__Ruminococcaceae;g__Faecalibacterium;s__,blast,90.30,iPHoP-RF;89.80
NODE_283_length_3430_cov_4.482074,GB_GCA_002313795.1,d__Bacteria;p__Firmicutes_A;c__Clostridia;o__Oscillospirales;f__Ruminococcaceae;g__Faecalibacterium;s__Faecalibacterium prausnitzii_L,blast,90.10,iPHoP-RF;89.20
NODE_283_length_3430_cov_4.482074,GB_GCA_004558805.1,d__Bacteria;p__Firmicutes_A;c__Clostridia;o__Oscillospirales;f__Ruminococcaceae;g__Faecalibacterium;s__Faecalibacterium prausnitzii_M,blast,90.00,iPHoP-RF;83.30
NODE_285_length_3418_cov_5.205471,RS_GCF_902810435.1,d__Bacteria;p__Firmicutes_C;c__Negativicutes;o__Veillonellales;f__Veillonellaceae;g__Veillonella;s__Veillonella parvula_A,blast,92.50,CRISPR;72.40
NODE_285_length_3418_cov_5.205471,3300008638_6,d__Bacteria;p__Bacteroidota;c__Bacteroidia;o__Flavobacteriales;f__Flavobacteriaceae;g__Capnocytophaga;s__,blast,90.90,None
NODE_288_length_3116_cov_3.932048,RS_GCF_000614125.1,d__Bacteria;p__Bacteroidota;c__Bacteroidia;o__Bacteroidales;f__Bacteroidaceae;g__Bacteroides;s__Bacteroides rodentium,iPHoP-RF,96.40,None
NODE_288_length_3116_cov_3.932048,RS_GCF_000154205.1,d__Bacteria;p__Bacteroidota;c__Bacteroidia;o__Bacteroidales;f__Bacteroidaceae;g__Bacteroides;s__Bacteroides uniformis,iPHoP-RF,95.70,blast;91.70
NODE_288_length_3116_cov_3.932048,RS_GCF_002222615.2,d__Bacteria;p__Bacteroidota;c__Bacteroidia;o__Bacteroidales;f__Bacteroidaceae;g__Bacteroides;s__Bacteroides caccae,iPHoP-RF,95.70,blast;90.50
NODE_288_length_3116_cov_3.932048,3300029706_6,d__Bacteria;p__Bacteroidota;c__Bacteroidia;o__Bacteroidales;f__Bacteroidaceae;g__Bacteroides;s__,iPHoP-RF,95.40,blast;91.70
NODE_288_length_3116_cov_3.932048,RS_GCF_000011065.1,d__Bacteria;p__Bacteroidota;c__Bacteroidia;o__Bacteroidales;f__Bacteroidaceae;g__Bacteroides;s__Bacteroides thetaiotaomicron,iPHoP-RF,95.10,blast;93.80
NODE_288_length_3116_cov_3.932048,RS_GCF_004793475.1,d__Bacteria;p__Bacteroidota;c__Bacteroidia;o__Bacteroidales;f__Bacteroidaceae;g__Bacteroides;s__Bacteroides sp002491635,iPHoP-RF,94.70,None
NODE_288_length_3116_cov_3.932048,3300029678_6,d__Bacteria;p__Bacteroidota;c__Bacteroidia;o__Bacteroidales;f__Bacteroidaceae;g__Bacteroides;s__,iPHoP-RF,92.80,blast;90.40
NODE_288_length_3116_cov_3.932048,RS_GCF_000374505.1,d__Bacteria;p__Bacteroidota;c__Bacteroidia;o__Bacteroidales;f__Rikenellaceae;g__Alistipes;s__Alistipes onderdonkii,blast,91.00,None
NODE_288_length_3117_cov_4.919334,RS_GCF_000154205.1,d__Bacteria;p__Bacteroidota;c__Bacteroidia;o__Bacteroidales;f__Bacteroidaceae;g__Bacteroides;s__Bacteroides uniformis,iPHoP-RF,94.40,blast;93.80
NODE_288_length_3117_cov_4.919334,RS_GCF_000614125.1,d__Bacteria;p__Bacteroidota;c__Bacteroidia;o__Bacteroidales;f__Bacteroidaceae;g__Bacteroides;s__Bacteroides rodentium,iPHoP-RF,92.80,None
NODE_288_length_3117_cov_4.919334,RS_GCF_000012825.1,d__Bacteria;p__Bacteroidota;c__Bacteroidia;o__Bacteroidales;f__Bacteroidaceae;g__Phocaeicola;s__Phocaeicola vulgatus,blast,91.70,iPHoP-RF;78.50
NODE_288_length_3117_cov_4.919334,RS_GCF_013009555.1,d__Bacteria;p__Bacteroidota;c__Bacteroidia;o__Bacteroidales;f__Bacteroidaceae;g__Phocaeicola;s__Phocaeicola dorei,blast,91.40,None
NODE_288_length_9630_cov_6.355091,RS_GCF_002950215.1,d__Bacteria;p__Proteobacteria;c__Gammaproteobacteria;o__Enterobacterales;f__Enterobacteriaceae;g__Escherichia;s__Escherichia flexneri,blast,96.80,iPHoP-RF;92.40
NODE_288_length_9630_cov_6.355091,RS_GCF_003697165.2,d__Bacteria;p__Proteobacteria;c__Gammaproteobacteria;o__Enterobacterales;f__Enterobacteriaceae;g__Escherichia;s__Escherichia coli,blast,96.80,iPHoP-RF;92.10
NODE_288_length_9630_cov_6.355091,GB_GCA_003018335.1,d__Bacteria;p__Proteobacteria;c__Gammaproteobacteria;o__Enterobacterales;f__Enterobacteriaceae;g__Escherichia;s__Escherichia coli_C,blast,96.70,iPHoP-RF;92.10
NODE_288_length_9630_cov_6.355091,RS_GCF_000026225.1,d__Bacteria;p__Proteobacteria;c__Gammaproteobacteria;o__Enterobacterales;f__Enterobacteriaceae;g__Escherichia;s__Escherichia fergusonii,blast,96.70,iPHoP-RF;91.40
NODE_288_length_9630_cov_6.355091,RS_GCF_000026325.1,d__Bacteria;p__Proteobacteria;c__Gammaproteobacteria;o__Enterobacterales;f__Enterobacteriaceae;g__Escherichia;s__Escherichia coli_D,blast,96.70,iPHoP-RF;91.40
NODE_288_length_9630_cov_6.355091,RS_GCF_000208585.1,d__Bacteria;p__Proteobacteria;c__Gammaproteobacteria;o__Enterobacterales;f__Enterobacteriaceae;g__Escherichia;s__Escherichia sp000208585,blast,96.70,iPHoP-RF;91.40
NODE_288_length_9630_cov_6.355091,RS_GCF_002900365.1,d__Bacteria;p__Proteobacteria;c__Gammaproteobacteria;o__Enterobacterales;f__Enterobacteriaceae;g__Escherichia;s__Escherichia marmotae,blast,96.70,iPHoP-RF;93.40
NODE_288_length_9630_cov_6.355091,RS_GCF_002949675.1,d__Bacteria;p__Proteobacteria;c__Gammaproteobacteria;o__Enterobacterales;f__Enterobacteriaceae;g__Escherichia;s__Escherichia dysenteriae,blast,96.70,iPHoP-RF;91.40
NODE_288_length_9630_cov_6.355091,RS_GCF_004211955.1,d__Bacteria;p__Proteobacteria;c__Gammaproteobacteria;o__Enterobacterales;f__Enterobacteriaceae;g__Escherichia;s__Escherichia sp004211955,blast,96.70,iPHoP-RF;92.40
NODE_288_length_9630_cov_6.355091,RS_GCF_005843885.1,d__Bacteria;p__Proteobacteria;c__Gammaproteobacteria;o__Enterobacterales;f__Enterobacteriaceae;g__Escherichia;s__Escherichia sp005843885,blast,96.70,iPHoP-RF;92.40
NODE_288_length_9630_cov_6.355091,RS_GCF_011881725.1,d__Bacteria;p__Proteobacteria;c__Gammaproteobacteria;o__Enterobacterales;f__Enterobacteriaceae;g__Escherichia;s__Escherichia coli_E,blast,96.70,iPHoP-RF;92.40
NODE_288_length_9630_cov_6.355091,RS_GCF_000759775.1,d__Bacteria;p__Proteobacteria;c__Gammaproteobacteria;o__Enterobacterales;f__Enterobacteriaceae;g__Escherichia;s__Escherichia albertii,blast,95.10,iPHoP-RF;88.90
NODE_28_length_7505_cov_5.018658,RS_GCF_001544255.1,d__Bacteria;p__Firmicutes;c__Bacilli;o__Lactobacillales;f__Enterococcaceae;g__Enterococcus_B;s__Enterococcus_B faecium,blast,98.80,iPHoP-RF;67.70
NODE_28_length_7505_cov_5.018658,RS_GCF_009735405.1,d__Bacteria;p__Firmicutes;c__Bacilli;o__Lactobacillales;f__Enterococcaceae;g__Enterococcus_B;s__Enterococcus_B lactis,blast,95.90,iPHoP-RF;67.00
NODE_28_length_7505_cov_5.018658,RS_GCF_001544215.1,d__Bacteria;p__Firmicutes;c__Bacilli;o__Lactobacillales;f__Enterococcaceae;g__Enterococcus_B;s__Enterococcus_B durans,blast,92.00,None
NODE_28_length_7505_cov_5.018658,RS_GCF_002140175.1,d__Bacteria;p__Firmicutes;c__Bacilli;o__Lactobacillales;f__Enterococcaceae;g__Enterococcus_B;s__Enterococcus_B sp002140175,blast,91.00,None
NODE_290_length_9204_cov_6.434583,RS_GCF_008121495.1,d__Bacteria;p__Firmicutes_A;c__Clostridia;o__Lachnospirales;f__Lachnospiraceae;g__Ruminococcus_B;s__Ruminococcus_B gnavus,blast,94.90,None
NODE_2910_length_1203_cov_5.388502,RS_GCF_900446215.1,d__Bacteria;p__Proteobacteria;c__Gammaproteobacteria;o__Burkholderiales;f__Burkholderiaceae;g__Burkholderia;s__Burkholderia cenocepacia,blast,92.90,iPHoP-RF;78.70
NODE_2910_length_1203_cov_5.388502,RS_GCF_003711145.1,d__Bacteria;p__Proteobacteria;c__Gammaproteobacteria;o__Burkholderiales;f__Burkholderiaceae;g__Burkholderia;s__Burkholderia cepacia_E,blast,91.70,iPHoP-RF;76.60
NODE_2910_length_1203_cov_5.388502,RS_GCF_000011705.1,d__Bacteria;p__Proteobacteria;c__Gammaproteobacteria;o__Burkholderiales;f__Burkholderiaceae;g__Burkholderia;s__Burkholderia mallei,blast,90.70,iPHoP-RF;68.40
NODE_292_length_9196_cov_7.239689,RS_GCF_008121495.1,d__Bacteria;p__Firmicutes_A;c__Clostridia;o__Lachnospirales;f__Lachnospiraceae;g__Ruminococcus_B;s__Ruminococcus_B gnavus,blast,96.10,iPHoP-RF;79.80
NODE_294_length_3290_cov_8.711901,RS_GCF_900102625.1,d__Bacteria;p__Proteobacteria;c__Gammaproteobacteria;o__Burkholderiales;f__Burkholderiaceae;g__Acidovorax_A;s__Acidovorax_A valerianellae,iPHoP-RF,91.10,None
NODE_295_length_4110_cov_2.962269,RS_GCF_001544255.1,d__Bacteria;p__Firmicutes;c__Bacilli;o__Lactobacillales;f__Enterococcaceae;g__Enterococcus_B;s__Enterococcus_B faecium,blast,96.30,iPHoP-RF;92.80
NODE_295_length_4110_cov_2.962269,RS_GCF_009735405.1,d__Bacteria;p__Firmicutes;c__Bacilli;o__Lactobacillales;f__Enterococcaceae;g__Enterococcus_B;s__Enterococcus_B lactis,blast,94.50,iPHoP-RF;93.10
NODE_295_length_4110_cov_2.962269,RS_GCF_001742285.1,d__Bacteria;p__Firmicutes;c__Bacilli;o__Lactobacillales;f__Enterococcaceae;g__Enterococcus;s__Enterococcus rivorum,iPHoP-RF,90.80,None
NODE_295_length_4110_cov_2.962269,RS_GCF_001544215.1,d__Bacteria;p__Firmicutes;c__Bacilli;o__Lactobacillales;f__Enterococcaceae;g__Enterococcus_B;s__Enterococcus_B durans,blast,90.30,iPHoP-RF;68.20
NODE_295_length_4110_cov_2.962269,RS_GCF_000271405.2,d__Bacteria;p__Firmicutes;c__Bacilli;o__Lactobacillales;f__Enterococcaceae;g__Enterococcus_B;s__Enterococcus_B hirae,blast,90.00,iPHoP-RF;72.40
NODE_296_length_5686_cov_7.089682,RS_GCF_002950215.1,d__Bacteria;p__Proteobacteria;c__Gammaproteobacteria;o__Enterobacterales;f__Enterobacteriaceae;g__Escherichia;s__Escherichia flexneri,blast,96.70,iPHoP-RF;75.20
NODE_296_length_5686_cov_7.089682,RS_GCF_000026325.1,d__Bacteria;p__Proteobacteria;c__Gammaproteobacteria;o__Enterobacterales;f__Enterobacteriaceae;g__Escherichia;s__Escherichia coli_D,blast,96.60,iPHoP-RF;75.90
NODE_296_length_5686_cov_7.089682,RS_GCF_003697165.2,d__Bacteria;p__Proteobacteria;c__Gammaproteobacteria;o__Enterobacterales;f__Enterobacteriaceae;g__Escherichia;s__Escherichia coli,blast,96.60,iPHoP-RF;78.30
NODE_296_length_5686_cov_7.089682,RS_GCF_002949675.1,d__Bacteria;p__Proteobacteria;c__Gammaproteobacteria;o__Enterobacterales;f__Enterobacteriaceae;g__Escherichia;s__Escherichia dysenteriae,blast,96.50,iPHoP-RF;78.70
NODE_296_length_5686_cov_7.089682,RS_GCF_000026225.1,d__Bacteria;p__Proteobacteria;c__Gammaproteobacteria;o__Enterobacterales;f__Enterobacteriaceae;g__Escherichia;s__Escherichia fergusonii,blast,96.40,iPHoP-RF;70.90
NODE_296_length_5686_cov_7.089682,RS_GCF_002900365.1,d__Bacteria;p__Proteobacteria;c__Gammaproteobacteria;o__Enterobacterales;f__Enterobacteriaceae;g__Escherichia;s__Escherichia marmotae,blast,96.40,iPHoP-RF;74.10
NODE_296_length_5686_cov_7.089682,RS_GCF_000208585.1,d__Bacteria;p__Proteobacteria;c__Gammaproteobacteria;o__Enterobacterales;f__Enterobacteriaceae;g__Escherichia;s__Escherichia sp000208585,blast,96.30,iPHoP-RF;73.90
NODE_2_length_58021_cov_6082.993255,RS_GCF_001025215.1,d__Bacteria;p__Actinobacteriota;c__Actinomycetia;o__Actinomycetales;f__Bifidobacteriaceae;g__Bifidobacterium;s__Bifidobacterium pseudocatenulatum,blast,91.90,iPHoP-RF;87.30
NODE_2_length_65832_cov_23.005367,RS_GCF_000157935.1,d__Bacteria;p__Bacteroidota;c__Bacteroidia;o__Bacteroidales;f__Bacteroidaceae;g__Prevotella;s__Prevotella copri,CRISPR,98.30,iPHoP-RF;93.40 blast;92.20
NODE_2_length_65832_cov_23.005367,GB_GCA_900544825.1,d__Bacteria;p__Bacteroidota;c__Bacteroidia;o__Bacteroidales;f__Bacteroidaceae;g__Prevotella;s__Prevotella sp900544825,CRISPR,97.90,iPHoP-RF;80.00
NODE_2_length_65832_cov_23.005367,RS_GCF_002224675.1,d__Bacteria;p__Bacteroidota;c__Bacteroidia;o__Bacteroidales;f__Bacteroidaceae;g__Prevotella;s__Prevotella copri_A,CRISPR,97.70,iPHoP-RF;84.20
NODE_2_length_65832_cov_23.005367,GB_GCA_900555035.1,d__Bacteria;p__Bacteroidota;c__Bacteroidia;o__Bacteroidales;f__Bacteroidaceae;g__Prevotella;s__Prevotella sp900555035,iPHoP-RF,94.70,blast;91.80
NODE_2_length_65832_cov_23.005367,RS_GCF_902167755.1,d__Bacteria;p__Bacteroidota;c__Bacteroidia;o__Bacteroidales;f__Bacteroidaceae;g__Prevotella;s__Prevotella sp900557255,iPHoP-RF,93.70,blast;91.80
NODE_2_length_65832_cov_23.005367,GB_GCA_002297965.1,d__Bacteria;p__Bacteroidota;c__Bacteroidia;o__Bacteroidales;f__Bacteroidaceae;g__Prevotella;s__Prevotella sp002297965,iPHoP-RF,93.10,None
NODE_2_length_65832_cov_23.005367,GB_GCA_900551275.1,d__Bacteria;p__Bacteroidota;c__Bacteroidia;o__Bacteroidales;f__Bacteroidaceae;g__Prevotella;s__Prevotella sp900551275,blast,91.80,iPHoP-RF;88.50
NODE_2_length_65832_cov_23.005367,GB_GCA_002440225.1,d__Bacteria;p__Bacteroidota;c__Bacteroidia;o__Bacteroidales;f__Bacteroidaceae;g__Prevotella;s__Prevotella sp002440225,iPHoP-RF,91.40,blast;57.90
NODE_2_length_65832_cov_23.005367,GB_GCA_900765465.1,d__Bacteria;p__Bacteroidota;c__Bacteroidia;o__Bacteroidales;f__Bacteroidaceae;g__Prevotella;s__Prevotella sp900765465,iPHoP-RF,91.40,None
NODE_2_length_65832_cov_23.005367,GB_GCA_900767615.1,d__Bacteria;p__Bacteroidota;c__Bacteroidia;o__Bacteroidales;f__Bacteroidaceae;g__Prevotella;s__Prevotella sp900767615,iPHoP-RF,90.10,None
NODE_300_length_9459_cov_5.827201,RS_GCF_003697165.2,d__Bacteria;p__Proteobacteria;c__Gammaproteobacteria;o__Enterobacterales;f__Enterobacteriaceae;g__Escherichia;s__Escherichia coli,iPHoP-RF,96.40,blast;93.70
NODE_300_length_9459_cov_5.827201,RS_GCF_001660175.1,d__Bacteria;p__Proteobacteria;c__Gammaproteobacteria;o__Enterobacterales;f__Enterobacteriaceae;g__Escherichia;s__Escherichia sp001660175,iPHoP-RF,96.10,None
NODE_300_length_9459_cov_5.827201,RS_GCF_002900365.1,d__Bacteria;p__Proteobacteria;c__Gammaproteobacteria;o__Enterobacterales;f__Enterobacteriaceae;g__Escherichia;s__Escherichia marmotae,iPHoP-RF,96.10,None
NODE_300_length_9459_cov_5.827201,RS_GCF_002950215.1,d__Bacteria;p__Proteobacteria;c__Gammaproteobacteria;o__Enterobacterales;f__Enterobacteriaceae;g__Escherichia;s__Escherichia flexneri,iPHoP-RF,96.10,blast;93.50
NODE_300_length_9459_cov_5.827201,RS_GCF_000026325.1,d__Bacteria;p__Proteobacteria;c__Gammaproteobacteria;o__Enterobacterales;f__Enterobacteriaceae;g__Escherichia;s__Escherichia coli_D,iPHoP-RF,95.70,blast;93.70
NODE_300_length_9459_cov_5.827201,RS_GCF_002949675.1,d__Bacteria;p__Proteobacteria;c__Gammaproteobacteria;o__Enterobacterales;f__Enterobacteriaceae;g__Escherichia;s__Escherichia dysenteriae,iPHoP-RF,95.70,blast;93.70
NODE_300_length_9459_cov_5.827201,RS_GCF_004211955.1,d__Bacteria;p__Proteobacteria;c__Gammaproteobacteria;o__Enterobacterales;f__Enterobacteriaceae;g__Escherichia;s__Escherichia sp004211955,iPHoP-RF,95.70,None
NODE_300_length_9459_cov_5.827201,RS_GCF_000208585.1,d__Bacteria;p__Proteobacteria;c__Gammaproteobacteria;o__Enterobacterales;f__Enterobacteriaceae;g__Escherichia;s__Escherichia sp000208585,iPHoP-RF,95.40,None
NODE_300_length_9459_cov_5.827201,RS_GCF_005843885.1,d__Bacteria;p__Proteobacteria;c__Gammaproteobacteria;o__Enterobacterales;f__Enterobacteriaceae;g__Escherichia;s__Escherichia sp005843885,iPHoP-RF,94.70,None
NODE_300_length_9459_cov_5.827201,RS_GCF_002965065.1,d__Bacteria;p__Proteobacteria;c__Gammaproteobacteria;o__Enterobacterales;f__Enterobacteriaceae;g__Escherichia;s__Escherichia sp002965065,blast,94.50,iPHoP-RF;93.40
NODE_300_length_9459_cov_5.827201,GB_GCA_003018335.1,d__Bacteria;p__Proteobacteria;c__Gammaproteobacteria;o__Enterobacterales;f__Enterobacteriaceae;g__Escherichia;s__Escherichia coli_C,iPHoP-RF,94.40,None
NODE_300_length_9459_cov_5.827201,RS_GCF_011881725.1,d__Bacteria;p__Proteobacteria;c__Gammaproteobacteria;o__Enterobacterales;f__Enterobacteriaceae;g__Escherichia;s__Escherichia coli_E,iPHoP-RF,94.40,blast;93.70
NODE_300_length_9459_cov_5.827201,RS_GCF_000759775.1,d__Bacteria;p__Proteobacteria;c__Gammaproteobacteria;o__Enterobacterales;f__Enterobacteriaceae;g__Escherichia;s__Escherichia albertii,iPHoP-RF,93.70,None
NODE_300_length_9459_cov_5.827201,RS_GCF_000026225.1,d__Bacteria;p__Proteobacteria;c__Gammaproteobacteria;o__Enterobacterales;f__Enterobacteriaceae;g__Escherichia;s__Escherichia fergusonii,iPHoP-RF,93.40,None
NODE_302_length_9348_cov_5.759927,GB_GCA_003018335.1,d__Bacteria;p__Proteobacteria;c__Gammaproteobacteria;o__Enterobacterales;f__Enterobacteriaceae;g__Escherichia;s__Escherichia coli_C,iPHoP-RF,97.10,None
NODE_302_length_9348_cov_5.759927,RS_GCF_000026325.1,d__Bacteria;p__Proteobacteria;c__Gammaproteobacteria;o__Enterobacterales;f__Enterobacteriaceae;g__Escherichia;s__Escherichia coli_D,iPHoP-RF,97.10,blast;93.50
NODE_302_length_9348_cov_5.759927,RS_GCF_000208585.1,d__Bacteria;p__Proteobacteria;c__Gammaproteobacteria;o__Enterobacterales;f__Enterobacteriaceae;g__Escherichia;s__Escherichia sp000208585,iPHoP-RF,97.10,CRISPR;71.60
NODE_302_length_9348_cov_5.759927,RS_GCF_002900365.1,d__Bacteria;p__Proteobacteria;c__Gammaproteobacteria;o__Enterobacterales;f__Enterobacteriaceae;g__Escherichia;s__Escherichia marmotae,iPHoP-RF,97.10,None
NODE_302_length_9348_cov_5.759927,RS_GCF_002949675.1,d__Bacteria;p__Proteobacteria;c__Gammaproteobacteria;o__Enterobacterales;f__Enterobacteriaceae;g__Escherichia;s__Escherichia dysenteriae,iPHoP-RF,97.10,None
NODE_302_length_9348_cov_5.759927,RS_GCF_002950215.1,d__Bacteria;p__Proteobacteria;c__Gammaproteobacteria;o__Enterobacterales;f__Enterobacteriaceae;g__Escherichia;s__Escherichia flexneri,iPHoP-RF,97.10,blast;95.00
NODE_302_length_9348_cov_5.759927,RS_GCF_002965065.1,d__Bacteria;p__Proteobacteria;c__Gammaproteobacteria;o__Enterobacterales;f__Enterobacteriaceae;g__Escherichia;s__Escherichia sp002965065,iPHoP-RF,97.10,blast;93.50
NODE_302_length_9348_cov_5.759927,RS_GCF_003697165.2,d__Bacteria;p__Proteobacteria;c__Gammaproteobacteria;o__Enterobacterales;f__Enterobacteriaceae;g__Escherichia;s__Escherichia coli,iPHoP-RF,97.10,blast;93.10
NODE_302_length_9348_cov_5.759927,RS_GCF_004211955.1,d__Bacteria;p__Proteobacteria;c__Gammaproteobacteria;o__Enterobacterales;f__Enterobacteriaceae;g__Escherichia;s__Escherichia sp004211955,iPHoP-RF,97.10,None
NODE_302_length_9348_cov_5.759927,RS_GCF_005843885.1,d__Bacteria;p__Proteobacteria;c__Gammaproteobacteria;o__Enterobacterales;f__Enterobacteriaceae;g__Escherichia;s__Escherichia sp005843885,iPHoP-RF,97.10,None
NODE_302_length_9348_cov_5.759927,RS_GCF_011881725.1,d__Bacteria;p__Proteobacteria;c__Gammaproteobacteria;o__Enterobacterales;f__Enterobacteriaceae;g__Escherichia;s__Escherichia coli_E,iPHoP-RF,97.10,blast;93.00
NODE_302_length_9348_cov_5.759927,RS_GCF_001660175.1,d__Bacteria;p__Proteobacteria;c__Gammaproteobacteria;o__Enterobacterales;f__Enterobacteriaceae;g__Escherichia;s__Escherichia sp001660175,iPHoP-RF,96.70,None
NODE_302_length_9348_cov_5.759927,RS_GCF_000026225.1,d__Bacteria;p__Proteobacteria;c__Gammaproteobacteria;o__Enterobacterales;f__Enterobacteriaceae;g__Escherichia;s__Escherichia fergusonii,iPHoP-RF,96.10,None
NODE_302_length_9348_cov_5.759927,RS_GCF_000759775.1,d__Bacteria;p__Proteobacteria;c__Gammaproteobacteria;o__Enterobacterales;f__Enterobacteriaceae;g__Escherichia;s__Escherichia albertii,iPHoP-RF,96.10,None
NODE_305_length_3981_cov_5.865003,RS_GCF_000154525.1,d__Bacteria;p__Bacteroidota;c__Bacteroidia;o__Bacteroidales;f__Bacteroidaceae;g__Bacteroides;s__Bacteroides stercoris,blast,93.30,iPHoP-RF;76.10
NODE_305_length_3981_cov_5.865003,RS_GCF_000613465.1,d__Bacteria;p__Bacteroidota;c__Bacteroidia;o__Bacteroidales;f__Bacteroidaceae;g__Bacteroides;s__Bacteroides nordii,blast,92.00,iPHoP-RF;68.40
NODE_308_length_1717_cov_4.409747,RS_GCF_001077535.1,d__Bacteria;p__Firmicutes_A;c__Clostridia;o__Peptostreptococcales;f__Peptostreptococcaceae;g__Clostridioides;s__Clostridioides difficile,blast,96.30,iPHoP-RF;90.80
NODE_308_length_1717_cov_4.409747,RS_GCF_900243075.1,d__Bacteria;p__Firmicutes_A;c__Clostridia;o__Peptostreptococcales;f__Peptostreptococcaceae;g__Clostridioides;s__Clostridioides difficile_D,blast,93.60,iPHoP-RF;85.40
NODE_308_length_1717_cov_4.409747,RS_GCF_000449425.2,d__Bacteria;p__Firmicutes_A;c__Clostridia;o__Peptostreptococcales;f__Peptostreptococcaceae;g__Clostridioides;s__Clostridioides difficile_E,blast,92.40,iPHoP-RF;88.90
NODE_308_length_1717_cov_4.409747,RS_GCF_001299635.1,d__Bacteria;p__Firmicutes_A;c__Clostridia;o__Peptostreptococcales;f__Peptostreptococcaceae;g__Clostridioides;s__Clostridioides difficile_A,blast,92.10,iPHoP-RF;91.40
NODE_30_length_14618_cov_18.076770,RS_GCF_003942765.1,d__Bacteria;p__Firmicutes;c__Bacilli;o__Lactobacillales;f__Streptococcaceae;g__Streptococcus;s__Streptococcus mitis_BE,CRISPR,98.90,iPHoP-RF;82.20
NODE_30_length_14618_cov_18.076770,RS_GCF_000146585.1,d__Bacteria;p__Firmicutes;c__Bacilli;o__Lactobacillales;f__Streptococcaceae;g__Streptococcus;s__Streptococcus mitis_AZ,CRISPR,98.80,iPHoP-RF;83.90
NODE_30_length_14618_cov_18.076770,RS_GCF_013394695.1,d__Bacteria;p__Firmicutes;c__Bacilli;o__Lactobacillales;f__Streptococcaceae;g__Streptococcus;s__Streptococcus sp013394695,CRISPR,98.80,iPHoP-RF;82.50
NODE_30_length_14618_cov_18.076770,RS_GCF_900637025.1,d__Bacteria;p__Firmicutes;c__Bacilli;o__Lactobacillales;f__Streptococcaceae;g__Streptococcus;s__Streptococcus oralis,CRISPR,98.80,iPHoP-RF;87.60
NODE_30_length_14618_cov_18.076770,RS_GCF_000287715.1,d__Bacteria;p__Firmicutes;c__Bacilli;o__Lactobacillales;f__Streptococcaceae;g__Streptococcus;s__Streptococcus oralis_Y,CRISPR,98.70,iPHoP-RF;86.70
NODE_30_length_14618_cov_18.076770,RS_GCF_000423745.1,d__Bacteria;p__Firmicutes;c__Bacilli;o__Lactobacillales;f__Streptococcaceae;g__Streptococcus;s__Streptococcus plurextorum,CRISPR,97.60,iPHoP-RF;60.10
NODE_30_length_14618_cov_18.076770,RS_GCF_004785935.1,d__Bacteria;p__Firmicutes;c__Bacilli;o__Lactobacillales;f__Streptococcaceae;g__Streptococcus;s__Streptococcus rubneri,CRISPR,96.40,iPHoP-RF;85.40
NODE_30_length_34336_cov_218.813629,RS_GCF_002950215.1,d__Bacteria;p__Proteobacteria;c__Gammaproteobacteria;o__Enterobacterales;f__Enterobacteriaceae;g__Escherichia;s__Escherichia flexneri,blast,96.50,iPHoP-RF;90.10
NODE_30_length_34336_cov_218.813629,RS_GCF_003697165.2,d__Bacteria;p__Proteobacteria;c__Gammaproteobacteria;o__Enterobacterales;f__Enterobacteriaceae;g__Escherichia;s__Escherichia coli,blast,96.50,iPHoP-RF;91.40
NODE_30_length_34336_cov_218.813629,RS_GCF_002900365.1,d__Bacteria;p__Proteobacteria;c__Gammaproteobacteria;o__Enterobacterales;f__Enterobacteriaceae;g__Escherichia;s__Escherichia marmotae,blast,96.20,iPHoP-RF;89.20
NODE_30_length_34336_cov_218.813629,RS_GCF_002949675.1,d__Bacteria;p__Proteobacteria;c__Gammaproteobacteria;o__Enterobacterales;f__Enterobacteriaceae;g__Escherichia;s__Escherichia dysenteriae,blast,96.20,iPHoP-RF;89.80
NODE_30_length_34336_cov_218.813629,RS_GCF_002965065.1,d__Bacteria;p__Proteobacteria;c__Gammaproteobacteria;o__Enterobacterales;f__Enterobacteriaceae;g__Escherichia;s__Escherichia sp002965065,blast,96.20,iPHoP-RF;88.90
NODE_30_length_34336_cov_218.813629,RS_GCF_000026325.1,d__Bacteria;p__Proteobacteria;c__Gammaproteobacteria;o__Enterobacterales;f__Enterobacteriaceae;g__Escherichia;s__Escherichia coli_D,blast,96.10,iPHoP-RF;92.10
NODE_30_length_34336_cov_218.813629,RS_GCF_001660175.1,d__Bacteria;p__Proteobacteria;c__Gammaproteobacteria;o__Enterobacterales;f__Enterobacteriaceae;g__Escherichia;s__Escherichia sp001660175,blast,96.00,iPHoP-RF;88.20
NODE_30_length_34336_cov_218.813629,GB_GCA_003018335.1,d__Bacteria;p__Proteobacteria;c__Gammaproteobacteria;o__Enterobacterales;f__Enterobacteriaceae;g__Escherichia;s__Escherichia coli_C,iPHoP-RF,92.40,None
NODE_30_length_34336_cov_218.813629,RS_GCF_000208585.1,d__Bacteria;p__Proteobacteria;c__Gammaproteobacteria;o__Enterobacterales;f__Enterobacteriaceae;g__Escherichia;s__Escherichia sp000208585,iPHoP-RF,91.80,None
NODE_30_length_34336_cov_218.813629,RS_GCF_000982825.1,d__Bacteria;p__Proteobacteria;c__Gammaproteobacteria;o__Enterobacterales;f__Enterobacteriaceae;g__Cronobacter;s__Cronobacter sakazakii,blast,90.90,iPHoP-RF;60.10
NODE_30_length_34336_cov_218.813629,RS_GCF_011881725.1,d__Bacteria;p__Proteobacteria;c__Gammaproteobacteria;o__Enterobacterales;f__Enterobacteriaceae;g__Escherichia;s__Escherichia coli_E,iPHoP-RF,90.50,None
NODE_311_length_5522_cov_4.831352,RS_GCF_000026325.1,d__Bacteria;p__Proteobacteria;c__Gammaproteobacteria;o__Enterobacterales;f__Enterobacteriaceae;g__Escherichia;s__Escherichia coli_D,blast,96.70,iPHoP-RF;75.90
NODE_311_length_5522_cov_4.831352,RS_GCF_003697165.2,d__Bacteria;p__Proteobacteria;c__Gammaproteobacteria;o__Enterobacterales;f__Enterobacteriaceae;g__Escherichia;s__Escherichia coli,blast,96.60,iPHoP-RF;76.60
NODE_311_length_5522_cov_4.831352,RS_GCF_002950215.1,d__Bacteria;p__Proteobacteria;c__Gammaproteobacteria;o__Enterobacterales;f__Enterobacteriaceae;g__Escherichia;s__Escherichia flexneri,blast,96.40,iPHoP-RF;84.50
NODE_311_length_5522_cov_4.831352,RS_GCF_002949675.1,d__Bacteria;p__Proteobacteria;c__Gammaproteobacteria;o__Enterobacterales;f__Enterobacteriaceae;g__Escherichia;s__Escherichia dysenteriae,blast,96.20,iPHoP-RF;88.20
NODE_311_length_5522_cov_4.831352,GB_GCA_003018335.1,d__Bacteria;p__Proteobacteria;c__Gammaproteobacteria;o__Enterobacterales;f__Enterobacteriaceae;g__Escherichia;s__Escherichia coli_C,blast,96.10,iPHoP-RF;89.80
NODE_311_length_5522_cov_4.831352,RS_GCF_000208585.1,d__Bacteria;p__Proteobacteria;c__Gammaproteobacteria;o__Enterobacterales;f__Enterobacteriaceae;g__Escherichia;s__Escherichia sp000208585,blast,96.00,iPHoP-RF;87.60
NODE_311_length_5522_cov_4.831352,RS_GCF_000026225.1,d__Bacteria;p__Proteobacteria;c__Gammaproteobacteria;o__Enterobacterales;f__Enterobacteriaceae;g__Escherichia;s__Escherichia fergusonii,blast,95.80,iPHoP-RF;74.80
NODE_311_length_5522_cov_4.831352,RS_GCF_002900365.1,d__Bacteria;p__Proteobacteria;c__Gammaproteobacteria;o__Enterobacterales;f__Enterobacteriaceae;g__Escherichia;s__Escherichia marmotae,blast,95.60,iPHoP-RF;79.50
NODE_311_length_5522_cov_4.831352,RS_GCF_000759775.1,d__Bacteria;p__Proteobacteria;c__Gammaproteobacteria;o__Enterobacterales;f__Enterobacteriaceae;g__Escherichia;s__Escherichia albertii,blast,93.10,iPHoP-RF;59.00
NODE_311_length_5522_cov_4.831352,RS_GCF_004211955.1,d__Bacteria;p__Proteobacteria;c__Gammaproteobacteria;o__Enterobacterales;f__Enterobacteriaceae;g__Escherichia;s__Escherichia sp004211955,iPHoP-RF,91.40,None
NODE_3156_length_1065_cov_1.976238,RS_GCF_000026325.1,d__Bacteria;p__Proteobacteria;c__Gammaproteobacteria;o__Enterobacterales;f__Enterobacteriaceae;g__Escherichia;s__Escherichia coli_D,blast,95.60,iPHoP-RF;74.30
NODE_3156_length_1065_cov_1.976238,GB_GCA_003018335.1,d__Bacteria;p__Proteobacteria;c__Gammaproteobacteria;o__Enterobacterales;f__Enterobacteriaceae;g__Escherichia;s__Escherichia coli_C,blast,95.40,iPHoP-RF;75.70
NODE_3156_length_1065_cov_1.976238,RS_GCF_000026225.1,d__Bacteria;p__Proteobacteria;c__Gammaproteobacteria;o__Enterobacterales;f__Enterobacteriaceae;g__Escherichia;s__Escherichia fergusonii,blast,95.40,iPHoP-RF;68.40
NODE_3156_length_1065_cov_1.976238,RS_GCF_002900365.1,d__Bacteria;p__Proteobacteria;c__Gammaproteobacteria;o__Enterobacterales;f__Enterobacteriaceae;g__Escherichia;s__Escherichia marmotae,blast,95.40,iPHoP-RF;74.10
NODE_3156_length_1065_cov_1.976238,RS_GCF_002949675.1,d__Bacteria;p__Proteobacteria;c__Gammaproteobacteria;o__Enterobacterales;f__Enterobacteriaceae;g__Escherichia;s__Escherichia dysenteriae,blast,95.40,iPHoP-RF;70.90
NODE_3156_length_1065_cov_1.976238,RS_GCF_002950215.1,d__Bacteria;p__Proteobacteria;c__Gammaproteobacteria;o__Enterobacterales;f__Enterobacteriaceae;g__Escherichia;s__Escherichia flexneri,blast,94.90,iPHoP-RF;72.40
NODE_3156_length_1065_cov_1.976238,RS_GCF_003697165.2,d__Bacteria;p__Proteobacteria;c__Gammaproteobacteria;o__Enterobacterales;f__Enterobacteriaceae;g__Escherichia;s__Escherichia coli,blast,93.80,iPHoP-RF;72.40
NODE_3156_length_1065_cov_1.976238,RS_GCF_000759775.1,d__Bacteria;p__Proteobacteria;c__Gammaproteobacteria;o__Enterobacterales;f__Enterobacteriaceae;g__Escherichia;s__Escherichia albertii,blast,92.30,iPHoP-RF;66.30
NODE_3156_length_1065_cov_1.976238,RS_GCF_000006945.2,d__Bacteria;p__Proteobacteria;c__Gammaproteobacteria;o__Enterobacterales;f__Enterobacteriaceae;g__Salmonella;s__Salmonella enterica,blast,90.40,None
NODE_316_length_3101_cov_5.078135,RS_GCF_000368825.1,d__Bacteria;p__Proteobacteria;c__Gammaproteobacteria;o__Pseudomonadales;f__Moraxellaceae;g__Acinetobacter;s__Acinetobacter ursingii,blast,93.80,None
NODE_316_length_3101_cov_5.078135,RS_GCF_000368765.1,d__Bacteria;p__Proteobacteria;c__Gammaproteobacteria;o__Pseudomonadales;f__Moraxellaceae;g__Acinetobacter;s__Acinetobacter junii,blast,92.10,CRISPR;67.80
NODE_317_length_1617_cov_3.032650,RS_GCF_002950215.1,d__Bacteria;p__Proteobacteria;c__Gammaproteobacteria;o__Enterobacterales;f__Enterobacteriaceae;g__Escherichia;s__Escherichia flexneri,blast,96.30,iPHoP-RF;84.20
NODE_317_length_1617_cov_3.032650,RS_GCF_000026325.1,d__Bacteria;p__Proteobacteria;c__Gammaproteobacteria;o__Enterobacterales;f__Enterobacteriaceae;g__Escherichia;s__Escherichia coli_D,blast,96.20,iPHoP-RF;85.10
NODE_317_length_1617_cov_3.032650,RS_GCF_003697165.2,d__Bacteria;p__Proteobacteria;c__Gammaproteobacteria;o__Enterobacterales;f__Enterobacteriaceae;g__Escherichia;s__Escherichia coli,blast,96.20,iPHoP-RF;86.30
NODE_317_length_1617_cov_3.032650,RS_GCF_004211955.1,d__Bacteria;p__Proteobacteria;c__Gammaproteobacteria;o__Enterobacterales;f__Enterobacteriaceae;g__Escherichia;s__Escherichia sp004211955,blast,96.20,iPHoP-RF;86.30
NODE_317_length_1617_cov_3.032650,RS_GCF_011881725.1,d__Bacteria;p__Proteobacteria;c__Gammaproteobacteria;o__Enterobacterales;f__Enterobacteriaceae;g__Escherichia;s__Escherichia coli_E,blast,96.20,iPHoP-RF;86.30
NODE_317_length_1617_cov_3.032650,RS_GCF_000026225.1,d__Bacteria;p__Proteobacteria;c__Gammaproteobacteria;o__Enterobacterales;f__Enterobacteriaceae;g__Escherichia;s__Escherichia fergusonii,blast,96.10,iPHoP-RF;93.40
NODE_317_length_1617_cov_3.032650,RS_GCF_001660175.1,d__Bacteria;p__Proteobacteria;c__Gammaproteobacteria;o__Enterobacterales;f__Enterobacteriaceae;g__Escherichia;s__Escherichia sp001660175,blast,96.00,iPHoP-RF;89.80
NODE_317_length_1617_cov_3.032650,RS_GCF_002900365.1,d__Bacteria;p__Proteobacteria;c__Gammaproteobacteria;o__Enterobacterales;f__Enterobacteriaceae;g__Escherichia;s__Escherichia marmotae,blast,96.00,iPHoP-RF;84.20
NODE_317_length_1617_cov_3.032650,RS_GCF_000006945.2,d__Bacteria;p__Proteobacteria;c__Gammaproteobacteria;o__Enterobacterales;f__Enterobacteriaceae;g__Salmonella;s__Salmonella enterica,blast,90.80,None
NODE_317_length_5453_cov_5.264172,RS_GCF_000026325.1,d__Bacteria;p__Proteobacteria;c__Gammaproteobacteria;o__Enterobacterales;f__Enterobacteriaceae;g__Escherichia;s__Escherichia coli_D,blast,92.60,iPHoP-RF;87.90
NODE_317_length_5453_cov_5.264172,RS_GCF_002950215.1,d__Bacteria;p__Proteobacteria;c__Gammaproteobacteria;o__Enterobacterales;f__Enterobacteriaceae;g__Escherichia;s__Escherichia flexneri,blast,92.60,iPHoP-RF;88.90
NODE_317_length_5453_cov_5.264172,RS_GCF_011881725.1,d__Bacteria;p__Proteobacteria;c__Gammaproteobacteria;o__Enterobacterales;f__Enterobacteriaceae;g__Escherichia;s__Escherichia coli_E,blast,92.60,iPHoP-RF;87.90
NODE_317_length_5453_cov_5.264172,RS_GCF_001660175.1,d__Bacteria;p__Proteobacteria;c__Gammaproteobacteria;o__Enterobacterales;f__Enterobacteriaceae;g__Escherichia;s__Escherichia sp001660175,iPHoP-RF,91.10,None
NODE_317_length_5453_cov_5.264172,RS_GCF_002900365.1,d__Bacteria;p__Proteobacteria;c__Gammaproteobacteria;o__Enterobacterales;f__Enterobacteriaceae;g__Escherichia;s__Escherichia marmotae,iPHoP-RF,91.10,None
NODE_317_length_5453_cov_5.264172,RS_GCF_003697165.2,d__Bacteria;p__Proteobacteria;c__Gammaproteobacteria;o__Enterobacterales;f__Enterobacteriaceae;g__Escherichia;s__Escherichia coli,iPHoP-RF,90.10,None
NODE_317_length_5453_cov_5.264172,RS_GCF_004211955.1,d__Bacteria;p__Proteobacteria;c__Gammaproteobacteria;o__Enterobacterales;f__Enterobacteriaceae;g__Escherichia;s__Escherichia sp004211955,iPHoP-RF,90.10,None
NODE_318_length_3072_cov_3.768976,RS_GCF_002959775.1,d__Bacteria;p__Firmicutes_C;c__Negativicutes;o__Veillonellales;f__Veillonellaceae;g__Veillonella;s__Veillonella rogosae,blast,94.80,None
NODE_318_length_3072_cov_3.768976,GB_GCA_900766125.1,d__Bacteria;p__Firmicutes_C;c__Negativicutes;o__Veillonellales;f__Veillonellaceae;g__Veillonella;s__Veillonella sp900766125,blast,92.80,None
NODE_318_length_3072_cov_3.768976,RS_GCF_900637515.1,d__Bacteria;p__Firmicutes_C;c__Negativicutes;o__Veillonellales;f__Veillonellaceae;g__Veillonella;s__Veillonella dispar,blast,92.70,None
NODE_318_length_3072_cov_3.768976,RS_GCF_902810435.1,d__Bacteria;p__Firmicutes_C;c__Negativicutes;o__Veillonellales;f__Veillonellaceae;g__Veillonella;s__Veillonella parvula_A,blast,91.20,None
NODE_318_length_3072_cov_3.768976,RS_GCF_013393365.1,d__Bacteria;p__Firmicutes_C;c__Negativicutes;o__Veillonellales;f__Veillonellaceae;g__Veillonella;s__Veillonella dispar_A,blast,90.40,None
NODE_319_length_3064_cov_3.890994,RS_GCF_003293635.1,d__Bacteria;p__Firmicutes_A;c__Clostridia;o__Oscillospirales;f__Ruminococcaceae;g__Faecalibacterium;s__Faecalibacterium prausnitzii_G,blast,94.80,iPHoP-RF;66.80
NODE_319_length_3064_cov_3.890994,RS_GCF_010509575.1,d__Bacteria;p__Firmicutes_A;c__Clostridia;o__Oscillospirales;f__Ruminococcaceae;g__Faecalibacterium;s__Faecalibacterium prausnitzii_C,blast,94.60,None
NODE_319_length_3064_cov_3.890994,GB_GCA_900758465.1,d__Bacteria;p__Firmicutes_A;c__Clostridia;o__Oscillospirales;f__Ruminococcaceae;g__Faecalibacterium;s__Faecalibacterium sp900758465,blast,93.70,iPHoP-RF;67.50
NODE_320_length_4841_cov_5.499164,RS_GCF_001077535.1,d__Bacteria;p__Firmicutes_A;c__Clostridia;o__Peptostreptococcales;f__Peptostreptococcaceae;g__Clostridioides;s__Clostridioides difficile,blast,94.00,iPHoP-RF;68.00
NODE_320_length_4841_cov_5.499164,RS_GCF_000449425.2,d__Bacteria;p__Firmicutes_A;c__Clostridia;o__Peptostreptococcales;f__Peptostreptococcaceae;g__Clostridioides;s__Clostridioides difficile_E,blast,93.80,None
NODE_320_length_4841_cov_5.499164,RS_GCF_001299635.1,d__Bacteria;p__Firmicutes_A;c__Clostridia;o__Peptostreptococcales;f__Peptostreptococcaceae;g__Clostridioides;s__Clostridioides difficile_A,blast,93.80,None
NODE_320_length_4841_cov_5.499164,RS_GCF_900243075.1,d__Bacteria;p__Firmicutes_A;c__Clostridia;o__Peptostreptococcales;f__Peptostreptococcaceae;g__Clostridioides;s__Clostridioides difficile_D,blast,93.80,iPHoP-RF;69.50
NODE_323_length_4578_cov_5.801017,RS_GCF_000025985.1,d__Bacteria;p__Bacteroidota;c__Bacteroidia;o__Bacteroidales;f__Bacteroidaceae;g__Bacteroides;s__Bacteroides fragilis,iPHoP-RF,97.10,blast;91.40
NODE_323_length_4578_cov_5.801017,RS_GCF_000315485.1,d__Bacteria;p__Bacteroidota;c__Bacteroidia;o__Bacteroidales;f__Bacteroidaceae;g__Bacteroides;s__Bacteroides oleiciplenus,iPHoP-RF,96.70,None
NODE_323_length_4578_cov_5.801017,RS_GCF_003464595.1,d__Bacteria;p__Bacteroidota;c__Bacteroidia;o__Bacteroidales;f__Bacteroidaceae;g__Bacteroides;s__Bacteroides intestinalis_A,iPHoP-RF,96.70,None
NODE_323_length_4578_cov_5.801017,RS_GCF_902364365.1,d__Bacteria;p__Bacteroidota;c__Bacteroidia;o__Bacteroidales;f__Bacteroidaceae;g__Bacteroides;s__Bacteroides sp900556215,iPHoP-RF,96.70,None
NODE_323_length_4578_cov_5.801017,RS_GCF_000172175.1,d__Bacteria;p__Bacteroidota;c__Bacteroidia;o__Bacteroidales;f__Bacteroidaceae;g__Bacteroides;s__Bacteroides intestinalis,iPHoP-RF,96.10,None
NODE_323_length_4578_cov_5.801017,RS_GCF_000513195.1,d__Bacteria;p__Bacteroidota;c__Bacteroidia;o__Bacteroidales;f__Bacteroidaceae;g__Bacteroides;s__Bacteroides timonensis,iPHoP-RF,96.10,None
NODE_323_length_4578_cov_5.801017,GB_GCA_900557355.1,d__Bacteria;p__Bacteroidota;c__Bacteroidia;o__Bacteroidales;f__Bacteroidaceae;g__Bacteroides;s__Bacteroides sp900557355,iPHoP-RF,95.70,None
NODE_323_length_4578_cov_5.801017,RS_GCF_002849695.1,d__Bacteria;p__Bacteroidota;c__Bacteroidia;o__Bacteroidales;f__Bacteroidaceae;g__Bacteroides;s__Bacteroides fragilis_A,iPHoP-RF,95.70,blast;91.20
NODE_323_length_4578_cov_5.801017,GB_GCA_900765805.1,d__Bacteria;p__Bacteroidota;c__Bacteroidia;o__Bacteroidales;f__Bacteroidaceae;g__Bacteroides;s__Bacteroides sp900765805,iPHoP-RF,95.40,None
NODE_323_length_4578_cov_5.801017,RS_GCF_001314995.1,d__Bacteria;p__Bacteroidota;c__Bacteroidia;o__Bacteroidales;f__Bacteroidaceae;g__Bacteroides;s__Bacteroides ovatus,iPHoP-RF,95.10,None
NODE_323_length_4578_cov_5.801017,GB_GCA_000210075.1,d__Bacteria;p__Bacteroidota;c__Bacteroidia;o__Bacteroidales;f__Bacteroidaceae;g__Bacteroides;s__Bacteroides xylanisolvens,iPHoP-RF,94.70,None
NODE_323_length_4578_cov_5.801017,RS_GCF_000613385.1,d__Bacteria;p__Bacteroidota;c__Bacteroidia;o__Bacteroidales;f__Bacteroidaceae;g__Bacteroides;s__Bacteroides acidifaciens,iPHoP-RF,94.70,None
NODE_323_length_4578_cov_5.801017,RS_GCF_903181435.1,d__Bacteria;p__Bacteroidota;c__Bacteroidia;o__Bacteroidales;f__Bacteroidaceae;g__Bacteroides;s__Bacteroides acidifaciens_A,iPHoP-RF,94.40,None
NODE_323_length_4578_cov_5.801017,GB_GCA_900755095.1,d__Bacteria;p__Bacteroidota;c__Bacteroidia;o__Bacteroidales;f__Bacteroidaceae;g__Bacteroides;s__Bacteroides sp900755095,iPHoP-RF,94.10,None
NODE_323_length_4578_cov_5.801017,RS_GCF_000614145.1,d__Bacteria;p__Bacteroidota;c__Bacteroidia;o__Bacteroidales;f__Bacteroidaceae;g__Bacteroides;s__Bacteroides faecichinchillae,iPHoP-RF,94.10,None
NODE_323_length_4578_cov_5.801017,RS_GCF_000499785.1,d__Bacteria;p__Bacteroidota;c__Bacteroidia;o__Bacteroidales;f__Bacteroidaceae;g__Bacteroides;s__Bacteroides neonati,iPHoP-RF,93.40,None
NODE_323_length_4578_cov_5.801017,RS_GCF_003865075.1,d__Bacteria;p__Bacteroidota;c__Bacteroidia;o__Bacteroidales;f__Bacteroidaceae;g__Bacteroides;s__Bacteroides sp003865075,iPHoP-RF,93.10,None
NODE_323_length_4578_cov_5.801017,RS_GCF_902362375.1,d__Bacteria;p__Bacteroidota;c__Bacteroidia;o__Bacteroidales;f__Bacteroidaceae;g__Bacteroides;s__Bacteroides sp902362375,iPHoP-RF,93.10,None
NODE_323_length_4578_cov_5.801017,RS_GCF_001688725.2,d__Bacteria;p__Bacteroidota;c__Bacteroidia;o__Bacteroidales;f__Bacteroidaceae;g__Bacteroides;s__Bacteroides caecimuris,iPHoP-RF,92.80,None
NODE_323_length_4578_cov_5.801017,RS_GCF_900155865.1,d__Bacteria;p__Bacteroidota;c__Bacteroidia;o__Bacteroidales;f__Bacteroidaceae;g__Bacteroides;s__Bacteroides bouchesdurhonensis,iPHoP-RF,92.10,None
NODE_323_length_4578_cov_5.801017,GB_GCA_900760255.1,d__Bacteria;p__Bacteroidota;c__Bacteroidia;o__Bacteroidales;f__Bacteroidaceae;g__Bacteroides;s__Bacteroides sp900760255,iPHoP-RF,91.40,None
NODE_324_length_2965_cov_3.493471,RS_GCF_000025985.1,d__Bacteria;p__Bacteroidota;c__Bacteroidia;o__Bacteroidales;f__Bacteroidaceae;g__Bacteroides;s__Bacteroides fragilis,blast,95.50,iPHoP-RF;74.30
NODE_324_length_2965_cov_3.493471,RS_GCF_002849695.1,d__Bacteria;p__Bacteroidota;c__Bacteroidia;o__Bacteroidales;f__Bacteroidaceae;g__Bacteroides;s__Bacteroides fragilis_A,blast,91.60,iPHoP-RF;68.90
NODE_324_length_3026_cov_6.616964,RS_GCF_900636915.1,d__Bacteria;p__Proteobacteria;c__Gammaproteobacteria;o__Enterobacterales;f__Pasteurellaceae;g__Aggregatibacter;s__Aggregatibacter aphrophilus,blast,91.70,iPHoP-RF;81.60
NODE_324_length_3026_cov_6.616964,RS_GCF_000191405.1,d__Bacteria;p__Proteobacteria;c__Gammaproteobacteria;o__Enterobacterales;f__Pasteurellaceae;g__Haemophilus_D;s__Haemophilus_D parainfluenzae,blast,91.20,iPHoP-RF;88.20
NODE_325_length_3998_cov_5.391326,RS_GCF_000025985.1,d__Bacteria;p__Bacteroidota;c__Bacteroidia;o__Bacteroidales;f__Bacteroidaceae;g__Bacteroides;s__Bacteroides fragilis,iPHoP-RF,95.70,blast;95.50
NODE_325_length_3998_cov_5.391326,RS_GCF_002849695.1,d__Bacteria;p__Bacteroidota;c__Bacteroidia;o__Bacteroidales;f__Bacteroidaceae;g__Bacteroides;s__Bacteroides fragilis_A,iPHoP-RF,93.10,blast;91.50
NODE_325_length_3998_cov_5.391326,GB_GCA_000210075.1,d__Bacteria;p__Bacteroidota;c__Bacteroidia;o__Bacteroidales;f__Bacteroidaceae;g__Bacteroides;s__Bacteroides xylanisolvens,iPHoP-RF,92.10,None
NODE_325_length_3998_cov_5.391326,RS_GCF_902364365.1,d__Bacteria;p__Bacteroidota;c__Bacteroidia;o__Bacteroidales;f__Bacteroidaceae;g__Bacteroides;s__Bacteroides sp900556215,iPHoP-RF,90.50,None
NODE_326_length_8493_cov_5.620763,RS_GCF_000026325.1,d__Bacteria;p__Proteobacteria;c__Gammaproteobacteria;o__Enterobacterales;f__Enterobacteriaceae;g__Escherichia;s__Escherichia coli_D,CRISPR,98.30,iPHoP-RF;97.10 blast;96.20
NODE_326_length_8493_cov_5.620763,RS_GCF_000208585.1,d__Bacteria;p__Proteobacteria;c__Gammaproteobacteria;o__Enterobacterales;f__Enterobacteriaceae;g__Escherichia;s__Escherichia sp000208585,CRISPR,98.30,iPHoP-RF;97.10 blast;95.90
NODE_326_length_8493_cov_5.620763,RS_GCF_000759775.1,d__Bacteria;p__Proteobacteria;c__Gammaproteobacteria;o__Enterobacterales;f__Enterobacteriaceae;g__Escherichia;s__Escherichia albertii,CRISPR,98.30,iPHoP-RF;96.70
NODE_326_length_8493_cov_5.620763,RS_GCF_001660175.1,d__Bacteria;p__Proteobacteria;c__Gammaproteobacteria;o__Enterobacterales;f__Enterobacteriaceae;g__Escherichia;s__Escherichia sp001660175,CRISPR,98.30,iPHoP-RF;97.10
NODE_326_length_8493_cov_5.620763,GB_GCA_003018335.1,d__Bacteria;p__Proteobacteria;c__Gammaproteobacteria;o__Enterobacterales;f__Enterobacteriaceae;g__Escherichia;s__Escherichia coli_C,iPHoP-RF,97.10,blast;95.90
NODE_326_length_8493_cov_5.620763,RS_GCF_002900365.1,d__Bacteria;p__Proteobacteria;c__Gammaproteobacteria;o__Enterobacterales;f__Enterobacteriaceae;g__Escherichia;s__Escherichia marmotae,iPHoP-RF,97.10,blast;96.10
NODE_326_length_8493_cov_5.620763,RS_GCF_002949675.1,d__Bacteria;p__Proteobacteria;c__Gammaproteobacteria;o__Enterobacterales;f__Enterobacteriaceae;g__Escherichia;s__Escherichia dysenteriae,iPHoP-RF,97.10,blast;95.90
NODE_326_length_8493_cov_5.620763,RS_GCF_002950215.1,d__Bacteria;p__Proteobacteria;c__Gammaproteobacteria;o__Enterobacterales;f__Enterobacteriaceae;g__Escherichia;s__Escherichia flexneri,iPHoP-RF,97.10,blast;96.20
NODE_326_length_8493_cov_5.620763,RS_GCF_003697165.2,d__Bacteria;p__Proteobacteria;c__Gammaproteobacteria;o__Enterobacterales;f__Enterobacteriaceae;g__Escherichia;s__Escherichia coli,iPHoP-RF,97.10,blast;96.10
NODE_326_length_8493_cov_5.620763,RS_GCF_004211955.1,d__Bacteria;p__Proteobacteria;c__Gammaproteobacteria;o__Enterobacterales;f__Enterobacteriaceae;g__Escherichia;s__Escherichia sp004211955,iPHoP-RF,97.10,None
NODE_326_length_8493_cov_5.620763,RS_GCF_005843885.1,d__Bacteria;p__Proteobacteria;c__Gammaproteobacteria;o__Enterobacterales;f__Enterobacteriaceae;g__Escherichia;s__Escherichia sp005843885,iPHoP-RF,97.10,None
NODE_326_length_8493_cov_5.620763,RS_GCF_011881725.1,d__Bacteria;p__Proteobacteria;c__Gammaproteobacteria;o__Enterobacterales;f__Enterobacteriaceae;g__Escherichia;s__Escherichia coli_E,iPHoP-RF,97.10,blast;96.10
NODE_326_length_8493_cov_5.620763,RS_GCF_000026225.1,d__Bacteria;p__Proteobacteria;c__Gammaproteobacteria;o__Enterobacterales;f__Enterobacteriaceae;g__Escherichia;s__Escherichia fergusonii,iPHoP-RF,96.70,None
NODE_326_length_8493_cov_5.620763,RS_GCF_002965065.1,d__Bacteria;p__Proteobacteria;c__Gammaproteobacteria;o__Enterobacterales;f__Enterobacteriaceae;g__Escherichia;s__Escherichia sp002965065,iPHoP-RF,96.40,blast;96.00
NODE_32_length_10340_cov_43.589499,RS_GCF_001025215.1,d__Bacteria;p__Actinobacteriota;c__Actinomycetia;o__Actinomycetales;f__Bifidobacteriaceae;g__Bifidobacterium;s__Bifidobacterium pseudocatenulatum,blast,98.60,iPHoP-RF;96.40 CRISPR;69.10
NODE_32_length_10340_cov_43.589499,RS_GCF_000800455.1,d__Bacteria;p__Actinobacteriota;c__Actinomycetia;o__Actinomycetales;f__Bifidobacteriaceae;g__Bifidobacterium;s__Bifidobacterium kashiwanohense_A,iPHoP-RF,97.10,None
NODE_32_length_10340_cov_43.589499,RS_GCF_001025195.1,d__Bacteria;p__Actinobacteriota;c__Actinomycetia;o__Actinomycetales;f__Bifidobacteriaceae;g__Bifidobacterium;s__Bifidobacterium catenulatum,iPHoP-RF,97.10,None
NODE_32_length_10340_cov_43.589499,RS_GCF_001042615.1,d__Bacteria;p__Actinobacteriota;c__Actinomycetia;o__Actinomycetales;f__Bifidobacteriaceae;g__Bifidobacterium;s__Bifidobacterium kashiwanohense,iPHoP-RF,97.10,None
NODE_32_length_10340_cov_43.589499,RS_GCF_000010425.1,d__Bacteria;p__Actinobacteriota;c__Actinomycetia;o__Actinomycetales;f__Bifidobacteriaceae;g__Bifidobacterium;s__Bifidobacterium adolescentis,blast,96.50,iPHoP-RF;93.40
NODE_32_length_10340_cov_43.589499,GB_GCA_002451435.1,d__Bacteria;p__Actinobacteriota;c__Actinomycetia;o__Actinomycetales;f__Bifidobacteriaceae;g__Bifidobacterium;s__Bifidobacterium sp002451435,iPHoP-RF,92.40,None
NODE_32_length_10340_cov_43.589499,RS_GCF_000522505.1,d__Bacteria;p__Actinobacteriota;c__Actinomycetia;o__Actinomycetales;f__Bifidobacteriaceae;g__Bifidobacterium;s__Bifidobacterium moukalabense,blast,91.90,iPHoP-RF;85.10
NODE_32_length_10340_cov_43.589499,RS_GCF_000741785.1,d__Bacteria;p__Actinobacteriota;c__Actinomycetia;o__Actinomycetales;f__Bifidobacteriaceae;g__Bifidobacterium;s__Bifidobacterium stellenboschense,iPHoP-RF,91.40,None
NODE_32_length_10340_cov_43.589499,RS_GCF_002860365.1,d__Bacteria;p__Actinobacteriota;c__Actinomycetia;o__Actinomycetales;f__Bifidobacteriaceae;g__Bifidobacterium;s__Bifidobacterium parmae,iPHoP-RF,91.40,None
NODE_32_length_10340_cov_43.589499,RS_GCF_001895165.1,d__Bacteria;p__Actinobacteriota;c__Actinomycetia;o__Actinomycetales;f__Bifidobacteriaceae;g__Bifidobacterium;s__Bifidobacterium lemurum,iPHoP-RF,91.10,None
NODE_32_length_10340_cov_43.589499,RS_GCF_001042595.1,d__Bacteria;p__Actinobacteriota;c__Actinomycetia;o__Actinomycetales;f__Bifidobacteriaceae;g__Bifidobacterium;s__Bifidobacterium dentium,blast,90.40,iPHoP-RF;90.10
NODE_332_length_2960_cov_3.930120,RS_GCF_003293635.1,d__Bacteria;p__Firmicutes_A;c__Clostridia;o__Oscillospirales;f__Ruminococcaceae;g__Faecalibacterium;s__Faecalibacterium prausnitzii_G,blast,98.00,iPHoP-RF;89.80
NODE_332_length_2960_cov_3.930120,GB_GCA_900758465.1,d__Bacteria;p__Firmicutes_A;c__Clostridia;o__Oscillospirales;f__Ruminococcaceae;g__Faecalibacterium;s__Faecalibacterium sp900758465,blast,92.90,iPHoP-RF;90.10
NODE_332_length_2960_cov_3.930120,GB_GCA_900551435.1,d__Bacteria;p__Firmicutes_A;c__Clostridia;o__Oscillospirales;f__Ruminococcaceae;g__Faecalibacterium;s__Faecalibacterium sp900551435,blast,91.00,iPHoP-RF;72.80
NODE_332_length_2960_cov_3.930120,GB_GCA_003449675.1,d__Bacteria;p__Firmicutes_A;c__Clostridia;o__Oscillospirales;f__Ruminococcaceae;g__Faecalibacterium;s__Faecalibacterium sp003449675,blast,90.80,iPHoP-RF;72.80
NODE_332_length_2960_cov_3.930120,GB_GCA_900772565.1,d__Bacteria;p__Firmicutes_A;c__Clostridia;o__Oscillospirales;f__Ruminococcaceae;g__Faecalibacterium;s__Faecalibacterium sp900772565,blast,90.80,iPHoP-RF;71.50
NODE_332_length_2960_cov_3.930120,RS_GCF_002550035.1,d__Bacteria;p__Firmicutes_A;c__Clostridia;o__Oscillospirales;f__Ruminococcaceae;g__Faecalibacterium;s__Faecalibacterium prausnitzii_E,blast,90.80,iPHoP-RF;73.20
NODE_332_length_2960_cov_3.930120,GB_GCA_900765105.1,d__Bacteria;p__Firmicutes_A;c__Clostridia;o__Oscillospirales;f__Ruminococcaceae;g__Faecalibacterium;s__Faecalibacterium sp900765105,blast,90.30,iPHoP-RF;64.50
NODE_332_length_2960_cov_3.930120,RS_GCF_003324185.1,d__Bacteria;p__Firmicutes_A;c__Clostridia;o__Oscillospirales;f__Ruminococcaceae;g__Faecalibacterium;s__Faecalibacterium prausnitzii,blast,90.20,iPHoP-RF;67.30
NODE_332_length_3898_cov_4.464221,RS_GCF_001077535.1,d__Bacteria;p__Firmicutes_A;c__Clostridia;o__Peptostreptococcales;f__Peptostreptococcaceae;g__Clostridioides;s__Clostridioides difficile,blast,96.60,iPHoP-RF;93.10 CRISPR;86.70
NODE_332_length_3898_cov_4.464221,RS_GCF_900243075.1,d__Bacteria;p__Firmicutes_A;c__Clostridia;o__Peptostreptococcales;f__Peptostreptococcaceae;g__Clostridioides;s__Clostridioides difficile_D,iPHoP-RF,94.40,blast;93.00
NODE_332_length_3898_cov_4.464221,RS_GCF_000449425.2,d__Bacteria;p__Firmicutes_A;c__Clostridia;o__Peptostreptococcales;f__Peptostreptococcaceae;g__Clostridioides;s__Clostridioides difficile_E,iPHoP-RF,92.80,CRISPR;87.80
NODE_332_length_3898_cov_4.464221,RS_GCF_001299635.1,d__Bacteria;p__Firmicutes_A;c__Clostridia;o__Peptostreptococcales;f__Peptostreptococcaceae;g__Clostridioides;s__Clostridioides difficile_A,iPHoP-RF,92.80,None
NODE_333_length_2943_cov_2.559557,RS_GCF_001078375.1,d__Bacteria;p__Firmicutes_C;c__Negativicutes;o__Veillonellales;f__Veillonellaceae;g__Veillonella;s__Veillonella tobetsuensis,blast,92.00,iPHoP-RF;56.80
NODE_333_length_4526_cov_5.150526,3300029706_6,d__Bacteria;p__Bacteroidota;c__Bacteroidia;o__Bacteroidales;f__Bacteroidaceae;g__Bacteroides;s__,iPHoP-RF,95.70,None
NODE_333_length_4526_cov_5.150526,RS_GCF_002222615.2,d__Bacteria;p__Bacteroidota;c__Bacteroidia;o__Bacteroidales;f__Bacteroidaceae;g__Bacteroides;s__Bacteroides caccae,iPHoP-RF,95.40,blast;91.60
NODE_333_length_4526_cov_5.150526,RS_GCF_009193325.2,d__Bacteria;p__Bacteroidota;c__Bacteroidia;o__Bacteroidales;f__Bacteroidaceae;g__Bacteroides;s__Bacteroides sp900066265,iPHoP-RF,95.40,blast;92.00
NODE_333_length_4526_cov_5.150526,RS_GCF_902362375.1,d__Bacteria;p__Bacteroidota;c__Bacteroidia;o__Bacteroidales;f__Bacteroidaceae;g__Bacteroides;s__Bacteroides sp902362375,iPHoP-RF,95.10,blast;89.70
NODE_333_length_4526_cov_5.150526,RS_GCF_000154205.1,d__Bacteria;p__Bacteroidota;c__Bacteroidia;o__Bacteroidales;f__Bacteroidaceae;g__Bacteroides;s__Bacteroides uniformis,iPHoP-RF,94.70,blast;91.00
NODE_333_length_4526_cov_5.150526,RS_GCF_000614125.1,d__Bacteria;p__Bacteroidota;c__Bacteroidia;o__Bacteroidales;f__Bacteroidaceae;g__Bacteroides;s__Bacteroides rodentium,iPHoP-RF,94.40,None
NODE_333_length_4526_cov_5.150526,RS_GCF_000011065.1,d__Bacteria;p__Bacteroidota;c__Bacteroidia;o__Bacteroidales;f__Bacteroidaceae;g__Bacteroides;s__Bacteroides thetaiotaomicron,blast,93.90,iPHoP-RF;86.30
NODE_333_length_4526_cov_5.150526,RS_GCF_900106755.1,d__Bacteria;p__Bacteroidota;c__Bacteroidia;o__Bacteroidales;f__Bacteroidaceae;g__Bacteroides;s__Bacteroides faecis,iPHoP-RF,92.80,blast;90.40
NODE_333_length_4526_cov_5.150526,GB_GCA_000210075.1,d__Bacteria;p__Bacteroidota;c__Bacteroidia;o__Bacteroidales;f__Bacteroidaceae;g__Bacteroides;s__Bacteroides xylanisolvens,iPHoP-RF,91.10,blast;90.50
NODE_333_length_4526_cov_5.150526,RS_GCF_001314995.1,d__Bacteria;p__Bacteroidota;c__Bacteroidia;o__Bacteroidales;f__Bacteroidaceae;g__Bacteroides;s__Bacteroides ovatus,iPHoP-RF,91.10,blast;90.80
NODE_333_length_4526_cov_5.150526,RS_GCF_903181435.1,d__Bacteria;p__Bacteroidota;c__Bacteroidia;o__Bacteroidales;f__Bacteroidaceae;g__Bacteroides;s__Bacteroides acidifaciens_A,blast,91.00,iPHoP-RF;73.00
NODE_3341_length_1095_cov_2.877885,RS_GCF_000014805.1,d__Bacteria;p__Proteobacteria;c__Gammaproteobacteria;o__Enterobacterales;f__Aeromonadaceae;g__Aeromonas;s__Aeromonas hydrophila,blast,92.90,iPHoP-RF;61.10
NODE_337_length_4693_cov_5.778353,RS_GCF_900243075.1,d__Bacteria;p__Firmicutes_A;c__Clostridia;o__Peptostreptococcales;f__Peptostreptococcaceae;g__Clostridioides;s__Clostridioides difficile_D,blast,93.90,iPHoP-RF;87.60
NODE_337_length_4693_cov_5.778353,RS_GCF_900106845.1,d__Bacteria;p__Firmicutes_A;c__Clostridia;o__Peptostreptococcales;f__Peptostreptococcaceae;g__Romboutsia;s__Romboutsia timonensis,blast,92.70,iPHoP-RF;71.70
NODE_337_length_4693_cov_5.778353,RS_GCF_001077535.1,d__Bacteria;p__Firmicutes_A;c__Clostridia;o__Peptostreptococcales;f__Peptostreptococcaceae;g__Clostridioides;s__Clostridioides difficile,blast,92.40,iPHoP-RF;87.60
NODE_337_length_4693_cov_5.778353,RS_GCF_012317385.1,d__Bacteria;p__Firmicutes_A;c__Clostridia;o__Peptostreptococcales;f__Peptostreptococcaceae;g__GCA-900066495;s__GCA-900066495 sp900545985,blast,90.10,iPHoP-RF;51.20
NODE_337_length_4693_cov_5.778353,RS_GCF_900015215.1,d__Bacteria;p__Firmicutes_A;c__Clostridia;o__Peptostreptococcales;f__Peptostreptococcaceae;g__Romboutsia;s__Romboutsia ilealis,blast,90.10,iPHoP-RF;75.70
NODE_338_length_2935_cov_3.487500,RS_GCF_003293635.1,d__Bacteria;p__Firmicutes_A;c__Clostridia;o__Oscillospirales;f__Ruminococcaceae;g__Faecalibacterium;s__Faecalibacterium prausnitzii_G,blast,91.50,iPHoP-RF;57.10
NODE_338_length_2935_cov_3.487500,RS_GCF_002549755.1,d__Bacteria;p__Firmicutes_A;c__Clostridia;o__Oscillospirales;f__Ruminococcaceae;g__Faecalibacterium;s__Faecalibacterium prausnitzii_D,blast,90.80,iPHoP-RF;53.30
NODE_339_length_1737_cov_5.087396,RS_GCF_004309355.1,d__Bacteria;p__Firmicutes;c__Bacilli;o__Lactobacillales;f__Enterococcaceae;g__Enterococcus_A;s__Enterococcus_A florum,iPHoP-RF,93.40,None
NODE_339_length_1737_cov_5.087396,RS_GCF_001544095.1,d__Bacteria;p__Firmicutes;c__Bacilli;o__Lactobacillales;f__Enterococcaceae;g__Enterococcus_D;s__Enterococcus_D casseliflavus,blast,91.90,iPHoP-RF;83.90
NODE_33_length_19553_cov_14.475280,RS_GCF_005405345.1,d__Bacteria;p__Firmicutes;c__Bacilli;o__Lactobacillales;f__Enterococcaceae;g__Enterococcus_A;s__Enterococcus_A viikkiensis,blast,95.70,iPHoP-RF;93.70
NODE_33_length_19553_cov_14.475280,RS_GCF_001885905.1,d__Bacteria;p__Firmicutes;c__Bacilli;o__Lactobacillales;f__Enterococcaceae;g__Enterococcus_A;s__Enterococcus_A devriesei,blast,95.60,iPHoP-RF;94.40
NODE_33_length_19553_cov_14.475280,RS_GCF_001544215.1,d__Bacteria;p__Firmicutes;c__Bacilli;o__Lactobacillales;f__Enterococcaceae;g__Enterococcus_B;s__Enterococcus_B durans,blast,94.20,iPHoP-RF;90.50
NODE_33_length_19553_cov_14.475280,RS_GCF_001544255.1,d__Bacteria;p__Firmicutes;c__Bacilli;o__Lactobacillales;f__Enterococcaceae;g__Enterococcus_B;s__Enterococcus_B faecium,blast,94.20,iPHoP-RF;87.30
NODE_33_length_19553_cov_14.475280,RS_GCF_000407185.1,d__Bacteria;p__Firmicutes;c__Bacilli;o__Lactobacillales;f__Enterococcaceae;g__Enterococcus_A;s__Enterococcus_A malodoratus,blast,94.00,iPHoP-RF;85.70
NODE_33_length_19553_cov_14.475280,RS_GCF_000407545.1,d__Bacteria;p__Firmicutes;c__Bacilli;o__Lactobacillales;f__Enterococcaceae;g__Enterococcus_A;s__Enterococcus_A gilvus,blast,93.90,iPHoP-RF;93.10
NODE_33_length_19553_cov_14.475280,RS_GCF_000406965.1,d__Bacteria;p__Firmicutes;c__Bacilli;o__Lactobacillales;f__Enterococcaceae;g__Enterococcus_A;s__Enterococcus_A avium,blast,93.70,iPHoP-RF;93.40
NODE_33_length_20543_cov_23.775820,RS_GCF_000196555.1,d__Bacteria;p__Actinobacteriota;c__Actinomycetia;o__Actinomycetales;f__Bifidobacteriaceae;g__Bifidobacterium;s__Bifidobacterium longum,blast,96.40,iPHoP-RF;93.70 CRISPR;57.20
NODE_33_length_20543_cov_23.775820,RS_GCF_001025175.1,d__Bacteria;p__Actinobacteriota;c__Actinomycetia;o__Actinomycetales;f__Bifidobacteriaceae;g__Bifidobacterium;s__Bifidobacterium breve,blast,96.30,iPHoP-RF;93.10
NODE_33_length_20543_cov_23.775820,RS_GCF_000269965.1,d__Bacteria;p__Actinobacteriota;c__Actinomycetia;o__Actinomycetales;f__Bifidobacteriaceae;g__Bifidobacterium;s__Bifidobacterium infantis,blast,94.40,iPHoP-RF;89.20
NODE_33_length_20543_cov_23.775820,RS_GCF_002802865.1,d__Bacteria;p__Actinobacteriota;c__Actinomycetia;o__Actinomycetales;f__Bifidobacteriaceae;g__Bifidobacterium;s__Bifidobacterium scaligerum,iPHoP-RF,93.10,blast;89.80
NODE_33_length_20543_cov_23.775820,RS_GCF_002259685.1,d__Bacteria;p__Actinobacteriota;c__Actinomycetia;o__Actinomycetales;f__Bifidobacteriaceae;g__Bifidobacterium;s__Bifidobacterium eulemuris,iPHoP-RF,92.80,None
NODE_33_length_20543_cov_23.775820,RS_GCF_012932375.1,d__Bacteria;p__Actinobacteriota;c__Actinomycetia;o__Actinomycetales;f__Bifidobacteriaceae;g__Bifidobacterium;s__Bifidobacterium sp012932375,iPHoP-RF,92.40,None
NODE_33_length_20543_cov_23.775820,GB_GCA_000741495.1,d__Bacteria;p__Actinobacteriota;c__Actinomycetia;o__Actinomycetales;f__Bifidobacteriaceae;g__Bifidobacterium;s__Bifidobacterium thermophilum_A,iPHoP-RF,91.80,None
NODE_33_length_20543_cov_23.775820,RS_GCF_000741175.1,d__Bacteria;p__Actinobacteriota;c__Actinomycetia;o__Actinomycetales;f__Bifidobacteriaceae;g__Bifidobacterium;s__Bifidobacterium callitrichos,iPHoP-RF,91.80,None
NODE_33_length_20543_cov_23.775820,RS_GCF_001025135.1,d__Bacteria;p__Actinobacteriota;c__Actinomycetia;o__Actinomycetales;f__Bifidobacteriaceae;g__Bifidobacterium;s__Bifidobacterium bifidum,blast,90.70,iPHoP-RF;64.30
NODE_343_length_2140_cov_2.683933,RS_GCF_003293635.1,d__Bacteria;p__Firmicutes_A;c__Clostridia;o__Oscillospirales;f__Ruminococcaceae;g__Faecalibacterium;s__Faecalibacterium prausnitzii_G,blast,97.80,iPHoP-RF;89.50
NODE_343_length_2140_cov_2.683933,RS_GCF_002549755.1,d__Bacteria;p__Firmicutes_A;c__Clostridia;o__Oscillospirales;f__Ruminococcaceae;g__Faecalibacterium;s__Faecalibacterium prausnitzii_D,blast,95.30,iPHoP-RF;66.30
NODE_343_length_2140_cov_2.683933,3300013901_6,d__Bacteria;p__Firmicutes_A;c__Clostridia;o__Oscillospirales;f__Ruminococcaceae;g__Faecalibacterium;s__,blast,91.70,iPHoP-RF;69.30
NODE_343_length_2140_cov_2.683933,GB_GCA_900758465.1,d__Bacteria;p__Firmicutes_A;c__Clostridia;o__Oscillospirales;f__Ruminococcaceae;g__Faecalibacterium;s__Faecalibacterium sp900758465,blast,91.70,iPHoP-RF;89.80
NODE_343_length_2140_cov_2.683933,RS_GCF_002550015.1,d__Bacteria;p__Firmicutes_A;c__Clostridia;o__Oscillospirales;f__Ruminococcaceae;g__Faecalibacterium;s__Faecalibacterium prausnitzii_A,blast,91.00,iPHoP-RF;55.70
NODE_343_length_2140_cov_2.683933,RS_GCF_010509575.1,d__Bacteria;p__Firmicutes_A;c__Clostridia;o__Oscillospirales;f__Ruminococcaceae;g__Faecalibacterium;s__Faecalibacterium prausnitzii_C,blast,90.90,iPHoP-RF;60.10
NODE_343_length_2140_cov_2.683933,GB_GCA_900540455.1,d__Bacteria;p__Firmicutes_A;c__Clostridia;o__Oscillospirales;f__Ruminococcaceae;g__Faecalibacterium;s__Faecalibacterium sp900540455,blast,90.80,iPHoP-RF;59.00
NODE_343_length_2140_cov_2.683933,GB_GCA_002313795.1,d__Bacteria;p__Firmicutes_A;c__Clostridia;o__Oscillospirales;f__Ruminococcaceae;g__Faecalibacterium;s__Faecalibacterium prausnitzii_L,blast,90.10,iPHoP-RF;67.50
NODE_343_length_4498_cov_9.510241,RS_GCF_000025985.1,d__Bacteria;p__Bacteroidota;c__Bacteroidia;o__Bacteroidales;f__Bacteroidaceae;g__Bacteroides;s__Bacteroides fragilis,blast,96.80,iPHoP-RF;96.10 CRISPR;67.20
NODE_343_length_4498_cov_9.510241,RS_GCF_002849695.1,d__Bacteria;p__Bacteroidota;c__Bacteroidia;o__Bacteroidales;f__Bacteroidaceae;g__Bacteroides;s__Bacteroides fragilis_A,iPHoP-RF,96.40,blast;92.20
NODE_343_length_4498_cov_9.510241,GB_GCA_900765805.1,d__Bacteria;p__Bacteroidota;c__Bacteroidia;o__Bacteroidales;f__Bacteroidaceae;g__Bacteroides;s__Bacteroides sp900765805,blast,96.00,iPHoP-RF;90.10
NODE_343_length_4498_cov_9.510241,RS_GCF_000154205.1,d__Bacteria;p__Bacteroidota;c__Bacteroidia;o__Bacteroidales;f__Bacteroidaceae;g__Bacteroides;s__Bacteroides uniformis,blast,90.70,iPHoP-RF;89.80
NODE_344_length_2139_cov_42.039347,RS_GCF_001025215.1,d__Bacteria;p__Actinobacteriota;c__Actinomycetia;o__Actinomycetales;f__Bifidobacteriaceae;g__Bifidobacterium;s__Bifidobacterium pseudocatenulatum,blast,93.80,CRISPR;88.80 iPHoP-RF;88.50
NODE_344_length_2139_cov_42.039347,RS_GCF_000196555.1,d__Bacteria;p__Actinobacteriota;c__Actinomycetia;o__Actinomycetales;f__Bifidobacteriaceae;g__Bifidobacterium;s__Bifidobacterium longum,blast,93.00,iPHoP-RF;83.10
NODE_344_length_2139_cov_42.039347,RS_GCF_000269965.1,d__Bacteria;p__Actinobacteriota;c__Actinomycetia;o__Actinomycetales;f__Bifidobacteriaceae;g__Bifidobacterium;s__Bifidobacterium infantis,blast,92.60,iPHoP-RF;71.90
NODE_344_length_2139_cov_42.039347,RS_GCF_000010425.1,d__Bacteria;p__Actinobacteriota;c__Actinomycetia;o__Actinomycetales;f__Bifidobacteriaceae;g__Bifidobacterium;s__Bifidobacterium adolescentis,blast,92.40,CRISPR;82.60 iPHoP-RF;79.80
NODE_344_length_2139_cov_42.039347,RS_GCF_001025175.1,d__Bacteria;p__Actinobacteriota;c__Actinomycetia;o__Actinomycetales;f__Bifidobacteriaceae;g__Bifidobacterium;s__Bifidobacterium breve,blast,92.30,iPHoP-RF;79.30
NODE_344_length_2139_cov_42.039347,RS_GCF_000770925.1,d__Bacteria;p__Actinobacteriota;c__Actinomycetia;o__Actinomycetales;f__Bifidobacteriaceae;g__Bifidobacterium;s__Bifidobacterium ruminantium,blast,91.90,iPHoP-RF;80.30
NODE_344_length_3816_cov_5.428078,RS_GCF_001077535.1,d__Bacteria;p__Firmicutes_A;c__Clostridia;o__Peptostreptococcales;f__Peptostreptococcaceae;g__Clostridioides;s__Clostridioides difficile,blast,95.50,iPHoP-RF;76.10
NODE_344_length_3816_cov_5.428078,RS_GCF_000449425.2,d__Bacteria;p__Firmicutes_A;c__Clostridia;o__Peptostreptococcales;f__Peptostreptococcaceae;g__Clostridioides;s__Clostridioides difficile_E,blast,91.50,iPHoP-RF;77.50
NODE_344_length_3816_cov_5.428078,RS_GCF_001299635.1,d__Bacteria;p__Firmicutes_A;c__Clostridia;o__Peptostreptococcales;f__Peptostreptococcaceae;g__Clostridioides;s__Clostridioides difficile_A,blast,91.50,iPHoP-RF;76.60
NODE_344_length_3816_cov_5.428078,RS_GCF_900243075.1,d__Bacteria;p__Firmicutes_A;c__Clostridia;o__Peptostreptococcales;f__Peptostreptococcaceae;g__Clostridioides;s__Clostridioides difficile_D,blast,91.30,iPHoP-RF;75.70
NODE_345_length_4313_cov_34.753875,RS_GCF_014131695.1,d__Bacteria;p__Firmicutes;c__Bacilli;o__Erysipelotrichales;f__Erysipelatoclostridiaceae;g__Erysipelatoclostridium;s__Erysipelatoclostridium ramosum,blast,97.40,iPHoP-RF;83.90 CRISPR;60.30
NODE_346_length_2896_cov_6.972193,RS_GCF_000785515.1,d__Bacteria;p__Firmicutes;c__Bacilli;o__Lactobacillales;f__Streptococcaceae;g__Streptococcus;s__Streptococcus salivarius,CRISPR,98.00,blast;91.20 iPHoP-RF;80.30
NODE_346_length_2896_cov_6.972193,RS_GCF_010120595.1,d__Bacteria;p__Firmicutes;c__Bacilli;o__Lactobacillales;f__Streptococcaceae;g__Streptococcus;s__Streptococcus thermophilus,CRISPR,98.00,iPHoP-RF;73.70
NODE_346_length_2896_cov_6.972193,RS_GCF_010604095.1,d__Bacteria;p__Firmicutes;c__Bacilli;o__Lactobacillales;f__Streptococcaceae;g__Streptococcus;s__Streptococcus sp000187445,CRISPR,98.00,iPHoP-RF;68.60
NODE_346_length_2896_cov_6.972193,RS_GCF_001578875.1,d__Bacteria;p__Firmicutes;c__Bacilli;o__Lactobacillales;f__Streptococcaceae;g__Streptococcus;s__Streptococcus sp001578875,CRISPR,96.70,iPHoP-RF;79.30
NODE_346_length_2896_cov_6.972193,RS_GCF_000294495.1,d__Bacteria;p__Firmicutes;c__Bacilli;o__Lactobacillales;f__Streptococcaceae;g__Streptococcus;s__Streptococcus suis,iPHoP-RF,92.10,None
NODE_346_length_2896_cov_6.972193,RS_GCF_902702775.1,d__Bacteria;p__Firmicutes;c__Bacilli;o__Lactobacillales;f__Streptococcaceae;g__Streptococcus;s__Streptococcus suis_W,iPHoP-RF,91.80,None
NODE_346_length_2896_cov_6.972193,GB_GCA_000440235.1,d__Bacteria;p__Firmicutes;c__Bacilli;o__Lactobacillales;f__Streptococcaceae;g__Streptococcus;s__Streptococcus suis_F,iPHoP-RF,91.10,None
NODE_346_length_2896_cov_6.972193,RS_GCF_002760245.1,d__Bacteria;p__Firmicutes;c__Bacilli;o__Lactobacillales;f__Streptococcaceae;g__Streptococcus;s__Streptococcus suis_I,iPHoP-RF,90.80,None
NODE_346_length_2896_cov_6.972193,RS_GCF_002964575.1,d__Bacteria;p__Firmicutes;c__Bacilli;o__Lactobacillales;f__Streptococcaceae;g__Streptococcus;s__Streptococcus suis_R,iPHoP-RF,90.80,None
NODE_346_length_2896_cov_6.972193,GB_GCA_002831545.1,d__Bacteria;p__Firmicutes;c__Bacilli;o__Lactobacillales;f__Streptococcaceae;g__Streptococcus;s__Streptococcus suis_P,iPHoP-RF,90.50,None
NODE_346_length_2896_cov_6.972193,RS_GCF_001072375.1,d__Bacteria;p__Firmicutes;c__Bacilli;o__Lactobacillales;f__Streptococcaceae;g__Streptococcus;s__Streptococcus pseudopneumoniae_L,iPHoP-RF,90.50,None
NODE_347_length_5164_cov_4.719906,RS_GCF_002950215.1,d__Bacteria;p__Proteobacteria;c__Gammaproteobacteria;o__Enterobacterales;f__Enterobacteriaceae;g__Escherichia;s__Escherichia flexneri,blast,96.70,iPHoP-RF;90.10
NODE_347_length_5164_cov_4.719906,RS_GCF_003697165.2,d__Bacteria;p__Proteobacteria;c__Gammaproteobacteria;o__Enterobacterales;f__Enterobacteriaceae;g__Escherichia;s__Escherichia coli,blast,96.70,iPHoP-RF;89.80
NODE_347_length_5164_cov_4.719906,RS_GCF_000026325.1,d__Bacteria;p__Proteobacteria;c__Gammaproteobacteria;o__Enterobacterales;f__Enterobacteriaceae;g__Escherichia;s__Escherichia coli_D,blast,96.60,iPHoP-RF;83.10
NODE_347_length_5164_cov_4.719906,RS_GCF_005843885.1,d__Bacteria;p__Proteobacteria;c__Gammaproteobacteria;o__Enterobacterales;f__Enterobacteriaceae;g__Escherichia;s__Escherichia sp005843885,blast,96.50,iPHoP-RF;86.30
NODE_347_length_5164_cov_4.719906,GB_GCA_003018335.1,d__Bacteria;p__Proteobacteria;c__Gammaproteobacteria;o__Enterobacterales;f__Enterobacteriaceae;g__Escherichia;s__Escherichia coli_C,blast,96.40,iPHoP-RF;87.90
NODE_347_length_5164_cov_4.719906,RS_GCF_002949675.1,d__Bacteria;p__Proteobacteria;c__Gammaproteobacteria;o__Enterobacterales;f__Enterobacteriaceae;g__Escherichia;s__Escherichia dysenteriae,blast,96.40,iPHoP-RF;86.00
NODE_347_length_5164_cov_4.719906,RS_GCF_002965065.1,d__Bacteria;p__Proteobacteria;c__Gammaproteobacteria;o__Enterobacterales;f__Enterobacteriaceae;g__Escherichia;s__Escherichia sp002965065,blast,96.40,iPHoP-RF;85.10
NODE_347_length_5164_cov_4.719906,RS_GCF_000759775.1,d__Bacteria;p__Proteobacteria;c__Gammaproteobacteria;o__Enterobacterales;f__Enterobacteriaceae;g__Escherichia;s__Escherichia albertii,blast,92.80,iPHoP-RF;80.30
NODE_347_length_5164_cov_4.719906,RS_GCF_000208585.1,d__Bacteria;p__Proteobacteria;c__Gammaproteobacteria;o__Enterobacterales;f__Enterobacteriaceae;g__Escherichia;s__Escherichia sp000208585,iPHoP-RF,90.10,None
NODE_348_length_3842_cov_3.545287,GB_GCA_003018335.1,d__Bacteria;p__Proteobacteria;c__Gammaproteobacteria;o__Enterobacterales;f__Enterobacteriaceae;g__Escherichia;s__Escherichia coli_C,iPHoP-RF,97.10,None
NODE_348_length_3842_cov_3.545287,RS_GCF_000026225.1,d__Bacteria;p__Proteobacteria;c__Gammaproteobacteria;o__Enterobacterales;f__Enterobacteriaceae;g__Escherichia;s__Escherichia fergusonii,iPHoP-RF,97.10,None
NODE_348_length_3842_cov_3.545287,RS_GCF_000026325.1,d__Bacteria;p__Proteobacteria;c__Gammaproteobacteria;o__Enterobacterales;f__Enterobacteriaceae;g__Escherichia;s__Escherichia coli_D,iPHoP-RF,97.10,blast;93.00
NODE_348_length_3842_cov_3.545287,RS_GCF_000208585.1,d__Bacteria;p__Proteobacteria;c__Gammaproteobacteria;o__Enterobacterales;f__Enterobacteriaceae;g__Escherichia;s__Escherichia sp000208585,iPHoP-RF,97.10,None
NODE_348_length_3842_cov_3.545287,RS_GCF_004211955.1,d__Bacteria;p__Proteobacteria;c__Gammaproteobacteria;o__Enterobacterales;f__Enterobacteriaceae;g__Escherichia;s__Escherichia sp004211955,iPHoP-RF,97.10,None
NODE_348_length_3842_cov_3.545287,RS_GCF_001660175.1,d__Bacteria;p__Proteobacteria;c__Gammaproteobacteria;o__Enterobacterales;f__Enterobacteriaceae;g__Escherichia;s__Escherichia sp001660175,iPHoP-RF,96.70,None
NODE_348_length_3842_cov_3.545287,RS_GCF_002900365.1,d__Bacteria;p__Proteobacteria;c__Gammaproteobacteria;o__Enterobacterales;f__Enterobacteriaceae;g__Escherichia;s__Escherichia marmotae,iPHoP-RF,96.70,None
NODE_348_length_3842_cov_3.545287,RS_GCF_003697165.2,d__Bacteria;p__Proteobacteria;c__Gammaproteobacteria;o__Enterobacterales;f__Enterobacteriaceae;g__Escherichia;s__Escherichia coli,iPHoP-RF,96.70,None
NODE_348_length_3842_cov_3.545287,RS_GCF_000759775.1,d__Bacteria;p__Proteobacteria;c__Gammaproteobacteria;o__Enterobacterales;f__Enterobacteriaceae;g__Escherichia;s__Escherichia albertii,iPHoP-RF,96.40,None
NODE_348_length_3842_cov_3.545287,RS_GCF_002965065.1,d__Bacteria;p__Proteobacteria;c__Gammaproteobacteria;o__Enterobacterales;f__Enterobacteriaceae;g__Escherichia;s__Escherichia sp002965065,iPHoP-RF,96.40,blast;92.90
NODE_348_length_3842_cov_3.545287,RS_GCF_005843885.1,d__Bacteria;p__Proteobacteria;c__Gammaproteobacteria;o__Enterobacterales;f__Enterobacteriaceae;g__Escherichia;s__Escherichia sp005843885,iPHoP-RF,96.40,None
NODE_348_length_3842_cov_3.545287,RS_GCF_011881725.1,d__Bacteria;p__Proteobacteria;c__Gammaproteobacteria;o__Enterobacterales;f__Enterobacteriaceae;g__Escherichia;s__Escherichia coli_E,iPHoP-RF,96.40,None
NODE_348_length_3842_cov_3.545287,RS_GCF_002950215.1,d__Bacteria;p__Proteobacteria;c__Gammaproteobacteria;o__Enterobacterales;f__Enterobacteriaceae;g__Escherichia;s__Escherichia flexneri,iPHoP-RF,96.10,blast;92.80
NODE_348_length_4986_cov_6.764348,RS_GCF_000025985.1,d__Bacteria;p__Bacteroidota;c__Bacteroidia;o__Bacteroidales;f__Bacteroidaceae;g__Bacteroides;s__Bacteroides fragilis,blast,94.70,iPHoP-RF;91.40
NODE_348_length_4986_cov_6.764348,RS_GCF_002849695.1,d__Bacteria;p__Bacteroidota;c__Bacteroidia;o__Bacteroidales;f__Bacteroidaceae;g__Bacteroides;s__Bacteroides fragilis_A,blast,91.50,iPHoP-RF;87.60
NODE_34_length_14298_cov_5.573475,RS_GCF_010509575.1,d__Bacteria;p__Firmicutes_A;c__Clostridia;o__Oscillospirales;f__Ruminococcaceae;g__Faecalibacterium;s__Faecalibacterium prausnitzii_C,blast,93.60,iPHoP-RF;50.40
NODE_34_length_14298_cov_5.573475,RS_GCF_003324185.1,d__Bacteria;p__Firmicutes_A;c__Clostridia;o__Oscillospirales;f__Ruminococcaceae;g__Faecalibacterium;s__Faecalibacterium prausnitzii,blast,92.10,iPHoP-RF;71.90
NODE_34_length_14298_cov_5.573475,RS_GCF_003293635.1,d__Bacteria;p__Firmicutes_A;c__Clostridia;o__Oscillospirales;f__Ruminococcaceae;g__Faecalibacterium;s__Faecalibacterium prausnitzii_G,blast,91.90,iPHoP-RF;65.30
NODE_34_length_14298_cov_5.573475,RS_GCF_002550015.1,d__Bacteria;p__Firmicutes_A;c__Clostridia;o__Oscillospirales;f__Ruminococcaceae;g__Faecalibacterium;s__Faecalibacterium prausnitzii_A,blast,91.60,iPHoP-RF;78.00
NODE_34_length_14298_cov_5.573475,RS_GCF_003287405.1,d__Bacteria;p__Firmicutes_A;c__Clostridia;o__Oscillospirales;f__Ruminococcaceae;g__Faecalibacterium;s__Faecalibacterium prausnitzii_J,blast,91.60,iPHoP-RF;79.50
NODE_34_length_14298_cov_5.573475,GB_GCA_900758465.1,d__Bacteria;p__Firmicutes_A;c__Clostridia;o__Oscillospirales;f__Ruminococcaceae;g__Faecalibacterium;s__Faecalibacterium sp900758465,blast,90.80,iPHoP-RF;64.50
NODE_34_length_14298_cov_5.573475,RS_GCF_002549755.1,d__Bacteria;p__Firmicutes_A;c__Clostridia;o__Oscillospirales;f__Ruminococcaceae;g__Faecalibacterium;s__Faecalibacterium prausnitzii_D,blast,90.30,iPHoP-RF;62.20
NODE_34_length_33299_cov_21.331338,RS_GCF_011397115.1,d__Bacteria;p__Firmicutes;c__Bacilli;o__Lactobacillales;f__Enterococcaceae;g__Enterococcus_C;s__Enterococcus_C saigonensis,iPHoP-RF,95.10,blast;84.90
NODE_34_length_33299_cov_21.331338,RS_GCF_002141365.1,d__Bacteria;p__Firmicutes;c__Bacilli;o__Lactobacillales;f__Enterococcaceae;g__Enterococcus;s__Enterococcus sp002141365,iPHoP-RF,94.70,None
NODE_34_length_33299_cov_21.331338,GB_GCA_001465345.1,d__Bacteria;p__Firmicutes;c__Bacilli;o__Lactobacillales;f__Enterococcaceae;g__Enterococcus;s__Enterococcus rotai,iPHoP-RF,94.40,None
NODE_34_length_33299_cov_21.331338,RS_GCF_001730365.1,d__Bacteria;p__Firmicutes;c__Bacilli;o__Lactobacillales;f__Enterococcaceae;g__Enterococcus;s__Enterococcus quebecensis,iPHoP-RF,94.40,None
NODE_34_length_33299_cov_21.331338,RS_GCF_000407165.1,d__Bacteria;p__Firmicutes;c__Bacilli;o__Lactobacillales;f__Enterococcaceae;g__Enterococcus;s__Enterococcus haemoperoxidus,iPHoP-RF,93.70,None
NODE_34_length_33299_cov_21.331338,RS_GCF_001730285.1,d__Bacteria;p__Firmicutes;c__Bacilli;o__Lactobacillales;f__Enterococcaceae;g__Enterococcus;s__Enterococcus ureasiticus,iPHoP-RF,93.70,None
NODE_34_length_33299_cov_21.331338,RS_GCF_004309355.1,d__Bacteria;p__Firmicutes;c__Bacilli;o__Lactobacillales;f__Enterococcaceae;g__Enterococcus_A;s__Enterococcus_A florum,iPHoP-RF,93.70,None
NODE_34_length_33299_cov_21.331338,RS_GCF_001544095.1,d__Bacteria;p__Firmicutes;c__Bacilli;o__Lactobacillales;f__Enterococcaceae;g__Enterococcus_D;s__Enterococcus_D casseliflavus,iPHoP-RF,93.40,blast;92.80
NODE_34_length_33299_cov_21.331338,RS_GCF_000407545.1,d__Bacteria;p__Firmicutes;c__Bacilli;o__Lactobacillales;f__Enterococcaceae;g__Enterococcus_A;s__Enterococcus_A gilvus,iPHoP-RF,93.10,None
NODE_34_length_33299_cov_21.331338,RS_GCF_002850555.1,d__Bacteria;p__Firmicutes;c__Bacilli;o__Lactobacillales;f__Enterococcaceae;g__Enterococcus_D;s__Enterococcus_D sp002850555,iPHoP-RF,93.10,blast;92.80
NODE_34_length_33299_cov_21.331338,RS_GCF_001742285.1,d__Bacteria;p__Firmicutes;c__Bacilli;o__Lactobacillales;f__Enterococcaceae;g__Enterococcus;s__Enterococcus rivorum,iPHoP-RF,92.80,None
NODE_34_length_33299_cov_21.331338,RS_GCF_005405345.1,d__Bacteria;p__Firmicutes;c__Bacilli;o__Lactobacillales;f__Enterococcaceae;g__Enterococcus_A;s__Enterococcus_A viikkiensis,iPHoP-RF,92.40,None
NODE_34_length_33299_cov_21.331338,RS_GCF_001544275.1,d__Bacteria;p__Firmicutes;c__Bacilli;o__Lactobacillales;f__Enterococcaceae;g__Enterococcus_D;s__Enterococcus_D gallinarum,blast,92.30,iPHoP-RF;90.10
NODE_34_length_33299_cov_21.331338,RS_GCF_001297065.1,d__Bacteria;p__Firmicutes;c__Bacilli;o__Lactobacillales;f__Enterococcaceae;g__Enterococcus_D;s__Enterococcus_D sp001297065,iPHoP-RF,91.40,blast;80.30
NODE_34_length_33299_cov_21.331338,RS_GCF_001544295.1,d__Bacteria;p__Firmicutes;c__Bacilli;o__Lactobacillales;f__Enterococcaceae;g__Enterococcus_A;s__Enterococcus_A pseudoavium,iPHoP-RF,91.40,None
NODE_34_length_33299_cov_21.331338,RS_GCF_001730295.1,d__Bacteria;p__Firmicutes;c__Bacilli;o__Lactobacillales;f__Enterococcaceae;g__Enterococcus;s__Enterococcus plantarum,iPHoP-RF,91.10,None
NODE_34_length_33299_cov_21.331338,RS_GCF_002197645.1,d__Bacteria;p__Firmicutes;c__Bacilli;o__Lactobacillales;f__Enterococcaceae;g__Enterococcus;s__Enterococcus wangshanyuanii,iPHoP-RF,91.10,None
NODE_34_length_33299_cov_21.331338,RS_GCF_000407185.1,d__Bacteria;p__Firmicutes;c__Bacilli;o__Lactobacillales;f__Enterococcaceae;g__Enterococcus_A;s__Enterococcus_A malodoratus,iPHoP-RF,90.80,None
NODE_34_length_33299_cov_21.331338,RS_GCF_009933335.1,d__Bacteria;p__Firmicutes;c__Bacilli;o__Lactobacillales;f__Enterococcaceae;g__Enterococcus_F;s__Enterococcus_F sp009933335,iPHoP-RF,90.80,None
NODE_34_length_33299_cov_21.331338,RS_GCF_000392875.1,d__Bacteria;p__Firmicutes;c__Bacilli;o__Lactobacillales;f__Enterococcaceae;g__Enterococcus;s__Enterococcus faecalis,iPHoP-RF,90.50,None
NODE_34_length_33299_cov_21.331338,RS_GCF_001885905.1,d__Bacteria;p__Firmicutes;c__Bacilli;o__Lactobacillales;f__Enterococcaceae;g__Enterococcus_A;s__Enterococcus_A devriesei,iPHoP-RF,90.10,None
NODE_34_length_33299_cov_21.331338,RS_GCF_002148425.1,d__Bacteria;p__Firmicutes;c__Bacilli;o__Lactobacillales;f__Enterococcaceae;g__Enterococcus;s__Enterococcus sp002148425,iPHoP-RF,90.10,None
NODE_34_length_57407_cov_132.823685,RS_GCF_014131695.1,d__Bacteria;p__Firmicutes;c__Bacilli;o__Erysipelotrichales;f__Erysipelatoclostridiaceae;g__Erysipelatoclostridium;s__Erysipelatoclostridium ramosum,blast,96.80,iPHoP-RF;56.50
NODE_3504_length_1056_cov_3.624376,RS_GCF_000239295.1,d__Bacteria;p__Firmicutes_A;c__Clostridia;o__Oscillospirales;f__Oscillospiraceae;g__Flavonifractor;s__Flavonifractor plautii,blast,98.20,iPHoP-RF;76.60
NODE_3504_length_1056_cov_3.624376,RS_GCF_000508885.1,d__Bacteria;p__Firmicutes_A;c__Clostridia;o__Oscillospirales;f__Oscillospiraceae;g__Flavonifractor;s__Flavonifractor sp000508885,blast,96.60,iPHoP-RF;77.80
NODE_3504_length_1056_cov_3.624376,RS_GCF_002161215.1,d__Bacteria;p__Firmicutes_A;c__Clostridia;o__Oscillospirales;f__Oscillospiraceae;g__Flavonifractor;s__Flavonifractor sp002161215,blast,90.50,None
NODE_350_length_2883_cov_4.082390,RS_GCF_002549755.1,d__Bacteria;p__Firmicutes_A;c__Clostridia;o__Oscillospirales;f__Ruminococcaceae;g__Faecalibacterium;s__Faecalibacterium prausnitzii_D,blast,93.80,iPHoP-RF;74.10
NODE_350_length_2883_cov_4.082390,RS_GCF_003287405.1,d__Bacteria;p__Firmicutes_A;c__Clostridia;o__Oscillospirales;f__Ruminococcaceae;g__Faecalibacterium;s__Faecalibacterium prausnitzii_J,blast,91.60,iPHoP-RF;68.40
NODE_350_length_2883_cov_4.082390,RS_GCF_010509575.1,d__Bacteria;p__Firmicutes_A;c__Clostridia;o__Oscillospirales;f__Ruminococcaceae;g__Faecalibacterium;s__Faecalibacterium prausnitzii_C,blast,91.60,None
NODE_350_length_2883_cov_4.082390,RS_GCF_003324185.1,d__Bacteria;p__Firmicutes_A;c__Clostridia;o__Oscillospirales;f__Ruminococcaceae;g__Faecalibacterium;s__Faecalibacterium prausnitzii,blast,91.30,iPHoP-RF;60.60
NODE_350_length_2883_cov_4.082390,RS_GCF_003293635.1,d__Bacteria;p__Firmicutes_A;c__Clostridia;o__Oscillospirales;f__Ruminococcaceae;g__Faecalibacterium;s__Faecalibacterium prausnitzii_G,blast,90.60,iPHoP-RF;62.70 CRISPR;60.90
NODE_352_length_7789_cov_6.120636,RS_GCF_002950215.1,d__Bacteria;p__Proteobacteria;c__Gammaproteobacteria;o__Enterobacterales;f__Enterobacteriaceae;g__Escherichia;s__Escherichia flexneri,blast,96.40,iPHoP-RF;93.10
NODE_352_length_7789_cov_6.120636,RS_GCF_000026325.1,d__Bacteria;p__Proteobacteria;c__Gammaproteobacteria;o__Enterobacterales;f__Enterobacteriaceae;g__Escherichia;s__Escherichia coli_D,blast,95.70,iPHoP-RF;92.40
NODE_352_length_7789_cov_6.120636,RS_GCF_003697165.2,d__Bacteria;p__Proteobacteria;c__Gammaproteobacteria;o__Enterobacterales;f__Enterobacteriaceae;g__Escherichia;s__Escherichia coli,blast,95.70,iPHoP-RF;94.10
NODE_352_length_7789_cov_6.120636,RS_GCF_002965065.1,d__Bacteria;p__Proteobacteria;c__Gammaproteobacteria;o__Enterobacterales;f__Enterobacteriaceae;g__Escherichia;s__Escherichia sp002965065,blast,95.40,iPHoP-RF;91.10
NODE_352_length_7789_cov_6.120636,RS_GCF_000208585.1,d__Bacteria;p__Proteobacteria;c__Gammaproteobacteria;o__Enterobacterales;f__Enterobacteriaceae;g__Escherichia;s__Escherichia sp000208585,iPHoP-RF,93.70,None
NODE_352_length_7789_cov_6.120636,RS_GCF_001660175.1,d__Bacteria;p__Proteobacteria;c__Gammaproteobacteria;o__Enterobacterales;f__Enterobacteriaceae;g__Escherichia;s__Escherichia sp001660175,iPHoP-RF,93.40,None
NODE_352_length_7789_cov_6.120636,RS_GCF_002900365.1,d__Bacteria;p__Proteobacteria;c__Gammaproteobacteria;o__Enterobacterales;f__Enterobacteriaceae;g__Escherichia;s__Escherichia marmotae,iPHoP-RF,93.40,None
NODE_352_length_7789_cov_6.120636,RS_GCF_011881725.1,d__Bacteria;p__Proteobacteria;c__Gammaproteobacteria;o__Enterobacterales;f__Enterobacteriaceae;g__Escherichia;s__Escherichia coli_E,iPHoP-RF,93.10,None
NODE_352_length_7789_cov_6.120636,RS_GCF_004211955.1,d__Bacteria;p__Proteobacteria;c__Gammaproteobacteria;o__Enterobacterales;f__Enterobacteriaceae;g__Escherichia;s__Escherichia sp004211955,iPHoP-RF,92.80,None
NODE_352_length_7789_cov_6.120636,GB_GCA_003018335.1,d__Bacteria;p__Proteobacteria;c__Gammaproteobacteria;o__Enterobacterales;f__Enterobacteriaceae;g__Escherichia;s__Escherichia coli_C,iPHoP-RF,92.40,None
NODE_352_length_7789_cov_6.120636,RS_GCF_000759775.1,d__Bacteria;p__Proteobacteria;c__Gammaproteobacteria;o__Enterobacterales;f__Enterobacteriaceae;g__Escherichia;s__Escherichia albertii,iPHoP-RF,91.80,None
NODE_352_length_7789_cov_6.120636,RS_GCF_000026225.1,d__Bacteria;p__Proteobacteria;c__Gammaproteobacteria;o__Enterobacterales;f__Enterobacteriaceae;g__Escherichia;s__Escherichia fergusonii,iPHoP-RF,91.40,None
NODE_352_length_7789_cov_6.120636,RS_GCF_005843885.1,d__Bacteria;p__Proteobacteria;c__Gammaproteobacteria;o__Enterobacterales;f__Enterobacteriaceae;g__Escherichia;s__Escherichia sp005843885,iPHoP-RF,91.40,None
NODE_353_length_2871_cov_5.285156,RS_GCF_000025985.1,d__Bacteria;p__Bacteroidota;c__Bacteroidia;o__Bacteroidales;f__Bacteroidaceae;g__Bacteroides;s__Bacteroides fragilis,blast,98.20,iPHoP-RF;77.50
NODE_355_length_1201_cov_1.719895,RS_GCF_009193305.1,d__Bacteria;p__Actinobacteriota;c__Actinomycetia;o__Actinomycetales;f__Bifidobacteriaceae;g__Bifidobacterium;s__Bifidobacterium sp009193305,blast,93.50,iPHoP-RF;71.30
NODE_359_length_2816_cov_5.059761,RS_GCF_014192715.1,d__Bacteria;p__Proteobacteria;c__Gammaproteobacteria;o__Xanthomonadales;f__Rhodanobacteraceae;g__Luteibacter;s__Luteibacter sp014192715,iPHoP-RF,90.80,None
NODE_362_length_2084_cov_3.660917,RS_GCF_000771265.1,d__Bacteria;p__Actinobacteriota;c__Actinomycetia;o__Actinomycetales;f__Bifidobacteriaceae;g__Bifidobacterium;s__Bifidobacterium thermophilum,iPHoP-RF,95.10,None
NODE_362_length_2084_cov_3.660917,RS_GCF_001025175.1,d__Bacteria;p__Actinobacteriota;c__Actinomycetia;o__Actinomycetales;f__Bifidobacteriaceae;g__Bifidobacterium;s__Bifidobacterium breve,iPHoP-RF,92.40,None
NODE_362_length_2084_cov_3.660917,RS_GCF_012932675.1,d__Bacteria;p__Actinobacteriota;c__Actinomycetia;o__Actinomycetales;f__Bifidobacteriaceae;g__Bifidobacterium;s__Bifidobacterium sp012932675,iPHoP-RF,92.40,None
NODE_362_length_2084_cov_3.660917,RS_GCF_000010425.1,d__Bacteria;p__Actinobacteriota;c__Actinomycetia;o__Actinomycetales;f__Bifidobacteriaceae;g__Bifidobacterium;s__Bifidobacterium adolescentis,blast,91.90,iPHoP-RF;88.50
NODE_362_length_2084_cov_3.660917,RS_GCF_000196555.1,d__Bacteria;p__Actinobacteriota;c__Actinomycetia;o__Actinomycetales;f__Bifidobacteriaceae;g__Bifidobacterium;s__Bifidobacterium longum,iPHoP-RF,90.10,None
NODE_363_length_1005_cov_2.015789,RS_GCF_002950215.1,d__Bacteria;p__Proteobacteria;c__Gammaproteobacteria;o__Enterobacterales;f__Enterobacteriaceae;g__Escherichia;s__Escherichia flexneri,blast,98.20,iPHoP-RF;94.40
NODE_363_length_1005_cov_2.015789,GB_GCA_003018335.1,d__Bacteria;p__Proteobacteria;c__Gammaproteobacteria;o__Enterobacterales;f__Enterobacteriaceae;g__Escherichia;s__Escherichia coli_C,blast,96.90,iPHoP-RF;93.70
NODE_363_length_1005_cov_2.015789,RS_GCF_000026225.1,d__Bacteria;p__Proteobacteria;c__Gammaproteobacteria;o__Enterobacterales;f__Enterobacteriaceae;g__Escherichia;s__Escherichia fergusonii,blast,96.90,iPHoP-RF;95.10
NODE_363_length_1005_cov_2.015789,RS_GCF_000026325.1,d__Bacteria;p__Proteobacteria;c__Gammaproteobacteria;o__Enterobacterales;f__Enterobacteriaceae;g__Escherichia;s__Escherichia coli_D,blast,96.90,iPHoP-RF;93.70
NODE_363_length_1005_cov_2.015789,RS_GCF_000208585.1,d__Bacteria;p__Proteobacteria;c__Gammaproteobacteria;o__Enterobacterales;f__Enterobacteriaceae;g__Escherichia;s__Escherichia sp000208585,blast,96.90,iPHoP-RF;92.80
NODE_363_length_1005_cov_2.015789,RS_GCF_002900365.1,d__Bacteria;p__Proteobacteria;c__Gammaproteobacteria;o__Enterobacterales;f__Enterobacteriaceae;g__Escherichia;s__Escherichia marmotae,blast,96.90,iPHoP-RF;91.80
NODE_363_length_1005_cov_2.015789,RS_GCF_002949675.1,d__Bacteria;p__Proteobacteria;c__Gammaproteobacteria;o__Enterobacterales;f__Enterobacteriaceae;g__Escherichia;s__Escherichia dysenteriae,blast,96.90,iPHoP-RF;95.70
NODE_363_length_1005_cov_2.015789,RS_GCF_011881725.1,d__Bacteria;p__Proteobacteria;c__Gammaproteobacteria;o__Enterobacterales;f__Enterobacteriaceae;g__Escherichia;s__Escherichia coli_E,blast,96.90,iPHoP-RF;95.10
NODE_363_length_1005_cov_2.015789,RS_GCF_003697165.2,d__Bacteria;p__Proteobacteria;c__Gammaproteobacteria;o__Enterobacterales;f__Enterobacteriaceae;g__Escherichia;s__Escherichia coli,blast,96.60,iPHoP-RF;92.10
NODE_363_length_1005_cov_2.015789,RS_GCF_001660175.1,d__Bacteria;p__Proteobacteria;c__Gammaproteobacteria;o__Enterobacterales;f__Enterobacteriaceae;g__Escherichia;s__Escherichia sp001660175,iPHoP-RF,94.40,None
NODE_363_length_1005_cov_2.015789,RS_GCF_004211955.1,d__Bacteria;p__Proteobacteria;c__Gammaproteobacteria;o__Enterobacterales;f__Enterobacteriaceae;g__Escherichia;s__Escherichia sp004211955,iPHoP-RF,94.10,None
NODE_363_length_1005_cov_2.015789,RS_GCF_002965065.1,d__Bacteria;p__Proteobacteria;c__Gammaproteobacteria;o__Enterobacterales;f__Enterobacteriaceae;g__Escherichia;s__Escherichia sp002965065,iPHoP-RF,91.80,None
NODE_363_length_1005_cov_2.015789,RS_GCF_005843885.1,d__Bacteria;p__Proteobacteria;c__Gammaproteobacteria;o__Enterobacterales;f__Enterobacteriaceae;g__Escherichia;s__Escherichia sp005843885,iPHoP-RF,91.80,None
NODE_363_length_1005_cov_2.015789,RS_GCF_000759775.1,d__Bacteria;p__Proteobacteria;c__Gammaproteobacteria;o__Enterobacterales;f__Enterobacteriaceae;g__Escherichia;s__Escherichia albertii,blast,91.60,iPHoP-RF;88.20
NODE_363_length_2807_cov_5.267078,RS_GCF_003293635.1,d__Bacteria;p__Firmicutes_A;c__Clostridia;o__Oscillospirales;f__Ruminococcaceae;g__Faecalibacterium;s__Faecalibacterium prausnitzii_G,blast,93.80,iPHoP-RF;85.70 CRISPR;62.60
NODE_363_length_2807_cov_5.267078,RS_GCF_002549755.1,d__Bacteria;p__Firmicutes_A;c__Clostridia;o__Oscillospirales;f__Ruminococcaceae;g__Faecalibacterium;s__Faecalibacterium prausnitzii_D,blast,92.10,iPHoP-RF;88.50
NODE_363_length_2807_cov_5.267078,GB_GCA_004558805.1,d__Bacteria;p__Firmicutes_A;c__Clostridia;o__Oscillospirales;f__Ruminococcaceae;g__Faecalibacterium;s__Faecalibacterium prausnitzii_M,blast,90.60,iPHoP-RF;72.40
NODE_366_length_3628_cov_5.400784,RS_GCF_000315485.1,d__Bacteria;p__Bacteroidota;c__Bacteroidia;o__Bacteroidales;f__Bacteroidaceae;g__Bacteroides;s__Bacteroides oleiciplenus,iPHoP-RF,95.70,blast;90.40
NODE_366_length_3628_cov_5.400784,RS_GCF_000025985.1,d__Bacteria;p__Bacteroidota;c__Bacteroidia;o__Bacteroidales;f__Bacteroidaceae;g__Bacteroides;s__Bacteroides fragilis,blast,95.50,iPHoP-RF;92.10
NODE_366_length_3628_cov_5.400784,RS_GCF_009193295.2,d__Bacteria;p__Bacteroidota;c__Bacteroidia;o__Bacteroidales;f__Bacteroidaceae;g__Bacteroides;s__Bacteroides sp007097645,iPHoP-RF,95.40,blast;90.70
NODE_366_length_3628_cov_5.400784,GB_GCA_900755095.1,d__Bacteria;p__Bacteroidota;c__Bacteroidia;o__Bacteroidales;f__Bacteroidaceae;g__Bacteroides;s__Bacteroides sp900755095,iPHoP-RF,94.70,None
NODE_366_length_3628_cov_5.400784,GB_GCA_900761785.1,d__Bacteria;p__Bacteroidota;c__Bacteroidia;o__Bacteroidales;f__Bacteroidaceae;g__Bacteroides;s__Bacteroides sp900761785,iPHoP-RF,94.70,None
NODE_366_length_3628_cov_5.400784,RS_GCF_014334015.1,d__Bacteria;p__Bacteroidota;c__Bacteroidia;o__Bacteroidales;f__Bacteroidaceae;g__Bacteroides;s__Bacteroides sp003463205,iPHoP-RF,94.40,None
NODE_366_length_3628_cov_5.400784,RS_GCF_001314995.1,d__Bacteria;p__Bacteroidota;c__Bacteroidia;o__Bacteroidales;f__Bacteroidaceae;g__Bacteroides;s__Bacteroides ovatus,iPHoP-RF,94.10,None
NODE_366_length_3628_cov_5.400784,RS_GCF_009193325.2,d__Bacteria;p__Bacteroidota;c__Bacteroidia;o__Bacteroidales;f__Bacteroidaceae;g__Bacteroides;s__Bacteroides sp900066265,iPHoP-RF,94.10,None
NODE_366_length_3628_cov_5.400784,RS_GCF_900106755.1,d__Bacteria;p__Bacteroidota;c__Bacteroidia;o__Bacteroidales;f__Bacteroidaceae;g__Bacteroides;s__Bacteroides faecis,iPHoP-RF,94.10,None
NODE_366_length_3628_cov_5.400784,RS_GCF_902362375.1,d__Bacteria;p__Bacteroidota;c__Bacteroidia;o__Bacteroidales;f__Bacteroidaceae;g__Bacteroides;s__Bacteroides sp902362375,iPHoP-RF,94.10,None
NODE_366_length_3628_cov_5.400784,RS_GCF_000614145.1,d__Bacteria;p__Bacteroidota;c__Bacteroidia;o__Bacteroidales;f__Bacteroidaceae;g__Bacteroides;s__Bacteroides faecichinchillae,iPHoP-RF,93.40,None
NODE_366_length_3628_cov_5.400784,RS_GCF_003865075.1,d__Bacteria;p__Bacteroidota;c__Bacteroidia;o__Bacteroidales;f__Bacteroidaceae;g__Bacteroides;s__Bacteroides sp003865075,iPHoP-RF,93.40,None
NODE_366_length_3628_cov_5.400784,GB_GCA_900552405.1,d__Bacteria;p__Bacteroidota;c__Bacteroidia;o__Bacteroidales;f__Bacteroidaceae;g__Bacteroides;s__Bacteroides sp900552405,iPHoP-RF,93.10,None
NODE_366_length_3628_cov_5.400784,RS_GCF_000158035.1,d__Bacteria;p__Bacteroidota;c__Bacteroidia;o__Bacteroidales;f__Bacteroidaceae;g__Bacteroides;s__Bacteroides cellulosilyticus,iPHoP-RF,92.80,None
NODE_366_length_3628_cov_5.400784,RS_GCF_900155865.1,d__Bacteria;p__Bacteroidota;c__Bacteroidia;o__Bacteroidales;f__Bacteroidaceae;g__Bacteroides;s__Bacteroides bouchesdurhonensis,iPHoP-RF,92.80,None
NODE_366_length_3628_cov_5.400784,GB_GCA_002293435.1,d__Bacteria;p__Bacteroidota;c__Bacteroidia;o__Bacteroidales;f__Bacteroidaceae;g__Bacteroides;s__Bacteroides sp002293435,iPHoP-RF,92.40,None
NODE_366_length_3628_cov_5.400784,RS_GCF_000513195.1,d__Bacteria;p__Bacteroidota;c__Bacteroidia;o__Bacteroidales;f__Bacteroidaceae;g__Bacteroides;s__Bacteroides timonensis,iPHoP-RF,91.80,None
NODE_366_length_3628_cov_5.400784,RS_GCF_000172175.1,d__Bacteria;p__Bacteroidota;c__Bacteroidia;o__Bacteroidales;f__Bacteroidaceae;g__Bacteroides;s__Bacteroides intestinalis,iPHoP-RF,91.10,None
NODE_366_length_3628_cov_5.400784,GB_GCA_900557355.1,d__Bacteria;p__Bacteroidota;c__Bacteroidia;o__Bacteroidales;f__Bacteroidaceae;g__Bacteroides;s__Bacteroides sp900557355,iPHoP-RF,90.50,None
NODE_367_length_2068_cov_3.520616,RS_GCF_000614185.1,d__Bacteria;p__Bacteroidota;c__Bacteroidia;o__Bacteroidales;f__Bacteroidaceae;g__Phocaeicola;s__Phocaeicola sartorii,iPHoP-RF,96.40,None
NODE_367_length_2068_cov_3.520616,RS_GCF_900760795.1,d__Bacteria;p__Bacteroidota;c__Bacteroidia;o__Bacteroidales;f__Bacteroidaceae;g__Phocaeicola;s__Phocaeicola sp900760795,iPHoP-RF,95.40,None
NODE_367_length_2068_cov_3.520616,RS_GCF_000012825.1,d__Bacteria;p__Bacteroidota;c__Bacteroidia;o__Bacteroidales;f__Bacteroidaceae;g__Phocaeicola;s__Phocaeicola vulgatus,iPHoP-RF,95.10,None
NODE_367_length_2068_cov_3.520616,RS_GCF_013009555.1,d__Bacteria;p__Bacteroidota;c__Bacteroidia;o__Bacteroidales;f__Bacteroidaceae;g__Phocaeicola;s__Phocaeicola dorei,iPHoP-RF,94.40,None
NODE_367_length_2068_cov_3.520616,RS_GCF_011959205.1,d__Bacteria;p__Bacteroidota;c__Bacteroidia;o__Bacteroidales;f__Bacteroidaceae;g__Phocaeicola;s__Phocaeicola sp011959205,iPHoP-RF,93.40,None
NODE_367_length_2068_cov_3.520616,RS_GCF_900130125.1,d__Bacteria;p__Bacteroidota;c__Bacteroidia;o__Bacteroidales;f__Bacteroidaceae;g__Bacteroides;s__Bacteroides congonensis,iPHoP-RF,90.50,None
NODE_367_length_2068_cov_3.520616,RS_GCF_000613385.1,d__Bacteria;p__Bacteroidota;c__Bacteroidia;o__Bacteroidales;f__Bacteroidaceae;g__Bacteroides;s__Bacteroides acidifaciens,iPHoP-RF,90.10,None
NODE_367_length_3982_cov_6.343519,RS_GCF_000025985.1,d__Bacteria;p__Bacteroidota;c__Bacteroidia;o__Bacteroidales;f__Bacteroidaceae;g__Bacteroides;s__Bacteroides fragilis,blast,95.50,iPHoP-RF;89.80
NODE_367_length_3982_cov_6.343519,RS_GCF_002849695.1,d__Bacteria;p__Bacteroidota;c__Bacteroidia;o__Bacteroidales;f__Bacteroidaceae;g__Bacteroides;s__Bacteroides fragilis_A,blast,91.50,iPHoP-RF;79.80
NODE_367_length_3982_cov_6.343519,RS_GCF_902364365.1,d__Bacteria;p__Bacteroidota;c__Bacteroidia;o__Bacteroidales;f__Bacteroidaceae;g__Bacteroides;s__Bacteroides sp900556215,iPHoP-RF,91.10,None
NODE_367_length_3982_cov_6.343519,GB_GCA_000210075.1,d__Bacteria;p__Bacteroidota;c__Bacteroidia;o__Bacteroidales;f__Bacteroidaceae;g__Bacteroides;s__Bacteroides xylanisolvens,iPHoP-RF,90.80,None
NODE_36_length_24676_cov_54.263556,RS_GCF_014131695.1,d__Bacteria;p__Firmicutes;c__Bacilli;o__Erysipelotrichales;f__Erysipelatoclostridiaceae;g__Erysipelatoclostridium;s__Erysipelatoclostridium ramosum,blast,96.90,CRISPR;85.80 iPHoP-RF;79.00
NODE_36_length_49500_cov_28.060916,RS_GCF_001544095.1,d__Bacteria;p__Firmicutes;c__Bacilli;o__Lactobacillales;f__Enterococcaceae;g__Enterococcus_D;s__Enterococcus_D casseliflavus,blast,96.80,iPHoP-RF;95.70
NODE_36_length_49500_cov_28.060916,RS_GCF_001297065.1,d__Bacteria;p__Firmicutes;c__Bacilli;o__Lactobacillales;f__Enterococcaceae;g__Enterococcus_D;s__Enterococcus_D sp001297065,blast,96.50,iPHoP-RF;95.40
NODE_36_length_49500_cov_28.060916,RS_GCF_002850555.1,d__Bacteria;p__Firmicutes;c__Bacilli;o__Lactobacillales;f__Enterococcaceae;g__Enterococcus_D;s__Enterococcus_D sp002850555,iPHoP-RF,96.40,blast;96.30
NODE_36_length_49500_cov_28.060916,RS_GCF_001886185.1,d__Bacteria;p__Firmicutes;c__Bacilli;o__Lactobacillales;f__Enterococcaceae;g__Enterococcus_A;s__Enterococcus_A raffinosus,iPHoP-RF,96.10,None
NODE_36_length_49500_cov_28.060916,RS_GCF_002141365.1,d__Bacteria;p__Firmicutes;c__Bacilli;o__Lactobacillales;f__Enterococcaceae;g__Enterococcus;s__Enterococcus sp002141365,iPHoP-RF,95.70,None
NODE_36_length_49500_cov_28.060916,RS_GCF_002197645.1,d__Bacteria;p__Firmicutes;c__Bacilli;o__Lactobacillales;f__Enterococcaceae;g__Enterococcus;s__Enterococcus wangshanyuanii,iPHoP-RF,95.70,None
NODE_36_length_49500_cov_28.060916,RS_GCF_001730365.1,d__Bacteria;p__Firmicutes;c__Bacilli;o__Lactobacillales;f__Enterococcaceae;g__Enterococcus;s__Enterococcus quebecensis,iPHoP-RF,95.10,None
NODE_36_length_49500_cov_28.060916,RS_GCF_004309355.1,d__Bacteria;p__Firmicutes;c__Bacilli;o__Lactobacillales;f__Enterococcaceae;g__Enterococcus_A;s__Enterococcus_A florum,iPHoP-RF,95.10,None
NODE_36_length_49500_cov_28.060916,RS_GCF_001544255.1,d__Bacteria;p__Firmicutes;c__Bacilli;o__Lactobacillales;f__Enterococcaceae;g__Enterococcus_B;s__Enterococcus_B faecium,iPHoP-RF,94.70,blast;85.20
NODE_36_length_49500_cov_28.060916,RS_GCF_009735405.1,d__Bacteria;p__Firmicutes;c__Bacilli;o__Lactobacillales;f__Enterococcaceae;g__Enterococcus_B;s__Enterococcus_B lactis,iPHoP-RF,94.70,blast;85.20
NODE_36_length_49500_cov_28.060916,RS_GCF_001544275.1,d__Bacteria;p__Firmicutes;c__Bacilli;o__Lactobacillales;f__Enterococcaceae;g__Enterococcus_D;s__Enterococcus_D gallinarum,blast,94.60,iPHoP-RF;94.40
NODE_36_length_49500_cov_28.060916,RS_GCF_000407165.1,d__Bacteria;p__Firmicutes;c__Bacilli;o__Lactobacillales;f__Enterococcaceae;g__Enterococcus;s__Enterococcus haemoperoxidus,iPHoP-RF,94.10,None
NODE_36_length_49500_cov_28.060916,RS_GCF_001885905.1,d__Bacteria;p__Firmicutes;c__Bacilli;o__Lactobacillales;f__Enterococcaceae;g__Enterococcus_A;s__Enterococcus_A devriesei,iPHoP-RF,93.70,None
NODE_36_length_49500_cov_28.060916,RS_GCF_001886265.1,d__Bacteria;p__Firmicutes;c__Bacilli;o__Lactobacillales;f__Enterococcaceae;g__Enterococcus_B;s__Enterococcus_B thailandicus,iPHoP-RF,93.70,None
NODE_36_length_49500_cov_28.060916,RS_GCF_002140975.1,d__Bacteria;p__Firmicutes;c__Bacilli;o__Lactobacillales;f__Enterococcaceae;g__Enterococcus;s__Enterococcus sp002140975,iPHoP-RF,93.70,None
NODE_36_length_49500_cov_28.060916,RS_GCF_000407545.1,d__Bacteria;p__Firmicutes;c__Bacilli;o__Lactobacillales;f__Enterococcaceae;g__Enterococcus_A;s__Enterococcus_A gilvus,iPHoP-RF,93.40,None
NODE_36_length_49500_cov_28.060916,RS_GCF_001886195.1,d__Bacteria;p__Firmicutes;c__Bacilli;o__Lactobacillales;f__Enterococcaceae;g__Enterococcus_B;s__Enterococcus_B ratti,iPHoP-RF,93.40,None
NODE_36_length_49500_cov_28.060916,RS_GCF_000407445.1,d__Bacteria;p__Firmicutes;c__Bacilli;o__Lactobacillales;f__Enterococcaceae;g__Enterococcus;s__Enterococcus moraviensis,iPHoP-RF,92.80,None
NODE_36_length_49500_cov_28.060916,RS_GCF_001885945.1,d__Bacteria;p__Firmicutes;c__Bacilli;o__Lactobacillales;f__Enterococcaceae;g__Enterococcus_A;s__Enterococcus_A hermanniensis,iPHoP-RF,92.80,None
NODE_36_length_49500_cov_28.060916,RS_GCF_001730295.1,d__Bacteria;p__Firmicutes;c__Bacilli;o__Lactobacillales;f__Enterococcaceae;g__Enterococcus;s__Enterococcus plantarum,iPHoP-RF,91.80,None
NODE_36_length_49500_cov_28.060916,RS_GCF_001730285.1,d__Bacteria;p__Firmicutes;c__Bacilli;o__Lactobacillales;f__Enterococcaceae;g__Enterococcus;s__Enterococcus ureasiticus,iPHoP-RF,91.40,None
NODE_36_length_49500_cov_28.060916,GB_GCA_001465345.1,d__Bacteria;p__Firmicutes;c__Bacilli;o__Lactobacillales;f__Enterococcaceae;g__Enterococcus;s__Enterococcus rotai,iPHoP-RF,90.80,None
NODE_36_length_9075_cov_4.509534,RS_GCF_000411415.1,d__Bacteria;p__Actinobacteriota;c__Actinomycetia;o__Actinomycetales;f__Actinomycetaceae;g__Pauljensenia;s__Pauljensenia sp000411415,CRISPR,98.80,iPHoP-RF;60.90
NODE_36_length_9075_cov_4.509534,3300007979_25,d__Bacteria;p__Actinobacteriota;c__Actinomycetia;o__Actinomycetales;f__Actinomycetaceae;g__Pauljensenia;s__,CRISPR,98.60,iPHoP-RF;70.40
NODE_36_length_9075_cov_4.509534,RS_GCF_009730335.1,d__Bacteria;p__Actinobacteriota;c__Actinomycetia;o__Actinomycetales;f__Actinomycetaceae;g__Pauljensenia;s__Pauljensenia odontolytica_A,CRISPR,98.60,None
NODE_36_length_9075_cov_4.509534,3300006459_6,d__Bacteria;p__Actinobacteriota;c__Actinomycetia;o__Actinomycetales;f__Actinomycetaceae;g__Pauljensenia;s__,CRISPR,98.50,iPHoP-RF;53.30
NODE_36_length_9075_cov_4.509534,RS_GCF_000466265.1,d__Bacteria;p__Actinobacteriota;c__Actinomycetia;o__Actinomycetales;f__Actinomycetaceae;g__Pauljensenia;s__Pauljensenia sp000466265,CRISPR,97.80,None
NODE_36_length_9075_cov_4.509534,RS_GCF_900128465.1,d__Bacteria;p__Actinobacteriota;c__Actinomycetia;o__Actinomycetales;f__Actinomycetaceae;g__Pauljensenia;s__Pauljensenia bouchesdurhonensis,CRISPR,96.80,None
NODE_36_length_9075_cov_4.509534,RS_GCF_002847525.1,d__Bacteria;p__Actinobacteriota;c__Actinomycetia;o__Actinomycetales;f__Actinomycetaceae;g__Pauljensenia;s__Pauljensenia odontolytica_B,CRISPR,96.60,None
NODE_36_length_9075_cov_4.509534,RS_GCF_000278725.1,d__Bacteria;p__Actinobacteriota;c__Actinomycetia;o__Actinomycetales;f__Actinomycetaceae;g__Pauljensenia;s__Pauljensenia sp000278725,CRISPR,96.20,None
NODE_36_length_9075_cov_4.509534,RS_GCF_001064145.1,d__Bacteria;p__Actinobacteriota;c__Actinomycetia;o__Actinomycetales;f__Actinomycetaceae;g__Pauljensenia;s__Pauljensenia sp001064145,CRISPR,95.80,None
NODE_371_length_2568_cov_115.452049,RS_GCF_001544255.1,d__Bacteria;p__Firmicutes;c__Bacilli;o__Lactobacillales;f__Enterococcaceae;g__Enterococcus_B;s__Enterococcus_B faecium,blast,98.80,iPHoP-RF;83.10
NODE_371_length_2568_cov_115.452049,RS_GCF_009735405.1,d__Bacteria;p__Firmicutes;c__Bacilli;o__Lactobacillales;f__Enterococcaceae;g__Enterococcus_B;s__Enterococcus_B lactis,blast,92.60,iPHoP-RF;83.60
NODE_371_length_2568_cov_115.452049,RS_GCF_001544215.1,d__Bacteria;p__Firmicutes;c__Bacilli;o__Lactobacillales;f__Enterococcaceae;g__Enterococcus_B;s__Enterococcus_B durans,blast,90.30,iPHoP-RF;68.90
NODE_374_length_4296_cov_9.283660,RS_GCF_002950215.1,d__Bacteria;p__Proteobacteria;c__Gammaproteobacteria;o__Enterobacterales;f__Enterobacteriaceae;g__Escherichia;s__Escherichia flexneri,blast,96.00,iPHoP-RF;88.50
NODE_374_length_4296_cov_9.283660,RS_GCF_002949675.1,d__Bacteria;p__Proteobacteria;c__Gammaproteobacteria;o__Enterobacterales;f__Enterobacteriaceae;g__Escherichia;s__Escherichia dysenteriae,blast,94.40,iPHoP-RF;89.20
NODE_374_length_4296_cov_9.283660,RS_GCF_003697165.2,d__Bacteria;p__Proteobacteria;c__Gammaproteobacteria;o__Enterobacterales;f__Enterobacteriaceae;g__Escherichia;s__Escherichia coli,blast,94.40,iPHoP-RF;87.30
NODE_374_length_4296_cov_9.283660,RS_GCF_000026325.1,d__Bacteria;p__Proteobacteria;c__Gammaproteobacteria;o__Enterobacterales;f__Enterobacteriaceae;g__Escherichia;s__Escherichia coli_D,blast,93.80,iPHoP-RF;87.60
NODE_374_length_4296_cov_9.283660,RS_GCF_000208585.1,d__Bacteria;p__Proteobacteria;c__Gammaproteobacteria;o__Enterobacterales;f__Enterobacteriaceae;g__Escherichia;s__Escherichia sp000208585,blast,93.70,iPHoP-RF;86.70
NODE_374_length_4296_cov_9.283660,GB_GCA_900635425.1,d__Bacteria;p__Proteobacteria;c__Gammaproteobacteria;o__Enterobacterales;f__Enterobacteriaceae;g__Citrobacter;s__Citrobacter freundii,blast,93.40,iPHoP-RF;74.80
NODE_374_length_4296_cov_9.283660,RS_GCF_003818115.1,d__Bacteria;p__Proteobacteria;c__Gammaproteobacteria;o__Enterobacterales;f__Enterobacteriaceae;g__Citrobacter;s__Citrobacter youngae,blast,93.30,iPHoP-RF;68.20
NODE_374_length_4296_cov_9.283660,RS_GCF_002249995.1,d__Bacteria;p__Proteobacteria;c__Gammaproteobacteria;o__Enterobacterales;f__Enterobacteriaceae;g__Citrobacter_A;s__Citrobacter_A farmeri,blast,92.30,iPHoP-RF;70.00
NODE_375_length_1379_cov_2.361027,RS_GCF_000026325.1,d__Bacteria;p__Proteobacteria;c__Gammaproteobacteria;o__Enterobacterales;f__Enterobacteriaceae;g__Escherichia;s__Escherichia coli_D,blast,96.10,iPHoP-RF;70.40
NODE_375_length_1379_cov_2.361027,RS_GCF_000026225.1,d__Bacteria;p__Proteobacteria;c__Gammaproteobacteria;o__Enterobacterales;f__Enterobacteriaceae;g__Escherichia;s__Escherichia fergusonii,blast,95.90,iPHoP-RF;70.20
NODE_375_length_1379_cov_2.361027,RS_GCF_002949675.1,d__Bacteria;p__Proteobacteria;c__Gammaproteobacteria;o__Enterobacterales;f__Enterobacteriaceae;g__Escherichia;s__Escherichia dysenteriae,blast,95.90,iPHoP-RF;68.60
NODE_375_length_1379_cov_2.361027,RS_GCF_003697165.2,d__Bacteria;p__Proteobacteria;c__Gammaproteobacteria;o__Enterobacterales;f__Enterobacteriaceae;g__Escherichia;s__Escherichia coli,blast,95.50,iPHoP-RF;67.70
NODE_375_length_1379_cov_2.361027,RS_GCF_002950215.1,d__Bacteria;p__Proteobacteria;c__Gammaproteobacteria;o__Enterobacterales;f__Enterobacteriaceae;g__Escherichia;s__Escherichia flexneri,blast,94.40,iPHoP-RF;65.80
NODE_378_length_7249_cov_5.952043,RS_GCF_011881725.1,d__Bacteria;p__Proteobacteria;c__Gammaproteobacteria;o__Enterobacterales;f__Enterobacteriaceae;g__Escherichia;s__Escherichia coli_E,blast,93.90,iPHoP-RF;87.90
NODE_378_length_7249_cov_5.952043,RS_GCF_000026325.1,d__Bacteria;p__Proteobacteria;c__Gammaproteobacteria;o__Enterobacterales;f__Enterobacteriaceae;g__Escherichia;s__Escherichia coli_D,blast,93.80,iPHoP-RF;90.50
NODE_378_length_7249_cov_5.952043,RS_GCF_002950215.1,d__Bacteria;p__Proteobacteria;c__Gammaproteobacteria;o__Enterobacterales;f__Enterobacteriaceae;g__Escherichia;s__Escherichia flexneri,blast,93.40,iPHoP-RF;90.80
NODE_378_length_7249_cov_5.952043,RS_GCF_000208585.1,d__Bacteria;p__Proteobacteria;c__Gammaproteobacteria;o__Enterobacterales;f__Enterobacteriaceae;g__Escherichia;s__Escherichia sp000208585,iPHoP-RF,92.10,None
NODE_378_length_7249_cov_5.952043,RS_GCF_002949675.1,d__Bacteria;p__Proteobacteria;c__Gammaproteobacteria;o__Enterobacterales;f__Enterobacteriaceae;g__Escherichia;s__Escherichia dysenteriae,iPHoP-RF,92.10,None
NODE_378_length_7249_cov_5.952043,RS_GCF_003697165.2,d__Bacteria;p__Proteobacteria;c__Gammaproteobacteria;o__Enterobacterales;f__Enterobacteriaceae;g__Escherichia;s__Escherichia coli,iPHoP-RF,92.10,None
NODE_378_length_7249_cov_5.952043,RS_GCF_004211955.1,d__Bacteria;p__Proteobacteria;c__Gammaproteobacteria;o__Enterobacterales;f__Enterobacteriaceae;g__Escherichia;s__Escherichia sp004211955,iPHoP-RF,92.10,None
NODE_378_length_7249_cov_5.952043,RS_GCF_005843885.1,d__Bacteria;p__Proteobacteria;c__Gammaproteobacteria;o__Enterobacterales;f__Enterobacteriaceae;g__Escherichia;s__Escherichia sp005843885,iPHoP-RF,92.10,None
NODE_378_length_7249_cov_5.952043,GB_GCA_003018335.1,d__Bacteria;p__Proteobacteria;c__Gammaproteobacteria;o__Enterobacterales;f__Enterobacteriaceae;g__Escherichia;s__Escherichia coli_C,iPHoP-RF,91.80,None
NODE_378_length_7249_cov_5.952043,RS_GCF_001660175.1,d__Bacteria;p__Proteobacteria;c__Gammaproteobacteria;o__Enterobacterales;f__Enterobacteriaceae;g__Escherichia;s__Escherichia sp001660175,iPHoP-RF,91.10,None
NODE_378_length_7249_cov_5.952043,RS_GCF_000026225.1,d__Bacteria;p__Proteobacteria;c__Gammaproteobacteria;o__Enterobacterales;f__Enterobacteriaceae;g__Escherichia;s__Escherichia fergusonii,iPHoP-RF,90.80,None
NODE_378_length_7249_cov_5.952043,RS_GCF_002965065.1,d__Bacteria;p__Proteobacteria;c__Gammaproteobacteria;o__Enterobacterales;f__Enterobacteriaceae;g__Escherichia;s__Escherichia sp002965065,iPHoP-RF,90.80,None
NODE_3794_length_1001_cov_2.216702,RS_GCF_000239295.1,d__Bacteria;p__Firmicutes_A;c__Clostridia;o__Oscillospirales;f__Oscillospiraceae;g__Flavonifractor;s__Flavonifractor plautii,blast,91.00,iPHoP-RF;68.00
NODE_3800_length_1000_cov_3.014815,RS_GCF_014288065.1,d__Bacteria;p__Firmicutes_A;c__Clostridia;o__Oscillospirales;f__Acutalibacteraceae;g__Ruminococcus_E;s__Ruminococcus_E sp003526955,blast,92.00,None
NODE_383_length_1007_cov_2.172269,RS_GCF_002950215.1,d__Bacteria;p__Proteobacteria;c__Gammaproteobacteria;o__Enterobacterales;f__Enterobacteriaceae;g__Escherichia;s__Escherichia flexneri,blast,97.70,iPHoP-RF;72.20
NODE_383_length_1007_cov_2.172269,GB_GCA_003018335.1,d__Bacteria;p__Proteobacteria;c__Gammaproteobacteria;o__Enterobacterales;f__Enterobacteriaceae;g__Escherichia;s__Escherichia coli_C,blast,97.10,iPHoP-RF;73.90
NODE_383_length_1007_cov_2.172269,RS_GCF_000026325.1,d__Bacteria;p__Proteobacteria;c__Gammaproteobacteria;o__Enterobacterales;f__Enterobacteriaceae;g__Escherichia;s__Escherichia coli_D,blast,97.10,iPHoP-RF;69.30
NODE_383_length_1007_cov_2.172269,RS_GCF_002949675.1,d__Bacteria;p__Proteobacteria;c__Gammaproteobacteria;o__Enterobacterales;f__Enterobacteriaceae;g__Escherichia;s__Escherichia dysenteriae,blast,97.10,iPHoP-RF;71.50
NODE_383_length_1007_cov_2.172269,RS_GCF_003697165.2,d__Bacteria;p__Proteobacteria;c__Gammaproteobacteria;o__Enterobacterales;f__Enterobacteriaceae;g__Escherichia;s__Escherichia coli,blast,96.40,iPHoP-RF;72.60
NODE_383_length_1007_cov_2.172269,RS_GCF_000759775.1,d__Bacteria;p__Proteobacteria;c__Gammaproteobacteria;o__Enterobacterales;f__Enterobacteriaceae;g__Escherichia;s__Escherichia albertii,blast,92.40,iPHoP-RF;70.00
NODE_385_length_1994_cov_3.674059,RS_GCF_000157935.1,d__Bacteria;p__Bacteroidota;c__Bacteroidia;o__Bacteroidales;f__Bacteroidaceae;g__Prevotella;s__Prevotella copri,blast,94.40,iPHoP-RF;63.50
NODE_385_length_1994_cov_3.674059,RS_GCF_902167755.1,d__Bacteria;p__Bacteroidota;c__Bacteroidia;o__Bacteroidales;f__Bacteroidaceae;g__Prevotella;s__Prevotella sp900557255,blast,94.40,iPHoP-RF;64.80
NODE_385_length_1994_cov_3.674059,GB_GCA_900544825.1,d__Bacteria;p__Bacteroidota;c__Bacteroidia;o__Bacteroidales;f__Bacteroidaceae;g__Prevotella;s__Prevotella sp900544825,blast,93.00,None
NODE_387_length_2564_cov_9.634914,RS_GCF_001077535.1,d__Bacteria;p__Firmicutes_A;c__Clostridia;o__Peptostreptococcales;f__Peptostreptococcaceae;g__Clostridioides;s__Clostridioides difficile,blast,91.90,iPHoP-RF;91.40 CRISPR;68.80
NODE_388_length_2614_cov_8.046893,RS_GCF_001953955.1,d__Bacteria;p__Bacteroidota;c__Bacteroidia;o__Bacteroidales;f__Bacteroidaceae;g__Prevotella;s__Prevotella intermedia,blast,95.50,iPHoP-RF;95.10
NODE_388_length_2614_cov_8.046893,RS_GCF_000220255.1,d__Bacteria;p__Bacteroidota;c__Bacteroidia;o__Bacteroidales;f__Bacteroidaceae;g__Prevotella;s__Prevotella pallens,blast,95.10,iPHoP-RF;53.00
NODE_388_length_2614_cov_8.046893,RS_GCF_000613945.1,d__Bacteria;p__Bacteroidota;c__Bacteroidia;o__Bacteroidales;f__Bacteroidaceae;g__Prevotella;s__Prevotella falsenii,iPHoP-RF,93.40,blast;92.00
NODE_388_length_2614_cov_8.046893,RS_GCF_000220235.1,d__Bacteria;p__Bacteroidota;c__Bacteroidia;o__Bacteroidales;f__Bacteroidaceae;g__Prevotella;s__Prevotella nigrescens,blast,91.70,iPHoP-RF;70.20
NODE_388_length_2614_cov_8.046893,RS_GCF_000614025.1,d__Bacteria;p__Bacteroidota;c__Bacteroidia;o__Bacteroidales;f__Bacteroidaceae;g__Prevotella;s__Prevotella aurantiaca,blast,91.60,iPHoP-RF;53.80
NODE_388_length_2614_cov_8.046893,RS_GCF_000688375.1,d__Bacteria;p__Bacteroidota;c__Bacteroidia;o__Bacteroidales;f__Bacteroidaceae;g__Prevotella;s__Prevotella sp000688375,blast,91.00,None
NODE_388_length_2614_cov_8.046893,RS_GCF_000144405.1,d__Bacteria;p__Bacteroidota;c__Bacteroidia;o__Bacteroidales;f__Bacteroidaceae;g__Prevotella;s__Prevotella melaninogenica,blast,90.10,iPHoP-RF;65.30
NODE_389_length_1139_cov_2.783210,RS_GCF_001077535.1,d__Bacteria;p__Firmicutes_A;c__Clostridia;o__Peptostreptococcales;f__Peptostreptococcaceae;g__Clostridioides;s__Clostridioides difficile,blast,97.60,CRISPR;68.20 iPHoP-RF;62.50
NODE_389_length_1139_cov_2.783210,RS_GCF_900243075.1,d__Bacteria;p__Firmicutes_A;c__Clostridia;o__Peptostreptococcales;f__Peptostreptococcaceae;g__Clostridioides;s__Clostridioides difficile_D,blast,96.10,iPHoP-RF;63.50
NODE_389_length_1139_cov_2.783210,RS_GCF_000449425.2,d__Bacteria;p__Firmicutes_A;c__Clostridia;o__Peptostreptococcales;f__Peptostreptococcaceae;g__Clostridioides;s__Clostridioides difficile_E,blast,91.70,iPHoP-RF;57.30
NODE_389_length_1139_cov_2.783210,RS_GCF_001299635.1,d__Bacteria;p__Firmicutes_A;c__Clostridia;o__Peptostreptococcales;f__Peptostreptococcaceae;g__Clostridioides;s__Clostridioides difficile_A,blast,91.40,iPHoP-RF;56.00
NODE_38_length_18790_cov_8.740806,RS_GCF_002950215.1,d__Bacteria;p__Proteobacteria;c__Gammaproteobacteria;o__Enterobacterales;f__Enterobacteriaceae;g__Escherichia;s__Escherichia flexneri,blast,96.70,iPHoP-RF;86.30
NODE_38_length_18790_cov_8.740806,RS_GCF_003697165.2,d__Bacteria;p__Proteobacteria;c__Gammaproteobacteria;o__Enterobacterales;f__Enterobacteriaceae;g__Escherichia;s__Escherichia coli,blast,96.70,iPHoP-RF;87.90
NODE_38_length_18790_cov_8.740806,RS_GCF_000026325.1,d__Bacteria;p__Proteobacteria;c__Gammaproteobacteria;o__Enterobacterales;f__Enterobacteriaceae;g__Escherichia;s__Escherichia coli_D,blast,96.40,iPHoP-RF;89.20
NODE_38_length_18790_cov_8.740806,RS_GCF_002949675.1,d__Bacteria;p__Proteobacteria;c__Gammaproteobacteria;o__Enterobacterales;f__Enterobacteriaceae;g__Escherichia;s__Escherichia dysenteriae,blast,96.20,iPHoP-RF;86.30
NODE_38_length_18790_cov_8.740806,RS_GCF_005843885.1,d__Bacteria;p__Proteobacteria;c__Gammaproteobacteria;o__Enterobacterales;f__Enterobacteriaceae;g__Escherichia;s__Escherichia sp005843885,blast,96.20,iPHoP-RF;86.70
NODE_38_length_18790_cov_8.740806,RS_GCF_000208585.1,d__Bacteria;p__Proteobacteria;c__Gammaproteobacteria;o__Enterobacterales;f__Enterobacteriaceae;g__Escherichia;s__Escherichia sp000208585,blast,96.10,iPHoP-RF;89.50
NODE_38_length_18790_cov_8.740806,RS_GCF_000006945.2,d__Bacteria;p__Proteobacteria;c__Gammaproteobacteria;o__Enterobacterales;f__Enterobacteriaceae;g__Salmonella;s__Salmonella enterica,blast,91.30,iPHoP-RF;88.50
NODE_38_length_18790_cov_8.740806,RS_GCF_008692785.1,d__Bacteria;p__Proteobacteria;c__Gammaproteobacteria;o__Enterobacterales;f__Enterobacteriaceae;g__Salmonella;s__Salmonella diarizonae,blast,90.30,iPHoP-RF;88.50
NODE_38_length_40434_cov_66.147750,RS_GCF_008121495.1,d__Bacteria;p__Firmicutes_A;c__Clostridia;o__Lachnospirales;f__Lachnospiraceae;g__Ruminococcus_B;s__Ruminococcus_B gnavus,blast,98.00,iPHoP-RF;95.10 CRISPR;89.20
NODE_38_length_40434_cov_66.147750,RS_GCF_900104635.1,d__Bacteria;p__Firmicutes_A;c__Clostridia;o__Lachnospirales;f__Lachnospiraceae;g__Faecalimonas;s__Faecalimonas phoceensis,CRISPR,95.80,iPHoP-RF;90.10
NODE_38_length_40434_cov_66.147750,RS_GCF_902362865.1,d__Bacteria;p__Firmicutes_A;c__Clostridia;o__Lachnospirales;f__Lachnospiraceae;g__Lachnoclostridium_B;s__Lachnoclostridium_B sp900066765,iPHoP-RF,92.40,None
NODE_38_length_40434_cov_66.147750,RS_GCF_902381685.1,d__Bacteria;p__Firmicutes_A;c__Clostridia;o__Lachnospirales;f__Lachnospiraceae;g__Faecalimonas;s__Faecalimonas sp000209385,iPHoP-RF,92.40,None
NODE_38_length_40434_cov_66.147750,GB_GCA_004560705.1,d__Bacteria;p__Firmicutes_A;c__Clostridia;o__Lachnospirales;f__Lachnospiraceae;g__Bariatricus;s__Bariatricus sp004560705,iPHoP-RF,91.80,None
NODE_38_length_40434_cov_66.147750,GB_GCA_900544395.1,d__Bacteria;p__Firmicutes_A;c__Clostridia;o__Lachnospirales;f__Lachnospiraceae;g__Ruminococcus_B;s__Ruminococcus_B sp900544395,iPHoP-RF,91.80,blast;90.90
NODE_38_length_40434_cov_66.147750,GB_GCA_900543315.1,d__Bacteria;p__Firmicutes_A;c__Clostridia;o__Lachnospirales;f__Lachnospiraceae;g__Lachnoclostridium_B;s__Lachnoclostridium_B sp900543315,iPHoP-RF,91.40,None
NODE_38_length_46787_cov_228.578148,RS_GCF_000025985.1,d__Bacteria;p__Bacteroidota;c__Bacteroidia;o__Bacteroidales;f__Bacteroidaceae;g__Bacteroides;s__Bacteroides fragilis,CRISPR,98.40,iPHoP-RF;94.40 blast;93.90
NODE_38_length_46787_cov_228.578148,GB_GCA_000210075.1,d__Bacteria;p__Bacteroidota;c__Bacteroidia;o__Bacteroidales;f__Bacteroidaceae;g__Bacteroides;s__Bacteroides xylanisolvens,iPHoP-RF,97.10,None
NODE_38_length_46787_cov_228.578148,GB_GCA_002293435.1,d__Bacteria;p__Bacteroidota;c__Bacteroidia;o__Bacteroidales;f__Bacteroidaceae;g__Bacteroides;s__Bacteroides sp002293435,iPHoP-RF,97.10,None
NODE_38_length_46787_cov_228.578148,GB_GCA_900556625.1,d__Bacteria;p__Bacteroidota;c__Bacteroidia;o__Bacteroidales;f__Bacteroidaceae;g__Bacteroides;s__Bacteroides sp900556625,iPHoP-RF,97.10,None
NODE_38_length_46787_cov_228.578148,GB_GCA_900755095.1,d__Bacteria;p__Bacteroidota;c__Bacteroidia;o__Bacteroidales;f__Bacteroidaceae;g__Bacteroides;s__Bacteroides sp900755095,iPHoP-RF,97.10,None
NODE_38_length_46787_cov_228.578148,GB_GCA_900765805.1,d__Bacteria;p__Bacteroidota;c__Bacteroidia;o__Bacteroidales;f__Bacteroidaceae;g__Bacteroides;s__Bacteroides sp900765805,iPHoP-RF,97.10,None
NODE_38_length_46787_cov_228.578148,RS_GCF_000156195.1,d__Bacteria;p__Bacteroidota;c__Bacteroidia;o__Bacteroidales;f__Bacteroidaceae;g__Bacteroides;s__Bacteroides finegoldii,iPHoP-RF,97.10,None
NODE_38_length_46787_cov_228.578148,RS_GCF_000315485.1,d__Bacteria;p__Bacteroidota;c__Bacteroidia;o__Bacteroidales;f__Bacteroidaceae;g__Bacteroides;s__Bacteroides oleiciplenus,iPHoP-RF,97.10,None
NODE_38_length_46787_cov_228.578148,RS_GCF_000614165.1,d__Bacteria;p__Bacteroidota;c__Bacteroidia;o__Bacteroidales;f__Bacteroidaceae;g__Bacteroides;s__Bacteroides stercorirosoris,iPHoP-RF,97.10,None
NODE_38_length_46787_cov_228.578148,RS_GCF_002222615.2,d__Bacteria;p__Bacteroidota;c__Bacteroidia;o__Bacteroidales;f__Bacteroidaceae;g__Bacteroides;s__Bacteroides caccae,iPHoP-RF,97.10,None
NODE_38_length_46787_cov_228.578148,RS_GCF_003464595.1,d__Bacteria;p__Bacteroidota;c__Bacteroidia;o__Bacteroidales;f__Bacteroidaceae;g__Bacteroides;s__Bacteroides intestinalis_A,iPHoP-RF,97.10,None
NODE_38_length_46787_cov_228.578148,RS_GCF_009193295.2,d__Bacteria;p__Bacteroidota;c__Bacteroidia;o__Bacteroidales;f__Bacteroidaceae;g__Bacteroides;s__Bacteroides sp007097645,iPHoP-RF,97.10,None
NODE_38_length_46787_cov_228.578148,RS_GCF_009193325.2,d__Bacteria;p__Bacteroidota;c__Bacteroidia;o__Bacteroidales;f__Bacteroidaceae;g__Bacteroides;s__Bacteroides sp900066265,iPHoP-RF,97.10,None
NODE_38_length_46787_cov_228.578148,RS_GCF_902362375.1,d__Bacteria;p__Bacteroidota;c__Bacteroidia;o__Bacteroidales;f__Bacteroidaceae;g__Bacteroides;s__Bacteroides sp902362375,iPHoP-RF,97.10,None
NODE_38_length_46787_cov_228.578148,RS_GCF_902364365.1,d__Bacteria;p__Bacteroidota;c__Bacteroidia;o__Bacteroidales;f__Bacteroidaceae;g__Bacteroides;s__Bacteroides sp900556215,iPHoP-RF,97.10,None
NODE_38_length_46787_cov_228.578148,GB_GCA_900552405.1,d__Bacteria;p__Bacteroidota;c__Bacteroidia;o__Bacteroidales;f__Bacteroidaceae;g__Bacteroides;s__Bacteroides sp900552405,iPHoP-RF,96.70,None
NODE_38_length_46787_cov_228.578148,GB_GCA_900760255.1,d__Bacteria;p__Bacteroidota;c__Bacteroidia;o__Bacteroidales;f__Bacteroidaceae;g__Bacteroides;s__Bacteroides sp900760255,iPHoP-RF,96.70,None
NODE_38_length_46787_cov_228.578148,RS_GCF_000158035.1,d__Bacteria;p__Bacteroidota;c__Bacteroidia;o__Bacteroidales;f__Bacteroidaceae;g__Bacteroides;s__Bacteroides cellulosilyticus,iPHoP-RF,96.70,None
NODE_38_length_46787_cov_228.578148,RS_GCF_000172175.1,d__Bacteria;p__Bacteroidota;c__Bacteroidia;o__Bacteroidales;f__Bacteroidaceae;g__Bacteroides;s__Bacteroides intestinalis,iPHoP-RF,96.70,None
NODE_38_length_46787_cov_228.578148,RS_GCF_000513195.1,d__Bacteria;p__Bacteroidota;c__Bacteroidia;o__Bacteroidales;f__Bacteroidaceae;g__Bacteroides;s__Bacteroides timonensis,iPHoP-RF,96.70,None
NODE_38_length_46787_cov_228.578148,RS_GCF_000613385.1,d__Bacteria;p__Bacteroidota;c__Bacteroidia;o__Bacteroidales;f__Bacteroidaceae;g__Bacteroides;s__Bacteroides acidifaciens,iPHoP-RF,96.70,None
NODE_38_length_46787_cov_228.578148,RS_GCF_001688725.2,d__Bacteria;p__Bacteroidota;c__Bacteroidia;o__Bacteroidales;f__Bacteroidaceae;g__Bacteroides;s__Bacteroides caecimuris,iPHoP-RF,96.70,None
NODE_38_length_46787_cov_228.578148,RS_GCF_014334015.1,d__Bacteria;p__Bacteroidota;c__Bacteroidia;o__Bacteroidales;f__Bacteroidaceae;g__Bacteroides;s__Bacteroides sp003463205,iPHoP-RF,96.70,None
NODE_38_length_46787_cov_228.578148,GB_GCA_900557355.1,d__Bacteria;p__Bacteroidota;c__Bacteroidia;o__Bacteroidales;f__Bacteroidaceae;g__Bacteroides;s__Bacteroides sp900557355,iPHoP-RF,96.40,None
NODE_38_length_46787_cov_228.578148,RS_GCF_000011065.1,d__Bacteria;p__Bacteroidota;c__Bacteroidia;o__Bacteroidales;f__Bacteroidaceae;g__Bacteroides;s__Bacteroides thetaiotaomicron,iPHoP-RF,96.40,None
NODE_38_length_46787_cov_228.578148,RS_GCF_001314995.1,d__Bacteria;p__Bacteroidota;c__Bacteroidia;o__Bacteroidales;f__Bacteroidaceae;g__Bacteroides;s__Bacteroides ovatus,iPHoP-RF,96.40,None
NODE_38_length_46787_cov_228.578148,RS_GCF_900106755.1,d__Bacteria;p__Bacteroidota;c__Bacteroidia;o__Bacteroidales;f__Bacteroidaceae;g__Bacteroides;s__Bacteroides faecis,iPHoP-RF,96.40,None
NODE_38_length_46787_cov_228.578148,RS_GCF_900155865.1,d__Bacteria;p__Bacteroidota;c__Bacteroidia;o__Bacteroidales;f__Bacteroidaceae;g__Bacteroides;s__Bacteroides bouchesdurhonensis,iPHoP-RF,96.40,None
NODE_38_length_46787_cov_228.578148,RS_GCF_002849695.1,d__Bacteria;p__Bacteroidota;c__Bacteroidia;o__Bacteroidales;f__Bacteroidaceae;g__Bacteroides;s__Bacteroides fragilis_A,iPHoP-RF,96.10,None
NODE_38_length_46787_cov_228.578148,GB_GCA_900761785.1,d__Bacteria;p__Bacteroidota;c__Bacteroidia;o__Bacteroidales;f__Bacteroidaceae;g__Bacteroides;s__Bacteroides sp900761785,iPHoP-RF,95.70,None
NODE_38_length_46787_cov_228.578148,3300017418_14,d__Bacteria;p__Bacteroidota;c__Bacteroidia;o__Bacteroidales;f__Bacteroidaceae;g__Bacteroides;s__,iPHoP-RF,95.40,None
NODE_38_length_46787_cov_228.578148,RS_GCF_000517545.1,d__Bacteria;p__Bacteroidota;c__Bacteroidia;o__Bacteroidales;f__Bacteroidaceae;g__Bacteroides;s__Bacteroides reticulotermitis,iPHoP-RF,95.40,None
NODE_38_length_46787_cov_228.578148,GB_GCA_900766195.1,d__Bacteria;p__Bacteroidota;c__Bacteroidia;o__Bacteroidales;f__Bacteroidaceae;g__Bacteroides;s__Bacteroides sp900766195,iPHoP-RF,93.40,None
NODE_38_length_46787_cov_228.578148,GB_GCA_002307035.1,d__Bacteria;p__Bacteroidota;c__Bacteroidia;o__Bacteroidales;f__Bacteroidaceae;g__Bacteroides;s__Bacteroides sp002307035,iPHoP-RF,93.10,None
NODE_38_length_46787_cov_228.578148,GB_GCA_900766005.1,d__Bacteria;p__Bacteroidota;c__Bacteroidia;o__Bacteroidales;f__Bacteroidaceae;g__Bacteroides;s__Bacteroides sp900766005,iPHoP-RF,91.80,None
NODE_38_length_46787_cov_228.578148,RS_GCF_000614145.1,d__Bacteria;p__Bacteroidota;c__Bacteroidia;o__Bacteroidales;f__Bacteroidaceae;g__Bacteroides;s__Bacteroides faecichinchillae,iPHoP-RF,91.80,None
NODE_38_length_46787_cov_228.578148,RS_GCF_003865075.1,d__Bacteria;p__Bacteroidota;c__Bacteroidia;o__Bacteroidales;f__Bacteroidaceae;g__Bacteroides;s__Bacteroides sp003865075,iPHoP-RF,91.80,None
NODE_38_length_46787_cov_228.578148,RS_GCF_900104585.1,d__Bacteria;p__Bacteroidota;c__Bacteroidia;o__Bacteroidales;f__Bacteroidaceae;g__Bacteroides;s__Bacteroides ihuae,iPHoP-RF,91.80,None
NODE_38_length_46787_cov_228.578148,RS_GCF_000428125.1,d__Bacteria;p__Bacteroidota;c__Bacteroidia;o__Bacteroidales;f__Bacteroidaceae;g__Bacteroides;s__Bacteroides graminisolvens,iPHoP-RF,91.40,None
NODE_38_length_46787_cov_228.578148,GB_GCA_900762525.1,d__Bacteria;p__Bacteroidota;c__Bacteroidia;o__Bacteroidales;f__Bacteroidaceae;g__Bacteroides;s__Bacteroides sp900762525,iPHoP-RF,90.10,None
NODE_390_length_1532_cov_3.790792,RS_GCF_000449425.2,d__Bacteria;p__Firmicutes_A;c__Clostridia;o__Peptostreptococcales;f__Peptostreptococcaceae;g__Clostridioides;s__Clostridioides difficile_E,blast,91.80,iPHoP-RF;66.00
NODE_390_length_2119_cov_3.486919,GB_GCA_002305575.1,d__Bacteria;p__Firmicutes_A;c__Clostridia;o__Oscillospirales;f__Acutalibacteraceae;g__UBA1417;s__UBA1417 sp002305575,blast,93.30,iPHoP-RF;65.60
NODE_390_length_2119_cov_3.486919,GB_GCA_004555625.1,d__Bacteria;p__Firmicutes_A;c__Clostridia;o__Oscillospirales;f__Acutalibacteraceae;g__UBA1417;s__UBA1417 bromii_A,blast,92.80,iPHoP-RF;57.30
NODE_390_length_2119_cov_3.486919,GB_GCA_900552925.1,d__Bacteria;p__Firmicutes_A;c__Clostridia;o__Oscillospirales;f__Acutalibacteraceae;g__UBA1417;s__UBA1417 sp900552925,blast,92.10,iPHoP-RF;61.70
NODE_390_length_2119_cov_3.486919,3300018878_162,d__Bacteria;p__Firmicutes_A;c__Clostridia;o__Oscillospirales;f__Oscillospiraceae;g__;s__,blast,90.90,None
NODE_393_length_7059_cov_5.831239,RS_GCF_008121495.1,d__Bacteria;p__Firmicutes_A;c__Clostridia;o__Lachnospirales;f__Lachnospiraceae;g__Ruminococcus_B;s__Ruminococcus_B gnavus,blast,94.10,iPHoP-RF;79.30
NODE_39_length_11018_cov_5.964973,RS_GCF_000406965.1,d__Bacteria;p__Firmicutes;c__Bacilli;o__Lactobacillales;f__Enterococcaceae;g__Enterococcus_A;s__Enterococcus_A avium,blast,94.80,iPHoP-RF;56.00
NODE_39_length_11018_cov_5.964973,RS_GCF_001544295.1,d__Bacteria;p__Firmicutes;c__Bacilli;o__Lactobacillales;f__Enterococcaceae;g__Enterococcus_A;s__Enterococcus_A pseudoavium,blast,93.60,None
NODE_39_length_11018_cov_5.964973,RS_GCF_000407545.1,d__Bacteria;p__Firmicutes;c__Bacilli;o__Lactobacillales;f__Enterococcaceae;g__Enterococcus_A;s__Enterococcus_A gilvus,blast,92.60,iPHoP-RF;52.20
NODE_39_length_11018_cov_5.964973,RS_GCF_001885905.1,d__Bacteria;p__Firmicutes;c__Bacilli;o__Lactobacillales;f__Enterococcaceae;g__Enterococcus_A;s__Enterococcus_A devriesei,blast,92.20,None
NODE_39_length_11018_cov_5.964973,RS_GCF_005405345.1,d__Bacteria;p__Firmicutes;c__Bacilli;o__Lactobacillales;f__Enterococcaceae;g__Enterococcus_A;s__Enterococcus_A viikkiensis,blast,91.10,None
NODE_39_length_11018_cov_5.964973,RS_GCF_009735405.1,d__Bacteria;p__Firmicutes;c__Bacilli;o__Lactobacillales;f__Enterococcaceae;g__Enterococcus_B;s__Enterococcus_B lactis,blast,91.00,None
NODE_39_length_11018_cov_5.964973,RS_GCF_001544255.1,d__Bacteria;p__Firmicutes;c__Bacilli;o__Lactobacillales;f__Enterococcaceae;g__Enterococcus_B;s__Enterococcus_B faecium,blast,90.90,None
NODE_39_length_11018_cov_5.964973,RS_GCF_001544215.1,d__Bacteria;p__Firmicutes;c__Bacilli;o__Lactobacillales;f__Enterococcaceae;g__Enterococcus_B;s__Enterococcus_B durans,blast,90.80,None
NODE_39_length_18186_cov_5.820032|provirus_3_8483,RS_GCF_000026325.1,d__Bacteria;p__Proteobacteria;c__Gammaproteobacteria;o__Enterobacterales;f__Enterobacteriaceae;g__Escherichia;s__Escherichia coli_D,iPHoP-RF,97.10,blast;96.80
NODE_39_length_18186_cov_5.820032|provirus_3_8483,RS_GCF_001660175.1,d__Bacteria;p__Proteobacteria;c__Gammaproteobacteria;o__Enterobacterales;f__Enterobacteriaceae;g__Escherichia;s__Escherichia sp001660175,iPHoP-RF,97.10,blast;96.70
NODE_39_length_18186_cov_5.820032|provirus_3_8483,RS_GCF_002949675.1,d__Bacteria;p__Proteobacteria;c__Gammaproteobacteria;o__Enterobacterales;f__Enterobacteriaceae;g__Escherichia;s__Escherichia dysenteriae,iPHoP-RF,97.10,blast;96.80
NODE_39_length_18186_cov_5.820032|provirus_3_8483,RS_GCF_002950215.1,d__Bacteria;p__Proteobacteria;c__Gammaproteobacteria;o__Enterobacterales;f__Enterobacteriaceae;g__Escherichia;s__Escherichia flexneri,iPHoP-RF,97.10,blast;96.70
NODE_39_length_18186_cov_5.820032|provirus_3_8483,RS_GCF_002965065.1,d__Bacteria;p__Proteobacteria;c__Gammaproteobacteria;o__Enterobacterales;f__Enterobacteriaceae;g__Escherichia;s__Escherichia sp002965065,iPHoP-RF,97.10,blast;96.70
NODE_39_length_18186_cov_5.820032|provirus_3_8483,RS_GCF_003697165.2,d__Bacteria;p__Proteobacteria;c__Gammaproteobacteria;o__Enterobacterales;f__Enterobacteriaceae;g__Escherichia;s__Escherichia coli,iPHoP-RF,97.10,blast;96.80
NODE_39_length_18186_cov_5.820032|provirus_3_8483,RS_GCF_004211955.1,d__Bacteria;p__Proteobacteria;c__Gammaproteobacteria;o__Enterobacterales;f__Enterobacteriaceae;g__Escherichia;s__Escherichia sp004211955,iPHoP-RF,97.10,blast;96.70
NODE_39_length_18186_cov_5.820032|provirus_3_8483,RS_GCF_011881725.1,d__Bacteria;p__Proteobacteria;c__Gammaproteobacteria;o__Enterobacterales;f__Enterobacteriaceae;g__Escherichia;s__Escherichia coli_E,iPHoP-RF,97.10,blast;96.70
NODE_39_length_18186_cov_5.820032|provirus_3_8483,RS_GCF_000026225.1,d__Bacteria;p__Proteobacteria;c__Gammaproteobacteria;o__Enterobacterales;f__Enterobacteriaceae;g__Escherichia;s__Escherichia fergusonii,blast,96.80,iPHoP-RF;96.70
NODE_39_length_18186_cov_5.820032|provirus_3_8483,GB_GCA_003018335.1,d__Bacteria;p__Proteobacteria;c__Gammaproteobacteria;o__Enterobacterales;f__Enterobacteriaceae;g__Escherichia;s__Escherichia coli_C,blast,96.70,iPHoP-RF;96.40
NODE_39_length_18186_cov_5.820032|provirus_3_8483,RS_GCF_000208585.1,d__Bacteria;p__Proteobacteria;c__Gammaproteobacteria;o__Enterobacterales;f__Enterobacteriaceae;g__Escherichia;s__Escherichia sp000208585,blast,96.70,iPHoP-RF;96.40
NODE_39_length_18186_cov_5.820032|provirus_3_8483,RS_GCF_000759775.1,d__Bacteria;p__Proteobacteria;c__Gammaproteobacteria;o__Enterobacterales;f__Enterobacteriaceae;g__Escherichia;s__Escherichia albertii,iPHoP-RF,96.70,blast;95.50
NODE_39_length_18186_cov_5.820032|provirus_3_8483,RS_GCF_002900365.1,d__Bacteria;p__Proteobacteria;c__Gammaproteobacteria;o__Enterobacterales;f__Enterobacteriaceae;g__Escherichia;s__Escherichia marmotae,iPHoP-RF,96.70,blast;96.70
NODE_39_length_18186_cov_5.820032|provirus_3_8483,RS_GCF_005843885.1,d__Bacteria;p__Proteobacteria;c__Gammaproteobacteria;o__Enterobacterales;f__Enterobacteriaceae;g__Escherichia;s__Escherichia sp005843885,blast,96.70,iPHoP-RF;96.40
NODE_39_length_40881_cov_40.497820,RS_GCF_002900365.1,d__Bacteria;p__Proteobacteria;c__Gammaproteobacteria;o__Enterobacterales;f__Enterobacteriaceae;g__Escherichia;s__Escherichia marmotae,blast,98.20,iPHoP-RF;96.70
NODE_39_length_40881_cov_40.497820,RS_GCF_002949675.1,d__Bacteria;p__Proteobacteria;c__Gammaproteobacteria;o__Enterobacterales;f__Enterobacteriaceae;g__Escherichia;s__Escherichia dysenteriae,blast,98.20,iPHoP-RF;97.10
NODE_39_length_40881_cov_40.497820,RS_GCF_002950215.1,d__Bacteria;p__Proteobacteria;c__Gammaproteobacteria;o__Enterobacterales;f__Enterobacteriaceae;g__Escherichia;s__Escherichia flexneri,blast,98.20,iPHoP-RF;96.70 CRISPR;96.50
NODE_39_length_40881_cov_40.497820,RS_GCF_000026325.1,d__Bacteria;p__Proteobacteria;c__Gammaproteobacteria;o__Enterobacterales;f__Enterobacteriaceae;g__Escherichia;s__Escherichia coli_D,blast,97.50,iPHoP-RF;97.10
NODE_39_length_40881_cov_40.497820,GB_GCA_003018335.1,d__Bacteria;p__Proteobacteria;c__Gammaproteobacteria;o__Enterobacterales;f__Enterobacteriaceae;g__Escherichia;s__Escherichia coli_C,iPHoP-RF,97.10,None
NODE_39_length_40881_cov_40.497820,RS_GCF_000026225.1,d__Bacteria;p__Proteobacteria;c__Gammaproteobacteria;o__Enterobacterales;f__Enterobacteriaceae;g__Escherichia;s__Escherichia fergusonii,iPHoP-RF,97.10,None
NODE_39_length_40881_cov_40.497820,RS_GCF_002965065.1,d__Bacteria;p__Proteobacteria;c__Gammaproteobacteria;o__Enterobacterales;f__Enterobacteriaceae;g__Escherichia;s__Escherichia sp002965065,iPHoP-RF,97.10,None
NODE_39_length_40881_cov_40.497820,RS_GCF_004211955.1,d__Bacteria;p__Proteobacteria;c__Gammaproteobacteria;o__Enterobacterales;f__Enterobacteriaceae;g__Escherichia;s__Escherichia sp004211955,iPHoP-RF,97.10,None
NODE_39_length_40881_cov_40.497820,RS_GCF_005843885.1,d__Bacteria;p__Proteobacteria;c__Gammaproteobacteria;o__Enterobacterales;f__Enterobacteriaceae;g__Escherichia;s__Escherichia sp005843885,iPHoP-RF,97.10,CRISPR;96.20
NODE_39_length_40881_cov_40.497820,RS_GCF_011881725.1,d__Bacteria;p__Proteobacteria;c__Gammaproteobacteria;o__Enterobacterales;f__Enterobacteriaceae;g__Escherichia;s__Escherichia coli_E,iPHoP-RF,97.10,None
NODE_39_length_40881_cov_40.497820,RS_GCF_003697165.2,d__Bacteria;p__Proteobacteria;c__Gammaproteobacteria;o__Enterobacterales;f__Enterobacteriaceae;g__Escherichia;s__Escherichia coli,blast,96.90,iPHoP-RF;96.70 CRISPR;95.40
NODE_39_length_40881_cov_40.497820,RS_GCF_000208585.1,d__Bacteria;p__Proteobacteria;c__Gammaproteobacteria;o__Enterobacterales;f__Enterobacteriaceae;g__Escherichia;s__Escherichia sp000208585,iPHoP-RF,96.70,None
NODE_39_length_40881_cov_40.497820,RS_GCF_001660175.1,d__Bacteria;p__Proteobacteria;c__Gammaproteobacteria;o__Enterobacterales;f__Enterobacteriaceae;g__Escherichia;s__Escherichia sp001660175,iPHoP-RF,96.70,CRISPR;96.40
NODE_39_length_40881_cov_40.497820,RS_GCF_000759775.1,d__Bacteria;p__Proteobacteria;c__Gammaproteobacteria;o__Enterobacterales;f__Enterobacteriaceae;g__Escherichia;s__Escherichia albertii,iPHoP-RF,96.10,None
NODE_3_length_333462_cov_15.011706|provirus_75122_97187,RS_GCF_000011065.1,d__Bacteria;p__Bacteroidota;c__Bacteroidia;o__Bacteroidales;f__Bacteroidaceae;g__Bacteroides;s__Bacteroides thetaiotaomicron,iPHoP-RF,97.10,blast;93.60
NODE_3_length_333462_cov_15.011706|provirus_75122_97187,RS_GCF_900106755.1,d__Bacteria;p__Bacteroidota;c__Bacteroidia;o__Bacteroidales;f__Bacteroidaceae;g__Bacteroides;s__Bacteroides faecis,iPHoP-RF,96.10,blast;90.20
NODE_3_length_333462_cov_15.011706|provirus_75122_97187,RS_GCF_000154205.1,d__Bacteria;p__Bacteroidota;c__Bacteroidia;o__Bacteroidales;f__Bacteroidaceae;g__Bacteroides;s__Bacteroides uniformis,iPHoP-RF,93.40,blast;90.80
NODE_3_length_333462_cov_15.011706|provirus_75122_97187,RS_GCF_001688725.2,d__Bacteria;p__Bacteroidota;c__Bacteroidia;o__Bacteroidales;f__Bacteroidaceae;g__Bacteroides;s__Bacteroides caecimuris,iPHoP-RF,92.40,None
NODE_3_length_333462_cov_15.011706|provirus_75122_97187,3300029706_6,d__Bacteria;p__Bacteroidota;c__Bacteroidia;o__Bacteroidales;f__Bacteroidaceae;g__Bacteroides;s__,iPHoP-RF,91.80,None
NODE_3_length_333462_cov_15.011706|provirus_75122_97187,GB_GCA_000210075.1,d__Bacteria;p__Bacteroidota;c__Bacteroidia;o__Bacteroidales;f__Bacteroidaceae;g__Bacteroides;s__Bacteroides xylanisolvens,iPHoP-RF,91.80,blast;84.60
NODE_3_length_333462_cov_15.011706|provirus_75122_97187,RS_GCF_903181435.1,d__Bacteria;p__Bacteroidota;c__Bacteroidia;o__Bacteroidales;f__Bacteroidaceae;g__Bacteroides;s__Bacteroides acidifaciens_A,iPHoP-RF,91.80,None
NODE_3_length_333462_cov_15.011706|provirus_75122_97187,RS_GCF_002222615.2,d__Bacteria;p__Bacteroidota;c__Bacteroidia;o__Bacteroidales;f__Bacteroidaceae;g__Bacteroides;s__Bacteroides caccae,blast,91.70,iPHoP-RF;90.50
NODE_3_length_333462_cov_15.011706|provirus_75122_97187,RS_GCF_009193325.2,d__Bacteria;p__Bacteroidota;c__Bacteroidia;o__Bacteroidales;f__Bacteroidaceae;g__Bacteroides;s__Bacteroides sp900066265,iPHoP-RF,91.10,blast;90.40
NODE_3_length_333462_cov_15.011706|provirus_75122_97187,RS_GCF_902362375.1,d__Bacteria;p__Bacteroidota;c__Bacteroidia;o__Bacteroidales;f__Bacteroidaceae;g__Bacteroides;s__Bacteroides sp902362375,blast,91.00,iPHoP-RF;89.20
NODE_3_length_333462_cov_15.011706|provirus_75122_97187,RS_GCF_000613385.1,d__Bacteria;p__Bacteroidota;c__Bacteroidia;o__Bacteroidales;f__Bacteroidaceae;g__Bacteroides;s__Bacteroides acidifaciens,iPHoP-RF,90.80,None
NODE_3_length_333462_cov_15.011706|provirus_75122_97187,RS_GCF_001314995.1,d__Bacteria;p__Bacteroidota;c__Bacteroidia;o__Bacteroidales;f__Bacteroidaceae;g__Bacteroides;s__Bacteroides ovatus,blast,90.00,iPHoP-RF;89.50
NODE_3_length_57540_cov_125.430217,RS_GCF_003045025.1,d__Bacteria;p__Proteobacteria;c__Gammaproteobacteria;o__Burkholderiales;f__Neisseriaceae;g__Neisseria;s__Neisseria subflava_A,CRISPR,98.40,None
NODE_3_length_57540_cov_125.430217,RS_GCF_005221305.1,d__Bacteria;p__Proteobacteria;c__Gammaproteobacteria;o__Burkholderiales;f__Neisseriaceae;g__Neisseria;s__Neisseria subflava,CRISPR,98.20,None
NODE_3_length_57540_cov_125.430217,RS_GCF_900654165.1,d__Bacteria;p__Proteobacteria;c__Gammaproteobacteria;o__Burkholderiales;f__Neisseriaceae;g__Neisseria;s__Neisseria subflava_C,CRISPR,97.70,None
NODE_3_length_57540_cov_125.430217,RS_GCF_003044645.1,d__Bacteria;p__Proteobacteria;c__Gammaproteobacteria;o__Burkholderiales;f__Neisseriaceae;g__Neisseria;s__Neisseria subflava_B,CRISPR,97.40,None
NODE_3_length_57540_cov_125.430217,RS_GCF_001618065.1,d__Bacteria;p__Proteobacteria;c__Gammaproteobacteria;o__Burkholderiales;f__Neisseriaceae;g__Neisseria;s__Neisseria flavescens_A,CRISPR,97.10,None
NODE_3_length_57540_cov_125.430217,3300008575_12,d__Bacteria;p__Proteobacteria;c__Gammaproteobacteria;o__Burkholderiales;f__Neisseriaceae;g__Neisseria;s__,CRISPR,96.70,None
NODE_3_length_57540_cov_125.430217,RS_GCF_003351665.1,d__Bacteria;p__Proteobacteria;c__Gammaproteobacteria;o__Burkholderiales;f__Neisseriaceae;g__Neisseria;s__Neisseria perflava,CRISPR,93.30,None
NODE_403_length_2675_cov_5.348092,RS_GCF_000812945.1,d__Bacteria;p__Bacteroidota;c__Bacteroidia;o__Flavobacteriales;f__Flavobacteriaceae;g__Flavobacterium;s__Flavobacterium sp000812945,iPHoP-RF,95.10,None
NODE_403_length_2675_cov_5.348092,RS_GCF_900110375.1,d__Bacteria;p__Bacteroidota;c__Bacteroidia;o__Flavobacteriales;f__Flavobacteriaceae;g__Flavobacterium;s__Flavobacterium sinopsychrotolerans,iPHoP-RF,94.10,None
NODE_403_length_2675_cov_5.348092,RS_GCF_007097285.1,d__Bacteria;p__Bacteroidota;c__Bacteroidia;o__Flavobacteriales;f__Flavobacteriaceae;g__Flavobacterium;s__Flavobacterium sp007097285,iPHoP-RF,91.40,None
NODE_407_length_6756_cov_5.908073,RS_GCF_003697165.2,d__Bacteria;p__Proteobacteria;c__Gammaproteobacteria;o__Enterobacterales;f__Enterobacteriaceae;g__Escherichia;s__Escherichia coli,blast,96.90,iPHoP-RF;90.50
NODE_407_length_6756_cov_5.908073,GB_GCA_003018335.1,d__Bacteria;p__Proteobacteria;c__Gammaproteobacteria;o__Enterobacterales;f__Enterobacteriaceae;g__Escherichia;s__Escherichia coli_C,blast,96.80,iPHoP-RF;92.10
NODE_407_length_6756_cov_5.908073,RS_GCF_000026225.1,d__Bacteria;p__Proteobacteria;c__Gammaproteobacteria;o__Enterobacterales;f__Enterobacteriaceae;g__Escherichia;s__Escherichia fergusonii,blast,96.80,iPHoP-RF;92.10
NODE_407_length_6756_cov_5.908073,RS_GCF_000026325.1,d__Bacteria;p__Proteobacteria;c__Gammaproteobacteria;o__Enterobacterales;f__Enterobacteriaceae;g__Escherichia;s__Escherichia coli_D,blast,96.80,iPHoP-RF;91.80
NODE_407_length_6756_cov_5.908073,RS_GCF_000208585.1,d__Bacteria;p__Proteobacteria;c__Gammaproteobacteria;o__Enterobacterales;f__Enterobacteriaceae;g__Escherichia;s__Escherichia sp000208585,blast,96.80,iPHoP-RF;94.70
NODE_407_length_6756_cov_5.908073,RS_GCF_002900365.1,d__Bacteria;p__Proteobacteria;c__Gammaproteobacteria;o__Enterobacterales;f__Enterobacteriaceae;g__Escherichia;s__Escherichia marmotae,blast,96.80,iPHoP-RF;91.80
NODE_407_length_6756_cov_5.908073,RS_GCF_002949675.1,d__Bacteria;p__Proteobacteria;c__Gammaproteobacteria;o__Enterobacterales;f__Enterobacteriaceae;g__Escherichia;s__Escherichia dysenteriae,blast,96.80,iPHoP-RF;91.80
NODE_407_length_6756_cov_5.908073,RS_GCF_002950215.1,d__Bacteria;p__Proteobacteria;c__Gammaproteobacteria;o__Enterobacterales;f__Enterobacteriaceae;g__Escherichia;s__Escherichia flexneri,blast,96.80,iPHoP-RF;91.40
NODE_407_length_6756_cov_5.908073,RS_GCF_000759775.1,d__Bacteria;p__Proteobacteria;c__Gammaproteobacteria;o__Enterobacterales;f__Enterobacteriaceae;g__Escherichia;s__Escherichia albertii,blast,96.70,iPHoP-RF;89.80
NODE_407_length_6756_cov_5.908073,RS_GCF_011881725.1,d__Bacteria;p__Proteobacteria;c__Gammaproteobacteria;o__Enterobacterales;f__Enterobacteriaceae;g__Escherichia;s__Escherichia coli_E,iPHoP-RF,91.40,None
NODE_407_length_6756_cov_5.908073,RS_GCF_004211955.1,d__Bacteria;p__Proteobacteria;c__Gammaproteobacteria;o__Enterobacterales;f__Enterobacteriaceae;g__Escherichia;s__Escherichia sp004211955,iPHoP-RF,91.10,None
NODE_407_length_6756_cov_5.908073,RS_GCF_002965065.1,d__Bacteria;p__Proteobacteria;c__Gammaproteobacteria;o__Enterobacterales;f__Enterobacteriaceae;g__Escherichia;s__Escherichia sp002965065,iPHoP-RF,90.80,None
NODE_407_length_6756_cov_5.908073,RS_GCF_001660175.1,d__Bacteria;p__Proteobacteria;c__Gammaproteobacteria;o__Enterobacterales;f__Enterobacteriaceae;g__Escherichia;s__Escherichia sp001660175,iPHoP-RF,90.10,None
NODE_408_length_1927_cov_2.191239,RS_GCF_010509575.1,d__Bacteria;p__Firmicutes_A;c__Clostridia;o__Oscillospirales;f__Ruminococcaceae;g__Faecalibacterium;s__Faecalibacterium prausnitzii_C,blast,93.40,iPHoP-RF;71.70
NODE_408_length_1927_cov_2.191239,GB_GCA_900758465.1,d__Bacteria;p__Firmicutes_A;c__Clostridia;o__Oscillospirales;f__Ruminococcaceae;g__Faecalibacterium;s__Faecalibacterium sp900758465,blast,91.80,iPHoP-RF;69.30
NODE_408_length_1927_cov_2.191239,RS_GCF_003293635.1,d__Bacteria;p__Firmicutes_A;c__Clostridia;o__Oscillospirales;f__Ruminococcaceae;g__Faecalibacterium;s__Faecalibacterium prausnitzii_G,blast,91.20,iPHoP-RF;71.70
NODE_40_length_5207_cov_6.427601,RS_GCF_008121495.1,d__Bacteria;p__Firmicutes_A;c__Clostridia;o__Lachnospirales;f__Lachnospiraceae;g__Ruminococcus_B;s__Ruminococcus_B gnavus,blast,98.10,iPHoP-RF;89.20 CRISPR;84.90
NODE_40_length_5207_cov_6.427601,GB_GCA_900550975.1,d__Bacteria;p__Firmicutes_A;c__Clostridia;o__Lachnospirales;f__Lachnospiraceae;g__Faecalimonas;s__Faecalimonas sp900550975,iPHoP-RF,92.80,blast;89.60
NODE_40_length_5207_cov_6.427601,GB_GCA_900544395.1,d__Bacteria;p__Firmicutes_A;c__Clostridia;o__Lachnospirales;f__Lachnospiraceae;g__Ruminococcus_B;s__Ruminococcus_B sp900544395,blast,90.50,iPHoP-RF;88.90
NODE_40_length_5207_cov_6.427601,RS_GCF_900104635.1,d__Bacteria;p__Firmicutes_A;c__Clostridia;o__Lachnospirales;f__Lachnospiraceae;g__Faecalimonas;s__Faecalimonas phoceensis,CRISPR,90.30,iPHoP-RF;74.30
NODE_40_length_6349_cov_5.400381,RS_GCF_000025985.1,d__Bacteria;p__Bacteroidota;c__Bacteroidia;o__Bacteroidales;f__Bacteroidaceae;g__Bacteroides;s__Bacteroides fragilis,blast,96.00,iPHoP-RF;78.70
NODE_40_length_6349_cov_5.400381,RS_GCF_002849695.1,d__Bacteria;p__Bacteroidota;c__Bacteroidia;o__Bacteroidales;f__Bacteroidaceae;g__Bacteroides;s__Bacteroides fragilis_A,blast,91.50,iPHoP-RF;77.30
NODE_40_length_8342_cov_5.657053,RS_GCF_001025175.1,d__Bacteria;p__Actinobacteriota;c__Actinomycetia;o__Actinomycetales;f__Bifidobacteriaceae;g__Bifidobacterium;s__Bifidobacterium breve,CRISPR,98.60,None
NODE_40_length_8342_cov_5.657053,RS_GCF_000741535.1,d__Bacteria;p__Actinobacteriota;c__Actinomycetia;o__Actinomycetales;f__Bifidobacteriaceae;g__Bifidobacterium;s__Bifidobacterium boum,CRISPR,98.50,None
NODE_40_length_8342_cov_5.657053,RS_GCF_000196555.1,d__Bacteria;p__Actinobacteriota;c__Actinomycetia;o__Actinomycetales;f__Bifidobacteriaceae;g__Bifidobacterium;s__Bifidobacterium longum,CRISPR,98.20,None
NODE_410_length_3987_cov_3.839013,RS_GCF_003697165.2,d__Bacteria;p__Proteobacteria;c__Gammaproteobacteria;o__Enterobacterales;f__Enterobacteriaceae;g__Escherichia;s__Escherichia coli,blast,96.70,iPHoP-RF;87.30
NODE_410_length_3987_cov_3.839013,RS_GCF_002950215.1,d__Bacteria;p__Proteobacteria;c__Gammaproteobacteria;o__Enterobacterales;f__Enterobacteriaceae;g__Escherichia;s__Escherichia flexneri,blast,96.60,iPHoP-RF;90.50
NODE_410_length_3987_cov_3.839013,GB_GCA_003018335.1,d__Bacteria;p__Proteobacteria;c__Gammaproteobacteria;o__Enterobacterales;f__Enterobacteriaceae;g__Escherichia;s__Escherichia coli_C,blast,96.50,iPHoP-RF;88.90
NODE_410_length_3987_cov_3.839013,RS_GCF_000026325.1,d__Bacteria;p__Proteobacteria;c__Gammaproteobacteria;o__Enterobacterales;f__Enterobacteriaceae;g__Escherichia;s__Escherichia coli_D,blast,96.50,iPHoP-RF;89.20
NODE_410_length_3987_cov_3.839013,RS_GCF_002900365.1,d__Bacteria;p__Proteobacteria;c__Gammaproteobacteria;o__Enterobacterales;f__Enterobacteriaceae;g__Escherichia;s__Escherichia marmotae,blast,96.50,iPHoP-RF;89.80
NODE_410_length_3987_cov_3.839013,RS_GCF_002949675.1,d__Bacteria;p__Proteobacteria;c__Gammaproteobacteria;o__Enterobacterales;f__Enterobacteriaceae;g__Escherichia;s__Escherichia dysenteriae,blast,96.50,iPHoP-RF;89.20
NODE_410_length_3987_cov_3.839013,RS_GCF_000026225.1,d__Bacteria;p__Proteobacteria;c__Gammaproteobacteria;o__Enterobacterales;f__Enterobacteriaceae;g__Escherichia;s__Escherichia fergusonii,blast,96.40,iPHoP-RF;85.10
NODE_410_length_3987_cov_3.839013,RS_GCF_000208585.1,d__Bacteria;p__Proteobacteria;c__Gammaproteobacteria;o__Enterobacterales;f__Enterobacteriaceae;g__Escherichia;s__Escherichia sp000208585,blast,96.40,iPHoP-RF;87.30
NODE_410_length_3987_cov_3.839013,RS_GCF_000759775.1,d__Bacteria;p__Proteobacteria;c__Gammaproteobacteria;o__Enterobacterales;f__Enterobacteriaceae;g__Escherichia;s__Escherichia albertii,blast,93.50,iPHoP-RF;73.00
NODE_410_length_3987_cov_3.839013,RS_GCF_000759815.1,d__Bacteria;p__Proteobacteria;c__Gammaproteobacteria;o__Enterobacterales;f__Enterobacteriaceae;g__Citrobacter_A;s__Citrobacter_A rodentium,blast,90.70,None
NODE_410_length_6624_cov_5.894961,RS_GCF_002950215.1,d__Bacteria;p__Proteobacteria;c__Gammaproteobacteria;o__Enterobacterales;f__Enterobacteriaceae;g__Escherichia;s__Escherichia flexneri,iPHoP-RF,96.10,blast;96.10
NODE_410_length_6624_cov_5.894961,RS_GCF_004211955.1,d__Bacteria;p__Proteobacteria;c__Gammaproteobacteria;o__Enterobacterales;f__Enterobacteriaceae;g__Escherichia;s__Escherichia sp004211955,iPHoP-RF,96.10,None
NODE_410_length_6624_cov_5.894961,RS_GCF_000208585.1,d__Bacteria;p__Proteobacteria;c__Gammaproteobacteria;o__Enterobacterales;f__Enterobacteriaceae;g__Escherichia;s__Escherichia sp000208585,iPHoP-RF,95.70,None
NODE_410_length_6624_cov_5.894961,GB_GCA_003018335.1,d__Bacteria;p__Proteobacteria;c__Gammaproteobacteria;o__Enterobacterales;f__Enterobacteriaceae;g__Escherichia;s__Escherichia coli_C,iPHoP-RF,95.40,None
NODE_410_length_6624_cov_5.894961,RS_GCF_000026225.1,d__Bacteria;p__Proteobacteria;c__Gammaproteobacteria;o__Enterobacterales;f__Enterobacteriaceae;g__Escherichia;s__Escherichia fergusonii,iPHoP-RF,95.40,None
NODE_410_length_6624_cov_5.894961,RS_GCF_002900365.1,d__Bacteria;p__Proteobacteria;c__Gammaproteobacteria;o__Enterobacterales;f__Enterobacteriaceae;g__Escherichia;s__Escherichia marmotae,iPHoP-RF,95.40,None
NODE_410_length_6624_cov_5.894961,RS_GCF_002965065.1,d__Bacteria;p__Proteobacteria;c__Gammaproteobacteria;o__Enterobacterales;f__Enterobacteriaceae;g__Escherichia;s__Escherichia sp002965065,iPHoP-RF,95.40,blast;95.20
NODE_410_length_6624_cov_5.894961,RS_GCF_003697165.2,d__Bacteria;p__Proteobacteria;c__Gammaproteobacteria;o__Enterobacterales;f__Enterobacteriaceae;g__Escherichia;s__Escherichia coli,iPHoP-RF,95.40,None
NODE_410_length_6624_cov_5.894961,RS_GCF_000026325.1,d__Bacteria;p__Proteobacteria;c__Gammaproteobacteria;o__Enterobacterales;f__Enterobacteriaceae;g__Escherichia;s__Escherichia coli_D,blast,95.30,iPHoP-RF;91.40 CRISPR;53.10
NODE_410_length_6624_cov_5.894961,RS_GCF_011881725.1,d__Bacteria;p__Proteobacteria;c__Gammaproteobacteria;o__Enterobacterales;f__Enterobacteriaceae;g__Escherichia;s__Escherichia coli_E,blast,95.30,iPHoP-RF;95.10
NODE_410_length_6624_cov_5.894961,RS_GCF_001660175.1,d__Bacteria;p__Proteobacteria;c__Gammaproteobacteria;o__Enterobacterales;f__Enterobacteriaceae;g__Escherichia;s__Escherichia sp001660175,iPHoP-RF,95.10,None
NODE_410_length_6624_cov_5.894961,RS_GCF_005843885.1,d__Bacteria;p__Proteobacteria;c__Gammaproteobacteria;o__Enterobacterales;f__Enterobacteriaceae;g__Escherichia;s__Escherichia sp005843885,iPHoP-RF,95.10,None
NODE_411_length_6617_cov_5.361932,RS_GCF_000026325.1,d__Bacteria;p__Proteobacteria;c__Gammaproteobacteria;o__Enterobacterales;f__Enterobacteriaceae;g__Escherichia;s__Escherichia coli_D,blast,96.80,iPHoP-RF;96.70
NODE_411_length_6617_cov_5.361932,RS_GCF_002950215.1,d__Bacteria;p__Proteobacteria;c__Gammaproteobacteria;o__Enterobacterales;f__Enterobacteriaceae;g__Escherichia;s__Escherichia flexneri,blast,96.80,iPHoP-RF;96.40
NODE_411_length_6617_cov_5.361932,GB_GCA_003018335.1,d__Bacteria;p__Proteobacteria;c__Gammaproteobacteria;o__Enterobacterales;f__Enterobacteriaceae;g__Escherichia;s__Escherichia coli_C,blast,96.70,iPHoP-RF;96.40
NODE_411_length_6617_cov_5.361932,RS_GCF_000026225.1,d__Bacteria;p__Proteobacteria;c__Gammaproteobacteria;o__Enterobacterales;f__Enterobacteriaceae;g__Escherichia;s__Escherichia fergusonii,blast,96.70,iPHoP-RF;94.10
NODE_411_length_6617_cov_5.361932,RS_GCF_000759775.1,d__Bacteria;p__Proteobacteria;c__Gammaproteobacteria;o__Enterobacterales;f__Enterobacteriaceae;g__Escherichia;s__Escherichia albertii,blast,96.70,iPHoP-RF;94.40
NODE_411_length_6617_cov_5.361932,RS_GCF_002949675.1,d__Bacteria;p__Proteobacteria;c__Gammaproteobacteria;o__Enterobacterales;f__Enterobacteriaceae;g__Escherichia;s__Escherichia dysenteriae,blast,96.70,iPHoP-RF;96.40
NODE_411_length_6617_cov_5.361932,RS_GCF_003697165.2,d__Bacteria;p__Proteobacteria;c__Gammaproteobacteria;o__Enterobacterales;f__Enterobacteriaceae;g__Escherichia;s__Escherichia coli,iPHoP-RF,96.70,blast;96.70
NODE_411_length_6617_cov_5.361932,RS_GCF_000208585.1,d__Bacteria;p__Proteobacteria;c__Gammaproteobacteria;o__Enterobacterales;f__Enterobacteriaceae;g__Escherichia;s__Escherichia sp000208585,blast,96.60,iPHoP-RF;96.40
NODE_411_length_6617_cov_5.361932,RS_GCF_002900365.1,d__Bacteria;p__Proteobacteria;c__Gammaproteobacteria;o__Enterobacterales;f__Enterobacteriaceae;g__Escherichia;s__Escherichia marmotae,blast,96.60,iPHoP-RF;96.40
NODE_411_length_6617_cov_5.361932,RS_GCF_011881725.1,d__Bacteria;p__Proteobacteria;c__Gammaproteobacteria;o__Enterobacterales;f__Enterobacteriaceae;g__Escherichia;s__Escherichia coli_E,blast,96.60,iPHoP-RF;96.10
NODE_411_length_6617_cov_5.361932,RS_GCF_002965065.1,d__Bacteria;p__Proteobacteria;c__Gammaproteobacteria;o__Enterobacterales;f__Enterobacteriaceae;g__Escherichia;s__Escherichia sp002965065,iPHoP-RF,96.40,None
NODE_416_length_2291_cov_5.509839,RS_GCF_000012845.1,d__Bacteria;p__Bacteroidota;c__Bacteroidia;o__Bacteroidales;f__Tannerellaceae;g__Parabacteroides;s__Parabacteroides distasonis,blast,93.70,iPHoP-RF;59.20
NODE_416_length_2291_cov_5.509839,RS_GCF_000154205.1,d__Bacteria;p__Bacteroidota;c__Bacteroidia;o__Bacteroidales;f__Bacteroidaceae;g__Bacteroides;s__Bacteroides uniformis,blast,90.40,iPHoP-RF;72.80
NODE_41_length_39188_cov_6.935476,RS_GCF_000154205.1,d__Bacteria;p__Bacteroidota;c__Bacteroidia;o__Bacteroidales;f__Bacteroidaceae;g__Bacteroides;s__Bacteroides uniformis,blast,96.40,iPHoP-RF;95.10
NODE_41_length_39188_cov_6.935476,RS_GCF_000025985.1,d__Bacteria;p__Bacteroidota;c__Bacteroidia;o__Bacteroidales;f__Bacteroidaceae;g__Bacteroides;s__Bacteroides fragilis,blast,93.60,iPHoP-RF;66.00
NODE_41_length_39188_cov_6.935476,3300029706_6,d__Bacteria;p__Bacteroidota;c__Bacteroidia;o__Bacteroidales;f__Bacteroidaceae;g__Bacteroides;s__,iPHoP-RF,93.40,None
NODE_41_length_39188_cov_6.935476,RS_GCF_002222615.2,d__Bacteria;p__Bacteroidota;c__Bacteroidia;o__Bacteroidales;f__Bacteroidaceae;g__Bacteroides;s__Bacteroides caccae,iPHoP-RF,92.40,blast;85.80
NODE_41_length_39188_cov_6.935476,RS_GCF_900241005.1,d__Bacteria;p__Bacteroidota;c__Bacteroidia;o__Bacteroidales;f__Bacteroidaceae;g__Bacteroides;s__Bacteroides cutis,blast,92.00,iPHoP-RF;90.10
NODE_41_length_39188_cov_6.935476,GB_GCA_000210075.1,d__Bacteria;p__Bacteroidota;c__Bacteroidia;o__Bacteroidales;f__Bacteroidaceae;g__Bacteroides;s__Bacteroides xylanisolvens,iPHoP-RF,91.80,None
NODE_41_length_39188_cov_6.935476,RS_GCF_900106755.1,d__Bacteria;p__Bacteroidota;c__Bacteroidia;o__Bacteroidales;f__Bacteroidaceae;g__Bacteroides;s__Bacteroides faecis,iPHoP-RF,91.80,None
NODE_41_length_39188_cov_6.935476,RS_GCF_001314995.1,d__Bacteria;p__Bacteroidota;c__Bacteroidia;o__Bacteroidales;f__Bacteroidaceae;g__Bacteroides;s__Bacteroides ovatus,iPHoP-RF,91.40,None
NODE_41_length_39188_cov_6.935476,RS_GCF_004793475.1,d__Bacteria;p__Bacteroidota;c__Bacteroidia;o__Bacteroidales;f__Bacteroidaceae;g__Bacteroides;s__Bacteroides sp002491635,iPHoP-RF,91.40,None
NODE_41_length_39188_cov_6.935476,RS_GCF_014334015.1,d__Bacteria;p__Bacteroidota;c__Bacteroidia;o__Bacteroidales;f__Bacteroidaceae;g__Bacteroides;s__Bacteroides sp003463205,iPHoP-RF,91.40,None
NODE_41_length_39188_cov_6.935476,RS_GCF_001688725.2,d__Bacteria;p__Bacteroidota;c__Bacteroidia;o__Bacteroidales;f__Bacteroidaceae;g__Bacteroides;s__Bacteroides caecimuris,iPHoP-RF,91.10,None
NODE_41_length_39188_cov_6.935476,RS_GCF_002849695.1,d__Bacteria;p__Bacteroidota;c__Bacteroidia;o__Bacteroidales;f__Bacteroidaceae;g__Bacteroides;s__Bacteroides fragilis_A,blast,91.10,None
NODE_41_length_39188_cov_6.935476,RS_GCF_009193295.2,d__Bacteria;p__Bacteroidota;c__Bacteroidia;o__Bacteroidales;f__Bacteroidaceae;g__Bacteroides;s__Bacteroides sp007097645,iPHoP-RF,91.10,None
NODE_41_length_39188_cov_6.935476,RS_GCF_902362375.1,d__Bacteria;p__Bacteroidota;c__Bacteroidia;o__Bacteroidales;f__Bacteroidaceae;g__Bacteroides;s__Bacteroides sp902362375,iPHoP-RF,90.80,None
NODE_41_length_39188_cov_6.935476,RS_GCF_000012825.1,d__Bacteria;p__Bacteroidota;c__Bacteroidia;o__Bacteroidales;f__Bacteroidaceae;g__Phocaeicola;s__Phocaeicola vulgatus,blast,90.70,iPHoP-RF;84.20
NODE_41_length_39188_cov_6.935476,RS_GCF_000011065.1,d__Bacteria;p__Bacteroidota;c__Bacteroidia;o__Bacteroidales;f__Bacteroidaceae;g__Bacteroides;s__Bacteroides thetaiotaomicron,iPHoP-RF,90.50,None
NODE_41_length_39188_cov_6.935476,RS_GCF_009193325.2,d__Bacteria;p__Bacteroidota;c__Bacteroidia;o__Bacteroidales;f__Bacteroidaceae;g__Bacteroides;s__Bacteroides sp900066265,iPHoP-RF,90.10,None
NODE_41_length_39188_cov_6.935476,RS_GCF_903181435.1,d__Bacteria;p__Bacteroidota;c__Bacteroidia;o__Bacteroidales;f__Bacteroidaceae;g__Bacteroides;s__Bacteroides acidifaciens_A,iPHoP-RF,90.10,None
NODE_41_length_39965_cov_24.518467,RS_GCF_012317185.1,d__Bacteria;p__Firmicutes;c__Bacilli;o__Erysipelotrichales;f__Erysipelotrichaceae;g__Clostridium_AQ;s__Clostridium_AQ innocuum,blast,96.80,iPHoP-RF;80.30
NODE_41_length_39965_cov_24.518467,RS_GCF_003481775.1,d__Bacteria;p__Firmicutes;c__Bacilli;o__Erysipelotrichales;f__Erysipelotrichaceae;g__Clostridium_AQ;s__Clostridium_AQ sp003481775,blast,96.60,iPHoP-RF;80.00
NODE_420_length_3912_cov_2.971480,RS_GCF_002950215.1,d__Bacteria;p__Proteobacteria;c__Gammaproteobacteria;o__Enterobacterales;f__Enterobacteriaceae;g__Escherichia;s__Escherichia flexneri,blast,94.80,iPHoP-RF;89.50 CRISPR;67.90
NODE_420_length_3912_cov_2.971480,RS_GCF_000026325.1,d__Bacteria;p__Proteobacteria;c__Gammaproteobacteria;o__Enterobacterales;f__Enterobacteriaceae;g__Escherichia;s__Escherichia coli_D,blast,94.30,iPHoP-RF;92.40
NODE_420_length_3912_cov_2.971480,RS_GCF_000208585.1,d__Bacteria;p__Proteobacteria;c__Gammaproteobacteria;o__Enterobacterales;f__Enterobacteriaceae;g__Escherichia;s__Escherichia sp000208585,blast,94.30,iPHoP-RF;91.10
NODE_420_length_3912_cov_2.971480,GB_GCA_003018335.1,d__Bacteria;p__Proteobacteria;c__Gammaproteobacteria;o__Enterobacterales;f__Enterobacteriaceae;g__Escherichia;s__Escherichia coli_C,blast,94.20,iPHoP-RF;92.80
NODE_420_length_3912_cov_2.971480,RS_GCF_000759775.1,d__Bacteria;p__Proteobacteria;c__Gammaproteobacteria;o__Enterobacterales;f__Enterobacteriaceae;g__Escherichia;s__Escherichia albertii,blast,93.70,iPHoP-RF;91.80
NODE_420_length_3912_cov_2.971480,RS_GCF_005843885.1,d__Bacteria;p__Proteobacteria;c__Gammaproteobacteria;o__Enterobacterales;f__Enterobacteriaceae;g__Escherichia;s__Escherichia sp005843885,iPHoP-RF,92.10,CRISPR;59.10
NODE_420_length_3912_cov_2.971480,RS_GCF_002949675.1,d__Bacteria;p__Proteobacteria;c__Gammaproteobacteria;o__Enterobacterales;f__Enterobacteriaceae;g__Escherichia;s__Escherichia dysenteriae,iPHoP-RF,91.80,None
NODE_423_length_3387_cov_8.639256,RS_GCF_001077535.1,d__Bacteria;p__Firmicutes_A;c__Clostridia;o__Peptostreptococcales;f__Peptostreptococcaceae;g__Clostridioides;s__Clostridioides difficile,blast,95.70,iPHoP-RF;72.40
NODE_423_length_3387_cov_8.639256,RS_GCF_000449425.2,d__Bacteria;p__Firmicutes_A;c__Clostridia;o__Peptostreptococcales;f__Peptostreptococcaceae;g__Clostridioides;s__Clostridioides difficile_E,blast,91.80,iPHoP-RF;60.30
NODE_423_length_3387_cov_8.639256,RS_GCF_001299635.1,d__Bacteria;p__Firmicutes_A;c__Clostridia;o__Peptostreptococcales;f__Peptostreptococcaceae;g__Clostridioides;s__Clostridioides difficile_A,blast,91.80,iPHoP-RF;60.30
NODE_423_length_3387_cov_8.639256,RS_GCF_900243075.1,d__Bacteria;p__Firmicutes_A;c__Clostridia;o__Peptostreptococcales;f__Peptostreptococcaceae;g__Clostridioides;s__Clostridioides difficile_D,blast,91.40,iPHoP-RF;87.00
NODE_424_length_6351_cov_6.127382,RS_GCF_000026225.1,d__Bacteria;p__Proteobacteria;c__Gammaproteobacteria;o__Enterobacterales;f__Enterobacteriaceae;g__Escherichia;s__Escherichia fergusonii,iPHoP-RF,96.40,blast;96.20
NODE_424_length_6351_cov_6.127382,RS_GCF_002950215.1,d__Bacteria;p__Proteobacteria;c__Gammaproteobacteria;o__Enterobacterales;f__Enterobacteriaceae;g__Escherichia;s__Escherichia flexneri,blast,96.20,iPHoP-RF;94.40
NODE_424_length_6351_cov_6.127382,RS_GCF_000026325.1,d__Bacteria;p__Proteobacteria;c__Gammaproteobacteria;o__Enterobacterales;f__Enterobacteriaceae;g__Escherichia;s__Escherichia coli_D,blast,96.10,iPHoP-RF;95.40
NODE_424_length_6351_cov_6.127382,RS_GCF_003697165.2,d__Bacteria;p__Proteobacteria;c__Gammaproteobacteria;o__Enterobacterales;f__Enterobacteriaceae;g__Escherichia;s__Escherichia coli,blast,96.00,iPHoP-RF;95.10
NODE_424_length_6351_cov_6.127382,RS_GCF_005843885.1,d__Bacteria;p__Proteobacteria;c__Gammaproteobacteria;o__Enterobacterales;f__Enterobacteriaceae;g__Escherichia;s__Escherichia sp005843885,blast,95.80,iPHoP-RF;95.40
NODE_424_length_6351_cov_6.127382,RS_GCF_001660175.1,d__Bacteria;p__Proteobacteria;c__Gammaproteobacteria;o__Enterobacterales;f__Enterobacteriaceae;g__Escherichia;s__Escherichia sp001660175,blast,95.70,iPHoP-RF;95.10
NODE_424_length_6351_cov_6.127382,RS_GCF_002949675.1,d__Bacteria;p__Proteobacteria;c__Gammaproteobacteria;o__Enterobacterales;f__Enterobacteriaceae;g__Escherichia;s__Escherichia dysenteriae,iPHoP-RF,95.70,None
NODE_424_length_6351_cov_6.127382,RS_GCF_002965065.1,d__Bacteria;p__Proteobacteria;c__Gammaproteobacteria;o__Enterobacterales;f__Enterobacteriaceae;g__Escherichia;s__Escherichia sp002965065,iPHoP-RF,95.70,None
NODE_424_length_6351_cov_6.127382,RS_GCF_000208585.1,d__Bacteria;p__Proteobacteria;c__Gammaproteobacteria;o__Enterobacterales;f__Enterobacteriaceae;g__Escherichia;s__Escherichia sp000208585,iPHoP-RF,95.40,blast;94.80
NODE_424_length_6351_cov_6.127382,RS_GCF_002900365.1,d__Bacteria;p__Proteobacteria;c__Gammaproteobacteria;o__Enterobacterales;f__Enterobacteriaceae;g__Escherichia;s__Escherichia marmotae,iPHoP-RF,95.40,None
NODE_424_length_6351_cov_6.127382,RS_GCF_000759775.1,d__Bacteria;p__Proteobacteria;c__Gammaproteobacteria;o__Enterobacterales;f__Enterobacteriaceae;g__Escherichia;s__Escherichia albertii,iPHoP-RF,95.10,None
NODE_424_length_6351_cov_6.127382,RS_GCF_004211955.1,d__Bacteria;p__Proteobacteria;c__Gammaproteobacteria;o__Enterobacterales;f__Enterobacteriaceae;g__Escherichia;s__Escherichia sp004211955,iPHoP-RF,95.10,None
NODE_424_length_6351_cov_6.127382,RS_GCF_011881725.1,d__Bacteria;p__Proteobacteria;c__Gammaproteobacteria;o__Enterobacterales;f__Enterobacteriaceae;g__Escherichia;s__Escherichia coli_E,iPHoP-RF,95.10,None
NODE_424_length_6351_cov_6.127382,GB_GCA_003018335.1,d__Bacteria;p__Proteobacteria;c__Gammaproteobacteria;o__Enterobacterales;f__Enterobacteriaceae;g__Escherichia;s__Escherichia coli_C,iPHoP-RF,94.10,None
NODE_427_length_2990_cov_4.285179,RS_GCF_000025985.1,d__Bacteria;p__Bacteroidota;c__Bacteroidia;o__Bacteroidales;f__Bacteroidaceae;g__Bacteroides;s__Bacteroides fragilis,blast,95.10,iPHoP-RF;91.10
NODE_427_length_2990_cov_4.285179,RS_GCF_002849695.1,d__Bacteria;p__Bacteroidota;c__Bacteroidia;o__Bacteroidales;f__Bacteroidaceae;g__Bacteroides;s__Bacteroides fragilis_A,iPHoP-RF,94.10,blast;91.60
NODE_427_length_2990_cov_4.285179,GB_GCA_900755095.1,d__Bacteria;p__Bacteroidota;c__Bacteroidia;o__Bacteroidales;f__Bacteroidaceae;g__Bacteroides;s__Bacteroides sp900755095,iPHoP-RF,91.40,None
NODE_427_length_2990_cov_4.285179,RS_GCF_000614145.1,d__Bacteria;p__Bacteroidota;c__Bacteroidia;o__Bacteroidales;f__Bacteroidaceae;g__Bacteroides;s__Bacteroides faecichinchillae,iPHoP-RF,90.80,None
NODE_427_length_2990_cov_4.285179,GB_GCA_000210075.1,d__Bacteria;p__Bacteroidota;c__Bacteroidia;o__Bacteroidales;f__Bacteroidaceae;g__Bacteroides;s__Bacteroides xylanisolvens,iPHoP-RF,90.50,None
NODE_427_length_2990_cov_4.285179,RS_GCF_003464595.1,d__Bacteria;p__Bacteroidota;c__Bacteroidia;o__Bacteroidales;f__Bacteroidaceae;g__Bacteroides;s__Bacteroides intestinalis_A,iPHoP-RF,90.50,None
NODE_428_length_2744_cov_4.066567,RS_GCF_000025985.1,d__Bacteria;p__Bacteroidota;c__Bacteroidia;o__Bacteroidales;f__Bacteroidaceae;g__Bacteroides;s__Bacteroides fragilis,blast,95.50,iPHoP-RF;77.80
NODE_428_length_2744_cov_4.066567,GB_GCA_900761785.1,d__Bacteria;p__Bacteroidota;c__Bacteroidia;o__Bacteroidales;f__Bacteroidaceae;g__Bacteroides;s__Bacteroides sp900761785,iPHoP-RF,95.10,None
NODE_428_length_2744_cov_4.066567,RS_GCF_009193325.2,d__Bacteria;p__Bacteroidota;c__Bacteroidia;o__Bacteroidales;f__Bacteroidaceae;g__Bacteroides;s__Bacteroides sp900066265,iPHoP-RF,94.40,None
NODE_428_length_2744_cov_4.066567,RS_GCF_902362375.1,d__Bacteria;p__Bacteroidota;c__Bacteroidia;o__Bacteroidales;f__Bacteroidaceae;g__Bacteroides;s__Bacteroides sp902362375,iPHoP-RF,93.10,None
NODE_428_length_2744_cov_4.066567,RS_GCF_001688725.2,d__Bacteria;p__Bacteroidota;c__Bacteroidia;o__Bacteroidales;f__Bacteroidaceae;g__Bacteroides;s__Bacteroides caecimuris,iPHoP-RF,92.80,None
NODE_428_length_2744_cov_4.066567,RS_GCF_000156195.1,d__Bacteria;p__Bacteroidota;c__Bacteroidia;o__Bacteroidales;f__Bacteroidaceae;g__Bacteroides;s__Bacteroides finegoldii,iPHoP-RF,92.40,None
NODE_428_length_2744_cov_4.066567,RS_GCF_002849695.1,d__Bacteria;p__Bacteroidota;c__Bacteroidia;o__Bacteroidales;f__Bacteroidaceae;g__Bacteroides;s__Bacteroides fragilis_A,blast,91.70,iPHoP-RF;78.50
NODE_428_length_2744_cov_4.066567,GB_GCA_000210075.1,d__Bacteria;p__Bacteroidota;c__Bacteroidia;o__Bacteroidales;f__Bacteroidaceae;g__Bacteroides;s__Bacteroides xylanisolvens,iPHoP-RF,91.40,None
NODE_428_length_2744_cov_4.066567,RS_GCF_903181435.1,d__Bacteria;p__Bacteroidota;c__Bacteroidia;o__Bacteroidales;f__Bacteroidaceae;g__Bacteroides;s__Bacteroides acidifaciens_A,iPHoP-RF,91.40,None
NODE_428_length_2744_cov_4.066567,GB_GCA_900765805.1,d__Bacteria;p__Bacteroidota;c__Bacteroidia;o__Bacteroidales;f__Bacteroidaceae;g__Bacteroides;s__Bacteroides sp900765805,blast,90.10,iPHoP-RF;66.80
NODE_428_length_2744_cov_4.066567,RS_GCF_002222615.2,d__Bacteria;p__Bacteroidota;c__Bacteroidia;o__Bacteroidales;f__Bacteroidaceae;g__Bacteroides;s__Bacteroides caccae,iPHoP-RF,90.10,None
NODE_42_length_32475_cov_10.695774,RS_GCF_000407485.1,d__Bacteria;p__Firmicutes;c__Bacilli;o__Lactobacillales;f__Enterococcaceae;g__Enterococcus_A;s__Enterococcus_A pallens,iPHoP-RF,97.10,None
NODE_42_length_32475_cov_10.695774,RS_GCF_001544295.1,d__Bacteria;p__Firmicutes;c__Bacilli;o__Lactobacillales;f__Enterococcaceae;g__Enterococcus_A;s__Enterococcus_A pseudoavium,iPHoP-RF,97.10,None
NODE_42_length_32475_cov_10.695774,RS_GCF_005405225.1,d__Bacteria;p__Firmicutes;c__Bacilli;o__Lactobacillales;f__Enterococcaceae;g__Enterococcus_A;s__Enterococcus_A sp005405225,iPHoP-RF,97.10,None
NODE_42_length_32475_cov_10.695774,RS_GCF_005405345.1,d__Bacteria;p__Firmicutes;c__Bacilli;o__Lactobacillales;f__Enterococcaceae;g__Enterococcus_A;s__Enterococcus_A viikkiensis,iPHoP-RF,97.10,None
NODE_42_length_32475_cov_10.695774,RS_GCF_000392875.1,d__Bacteria;p__Firmicutes;c__Bacilli;o__Lactobacillales;f__Enterococcaceae;g__Enterococcus;s__Enterococcus faecalis,blast,96.90,iPHoP-RF;78.50
NODE_42_length_32475_cov_10.695774,GB_GCA_001465345.1,d__Bacteria;p__Firmicutes;c__Bacilli;o__Lactobacillales;f__Enterococcaceae;g__Enterococcus;s__Enterococcus rotai,iPHoP-RF,96.70,None
NODE_42_length_32475_cov_10.695774,RS_GCF_002148425.1,d__Bacteria;p__Firmicutes;c__Bacilli;o__Lactobacillales;f__Enterococcaceae;g__Enterococcus;s__Enterococcus sp002148425,iPHoP-RF,96.70,None
NODE_42_length_32475_cov_10.695774,GB_GCA_001465115.1,d__Bacteria;p__Firmicutes;c__Bacilli;o__Lactobacillales;f__Enterococcaceae;g__Enterococcus;s__Enterococcus silesiacus,iPHoP-RF,96.40,None
NODE_42_length_32475_cov_10.695774,RS_GCF_000407145.1,d__Bacteria;p__Firmicutes;c__Bacilli;o__Lactobacillales;f__Enterococcaceae;g__Enterococcus;s__Enterococcus caccae,iPHoP-RF,96.40,None
NODE_42_length_32475_cov_10.695774,RS_GCF_000407165.1,d__Bacteria;p__Firmicutes;c__Bacilli;o__Lactobacillales;f__Enterococcaceae;g__Enterococcus;s__Enterococcus haemoperoxidus,iPHoP-RF,96.40,None
NODE_42_length_32475_cov_10.695774,RS_GCF_000407445.1,d__Bacteria;p__Firmicutes;c__Bacilli;o__Lactobacillales;f__Enterococcaceae;g__Enterococcus;s__Enterococcus moraviensis,iPHoP-RF,96.40,None
NODE_42_length_32475_cov_10.695774,RS_GCF_001544275.1,d__Bacteria;p__Firmicutes;c__Bacilli;o__Lactobacillales;f__Enterococcaceae;g__Enterococcus_D;s__Enterococcus_D gallinarum,iPHoP-RF,96.40,None
NODE_42_length_32475_cov_10.695774,RS_GCF_001730315.1,d__Bacteria;p__Firmicutes;c__Bacilli;o__Lactobacillales;f__Enterococcaceae;g__Enterococcus;s__Enterococcus ureilyticus,iPHoP-RF,96.40,None
NODE_42_length_32475_cov_10.695774,RS_GCF_002141365.1,d__Bacteria;p__Firmicutes;c__Bacilli;o__Lactobacillales;f__Enterococcaceae;g__Enterococcus;s__Enterococcus sp002141365,iPHoP-RF,96.40,None
NODE_42_length_32475_cov_10.695774,RS_GCF_000406945.1,d__Bacteria;p__Firmicutes;c__Bacilli;o__Lactobacillales;f__Enterococcaceae;g__Enterococcus_C;s__Enterococcus_C dispar,iPHoP-RF,96.10,None
NODE_42_length_32475_cov_10.695774,RS_GCF_002850555.1,d__Bacteria;p__Firmicutes;c__Bacilli;o__Lactobacillales;f__Enterococcaceae;g__Enterococcus_D;s__Enterococcus_D sp002850555,iPHoP-RF,96.10,blast;78.70
NODE_42_length_32475_cov_10.695774,RS_GCF_001544095.1,d__Bacteria;p__Firmicutes;c__Bacilli;o__Lactobacillales;f__Enterococcaceae;g__Enterococcus_D;s__Enterococcus_D casseliflavus,iPHoP-RF,95.70,blast;78.70
NODE_42_length_32475_cov_10.695774,RS_GCF_001730295.1,d__Bacteria;p__Firmicutes;c__Bacilli;o__Lactobacillales;f__Enterococcaceae;g__Enterococcus;s__Enterococcus plantarum,iPHoP-RF,95.70,None
NODE_42_length_32475_cov_10.695774,RS_GCF_002140175.1,d__Bacteria;p__Firmicutes;c__Bacilli;o__Lactobacillales;f__Enterococcaceae;g__Enterococcus_B;s__Enterococcus_B sp002140175,iPHoP-RF,95.40,None
NODE_42_length_32475_cov_10.695774,RS_GCF_011038845.1,d__Bacteria;p__Firmicutes;c__Bacilli;o__Lactobacillales;f__Enterococcaceae;g__Enterococcus_B;s__Enterococcus_B sp011038845,iPHoP-RF,95.10,blast;78.70
NODE_42_length_32475_cov_10.695774,RS_GCF_002140715.1,d__Bacteria;p__Firmicutes;c__Bacilli;o__Lactobacillales;f__Enterococcaceae;g__Enterococcus;s__Enterococcus sp002140715,iPHoP-RF,94.70,None
NODE_42_length_32475_cov_10.695774,RS_GCF_001544255.1,d__Bacteria;p__Firmicutes;c__Bacilli;o__Lactobacillales;f__Enterococcaceae;g__Enterococcus_B;s__Enterococcus_B faecium,iPHoP-RF,94.40,blast;78.60
NODE_42_length_32475_cov_10.695774,RS_GCF_001544375.1,d__Bacteria;p__Firmicutes;c__Bacilli;o__Lactobacillales;f__Enterococcaceae;g__Enterococcus_H;s__Enterococcus_H canis,iPHoP-RF,94.40,None
NODE_42_length_32475_cov_10.695774,RS_GCF_001730305.1,d__Bacteria;p__Firmicutes;c__Bacilli;o__Lactobacillales;f__Enterococcaceae;g__Enterococcus;s__Enterococcus termitis,iPHoP-RF,93.70,None
NODE_42_length_32475_cov_10.695774,RS_GCF_000407505.1,d__Bacteria;p__Firmicutes;c__Bacilli;o__Lactobacillales;f__Enterococcaceae;g__Enterococcus_B;s__Enterococcus_B phoeniculicola,iPHoP-RF,93.40,None
NODE_42_length_32475_cov_10.695774,RS_GCF_001544215.1,d__Bacteria;p__Firmicutes;c__Bacilli;o__Lactobacillales;f__Enterococcaceae;g__Enterococcus_B;s__Enterococcus_B durans,iPHoP-RF,93.40,blast;79.20
NODE_42_length_32475_cov_10.695774,RS_GCF_001730285.1,d__Bacteria;p__Firmicutes;c__Bacilli;o__Lactobacillales;f__Enterococcaceae;g__Enterococcus;s__Enterococcus ureasiticus,iPHoP-RF,92.40,None
NODE_42_length_32475_cov_10.695774,RS_GCF_001886265.1,d__Bacteria;p__Firmicutes;c__Bacilli;o__Lactobacillales;f__Enterococcaceae;g__Enterococcus_B;s__Enterococcus_B thailandicus,iPHoP-RF,92.40,None
NODE_42_length_32475_cov_10.695774,RS_GCF_009933335.1,d__Bacteria;p__Firmicutes;c__Bacilli;o__Lactobacillales;f__Enterococcaceae;g__Enterococcus_F;s__Enterococcus_F sp009933335,iPHoP-RF,91.10,None
NODE_42_length_32475_cov_10.695774,RS_GCF_000407285.1,d__Bacteria;p__Firmicutes;c__Bacilli;o__Lactobacillales;f__Enterococcaceae;g__Enterococcus_F;s__Enterococcus_F saccharolyticus,iPHoP-RF,90.50,None
NODE_42_length_36164_cov_8.737212,GB_GCA_900541905.1,d__Bacteria;p__Firmicutes_A;c__Clostridia;o__Oscillospirales;f__Acutalibacteraceae;g__UMGS1071;s__UMGS1071 sp900541905,blast,94.00,iPHoP-RF;75.70 CRISPR;61.30
NODE_42_length_36164_cov_8.737212,GB_GCA_900542375.1,d__Bacteria;p__Firmicutes_A;c__Clostridia;o__Oscillospirales;f__Acutalibacteraceae;g__UMGS1071;s__UMGS1071 sp900542375,blast,93.90,iPHoP-RF;78.00 CRISPR;68.40
NODE_42_length_36164_cov_8.737212,GB_GCA_900548305.1,d__Bacteria;p__Firmicutes_A;c__Clostridia;o__Oscillospirales;f__Acutalibacteraceae;g__UMGS1071;s__UMGS1071 sp900548305,blast,91.90,iPHoP-RF;75.70
NODE_42_length_6821_cov_9.625628,RS_GCF_002950215.1,d__Bacteria;p__Proteobacteria;c__Gammaproteobacteria;o__Enterobacterales;f__Enterobacteriaceae;g__Escherichia;s__Escherichia flexneri,blast,96.80,iPHoP-RF;94.40
NODE_42_length_6821_cov_9.625628,RS_GCF_003697165.2,d__Bacteria;p__Proteobacteria;c__Gammaproteobacteria;o__Enterobacterales;f__Enterobacteriaceae;g__Escherichia;s__Escherichia coli,blast,96.80,iPHoP-RF;92.80
NODE_42_length_6821_cov_9.625628,RS_GCF_002949675.1,d__Bacteria;p__Proteobacteria;c__Gammaproteobacteria;o__Enterobacterales;f__Enterobacteriaceae;g__Escherichia;s__Escherichia dysenteriae,blast,96.70,iPHoP-RF;92.80
NODE_42_length_6821_cov_9.625628,RS_GCF_002900365.1,d__Bacteria;p__Proteobacteria;c__Gammaproteobacteria;o__Enterobacterales;f__Enterobacteriaceae;g__Escherichia;s__Escherichia marmotae,iPHoP-RF,95.10,None
NODE_42_length_6821_cov_9.625628,RS_GCF_004211955.1,d__Bacteria;p__Proteobacteria;c__Gammaproteobacteria;o__Enterobacterales;f__Enterobacteriaceae;g__Escherichia;s__Escherichia sp004211955,iPHoP-RF,95.10,None
NODE_42_length_6821_cov_9.625628,GB_GCA_003018335.1,d__Bacteria;p__Proteobacteria;c__Gammaproteobacteria;o__Enterobacterales;f__Enterobacteriaceae;g__Escherichia;s__Escherichia coli_C,iPHoP-RF,94.70,None
NODE_42_length_6821_cov_9.625628,RS_GCF_000026325.1,d__Bacteria;p__Proteobacteria;c__Gammaproteobacteria;o__Enterobacterales;f__Enterobacteriaceae;g__Escherichia;s__Escherichia coli_D,iPHoP-RF,94.70,None
NODE_42_length_6821_cov_9.625628,RS_GCF_001660175.1,d__Bacteria;p__Proteobacteria;c__Gammaproteobacteria;o__Enterobacterales;f__Enterobacteriaceae;g__Escherichia;s__Escherichia sp001660175,iPHoP-RF,94.40,None
NODE_42_length_6821_cov_9.625628,RS_GCF_002965065.1,d__Bacteria;p__Proteobacteria;c__Gammaproteobacteria;o__Enterobacterales;f__Enterobacteriaceae;g__Escherichia;s__Escherichia sp002965065,iPHoP-RF,94.40,None
NODE_42_length_6821_cov_9.625628,RS_GCF_005843885.1,d__Bacteria;p__Proteobacteria;c__Gammaproteobacteria;o__Enterobacterales;f__Enterobacteriaceae;g__Escherichia;s__Escherichia sp005843885,iPHoP-RF,94.40,None
NODE_42_length_6821_cov_9.625628,RS_GCF_000208585.1,d__Bacteria;p__Proteobacteria;c__Gammaproteobacteria;o__Enterobacterales;f__Enterobacteriaceae;g__Escherichia;s__Escherichia sp000208585,iPHoP-RF,94.10,None
NODE_42_length_6821_cov_9.625628,RS_GCF_011881725.1,d__Bacteria;p__Proteobacteria;c__Gammaproteobacteria;o__Enterobacterales;f__Enterobacteriaceae;g__Escherichia;s__Escherichia coli_E,iPHoP-RF,94.10,None
NODE_42_length_6821_cov_9.625628,RS_GCF_000026225.1,d__Bacteria;p__Proteobacteria;c__Gammaproteobacteria;o__Enterobacterales;f__Enterobacteriaceae;g__Escherichia;s__Escherichia fergusonii,iPHoP-RF,92.40,None
NODE_42_length_6821_cov_9.625628,RS_GCF_000759775.1,d__Bacteria;p__Proteobacteria;c__Gammaproteobacteria;o__Enterobacterales;f__Enterobacteriaceae;g__Escherichia;s__Escherichia albertii,iPHoP-RF,90.10,None
NODE_433_length_2390_cov_4.532334,GB_GCA_004557565.1,d__Bacteria;p__Bacteroidota;c__Bacteroidia;o__Bacteroidales;f__Muribaculaceae;g__Sodaliphilus;s__Sodaliphilus sp004557565,blast,93.80,iPHoP-RF;53.60
NODE_433_length_3353_cov_7.635537,RS_GCF_001077535.1,d__Bacteria;p__Firmicutes_A;c__Clostridia;o__Peptostreptococcales;f__Peptostreptococcaceae;g__Clostridioides;s__Clostridioides difficile,blast,92.90,iPHoP-RF;74.10 CRISPR;70.40
NODE_433_length_3353_cov_7.635537,RS_GCF_900243075.1,d__Bacteria;p__Firmicutes_A;c__Clostridia;o__Peptostreptococcales;f__Peptostreptococcaceae;g__Clostridioides;s__Clostridioides difficile_D,blast,91.90,iPHoP-RF;75.90
NODE_43_length_11449_cov_48.555292,RS_GCF_000239695.1,d__Bacteria;p__Actinobacteriota;c__Actinomycetia;o__Actinomycetales;f__Actinomycetaceae;g__Actinomyces;s__Actinomyces graevenitzii,blast,93.40,iPHoP-RF;74.80
NODE_43_length_3040_cov_4.376884,RS_GCF_003697165.2,d__Bacteria;p__Proteobacteria;c__Gammaproteobacteria;o__Enterobacterales;f__Enterobacteriaceae;g__Escherichia;s__Escherichia coli,blast,96.90,iPHoP-RF;82.80
NODE_43_length_3040_cov_4.376884,GB_GCA_003018335.1,d__Bacteria;p__Proteobacteria;c__Gammaproteobacteria;o__Enterobacterales;f__Enterobacteriaceae;g__Escherichia;s__Escherichia coli_C,blast,96.80,iPHoP-RF;85.40
NODE_43_length_3040_cov_4.376884,RS_GCF_000026325.1,d__Bacteria;p__Proteobacteria;c__Gammaproteobacteria;o__Enterobacterales;f__Enterobacteriaceae;g__Escherichia;s__Escherichia coli_D,blast,96.80,iPHoP-RF;83.30
NODE_43_length_3040_cov_4.376884,RS_GCF_002949675.1,d__Bacteria;p__Proteobacteria;c__Gammaproteobacteria;o__Enterobacterales;f__Enterobacteriaceae;g__Escherichia;s__Escherichia dysenteriae,blast,96.80,iPHoP-RF;82.80
NODE_43_length_3040_cov_4.376884,RS_GCF_002950215.1,d__Bacteria;p__Proteobacteria;c__Gammaproteobacteria;o__Enterobacterales;f__Enterobacteriaceae;g__Escherichia;s__Escherichia flexneri,blast,96.80,iPHoP-RF;84.20
NODE_43_length_3040_cov_4.376884,RS_GCF_004211955.1,d__Bacteria;p__Proteobacteria;c__Gammaproteobacteria;o__Enterobacterales;f__Enterobacteriaceae;g__Escherichia;s__Escherichia sp004211955,blast,96.80,iPHoP-RF;87.30
NODE_43_length_3040_cov_4.376884,RS_GCF_011881725.1,d__Bacteria;p__Proteobacteria;c__Gammaproteobacteria;o__Enterobacterales;f__Enterobacteriaceae;g__Escherichia;s__Escherichia coli_E,blast,96.80,iPHoP-RF;87.60
NODE_43_length_3040_cov_4.376884,RS_GCF_000026225.1,d__Bacteria;p__Proteobacteria;c__Gammaproteobacteria;o__Enterobacterales;f__Enterobacteriaceae;g__Escherichia;s__Escherichia fergusonii,blast,96.70,iPHoP-RF;81.10
NODE_43_length_3040_cov_4.376884,RS_GCF_000208585.1,d__Bacteria;p__Proteobacteria;c__Gammaproteobacteria;o__Enterobacterales;f__Enterobacteriaceae;g__Escherichia;s__Escherichia sp000208585,blast,96.70,iPHoP-RF;79.00
NODE_43_length_3040_cov_4.376884,RS_GCF_002900365.1,d__Bacteria;p__Proteobacteria;c__Gammaproteobacteria;o__Enterobacterales;f__Enterobacteriaceae;g__Escherichia;s__Escherichia marmotae,blast,96.70,iPHoP-RF;80.30
NODE_43_length_3040_cov_4.376884,RS_GCF_005843885.1,d__Bacteria;p__Proteobacteria;c__Gammaproteobacteria;o__Enterobacterales;f__Enterobacteriaceae;g__Escherichia;s__Escherichia sp005843885,blast,96.70,iPHoP-RF;86.30
NODE_43_length_3040_cov_4.376884,RS_GCF_000759775.1,d__Bacteria;p__Proteobacteria;c__Gammaproteobacteria;o__Enterobacterales;f__Enterobacteriaceae;g__Escherichia;s__Escherichia albertii,blast,91.60,iPHoP-RF;60.60
NODE_43_length_35376_cov_14.434982,RS_GCF_014131695.1,d__Bacteria;p__Firmicutes;c__Bacilli;o__Erysipelotrichales;f__Erysipelatoclostridiaceae;g__Erysipelatoclostridium;s__Erysipelatoclostridium ramosum,blast,98.20,CRISPR;95.80 iPHoP-RF;90.80
NODE_43_length_42156_cov_13.695898,RS_GCF_001544255.1,d__Bacteria;p__Firmicutes;c__Bacilli;o__Lactobacillales;f__Enterococcaceae;g__Enterococcus_B;s__Enterococcus_B faecium,blast,96.90,iPHoP-RF;73.50 CRISPR;52.10
NODE_43_length_42156_cov_13.695898,RS_GCF_001544215.1,d__Bacteria;p__Firmicutes;c__Bacilli;o__Lactobacillales;f__Enterococcaceae;g__Enterococcus_B;s__Enterococcus_B durans,blast,96.80,None
NODE_43_length_42156_cov_13.695898,RS_GCF_009735405.1,d__Bacteria;p__Firmicutes;c__Bacilli;o__Lactobacillales;f__Enterococcaceae;g__Enterococcus_B;s__Enterococcus_B lactis,blast,96.80,iPHoP-RF;81.60
NODE_43_length_42156_cov_13.695898,RS_GCF_000271405.2,d__Bacteria;p__Firmicutes;c__Bacilli;o__Lactobacillales;f__Enterococcaceae;g__Enterococcus_B;s__Enterococcus_B hirae,blast,96.50,iPHoP-RF;74.80
NODE_43_length_42156_cov_13.695898,RS_GCF_002140175.1,d__Bacteria;p__Firmicutes;c__Bacilli;o__Lactobacillales;f__Enterococcaceae;g__Enterococcus_B;s__Enterococcus_B sp002140175,blast,93.60,None
NODE_43_length_42156_cov_13.695898,RS_GCF_001886195.1,d__Bacteria;p__Firmicutes;c__Bacilli;o__Lactobacillales;f__Enterococcaceae;g__Enterococcus_B;s__Enterococcus_B ratti,blast,92.90,iPHoP-RF;73.00
NODE_43_length_42156_cov_13.695898,RS_GCF_007990225.1,d__Bacteria;p__Firmicutes;c__Bacilli;o__Lactobacillales;f__Enterococcaceae;g__Enterococcus_B;s__Enterococcus_B villorum,blast,91.50,None
NODE_43_length_42156_cov_13.695898,RS_GCF_001544295.1,d__Bacteria;p__Firmicutes;c__Bacilli;o__Lactobacillales;f__Enterococcaceae;g__Enterococcus_A;s__Enterococcus_A pseudoavium,iPHoP-RF,90.80,None
NODE_43_length_42156_cov_13.695898,RS_GCF_005405225.1,d__Bacteria;p__Firmicutes;c__Bacilli;o__Lactobacillales;f__Enterococcaceae;g__Enterococcus_A;s__Enterococcus_A sp005405225,iPHoP-RF,90.50,None
NODE_43_length_42156_cov_13.695898,RS_GCF_000406965.1,d__Bacteria;p__Firmicutes;c__Bacilli;o__Lactobacillales;f__Enterococcaceae;g__Enterococcus_A;s__Enterococcus_A avium,iPHoP-RF,90.10,None
NODE_43_length_42156_cov_13.695898,RS_GCF_000407545.1,d__Bacteria;p__Firmicutes;c__Bacilli;o__Lactobacillales;f__Enterococcaceae;g__Enterococcus_A;s__Enterococcus_A gilvus,iPHoP-RF,90.10,None
NODE_43_length_7522_cov_4.368823,RS_GCF_001544375.1,d__Bacteria;p__Firmicutes;c__Bacilli;o__Lactobacillales;f__Enterococcaceae;g__Enterococcus_H;s__Enterococcus_H canis,iPHoP-RF,97.10,CRISPR;56.90
NODE_43_length_7522_cov_4.368823,RS_GCF_002140715.1,d__Bacteria;p__Firmicutes;c__Bacilli;o__Lactobacillales;f__Enterococcaceae;g__Enterococcus;s__Enterococcus sp002140715,iPHoP-RF,97.10,None
NODE_43_length_7522_cov_4.368823,RS_GCF_001730285.1,d__Bacteria;p__Firmicutes;c__Bacilli;o__Lactobacillales;f__Enterococcaceae;g__Enterococcus;s__Enterococcus ureasiticus,iPHoP-RF,96.70,None
NODE_43_length_7522_cov_4.368823,RS_GCF_002197645.1,d__Bacteria;p__Firmicutes;c__Bacilli;o__Lactobacillales;f__Enterococcaceae;g__Enterococcus;s__Enterococcus wangshanyuanii,iPHoP-RF,96.70,None
NODE_43_length_7522_cov_4.368823,RS_GCF_011397115.1,d__Bacteria;p__Firmicutes;c__Bacilli;o__Lactobacillales;f__Enterococcaceae;g__Enterococcus_C;s__Enterococcus_C saigonensis,iPHoP-RF,96.70,CRISPR;60.40
NODE_43_length_7522_cov_4.368823,GB_GCA_001465345.1,d__Bacteria;p__Firmicutes;c__Bacilli;o__Lactobacillales;f__Enterococcaceae;g__Enterococcus;s__Enterococcus rotai,iPHoP-RF,96.40,None
NODE_43_length_7522_cov_4.368823,RS_GCF_000392875.1,d__Bacteria;p__Firmicutes;c__Bacilli;o__Lactobacillales;f__Enterococcaceae;g__Enterococcus;s__Enterococcus faecalis,iPHoP-RF,96.40,blast;92.00
NODE_43_length_7522_cov_4.368823,RS_GCF_000407165.1,d__Bacteria;p__Firmicutes;c__Bacilli;o__Lactobacillales;f__Enterococcaceae;g__Enterococcus;s__Enterococcus haemoperoxidus,iPHoP-RF,96.40,None
NODE_43_length_7522_cov_4.368823,RS_GCF_000407185.1,d__Bacteria;p__Firmicutes;c__Bacilli;o__Lactobacillales;f__Enterococcaceae;g__Enterococcus_A;s__Enterococcus_A malodoratus,iPHoP-RF,96.40,None
NODE_43_length_7522_cov_4.368823,RS_GCF_000407445.1,d__Bacteria;p__Firmicutes;c__Bacilli;o__Lactobacillales;f__Enterococcaceae;g__Enterococcus;s__Enterococcus moraviensis,iPHoP-RF,96.40,None
NODE_43_length_7522_cov_4.368823,RS_GCF_001730295.1,d__Bacteria;p__Firmicutes;c__Bacilli;o__Lactobacillales;f__Enterococcaceae;g__Enterococcus;s__Enterococcus plantarum,iPHoP-RF,96.40,None
NODE_43_length_7522_cov_4.368823,RS_GCF_002141365.1,d__Bacteria;p__Firmicutes;c__Bacilli;o__Lactobacillales;f__Enterococcaceae;g__Enterococcus;s__Enterococcus sp002141365,iPHoP-RF,96.40,None
NODE_43_length_7522_cov_4.368823,RS_GCF_005405365.1,d__Bacteria;p__Firmicutes;c__Bacilli;o__Lactobacillales;f__Enterococcaceae;g__Enterococcus_A;s__Enterococcus_A xiangfangensis,iPHoP-RF,96.40,None
NODE_43_length_7522_cov_4.368823,RS_GCF_000407145.1,d__Bacteria;p__Firmicutes;c__Bacilli;o__Lactobacillales;f__Enterococcaceae;g__Enterococcus;s__Enterococcus caccae,iPHoP-RF,96.10,None
NODE_43_length_7522_cov_4.368823,RS_GCF_001730305.1,d__Bacteria;p__Firmicutes;c__Bacilli;o__Lactobacillales;f__Enterococcaceae;g__Enterococcus;s__Enterococcus termitis,iPHoP-RF,96.10,None
NODE_43_length_7522_cov_4.368823,RS_GCF_001730365.1,d__Bacteria;p__Firmicutes;c__Bacilli;o__Lactobacillales;f__Enterococcaceae;g__Enterococcus;s__Enterococcus quebecensis,iPHoP-RF,96.10,None
NODE_43_length_7522_cov_4.368823,RS_GCF_001886185.1,d__Bacteria;p__Firmicutes;c__Bacilli;o__Lactobacillales;f__Enterococcaceae;g__Enterococcus_A;s__Enterococcus_A raffinosus,iPHoP-RF,96.10,blast;92.50
NODE_43_length_7522_cov_4.368823,RS_GCF_005405225.1,d__Bacteria;p__Firmicutes;c__Bacilli;o__Lactobacillales;f__Enterococcaceae;g__Enterococcus_A;s__Enterococcus_A sp005405225,iPHoP-RF,96.10,None
NODE_43_length_7522_cov_4.368823,RS_GCF_000271405.2,d__Bacteria;p__Firmicutes;c__Bacilli;o__Lactobacillales;f__Enterococcaceae;g__Enterococcus_B;s__Enterococcus_B hirae,iPHoP-RF,95.70,None
NODE_43_length_7522_cov_4.368823,3300012136_2,d__Bacteria;p__Firmicutes;c__Bacilli;o__Lactobacillales;f__Enterococcaceae;g__Enterococcus_A;s__,iPHoP-RF,95.40,None
NODE_43_length_7522_cov_4.368823,RS_GCF_000406965.1,d__Bacteria;p__Firmicutes;c__Bacilli;o__Lactobacillales;f__Enterococcaceae;g__Enterococcus_A;s__Enterococcus_A avium,iPHoP-RF,95.40,blast;91.70
NODE_43_length_7522_cov_4.368823,RS_GCF_001730315.1,d__Bacteria;p__Firmicutes;c__Bacilli;o__Lactobacillales;f__Enterococcaceae;g__Enterococcus;s__Enterococcus ureilyticus,iPHoP-RF,95.40,None
NODE_43_length_7522_cov_4.368823,RS_GCF_007990225.1,d__Bacteria;p__Firmicutes;c__Bacilli;o__Lactobacillales;f__Enterococcaceae;g__Enterococcus_B;s__Enterococcus_B villorum,iPHoP-RF,95.40,None
NODE_43_length_7522_cov_4.368823,RS_GCF_000633635.1,d__Bacteria;p__Firmicutes;c__Bacilli;o__Lactobacillales;f__Enterococcaceae;g__Enterococcus;s__Enterococcus crotali,iPHoP-RF,95.10,None
NODE_43_length_7522_cov_4.368823,RS_GCF_001544215.1,d__Bacteria;p__Firmicutes;c__Bacilli;o__Lactobacillales;f__Enterococcaceae;g__Enterococcus_B;s__Enterococcus_B durans,iPHoP-RF,95.10,None
NODE_43_length_7522_cov_4.368823,RS_GCF_001742285.1,d__Bacteria;p__Firmicutes;c__Bacilli;o__Lactobacillales;f__Enterococcaceae;g__Enterococcus;s__Enterococcus rivorum,iPHoP-RF,95.10,None
NODE_43_length_7522_cov_4.368823,RS_GCF_001885905.1,d__Bacteria;p__Firmicutes;c__Bacilli;o__Lactobacillales;f__Enterococcaceae;g__Enterococcus_A;s__Enterococcus_A devriesei,iPHoP-RF,95.10,None
NODE_43_length_7522_cov_4.368823,RS_GCF_002140175.1,d__Bacteria;p__Firmicutes;c__Bacilli;o__Lactobacillales;f__Enterococcaceae;g__Enterococcus_B;s__Enterococcus_B sp002140175,iPHoP-RF,95.10,None
NODE_43_length_7522_cov_4.368823,RS_GCF_002174455.1,d__Bacteria;p__Firmicutes;c__Bacilli;o__Lactobacillales;f__Enterococcaceae;g__Enterococcus;s__Enterococcus sp002174455,iPHoP-RF,95.10,None
NODE_43_length_7522_cov_4.368823,RS_GCF_003957375.1,d__Bacteria;p__Firmicutes;c__Bacilli;o__Lactobacillales;f__Enterococcaceae;g__Enterococcus_B;s__Enterococcus_B mundtii_C,iPHoP-RF,95.10,None
NODE_43_length_7522_cov_4.368823,RS_GCF_009735405.1,d__Bacteria;p__Firmicutes;c__Bacilli;o__Lactobacillales;f__Enterococcaceae;g__Enterococcus_B;s__Enterococcus_B lactis,iPHoP-RF,95.10,None
NODE_43_length_7522_cov_4.368823,RS_GCF_002813755.1,d__Bacteria;p__Firmicutes;c__Bacilli;o__Lactobacillales;f__Enterococcaceae;g__Enterococcus_B;s__Enterococcus_B mundtii,iPHoP-RF,94.70,None
NODE_43_length_7522_cov_4.368823,RS_GCF_002947535.1,d__Bacteria;p__Firmicutes;c__Bacilli;o__Lactobacillales;f__Enterococcaceae;g__Enterococcus_B;s__Enterococcus_B mundtii_B,iPHoP-RF,94.70,None
NODE_43_length_7522_cov_4.368823,RS_GCF_013394305.1,d__Bacteria;p__Firmicutes;c__Bacilli;o__Lactobacillales;f__Enterococcaceae;g__Enterococcus_B;s__Enterococcus_B pernyi,iPHoP-RF,94.40,None
NODE_43_length_7522_cov_4.368823,GB_GCA_001465115.1,d__Bacteria;p__Firmicutes;c__Bacilli;o__Lactobacillales;f__Enterococcaceae;g__Enterococcus;s__Enterococcus silesiacus,iPHoP-RF,94.10,None
NODE_43_length_7522_cov_4.368823,RS_GCF_000407505.1,d__Bacteria;p__Firmicutes;c__Bacilli;o__Lactobacillales;f__Enterococcaceae;g__Enterococcus_B;s__Enterococcus_B phoeniculicola,iPHoP-RF,94.10,None
NODE_43_length_7522_cov_4.368823,RS_GCF_001544255.1,d__Bacteria;p__Firmicutes;c__Bacilli;o__Lactobacillales;f__Enterococcaceae;g__Enterococcus_B;s__Enterococcus_B faecium,iPHoP-RF,93.70,None
NODE_43_length_7522_cov_4.368823,RS_GCF_001050095.1,d__Bacteria;p__Firmicutes;c__Bacilli;o__Lactobacillales;f__Enterococcaceae;g__Enterococcus_C;s__Enterococcus_C massiliensis,iPHoP-RF,93.10,None
NODE_43_length_7522_cov_4.368823,RS_GCF_001885945.1,d__Bacteria;p__Firmicutes;c__Bacilli;o__Lactobacillales;f__Enterococcaceae;g__Enterococcus_A;s__Enterococcus_A hermanniensis,iPHoP-RF,93.10,None
NODE_43_length_7522_cov_4.368823,RS_GCF_001886265.1,d__Bacteria;p__Firmicutes;c__Bacilli;o__Lactobacillales;f__Enterococcaceae;g__Enterococcus_B;s__Enterococcus_B thailandicus,iPHoP-RF,93.10,None
NODE_43_length_7522_cov_4.368823,RS_GCF_009933255.1,d__Bacteria;p__Firmicutes;c__Bacilli;o__Lactobacillales;f__Enterococcaceae;g__Enterococcus_C;s__Enterococcus_C diestrammenae,iPHoP-RF,91.10,None
NODE_445_length_4103_cov_5.227273,RS_GCF_000449425.2,d__Bacteria;p__Firmicutes_A;c__Clostridia;o__Peptostreptococcales;f__Peptostreptococcaceae;g__Clostridioides;s__Clostridioides difficile_E,blast,92.20,iPHoP-RF;80.80
NODE_446_length_2516_cov_4.095490,RS_GCF_000025985.1,d__Bacteria;p__Bacteroidota;c__Bacteroidia;o__Bacteroidales;f__Bacteroidaceae;g__Bacteroides;s__Bacteroides fragilis,iPHoP-RF,96.10,blast;91.10
NODE_446_length_2516_cov_4.095490,RS_GCF_000613385.1,d__Bacteria;p__Bacteroidota;c__Bacteroidia;o__Bacteroidales;f__Bacteroidaceae;g__Bacteroides;s__Bacteroides acidifaciens,iPHoP-RF,95.10,None
NODE_446_length_2516_cov_4.095490,RS_GCF_012113595.1,d__Bacteria;p__Bacteroidota;c__Bacteroidia;o__Bacteroidales;f__Bacteroidaceae;g__Bacteroides;s__Bacteroides sp012113595,iPHoP-RF,95.10,None
NODE_446_length_2516_cov_4.095490,GB_GCA_900556625.1,d__Bacteria;p__Bacteroidota;c__Bacteroidia;o__Bacteroidales;f__Bacteroidaceae;g__Bacteroides;s__Bacteroides sp900556625,iPHoP-RF,94.70,None
NODE_446_length_2516_cov_4.095490,RS_GCF_000156195.1,d__Bacteria;p__Bacteroidota;c__Bacteroidia;o__Bacteroidales;f__Bacteroidaceae;g__Bacteroides;s__Bacteroides finegoldii,iPHoP-RF,94.70,None
NODE_446_length_2516_cov_4.095490,RS_GCF_001688725.2,d__Bacteria;p__Bacteroidota;c__Bacteroidia;o__Bacteroidales;f__Bacteroidaceae;g__Bacteroides;s__Bacteroides caecimuris,iPHoP-RF,94.70,None
NODE_446_length_2516_cov_4.095490,RS_GCF_902362375.1,d__Bacteria;p__Bacteroidota;c__Bacteroidia;o__Bacteroidales;f__Bacteroidaceae;g__Bacteroides;s__Bacteroides sp902362375,iPHoP-RF,94.70,None
NODE_446_length_2516_cov_4.095490,GB_GCA_000210075.1,d__Bacteria;p__Bacteroidota;c__Bacteroidia;o__Bacteroidales;f__Bacteroidaceae;g__Bacteroides;s__Bacteroides xylanisolvens,iPHoP-RF,94.10,None
NODE_446_length_2516_cov_4.095490,RS_GCF_001314995.1,d__Bacteria;p__Bacteroidota;c__Bacteroidia;o__Bacteroidales;f__Bacteroidaceae;g__Bacteroides;s__Bacteroides ovatus,iPHoP-RF,93.70,None
NODE_446_length_2516_cov_4.095490,RS_GCF_903181435.1,d__Bacteria;p__Bacteroidota;c__Bacteroidia;o__Bacteroidales;f__Bacteroidaceae;g__Bacteroides;s__Bacteroides acidifaciens_A,iPHoP-RF,93.70,None
NODE_446_length_2516_cov_4.095490,RS_GCF_009193295.2,d__Bacteria;p__Bacteroidota;c__Bacteroidia;o__Bacteroidales;f__Bacteroidaceae;g__Bacteroides;s__Bacteroides sp007097645,iPHoP-RF,93.40,None
NODE_446_length_2516_cov_4.095490,RS_GCF_014334015.1,d__Bacteria;p__Bacteroidota;c__Bacteroidia;o__Bacteroidales;f__Bacteroidaceae;g__Bacteroides;s__Bacteroides sp003463205,iPHoP-RF,93.40,None
NODE_446_length_2516_cov_4.095490,RS_GCF_000011065.1,d__Bacteria;p__Bacteroidota;c__Bacteroidia;o__Bacteroidales;f__Bacteroidaceae;g__Bacteroides;s__Bacteroides thetaiotaomicron,iPHoP-RF,91.80,None
NODE_446_length_2516_cov_4.095490,RS_GCF_002849695.1,d__Bacteria;p__Bacteroidota;c__Bacteroidia;o__Bacteroidales;f__Bacteroidaceae;g__Bacteroides;s__Bacteroides fragilis_A,iPHoP-RF,91.10,None
NODE_446_length_2516_cov_4.095490,GB_GCA_900765785.1,d__Bacteria;p__Bacteroidota;c__Bacteroidia;o__Bacteroidales;f__Bacteroidaceae;g__Bacteroides;s__Bacteroides sp900765785,iPHoP-RF,90.50,None
NODE_446_length_2516_cov_4.095490,RS_GCF_900106755.1,d__Bacteria;p__Bacteroidota;c__Bacteroidia;o__Bacteroidales;f__Bacteroidaceae;g__Bacteroides;s__Bacteroides faecis,iPHoP-RF,90.50,None
NODE_449_length_3548_cov_7.859147,RS_GCF_002849695.1,d__Bacteria;p__Bacteroidota;c__Bacteroidia;o__Bacteroidales;f__Bacteroidaceae;g__Bacteroides;s__Bacteroides fragilis_A,blast,91.60,iPHoP-RF;87.00
NODE_449_length_3548_cov_7.859147,RS_GCF_000025985.1,d__Bacteria;p__Bacteroidota;c__Bacteroidia;o__Bacteroidales;f__Bacteroidaceae;g__Bacteroides;s__Bacteroides fragilis,blast,91.10,iPHoP-RF;90.50
NODE_449_length_3548_cov_7.859147,GB_GCA_900556625.1,d__Bacteria;p__Bacteroidota;c__Bacteroidia;o__Bacteroidales;f__Bacteroidaceae;g__Bacteroides;s__Bacteroides sp900556625,iPHoP-RF,90.80,None
NODE_44_length_38015_cov_16.463804,RS_GCF_000449425.2,d__Bacteria;p__Firmicutes_A;c__Clostridia;o__Peptostreptococcales;f__Peptostreptococcaceae;g__Clostridioides;s__Clostridioides difficile_E,CRISPR,98.50,iPHoP-RF;95.70 blast;90.40
NODE_44_length_38015_cov_16.463804,RS_GCF_001077535.1,d__Bacteria;p__Firmicutes_A;c__Clostridia;o__Peptostreptococcales;f__Peptostreptococcaceae;g__Clostridioides;s__Clostridioides difficile,CRISPR,98.40,blast;96.50 iPHoP-RF;95.70
NODE_44_length_38015_cov_16.463804,RS_GCF_001299635.1,d__Bacteria;p__Firmicutes_A;c__Clostridia;o__Peptostreptococcales;f__Peptostreptococcaceae;g__Clostridioides;s__Clostridioides difficile_A,iPHoP-RF,95.70,blast;89.80
NODE_44_length_38015_cov_16.463804,RS_GCF_900243075.1,d__Bacteria;p__Firmicutes_A;c__Clostridia;o__Peptostreptococcales;f__Peptostreptococcaceae;g__Clostridioides;s__Clostridioides difficile_D,iPHoP-RF,95.70,blast;93.10
NODE_44_length_6078_cov_6.900714,RS_GCF_001886185.1,d__Bacteria;p__Firmicutes;c__Bacilli;o__Lactobacillales;f__Enterococcaceae;g__Enterococcus_A;s__Enterococcus_A raffinosus,blast,93.90,iPHoP-RF;66.30
NODE_44_length_6078_cov_6.900714,RS_GCF_001544215.1,d__Bacteria;p__Firmicutes;c__Bacilli;o__Lactobacillales;f__Enterococcaceae;g__Enterococcus_B;s__Enterococcus_B durans,blast,92.50,iPHoP-RF;79.50
NODE_44_length_6078_cov_6.900714,RS_GCF_000406965.1,d__Bacteria;p__Firmicutes;c__Bacilli;o__Lactobacillales;f__Enterococcaceae;g__Enterococcus_A;s__Enterococcus_A avium,blast,91.70,iPHoP-RF;64.30
NODE_44_length_6078_cov_6.900714,RS_GCF_000407545.1,d__Bacteria;p__Firmicutes;c__Bacilli;o__Lactobacillales;f__Enterococcaceae;g__Enterococcus_A;s__Enterococcus_A gilvus,blast,90.00,None
NODE_451_length_3638_cov_5.746581,GB_GCA_000210075.1,d__Bacteria;p__Bacteroidota;c__Bacteroidia;o__Bacteroidales;f__Bacteroidaceae;g__Bacteroides;s__Bacteroides xylanisolvens,iPHoP-RF,96.70,blast;87.00
NODE_451_length_3638_cov_5.746581,RS_GCF_001314995.1,d__Bacteria;p__Bacteroidota;c__Bacteroidia;o__Bacteroidales;f__Bacteroidaceae;g__Bacteroides;s__Bacteroides ovatus,iPHoP-RF,96.40,blast;87.30
NODE_451_length_3638_cov_5.746581,RS_GCF_002222615.2,d__Bacteria;p__Bacteroidota;c__Bacteroidia;o__Bacteroidales;f__Bacteroidaceae;g__Bacteroides;s__Bacteroides caccae,iPHoP-RF,96.40,blast;85.30
NODE_451_length_3638_cov_5.746581,RS_GCF_903181435.1,d__Bacteria;p__Bacteroidota;c__Bacteroidia;o__Bacteroidales;f__Bacteroidaceae;g__Bacteroides;s__Bacteroides acidifaciens_A,iPHoP-RF,96.40,blast;87.10
NODE_451_length_3638_cov_5.746581,GB_GCA_900761785.1,d__Bacteria;p__Bacteroidota;c__Bacteroidia;o__Bacteroidales;f__Bacteroidaceae;g__Bacteroides;s__Bacteroides sp900761785,iPHoP-RF,96.10,None
NODE_451_length_3638_cov_5.746581,RS_GCF_000513195.1,d__Bacteria;p__Bacteroidota;c__Bacteroidia;o__Bacteroidales;f__Bacteroidaceae;g__Bacteroides;s__Bacteroides timonensis,iPHoP-RF,96.10,None
NODE_451_length_3638_cov_5.746581,RS_GCF_900130125.1,d__Bacteria;p__Bacteroidota;c__Bacteroidia;o__Bacteroidales;f__Bacteroidaceae;g__Bacteroides;s__Bacteroides congonensis,iPHoP-RF,96.10,None
NODE_451_length_3638_cov_5.746581,RS_GCF_000025985.1,d__Bacteria;p__Bacteroidota;c__Bacteroidia;o__Bacteroidales;f__Bacteroidaceae;g__Bacteroides;s__Bacteroides fragilis,iPHoP-RF,95.70,blast;93.40
NODE_451_length_3638_cov_5.746581,RS_GCF_000154525.1,d__Bacteria;p__Bacteroidota;c__Bacteroidia;o__Bacteroidales;f__Bacteroidaceae;g__Bacteroides;s__Bacteroides stercoris,iPHoP-RF,95.70,blast;91.90
NODE_451_length_3638_cov_5.746581,RS_GCF_000156195.1,d__Bacteria;p__Bacteroidota;c__Bacteroidia;o__Bacteroidales;f__Bacteroidaceae;g__Bacteroides;s__Bacteroides finegoldii,iPHoP-RF,95.70,None
NODE_451_length_3638_cov_5.746581,RS_GCF_001688725.2,d__Bacteria;p__Bacteroidota;c__Bacteroidia;o__Bacteroidales;f__Bacteroidaceae;g__Bacteroides;s__Bacteroides caecimuris,iPHoP-RF,95.70,blast;86.80
NODE_451_length_3638_cov_5.746581,RS_GCF_009193295.2,d__Bacteria;p__Bacteroidota;c__Bacteroidia;o__Bacteroidales;f__Bacteroidaceae;g__Bacteroides;s__Bacteroides sp007097645,iPHoP-RF,95.70,None
NODE_451_length_3638_cov_5.746581,RS_GCF_012113595.1,d__Bacteria;p__Bacteroidota;c__Bacteroidia;o__Bacteroidales;f__Bacteroidaceae;g__Bacteroides;s__Bacteroides sp012113595,iPHoP-RF,95.70,None
NODE_451_length_3638_cov_5.746581,RS_GCF_009193325.2,d__Bacteria;p__Bacteroidota;c__Bacteroidia;o__Bacteroidales;f__Bacteroidaceae;g__Bacteroides;s__Bacteroides sp900066265,iPHoP-RF,95.40,None
NODE_451_length_3638_cov_5.746581,RS_GCF_000154205.1,d__Bacteria;p__Bacteroidota;c__Bacteroidia;o__Bacteroidales;f__Bacteroidaceae;g__Bacteroides;s__Bacteroides uniformis,iPHoP-RF,95.10,blast;85.00
NODE_451_length_3638_cov_5.746581,RS_GCF_000158035.1,d__Bacteria;p__Bacteroidota;c__Bacteroidia;o__Bacteroidales;f__Bacteroidaceae;g__Bacteroides;s__Bacteroides cellulosilyticus,iPHoP-RF,95.10,blast;84.50
NODE_451_length_3638_cov_5.746581,RS_GCF_000613385.1,d__Bacteria;p__Bacteroidota;c__Bacteroidia;o__Bacteroidales;f__Bacteroidaceae;g__Bacteroides;s__Bacteroides acidifaciens,iPHoP-RF,95.10,None
NODE_451_length_3638_cov_5.746581,RS_GCF_000614145.1,d__Bacteria;p__Bacteroidota;c__Bacteroidia;o__Bacteroidales;f__Bacteroidaceae;g__Bacteroides;s__Bacteroides faecichinchillae,iPHoP-RF,95.10,blast;90.60
NODE_451_length_3638_cov_5.746581,RS_GCF_003438615.1,d__Bacteria;p__Bacteroidota;c__Bacteroidia;o__Bacteroidales;f__Bacteroidaceae;g__Bacteroides;s__Bacteroides sp003545565,iPHoP-RF,95.10,blast;89.70
NODE_451_length_3638_cov_5.746581,RS_GCF_900155865.1,d__Bacteria;p__Bacteroidota;c__Bacteroidia;o__Bacteroidales;f__Bacteroidaceae;g__Bacteroides;s__Bacteroides bouchesdurhonensis,iPHoP-RF,95.10,None
NODE_451_length_3638_cov_5.746581,RS_GCF_000011065.1,d__Bacteria;p__Bacteroidota;c__Bacteroidia;o__Bacteroidales;f__Bacteroidaceae;g__Bacteroides;s__Bacteroides thetaiotaomicron,iPHoP-RF,94.10,blast;87.30
NODE_451_length_3638_cov_5.746581,RS_GCF_003865075.1,d__Bacteria;p__Bacteroidota;c__Bacteroidia;o__Bacteroidales;f__Bacteroidaceae;g__Bacteroides;s__Bacteroides sp003865075,iPHoP-RF,94.10,blast;90.90
NODE_451_length_3638_cov_5.746581,RS_GCF_000172175.1,d__Bacteria;p__Bacteroidota;c__Bacteroidia;o__Bacteroidales;f__Bacteroidaceae;g__Bacteroides;s__Bacteroides intestinalis,iPHoP-RF,93.70,blast;84.60
NODE_451_length_3638_cov_5.746581,RS_GCF_000374365.1,d__Bacteria;p__Bacteroidota;c__Bacteroidia;o__Bacteroidales;f__Bacteroidaceae;g__Bacteroides;s__Bacteroides gallinarum,iPHoP-RF,93.40,blast;80.50
NODE_451_length_3638_cov_5.746581,GB_GCA_900762525.1,d__Bacteria;p__Bacteroidota;c__Bacteroidia;o__Bacteroidales;f__Bacteroidaceae;g__Bacteroides;s__Bacteroides sp900762525,iPHoP-RF,92.40,None
NODE_451_length_3638_cov_5.746581,GB_GCA_900765785.1,d__Bacteria;p__Bacteroidota;c__Bacteroidia;o__Bacteroidales;f__Bacteroidaceae;g__Bacteroides;s__Bacteroides sp900765785,iPHoP-RF,92.10,None
NODE_451_length_3638_cov_5.746581,RS_GCF_014196225.1,d__Bacteria;p__Bacteroidota;c__Bacteroidia;o__Bacteroidales;f__Bacteroidaceae;g__Bacteroides;s__Bacteroides pyogenes_A,iPHoP-RF,91.10,blast;57.30
NODE_451_length_3638_cov_5.746581,RS_GCF_000155815.1,d__Bacteria;p__Bacteroidota;c__Bacteroidia;o__Bacteroidales;f__Bacteroidaceae;g__Bacteroides;s__Bacteroides eggerthii,iPHoP-RF,90.10,blast;79.90
NODE_457_length_3322_cov_6.401286,RS_GCF_000025985.1,d__Bacteria;p__Bacteroidota;c__Bacteroidia;o__Bacteroidales;f__Bacteroidaceae;g__Bacteroides;s__Bacteroides fragilis,blast,95.60,iPHoP-RF;95.40
NODE_457_length_3322_cov_6.401286,GB_GCA_900556625.1,d__Bacteria;p__Bacteroidota;c__Bacteroidia;o__Bacteroidales;f__Bacteroidaceae;g__Bacteroides;s__Bacteroides sp900556625,iPHoP-RF,94.40,None
NODE_457_length_3322_cov_6.401286,GB_GCA_900755095.1,d__Bacteria;p__Bacteroidota;c__Bacteroidia;o__Bacteroidales;f__Bacteroidaceae;g__Bacteroides;s__Bacteroides sp900755095,iPHoP-RF,93.70,None
NODE_457_length_3322_cov_6.401286,GB_GCA_000210075.1,d__Bacteria;p__Bacteroidota;c__Bacteroidia;o__Bacteroidales;f__Bacteroidaceae;g__Bacteroides;s__Bacteroides xylanisolvens,iPHoP-RF,93.10,None
NODE_457_length_3322_cov_6.401286,RS_GCF_000156195.1,d__Bacteria;p__Bacteroidota;c__Bacteroidia;o__Bacteroidales;f__Bacteroidaceae;g__Bacteroides;s__Bacteroides finegoldii,iPHoP-RF,93.10,None
NODE_457_length_3322_cov_6.401286,RS_GCF_009193295.2,d__Bacteria;p__Bacteroidota;c__Bacteroidia;o__Bacteroidales;f__Bacteroidaceae;g__Bacteroides;s__Bacteroides sp007097645,iPHoP-RF,93.10,None
NODE_457_length_3322_cov_6.401286,GB_GCA_900761785.1,d__Bacteria;p__Bacteroidota;c__Bacteroidia;o__Bacteroidales;f__Bacteroidaceae;g__Bacteroides;s__Bacteroides sp900761785,iPHoP-RF,92.80,None
NODE_457_length_3322_cov_6.401286,RS_GCF_001688725.2,d__Bacteria;p__Bacteroidota;c__Bacteroidia;o__Bacteroidales;f__Bacteroidaceae;g__Bacteroides;s__Bacteroides caecimuris,iPHoP-RF,92.80,None
NODE_457_length_3322_cov_6.401286,RS_GCF_009193325.2,d__Bacteria;p__Bacteroidota;c__Bacteroidia;o__Bacteroidales;f__Bacteroidaceae;g__Bacteroides;s__Bacteroides sp900066265,iPHoP-RF,92.40,None
NODE_457_length_3322_cov_6.401286,RS_GCF_002849695.1,d__Bacteria;p__Bacteroidota;c__Bacteroidia;o__Bacteroidales;f__Bacteroidaceae;g__Bacteroides;s__Bacteroides fragilis_A,blast,91.70,iPHoP-RF;88.90
NODE_459_length_2232_cov_5.176849,RS_GCF_003293635.1,d__Bacteria;p__Firmicutes_A;c__Clostridia;o__Oscillospirales;f__Ruminococcaceae;g__Faecalibacterium;s__Faecalibacterium prausnitzii_G,blast,93.70,iPHoP-RF;79.80
NODE_45_length_21147_cov_17.779585,RS_GCF_008121495.1,d__Bacteria;p__Firmicutes_A;c__Clostridia;o__Lachnospirales;f__Lachnospiraceae;g__Ruminococcus_B;s__Ruminococcus_B gnavus,blast,98.20,iPHoP-RF;88.20 CRISPR;67.80
NODE_45_length_21147_cov_17.779585,RS_GCF_003458885.1,d__Bacteria;p__Firmicutes_A;c__Clostridia;o__Lachnospirales;f__Lachnospiraceae;g__UBA9414;s__UBA9414 sp003458885,iPHoP-RF,90.50,None
NODE_460_length_2231_cov_6.067555,RS_GCF_000368085.1,d__Bacteria;p__Proteobacteria;c__Gammaproteobacteria;o__Pseudomonadales;f__Moraxellaceae;g__Acinetobacter;s__Acinetobacter nosocomialis,blast,93.70,iPHoP-RF;71.30
NODE_460_length_2231_cov_6.067555,RS_GCF_000368825.1,d__Bacteria;p__Proteobacteria;c__Gammaproteobacteria;o__Pseudomonadales;f__Moraxellaceae;g__Acinetobacter;s__Acinetobacter ursingii,blast,91.70,iPHoP-RF;73.90
NODE_460_length_2231_cov_6.067555,RS_GCF_009759685.1,d__Bacteria;p__Proteobacteria;c__Gammaproteobacteria;o__Pseudomonadales;f__Moraxellaceae;g__Acinetobacter;s__Acinetobacter baumannii,blast,91.30,iPHoP-RF;70.00
NODE_460_length_2231_cov_6.067555,RS_GCF_000369045.1,d__Bacteria;p__Proteobacteria;c__Gammaproteobacteria;o__Pseudomonadales;f__Moraxellaceae;g__Acinetobacter;s__Acinetobacter pittii,blast,90.20,iPHoP-RF;64.00
NODE_463_length_6011_cov_5.344023,RS_GCF_008121495.1,d__Bacteria;p__Firmicutes_A;c__Clostridia;o__Lachnospirales;f__Lachnospiraceae;g__Ruminococcus_B;s__Ruminococcus_B gnavus,blast,97.60,iPHoP-RF;78.00
NODE_468_length_3043_cov_5.770080,RS_GCF_000025985.1,d__Bacteria;p__Bacteroidota;c__Bacteroidia;o__Bacteroidales;f__Bacteroidaceae;g__Bacteroides;s__Bacteroides fragilis,blast,94.20,iPHoP-RF;55.70
NODE_469_length_2568_cov_8.139276,RS_GCF_000025985.1,d__Bacteria;p__Bacteroidota;c__Bacteroidia;o__Bacteroidales;f__Bacteroidaceae;g__Bacteroides;s__Bacteroides fragilis,blast,95.60,None
NODE_469_length_2568_cov_8.139276,RS_GCF_002849695.1,d__Bacteria;p__Bacteroidota;c__Bacteroidia;o__Bacteroidales;f__Bacteroidaceae;g__Bacteroides;s__Bacteroides fragilis_A,blast,91.30,None
NODE_46_length_10952_cov_58.511425,RS_GCF_001660175.1,d__Bacteria;p__Proteobacteria;c__Gammaproteobacteria;o__Enterobacterales;f__Enterobacteriaceae;g__Escherichia;s__Escherichia sp001660175,iPHoP-RF,97.10,None
NODE_46_length_10952_cov_58.511425,RS_GCF_002950215.1,d__Bacteria;p__Proteobacteria;c__Gammaproteobacteria;o__Enterobacterales;f__Enterobacteriaceae;g__Escherichia;s__Escherichia flexneri,iPHoP-RF,97.10,blast;96.70
NODE_46_length_10952_cov_58.511425,RS_GCF_003697165.2,d__Bacteria;p__Proteobacteria;c__Gammaproteobacteria;o__Enterobacterales;f__Enterobacteriaceae;g__Escherichia;s__Escherichia coli,iPHoP-RF,97.10,blast;96.70
NODE_46_length_10952_cov_58.511425,RS_GCF_000026325.1,d__Bacteria;p__Proteobacteria;c__Gammaproteobacteria;o__Enterobacterales;f__Enterobacteriaceae;g__Escherichia;s__Escherichia coli_D,blast,96.70,iPHoP-RF;96.10
NODE_46_length_10952_cov_58.511425,RS_GCF_002949675.1,d__Bacteria;p__Proteobacteria;c__Gammaproteobacteria;o__Enterobacterales;f__Enterobacteriaceae;g__Escherichia;s__Escherichia dysenteriae,iPHoP-RF,96.70,blast;96.70
NODE_46_length_10952_cov_58.511425,RS_GCF_005843885.1,d__Bacteria;p__Proteobacteria;c__Gammaproteobacteria;o__Enterobacterales;f__Enterobacteriaceae;g__Escherichia;s__Escherichia sp005843885,iPHoP-RF,96.70,None
NODE_46_length_10952_cov_58.511425,GB_GCA_003018335.1,d__Bacteria;p__Proteobacteria;c__Gammaproteobacteria;o__Enterobacterales;f__Enterobacteriaceae;g__Escherichia;s__Escherichia coli_C,blast,96.50,iPHoP-RF;96.10
NODE_46_length_10952_cov_58.511425,RS_GCF_002900365.1,d__Bacteria;p__Proteobacteria;c__Gammaproteobacteria;o__Enterobacterales;f__Enterobacteriaceae;g__Escherichia;s__Escherichia marmotae,iPHoP-RF,96.40,None
NODE_46_length_10952_cov_58.511425,RS_GCF_002965065.1,d__Bacteria;p__Proteobacteria;c__Gammaproteobacteria;o__Enterobacterales;f__Enterobacteriaceae;g__Escherichia;s__Escherichia sp002965065,iPHoP-RF,96.40,None
NODE_46_length_10952_cov_58.511425,RS_GCF_000026225.1,d__Bacteria;p__Proteobacteria;c__Gammaproteobacteria;o__Enterobacterales;f__Enterobacteriaceae;g__Escherichia;s__Escherichia fergusonii,blast,95.90,iPHoP-RF;94.70
NODE_46_length_10952_cov_58.511425,RS_GCF_000208585.1,d__Bacteria;p__Proteobacteria;c__Gammaproteobacteria;o__Enterobacterales;f__Enterobacteriaceae;g__Escherichia;s__Escherichia sp000208585,blast,95.90,iPHoP-RF;95.70
NODE_46_length_10952_cov_58.511425,RS_GCF_004211955.1,d__Bacteria;p__Proteobacteria;c__Gammaproteobacteria;o__Enterobacterales;f__Enterobacteriaceae;g__Escherichia;s__Escherichia sp004211955,iPHoP-RF,95.70,None
NODE_46_length_10952_cov_58.511425,RS_GCF_011881725.1,d__Bacteria;p__Proteobacteria;c__Gammaproteobacteria;o__Enterobacterales;f__Enterobacteriaceae;g__Escherichia;s__Escherichia coli_E,iPHoP-RF,94.70,None
NODE_46_length_10952_cov_58.511425,RS_GCF_000759775.1,d__Bacteria;p__Proteobacteria;c__Gammaproteobacteria;o__Enterobacterales;f__Enterobacteriaceae;g__Escherichia;s__Escherichia albertii,iPHoP-RF,93.40,blast;92.10
NODE_46_length_17325_cov_94.922409,RS_GCF_000026225.1,d__Bacteria;p__Proteobacteria;c__Gammaproteobacteria;o__Enterobacterales;f__Enterobacteriaceae;g__Escherichia;s__Escherichia fergusonii,blast,96.80,iPHoP-RF;84.20
NODE_46_length_17325_cov_94.922409,RS_GCF_000026325.1,d__Bacteria;p__Proteobacteria;c__Gammaproteobacteria;o__Enterobacterales;f__Enterobacteriaceae;g__Escherichia;s__Escherichia coli_D,blast,96.80,iPHoP-RF;91.40
NODE_46_length_17325_cov_94.922409,RS_GCF_000208585.1,d__Bacteria;p__Proteobacteria;c__Gammaproteobacteria;o__Enterobacterales;f__Enterobacteriaceae;g__Escherichia;s__Escherichia sp000208585,blast,96.80,iPHoP-RF;91.80
NODE_46_length_17325_cov_94.922409,RS_GCF_002950215.1,d__Bacteria;p__Proteobacteria;c__Gammaproteobacteria;o__Enterobacterales;f__Enterobacteriaceae;g__Escherichia;s__Escherichia flexneri,blast,96.80,iPHoP-RF;92.10
NODE_46_length_17325_cov_94.922409,RS_GCF_002965065.1,d__Bacteria;p__Proteobacteria;c__Gammaproteobacteria;o__Enterobacterales;f__Enterobacteriaceae;g__Escherichia;s__Escherichia sp002965065,blast,96.80,iPHoP-RF;84.80
NODE_46_length_17325_cov_94.922409,RS_GCF_003697165.2,d__Bacteria;p__Proteobacteria;c__Gammaproteobacteria;o__Enterobacterales;f__Enterobacteriaceae;g__Escherichia;s__Escherichia coli,blast,96.80,iPHoP-RF;92.10
NODE_46_length_17325_cov_94.922409,RS_GCF_001660175.1,d__Bacteria;p__Proteobacteria;c__Gammaproteobacteria;o__Enterobacterales;f__Enterobacteriaceae;g__Escherichia;s__Escherichia sp001660175,iPHoP-RF,93.10,None
NODE_46_length_17325_cov_94.922409,RS_GCF_002900365.1,d__Bacteria;p__Proteobacteria;c__Gammaproteobacteria;o__Enterobacterales;f__Enterobacteriaceae;g__Escherichia;s__Escherichia marmotae,iPHoP-RF,93.10,None
NODE_46_length_17325_cov_94.922409,RS_GCF_005843885.1,d__Bacteria;p__Proteobacteria;c__Gammaproteobacteria;o__Enterobacterales;f__Enterobacteriaceae;g__Escherichia;s__Escherichia sp005843885,iPHoP-RF,92.80,None
NODE_46_length_17325_cov_94.922409,RS_GCF_004211955.1,d__Bacteria;p__Proteobacteria;c__Gammaproteobacteria;o__Enterobacterales;f__Enterobacteriaceae;g__Escherichia;s__Escherichia sp004211955,iPHoP-RF,92.10,None
NODE_46_length_17325_cov_94.922409,RS_GCF_011881725.1,d__Bacteria;p__Proteobacteria;c__Gammaproteobacteria;o__Enterobacterales;f__Enterobacteriaceae;g__Escherichia;s__Escherichia coli_E,iPHoP-RF,92.10,None
NODE_46_length_17325_cov_94.922409,GB_GCA_003018335.1,d__Bacteria;p__Proteobacteria;c__Gammaproteobacteria;o__Enterobacterales;f__Enterobacteriaceae;g__Escherichia;s__Escherichia coli_C,iPHoP-RF,91.40,None
NODE_46_length_17325_cov_94.922409,RS_GCF_002949675.1,d__Bacteria;p__Proteobacteria;c__Gammaproteobacteria;o__Enterobacterales;f__Enterobacteriaceae;g__Escherichia;s__Escherichia dysenteriae,iPHoP-RF,91.40,None
NODE_46_length_8021_cov_6.572307,RS_GCF_900155365.1,d__Bacteria;p__Actinobacteriota;c__Coriobacteriia;o__Coriobacteriales;f__Coriobacteriaceae;g__Collinsella;s__Collinsella bouchesdurhonensis,blast,93.60,iPHoP-RF;58.70
NODE_46_length_8021_cov_6.572307,3300010280_16,d__Bacteria;p__Actinobacteriota;c__Coriobacteriia;o__Coriobacteriales;f__UMGS124;g__UMGS124;s__,blast,92.00,iPHoP-RF;66.80
NODE_470_length_2185_cov_5.201408,RS_GCF_002549755.1,d__Bacteria;p__Firmicutes_A;c__Clostridia;o__Oscillospirales;f__Ruminococcaceae;g__Faecalibacterium;s__Faecalibacterium prausnitzii_D,blast,92.70,iPHoP-RF;87.00
NODE_470_length_2185_cov_5.201408,GB_GCA_900539885.1,d__Bacteria;p__Firmicutes_A;c__Clostridia;o__Oscillospirales;f__Ruminococcaceae;g__Faecalibacterium;s__Faecalibacterium sp900539885,blast,91.70,iPHoP-RF;89.50
NODE_470_length_2185_cov_5.201408,RS_GCF_003293635.1,d__Bacteria;p__Firmicutes_A;c__Clostridia;o__Oscillospirales;f__Ruminococcaceae;g__Faecalibacterium;s__Faecalibacterium prausnitzii_G,blast,91.70,iPHoP-RF;87.30
NODE_471_length_3223_cov_6.681503,RS_GCF_001077535.1,d__Bacteria;p__Firmicutes_A;c__Clostridia;o__Peptostreptococcales;f__Peptostreptococcaceae;g__Clostridioides;s__Clostridioides difficile,blast,95.70,iPHoP-RF;66.80
NODE_471_length_3223_cov_6.681503,RS_GCF_000686145.1,d__Bacteria;p__Firmicutes_A;c__Clostridia;o__Peptostreptococcales;f__Peptostreptococcaceae;g__Romboutsia;s__Romboutsia sp000686145,blast,93.00,None
NODE_471_length_3223_cov_6.681503,RS_GCF_900129815.1,d__Bacteria;p__Firmicutes_A;c__Clostridia;o__Peptostreptococcales;f__Peptostreptococcaceae;g__Asaccharospora;s__Asaccharospora irregularis,blast,92.30,None
NODE_472_length_3220_cov_3.657504,GB_GCA_003539495.1,d__Bacteria;p__Firmicutes_A;c__Clostridia;o__Oscillospirales;f__Oscillospiraceae;g__CAG-83;s__CAG-83 sp003539495,blast,90.40,iPHoP-RF;61.10
NODE_473_length_5913_cov_6.271594,RS_GCF_008121495.1,d__Bacteria;p__Firmicutes_A;c__Clostridia;o__Lachnospirales;f__Lachnospiraceae;g__Ruminococcus_B;s__Ruminococcus_B gnavus,blast,96.60,iPHoP-RF;88.50 CRISPR;56.60
NODE_473_length_5913_cov_6.271594,GB_GCA_004560705.1,d__Bacteria;p__Firmicutes_A;c__Clostridia;o__Lachnospirales;f__Lachnospiraceae;g__Bariatricus;s__Bariatricus sp004560705,iPHoP-RF,91.40,None
NODE_473_length_5913_cov_6.271594,GB_GCA_900550975.1,d__Bacteria;p__Firmicutes_A;c__Clostridia;o__Lachnospirales;f__Lachnospiraceae;g__Faecalimonas;s__Faecalimonas sp900550975,blast,91.00,iPHoP-RF;87.90
NODE_473_length_5913_cov_6.271594,GB_GCA_900544395.1,d__Bacteria;p__Firmicutes_A;c__Clostridia;o__Lachnospirales;f__Lachnospiraceae;g__Ruminococcus_B;s__Ruminococcus_B sp900544395,blast,90.40,iPHoP-RF;77.10
NODE_474_length_5910_cov_4.933732,GB_GCA_003018335.1,d__Bacteria;p__Proteobacteria;c__Gammaproteobacteria;o__Enterobacterales;f__Enterobacteriaceae;g__Escherichia;s__Escherichia coli_C,blast,96.90,iPHoP-RF;92.10
NODE_474_length_5910_cov_4.933732,RS_GCF_000026325.1,d__Bacteria;p__Proteobacteria;c__Gammaproteobacteria;o__Enterobacterales;f__Enterobacteriaceae;g__Escherichia;s__Escherichia coli_D,blast,96.90,iPHoP-RF;90.10
NODE_474_length_5910_cov_4.933732,RS_GCF_000759775.1,d__Bacteria;p__Proteobacteria;c__Gammaproteobacteria;o__Enterobacterales;f__Enterobacteriaceae;g__Escherichia;s__Escherichia albertii,blast,96.90,iPHoP-RF;89.20
NODE_474_length_5910_cov_4.933732,RS_GCF_002949675.1,d__Bacteria;p__Proteobacteria;c__Gammaproteobacteria;o__Enterobacterales;f__Enterobacteriaceae;g__Escherichia;s__Escherichia dysenteriae,blast,96.90,iPHoP-RF;91.10
NODE_474_length_5910_cov_4.933732,RS_GCF_002950215.1,d__Bacteria;p__Proteobacteria;c__Gammaproteobacteria;o__Enterobacterales;f__Enterobacteriaceae;g__Escherichia;s__Escherichia flexneri,blast,96.90,iPHoP-RF;91.40
NODE_474_length_5910_cov_4.933732,RS_GCF_003697165.2,d__Bacteria;p__Proteobacteria;c__Gammaproteobacteria;o__Enterobacterales;f__Enterobacteriaceae;g__Escherichia;s__Escherichia coli,blast,96.90,iPHoP-RF;91.40
NODE_474_length_5910_cov_4.933732,RS_GCF_004211955.1,d__Bacteria;p__Proteobacteria;c__Gammaproteobacteria;o__Enterobacterales;f__Enterobacteriaceae;g__Escherichia;s__Escherichia sp004211955,blast,96.90,iPHoP-RF;91.10
NODE_474_length_5910_cov_4.933732,RS_GCF_005843885.1,d__Bacteria;p__Proteobacteria;c__Gammaproteobacteria;o__Enterobacterales;f__Enterobacteriaceae;g__Escherichia;s__Escherichia sp005843885,blast,96.90,iPHoP-RF;91.10
NODE_474_length_5910_cov_4.933732,RS_GCF_011881725.1,d__Bacteria;p__Proteobacteria;c__Gammaproteobacteria;o__Enterobacterales;f__Enterobacteriaceae;g__Escherichia;s__Escherichia coli_E,blast,96.90,iPHoP-RF;90.80
NODE_474_length_5910_cov_4.933732,RS_GCF_000026225.1,d__Bacteria;p__Proteobacteria;c__Gammaproteobacteria;o__Enterobacterales;f__Enterobacteriaceae;g__Escherichia;s__Escherichia fergusonii,blast,96.80,iPHoP-RF;88.50
NODE_474_length_5910_cov_4.933732,RS_GCF_000208585.1,d__Bacteria;p__Proteobacteria;c__Gammaproteobacteria;o__Enterobacterales;f__Enterobacteriaceae;g__Escherichia;s__Escherichia sp000208585,blast,96.80,iPHoP-RF;89.80
NODE_474_length_5910_cov_4.933732,RS_GCF_002900365.1,d__Bacteria;p__Proteobacteria;c__Gammaproteobacteria;o__Enterobacterales;f__Enterobacteriaceae;g__Escherichia;s__Escherichia marmotae,blast,96.80,iPHoP-RF;89.80
NODE_474_length_5910_cov_4.933732,RS_GCF_002965065.1,d__Bacteria;p__Proteobacteria;c__Gammaproteobacteria;o__Enterobacterales;f__Enterobacteriaceae;g__Escherichia;s__Escherichia sp002965065,iPHoP-RF,91.80,None
NODE_475_length_2169_cov_33.029801,RS_GCF_001025215.1,d__Bacteria;p__Actinobacteriota;c__Actinomycetia;o__Actinomycetales;f__Bifidobacteriaceae;g__Bifidobacterium;s__Bifidobacterium pseudocatenulatum,iPHoP-RF,93.10,blast;92.60 CRISPR;62.90
NODE_475_length_2169_cov_33.029801,RS_GCF_000010425.1,d__Bacteria;p__Actinobacteriota;c__Actinomycetia;o__Actinomycetales;f__Bifidobacteriaceae;g__Bifidobacterium;s__Bifidobacterium adolescentis,blast,92.70,iPHoP-RF;90.10 CRISPR;61.90
NODE_475_length_2169_cov_33.029801,RS_GCF_001042615.1,d__Bacteria;p__Actinobacteriota;c__Actinomycetia;o__Actinomycetales;f__Bifidobacteriaceae;g__Bifidobacterium;s__Bifidobacterium kashiwanohense,blast,92.60,iPHoP-RF;88.20
NODE_475_length_2169_cov_33.029801,RS_GCF_000770925.1,d__Bacteria;p__Actinobacteriota;c__Actinomycetia;o__Actinomycetales;f__Bifidobacteriaceae;g__Bifidobacterium;s__Bifidobacterium ruminantium,blast,90.70,iPHoP-RF;85.70
NODE_475_length_2865_cov_5.508185,RS_GCF_014131695.1,d__Bacteria;p__Firmicutes;c__Bacilli;o__Erysipelotrichales;f__Erysipelatoclostridiaceae;g__Erysipelatoclostridium;s__Erysipelatoclostridium ramosum,blast,95.50,iPHoP-RF;75.00
NODE_476_length_3507_cov_5.261008,RS_GCF_000025985.1,d__Bacteria;p__Bacteroidota;c__Bacteroidia;o__Bacteroidales;f__Bacteroidaceae;g__Bacteroides;s__Bacteroides fragilis,blast,94.90,iPHoP-RF;83.10
NODE_477_length_3207_cov_4.112627,RS_GCF_001299635.1,d__Bacteria;p__Firmicutes_A;c__Clostridia;o__Peptostreptococcales;f__Peptostreptococcaceae;g__Clostridioides;s__Clostridioides difficile_A,iPHoP-RF,95.70,blast;93.80
NODE_477_length_3207_cov_4.112627,RS_GCF_900243075.1,d__Bacteria;p__Firmicutes_A;c__Clostridia;o__Peptostreptococcales;f__Peptostreptococcaceae;g__Clostridioides;s__Clostridioides difficile_D,iPHoP-RF,95.70,None
NODE_477_length_3207_cov_4.112627,RS_GCF_000449425.2,d__Bacteria;p__Firmicutes_A;c__Clostridia;o__Peptostreptococcales;f__Peptostreptococcaceae;g__Clostridioides;s__Clostridioides difficile_E,iPHoP-RF,95.10,blast;93.70
NODE_477_length_3207_cov_4.112627,RS_GCF_001077535.1,d__Bacteria;p__Firmicutes_A;c__Clostridia;o__Peptostreptococcales;f__Peptostreptococcaceae;g__Clostridioides;s__Clostridioides difficile,blast,92.20,iPHoP-RF;91.10
NODE_479_length_1248_cov_2.093881,RS_GCF_000026225.1,d__Bacteria;p__Proteobacteria;c__Gammaproteobacteria;o__Enterobacterales;f__Enterobacteriaceae;g__Escherichia;s__Escherichia fergusonii,blast,96.90,iPHoP-RF;83.10
NODE_479_length_1248_cov_2.093881,RS_GCF_000026325.1,d__Bacteria;p__Proteobacteria;c__Gammaproteobacteria;o__Enterobacterales;f__Enterobacteriaceae;g__Escherichia;s__Escherichia coli_D,blast,96.90,iPHoP-RF;85.10
NODE_479_length_1248_cov_2.093881,RS_GCF_001660175.1,d__Bacteria;p__Proteobacteria;c__Gammaproteobacteria;o__Enterobacterales;f__Enterobacteriaceae;g__Escherichia;s__Escherichia sp001660175,blast,96.90,iPHoP-RF;82.20
NODE_479_length_1248_cov_2.093881,RS_GCF_002900365.1,d__Bacteria;p__Proteobacteria;c__Gammaproteobacteria;o__Enterobacterales;f__Enterobacteriaceae;g__Escherichia;s__Escherichia marmotae,blast,96.90,iPHoP-RF;83.60
NODE_479_length_1248_cov_2.093881,RS_GCF_002949675.1,d__Bacteria;p__Proteobacteria;c__Gammaproteobacteria;o__Enterobacterales;f__Enterobacteriaceae;g__Escherichia;s__Escherichia dysenteriae,blast,96.90,iPHoP-RF;84.20
NODE_479_length_1248_cov_2.093881,RS_GCF_004211955.1,d__Bacteria;p__Proteobacteria;c__Gammaproteobacteria;o__Enterobacterales;f__Enterobacteriaceae;g__Escherichia;s__Escherichia sp004211955,blast,96.90,iPHoP-RF;80.30
NODE_479_length_1248_cov_2.093881,RS_GCF_011881725.1,d__Bacteria;p__Proteobacteria;c__Gammaproteobacteria;o__Enterobacterales;f__Enterobacteriaceae;g__Escherichia;s__Escherichia coli_E,blast,96.90,iPHoP-RF;80.80
NODE_479_length_1248_cov_2.093881,RS_GCF_002950215.1,d__Bacteria;p__Proteobacteria;c__Gammaproteobacteria;o__Enterobacterales;f__Enterobacteriaceae;g__Escherichia;s__Escherichia flexneri,blast,96.10,iPHoP-RF;84.20
NODE_479_length_1248_cov_2.093881,RS_GCF_003697165.2,d__Bacteria;p__Proteobacteria;c__Gammaproteobacteria;o__Enterobacterales;f__Enterobacteriaceae;g__Escherichia;s__Escherichia coli,blast,96.00,iPHoP-RF;84.20
NODE_479_length_1248_cov_2.093881,RS_GCF_000006945.2,d__Bacteria;p__Proteobacteria;c__Gammaproteobacteria;o__Enterobacterales;f__Enterobacteriaceae;g__Salmonella;s__Salmonella enterica,blast,90.00,None
NODE_486_length_3188_cov_5.236195,RS_GCF_001077535.1,d__Bacteria;p__Firmicutes_A;c__Clostridia;o__Peptostreptococcales;f__Peptostreptococcaceae;g__Clostridioides;s__Clostridioides difficile,blast,97.40,iPHoP-RF;81.60 CRISPR;63.10
NODE_487_length_2112_cov_4.077783,RS_GCF_001025215.1,d__Bacteria;p__Actinobacteriota;c__Actinomycetia;o__Actinomycetales;f__Bifidobacteriaceae;g__Bifidobacterium;s__Bifidobacterium pseudocatenulatum,CRISPR,94.30,blast;92.20 iPHoP-RF;85.70
NODE_487_length_2112_cov_4.077783,RS_GCF_000010425.1,d__Bacteria;p__Actinobacteriota;c__Actinomycetia;o__Actinomycetales;f__Bifidobacteriaceae;g__Bifidobacterium;s__Bifidobacterium adolescentis,blast,94.00,iPHoP-RF;65.80
NODE_487_length_2112_cov_4.077783,RS_GCF_001025135.1,d__Bacteria;p__Actinobacteriota;c__Actinomycetia;o__Actinomycetales;f__Bifidobacteriaceae;g__Bifidobacterium;s__Bifidobacterium bifidum,blast,93.60,iPHoP-RF;81.60
NODE_487_length_2112_cov_4.077783,RS_GCF_001042595.1,d__Bacteria;p__Actinobacteriota;c__Actinomycetia;o__Actinomycetales;f__Bifidobacteriaceae;g__Bifidobacterium;s__Bifidobacterium dentium,blast,92.90,iPHoP-RF;53.30
NODE_487_length_2112_cov_4.077783,RS_GCF_001025195.1,d__Bacteria;p__Actinobacteriota;c__Actinomycetia;o__Actinomycetales;f__Bifidobacteriaceae;g__Bifidobacterium;s__Bifidobacterium catenulatum,blast,91.80,iPHoP-RF;87.90
NODE_488_length_3926_cov_4.545337,RS_GCF_000449425.2,d__Bacteria;p__Firmicutes_A;c__Clostridia;o__Peptostreptococcales;f__Peptostreptococcaceae;g__Clostridioides;s__Clostridioides difficile_E,iPHoP-RF,92.80,blast;92.50
NODE_488_length_3926_cov_4.545337,RS_GCF_001299635.1,d__Bacteria;p__Firmicutes_A;c__Clostridia;o__Peptostreptococcales;f__Peptostreptococcaceae;g__Clostridioides;s__Clostridioides difficile_A,iPHoP-RF,91.80,CRISPR;89.70
NODE_488_length_3926_cov_4.545337,RS_GCF_900243075.1,d__Bacteria;p__Firmicutes_A;c__Clostridia;o__Peptostreptococcales;f__Peptostreptococcaceae;g__Clostridioides;s__Clostridioides difficile_D,CRISPR,90.30,iPHoP-RF;85.10
NODE_489_length_2428_cov_6.388116,RS_GCF_001544255.1,d__Bacteria;p__Firmicutes;c__Bacilli;o__Lactobacillales;f__Enterococcaceae;g__Enterococcus_B;s__Enterococcus_B faecium,blast,95.70,iPHoP-RF;77.50
NODE_489_length_2428_cov_6.388116,RS_GCF_000271405.2,d__Bacteria;p__Firmicutes;c__Bacilli;o__Lactobacillales;f__Enterococcaceae;g__Enterococcus_B;s__Enterococcus_B hirae,blast,92.40,iPHoP-RF;71.10
NODE_489_length_2428_cov_6.388116,RS_GCF_001544215.1,d__Bacteria;p__Firmicutes;c__Bacilli;o__Lactobacillales;f__Enterococcaceae;g__Enterococcus_B;s__Enterococcus_B durans,blast,91.20,iPHoP-RF;63.30
NODE_489_length_3467_cov_5.927608,RS_GCF_002950215.1,d__Bacteria;p__Proteobacteria;c__Gammaproteobacteria;o__Enterobacterales;f__Enterobacteriaceae;g__Escherichia;s__Escherichia flexneri,blast,96.30,iPHoP-RF;94.10
NODE_489_length_3467_cov_5.927608,RS_GCF_000026325.1,d__Bacteria;p__Proteobacteria;c__Gammaproteobacteria;o__Enterobacterales;f__Enterobacteriaceae;g__Escherichia;s__Escherichia coli_D,blast,95.70,iPHoP-RF;95.10
NODE_489_length_3467_cov_5.927608,RS_GCF_000208585.1,d__Bacteria;p__Proteobacteria;c__Gammaproteobacteria;o__Enterobacterales;f__Enterobacteriaceae;g__Escherichia;s__Escherichia sp000208585,blast,95.70,iPHoP-RF;94.40
NODE_489_length_3467_cov_5.927608,RS_GCF_002900365.1,d__Bacteria;p__Proteobacteria;c__Gammaproteobacteria;o__Enterobacterales;f__Enterobacteriaceae;g__Escherichia;s__Escherichia marmotae,blast,95.70,iPHoP-RF;94.40
NODE_489_length_3467_cov_5.927608,RS_GCF_002949675.1,d__Bacteria;p__Proteobacteria;c__Gammaproteobacteria;o__Enterobacterales;f__Enterobacteriaceae;g__Escherichia;s__Escherichia dysenteriae,blast,95.70,iPHoP-RF;94.70
NODE_489_length_3467_cov_5.927608,RS_GCF_003697165.2,d__Bacteria;p__Proteobacteria;c__Gammaproteobacteria;o__Enterobacterales;f__Enterobacteriaceae;g__Escherichia;s__Escherichia coli,blast,95.70,iPHoP-RF;93.70
NODE_489_length_3467_cov_5.927608,GB_GCA_003018335.1,d__Bacteria;p__Proteobacteria;c__Gammaproteobacteria;o__Enterobacterales;f__Enterobacteriaceae;g__Escherichia;s__Escherichia coli_C,iPHoP-RF,94.70,None
NODE_489_length_3467_cov_5.927608,RS_GCF_004211955.1,d__Bacteria;p__Proteobacteria;c__Gammaproteobacteria;o__Enterobacterales;f__Enterobacteriaceae;g__Escherichia;s__Escherichia sp004211955,iPHoP-RF,94.70,None
NODE_489_length_3467_cov_5.927608,RS_GCF_002965065.1,d__Bacteria;p__Proteobacteria;c__Gammaproteobacteria;o__Enterobacterales;f__Enterobacteriaceae;g__Escherichia;s__Escherichia sp002965065,iPHoP-RF,94.40,None
NODE_489_length_3467_cov_5.927608,RS_GCF_005843885.1,d__Bacteria;p__Proteobacteria;c__Gammaproteobacteria;o__Enterobacterales;f__Enterobacteriaceae;g__Escherichia;s__Escherichia sp005843885,iPHoP-RF,94.40,None
NODE_489_length_3467_cov_5.927608,RS_GCF_008692785.1,d__Bacteria;p__Proteobacteria;c__Gammaproteobacteria;o__Enterobacterales;f__Enterobacteriaceae;g__Salmonella;s__Salmonella diarizonae,blast,90.70,iPHoP-RF;77.10
NODE_489_length_3467_cov_5.927608,RS_GCF_000006945.2,d__Bacteria;p__Proteobacteria;c__Gammaproteobacteria;o__Enterobacterales;f__Enterobacteriaceae;g__Salmonella;s__Salmonella enterica,blast,90.50,iPHoP-RF;77.10
NODE_48_length_39392_cov_13.718484,RS_GCF_900130125.1,d__Bacteria;p__Bacteroidota;c__Bacteroidia;o__Bacteroidales;f__Bacteroidaceae;g__Bacteroides;s__Bacteroides congonensis,iPHoP-RF,94.40,None
NODE_48_length_39392_cov_13.718484,RS_GCF_009193325.2,d__Bacteria;p__Bacteroidota;c__Bacteroidia;o__Bacteroidales;f__Bacteroidaceae;g__Bacteroides;s__Bacteroides sp900066265,iPHoP-RF,93.70,None
NODE_48_length_39392_cov_13.718484,RS_GCF_002222615.2,d__Bacteria;p__Bacteroidota;c__Bacteroidia;o__Bacteroidales;f__Bacteroidaceae;g__Bacteroides;s__Bacteroides caccae,iPHoP-RF,93.40,blast;79.50
NODE_48_length_39392_cov_13.718484,RS_GCF_000154205.1,d__Bacteria;p__Bacteroidota;c__Bacteroidia;o__Bacteroidales;f__Bacteroidaceae;g__Bacteroides;s__Bacteroides uniformis,iPHoP-RF,93.10,blast;90.00
NODE_48_length_39392_cov_13.718484,RS_GCF_900106755.1,d__Bacteria;p__Bacteroidota;c__Bacteroidia;o__Bacteroidales;f__Bacteroidaceae;g__Bacteroides;s__Bacteroides faecis,iPHoP-RF,93.10,None
NODE_48_length_39392_cov_13.718484,RS_GCF_902362375.1,d__Bacteria;p__Bacteroidota;c__Bacteroidia;o__Bacteroidales;f__Bacteroidaceae;g__Bacteroides;s__Bacteroides sp902362375,iPHoP-RF,92.80,None
NODE_48_length_39392_cov_13.718484,RS_GCF_000233955.1,d__Bacteria;p__Bacteroidota;c__Bacteroidia;o__Bacteroidales;f__Bacteroidaceae;g__Paraprevotella;s__Paraprevotella clara,blast,92.60,None
NODE_48_length_39392_cov_13.718484,RS_GCF_000156195.1,d__Bacteria;p__Bacteroidota;c__Bacteroidia;o__Bacteroidales;f__Bacteroidaceae;g__Bacteroides;s__Bacteroides finegoldii,iPHoP-RF,92.10,blast;79.20
NODE_48_length_39392_cov_13.718484,RS_GCF_000613385.1,d__Bacteria;p__Bacteroidota;c__Bacteroidia;o__Bacteroidales;f__Bacteroidaceae;g__Bacteroides;s__Bacteroides acidifaciens,iPHoP-RF,92.10,None
NODE_48_length_39392_cov_13.718484,RS_GCF_001688725.2,d__Bacteria;p__Bacteroidota;c__Bacteroidia;o__Bacteroidales;f__Bacteroidaceae;g__Bacteroides;s__Bacteroides caecimuris,iPHoP-RF,91.80,None
NODE_48_length_39392_cov_13.718484,RS_GCF_000011065.1,d__Bacteria;p__Bacteroidota;c__Bacteroidia;o__Bacteroidales;f__Bacteroidaceae;g__Bacteroides;s__Bacteroides thetaiotaomicron,iPHoP-RF,91.10,None
NODE_48_length_39392_cov_13.718484,RS_GCF_001314995.1,d__Bacteria;p__Bacteroidota;c__Bacteroidia;o__Bacteroidales;f__Bacteroidaceae;g__Bacteroides;s__Bacteroides ovatus,iPHoP-RF,90.80,None
NODE_48_length_39392_cov_13.718484,RS_GCF_903181435.1,d__Bacteria;p__Bacteroidota;c__Bacteroidia;o__Bacteroidales;f__Bacteroidaceae;g__Bacteroides;s__Bacteroides acidifaciens_A,iPHoP-RF,90.80,None
NODE_48_length_39392_cov_13.718484,RS_GCF_900241005.1,d__Bacteria;p__Bacteroidota;c__Bacteroidia;o__Bacteroidales;f__Bacteroidaceae;g__Bacteroides;s__Bacteroides cutis,blast,90.40,iPHoP-RF;87.60
NODE_48_length_39392_cov_13.718484,RS_GCF_000155815.1,d__Bacteria;p__Bacteroidota;c__Bacteroidia;o__Bacteroidales;f__Bacteroidaceae;g__Bacteroides;s__Bacteroides eggerthii,blast,90.30,iPHoP-RF;71.10
NODE_496_length_5396_cov_6.502715,RS_GCF_000026325.1,d__Bacteria;p__Proteobacteria;c__Gammaproteobacteria;o__Enterobacterales;f__Enterobacteriaceae;g__Escherichia;s__Escherichia coli_D,blast,96.90,iPHoP-RF;81.90
NODE_496_length_5396_cov_6.502715,RS_GCF_002949675.1,d__Bacteria;p__Proteobacteria;c__Gammaproteobacteria;o__Enterobacterales;f__Enterobacteriaceae;g__Escherichia;s__Escherichia dysenteriae,blast,96.90,iPHoP-RF;83.60
NODE_496_length_5396_cov_6.502715,RS_GCF_003697165.2,d__Bacteria;p__Proteobacteria;c__Gammaproteobacteria;o__Enterobacterales;f__Enterobacteriaceae;g__Escherichia;s__Escherichia coli,blast,96.90,iPHoP-RF;84.20
NODE_496_length_5396_cov_6.502715,GB_GCA_003018335.1,d__Bacteria;p__Proteobacteria;c__Gammaproteobacteria;o__Enterobacterales;f__Enterobacteriaceae;g__Escherichia;s__Escherichia coli_C,blast,96.80,iPHoP-RF;81.90
NODE_496_length_5396_cov_6.502715,RS_GCF_000026225.1,d__Bacteria;p__Proteobacteria;c__Gammaproteobacteria;o__Enterobacterales;f__Enterobacteriaceae;g__Escherichia;s__Escherichia fergusonii,blast,96.80,iPHoP-RF;81.40
NODE_496_length_5396_cov_6.502715,RS_GCF_000208585.1,d__Bacteria;p__Proteobacteria;c__Gammaproteobacteria;o__Enterobacterales;f__Enterobacteriaceae;g__Escherichia;s__Escherichia sp000208585,blast,96.80,iPHoP-RF;80.80
NODE_496_length_5396_cov_6.502715,RS_GCF_000759775.1,d__Bacteria;p__Proteobacteria;c__Gammaproteobacteria;o__Enterobacterales;f__Enterobacteriaceae;g__Escherichia;s__Escherichia albertii,blast,96.80,iPHoP-RF;79.00
NODE_496_length_5396_cov_6.502715,RS_GCF_002900365.1,d__Bacteria;p__Proteobacteria;c__Gammaproteobacteria;o__Enterobacterales;f__Enterobacteriaceae;g__Escherichia;s__Escherichia marmotae,blast,96.80,iPHoP-RF;80.80
NODE_496_length_5396_cov_6.502715,RS_GCF_002950215.1,d__Bacteria;p__Proteobacteria;c__Gammaproteobacteria;o__Enterobacterales;f__Enterobacteriaceae;g__Escherichia;s__Escherichia flexneri,blast,96.80,iPHoP-RF;82.50
NODE_496_length_5396_cov_6.502715,RS_GCF_011881725.1,d__Bacteria;p__Proteobacteria;c__Gammaproteobacteria;o__Enterobacterales;f__Enterobacteriaceae;g__Escherichia;s__Escherichia coli_E,blast,96.80,iPHoP-RF;82.20
NODE_498_length_2945_cov_4.607612,RS_GCF_000025985.1,d__Bacteria;p__Bacteroidota;c__Bacteroidia;o__Bacteroidales;f__Bacteroidaceae;g__Bacteroides;s__Bacteroides fragilis,blast,95.40,iPHoP-RF;91.10
NODE_498_length_2945_cov_4.607612,RS_GCF_002849695.1,d__Bacteria;p__Bacteroidota;c__Bacteroidia;o__Bacteroidales;f__Bacteroidaceae;g__Bacteroides;s__Bacteroides fragilis_A,blast,91.60,iPHoP-RF;89.80
NODE_498_length_2945_cov_4.607612,RS_GCF_900106755.1,d__Bacteria;p__Bacteroidota;c__Bacteroidia;o__Bacteroidales;f__Bacteroidaceae;g__Bacteroides;s__Bacteroides faecis,iPHoP-RF,90.50,None
NODE_498_length_2945_cov_4.607612,GB_GCA_900556625.1,d__Bacteria;p__Bacteroidota;c__Bacteroidia;o__Bacteroidales;f__Bacteroidaceae;g__Bacteroides;s__Bacteroides sp900556625,iPHoP-RF,90.10,None
NODE_499_length_2080_cov_2.648395,RS_GCF_000191405.1,d__Bacteria;p__Proteobacteria;c__Gammaproteobacteria;o__Enterobacterales;f__Pasteurellaceae;g__Haemophilus_D;s__Haemophilus_D parainfluenzae,blast,93.80,iPHoP-RF;75.70
NODE_499_length_2080_cov_2.648395,RS_GCF_003252795.1,d__Bacteria;p__Proteobacteria;c__Gammaproteobacteria;o__Enterobacterales;f__Pasteurellaceae;g__Haemophilus_D;s__Haemophilus_D parainfluenzae_K,blast,93.80,iPHoP-RF;77.80
NODE_499_length_2080_cov_2.648395,RS_GCF_003252755.1,d__Bacteria;p__Proteobacteria;c__Gammaproteobacteria;o__Enterobacterales;f__Pasteurellaceae;g__Haemophilus_D;s__Haemophilus_D parainfluenzae_N,blast,93.70,iPHoP-RF;72.80
NODE_499_length_2080_cov_2.648395,RS_GCF_003253005.1,d__Bacteria;p__Proteobacteria;c__Gammaproteobacteria;o__Enterobacterales;f__Pasteurellaceae;g__Haemophilus_D;s__Haemophilus_D parainfluenzae_M,blast,93.60,iPHoP-RF;75.20
NODE_499_length_2080_cov_2.648395,3300008148_8,d__Bacteria;p__Proteobacteria;c__Gammaproteobacteria;o__Enterobacterales;f__Pasteurellaceae;g__Haemophilus_D;s__,blast,93.50,iPHoP-RF;75.20
NODE_499_length_2080_cov_2.648395,RS_GCF_900638025.1,d__Bacteria;p__Proteobacteria;c__Gammaproteobacteria;o__Enterobacterales;f__Pasteurellaceae;g__Haemophilus_D;s__Haemophilus_D parainfluenzae_J,blast,93.40,iPHoP-RF;77.30
NODE_499_length_2080_cov_2.648395,RS_GCF_001815355.1,d__Bacteria;p__Proteobacteria;c__Gammaproteobacteria;o__Enterobacterales;f__Pasteurellaceae;g__Haemophilus_D;s__Haemophilus_D sp001815355,blast,93.10,iPHoP-RF;75.40
NODE_49_length_10365_cov_12.058681,RS_GCF_001078375.1,d__Bacteria;p__Firmicutes_C;c__Negativicutes;o__Veillonellales;f__Veillonellaceae;g__Veillonella;s__Veillonella tobetsuensis,CRISPR,98.20,iPHoP-RF;55.20
NODE_49_length_10365_cov_12.058681,RS_GCF_002959915.1,d__Bacteria;p__Firmicutes_C;c__Negativicutes;o__Veillonellales;f__Veillonellaceae;g__Veillonella;s__Veillonella atypica,CRISPR,98.10,None
NODE_49_length_10365_cov_12.058681,RS_GCF_000024945.1,d__Bacteria;p__Firmicutes_C;c__Negativicutes;o__Veillonellales;f__Veillonellaceae;g__Veillonella;s__Veillonella parvula,iPHoP-RF,95.40,blast;91.70
NODE_49_length_10365_cov_12.058681,GB_GCA_900757715.1,d__Bacteria;p__Firmicutes_C;c__Negativicutes;o__Veillonellales;f__Veillonellaceae;g__Veillonella;s__Veillonella sp900757715,iPHoP-RF,95.10,None
NODE_49_length_10365_cov_12.058681,RS_GCF_902810435.1,d__Bacteria;p__Firmicutes_C;c__Negativicutes;o__Veillonellales;f__Veillonellaceae;g__Veillonella;s__Veillonella parvula_A,iPHoP-RF,94.40,blast;91.80 CRISPR;74.70
NODE_49_length_10365_cov_12.058681,3300029201_15,d__Bacteria;p__Firmicutes_C;c__Negativicutes;o__Veillonellales;f__Veillonellaceae;g__Veillonella;s__,iPHoP-RF,93.70,None
NODE_49_length_10365_cov_12.058681,3300029505_13,d__Bacteria;p__Firmicutes_C;c__Negativicutes;o__Veillonellales;f__Veillonellaceae;g__Veillonella;s__,iPHoP-RF,92.40,None
NODE_49_length_10365_cov_12.058681,RS_GCF_900637515.1,d__Bacteria;p__Firmicutes_C;c__Negativicutes;o__Veillonellales;f__Veillonellaceae;g__Veillonella;s__Veillonella dispar,blast,92.30,iPHoP-RF;86.70
NODE_49_length_10365_cov_12.058681,RS_GCF_002959895.1,d__Bacteria;p__Firmicutes_C;c__Negativicutes;o__Veillonellales;f__Veillonellaceae;g__Veillonella;s__Veillonella infantium,iPHoP-RF,92.10,None
NODE_49_length_10365_cov_12.058681,RS_GCF_013393365.1,d__Bacteria;p__Firmicutes_C;c__Negativicutes;o__Veillonellales;f__Veillonellaceae;g__Veillonella;s__Veillonella dispar_A,iPHoP-RF,92.10,None
NODE_49_length_10365_cov_12.058681,RS_GCF_003463825.1,d__Bacteria;p__Firmicutes_C;c__Negativicutes;o__Veillonellales;f__Veillonellaceae;g__Veillonella;s__Veillonella sp003463825,iPHoP-RF,91.80,None
NODE_49_length_10365_cov_12.058681,GB_GCA_900766125.1,d__Bacteria;p__Firmicutes_C;c__Negativicutes;o__Veillonellales;f__Veillonellaceae;g__Veillonella;s__Veillonella sp900766125,iPHoP-RF,90.80,None
NODE_49_length_10365_cov_12.058681,GB_GCA_900552715.1,d__Bacteria;p__Firmicutes_C;c__Negativicutes;o__Veillonellales;f__Veillonellaceae;g__Veillonella;s__Veillonella sp900552715,iPHoP-RF,90.10,None
NODE_49_length_10365_cov_12.058681,GB_GCA_900765235.1,d__Bacteria;p__Firmicutes_C;c__Negativicutes;o__Veillonellales;f__Veillonellaceae;g__Veillonella;s__Veillonella sp900765235,iPHoP-RF,90.10,None
NODE_4_length_53798_cov_5011.541131,GB_GCA_900757205.1,d__Bacteria;p__Actinobacteriota;c__Coriobacteriia;o__Coriobacteriales;f__Coriobacteriaceae;g__Collinsella;s__Collinsella sp900757205,CRISPR,97.90,None
NODE_4_length_53798_cov_5011.541131,RS_GCF_009696325.1,d__Bacteria;p__Actinobacteriota;c__Coriobacteriia;o__Coriobacteriales;f__Coriobacteriaceae;g__Collinsella;s__Collinsella sp002391315,CRISPR,96.80,None
NODE_500_length_2986_cov_4.587172,RS_GCF_003464595.1,d__Bacteria;p__Bacteroidota;c__Bacteroidia;o__Bacteroidales;f__Bacteroidaceae;g__Bacteroides;s__Bacteroides intestinalis_A,blast,92.00,iPHoP-RF;67.50
NODE_500_length_2986_cov_4.587172,RS_GCF_902364365.1,d__Bacteria;p__Bacteroidota;c__Bacteroidia;o__Bacteroidales;f__Bacteroidaceae;g__Bacteroides;s__Bacteroides sp900556215,blast,92.00,iPHoP-RF;79.00
NODE_500_length_2986_cov_4.587172,RS_GCF_000374505.1,d__Bacteria;p__Bacteroidota;c__Bacteroidia;o__Bacteroidales;f__Rikenellaceae;g__Alistipes;s__Alistipes onderdonkii,blast,91.60,None
NODE_500_length_2986_cov_4.587172,RS_GCF_902363575.1,d__Bacteria;p__Bacteroidota;c__Bacteroidia;o__Bacteroidales;f__Rikenellaceae;g__Alistipes;s__Alistipes sp902363575,blast,90.50,None
NODE_500_length_2986_cov_4.587172,RS_GCF_000154465.1,d__Bacteria;p__Bacteroidota;c__Bacteroidia;o__Bacteroidales;f__Rikenellaceae;g__Alistipes;s__Alistipes putredinis,blast,90.00,None
NODE_503_length_2600_cov_5.917092,RS_GCF_000025985.1,d__Bacteria;p__Bacteroidota;c__Bacteroidia;o__Bacteroidales;f__Bacteroidaceae;g__Bacteroides;s__Bacteroides fragilis,iPHoP-RF,96.40,blast;95.50
NODE_503_length_2600_cov_5.917092,RS_GCF_000613385.1,d__Bacteria;p__Bacteroidota;c__Bacteroidia;o__Bacteroidales;f__Bacteroidaceae;g__Bacteroides;s__Bacteroides acidifaciens,iPHoP-RF,96.10,None
NODE_503_length_2600_cov_5.917092,RS_GCF_002849695.1,d__Bacteria;p__Bacteroidota;c__Bacteroidia;o__Bacteroidales;f__Bacteroidaceae;g__Bacteroides;s__Bacteroides fragilis_A,iPHoP-RF,96.10,blast;91.40
NODE_503_length_2600_cov_5.917092,GB_GCA_900755095.1,d__Bacteria;p__Bacteroidota;c__Bacteroidia;o__Bacteroidales;f__Bacteroidaceae;g__Bacteroides;s__Bacteroides sp900755095,iPHoP-RF,95.40,None
NODE_503_length_2600_cov_5.917092,RS_GCF_000315485.1,d__Bacteria;p__Bacteroidota;c__Bacteroidia;o__Bacteroidales;f__Bacteroidaceae;g__Bacteroides;s__Bacteroides oleiciplenus,iPHoP-RF,95.40,None
NODE_503_length_2600_cov_5.917092,RS_GCF_000011065.1,d__Bacteria;p__Bacteroidota;c__Bacteroidia;o__Bacteroidales;f__Bacteroidaceae;g__Bacteroides;s__Bacteroides thetaiotaomicron,iPHoP-RF,95.10,blast;89.60
NODE_503_length_2600_cov_5.917092,RS_GCF_009193295.2,d__Bacteria;p__Bacteroidota;c__Bacteroidia;o__Bacteroidales;f__Bacteroidaceae;g__Bacteroides;s__Bacteroides sp007097645,iPHoP-RF,95.10,None
NODE_503_length_2600_cov_5.917092,RS_GCF_000614165.1,d__Bacteria;p__Bacteroidota;c__Bacteroidia;o__Bacteroidales;f__Bacteroidaceae;g__Bacteroides;s__Bacteroides stercorirosoris,iPHoP-RF,94.70,None
NODE_503_length_2600_cov_5.917092,RS_GCF_003464595.1,d__Bacteria;p__Bacteroidota;c__Bacteroidia;o__Bacteroidales;f__Bacteroidaceae;g__Bacteroides;s__Bacteroides intestinalis_A,iPHoP-RF,94.70,None
NODE_503_length_2600_cov_5.917092,RS_GCF_001314995.1,d__Bacteria;p__Bacteroidota;c__Bacteroidia;o__Bacteroidales;f__Bacteroidaceae;g__Bacteroides;s__Bacteroides ovatus,iPHoP-RF,94.40,None
NODE_503_length_2600_cov_5.917092,GB_GCA_000210075.1,d__Bacteria;p__Bacteroidota;c__Bacteroidia;o__Bacteroidales;f__Bacteroidaceae;g__Bacteroides;s__Bacteroides xylanisolvens,iPHoP-RF,94.10,None
NODE_503_length_2600_cov_5.917092,RS_GCF_900106755.1,d__Bacteria;p__Bacteroidota;c__Bacteroidia;o__Bacteroidales;f__Bacteroidaceae;g__Bacteroides;s__Bacteroides faecis,iPHoP-RF,94.10,None
NODE_503_length_2600_cov_5.917092,RS_GCF_003865075.1,d__Bacteria;p__Bacteroidota;c__Bacteroidia;o__Bacteroidales;f__Bacteroidaceae;g__Bacteroides;s__Bacteroides sp003865075,iPHoP-RF,92.80,None
NODE_503_length_2600_cov_5.917092,GB_GCA_900557355.1,d__Bacteria;p__Bacteroidota;c__Bacteroidia;o__Bacteroidales;f__Bacteroidaceae;g__Bacteroides;s__Bacteroides sp900557355,iPHoP-RF,92.40,None
NODE_503_length_2600_cov_5.917092,RS_GCF_000156195.1,d__Bacteria;p__Bacteroidota;c__Bacteroidia;o__Bacteroidales;f__Bacteroidaceae;g__Bacteroides;s__Bacteroides finegoldii,iPHoP-RF,92.10,None
NODE_503_length_2600_cov_5.917092,RS_GCF_000374505.1,d__Bacteria;p__Bacteroidota;c__Bacteroidia;o__Bacteroidales;f__Rikenellaceae;g__Alistipes;s__Alistipes onderdonkii,blast,91.90,None
NODE_503_length_2600_cov_5.917092,RS_GCF_000158035.1,d__Bacteria;p__Bacteroidota;c__Bacteroidia;o__Bacteroidales;f__Bacteroidaceae;g__Bacteroides;s__Bacteroides cellulosilyticus,iPHoP-RF,91.80,None
NODE_503_length_2600_cov_5.917092,RS_GCF_000172175.1,d__Bacteria;p__Bacteroidota;c__Bacteroidia;o__Bacteroidales;f__Bacteroidaceae;g__Bacteroides;s__Bacteroides intestinalis,iPHoP-RF,91.40,blast;89.80
NODE_503_length_2600_cov_5.917092,RS_GCF_014334015.1,d__Bacteria;p__Bacteroidota;c__Bacteroidia;o__Bacteroidales;f__Bacteroidaceae;g__Bacteroides;s__Bacteroides sp003463205,iPHoP-RF,91.40,None
NODE_503_length_2600_cov_5.917092,RS_GCF_000613465.1,d__Bacteria;p__Bacteroidota;c__Bacteroidia;o__Bacteroidales;f__Bacteroidaceae;g__Bacteroides;s__Bacteroides nordii,iPHoP-RF,91.10,None
NODE_503_length_2600_cov_5.917092,RS_GCF_000381365.1,d__Bacteria;p__Bacteroidota;c__Bacteroidia;o__Bacteroidales;f__Bacteroidaceae;g__Bacteroides;s__Bacteroides salyersiae,blast,91.00,iPHoP-RF;90.10
NODE_503_length_2600_cov_5.917092,RS_GCF_900155865.1,d__Bacteria;p__Bacteroidota;c__Bacteroidia;o__Bacteroidales;f__Bacteroidaceae;g__Bacteroides;s__Bacteroides bouchesdurhonensis,iPHoP-RF,90.80,None
NODE_503_length_2600_cov_5.917092,RS_GCF_012113595.1,d__Bacteria;p__Bacteroidota;c__Bacteroidia;o__Bacteroidales;f__Bacteroidaceae;g__Bacteroides;s__Bacteroides sp012113595,iPHoP-RF,90.50,None
NODE_503_length_2600_cov_5.917092,RS_GCF_902364365.1,d__Bacteria;p__Bacteroidota;c__Bacteroidia;o__Bacteroidales;f__Bacteroidaceae;g__Bacteroides;s__Bacteroides sp900556215,iPHoP-RF,90.50,None
NODE_50_length_64286_cov_15.837431|provirus_6014_50609,RS_GCF_014131695.1,d__Bacteria;p__Firmicutes;c__Bacilli;o__Erysipelotrichales;f__Erysipelatoclostridiaceae;g__Erysipelatoclostridium;s__Erysipelatoclostridium ramosum,blast,96.80,iPHoP-RF;90.80 CRISPR;82.80
NODE_50_length_7713_cov_4.500522,RS_GCF_002265625.1,d__Bacteria;p__Bacteroidota;c__Bacteroidia;o__Bacteroidales;f__Bacteroidaceae;g__Prevotella;s__Prevotella sp002265625,blast,96.00,iPHoP-RF;57.10
NODE_510_length_2033_cov_4.037412,RS_GCF_902810435.1,d__Bacteria;p__Firmicutes_C;c__Negativicutes;o__Veillonellales;f__Veillonellaceae;g__Veillonella;s__Veillonella parvula_A,blast,92.50,iPHoP-RF;64.30
NODE_510_length_2033_cov_4.037412,RS_GCF_002959915.1,d__Bacteria;p__Firmicutes_C;c__Negativicutes;o__Veillonellales;f__Veillonellaceae;g__Veillonella;s__Veillonella atypica,blast,91.20,iPHoP-RF;80.30
NODE_511_length_3846_cov_6.892904,RS_GCF_003711145.1,d__Bacteria;p__Proteobacteria;c__Gammaproteobacteria;o__Burkholderiales;f__Burkholderiaceae;g__Burkholderia;s__Burkholderia cepacia_E,blast,93.90,iPHoP-RF;77.30
NODE_511_length_3846_cov_6.892904,RS_GCF_000011705.1,d__Bacteria;p__Proteobacteria;c__Gammaproteobacteria;o__Burkholderiales;f__Burkholderiaceae;g__Burkholderia;s__Burkholderia mallei,blast,91.30,iPHoP-RF;70.40
NODE_511_length_3846_cov_6.892904,RS_GCF_000960995.1,d__Bacteria;p__Proteobacteria;c__Gammaproteobacteria;o__Burkholderiales;f__Burkholderiaceae;g__Burkholderia;s__Burkholderia glumae,blast,91.20,iPHoP-RF;63.50
NODE_511_length_5254_cov_6.137911,RS_GCF_000026225.1,d__Bacteria;p__Proteobacteria;c__Gammaproteobacteria;o__Enterobacterales;f__Enterobacteriaceae;g__Escherichia;s__Escherichia fergusonii,iPHoP-RF,96.10,None
NODE_511_length_5254_cov_6.137911,RS_GCF_002949675.1,d__Bacteria;p__Proteobacteria;c__Gammaproteobacteria;o__Enterobacterales;f__Enterobacteriaceae;g__Escherichia;s__Escherichia dysenteriae,iPHoP-RF,95.40,None
NODE_511_length_5254_cov_6.137911,RS_GCF_002965065.1,d__Bacteria;p__Proteobacteria;c__Gammaproteobacteria;o__Enterobacterales;f__Enterobacteriaceae;g__Escherichia;s__Escherichia sp002965065,iPHoP-RF,95.10,blast;92.60
NODE_511_length_5254_cov_6.137911,RS_GCF_003697165.2,d__Bacteria;p__Proteobacteria;c__Gammaproteobacteria;o__Enterobacterales;f__Enterobacteriaceae;g__Escherichia;s__Escherichia coli,iPHoP-RF,95.10,blast;93.20
NODE_511_length_5254_cov_6.137911,RS_GCF_005843885.1,d__Bacteria;p__Proteobacteria;c__Gammaproteobacteria;o__Enterobacterales;f__Enterobacteriaceae;g__Escherichia;s__Escherichia sp005843885,iPHoP-RF,95.10,None
NODE_511_length_5254_cov_6.137911,GB_GCA_003018335.1,d__Bacteria;p__Proteobacteria;c__Gammaproteobacteria;o__Enterobacterales;f__Enterobacteriaceae;g__Escherichia;s__Escherichia coli_C,iPHoP-RF,94.70,None
NODE_511_length_5254_cov_6.137911,RS_GCF_002950215.1,d__Bacteria;p__Proteobacteria;c__Gammaproteobacteria;o__Enterobacterales;f__Enterobacteriaceae;g__Escherichia;s__Escherichia flexneri,iPHoP-RF,94.70,blast;94.20
NODE_511_length_5254_cov_6.137911,RS_GCF_001660175.1,d__Bacteria;p__Proteobacteria;c__Gammaproteobacteria;o__Enterobacterales;f__Enterobacteriaceae;g__Escherichia;s__Escherichia sp001660175,iPHoP-RF,94.40,None
NODE_511_length_5254_cov_6.137911,RS_GCF_000026325.1,d__Bacteria;p__Proteobacteria;c__Gammaproteobacteria;o__Enterobacterales;f__Enterobacteriaceae;g__Escherichia;s__Escherichia coli_D,iPHoP-RF,94.10,blast;93.10
NODE_511_length_5254_cov_6.137911,RS_GCF_000208585.1,d__Bacteria;p__Proteobacteria;c__Gammaproteobacteria;o__Enterobacterales;f__Enterobacteriaceae;g__Escherichia;s__Escherichia sp000208585,iPHoP-RF,94.10,None
NODE_511_length_5254_cov_6.137911,RS_GCF_002900365.1,d__Bacteria;p__Proteobacteria;c__Gammaproteobacteria;o__Enterobacterales;f__Enterobacteriaceae;g__Escherichia;s__Escherichia marmotae,iPHoP-RF,94.10,None
NODE_511_length_5254_cov_6.137911,RS_GCF_004211955.1,d__Bacteria;p__Proteobacteria;c__Gammaproteobacteria;o__Enterobacterales;f__Enterobacteriaceae;g__Escherichia;s__Escherichia sp004211955,iPHoP-RF,93.70,None
NODE_511_length_5254_cov_6.137911,RS_GCF_011881725.1,d__Bacteria;p__Proteobacteria;c__Gammaproteobacteria;o__Enterobacterales;f__Enterobacteriaceae;g__Escherichia;s__Escherichia coli_E,iPHoP-RF,93.70,None
NODE_511_length_5254_cov_6.137911,RS_GCF_000006945.2,d__Bacteria;p__Proteobacteria;c__Gammaproteobacteria;o__Enterobacterales;f__Enterobacteriaceae;g__Salmonella;s__Salmonella enterica,blast,90.70,None
NODE_512_length_3122_cov_5.095533,RS_GCF_001077535.1,d__Bacteria;p__Firmicutes_A;c__Clostridia;o__Peptostreptococcales;f__Peptostreptococcaceae;g__Clostridioides;s__Clostridioides difficile,blast,95.60,iPHoP-RF;82.50
NODE_512_length_3122_cov_5.095533,RS_GCF_900243075.1,d__Bacteria;p__Firmicutes_A;c__Clostridia;o__Peptostreptococcales;f__Peptostreptococcaceae;g__Clostridioides;s__Clostridioides difficile_D,blast,92.90,iPHoP-RF;82.80
NODE_512_length_3122_cov_5.095533,RS_GCF_000686145.1,d__Bacteria;p__Firmicutes_A;c__Clostridia;o__Peptostreptococcales;f__Peptostreptococcaceae;g__Romboutsia;s__Romboutsia sp000686145,blast,92.10,iPHoP-RF;67.00
NODE_512_length_3122_cov_5.095533,RS_GCF_000449425.2,d__Bacteria;p__Firmicutes_A;c__Clostridia;o__Peptostreptococcales;f__Peptostreptococcaceae;g__Clostridioides;s__Clostridioides difficile_E,blast,91.70,iPHoP-RF;78.00
NODE_512_length_3122_cov_5.095533,RS_GCF_001299635.1,d__Bacteria;p__Firmicutes_A;c__Clostridia;o__Peptostreptococcales;f__Peptostreptococcaceae;g__Clostridioides;s__Clostridioides difficile_A,blast,91.70,iPHoP-RF;85.70
NODE_512_length_3122_cov_5.095533,RS_GCF_900103615.1,d__Bacteria;p__Firmicutes_A;c__Clostridia;o__Peptostreptococcales;f__Peptostreptococcaceae;g__Romboutsia;s__Romboutsia lituseburensis,blast,90.30,iPHoP-RF;65.80
NODE_512_length_5249_cov_4.816327,RS_GCF_000026325.1,d__Bacteria;p__Proteobacteria;c__Gammaproteobacteria;o__Enterobacterales;f__Enterobacteriaceae;g__Escherichia;s__Escherichia coli_D,iPHoP-RF,93.70,blast;91.60
NODE_512_length_5249_cov_4.816327,RS_GCF_005843885.1,d__Bacteria;p__Proteobacteria;c__Gammaproteobacteria;o__Enterobacterales;f__Enterobacteriaceae;g__Escherichia;s__Escherichia sp005843885,iPHoP-RF,93.70,None
NODE_512_length_5249_cov_4.816327,RS_GCF_002900365.1,d__Bacteria;p__Proteobacteria;c__Gammaproteobacteria;o__Enterobacterales;f__Enterobacteriaceae;g__Escherichia;s__Escherichia marmotae,iPHoP-RF,93.40,blast;91.60
NODE_512_length_5249_cov_4.816327,RS_GCF_002965065.1,d__Bacteria;p__Proteobacteria;c__Gammaproteobacteria;o__Enterobacterales;f__Enterobacteriaceae;g__Escherichia;s__Escherichia sp002965065,iPHoP-RF,93.40,blast;91.50
NODE_512_length_5249_cov_4.816327,RS_GCF_004211955.1,d__Bacteria;p__Proteobacteria;c__Gammaproteobacteria;o__Enterobacterales;f__Enterobacteriaceae;g__Escherichia;s__Escherichia sp004211955,iPHoP-RF,92.80,None
NODE_512_length_5249_cov_4.816327,RS_GCF_011881725.1,d__Bacteria;p__Proteobacteria;c__Gammaproteobacteria;o__Enterobacterales;f__Enterobacteriaceae;g__Escherichia;s__Escherichia coli_E,iPHoP-RF,92.80,None
NODE_512_length_5249_cov_4.816327,GB_GCA_003018335.1,d__Bacteria;p__Proteobacteria;c__Gammaproteobacteria;o__Enterobacterales;f__Enterobacteriaceae;g__Escherichia;s__Escherichia coli_C,iPHoP-RF,92.40,None
NODE_512_length_5249_cov_4.816327,RS_GCF_002949675.1,d__Bacteria;p__Proteobacteria;c__Gammaproteobacteria;o__Enterobacterales;f__Enterobacteriaceae;g__Escherichia;s__Escherichia dysenteriae,iPHoP-RF,92.10,blast;91.50
NODE_512_length_5249_cov_4.816327,RS_GCF_003697165.2,d__Bacteria;p__Proteobacteria;c__Gammaproteobacteria;o__Enterobacterales;f__Enterobacteriaceae;g__Escherichia;s__Escherichia coli,iPHoP-RF,92.10,blast;92.00
NODE_512_length_5249_cov_4.816327,RS_GCF_001660175.1,d__Bacteria;p__Proteobacteria;c__Gammaproteobacteria;o__Enterobacterales;f__Enterobacteriaceae;g__Escherichia;s__Escherichia sp001660175,iPHoP-RF,91.80,blast;91.50
NODE_512_length_5249_cov_4.816327,RS_GCF_000208585.1,d__Bacteria;p__Proteobacteria;c__Gammaproteobacteria;o__Enterobacterales;f__Enterobacteriaceae;g__Escherichia;s__Escherichia sp000208585,blast,91.50,iPHoP-RF;87.90
NODE_512_length_5249_cov_4.816327,RS_GCF_002950215.1,d__Bacteria;p__Proteobacteria;c__Gammaproteobacteria;o__Enterobacterales;f__Enterobacteriaceae;g__Escherichia;s__Escherichia flexneri,iPHoP-RF,91.40,blast;91.20
NODE_512_length_5249_cov_4.816327,RS_GCF_901472455.1,d__Bacteria;p__Proteobacteria;c__Gammaproteobacteria;o__Enterobacterales;f__Enterobacteriaceae;g__Leclercia;s__Leclercia adecarboxylata,blast,90.30,None
NODE_516_length_2143_cov_4.660441,RS_GCF_008121495.1,d__Bacteria;p__Firmicutes_A;c__Clostridia;o__Lachnospirales;f__Lachnospiraceae;g__Ruminococcus_B;s__Ruminococcus_B gnavus,blast,93.70,iPHoP-RF;79.50
NODE_516_length_2143_cov_4.660441,GB_GCA_900550975.1,d__Bacteria;p__Firmicutes_A;c__Clostridia;o__Lachnospirales;f__Lachnospiraceae;g__Faecalimonas;s__Faecalimonas sp900550975,blast,93.20,iPHoP-RF;81.90
NODE_51_length_4179_cov_5.019641,RS_GCF_000025985.1,d__Bacteria;p__Bacteroidota;c__Bacteroidia;o__Bacteroidales;f__Bacteroidaceae;g__Bacteroides;s__Bacteroides fragilis,blast,95.50,iPHoP-RF;79.30
NODE_51_length_4179_cov_5.019641,GB_GCA_000210075.1,d__Bacteria;p__Bacteroidota;c__Bacteroidia;o__Bacteroidales;f__Bacteroidaceae;g__Bacteroides;s__Bacteroides xylanisolvens,iPHoP-RF,95.10,blast;90.90
NODE_51_length_4179_cov_5.019641,RS_GCF_000613385.1,d__Bacteria;p__Bacteroidota;c__Bacteroidia;o__Bacteroidales;f__Bacteroidaceae;g__Bacteroides;s__Bacteroides acidifaciens,iPHoP-RF,94.70,None
NODE_51_length_4179_cov_5.019641,RS_GCF_014334015.1,d__Bacteria;p__Bacteroidota;c__Bacteroidia;o__Bacteroidales;f__Bacteroidaceae;g__Bacteroides;s__Bacteroides sp003463205,iPHoP-RF,94.70,None
NODE_51_length_4179_cov_5.019641,RS_GCF_000156195.1,d__Bacteria;p__Bacteroidota;c__Bacteroidia;o__Bacteroidales;f__Bacteroidaceae;g__Bacteroides;s__Bacteroides finegoldii,iPHoP-RF,94.10,None
NODE_51_length_4179_cov_5.019641,RS_GCF_001314995.1,d__Bacteria;p__Bacteroidota;c__Bacteroidia;o__Bacteroidales;f__Bacteroidaceae;g__Bacteroides;s__Bacteroides ovatus,iPHoP-RF,94.10,blast;90.00
NODE_51_length_4179_cov_5.019641,RS_GCF_009193325.2,d__Bacteria;p__Bacteroidota;c__Bacteroidia;o__Bacteroidales;f__Bacteroidaceae;g__Bacteroides;s__Bacteroides sp900066265,iPHoP-RF,94.10,None
NODE_51_length_4179_cov_5.019641,GB_GCA_900556625.1,d__Bacteria;p__Bacteroidota;c__Bacteroidia;o__Bacteroidales;f__Bacteroidaceae;g__Bacteroides;s__Bacteroides sp900556625,iPHoP-RF,93.70,None
NODE_51_length_4179_cov_5.019641,RS_GCF_009193295.2,d__Bacteria;p__Bacteroidota;c__Bacteroidia;o__Bacteroidales;f__Bacteroidaceae;g__Bacteroides;s__Bacteroides sp007097645,iPHoP-RF,93.70,None
NODE_51_length_4179_cov_5.019641,RS_GCF_902362375.1,d__Bacteria;p__Bacteroidota;c__Bacteroidia;o__Bacteroidales;f__Bacteroidaceae;g__Bacteroides;s__Bacteroides sp902362375,iPHoP-RF,93.70,None
NODE_51_length_4179_cov_5.019641,RS_GCF_001688725.2,d__Bacteria;p__Bacteroidota;c__Bacteroidia;o__Bacteroidales;f__Bacteroidaceae;g__Bacteroides;s__Bacteroides caecimuris,iPHoP-RF,93.40,None
NODE_51_length_4179_cov_5.019641,RS_GCF_000011065.1,d__Bacteria;p__Bacteroidota;c__Bacteroidia;o__Bacteroidales;f__Bacteroidaceae;g__Bacteroides;s__Bacteroides thetaiotaomicron,iPHoP-RF,93.10,None
NODE_51_length_4179_cov_5.019641,GB_GCA_900755095.1,d__Bacteria;p__Bacteroidota;c__Bacteroidia;o__Bacteroidales;f__Bacteroidaceae;g__Bacteroides;s__Bacteroides sp900755095,iPHoP-RF,92.40,None
NODE_51_length_4179_cov_5.019641,RS_GCF_903181435.1,d__Bacteria;p__Bacteroidota;c__Bacteroidia;o__Bacteroidales;f__Bacteroidaceae;g__Bacteroides;s__Bacteroides acidifaciens_A,iPHoP-RF,92.40,None
NODE_51_length_4179_cov_5.019641,RS_GCF_002222615.2,d__Bacteria;p__Bacteroidota;c__Bacteroidia;o__Bacteroidales;f__Bacteroidaceae;g__Bacteroides;s__Bacteroides caccae,iPHoP-RF,92.10,None
NODE_51_length_4179_cov_5.019641,RS_GCF_900130125.1,d__Bacteria;p__Bacteroidota;c__Bacteroidia;o__Bacteroidales;f__Bacteroidaceae;g__Bacteroides;s__Bacteroides congonensis,iPHoP-RF,92.10,None
NODE_51_length_4179_cov_5.019641,RS_GCF_900106755.1,d__Bacteria;p__Bacteroidota;c__Bacteroidia;o__Bacteroidales;f__Bacteroidaceae;g__Bacteroides;s__Bacteroides faecis,iPHoP-RF,91.80,None
NODE_51_length_4179_cov_5.019641,RS_GCF_002849695.1,d__Bacteria;p__Bacteroidota;c__Bacteroidia;o__Bacteroidales;f__Bacteroidaceae;g__Bacteroides;s__Bacteroides fragilis_A,blast,91.60,iPHoP-RF;74.60
NODE_51_length_4179_cov_5.019641,GB_GCA_900762525.1,d__Bacteria;p__Bacteroidota;c__Bacteroidia;o__Bacteroidales;f__Bacteroidaceae;g__Bacteroides;s__Bacteroides sp900762525,blast,90.90,iPHoP-RF;89.80
NODE_51_length_4179_cov_5.019641,GB_GCA_900765805.1,d__Bacteria;p__Bacteroidota;c__Bacteroidia;o__Bacteroidales;f__Bacteroidaceae;g__Bacteroides;s__Bacteroides sp900765805,blast,90.90,iPHoP-RF;75.00
NODE_51_length_4179_cov_5.019641,RS_GCF_000613465.1,d__Bacteria;p__Bacteroidota;c__Bacteroidia;o__Bacteroidales;f__Bacteroidaceae;g__Bacteroides;s__Bacteroides nordii,blast,90.70,iPHoP-RF;53.80
NODE_527_length_1231_cov_3.534014,RS_GCF_000239295.1,d__Bacteria;p__Firmicutes_A;c__Clostridia;o__Oscillospirales;f__Oscillospiraceae;g__Flavonifractor;s__Flavonifractor plautii,iPHoP-RF,96.40,blast;91.50
NODE_527_length_1231_cov_3.534014,RS_GCF_000508885.1,d__Bacteria;p__Firmicutes_A;c__Clostridia;o__Oscillospirales;f__Oscillospiraceae;g__Flavonifractor;s__Flavonifractor sp000508885,iPHoP-RF,94.70,blast;92.40
NODE_527_length_2667_cov_5.398928,RS_GCF_000154205.1,d__Bacteria;p__Bacteroidota;c__Bacteroidia;o__Bacteroidales;f__Bacteroidaceae;g__Bacteroides;s__Bacteroides uniformis,blast,93.80,iPHoP-RF;78.50
NODE_527_length_2667_cov_5.398928,RS_GCF_000382445.1,d__Bacteria;p__Bacteroidota;c__Bacteroidia;o__Bacteroidales;f__Bacteroidaceae;g__Phocaeicola;s__Phocaeicola massiliensis,blast,93.20,iPHoP-RF;78.30
NODE_52_length_3512_cov_4.416546,RS_GCF_008121495.1,d__Bacteria;p__Firmicutes_A;c__Clostridia;o__Lachnospirales;f__Lachnospiraceae;g__Ruminococcus_B;s__Ruminococcus_B gnavus,blast,97.00,iPHoP-RF;73.00
NODE_52_length_35146_cov_146.477501,RS_GCF_001544095.1,d__Bacteria;p__Firmicutes;c__Bacilli;o__Lactobacillales;f__Enterococcaceae;g__Enterococcus_D;s__Enterococcus_D casseliflavus,blast,96.20,iPHoP-RF;90.10
NODE_52_length_35146_cov_146.477501,RS_GCF_002850555.1,d__Bacteria;p__Firmicutes;c__Bacilli;o__Lactobacillales;f__Enterococcaceae;g__Enterococcus_D;s__Enterococcus_D sp002850555,blast,95.70,iPHoP-RF;89.20
NODE_52_length_35146_cov_146.477501,RS_GCF_001544275.1,d__Bacteria;p__Firmicutes;c__Bacilli;o__Lactobacillales;f__Enterococcaceae;g__Enterococcus_D;s__Enterococcus_D gallinarum,blast,95.50,iPHoP-RF;73.90
NODE_52_length_35146_cov_146.477501,RS_GCF_001544255.1,d__Bacteria;p__Firmicutes;c__Bacilli;o__Lactobacillales;f__Enterococcaceae;g__Enterococcus_B;s__Enterococcus_B faecium,blast,91.70,iPHoP-RF;71.70
NODE_536_length_2797_cov_5.823851,RS_GCF_000614125.1,d__Bacteria;p__Bacteroidota;c__Bacteroidia;o__Bacteroidales;f__Bacteroidaceae;g__Bacteroides;s__Bacteroides rodentium,iPHoP-RF,94.70,None
NODE_536_length_2797_cov_5.823851,RS_GCF_900130135.1,d__Bacteria;p__Bacteroidota;c__Bacteroidia;o__Bacteroidales;f__Bacteroidaceae;g__Bacteroides;s__Bacteroides togonis,iPHoP-RF,94.70,None
NODE_536_length_2797_cov_5.823851,RS_GCF_000233955.1,d__Bacteria;p__Bacteroidota;c__Bacteroidia;o__Bacteroidales;f__Bacteroidaceae;g__Paraprevotella;s__Paraprevotella clara,blast,93.50,None
NODE_536_length_2797_cov_5.823851,RS_GCF_000154205.1,d__Bacteria;p__Bacteroidota;c__Bacteroidia;o__Bacteroidales;f__Bacteroidaceae;g__Bacteroides;s__Bacteroides uniformis,iPHoP-RF,93.40,blast;85.50
NODE_536_length_2797_cov_5.823851,RS_GCF_900108345.1,d__Bacteria;p__Bacteroidota;c__Bacteroidia;o__Bacteroidales;f__Bacteroidaceae;g__Bacteroides;s__Bacteroides ndongoniae,iPHoP-RF,92.80,blast;62.40
NODE_536_length_2797_cov_5.823851,3300029706_6,d__Bacteria;p__Bacteroidota;c__Bacteroidia;o__Bacteroidales;f__Bacteroidaceae;g__Bacteroides;s__,iPHoP-RF,90.50,None
NODE_539_length_3181_cov_4.460013,RS_GCF_900184965.1,d__Bacteria;p__Verrucomicrobiota;c__Verrucomicrobiae;o__Verrucomicrobiales;f__Akkermansiaceae;g__Akkermansia;s__Akkermansia muciniphila_A,blast,93.80,iPHoP-RF;73.20
NODE_539_length_3181_cov_4.460013,RS_GCF_000020225.1,d__Bacteria;p__Verrucomicrobiota;c__Verrucomicrobiae;o__Verrucomicrobiales;f__Akkermansiaceae;g__Akkermansia;s__Akkermansia muciniphila,CRISPR,93.60,blast;93.30 iPHoP-RF;69.30
NODE_539_length_3181_cov_4.460013,RS_GCF_002885095.1,d__Bacteria;p__Verrucomicrobiota;c__Verrucomicrobiae;o__Verrucomicrobiales;f__Akkermansiaceae;g__Akkermansia;s__Akkermansia muciniphila_B,blast,91.80,CRISPR;90.30
NODE_53_length_7445_cov_6.344655,RS_GCF_900155365.1,d__Bacteria;p__Actinobacteriota;c__Coriobacteriia;o__Coriobacteriales;f__Coriobacteriaceae;g__Collinsella;s__Collinsella bouchesdurhonensis,blast,93.90,iPHoP-RF;65.30
NODE_53_length_7445_cov_6.344655,RS_GCF_000156215.1,d__Bacteria;p__Actinobacteriota;c__Coriobacteriia;o__Coriobacteriales;f__Coriobacteriaceae;g__Collinsella;s__Collinsella stercoris,blast,91.80,iPHoP-RF;57.60
NODE_53_length_7445_cov_6.344655,RS_GCF_003479805.1,d__Bacteria;p__Actinobacteriota;c__Coriobacteriia;o__Coriobacteriales;f__Coriobacteriaceae;g__Collinsella;s__Collinsella sp003479805,blast,90.80,None
NODE_540_length_1933_cov_3.048456,RS_GCF_013393365.1,d__Bacteria;p__Firmicutes_C;c__Negativicutes;o__Veillonellales;f__Veillonellaceae;g__Veillonella;s__Veillonella dispar_A,blast,91.80,None
NODE_543_length_3738_cov_11.347000,RS_GCF_001299635.1,d__Bacteria;p__Firmicutes_A;c__Clostridia;o__Peptostreptococcales;f__Peptostreptococcaceae;g__Clostridioides;s__Clostridioides difficile_A,iPHoP-RF,94.40,None
NODE_543_length_3738_cov_11.347000,RS_GCF_000449425.2,d__Bacteria;p__Firmicutes_A;c__Clostridia;o__Peptostreptococcales;f__Peptostreptococcaceae;g__Clostridioides;s__Clostridioides difficile_E,iPHoP-RF,94.10,blast;91.20
NODE_543_length_3738_cov_11.347000,RS_GCF_900243075.1,d__Bacteria;p__Firmicutes_A;c__Clostridia;o__Peptostreptococcales;f__Peptostreptococcaceae;g__Clostridioides;s__Clostridioides difficile_D,iPHoP-RF,94.10,blast;91.80
NODE_543_length_3738_cov_11.347000,RS_GCF_001077535.1,d__Bacteria;p__Firmicutes_A;c__Clostridia;o__Peptostreptococcales;f__Peptostreptococcaceae;g__Clostridioides;s__Clostridioides difficile,blast,93.90,iPHoP-RF;93.70 CRISPR;51.60
NODE_546_length_1925_cov_5.366845,GB_GCA_002313795.1,d__Bacteria;p__Firmicutes_A;c__Clostridia;o__Oscillospirales;f__Ruminococcaceae;g__Faecalibacterium;s__Faecalibacterium prausnitzii_L,blast,93.60,iPHoP-RF;90.50
NODE_546_length_1925_cov_5.366845,RS_GCF_003287405.1,d__Bacteria;p__Firmicutes_A;c__Clostridia;o__Oscillospirales;f__Ruminococcaceae;g__Faecalibacterium;s__Faecalibacterium prausnitzii_J,blast,91.80,iPHoP-RF;87.90
NODE_546_length_1925_cov_5.366845,RS_GCF_002549755.1,d__Bacteria;p__Firmicutes_A;c__Clostridia;o__Oscillospirales;f__Ruminococcaceae;g__Faecalibacterium;s__Faecalibacterium prausnitzii_D,blast,91.60,iPHoP-RF;84.20
NODE_546_length_1925_cov_5.366845,RS_GCF_003324185.1,d__Bacteria;p__Firmicutes_A;c__Clostridia;o__Oscillospirales;f__Ruminococcaceae;g__Faecalibacterium;s__Faecalibacterium prausnitzii,blast,91.00,iPHoP-RF;87.00
NODE_546_length_1925_cov_5.366845,GB_GCA_004558805.1,d__Bacteria;p__Firmicutes_A;c__Clostridia;o__Oscillospirales;f__Ruminococcaceae;g__Faecalibacterium;s__Faecalibacterium prausnitzii_M,blast,90.30,None
NODE_546_length_1925_cov_5.366845,RS_GCF_003293635.1,d__Bacteria;p__Firmicutes_A;c__Clostridia;o__Oscillospirales;f__Ruminococcaceae;g__Faecalibacterium;s__Faecalibacterium prausnitzii_G,blast,90.00,iPHoP-RF;77.30
NODE_548_length_3700_cov_5.648011,RS_GCF_000960995.1,d__Bacteria;p__Proteobacteria;c__Gammaproteobacteria;o__Burkholderiales;f__Burkholderiaceae;g__Burkholderia;s__Burkholderia glumae,blast,92.80,iPHoP-RF;92.40
NODE_548_length_3700_cov_5.648011,RS_GCF_900230185.1,d__Bacteria;p__Proteobacteria;c__Gammaproteobacteria;o__Burkholderiales;f__Burkholderiaceae;g__Paraburkholderia;s__Paraburkholderia sp900230185,iPHoP-RF,90.10,None
NODE_549_length_3695_cov_5.244231,RS_GCF_900446215.1,d__Bacteria;p__Proteobacteria;c__Gammaproteobacteria;o__Burkholderiales;f__Burkholderiaceae;g__Burkholderia;s__Burkholderia cenocepacia,blast,92.90,iPHoP-RF;88.20
NODE_549_length_3695_cov_5.244231,RS_GCF_000960995.1,d__Bacteria;p__Proteobacteria;c__Gammaproteobacteria;o__Burkholderiales;f__Burkholderiaceae;g__Burkholderia;s__Burkholderia glumae,blast,92.10,iPHoP-RF;80.00
NODE_549_length_3695_cov_5.244231,RS_GCF_003711145.1,d__Bacteria;p__Proteobacteria;c__Gammaproteobacteria;o__Burkholderiales;f__Burkholderiaceae;g__Burkholderia;s__Burkholderia cepacia_E,blast,91.80,iPHoP-RF;83.90
NODE_549_length_3695_cov_5.244231,RS_GCF_902459685.1,d__Bacteria;p__Proteobacteria;c__Gammaproteobacteria;o__Burkholderiales;f__Burkholderiaceae;g__Pandoraea;s__Pandoraea iniqua,blast,90.70,None
NODE_54_length_34912_cov_29.430989,RS_GCF_000208585.1,d__Bacteria;p__Proteobacteria;c__Gammaproteobacteria;o__Enterobacterales;f__Enterobacteriaceae;g__Escherichia;s__Escherichia sp000208585,blast,97.60,iPHoP-RF;95.70
NODE_54_length_34912_cov_29.430989,RS_GCF_001660175.1,d__Bacteria;p__Proteobacteria;c__Gammaproteobacteria;o__Enterobacterales;f__Enterobacteriaceae;g__Escherichia;s__Escherichia sp001660175,blast,97.60,iPHoP-RF;96.40
NODE_54_length_34912_cov_29.430989,RS_GCF_002900365.1,d__Bacteria;p__Proteobacteria;c__Gammaproteobacteria;o__Enterobacterales;f__Enterobacteriaceae;g__Escherichia;s__Escherichia marmotae,blast,97.60,iPHoP-RF;96.40
NODE_54_length_34912_cov_29.430989,RS_GCF_002949675.1,d__Bacteria;p__Proteobacteria;c__Gammaproteobacteria;o__Enterobacterales;f__Enterobacteriaceae;g__Escherichia;s__Escherichia dysenteriae,blast,97.60,iPHoP-RF;96.70
NODE_54_length_34912_cov_29.430989,RS_GCF_002965065.1,d__Bacteria;p__Proteobacteria;c__Gammaproteobacteria;o__Enterobacterales;f__Enterobacteriaceae;g__Escherichia;s__Escherichia sp002965065,blast,97.60,iPHoP-RF;96.70
NODE_54_length_34912_cov_29.430989,RS_GCF_003697165.2,d__Bacteria;p__Proteobacteria;c__Gammaproteobacteria;o__Enterobacterales;f__Enterobacteriaceae;g__Escherichia;s__Escherichia coli,blast,97.60,iPHoP-RF;96.70
NODE_54_length_34912_cov_29.430989,RS_GCF_000026325.1,d__Bacteria;p__Proteobacteria;c__Gammaproteobacteria;o__Enterobacterales;f__Enterobacteriaceae;g__Escherichia;s__Escherichia coli_D,blast,97.50,iPHoP-RF;95.70
NODE_54_length_34912_cov_29.430989,GB_GCA_003018335.1,d__Bacteria;p__Proteobacteria;c__Gammaproteobacteria;o__Enterobacterales;f__Enterobacteriaceae;g__Escherichia;s__Escherichia coli_C,iPHoP-RF,96.70,None
NODE_54_length_34912_cov_29.430989,RS_GCF_011881725.1,d__Bacteria;p__Proteobacteria;c__Gammaproteobacteria;o__Enterobacterales;f__Enterobacteriaceae;g__Escherichia;s__Escherichia coli_E,iPHoP-RF,96.70,None
NODE_54_length_34912_cov_29.430989,RS_GCF_002950215.1,d__Bacteria;p__Proteobacteria;c__Gammaproteobacteria;o__Enterobacterales;f__Enterobacteriaceae;g__Escherichia;s__Escherichia flexneri,blast,96.20,iPHoP-RF;96.10
NODE_54_length_34912_cov_29.430989,RS_GCF_005843885.1,d__Bacteria;p__Proteobacteria;c__Gammaproteobacteria;o__Enterobacterales;f__Enterobacteriaceae;g__Escherichia;s__Escherichia sp005843885,iPHoP-RF,96.10,None
NODE_54_length_34912_cov_29.430989,RS_GCF_000759775.1,d__Bacteria;p__Proteobacteria;c__Gammaproteobacteria;o__Enterobacterales;f__Enterobacteriaceae;g__Escherichia;s__Escherichia albertii,iPHoP-RF,95.40,None
NODE_54_length_34912_cov_29.430989,RS_GCF_004211955.1,d__Bacteria;p__Proteobacteria;c__Gammaproteobacteria;o__Enterobacterales;f__Enterobacteriaceae;g__Escherichia;s__Escherichia sp004211955,iPHoP-RF,95.40,None
NODE_54_length_34912_cov_29.430989,RS_GCF_000026225.1,d__Bacteria;p__Proteobacteria;c__Gammaproteobacteria;o__Enterobacterales;f__Enterobacteriaceae;g__Escherichia;s__Escherichia fergusonii,iPHoP-RF,95.10,None
NODE_553_length_1913_cov_3.565124,RS_GCF_001078375.1,d__Bacteria;p__Firmicutes_C;c__Negativicutes;o__Veillonellales;f__Veillonellaceae;g__Veillonella;s__Veillonella tobetsuensis,blast,93.10,iPHoP-RF;50.40
NODE_553_length_1913_cov_3.565124,RS_GCF_002959915.1,d__Bacteria;p__Firmicutes_C;c__Negativicutes;o__Veillonellales;f__Veillonellaceae;g__Veillonella;s__Veillonella atypica,blast,91.80,iPHoP-RF;70.60
NODE_553_length_1913_cov_3.565124,RS_GCF_902810435.1,d__Bacteria;p__Firmicutes_C;c__Negativicutes;o__Veillonellales;f__Veillonellaceae;g__Veillonella;s__Veillonella parvula_A,blast,90.30,iPHoP-RF;56.00
NODE_553_length_1913_cov_3.565124,RS_GCF_900187285.1,d__Bacteria;p__Firmicutes_C;c__Negativicutes;o__Veillonellales;f__Veillonellaceae;g__Veillonella;s__Veillonella rodentium,blast,90.20,iPHoP-RF;61.70
NODE_553_length_3676_cov_7.756145,RS_GCF_001077535.1,d__Bacteria;p__Firmicutes_A;c__Clostridia;o__Peptostreptococcales;f__Peptostreptococcaceae;g__Clostridioides;s__Clostridioides difficile,blast,97.00,iPHoP-RF;82.50 CRISPR;70.40
NODE_553_length_3676_cov_7.756145,RS_GCF_900243075.1,d__Bacteria;p__Firmicutes_A;c__Clostridia;o__Peptostreptococcales;f__Peptostreptococcaceae;g__Clostridioides;s__Clostridioides difficile_D,blast,93.80,iPHoP-RF;83.60
NODE_555_length_1906_cov_3.800108,RS_GCF_902810435.1,d__Bacteria;p__Firmicutes_C;c__Negativicutes;o__Veillonellales;f__Veillonellaceae;g__Veillonella;s__Veillonella parvula_A,blast,92.20,None
NODE_555_length_1906_cov_3.800108,RS_GCF_002959915.1,d__Bacteria;p__Firmicutes_C;c__Negativicutes;o__Veillonellales;f__Veillonellaceae;g__Veillonella;s__Veillonella atypica,blast,91.10,None
NODE_555_length_3670_cov_6.688797,RS_GCF_902499135.1,d__Bacteria;p__Proteobacteria;c__Gammaproteobacteria;o__Burkholderiales;f__Burkholderiaceae;g__Burkholderia;s__Burkholderia dolosa,blast,95.70,None
NODE_555_length_3670_cov_6.688797,RS_GCF_003635165.1,d__Bacteria;p__Proteobacteria;c__Gammaproteobacteria;o__Burkholderiales;f__Burkholderiaceae;g__Burkholderia;s__Burkholderia sp003635165,blast,93.80,iPHoP-RF;73.20
NODE_555_length_3670_cov_6.688797,RS_GCF_001039005.1,d__Bacteria;p__Proteobacteria;c__Gammaproteobacteria;o__Burkholderiales;f__Burkholderiaceae;g__Burkholderia;s__Burkholderia cepacia_C,blast,92.50,None
NODE_555_length_3670_cov_6.688797,RS_GCF_000012365.1,d__Bacteria;p__Proteobacteria;c__Gammaproteobacteria;o__Burkholderiales;f__Burkholderiaceae;g__Burkholderia;s__Burkholderia thailandensis,blast,91.70,None
NODE_555_length_3670_cov_6.688797,RS_GCF_001411495.1,d__Bacteria;p__Proteobacteria;c__Gammaproteobacteria;o__Burkholderiales;f__Burkholderiaceae;g__Burkholderia;s__Burkholderia cepacia,blast,91.40,iPHoP-RF;62.50
NODE_555_length_3670_cov_6.688797,RS_GCF_002099195.1,d__Bacteria;p__Proteobacteria;c__Gammaproteobacteria;o__Burkholderiales;f__Burkholderiaceae;g__Burkholderia;s__Burkholderia puraquae,blast,91.30,iPHoP-RF;69.80
NODE_555_length_3670_cov_6.688797,RS_GCF_902833045.1,d__Bacteria;p__Proteobacteria;c__Gammaproteobacteria;o__Burkholderiales;f__Burkholderiaceae;g__Burkholderia;s__Burkholderia sp902833045,blast,91.30,iPHoP-RF;62.70
NODE_555_length_3670_cov_6.688797,RS_GCF_014211915.1,d__Bacteria;p__Proteobacteria;c__Gammaproteobacteria;o__Burkholderiales;f__Burkholderiaceae;g__Burkholderia;s__Burkholderia cenocepacia_B,blast,91.20,iPHoP-RF;60.90
NODE_555_length_3670_cov_6.688797,2534681962,d__Bacteria;p__Proteobacteria;c__Gammaproteobacteria;o__Burkholderiales;f__Burkholderiaceae;g__Burkholderia;s__,blast,91.00,None
NODE_555_length_3670_cov_6.688797,RS_GCF_001547525.1,d__Bacteria;p__Proteobacteria;c__Gammaproteobacteria;o__Burkholderiales;f__Burkholderiaceae;g__Burkholderia;s__Burkholderia anthina_A,blast,90.90,iPHoP-RF;56.80
NODE_555_length_3670_cov_6.688797,RS_GCF_000292915.1,d__Bacteria;p__Proteobacteria;c__Gammaproteobacteria;o__Burkholderiales;f__Burkholderiaceae;g__Burkholderia;s__Burkholderia cepacia_D,blast,90.50,iPHoP-RF;65.10
NODE_555_length_3670_cov_6.688797,RS_GCF_000949135.2,d__Bacteria;p__Proteobacteria;c__Gammaproteobacteria;o__Burkholderiales;f__Burkholderiaceae;g__Burkholderia;s__Burkholderia sp000949135,blast,90.50,iPHoP-RF;68.90
NODE_555_length_3670_cov_6.688797,RS_GCF_001718315.1,d__Bacteria;p__Proteobacteria;c__Gammaproteobacteria;o__Burkholderiales;f__Burkholderiaceae;g__Burkholderia;s__Burkholderia diffusa_B,blast,90.50,iPHoP-RF;71.30
NODE_555_length_3670_cov_6.688797,RS_GCF_902499045.1,d__Bacteria;p__Proteobacteria;c__Gammaproteobacteria;o__Burkholderiales;f__Burkholderiaceae;g__Burkholderia;s__Burkholderia latens,blast,90.50,iPHoP-RF;72.60
NODE_555_length_3670_cov_6.688797,RS_GCF_902499115.1,d__Bacteria;p__Proteobacteria;c__Gammaproteobacteria;o__Burkholderiales;f__Burkholderiaceae;g__Burkholderia;s__Burkholderia diffusa,blast,90.50,iPHoP-RF;68.60
NODE_555_length_3670_cov_6.688797,RS_GCF_902833055.1,d__Bacteria;p__Proteobacteria;c__Gammaproteobacteria;o__Burkholderiales;f__Burkholderiaceae;g__Burkholderia;s__Burkholderia territorii,blast,90.50,iPHoP-RF;70.60
NODE_555_length_3670_cov_6.688797,RS_GCF_000959525.1,d__Bacteria;p__Proteobacteria;c__Gammaproteobacteria;o__Burkholderiales;f__Burkholderiaceae;g__Burkholderia;s__Burkholderia multivorans,blast,90.40,None
NODE_555_length_3670_cov_6.688797,RS_GCF_001718795.1,d__Bacteria;p__Proteobacteria;c__Gammaproteobacteria;o__Burkholderiales;f__Burkholderiaceae;g__Burkholderia;s__Burkholderia latens_A,blast,90.20,iPHoP-RF;61.90
NODE_555_length_3670_cov_6.688797,RS_GCF_000732615.1,d__Bacteria;p__Proteobacteria;c__Gammaproteobacteria;o__Burkholderiales;f__Burkholderiaceae;g__Burkholderia;s__Burkholderia paludis,blast,90.00,iPHoP-RF;67.50
NODE_555_length_3670_cov_6.688797,RS_GCF_001028665.1,d__Bacteria;p__Proteobacteria;c__Gammaproteobacteria;o__Burkholderiales;f__Burkholderiaceae;g__Burkholderia;s__Burkholderia pyrrocinia,blast,90.00,iPHoP-RF;59.50
NODE_555_length_3670_cov_6.688797,RS_GCF_003853705.1,d__Bacteria;p__Proteobacteria;c__Gammaproteobacteria;o__Burkholderiales;f__Burkholderiaceae;g__Burkholderia;s__Burkholderia sp003853705,blast,90.00,iPHoP-RF;57.10
NODE_555_length_3670_cov_6.688797,RS_GCF_902499125.1,d__Bacteria;p__Proteobacteria;c__Gammaproteobacteria;o__Burkholderiales;f__Burkholderiaceae;g__Burkholderia;s__Burkholderia arboris,blast,90.00,iPHoP-RF;59.80
NODE_555_length_3670_cov_6.688797,RS_GCF_902833225.1,d__Bacteria;p__Proteobacteria;c__Gammaproteobacteria;o__Burkholderiales;f__Burkholderiaceae;g__Burkholderia;s__Burkholderia sp902833225,blast,90.00,iPHoP-RF;60.90
NODE_557_length_5115_cov_5.282806,RS_GCF_008121495.1,d__Bacteria;p__Firmicutes_A;c__Clostridia;o__Lachnospirales;f__Lachnospiraceae;g__Ruminococcus_B;s__Ruminococcus_B gnavus,blast,93.50,iPHoP-RF;76.10
NODE_557_length_5115_cov_5.282806,RS_GCF_000332875.2,d__Bacteria;p__Firmicutes_A;c__Clostridia;o__Lachnospirales;f__Lachnospiraceae;g__Anaerostipes;s__Anaerostipes hadrus,blast,90.70,None
NODE_560_length_4789_cov_18.278411,RS_GCF_014131695.1,d__Bacteria;p__Firmicutes;c__Bacilli;o__Erysipelotrichales;f__Erysipelatoclostridiaceae;g__Erysipelatoclostridium;s__Erysipelatoclostridium ramosum,blast,96.60,CRISPR;67.30
NODE_563_length_2691_cov_2.252656,RS_GCF_014131695.1,d__Bacteria;p__Firmicutes;c__Bacilli;o__Erysipelotrichales;f__Erysipelatoclostridiaceae;g__Erysipelatoclostridium;s__Erysipelatoclostridium ramosum,blast,91.60,iPHoP-RF;64.80
NODE_570_length_1857_cov_4.398446,RS_GCF_001113365.1,d__Bacteria;p__Firmicutes;c__Bacilli;o__Lactobacillales;f__Streptococcaceae;g__Streptococcus;s__Streptococcus pneumoniae_C,blast,93.90,iPHoP-RF;77.50
NODE_570_length_1857_cov_4.398446,RS_GCF_000148525.1,d__Bacteria;p__Firmicutes;c__Bacilli;o__Lactobacillales;f__Streptococcaceae;g__Streptococcus;s__Streptococcus mitis_H,blast,92.10,iPHoP-RF;77.10
NODE_570_length_1857_cov_4.398446,RS_GCF_001560895.1,d__Bacteria;p__Firmicutes;c__Bacilli;o__Lactobacillales;f__Streptococcaceae;g__Streptococcus;s__Streptococcus mitis_Q,blast,92.10,iPHoP-RF;77.50
NODE_570_length_1857_cov_4.398446,RS_GCF_007475365.1,d__Bacteria;p__Firmicutes;c__Bacilli;o__Lactobacillales;f__Streptococcaceae;g__Streptococcus;s__Streptococcus mitis_AX,blast,90.80,iPHoP-RF;75.00
NODE_571_length_3354_cov_5.051228,RS_GCF_003711145.1,d__Bacteria;p__Proteobacteria;c__Gammaproteobacteria;o__Burkholderiales;f__Burkholderiaceae;g__Burkholderia;s__Burkholderia cepacia_E,blast,93.70,iPHoP-RF;92.40
NODE_571_length_3354_cov_5.051228,RS_GCF_000960995.1,d__Bacteria;p__Proteobacteria;c__Gammaproteobacteria;o__Burkholderiales;f__Burkholderiaceae;g__Burkholderia;s__Burkholderia glumae,iPHoP-RF,93.10,blast;92.40
NODE_571_length_3354_cov_5.051228,RS_GCF_001028175.1,d__Bacteria;p__Proteobacteria;c__Gammaproteobacteria;o__Burkholderiales;f__Burkholderiaceae;g__Caballeronia;s__Caballeronia mineralivorans,iPHoP-RF,91.80,None
NODE_571_length_3354_cov_5.051228,RS_GCF_900019265.1,d__Bacteria;p__Proteobacteria;c__Gammaproteobacteria;o__Burkholderiales;f__Burkholderiaceae;g__Paraburkholderia;s__Paraburkholderia ribeironis,iPHoP-RF,90.80,None
NODE_571_length_3354_cov_5.051228,RS_GCF_900446215.1,d__Bacteria;p__Proteobacteria;c__Gammaproteobacteria;o__Burkholderiales;f__Burkholderiaceae;g__Burkholderia;s__Burkholderia cenocepacia,iPHoP-RF,90.80,blast;90.10
NODE_574_length_2544_cov_6.745279,RS_GCF_014131695.1,d__Bacteria;p__Firmicutes;c__Bacilli;o__Erysipelotrichales;f__Erysipelatoclostridiaceae;g__Erysipelatoclostridium;s__Erysipelatoclostridium ramosum,blast,96.10,iPHoP-RF;74.60
NODE_583_length_1290_cov_6.379757,RS_GCF_001077535.1,d__Bacteria;p__Firmicutes_A;c__Clostridia;o__Peptostreptococcales;f__Peptostreptococcaceae;g__Clostridioides;s__Clostridioides difficile,blast,98.80,iPHoP-RF;91.10
NODE_583_length_1290_cov_6.379757,RS_GCF_900243075.1,d__Bacteria;p__Firmicutes_A;c__Clostridia;o__Peptostreptococcales;f__Peptostreptococcaceae;g__Clostridioides;s__Clostridioides difficile_D,blast,97.70,iPHoP-RF;84.20
NODE_583_length_1290_cov_6.379757,RS_GCF_000449425.2,d__Bacteria;p__Firmicutes_A;c__Clostridia;o__Peptostreptococcales;f__Peptostreptococcaceae;g__Clostridioides;s__Clostridioides difficile_E,blast,91.10,iPHoP-RF;82.20
NODE_584_length_2507_cov_6.861338,RS_GCF_014131695.1,d__Bacteria;p__Firmicutes;c__Bacilli;o__Erysipelotrichales;f__Erysipelatoclostridiaceae;g__Erysipelatoclostridium;s__Erysipelatoclostridium ramosum,blast,93.40,iPHoP-RF;65.30
NODE_584_length_3756_cov_5.057822,RS_GCF_000026325.1,d__Bacteria;p__Proteobacteria;c__Gammaproteobacteria;o__Enterobacterales;f__Enterobacteriaceae;g__Escherichia;s__Escherichia coli_D,iPHoP-RF,97.10,blast;94.00
NODE_584_length_3756_cov_5.057822,RS_GCF_000208585.1,d__Bacteria;p__Proteobacteria;c__Gammaproteobacteria;o__Enterobacterales;f__Enterobacteriaceae;g__Escherichia;s__Escherichia sp000208585,iPHoP-RF,96.70,blast;91.10
NODE_584_length_3756_cov_5.057822,RS_GCF_004211955.1,d__Bacteria;p__Proteobacteria;c__Gammaproteobacteria;o__Enterobacterales;f__Enterobacteriaceae;g__Escherichia;s__Escherichia sp004211955,iPHoP-RF,96.70,None
NODE_584_length_3756_cov_5.057822,RS_GCF_005843885.1,d__Bacteria;p__Proteobacteria;c__Gammaproteobacteria;o__Enterobacterales;f__Enterobacteriaceae;g__Escherichia;s__Escherichia sp005843885,iPHoP-RF,96.70,blast;91.10
NODE_584_length_3756_cov_5.057822,RS_GCF_011881725.1,d__Bacteria;p__Proteobacteria;c__Gammaproteobacteria;o__Enterobacterales;f__Enterobacteriaceae;g__Escherichia;s__Escherichia coli_E,iPHoP-RF,96.70,None
NODE_584_length_3756_cov_5.057822,GB_GCA_003018335.1,d__Bacteria;p__Proteobacteria;c__Gammaproteobacteria;o__Enterobacterales;f__Enterobacteriaceae;g__Escherichia;s__Escherichia coli_C,iPHoP-RF,96.40,None
NODE_584_length_3756_cov_5.057822,RS_GCF_002950215.1,d__Bacteria;p__Proteobacteria;c__Gammaproteobacteria;o__Enterobacterales;f__Enterobacteriaceae;g__Escherichia;s__Escherichia flexneri,iPHoP-RF,96.40,blast;92.30
NODE_584_length_3756_cov_5.057822,RS_GCF_000026225.1,d__Bacteria;p__Proteobacteria;c__Gammaproteobacteria;o__Enterobacterales;f__Enterobacteriaceae;g__Escherichia;s__Escherichia fergusonii,iPHoP-RF,96.10,blast;91.30
NODE_584_length_3756_cov_5.057822,RS_GCF_001660175.1,d__Bacteria;p__Proteobacteria;c__Gammaproteobacteria;o__Enterobacterales;f__Enterobacteriaceae;g__Escherichia;s__Escherichia sp001660175,iPHoP-RF,96.10,blast;91.10
NODE_584_length_3756_cov_5.057822,RS_GCF_002949675.1,d__Bacteria;p__Proteobacteria;c__Gammaproteobacteria;o__Enterobacterales;f__Enterobacteriaceae;g__Escherichia;s__Escherichia dysenteriae,iPHoP-RF,96.10,None
NODE_584_length_3756_cov_5.057822,RS_GCF_002965065.1,d__Bacteria;p__Proteobacteria;c__Gammaproteobacteria;o__Enterobacterales;f__Enterobacteriaceae;g__Escherichia;s__Escherichia sp002965065,iPHoP-RF,96.10,None
NODE_584_length_3756_cov_5.057822,RS_GCF_003697165.2,d__Bacteria;p__Proteobacteria;c__Gammaproteobacteria;o__Enterobacterales;f__Enterobacteriaceae;g__Escherichia;s__Escherichia coli,iPHoP-RF,95.70,blast;91.80
NODE_584_length_3756_cov_5.057822,RS_GCF_002900365.1,d__Bacteria;p__Proteobacteria;c__Gammaproteobacteria;o__Enterobacterales;f__Enterobacteriaceae;g__Escherichia;s__Escherichia marmotae,iPHoP-RF,95.10,None
NODE_586_length_1182_cov_2.115350,RS_GCF_000026225.1,d__Bacteria;p__Proteobacteria;c__Gammaproteobacteria;o__Enterobacterales;f__Enterobacteriaceae;g__Escherichia;s__Escherichia fergusonii,iPHoP-RF,95.10,blast;95.00
NODE_586_length_1182_cov_2.115350,RS_GCF_001660175.1,d__Bacteria;p__Proteobacteria;c__Gammaproteobacteria;o__Enterobacterales;f__Enterobacteriaceae;g__Escherichia;s__Escherichia sp001660175,iPHoP-RF,95.10,blast;94.30
NODE_586_length_1182_cov_2.115350,RS_GCF_003697165.2,d__Bacteria;p__Proteobacteria;c__Gammaproteobacteria;o__Enterobacterales;f__Enterobacteriaceae;g__Escherichia;s__Escherichia coli,blast,95.10,iPHoP-RF;94.70
NODE_586_length_1182_cov_2.115350,RS_GCF_011881725.1,d__Bacteria;p__Proteobacteria;c__Gammaproteobacteria;o__Enterobacterales;f__Enterobacteriaceae;g__Escherichia;s__Escherichia coli_E,blast,95.10,iPHoP-RF;94.10
NODE_586_length_1182_cov_2.115350,RS_GCF_000026325.1,d__Bacteria;p__Proteobacteria;c__Gammaproteobacteria;o__Enterobacterales;f__Enterobacteriaceae;g__Escherichia;s__Escherichia coli_D,blast,95.00,iPHoP-RF;93.40
NODE_586_length_1182_cov_2.115350,RS_GCF_002949675.1,d__Bacteria;p__Proteobacteria;c__Gammaproteobacteria;o__Enterobacterales;f__Enterobacteriaceae;g__Escherichia;s__Escherichia dysenteriae,blast,95.00,iPHoP-RF;93.10
NODE_586_length_1182_cov_2.115350,RS_GCF_002950215.1,d__Bacteria;p__Proteobacteria;c__Gammaproteobacteria;o__Enterobacterales;f__Enterobacteriaceae;g__Escherichia;s__Escherichia flexneri,blast,95.00,iPHoP-RF;93.70
NODE_586_length_1182_cov_2.115350,RS_GCF_004211955.1,d__Bacteria;p__Proteobacteria;c__Gammaproteobacteria;o__Enterobacterales;f__Enterobacteriaceae;g__Escherichia;s__Escherichia sp004211955,blast,95.00,iPHoP-RF;94.40
NODE_586_length_1182_cov_2.115350,RS_GCF_002900365.1,d__Bacteria;p__Proteobacteria;c__Gammaproteobacteria;o__Enterobacterales;f__Enterobacteriaceae;g__Escherichia;s__Escherichia marmotae,blast,94.40,iPHoP-RF;93.70
NODE_586_length_1182_cov_2.115350,GB_GCA_003018335.1,d__Bacteria;p__Proteobacteria;c__Gammaproteobacteria;o__Enterobacterales;f__Enterobacteriaceae;g__Escherichia;s__Escherichia coli_C,iPHoP-RF,94.10,None
NODE_58_length_15457_cov_7.392611,RS_GCF_011881725.1,d__Bacteria;p__Proteobacteria;c__Gammaproteobacteria;o__Enterobacterales;f__Enterobacteriaceae;g__Escherichia;s__Escherichia coli_E,iPHoP-RF,97.10,None
NODE_58_length_15457_cov_7.392611,RS_GCF_000026325.1,d__Bacteria;p__Proteobacteria;c__Gammaproteobacteria;o__Enterobacterales;f__Enterobacteriaceae;g__Escherichia;s__Escherichia coli_D,blast,96.90,iPHoP-RF;96.40
NODE_58_length_15457_cov_7.392611,RS_GCF_002949675.1,d__Bacteria;p__Proteobacteria;c__Gammaproteobacteria;o__Enterobacterales;f__Enterobacteriaceae;g__Escherichia;s__Escherichia dysenteriae,blast,96.90,iPHoP-RF;96.40
NODE_58_length_15457_cov_7.392611,RS_GCF_002950215.1,d__Bacteria;p__Proteobacteria;c__Gammaproteobacteria;o__Enterobacterales;f__Enterobacteriaceae;g__Escherichia;s__Escherichia flexneri,blast,96.90,iPHoP-RF;96.70
NODE_58_length_15457_cov_7.392611,RS_GCF_003697165.2,d__Bacteria;p__Proteobacteria;c__Gammaproteobacteria;o__Enterobacterales;f__Enterobacteriaceae;g__Escherichia;s__Escherichia coli,blast,96.90,iPHoP-RF;96.70
NODE_58_length_15457_cov_7.392611,RS_GCF_000208585.1,d__Bacteria;p__Proteobacteria;c__Gammaproteobacteria;o__Enterobacterales;f__Enterobacteriaceae;g__Escherichia;s__Escherichia sp000208585,iPHoP-RF,96.70,None
NODE_58_length_15457_cov_7.392611,RS_GCF_002900365.1,d__Bacteria;p__Proteobacteria;c__Gammaproteobacteria;o__Enterobacterales;f__Enterobacteriaceae;g__Escherichia;s__Escherichia marmotae,iPHoP-RF,96.70,None
NODE_58_length_15457_cov_7.392611,RS_GCF_004211955.1,d__Bacteria;p__Proteobacteria;c__Gammaproteobacteria;o__Enterobacterales;f__Enterobacteriaceae;g__Escherichia;s__Escherichia sp004211955,iPHoP-RF,96.70,None
NODE_58_length_15457_cov_7.392611,GB_GCA_003018335.1,d__Bacteria;p__Proteobacteria;c__Gammaproteobacteria;o__Enterobacterales;f__Enterobacteriaceae;g__Escherichia;s__Escherichia coli_C,iPHoP-RF,96.40,None
NODE_58_length_15457_cov_7.392611,RS_GCF_001660175.1,d__Bacteria;p__Proteobacteria;c__Gammaproteobacteria;o__Enterobacterales;f__Enterobacteriaceae;g__Escherichia;s__Escherichia sp001660175,iPHoP-RF,96.40,None
NODE_58_length_15457_cov_7.392611,RS_GCF_002965065.1,d__Bacteria;p__Proteobacteria;c__Gammaproteobacteria;o__Enterobacterales;f__Enterobacteriaceae;g__Escherichia;s__Escherichia sp002965065,iPHoP-RF,96.40,None
NODE_58_length_15457_cov_7.392611,RS_GCF_000026225.1,d__Bacteria;p__Proteobacteria;c__Gammaproteobacteria;o__Enterobacterales;f__Enterobacteriaceae;g__Escherichia;s__Escherichia fergusonii,iPHoP-RF,95.40,None
NODE_58_length_15457_cov_7.392611,RS_GCF_005843885.1,d__Bacteria;p__Proteobacteria;c__Gammaproteobacteria;o__Enterobacterales;f__Enterobacteriaceae;g__Escherichia;s__Escherichia sp005843885,iPHoP-RF,95.40,None
NODE_58_length_8379_cov_10.701225,RS_GCF_002222615.2,d__Bacteria;p__Bacteroidota;c__Bacteroidia;o__Bacteroidales;f__Bacteroidaceae;g__Bacteroides;s__Bacteroides caccae,iPHoP-RF,94.40,blast;92.20
NODE_58_length_8379_cov_10.701225,RS_GCF_000156195.1,d__Bacteria;p__Bacteroidota;c__Bacteroidia;o__Bacteroidales;f__Bacteroidaceae;g__Bacteroides;s__Bacteroides finegoldii,iPHoP-RF,93.70,blast;89.60
NODE_58_length_8379_cov_10.701225,RS_GCF_009193325.2,d__Bacteria;p__Bacteroidota;c__Bacteroidia;o__Bacteroidales;f__Bacteroidaceae;g__Bacteroides;s__Bacteroides sp900066265,iPHoP-RF,92.40,blast;89.60
NODE_596_length_3718_cov_2.839476,RS_GCF_014131695.1,d__Bacteria;p__Firmicutes;c__Bacilli;o__Erysipelotrichales;f__Erysipelatoclostridiaceae;g__Erysipelatoclostridium;s__Erysipelatoclostridium ramosum,blast,95.90,iPHoP-RF;90.10
NODE_596_length_3718_cov_2.839476,RS_GCF_000508865.1,d__Bacteria;p__Firmicutes;c__Bacilli;o__Erysipelotrichales;f__Erysipelatoclostridiaceae;g__Erysipelatoclostridium;s__Erysipelatoclostridium sp000508865,blast,91.10,iPHoP-RF;62.70
NODE_596_length_3718_cov_2.839476,RS_GCF_000686665.1,d__Bacteria;p__Firmicutes;c__Bacilli;o__Erysipelotrichales;f__Erysipelatoclostridiaceae;g__Erysipelatoclostridium;s__Erysipelatoclostridium saccharogumia,blast,90.70,iPHoP-RF;56.80
NODE_596_length_3718_cov_2.839476,RS_GCF_900102365.1,d__Bacteria;p__Firmicutes;c__Bacilli;o__Erysipelotrichales;f__Erysipelatoclostridiaceae;g__Erysipelatoclostridium;s__Erysipelatoclostridium cocleatum,blast,90.70,iPHoP-RF;56.20
NODE_596_length_3718_cov_2.839476,RS_GCF_000154805.1,d__Bacteria;p__Firmicutes;c__Bacilli;o__Erysipelotrichales;f__Erysipelatoclostridiaceae;g__Erysipelatoclostridium;s__Erysipelatoclostridium spiroforme,blast,90.30,iPHoP-RF;62.50
NODE_598_length_4398_cov_5.399033,RS_GCF_000026325.1,d__Bacteria;p__Proteobacteria;c__Gammaproteobacteria;o__Enterobacterales;f__Enterobacteriaceae;g__Escherichia;s__Escherichia coli_D,blast,96.70,iPHoP-RF;89.80
NODE_598_length_4398_cov_5.399033,RS_GCF_000208585.1,d__Bacteria;p__Proteobacteria;c__Gammaproteobacteria;o__Enterobacterales;f__Enterobacteriaceae;g__Escherichia;s__Escherichia sp000208585,blast,96.70,iPHoP-RF;89.20
NODE_598_length_4398_cov_5.399033,RS_GCF_000759775.1,d__Bacteria;p__Proteobacteria;c__Gammaproteobacteria;o__Enterobacterales;f__Enterobacteriaceae;g__Escherichia;s__Escherichia albertii,blast,96.70,iPHoP-RF;84.50
NODE_598_length_4398_cov_5.399033,RS_GCF_002900365.1,d__Bacteria;p__Proteobacteria;c__Gammaproteobacteria;o__Enterobacterales;f__Enterobacteriaceae;g__Escherichia;s__Escherichia marmotae,blast,96.70,iPHoP-RF;89.20
NODE_598_length_4398_cov_5.399033,RS_GCF_002949675.1,d__Bacteria;p__Proteobacteria;c__Gammaproteobacteria;o__Enterobacterales;f__Enterobacteriaceae;g__Escherichia;s__Escherichia dysenteriae,blast,96.70,iPHoP-RF;89.20
NODE_598_length_4398_cov_5.399033,RS_GCF_002950215.1,d__Bacteria;p__Proteobacteria;c__Gammaproteobacteria;o__Enterobacterales;f__Enterobacteriaceae;g__Escherichia;s__Escherichia flexneri,blast,96.70,iPHoP-RF;87.60
NODE_598_length_4398_cov_5.399033,RS_GCF_003697165.2,d__Bacteria;p__Proteobacteria;c__Gammaproteobacteria;o__Enterobacterales;f__Enterobacteriaceae;g__Escherichia;s__Escherichia coli,blast,96.70,iPHoP-RF;89.20
NODE_598_length_4398_cov_5.399033,RS_GCF_000026225.1,d__Bacteria;p__Proteobacteria;c__Gammaproteobacteria;o__Enterobacterales;f__Enterobacteriaceae;g__Escherichia;s__Escherichia fergusonii,blast,96.60,iPHoP-RF;83.10
NODE_598_length_4398_cov_5.399033,RS_GCF_004211955.1,d__Bacteria;p__Proteobacteria;c__Gammaproteobacteria;o__Enterobacterales;f__Enterobacteriaceae;g__Escherichia;s__Escherichia sp004211955,blast,96.60,iPHoP-RF;87.00
NODE_599_length_2887_cov_3.658898,RS_GCF_001544255.1,d__Bacteria;p__Firmicutes;c__Bacilli;o__Lactobacillales;f__Enterococcaceae;g__Enterococcus_B;s__Enterococcus_B faecium,blast,94.80,iPHoP-RF;89.50
NODE_599_length_2887_cov_3.658898,RS_GCF_009735405.1,d__Bacteria;p__Firmicutes;c__Bacilli;o__Lactobacillales;f__Enterococcaceae;g__Enterococcus_B;s__Enterococcus_B lactis,blast,92.90,iPHoP-RF;88.90
NODE_599_length_2887_cov_3.658898,RS_GCF_002141365.1,d__Bacteria;p__Firmicutes;c__Bacilli;o__Lactobacillales;f__Enterococcaceae;g__Enterococcus;s__Enterococcus sp002141365,iPHoP-RF,91.40,None
NODE_599_length_2887_cov_3.658898,RS_GCF_013394305.1,d__Bacteria;p__Firmicutes;c__Bacilli;o__Lactobacillales;f__Enterococcaceae;g__Enterococcus_B;s__Enterococcus_B pernyi,blast,90.90,iPHoP-RF;77.80
NODE_599_length_2887_cov_3.658898,RS_GCF_001544215.1,d__Bacteria;p__Firmicutes;c__Bacilli;o__Lactobacillales;f__Enterococcaceae;g__Enterococcus_B;s__Enterococcus_B durans,blast,90.30,iPHoP-RF;69.50
NODE_599_length_2887_cov_3.658898,RS_GCF_002947535.1,d__Bacteria;p__Firmicutes;c__Bacilli;o__Lactobacillales;f__Enterococcaceae;g__Enterococcus_B;s__Enterococcus_B mundtii_B,blast,90.20,iPHoP-RF;78.70
NODE_5_length_46372_cov_36.578254,RS_GCF_000722695.1,d__Bacteria;p__Firmicutes;c__Bacilli;o__Lactobacillales;f__Streptococcaceae;g__Streptococcus;s__Streptococcus mitis_O,CRISPR,99.20,None
NODE_5_length_46372_cov_36.578254,RS_GCF_009496155.1,d__Bacteria;p__Firmicutes;c__Bacilli;o__Lactobacillales;f__Streptococcaceae;g__Streptococcus;s__Streptococcus mitis_BQ,CRISPR,99.10,None
NODE_5_length_46372_cov_36.578254,RS_GCF_000146585.1,d__Bacteria;p__Firmicutes;c__Bacilli;o__Lactobacillales;f__Streptococcaceae;g__Streptococcus;s__Streptococcus mitis_AZ,CRISPR,99.00,None
NODE_5_length_46372_cov_36.578254,RS_GCF_000722685.1,d__Bacteria;p__Firmicutes;c__Bacilli;o__Lactobacillales;f__Streptococcaceae;g__Streptococcus;s__Streptococcus mitis_M,CRISPR,99.00,None
NODE_5_length_46372_cov_36.578254,RS_GCF_001073085.1,d__Bacteria;p__Firmicutes;c__Bacilli;o__Lactobacillales;f__Streptococcaceae;g__Streptococcus;s__Streptococcus pseudopneumoniae_M,CRISPR,99.00,None
NODE_5_length_46372_cov_36.578254,RS_GCF_001074565.1,d__Bacteria;p__Firmicutes;c__Bacilli;o__Lactobacillales;f__Streptococcaceae;g__Streptococcus;s__Streptococcus pseudopneumoniae_J,CRISPR,99.00,None
NODE_5_length_46372_cov_36.578254,RS_GCF_001983955.1,d__Bacteria;p__Firmicutes;c__Bacilli;o__Lactobacillales;f__Streptococcaceae;g__Streptococcus;s__Streptococcus oralis_H,CRISPR,99.00,None
NODE_5_length_46372_cov_36.578254,RS_GCF_003942765.1,d__Bacteria;p__Firmicutes;c__Bacilli;o__Lactobacillales;f__Streptococcaceae;g__Streptococcus;s__Streptococcus mitis_BE,CRISPR,99.00,None
NODE_5_length_46372_cov_36.578254,RS_GCF_013305725.1,d__Bacteria;p__Firmicutes;c__Bacilli;o__Lactobacillales;f__Streptococcaceae;g__Streptococcus;s__Streptococcus mitis_BO,CRISPR,99.00,None
NODE_5_length_46372_cov_36.578254,RS_GCF_902702775.1,d__Bacteria;p__Firmicutes;c__Bacilli;o__Lactobacillales;f__Streptococcaceae;g__Streptococcus;s__Streptococcus suis_W,CRISPR,98.80,None
NODE_5_length_46372_cov_36.578254,RS_GCF_000220065.1,d__Bacteria;p__Firmicutes;c__Bacilli;o__Lactobacillales;f__Streptococcaceae;g__Streptococcus;s__Streptococcus sp000220065,CRISPR,98.70,None
NODE_600_length_3523_cov_10.422722,RS_GCF_900243075.1,d__Bacteria;p__Firmicutes_A;c__Clostridia;o__Peptostreptococcales;f__Peptostreptococcaceae;g__Clostridioides;s__Clostridioides difficile_D,iPHoP-RF,96.40,blast;93.90
NODE_600_length_3523_cov_10.422722,RS_GCF_001077535.1,d__Bacteria;p__Firmicutes_A;c__Clostridia;o__Peptostreptococcales;f__Peptostreptococcaceae;g__Clostridioides;s__Clostridioides difficile,iPHoP-RF,96.10,blast;91.70 CRISPR;87.10
NODE_600_length_3523_cov_10.422722,RS_GCF_000449425.2,d__Bacteria;p__Firmicutes_A;c__Clostridia;o__Peptostreptococcales;f__Peptostreptococcaceae;g__Clostridioides;s__Clostridioides difficile_E,iPHoP-RF,93.70,blast;91.70
NODE_600_length_3523_cov_10.422722,RS_GCF_001299635.1,d__Bacteria;p__Firmicutes_A;c__Clostridia;o__Peptostreptococcales;f__Peptostreptococcaceae;g__Clostridioides;s__Clostridioides difficile_A,iPHoP-RF,93.40,CRISPR;87.10
NODE_603_length_3516_cov_4.713667,RS_GCF_001077535.1,d__Bacteria;p__Firmicutes_A;c__Clostridia;o__Peptostreptococcales;f__Peptostreptococcaceae;g__Clostridioides;s__Clostridioides difficile,blast,95.40,iPHoP-RF;84.80 CRISPR;77.70
NODE_603_length_3516_cov_4.713667,RS_GCF_000449425.2,d__Bacteria;p__Firmicutes_A;c__Clostridia;o__Peptostreptococcales;f__Peptostreptococcaceae;g__Clostridioides;s__Clostridioides difficile_E,blast,91.60,iPHoP-RF;82.50
NODE_603_length_3516_cov_4.713667,RS_GCF_001299635.1,d__Bacteria;p__Firmicutes_A;c__Clostridia;o__Peptostreptococcales;f__Peptostreptococcaceae;g__Clostridioides;s__Clostridioides difficile_A,blast,91.60,iPHoP-RF;83.10
NODE_603_length_3516_cov_4.713667,RS_GCF_900243075.1,d__Bacteria;p__Firmicutes_A;c__Clostridia;o__Peptostreptococcales;f__Peptostreptococcaceae;g__Clostridioides;s__Clostridioides difficile_D,blast,91.30,iPHoP-RF;84.50
NODE_605_length_2861_cov_9.588026,RS_GCF_001077535.1,d__Bacteria;p__Firmicutes_A;c__Clostridia;o__Peptostreptococcales;f__Peptostreptococcaceae;g__Clostridioides;s__Clostridioides difficile,blast,97.80,iPHoP-RF;77.50 CRISPR;71.60
NODE_605_length_2861_cov_9.588026,RS_GCF_000449425.2,d__Bacteria;p__Firmicutes_A;c__Clostridia;o__Peptostreptococcales;f__Peptostreptococcaceae;g__Clostridioides;s__Clostridioides difficile_E,blast,92.00,iPHoP-RF;78.50
NODE_605_length_2861_cov_9.588026,RS_GCF_001299635.1,d__Bacteria;p__Firmicutes_A;c__Clostridia;o__Peptostreptococcales;f__Peptostreptococcaceae;g__Clostridioides;s__Clostridioides difficile_A,blast,92.00,iPHoP-RF;76.40
NODE_607_length_1747_cov_3.706856,RS_GCF_003293635.1,d__Bacteria;p__Firmicutes_A;c__Clostridia;o__Oscillospirales;f__Ruminococcaceae;g__Faecalibacterium;s__Faecalibacterium prausnitzii_G,blast,97.00,iPHoP-RF;95.10
NODE_607_length_1747_cov_3.706856,GB_GCA_900758465.1,d__Bacteria;p__Firmicutes_A;c__Clostridia;o__Oscillospirales;f__Ruminococcaceae;g__Faecalibacterium;s__Faecalibacterium sp900758465,iPHoP-RF,95.10,blast;91.40
NODE_607_length_1747_cov_3.706856,GB_GCA_002313795.1,d__Bacteria;p__Firmicutes_A;c__Clostridia;o__Oscillospirales;f__Ruminococcaceae;g__Faecalibacterium;s__Faecalibacterium prausnitzii_L,blast,92.60,iPHoP-RF;74.10
NODE_607_length_1747_cov_3.706856,3300014956_14,d__Bacteria;p__Firmicutes_A;c__Clostridia;o__Oscillospirales;f__Ruminococcaceae;g__Faecalibacterium;s__,blast,91.10,iPHoP-RF;75.70
NODE_607_length_3499_cov_5.660859,RS_GCF_012927125.1,d__Bacteria;p__Proteobacteria;c__Gammaproteobacteria;o__Burkholderiales;f__Burkholderiaceae;g__Paraburkholderia;s__Paraburkholderia sp012927125,blast,91.20,iPHoP-RF;65.30
NODE_608_length_2856_cov_3.351303,RS_GCF_001544255.1,d__Bacteria;p__Firmicutes;c__Bacilli;o__Lactobacillales;f__Enterococcaceae;g__Enterococcus_B;s__Enterococcus_B faecium,blast,95.90,iPHoP-RF;52.80
NODE_609_length_1276_cov_3.526618,RS_GCF_008121495.1,d__Bacteria;p__Firmicutes_A;c__Clostridia;o__Lachnospirales;f__Lachnospiraceae;g__Ruminococcus_B;s__Ruminococcus_B gnavus,blast,93.70,iPHoP-RF;76.80
NODE_609_length_1276_cov_3.526618,GB_GCA_900544395.1,d__Bacteria;p__Firmicutes_A;c__Clostridia;o__Lachnospirales;f__Lachnospiraceae;g__Ruminococcus_B;s__Ruminococcus_B sp900544395,blast,92.10,iPHoP-RF;76.60
NODE_60_length_2998_cov_5.003058,GB_GCA_900550975.1,d__Bacteria;p__Firmicutes_A;c__Clostridia;o__Lachnospirales;f__Lachnospiraceae;g__Faecalimonas;s__Faecalimonas sp900550975,blast,93.60,iPHoP-RF;84.50
NODE_60_length_2998_cov_5.003058,RS_GCF_008121495.1,d__Bacteria;p__Firmicutes_A;c__Clostridia;o__Lachnospirales;f__Lachnospiraceae;g__Ruminococcus_B;s__Ruminococcus_B gnavus,blast,93.20,iPHoP-RF;89.50
NODE_610_length_2856_cov_7.730096,RS_GCF_000025985.1,d__Bacteria;p__Bacteroidota;c__Bacteroidia;o__Bacteroidales;f__Bacteroidaceae;g__Bacteroides;s__Bacteroides fragilis,blast,95.40,iPHoP-RF;86.30
NODE_610_length_2856_cov_7.730096,RS_GCF_002849695.1,d__Bacteria;p__Bacteroidota;c__Bacteroidia;o__Bacteroidales;f__Bacteroidaceae;g__Bacteroides;s__Bacteroides fragilis_A,blast,91.60,iPHoP-RF;83.10
NODE_612_length_3670_cov_4.402490,RS_GCF_000026325.1,d__Bacteria;p__Proteobacteria;c__Gammaproteobacteria;o__Enterobacterales;f__Enterobacteriaceae;g__Escherichia;s__Escherichia coli_D,blast,94.50,iPHoP-RF;87.30
NODE_612_length_3670_cov_4.402490,GB_GCA_003018335.1,d__Bacteria;p__Proteobacteria;c__Gammaproteobacteria;o__Enterobacterales;f__Enterobacteriaceae;g__Escherichia;s__Escherichia coli_C,blast,91.20,iPHoP-RF;83.30
NODE_612_length_3670_cov_4.402490,RS_GCF_000026225.1,d__Bacteria;p__Proteobacteria;c__Gammaproteobacteria;o__Enterobacterales;f__Enterobacteriaceae;g__Escherichia;s__Escherichia fergusonii,blast,91.20,iPHoP-RF;75.70
NODE_612_length_3670_cov_4.402490,RS_GCF_000208585.1,d__Bacteria;p__Proteobacteria;c__Gammaproteobacteria;o__Enterobacterales;f__Enterobacteriaceae;g__Escherichia;s__Escherichia sp000208585,blast,91.20,iPHoP-RF;81.60
NODE_612_length_3670_cov_4.402490,RS_GCF_000759775.1,d__Bacteria;p__Proteobacteria;c__Gammaproteobacteria;o__Enterobacterales;f__Enterobacteriaceae;g__Escherichia;s__Escherichia albertii,blast,91.20,iPHoP-RF;69.80
NODE_612_length_3670_cov_4.402490,RS_GCF_001660175.1,d__Bacteria;p__Proteobacteria;c__Gammaproteobacteria;o__Enterobacterales;f__Enterobacteriaceae;g__Escherichia;s__Escherichia sp001660175,blast,91.20,iPHoP-RF;87.00
NODE_612_length_3670_cov_4.402490,RS_GCF_002900365.1,d__Bacteria;p__Proteobacteria;c__Gammaproteobacteria;o__Enterobacterales;f__Enterobacteriaceae;g__Escherichia;s__Escherichia marmotae,blast,91.20,iPHoP-RF;81.40
NODE_612_length_3670_cov_4.402490,RS_GCF_002949675.1,d__Bacteria;p__Proteobacteria;c__Gammaproteobacteria;o__Enterobacterales;f__Enterobacteriaceae;g__Escherichia;s__Escherichia dysenteriae,blast,91.20,iPHoP-RF;83.30
NODE_612_length_3670_cov_4.402490,RS_GCF_002950215.1,d__Bacteria;p__Proteobacteria;c__Gammaproteobacteria;o__Enterobacterales;f__Enterobacteriaceae;g__Escherichia;s__Escherichia flexneri,blast,91.20,iPHoP-RF;83.60
NODE_612_length_3670_cov_4.402490,RS_GCF_002965065.1,d__Bacteria;p__Proteobacteria;c__Gammaproteobacteria;o__Enterobacterales;f__Enterobacteriaceae;g__Escherichia;s__Escherichia sp002965065,blast,91.20,iPHoP-RF;83.10
NODE_612_length_3670_cov_4.402490,RS_GCF_003697165.2,d__Bacteria;p__Proteobacteria;c__Gammaproteobacteria;o__Enterobacterales;f__Enterobacteriaceae;g__Escherichia;s__Escherichia coli,blast,91.20,iPHoP-RF;83.60
NODE_612_length_3670_cov_4.402490,RS_GCF_004211955.1,d__Bacteria;p__Proteobacteria;c__Gammaproteobacteria;o__Enterobacterales;f__Enterobacteriaceae;g__Escherichia;s__Escherichia sp004211955,blast,91.20,iPHoP-RF;86.00
NODE_612_length_3670_cov_4.402490,RS_GCF_005843885.1,d__Bacteria;p__Proteobacteria;c__Gammaproteobacteria;o__Enterobacterales;f__Enterobacteriaceae;g__Escherichia;s__Escherichia sp005843885,blast,91.20,iPHoP-RF;85.70
NODE_612_length_3670_cov_4.402490,RS_GCF_011881725.1,d__Bacteria;p__Proteobacteria;c__Gammaproteobacteria;o__Enterobacterales;f__Enterobacteriaceae;g__Escherichia;s__Escherichia coli_E,blast,91.20,iPHoP-RF;85.40
NODE_612_length_4307_cov_4.113829,RS_GCF_001660175.1,d__Bacteria;p__Proteobacteria;c__Gammaproteobacteria;o__Enterobacterales;f__Enterobacteriaceae;g__Escherichia;s__Escherichia sp001660175,blast,96.40,iPHoP-RF;79.30
NODE_612_length_4307_cov_4.113829,RS_GCF_002949675.1,d__Bacteria;p__Proteobacteria;c__Gammaproteobacteria;o__Enterobacterales;f__Enterobacteriaceae;g__Escherichia;s__Escherichia dysenteriae,blast,96.40,iPHoP-RF;82.20
NODE_612_length_4307_cov_4.113829,RS_GCF_002950215.1,d__Bacteria;p__Proteobacteria;c__Gammaproteobacteria;o__Enterobacterales;f__Enterobacteriaceae;g__Escherichia;s__Escherichia flexneri,blast,96.40,iPHoP-RF;85.10
NODE_612_length_4307_cov_4.113829,RS_GCF_000026325.1,d__Bacteria;p__Proteobacteria;c__Gammaproteobacteria;o__Enterobacterales;f__Enterobacteriaceae;g__Escherichia;s__Escherichia coli_D,blast,96.30,iPHoP-RF;84.50
NODE_612_length_4307_cov_4.113829,RS_GCF_002965065.1,d__Bacteria;p__Proteobacteria;c__Gammaproteobacteria;o__Enterobacterales;f__Enterobacteriaceae;g__Escherichia;s__Escherichia sp002965065,blast,96.30,iPHoP-RF;83.90
NODE_612_length_4307_cov_4.113829,RS_GCF_003697165.2,d__Bacteria;p__Proteobacteria;c__Gammaproteobacteria;o__Enterobacterales;f__Enterobacteriaceae;g__Escherichia;s__Escherichia coli,blast,96.30,iPHoP-RF;78.70
NODE_612_length_4307_cov_4.113829,RS_GCF_002900365.1,d__Bacteria;p__Proteobacteria;c__Gammaproteobacteria;o__Enterobacterales;f__Enterobacteriaceae;g__Escherichia;s__Escherichia marmotae,blast,96.20,iPHoP-RF;82.80
NODE_612_length_4307_cov_4.113829,RS_GCF_000208585.1,d__Bacteria;p__Proteobacteria;c__Gammaproteobacteria;o__Enterobacterales;f__Enterobacteriaceae;g__Escherichia;s__Escherichia sp000208585,blast,95.80,iPHoP-RF;83.10
NODE_618_length_2500_cov_5.937423,RS_GCF_000025985.1,d__Bacteria;p__Bacteroidota;c__Bacteroidia;o__Bacteroidales;f__Bacteroidaceae;g__Bacteroides;s__Bacteroides fragilis,blast,97.70,iPHoP-RF;84.20
NODE_618_length_2500_cov_5.937423,RS_GCF_002849695.1,d__Bacteria;p__Bacteroidota;c__Bacteroidia;o__Bacteroidales;f__Bacteroidaceae;g__Bacteroides;s__Bacteroides fragilis_A,blast,91.40,iPHoP-RF;80.00
NODE_618_length_2500_cov_5.937423,GB_GCA_900765805.1,d__Bacteria;p__Bacteroidota;c__Bacteroidia;o__Bacteroidales;f__Bacteroidaceae;g__Bacteroides;s__Bacteroides sp900765805,blast,90.00,None
NODE_618_length_2833_cov_7.777178,RS_GCF_001077535.1,d__Bacteria;p__Firmicutes_A;c__Clostridia;o__Peptostreptococcales;f__Peptostreptococcaceae;g__Clostridioides;s__Clostridioides difficile,blast,94.80,iPHoP-RF;80.60
NODE_618_length_2833_cov_7.777178,RS_GCF_900243075.1,d__Bacteria;p__Firmicutes_A;c__Clostridia;o__Peptostreptococcales;f__Peptostreptococcaceae;g__Clostridioides;s__Clostridioides difficile_D,blast,92.70,iPHoP-RF;86.70
NODE_618_length_2833_cov_7.777178,RS_GCF_000449425.2,d__Bacteria;p__Firmicutes_A;c__Clostridia;o__Peptostreptococcales;f__Peptostreptococcaceae;g__Clostridioides;s__Clostridioides difficile_E,blast,90.50,iPHoP-RF;84.20
NODE_61_length_2911_cov_3.802871,RS_GCF_014131695.1,d__Bacteria;p__Firmicutes;c__Bacilli;o__Erysipelotrichales;f__Erysipelatoclostridiaceae;g__Erysipelatoclostridium;s__Erysipelatoclostridium ramosum,blast,97.00,iPHoP-RF;93.40 CRISPR;74.90
NODE_62_length_14493_cov_5.859191,RS_GCF_000026325.1,d__Bacteria;p__Proteobacteria;c__Gammaproteobacteria;o__Enterobacterales;f__Enterobacteriaceae;g__Escherichia;s__Escherichia coli_D,blast,96.70,iPHoP-RF;95.10
NODE_62_length_14493_cov_5.859191,RS_GCF_000759775.1,d__Bacteria;p__Proteobacteria;c__Gammaproteobacteria;o__Enterobacterales;f__Enterobacteriaceae;g__Escherichia;s__Escherichia albertii,iPHoP-RF,96.70,blast;91.30
NODE_62_length_14493_cov_5.859191,RS_GCF_002950215.1,d__Bacteria;p__Proteobacteria;c__Gammaproteobacteria;o__Enterobacterales;f__Enterobacteriaceae;g__Escherichia;s__Escherichia flexneri,blast,96.70,iPHoP-RF;95.70
NODE_62_length_14493_cov_5.859191,RS_GCF_003697165.2,d__Bacteria;p__Proteobacteria;c__Gammaproteobacteria;o__Enterobacterales;f__Enterobacteriaceae;g__Escherichia;s__Escherichia coli,blast,96.70,iPHoP-RF;96.40
NODE_62_length_14493_cov_5.859191,GB_GCA_003018335.1,d__Bacteria;p__Proteobacteria;c__Gammaproteobacteria;o__Enterobacterales;f__Enterobacteriaceae;g__Escherichia;s__Escherichia coli_C,blast,96.60,iPHoP-RF;96.10
NODE_62_length_14493_cov_5.859191,RS_GCF_001660175.1,d__Bacteria;p__Proteobacteria;c__Gammaproteobacteria;o__Enterobacterales;f__Enterobacteriaceae;g__Escherichia;s__Escherichia sp001660175,blast,96.60,iPHoP-RF;96.40
NODE_62_length_14493_cov_5.859191,RS_GCF_002900365.1,d__Bacteria;p__Proteobacteria;c__Gammaproteobacteria;o__Enterobacterales;f__Enterobacteriaceae;g__Escherichia;s__Escherichia marmotae,blast,96.60,iPHoP-RF;96.40
NODE_62_length_14493_cov_5.859191,RS_GCF_002949675.1,d__Bacteria;p__Proteobacteria;c__Gammaproteobacteria;o__Enterobacterales;f__Enterobacteriaceae;g__Escherichia;s__Escherichia dysenteriae,blast,96.60,iPHoP-RF;95.70
NODE_62_length_14493_cov_5.859191,RS_GCF_002965065.1,d__Bacteria;p__Proteobacteria;c__Gammaproteobacteria;o__Enterobacterales;f__Enterobacteriaceae;g__Escherichia;s__Escherichia sp002965065,blast,96.60,iPHoP-RF;95.70
NODE_62_length_14493_cov_5.859191,RS_GCF_011881725.1,d__Bacteria;p__Proteobacteria;c__Gammaproteobacteria;o__Enterobacterales;f__Enterobacteriaceae;g__Escherichia;s__Escherichia coli_E,blast,96.60,iPHoP-RF;95.40
NODE_62_length_14493_cov_5.859191,RS_GCF_000026225.1,d__Bacteria;p__Proteobacteria;c__Gammaproteobacteria;o__Enterobacterales;f__Enterobacteriaceae;g__Escherichia;s__Escherichia fergusonii,blast,96.50,iPHoP-RF;95.10
NODE_62_length_14493_cov_5.859191,RS_GCF_005843885.1,d__Bacteria;p__Proteobacteria;c__Gammaproteobacteria;o__Enterobacterales;f__Enterobacteriaceae;g__Escherichia;s__Escherichia sp005843885,iPHoP-RF,96.40,None
NODE_62_length_14493_cov_5.859191,RS_GCF_000208585.1,d__Bacteria;p__Proteobacteria;c__Gammaproteobacteria;o__Enterobacterales;f__Enterobacteriaceae;g__Escherichia;s__Escherichia sp000208585,iPHoP-RF,96.10,None
NODE_62_length_14493_cov_5.859191,RS_GCF_004211955.1,d__Bacteria;p__Proteobacteria;c__Gammaproteobacteria;o__Enterobacterales;f__Enterobacteriaceae;g__Escherichia;s__Escherichia sp004211955,iPHoP-RF,95.70,None
NODE_62_length_15053_cov_7.481264,RS_GCF_000014805.1,d__Bacteria;p__Proteobacteria;c__Gammaproteobacteria;o__Enterobacterales;f__Aeromonadaceae;g__Aeromonas;s__Aeromonas hydrophila,blast,94.30,None
NODE_630_length_1256_cov_4.538718,RS_GCF_900243075.1,d__Bacteria;p__Firmicutes_A;c__Clostridia;o__Peptostreptococcales;f__Peptostreptococcaceae;g__Clostridioides;s__Clostridioides difficile_D,blast,93.90,iPHoP-RF;74.30
NODE_630_length_1256_cov_4.538718,RS_GCF_001077535.1,d__Bacteria;p__Firmicutes_A;c__Clostridia;o__Peptostreptococcales;f__Peptostreptococcaceae;g__Clostridioides;s__Clostridioides difficile,blast,92.90,iPHoP-RF;74.80
NODE_630_length_1256_cov_4.538718,RS_GCF_000449425.2,d__Bacteria;p__Firmicutes_A;c__Clostridia;o__Peptostreptococcales;f__Peptostreptococcaceae;g__Clostridioides;s__Clostridioides difficile_E,blast,92.10,iPHoP-RF;60.90
NODE_632_length_4491_cov_6.169973,RS_GCF_008121495.1,d__Bacteria;p__Firmicutes_A;c__Clostridia;o__Lachnospirales;f__Lachnospiraceae;g__Ruminococcus_B;s__Ruminococcus_B gnavus,blast,95.50,iPHoP-RF;75.00
NODE_633_length_1551_cov_3.543449,RS_GCF_902167755.1,d__Bacteria;p__Bacteroidota;c__Bacteroidia;o__Bacteroidales;f__Bacteroidaceae;g__Prevotella;s__Prevotella sp900557255,blast,91.60,None
NODE_633_length_1551_cov_3.543449,RS_GCF_000157935.1,d__Bacteria;p__Bacteroidota;c__Bacteroidia;o__Bacteroidales;f__Bacteroidaceae;g__Prevotella;s__Prevotella copri,blast,91.40,None
NODE_633_length_1551_cov_3.543449,GB_GCA_900544825.1,d__Bacteria;p__Bacteroidota;c__Bacteroidia;o__Bacteroidales;f__Bacteroidaceae;g__Prevotella;s__Prevotella sp900544825,blast,90.20,None
NODE_634_length_2805_cov_6.260000,RS_GCF_001077535.1,d__Bacteria;p__Firmicutes_A;c__Clostridia;o__Peptostreptococcales;f__Peptostreptococcaceae;g__Clostridioides;s__Clostridioides difficile,blast,97.10,iPHoP-RF;75.00
NODE_634_length_2805_cov_6.260000,RS_GCF_900243075.1,d__Bacteria;p__Firmicutes_A;c__Clostridia;o__Peptostreptococcales;f__Peptostreptococcaceae;g__Clostridioides;s__Clostridioides difficile_D,blast,95.50,iPHoP-RF;74.60
NODE_634_length_2805_cov_6.260000,RS_GCF_000449425.2,d__Bacteria;p__Firmicutes_A;c__Clostridia;o__Peptostreptococcales;f__Peptostreptococcaceae;g__Clostridioides;s__Clostridioides difficile_E,blast,91.90,None
NODE_634_length_2805_cov_6.260000,RS_GCF_001299635.1,d__Bacteria;p__Firmicutes_A;c__Clostridia;o__Peptostreptococcales;f__Peptostreptococcaceae;g__Clostridioides;s__Clostridioides difficile_A,blast,91.90,None
NODE_636_length_4461_cov_3.897413,RS_GCF_000026325.1,d__Bacteria;p__Proteobacteria;c__Gammaproteobacteria;o__Enterobacterales;f__Enterobacteriaceae;g__Escherichia;s__Escherichia coli_D,blast,94.70,iPHoP-RF;74.30
NODE_636_length_4461_cov_3.897413,RS_GCF_003697165.2,d__Bacteria;p__Proteobacteria;c__Gammaproteobacteria;o__Enterobacterales;f__Enterobacteriaceae;g__Escherichia;s__Escherichia coli,blast,92.80,iPHoP-RF;74.10
NODE_636_length_4461_cov_3.897413,RS_GCF_002950215.1,d__Bacteria;p__Proteobacteria;c__Gammaproteobacteria;o__Enterobacterales;f__Enterobacteriaceae;g__Escherichia;s__Escherichia flexneri,blast,91.80,iPHoP-RF;74.10
NODE_638_length_3566_cov_3.047565,RS_GCF_900104635.1,d__Bacteria;p__Firmicutes_A;c__Clostridia;o__Lachnospirales;f__Lachnospiraceae;g__Faecalimonas;s__Faecalimonas phoceensis,blast,94.00,iPHoP-RF;61.90
NODE_638_length_3566_cov_3.047565,RS_GCF_008121495.1,d__Bacteria;p__Firmicutes_A;c__Clostridia;o__Lachnospirales;f__Lachnospiraceae;g__Ruminococcus_B;s__Ruminococcus_B gnavus,blast,93.30,iPHoP-RF;71.50
NODE_638_length_3566_cov_3.047565,RS_GCF_000155205.1,d__Bacteria;p__Firmicutes_A;c__Clostridia;o__Lachnospirales;f__Lachnospiraceae;g__Mediterraneibacter;s__Mediterraneibacter lactaris,blast,90.30,None
NODE_63_length_7382_cov_54.628907,RS_GCF_001544255.1,d__Bacteria;p__Firmicutes;c__Bacilli;o__Lactobacillales;f__Enterococcaceae;g__Enterococcus_B;s__Enterococcus_B faecium,blast,96.50,iPHoP-RF;64.30
NODE_63_length_7382_cov_54.628907,RS_GCF_009735405.1,d__Bacteria;p__Firmicutes;c__Bacilli;o__Lactobacillales;f__Enterococcaceae;g__Enterococcus_B;s__Enterococcus_B lactis,blast,96.40,iPHoP-RF;85.70
NODE_63_length_7382_cov_54.628907,RS_GCF_001544215.1,d__Bacteria;p__Firmicutes;c__Bacilli;o__Lactobacillales;f__Enterococcaceae;g__Enterococcus_B;s__Enterococcus_B durans,blast,96.30,None
NODE_63_length_7382_cov_54.628907,RS_GCF_000271405.2,d__Bacteria;p__Firmicutes;c__Bacilli;o__Lactobacillales;f__Enterococcaceae;g__Enterococcus_B;s__Enterococcus_B hirae,blast,91.70,iPHoP-RF;70.60
NODE_63_length_7382_cov_54.628907,RS_GCF_002140175.1,d__Bacteria;p__Firmicutes;c__Bacilli;o__Lactobacillales;f__Enterococcaceae;g__Enterococcus_B;s__Enterococcus_B sp002140175,blast,90.40,None
NODE_63_length_7382_cov_54.628907,RS_GCF_007990225.1,d__Bacteria;p__Firmicutes;c__Bacilli;o__Lactobacillales;f__Enterococcaceae;g__Enterococcus_B;s__Enterococcus_B villorum,blast,90.20,None
NODE_643_length_1656_cov_9.636477,RS_GCF_900637515.1,d__Bacteria;p__Firmicutes_C;c__Negativicutes;o__Veillonellales;f__Veillonellaceae;g__Veillonella;s__Veillonella dispar,blast,93.90,None
NODE_643_length_1656_cov_9.636477,RS_GCF_902810435.1,d__Bacteria;p__Firmicutes_C;c__Negativicutes;o__Veillonellales;f__Veillonellaceae;g__Veillonella;s__Veillonella parvula_A,blast,93.60,None
NODE_643_length_1656_cov_9.636477,RS_GCF_000024945.1,d__Bacteria;p__Firmicutes_C;c__Negativicutes;o__Veillonellales;f__Veillonellaceae;g__Veillonella;s__Veillonella parvula,blast,92.30,None
NODE_643_length_1656_cov_9.636477,RS_GCF_013393365.1,d__Bacteria;p__Firmicutes_C;c__Negativicutes;o__Veillonellales;f__Veillonellaceae;g__Veillonella;s__Veillonella dispar_A,blast,90.30,None
NODE_644_length_1117_cov_2.085687,RS_GCF_001077535.1,d__Bacteria;p__Firmicutes_A;c__Clostridia;o__Peptostreptococcales;f__Peptostreptococcaceae;g__Clostridioides;s__Clostridioides difficile,blast,97.60,None
NODE_649_length_3541_cov_5.194205,GB_GCA_003018335.1,d__Bacteria;p__Proteobacteria;c__Gammaproteobacteria;o__Enterobacterales;f__Enterobacteriaceae;g__Escherichia;s__Escherichia coli_C,iPHoP-RF,97.10,None
NODE_649_length_3541_cov_5.194205,RS_GCF_000026325.1,d__Bacteria;p__Proteobacteria;c__Gammaproteobacteria;o__Enterobacterales;f__Enterobacteriaceae;g__Escherichia;s__Escherichia coli_D,iPHoP-RF,97.10,blast;96.10
NODE_649_length_3541_cov_5.194205,RS_GCF_002900365.1,d__Bacteria;p__Proteobacteria;c__Gammaproteobacteria;o__Enterobacterales;f__Enterobacteriaceae;g__Escherichia;s__Escherichia marmotae,iPHoP-RF,97.10,blast;93.80
NODE_649_length_3541_cov_5.194205,RS_GCF_002949675.1,d__Bacteria;p__Proteobacteria;c__Gammaproteobacteria;o__Enterobacterales;f__Enterobacteriaceae;g__Escherichia;s__Escherichia dysenteriae,iPHoP-RF,97.10,blast;95.00
NODE_649_length_3541_cov_5.194205,RS_GCF_002950215.1,d__Bacteria;p__Proteobacteria;c__Gammaproteobacteria;o__Enterobacterales;f__Enterobacteriaceae;g__Escherichia;s__Escherichia flexneri,iPHoP-RF,97.10,blast;95.00
NODE_649_length_3541_cov_5.194205,RS_GCF_002965065.1,d__Bacteria;p__Proteobacteria;c__Gammaproteobacteria;o__Enterobacterales;f__Enterobacteriaceae;g__Escherichia;s__Escherichia sp002965065,iPHoP-RF,97.10,blast;94.90
NODE_649_length_3541_cov_5.194205,RS_GCF_003697165.2,d__Bacteria;p__Proteobacteria;c__Gammaproteobacteria;o__Enterobacterales;f__Enterobacteriaceae;g__Escherichia;s__Escherichia coli,iPHoP-RF,97.10,blast;95.00
NODE_649_length_3541_cov_5.194205,RS_GCF_004211955.1,d__Bacteria;p__Proteobacteria;c__Gammaproteobacteria;o__Enterobacterales;f__Enterobacteriaceae;g__Escherichia;s__Escherichia sp004211955,iPHoP-RF,97.10,None
NODE_649_length_3541_cov_5.194205,RS_GCF_005843885.1,d__Bacteria;p__Proteobacteria;c__Gammaproteobacteria;o__Enterobacterales;f__Enterobacteriaceae;g__Escherichia;s__Escherichia sp005843885,iPHoP-RF,97.10,blast;94.50
NODE_649_length_3541_cov_5.194205,RS_GCF_011881725.1,d__Bacteria;p__Proteobacteria;c__Gammaproteobacteria;o__Enterobacterales;f__Enterobacteriaceae;g__Escherichia;s__Escherichia coli_E,iPHoP-RF,97.10,None
NODE_649_length_3541_cov_5.194205,RS_GCF_001660175.1,d__Bacteria;p__Proteobacteria;c__Gammaproteobacteria;o__Enterobacterales;f__Enterobacteriaceae;g__Escherichia;s__Escherichia sp001660175,iPHoP-RF,96.40,blast;94.50
NODE_649_length_3541_cov_5.194205,RS_GCF_000026225.1,d__Bacteria;p__Proteobacteria;c__Gammaproteobacteria;o__Enterobacterales;f__Enterobacteriaceae;g__Escherichia;s__Escherichia fergusonii,iPHoP-RF,95.40,blast;93.30
NODE_649_length_3541_cov_5.194205,RS_GCF_000208585.1,d__Bacteria;p__Proteobacteria;c__Gammaproteobacteria;o__Enterobacterales;f__Enterobacteriaceae;g__Escherichia;s__Escherichia sp000208585,iPHoP-RF,95.40,blast;94.90
NODE_649_length_3541_cov_5.194205,RS_GCF_000759775.1,d__Bacteria;p__Proteobacteria;c__Gammaproteobacteria;o__Enterobacterales;f__Enterobacteriaceae;g__Escherichia;s__Escherichia albertii,iPHoP-RF,91.10,None
NODE_64_length_14108_cov_6.008254,RS_GCF_008121495.1,d__Bacteria;p__Firmicutes_A;c__Clostridia;o__Lachnospirales;f__Lachnospiraceae;g__Ruminococcus_B;s__Ruminococcus_B gnavus,blast,97.00,iPHoP-RF;94.40 CRISPR;58.50
NODE_64_length_14108_cov_6.008254,RS_GCF_902381685.1,d__Bacteria;p__Firmicutes_A;c__Clostridia;o__Lachnospirales;f__Lachnospiraceae;g__Faecalimonas;s__Faecalimonas sp000209385,iPHoP-RF,96.40,None
NODE_64_length_14108_cov_6.008254,GB_GCA_900551895.1,d__Bacteria;p__Firmicutes_A;c__Clostridia;o__Lachnospirales;f__Lachnospiraceae;g__Faecalimonas;s__Faecalimonas sp900551895,iPHoP-RF,95.70,None
NODE_64_length_14108_cov_6.008254,RS_GCF_003458885.1,d__Bacteria;p__Firmicutes_A;c__Clostridia;o__Lachnospirales;f__Lachnospiraceae;g__UBA9414;s__UBA9414 sp003458885,iPHoP-RF,95.40,None
NODE_64_length_14108_cov_6.008254,GB_GCA_900543315.1,d__Bacteria;p__Firmicutes_A;c__Clostridia;o__Lachnospirales;f__Lachnospiraceae;g__Lachnoclostridium_B;s__Lachnoclostridium_B sp900543315,iPHoP-RF,95.10,None
NODE_64_length_14108_cov_6.008254,GB_GCA_900544395.1,d__Bacteria;p__Firmicutes_A;c__Clostridia;o__Lachnospirales;f__Lachnospiraceae;g__Ruminococcus_B;s__Ruminococcus_B sp900544395,iPHoP-RF,94.70,None
NODE_64_length_14108_cov_6.008254,RS_GCF_902362865.1,d__Bacteria;p__Firmicutes_A;c__Clostridia;o__Lachnospirales;f__Lachnospiraceae;g__Lachnoclostridium_B;s__Lachnoclostridium_B sp900066765,iPHoP-RF,94.10,None
NODE_64_length_14108_cov_6.008254,GB_GCA_900549995.1,d__Bacteria;p__Firmicutes_A;c__Clostridia;o__Lachnospirales;f__Lachnospiraceae;g__UMGS1251;s__UMGS1251 sp900549995,iPHoP-RF,93.40,None
NODE_64_length_14108_cov_6.008254,RS_GCF_900104635.1,d__Bacteria;p__Firmicutes_A;c__Clostridia;o__Lachnospirales;f__Lachnospiraceae;g__Faecalimonas;s__Faecalimonas phoceensis,blast,91.90,iPHoP-RF;84.80
NODE_64_length_14108_cov_6.008254,RS_GCF_002160325.1,d__Bacteria;p__Firmicutes_A;c__Clostridia;o__Lachnospirales;f__Lachnospiraceae;g__An181;s__An181 sp002160325,iPHoP-RF,91.80,None
NODE_64_length_14108_cov_6.008254,GB_GCA_900556835.1,d__Bacteria;p__Firmicutes_A;c__Clostridia;o__Lachnospirales;f__Lachnospiraceae;g__Faecalimonas;s__Faecalimonas sp900556835,blast,90.90,iPHoP-RF;76.60
NODE_64_length_14108_cov_6.008254,GB_GCA_004560705.1,d__Bacteria;p__Firmicutes_A;c__Clostridia;o__Lachnospirales;f__Lachnospiraceae;g__Bariatricus;s__Bariatricus sp004560705,iPHoP-RF,90.80,CRISPR;68.70
NODE_64_length_16604_cov_16.296695,RS_GCF_000269965.1,d__Bacteria;p__Actinobacteriota;c__Actinomycetia;o__Actinomycetales;f__Bifidobacteriaceae;g__Bifidobacterium;s__Bifidobacterium infantis,CRISPR,99.00,iPHoP-RF;94.40 blast;92.90
NODE_64_length_16604_cov_16.296695,RS_GCF_000196555.1,d__Bacteria;p__Actinobacteriota;c__Actinomycetia;o__Actinomycetales;f__Bifidobacteriaceae;g__Bifidobacterium;s__Bifidobacterium longum,CRISPR,97.70,blast;95.80 iPHoP-RF;95.40
NODE_64_length_16604_cov_16.296695,RS_GCF_001025215.1,d__Bacteria;p__Actinobacteriota;c__Actinomycetia;o__Actinomycetales;f__Bifidobacteriaceae;g__Bifidobacterium;s__Bifidobacterium pseudocatenulatum,iPHoP-RF,96.70,None
NODE_64_length_16604_cov_16.296695,RS_GCF_000800455.1,d__Bacteria;p__Actinobacteriota;c__Actinomycetia;o__Actinomycetales;f__Bifidobacteriaceae;g__Bifidobacterium;s__Bifidobacterium kashiwanohense_A,iPHoP-RF,96.10,None
NODE_64_length_16604_cov_16.296695,RS_GCF_001025195.1,d__Bacteria;p__Actinobacteriota;c__Actinomycetia;o__Actinomycetales;f__Bifidobacteriaceae;g__Bifidobacterium;s__Bifidobacterium catenulatum,iPHoP-RF,96.10,blast;93.40
NODE_64_length_16604_cov_16.296695,RS_GCF_001042615.1,d__Bacteria;p__Actinobacteriota;c__Actinomycetia;o__Actinomycetales;f__Bifidobacteriaceae;g__Bifidobacterium;s__Bifidobacterium kashiwanohense,iPHoP-RF,96.10,None
NODE_64_length_16604_cov_16.296695,RS_GCF_010667645.1,d__Bacteria;p__Actinobacteriota;c__Actinomycetia;o__Actinomycetales;f__Bifidobacteriaceae;g__Bifidobacterium;s__Bifidobacterium sp010667645,iPHoP-RF,96.10,blast;90.20
NODE_64_length_16604_cov_16.296695,RS_GCF_001025175.1,d__Bacteria;p__Actinobacteriota;c__Actinomycetia;o__Actinomycetales;f__Bifidobacteriaceae;g__Bifidobacterium;s__Bifidobacterium breve,iPHoP-RF,95.70,None
NODE_64_length_16604_cov_16.296695,RS_GCF_000010425.1,d__Bacteria;p__Actinobacteriota;c__Actinomycetia;o__Actinomycetales;f__Bifidobacteriaceae;g__Bifidobacterium;s__Bifidobacterium adolescentis,iPHoP-RF,95.10,CRISPR;67.80
NODE_64_length_16604_cov_16.296695,RS_GCF_000741785.1,d__Bacteria;p__Actinobacteriota;c__Actinomycetia;o__Actinomycetales;f__Bifidobacteriaceae;g__Bifidobacterium;s__Bifidobacterium stellenboschense,iPHoP-RF,94.70,None
NODE_64_length_16604_cov_16.296695,RS_GCF_002802865.1,d__Bacteria;p__Actinobacteriota;c__Actinomycetia;o__Actinomycetales;f__Bifidobacteriaceae;g__Bifidobacterium;s__Bifidobacterium scaligerum,iPHoP-RF,94.70,None
NODE_64_length_16604_cov_16.296695,RS_GCF_008698235.1,d__Bacteria;p__Actinobacteriota;c__Actinomycetia;o__Actinomycetales;f__Bifidobacteriaceae;g__Bifidobacterium;s__Bifidobacterium rousetti,CRISPR,94.20,iPHoP-RF;91.80
NODE_64_length_16604_cov_16.296695,RS_GCF_001025155.1,d__Bacteria;p__Actinobacteriota;c__Actinomycetia;o__Actinomycetales;f__Bifidobacteriaceae;g__Bifidobacterium;s__Bifidobacterium angulatum,iPHoP-RF,93.70,None
NODE_64_length_16604_cov_16.296695,RS_GCF_000770925.1,d__Bacteria;p__Actinobacteriota;c__Actinomycetia;o__Actinomycetales;f__Bifidobacteriaceae;g__Bifidobacterium;s__Bifidobacterium ruminantium,iPHoP-RF,93.40,None
NODE_64_length_16604_cov_16.296695,RS_GCF_001042595.1,d__Bacteria;p__Actinobacteriota;c__Actinomycetia;o__Actinomycetales;f__Bifidobacteriaceae;g__Bifidobacterium;s__Bifidobacterium dentium,iPHoP-RF,93.10,None
NODE_64_length_16604_cov_16.296695,GB_GCA_002451435.1,d__Bacteria;p__Actinobacteriota;c__Actinomycetia;o__Actinomycetales;f__Bifidobacteriaceae;g__Bifidobacterium;s__Bifidobacterium sp002451435,iPHoP-RF,92.40,None
NODE_64_length_16604_cov_16.296695,RS_GCF_012932675.1,d__Bacteria;p__Actinobacteriota;c__Actinomycetia;o__Actinomycetales;f__Bifidobacteriaceae;g__Bifidobacterium;s__Bifidobacterium sp012932675,iPHoP-RF,92.40,None
NODE_64_length_16604_cov_16.296695,RS_GCF_000522505.1,d__Bacteria;p__Actinobacteriota;c__Actinomycetia;o__Actinomycetales;f__Bifidobacteriaceae;g__Bifidobacterium;s__Bifidobacterium moukalabense,iPHoP-RF,91.10,None
NODE_64_length_16604_cov_16.296695,RS_GCF_003129905.1,d__Bacteria;p__Actinobacteriota;c__Actinomycetia;o__Actinomycetales;f__Bifidobacteriaceae;g__Bifidobacterium;s__Bifidobacterium callitrichidarum,iPHoP-RF,90.10,None
NODE_64_length_3411_cov_6.318534,RS_GCF_008121495.1,d__Bacteria;p__Firmicutes_A;c__Clostridia;o__Lachnospirales;f__Lachnospiraceae;g__Ruminococcus_B;s__Ruminococcus_B gnavus,blast,98.20,iPHoP-RF;83.90
NODE_64_length_3411_cov_6.318534,GB_GCA_900550235.1,d__Bacteria;p__Firmicutes_A;c__Clostridia;o__Lachnospirales;f__Lachnospiraceae;g__Faecalimonas;s__Faecalimonas sp900550235,iPHoP-RF,91.40,None
NODE_64_length_3411_cov_6.318534,RS_GCF_000153925.1,d__Bacteria;p__Firmicutes_A;c__Clostridia;o__Lachnospirales;f__Lachnospiraceae;g__Mediterraneibacter;s__Mediterraneibacter torques,blast,90.90,None
NODE_650_length_3383_cov_5.815505,RS_GCF_000960995.1,d__Bacteria;p__Proteobacteria;c__Gammaproteobacteria;o__Burkholderiales;f__Burkholderiaceae;g__Burkholderia;s__Burkholderia glumae,blast,93.80,iPHoP-RF;84.50
NODE_650_length_3383_cov_5.815505,RS_GCF_902459615.1,d__Bacteria;p__Proteobacteria;c__Gammaproteobacteria;o__Burkholderiales;f__Burkholderiaceae;g__Pandoraea;s__Pandoraea commovens,blast,90.70,iPHoP-RF;68.40
NODE_650_length_3383_cov_5.815505,RS_GCF_902459685.1,d__Bacteria;p__Proteobacteria;c__Gammaproteobacteria;o__Burkholderiales;f__Burkholderiaceae;g__Pandoraea;s__Pandoraea iniqua,blast,90.70,iPHoP-RF;54.60
NODE_650_length_3383_cov_5.815505,RS_GCF_000011705.1,d__Bacteria;p__Proteobacteria;c__Gammaproteobacteria;o__Burkholderiales;f__Burkholderiaceae;g__Burkholderia;s__Burkholderia mallei,blast,90.10,iPHoP-RF;79.50
NODE_655_length_3520_cov_3.797114,RS_GCF_013302405.1,d__Bacteria;p__Firmicutes_A;c__Clostridia;o__Lachnospirales;f__Lachnospiraceae;g__Blautia_A;s__Blautia_A caecimuris,blast,93.80,iPHoP-RF;60.60
NODE_655_length_3520_cov_3.797114,GB_GCA_000437735.1,d__Bacteria;p__Firmicutes_A;c__Clostridia;o__Lachnospirales;f__Lachnospiraceae;g__Lachnospira;s__Lachnospira sp000437735,blast,90.10,None
NODE_65_length_2561_cov_4.647646,RS_GCF_014131695.1,d__Bacteria;p__Firmicutes;c__Bacilli;o__Erysipelotrichales;f__Erysipelatoclostridiaceae;g__Erysipelatoclostridium;s__Erysipelatoclostridium ramosum,blast,98.70,iPHoP-RF;61.90
NODE_65_length_8669_cov_6.016253,RS_GCF_000010425.1,d__Bacteria;p__Actinobacteriota;c__Actinomycetia;o__Actinomycetales;f__Bifidobacteriaceae;g__Bifidobacterium;s__Bifidobacterium adolescentis,blast,95.60,iPHoP-RF;91.40 CRISPR;80.10
NODE_65_length_8669_cov_6.016253,RS_GCF_001025215.1,d__Bacteria;p__Actinobacteriota;c__Actinomycetia;o__Actinomycetales;f__Bifidobacteriaceae;g__Bifidobacterium;s__Bifidobacterium pseudocatenulatum,iPHoP-RF,95.40,blast;94.90 CRISPR;71.60
NODE_65_length_8669_cov_6.016253,RS_GCF_001025195.1,d__Bacteria;p__Actinobacteriota;c__Actinomycetia;o__Actinomycetales;f__Bifidobacteriaceae;g__Bifidobacterium;s__Bifidobacterium catenulatum,blast,93.50,iPHoP-RF;90.80
NODE_65_length_8669_cov_6.016253,RS_GCF_001042595.1,d__Bacteria;p__Actinobacteriota;c__Actinomycetia;o__Actinomycetales;f__Bifidobacteriaceae;g__Bifidobacterium;s__Bifidobacterium dentium,blast,93.10,iPHoP-RF;87.60 CRISPR;51.80
NODE_65_length_8669_cov_6.016253,RS_GCF_002860365.1,d__Bacteria;p__Actinobacteriota;c__Actinomycetia;o__Actinomycetales;f__Bifidobacteriaceae;g__Bifidobacterium;s__Bifidobacterium parmae,iPHoP-RF,92.80,None
NODE_65_length_8669_cov_6.016253,RS_GCF_000800455.1,d__Bacteria;p__Actinobacteriota;c__Actinomycetia;o__Actinomycetales;f__Bifidobacteriaceae;g__Bifidobacterium;s__Bifidobacterium kashiwanohense_A,blast,92.70,iPHoP-RF;89.80
NODE_65_length_8669_cov_6.016253,RS_GCF_001042615.1,d__Bacteria;p__Actinobacteriota;c__Actinomycetia;o__Actinomycetales;f__Bifidobacteriaceae;g__Bifidobacterium;s__Bifidobacterium kashiwanohense,blast,92.70,iPHoP-RF;89.50
NODE_65_length_8669_cov_6.016253,RS_GCF_010667645.1,d__Bacteria;p__Actinobacteriota;c__Actinomycetia;o__Actinomycetales;f__Bifidobacteriaceae;g__Bifidobacterium;s__Bifidobacterium sp010667645,iPHoP-RF,91.80,None
NODE_65_length_8669_cov_6.016253,RS_GCF_000522505.1,d__Bacteria;p__Actinobacteriota;c__Actinomycetia;o__Actinomycetales;f__Bifidobacteriaceae;g__Bifidobacterium;s__Bifidobacterium moukalabense,blast,90.30,iPHoP-RF;75.40
NODE_662_length_2339_cov_3.825306,RS_GCF_000025985.1,d__Bacteria;p__Bacteroidota;c__Bacteroidia;o__Bacteroidales;f__Bacteroidaceae;g__Bacteroides;s__Bacteroides fragilis,blast,94.90,iPHoP-RF;89.50
NODE_662_length_2339_cov_3.825306,RS_GCF_002222615.2,d__Bacteria;p__Bacteroidota;c__Bacteroidia;o__Bacteroidales;f__Bacteroidaceae;g__Bacteroides;s__Bacteroides caccae,iPHoP-RF,94.10,None
NODE_662_length_2339_cov_3.825306,RS_GCF_002849695.1,d__Bacteria;p__Bacteroidota;c__Bacteroidia;o__Bacteroidales;f__Bacteroidaceae;g__Bacteroides;s__Bacteroides fragilis_A,blast,93.80,iPHoP-RF;92.80
NODE_662_length_2339_cov_3.825306,RS_GCF_001314995.1,d__Bacteria;p__Bacteroidota;c__Bacteroidia;o__Bacteroidales;f__Bacteroidaceae;g__Bacteroides;s__Bacteroides ovatus,iPHoP-RF,93.70,None
NODE_662_length_2339_cov_3.825306,RS_GCF_001688725.2,d__Bacteria;p__Bacteroidota;c__Bacteroidia;o__Bacteroidales;f__Bacteroidaceae;g__Bacteroides;s__Bacteroides caecimuris,iPHoP-RF,93.40,None
NODE_662_length_2339_cov_3.825306,RS_GCF_900106755.1,d__Bacteria;p__Bacteroidota;c__Bacteroidia;o__Bacteroidales;f__Bacteroidaceae;g__Bacteroides;s__Bacteroides faecis,iPHoP-RF,93.40,None
NODE_662_length_2339_cov_3.825306,RS_GCF_009193295.2,d__Bacteria;p__Bacteroidota;c__Bacteroidia;o__Bacteroidales;f__Bacteroidaceae;g__Bacteroides;s__Bacteroides sp007097645,iPHoP-RF,92.80,blast;90.20
NODE_662_length_2339_cov_3.825306,RS_GCF_014334015.1,d__Bacteria;p__Bacteroidota;c__Bacteroidia;o__Bacteroidales;f__Bacteroidaceae;g__Bacteroides;s__Bacteroides sp003463205,iPHoP-RF,92.80,None
NODE_662_length_2339_cov_3.825306,RS_GCF_902362375.1,d__Bacteria;p__Bacteroidota;c__Bacteroidia;o__Bacteroidales;f__Bacteroidaceae;g__Bacteroides;s__Bacteroides sp902362375,iPHoP-RF,92.80,None
NODE_662_length_2339_cov_3.825306,RS_GCF_000154205.1,d__Bacteria;p__Bacteroidota;c__Bacteroidia;o__Bacteroidales;f__Bacteroidaceae;g__Bacteroides;s__Bacteroides uniformis,blast,91.90,iPHoP-RF;81.60
NODE_662_length_2339_cov_3.825306,GB_GCA_900555635.1,d__Bacteria;p__Bacteroidota;c__Bacteroidia;o__Bacteroidales;f__Bacteroidaceae;g__Bacteroides;s__Bacteroides sp900555635,blast,90.80,iPHoP-RF;67.00
NODE_662_length_2339_cov_3.825306,RS_GCF_000613385.1,d__Bacteria;p__Bacteroidota;c__Bacteroidia;o__Bacteroidales;f__Bacteroidaceae;g__Bacteroides;s__Bacteroides acidifaciens,iPHoP-RF,90.50,None
NODE_662_length_2339_cov_3.825306,RS_GCF_003464595.1,d__Bacteria;p__Bacteroidota;c__Bacteroidia;o__Bacteroidales;f__Bacteroidaceae;g__Bacteroides;s__Bacteroides intestinalis_A,blast,90.20,iPHoP-RF;57.60
NODE_664_length_1591_cov_2.216797,RS_GCF_003252795.1,d__Bacteria;p__Proteobacteria;c__Gammaproteobacteria;o__Enterobacterales;f__Pasteurellaceae;g__Haemophilus_D;s__Haemophilus_D parainfluenzae_K,blast,96.50,iPHoP-RF;85.10
NODE_664_length_1591_cov_2.216797,3300008148_8,d__Bacteria;p__Proteobacteria;c__Gammaproteobacteria;o__Enterobacterales;f__Pasteurellaceae;g__Haemophilus_D;s__,blast,96.00,iPHoP-RF;84.80
NODE_664_length_1591_cov_2.216797,RS_GCF_003252755.1,d__Bacteria;p__Proteobacteria;c__Gammaproteobacteria;o__Enterobacterales;f__Pasteurellaceae;g__Haemophilus_D;s__Haemophilus_D parainfluenzae_N,blast,96.00,iPHoP-RF;73.70 CRISPR;63.50
NODE_664_length_1591_cov_2.216797,RS_GCF_000191405.1,d__Bacteria;p__Proteobacteria;c__Gammaproteobacteria;o__Enterobacterales;f__Pasteurellaceae;g__Haemophilus_D;s__Haemophilus_D parainfluenzae,blast,93.30,iPHoP-RF;87.00
NODE_664_length_1591_cov_2.216797,RS_GCF_001815355.1,d__Bacteria;p__Proteobacteria;c__Gammaproteobacteria;o__Enterobacterales;f__Pasteurellaceae;g__Haemophilus_D;s__Haemophilus_D sp001815355,blast,93.30,iPHoP-RF;87.00
NODE_664_length_1591_cov_2.216797,RS_GCF_003253005.1,d__Bacteria;p__Proteobacteria;c__Gammaproteobacteria;o__Enterobacterales;f__Pasteurellaceae;g__Haemophilus_D;s__Haemophilus_D parainfluenzae_M,blast,92.40,iPHoP-RF;83.10
NODE_66_length_12967_cov_11.511772,RS_GCF_001544255.1,d__Bacteria;p__Firmicutes;c__Bacilli;o__Lactobacillales;f__Enterococcaceae;g__Enterococcus_B;s__Enterococcus_B faecium,blast,95.50,iPHoP-RF;89.20
NODE_66_length_12967_cov_11.511772,RS_GCF_000271405.2,d__Bacteria;p__Firmicutes;c__Bacilli;o__Lactobacillales;f__Enterococcaceae;g__Enterococcus_B;s__Enterococcus_B hirae,blast,91.00,iPHoP-RF;83.30
NODE_67_length_14209_cov_8.247774,RS_GCF_008121495.1,d__Bacteria;p__Firmicutes_A;c__Clostridia;o__Lachnospirales;f__Lachnospiraceae;g__Ruminococcus_B;s__Ruminococcus_B gnavus,blast,97.60,iPHoP-RF;91.10 CRISPR;82.00
NODE_67_length_14209_cov_8.247774,GB_GCA_900546325.1,d__Bacteria;p__Firmicutes_A;c__Clostridia;o__Lachnospirales;f__Lachnospiraceae;g__Faecalimonas;s__Faecalimonas sp900546325,iPHoP-RF,93.10,blast;91.60
NODE_67_length_14209_cov_8.247774,GB_GCA_900550975.1,d__Bacteria;p__Firmicutes_A;c__Clostridia;o__Lachnospirales;f__Lachnospiraceae;g__Faecalimonas;s__Faecalimonas sp900550975,blast,91.20,iPHoP-RF;86.30
NODE_67_length_14209_cov_8.247774,GB_GCA_900544395.1,d__Bacteria;p__Firmicutes_A;c__Clostridia;o__Lachnospirales;f__Lachnospiraceae;g__Ruminococcus_B;s__Ruminococcus_B sp900544395,blast,90.90,iPHoP-RF;86.00
NODE_67_length_2568_cov_2.207322,RS_GCF_001544095.1,d__Bacteria;p__Firmicutes;c__Bacilli;o__Lactobacillales;f__Enterococcaceae;g__Enterococcus_D;s__Enterococcus_D casseliflavus,blast,93.90,iPHoP-RF;66.30
NODE_67_length_2568_cov_2.207322,RS_GCF_002850555.1,d__Bacteria;p__Firmicutes;c__Bacilli;o__Lactobacillales;f__Enterococcaceae;g__Enterococcus_D;s__Enterococcus_D sp002850555,blast,93.90,iPHoP-RF;77.10
NODE_67_length_2568_cov_2.207322,RS_GCF_001544275.1,d__Bacteria;p__Firmicutes;c__Bacilli;o__Lactobacillales;f__Enterococcaceae;g__Enterococcus_D;s__Enterococcus_D gallinarum,blast,93.20,None
NODE_67_length_2568_cov_2.207322,RS_GCF_003841405.1,d__Bacteria;p__Firmicutes;c__Bacilli;o__Lactobacillales;f__Enterococcaceae;g__Tetragenococcus;s__Tetragenococcus halophilus,iPHoP-RF,91.80,None
NODE_67_length_2568_cov_2.207322,RS_GCF_002140915.1,d__Bacteria;p__Firmicutes;c__Bacilli;o__Lactobacillales;f__Enterococcaceae;g__Enterococcus_D;s__Enterococcus_D sp002140915,blast,91.70,iPHoP-RF;69.10
NODE_67_length_2568_cov_2.207322,RS_GCF_000392875.1,d__Bacteria;p__Firmicutes;c__Bacilli;o__Lactobacillales;f__Enterococcaceae;g__Enterococcus;s__Enterococcus faecalis,blast,91.30,iPHoP-RF;61.10
NODE_683_length_3765_cov_14.952830,RS_GCF_014131695.1,d__Bacteria;p__Firmicutes;c__Bacilli;o__Erysipelotrichales;f__Erysipelatoclostridiaceae;g__Erysipelatoclostridium;s__Erysipelatoclostridium ramosum,blast,93.90,None
NODE_683_length_3765_cov_14.952830,RS_GCF_000340375.1,d__Bacteria;p__Firmicutes;c__Bacilli;o__Erysipelotrichales;f__Erysipelatoclostridiaceae;g__Eggerthia;s__Eggerthia catenaformis,blast,90.00,iPHoP-RF;58.40
NODE_684_length_1350_cov_2.419305,RS_GCF_008121495.1,d__Bacteria;p__Firmicutes_A;c__Clostridia;o__Lachnospirales;f__Lachnospiraceae;g__Ruminococcus_B;s__Ruminococcus_B gnavus,blast,92.80,iPHoP-RF;87.00
NODE_684_length_1350_cov_2.419305,GB_GCA_900551895.1,d__Bacteria;p__Firmicutes_A;c__Clostridia;o__Lachnospirales;f__Lachnospiraceae;g__Faecalimonas;s__Faecalimonas sp900551895,iPHoP-RF,90.80,None
NODE_697_length_1508_cov_2.553338,RS_GCF_002959855.1,d__Bacteria;p__Firmicutes_C;c__Negativicutes;o__Veillonellales;f__Veillonellaceae;g__Veillonella;s__Veillonella denticariosi,blast,93.30,None
NODE_697_length_1508_cov_2.553338,RS_GCF_000024945.1,d__Bacteria;p__Firmicutes_C;c__Negativicutes;o__Veillonellales;f__Veillonellaceae;g__Veillonella;s__Veillonella parvula,blast,91.50,None
NODE_697_length_1508_cov_2.553338,RS_GCF_902810435.1,d__Bacteria;p__Firmicutes_C;c__Negativicutes;o__Veillonellales;f__Veillonellaceae;g__Veillonella;s__Veillonella parvula_A,blast,91.40,None
NODE_699_length_1507_cov_2.030992,RS_GCF_003252795.1,d__Bacteria;p__Proteobacteria;c__Gammaproteobacteria;o__Enterobacterales;f__Pasteurellaceae;g__Haemophilus_D;s__Haemophilus_D parainfluenzae_K,blast,91.80,iPHoP-RF;83.30
NODE_699_length_1507_cov_2.030992,RS_GCF_003253005.1,d__Bacteria;p__Proteobacteria;c__Gammaproteobacteria;o__Enterobacterales;f__Pasteurellaceae;g__Haemophilus_D;s__Haemophilus_D parainfluenzae_M,blast,91.80,iPHoP-RF;70.60
NODE_699_length_1507_cov_2.030992,RS_GCF_000191405.1,d__Bacteria;p__Proteobacteria;c__Gammaproteobacteria;o__Enterobacterales;f__Pasteurellaceae;g__Haemophilus_D;s__Haemophilus_D parainfluenzae,blast,91.20,iPHoP-RF;89.50
NODE_699_length_1507_cov_2.030992,RS_GCF_003252755.1,d__Bacteria;p__Proteobacteria;c__Gammaproteobacteria;o__Enterobacterales;f__Pasteurellaceae;g__Haemophilus_D;s__Haemophilus_D parainfluenzae_N,blast,91.10,iPHoP-RF;87.30
NODE_699_length_1507_cov_2.030992,RS_GCF_900756155.1,d__Bacteria;p__Proteobacteria;c__Gammaproteobacteria;o__Enterobacterales;f__Pasteurellaceae;g__Haemophilus_D;s__Haemophilus_D sp900756155,iPHoP-RF,90.50,None
NODE_6_length_186513_cov_15.769691|provirus_35654_55429,GB_GCA_900556625.1,d__Bacteria;p__Bacteroidota;c__Bacteroidia;o__Bacteroidales;f__Bacteroidaceae;g__Bacteroides;s__Bacteroides sp900556625,iPHoP-RF,94.70,None
NODE_6_length_186513_cov_15.769691|provirus_35654_55429,RS_GCF_903181435.1,d__Bacteria;p__Bacteroidota;c__Bacteroidia;o__Bacteroidales;f__Bacteroidaceae;g__Bacteroides;s__Bacteroides acidifaciens_A,iPHoP-RF,94.70,None
NODE_6_length_186513_cov_15.769691|provirus_35654_55429,GB_GCA_000210075.1,d__Bacteria;p__Bacteroidota;c__Bacteroidia;o__Bacteroidales;f__Bacteroidaceae;g__Bacteroides;s__Bacteroides xylanisolvens,iPHoP-RF,94.40,blast;69.90
NODE_6_length_186513_cov_15.769691|provirus_35654_55429,RS_GCF_000154205.1,d__Bacteria;p__Bacteroidota;c__Bacteroidia;o__Bacteroidales;f__Bacteroidaceae;g__Bacteroides;s__Bacteroides uniformis,blast,93.70,iPHoP-RF;87.30
NODE_6_length_186513_cov_15.769691|provirus_35654_55429,RS_GCF_000613385.1,d__Bacteria;p__Bacteroidota;c__Bacteroidia;o__Bacteroidales;f__Bacteroidaceae;g__Bacteroides;s__Bacteroides acidifaciens,iPHoP-RF,93.70,None
NODE_6_length_186513_cov_15.769691|provirus_35654_55429,RS_GCF_009193325.2,d__Bacteria;p__Bacteroidota;c__Bacteroidia;o__Bacteroidales;f__Bacteroidaceae;g__Bacteroides;s__Bacteroides sp900066265,iPHoP-RF,93.10,blast;88.30
NODE_6_length_186513_cov_15.769691|provirus_35654_55429,RS_GCF_014334015.1,d__Bacteria;p__Bacteroidota;c__Bacteroidia;o__Bacteroidales;f__Bacteroidaceae;g__Bacteroides;s__Bacteroides sp003463205,iPHoP-RF,93.10,None
NODE_6_length_186513_cov_15.769691|provirus_35654_55429,RS_GCF_001314995.1,d__Bacteria;p__Bacteroidota;c__Bacteroidia;o__Bacteroidales;f__Bacteroidaceae;g__Bacteroides;s__Bacteroides ovatus,iPHoP-RF,92.80,blast;80.50
NODE_6_length_186513_cov_15.769691|provirus_35654_55429,RS_GCF_001688725.2,d__Bacteria;p__Bacteroidota;c__Bacteroidia;o__Bacteroidales;f__Bacteroidaceae;g__Bacteroides;s__Bacteroides caecimuris,iPHoP-RF,92.80,None
NODE_6_length_186513_cov_15.769691|provirus_35654_55429,RS_GCF_002222615.2,d__Bacteria;p__Bacteroidota;c__Bacteroidia;o__Bacteroidales;f__Bacteroidaceae;g__Bacteroides;s__Bacteroides caccae,iPHoP-RF,92.40,blast;78.40
NODE_6_length_186513_cov_15.769691|provirus_35654_55429,RS_GCF_900760795.1,d__Bacteria;p__Bacteroidota;c__Bacteroidia;o__Bacteroidales;f__Bacteroidaceae;g__Phocaeicola;s__Phocaeicola sp900760795,iPHoP-RF,91.80,None
NODE_6_length_186513_cov_15.769691|provirus_35654_55429,RS_GCF_000156195.1,d__Bacteria;p__Bacteroidota;c__Bacteroidia;o__Bacteroidales;f__Bacteroidaceae;g__Bacteroides;s__Bacteroides finegoldii,iPHoP-RF,91.40,blast;88.20
NODE_6_length_186513_cov_15.769691|provirus_35654_55429,RS_GCF_000011065.1,d__Bacteria;p__Bacteroidota;c__Bacteroidia;o__Bacteroidales;f__Bacteroidaceae;g__Bacteroides;s__Bacteroides thetaiotaomicron,iPHoP-RF,91.10,blast;90.60
NODE_6_length_186513_cov_15.769691|provirus_35654_55429,RS_GCF_900130125.1,d__Bacteria;p__Bacteroidota;c__Bacteroidia;o__Bacteroidales;f__Bacteroidaceae;g__Bacteroides;s__Bacteroides congonensis,iPHoP-RF,91.10,None
NODE_6_length_186513_cov_15.769691|provirus_35654_55429,RS_GCF_900106755.1,d__Bacteria;p__Bacteroidota;c__Bacteroidia;o__Bacteroidales;f__Bacteroidaceae;g__Bacteroides;s__Bacteroides faecis,iPHoP-RF,90.80,blast;89.90
NODE_6_length_186513_cov_15.769691|provirus_35654_55429,3300029678_6,d__Bacteria;p__Bacteroidota;c__Bacteroidia;o__Bacteroidales;f__Bacteroidaceae;g__Bacteroides;s__,blast,90.60,iPHoP-RF;86.00
NODE_6_length_186513_cov_15.769691|provirus_35654_55429,RS_GCF_902362375.1,d__Bacteria;p__Bacteroidota;c__Bacteroidia;o__Bacteroidales;f__Bacteroidaceae;g__Bacteroides;s__Bacteroides sp902362375,iPHoP-RF,90.10,blast;80.10
NODE_6_length_40949_cov_108.762557,GB_GCA_900766505.1,d__Bacteria;p__Firmicutes;c__Bacilli;o__Lactobacillales;f__Streptococcaceae;g__Streptococcus;s__Streptococcus sp900766505,CRISPR,98.90,iPHoP-RF;78.50
NODE_6_length_40949_cov_108.762557,RS_GCF_004785935.1,d__Bacteria;p__Firmicutes;c__Bacilli;o__Lactobacillales;f__Streptococcaceae;g__Streptococcus;s__Streptococcus rubneri,CRISPR,98.90,None
NODE_6_length_40949_cov_108.762557,RS_GCF_009738225.1,d__Bacteria;p__Firmicutes;c__Bacilli;o__Lactobacillales;f__Streptococcaceae;g__Streptococcus;s__Streptococcus sp001556435,CRISPR,98.90,iPHoP-RF;65.80
NODE_6_length_40949_cov_108.762557,RS_GCF_014435245.1,d__Bacteria;p__Firmicutes;c__Bacilli;o__Lactobacillales;f__Streptococcaceae;g__Streptococcus;s__Streptococcus sp900543065,CRISPR,98.90,blast;94.20 iPHoP-RF;82.80
NODE_6_length_40949_cov_108.762557,RS_GCF_000186445.1,d__Bacteria;p__Firmicutes;c__Bacilli;o__Lactobacillales;f__Streptococcaceae;g__Streptococcus;s__Streptococcus agalactiae,CRISPR,98.80,iPHoP-RF;73.70
NODE_6_length_40949_cov_108.762557,RS_GCF_010120595.1,d__Bacteria;p__Firmicutes;c__Bacilli;o__Lactobacillales;f__Streptococcaceae;g__Streptococcus;s__Streptococcus thermophilus,CRISPR,98.80,iPHoP-RF;62.50
NODE_6_length_40949_cov_108.762557,RS_GCF_003143695.2,d__Bacteria;p__Firmicutes;c__Bacilli;o__Lactobacillales;f__Streptococcaceae;g__Streptococcus;s__Streptococcus halitosis,iPHoP-RF,95.70,blast;89.70
NODE_6_length_40949_cov_108.762557,RS_GCF_002860865.1,d__Bacteria;p__Firmicutes;c__Bacilli;o__Lactobacillales;f__Streptococcaceae;g__Streptococcus;s__Streptococcus mitis_AT,iPHoP-RF,94.40,None
NODE_6_length_40949_cov_108.762557,RS_GCF_002096435.1,d__Bacteria;p__Firmicutes;c__Bacilli;o__Lactobacillales;f__Streptococcaceae;g__Streptococcus;s__Streptococcus oralis_AA,iPHoP-RF,94.10,None
NODE_6_length_40949_cov_108.762557,RS_GCF_002096445.1,d__Bacteria;p__Firmicutes;c__Bacilli;o__Lactobacillales;f__Streptococcaceae;g__Streptococcus;s__Streptococcus oralis_N,iPHoP-RF,94.10,None
NODE_6_length_40949_cov_108.762557,RS_GCF_003942795.1,d__Bacteria;p__Firmicutes;c__Bacilli;o__Lactobacillales;f__Streptococcaceae;g__Streptococcus;s__Streptococcus mitis_BJ,iPHoP-RF,94.10,None
NODE_6_length_40949_cov_108.762557,RS_GCF_000222705.1,d__Bacteria;p__Firmicutes;c__Bacilli;o__Lactobacillales;f__Streptococcaceae;g__Streptococcus;s__Streptococcus mitis_AY,iPHoP-RF,93.40,blast;89.70
NODE_6_length_40949_cov_108.762557,RS_GCF_001553685.1,d__Bacteria;p__Firmicutes;c__Bacilli;o__Lactobacillales;f__Streptococcaceae;g__Streptococcus;s__Streptococcus sp001553685,iPHoP-RF,93.10,blast;89.70
NODE_6_length_40949_cov_108.762557,RS_GCF_002096675.1,d__Bacteria;p__Firmicutes;c__Bacilli;o__Lactobacillales;f__Streptococcaceae;g__Streptococcus;s__Streptococcus dentisani,iPHoP-RF,93.10,None
NODE_6_length_40949_cov_108.762557,RS_GCF_003942675.1,d__Bacteria;p__Firmicutes;c__Bacilli;o__Lactobacillales;f__Streptococcaceae;g__Streptococcus;s__Streptococcus oralis_BC,iPHoP-RF,93.10,None
NODE_6_length_40949_cov_108.762557,RS_GCF_000187585.1,d__Bacteria;p__Firmicutes;c__Bacilli;o__Lactobacillales;f__Streptococcaceae;g__Streptococcus;s__Streptococcus peroris,iPHoP-RF,92.80,None
NODE_6_length_40949_cov_108.762557,RS_GCF_003942695.1,d__Bacteria;p__Firmicutes;c__Bacilli;o__Lactobacillales;f__Streptococcaceae;g__Streptococcus;s__Streptococcus mitis_BD,iPHoP-RF,92.10,None
NODE_6_length_40949_cov_108.762557,RS_GCF_004353325.1,d__Bacteria;p__Firmicutes;c__Bacilli;o__Lactobacillales;f__Streptococcaceae;g__Streptococcus;s__Streptococcus sp004353325,iPHoP-RF,92.10,None
NODE_6_length_40949_cov_108.762557,RS_GCF_000235485.1,d__Bacteria;p__Firmicutes;c__Bacilli;o__Lactobacillales;f__Streptococcaceae;g__Streptococcus;s__Streptococcus sp000235485,iPHoP-RF,91.80,None
NODE_6_length_40949_cov_108.762557,RS_GCF_001579175.1,d__Bacteria;p__Firmicutes;c__Bacilli;o__Lactobacillales;f__Streptococcaceae;g__Streptococcus;s__Streptococcus oralis_O,iPHoP-RF,91.80,None
NODE_6_length_40949_cov_108.762557,RS_GCF_002096815.1,d__Bacteria;p__Firmicutes;c__Bacilli;o__Lactobacillales;f__Streptococcaceae;g__Streptococcus;s__Streptococcus mitis_AD,iPHoP-RF,91.80,None
NODE_6_length_40949_cov_108.762557,RS_GCF_001068775.1,d__Bacteria;p__Firmicutes;c__Bacilli;o__Lactobacillales;f__Streptococcaceae;g__Streptococcus;s__Streptococcus pseudopneumoniae_N,iPHoP-RF,91.40,None
NODE_6_length_40949_cov_108.762557,RS_GCF_000187465.1,d__Bacteria;p__Firmicutes;c__Bacilli;o__Lactobacillales;f__Streptococcaceae;g__Streptococcus;s__Streptococcus infantis,iPHoP-RF,91.10,None
NODE_6_length_40949_cov_108.762557,RS_GCF_000279535.1,d__Bacteria;p__Firmicutes;c__Bacilli;o__Lactobacillales;f__Streptococcaceae;g__Streptococcus;s__Streptococcus infantis_I,iPHoP-RF,91.10,None
NODE_6_length_40949_cov_108.762557,RS_GCF_900095845.1,d__Bacteria;p__Firmicutes;c__Bacilli;o__Lactobacillales;f__Streptococcaceae;g__Streptococcus;s__Streptococcus timonensis,iPHoP-RF,90.80,None
NODE_6_length_40949_cov_108.762557,RS_GCF_000963275.1,d__Bacteria;p__Firmicutes;c__Bacilli;o__Lactobacillales;f__Streptococcaceae;g__Streptococcus;s__Streptococcus parasanguinis_B,blast,90.60,iPHoP-RF;73.90
NODE_6_length_40949_cov_108.762557,RS_GCF_000223335.1,d__Bacteria;p__Firmicutes;c__Bacilli;o__Lactobacillales;f__Streptococcaceae;g__Streptococcus;s__Streptococcus infantis_H,iPHoP-RF,90.50,None
NODE_6_length_40949_cov_108.762557,RS_GCF_001073155.1,d__Bacteria;p__Firmicutes;c__Bacilli;o__Lactobacillales;f__Streptococcaceae;g__Streptococcus;s__Streptococcus parasanguinis_D,blast,90.50,iPHoP-RF;73.00
NODE_6_length_52607_cov_9.933057|provirus_1_41423,RS_GCF_000025985.1,d__Bacteria;p__Bacteroidota;c__Bacteroidia;o__Bacteroidales;f__Bacteroidaceae;g__Bacteroides;s__Bacteroides fragilis,blast,98.40,iPHoP-RF;67.50
NODE_70_length_13273_cov_6.002270,GB_GCA_900755095.1,d__Bacteria;p__Bacteroidota;c__Bacteroidia;o__Bacteroidales;f__Bacteroidaceae;g__Bacteroides;s__Bacteroides sp900755095,iPHoP-RF,96.40,None
NODE_70_length_13273_cov_6.002270,RS_GCF_000011065.1,d__Bacteria;p__Bacteroidota;c__Bacteroidia;o__Bacteroidales;f__Bacteroidaceae;g__Bacteroides;s__Bacteroides thetaiotaomicron,iPHoP-RF,96.40,blast;93.90
NODE_70_length_13273_cov_6.002270,RS_GCF_900106755.1,d__Bacteria;p__Bacteroidota;c__Bacteroidia;o__Bacteroidales;f__Bacteroidaceae;g__Bacteroides;s__Bacteroides faecis,iPHoP-RF,96.40,blast;91.90
NODE_70_length_13273_cov_6.002270,RS_GCF_001314995.1,d__Bacteria;p__Bacteroidota;c__Bacteroidia;o__Bacteroidales;f__Bacteroidaceae;g__Bacteroides;s__Bacteroides ovatus,iPHoP-RF,93.70,blast;78.70
NODE_70_length_13273_cov_6.002270,RS_GCF_000154205.1,d__Bacteria;p__Bacteroidota;c__Bacteroidia;o__Bacteroidales;f__Bacteroidaceae;g__Bacteroides;s__Bacteroides uniformis,iPHoP-RF,92.80,blast;92.00
NODE_70_length_13273_cov_6.002270,RS_GCF_903181435.1,d__Bacteria;p__Bacteroidota;c__Bacteroidia;o__Bacteroidales;f__Bacteroidaceae;g__Bacteroides;s__Bacteroides acidifaciens_A,iPHoP-RF,92.40,None
NODE_70_length_13273_cov_6.002270,GB_GCA_000210075.1,d__Bacteria;p__Bacteroidota;c__Bacteroidia;o__Bacteroidales;f__Bacteroidaceae;g__Bacteroides;s__Bacteroides xylanisolvens,iPHoP-RF,92.10,blast;76.30
NODE_70_length_13273_cov_6.002270,GB_GCA_900556625.1,d__Bacteria;p__Bacteroidota;c__Bacteroidia;o__Bacteroidales;f__Bacteroidaceae;g__Bacteroides;s__Bacteroides sp900556625,iPHoP-RF,92.10,None
NODE_70_length_13273_cov_6.002270,RS_GCF_009193295.2,d__Bacteria;p__Bacteroidota;c__Bacteroidia;o__Bacteroidales;f__Bacteroidaceae;g__Bacteroides;s__Bacteroides sp007097645,iPHoP-RF,92.10,None
NODE_70_length_13273_cov_6.002270,RS_GCF_002222615.2,d__Bacteria;p__Bacteroidota;c__Bacteroidia;o__Bacteroidales;f__Bacteroidaceae;g__Bacteroides;s__Bacteroides caccae,iPHoP-RF,91.40,blast;78.40
NODE_70_length_13273_cov_6.002270,RS_GCF_000156195.1,d__Bacteria;p__Bacteroidota;c__Bacteroidia;o__Bacteroidales;f__Bacteroidaceae;g__Bacteroides;s__Bacteroides finegoldii,iPHoP-RF,91.10,None
NODE_711_length_1467_cov_22.435552,RS_GCF_902167755.1,d__Bacteria;p__Bacteroidota;c__Bacteroidia;o__Bacteroidales;f__Bacteroidaceae;g__Prevotella;s__Prevotella sp900557255,blast,94.90,iPHoP-RF;81.60
NODE_711_length_1467_cov_22.435552,RS_GCF_000157935.1,d__Bacteria;p__Bacteroidota;c__Bacteroidia;o__Bacteroidales;f__Bacteroidaceae;g__Prevotella;s__Prevotella copri,blast,94.60,iPHoP-RF;86.30
NODE_718_length_3957_cov_7.268324,RS_GCF_014131695.1,d__Bacteria;p__Firmicutes;c__Bacilli;o__Erysipelotrichales;f__Erysipelatoclostridiaceae;g__Erysipelatoclostridium;s__Erysipelatoclostridium ramosum,blast,95.30,iPHoP-RF;63.30
NODE_71_length_11119_cov_10.012654,RS_GCF_001077535.1,d__Bacteria;p__Firmicutes_A;c__Clostridia;o__Peptostreptococcales;f__Peptostreptococcaceae;g__Clostridioides;s__Clostridioides difficile,blast,94.80,iPHoP-RF;82.20
NODE_71_length_11119_cov_10.012654,RS_GCF_000449425.2,d__Bacteria;p__Firmicutes_A;c__Clostridia;o__Peptostreptococcales;f__Peptostreptococcaceae;g__Clostridioides;s__Clostridioides difficile_E,blast,92.00,iPHoP-RF;88.90
NODE_71_length_2451_cov_4.832220,RS_GCF_001025175.1,d__Bacteria;p__Actinobacteriota;c__Actinomycetia;o__Actinomycetales;f__Bifidobacteriaceae;g__Bifidobacterium;s__Bifidobacterium breve,CRISPR,97.80,iPHoP-RF;79.00
NODE_71_length_2451_cov_4.832220,RS_GCF_000196555.1,d__Bacteria;p__Actinobacteriota;c__Actinomycetia;o__Actinomycetales;f__Bifidobacteriaceae;g__Bifidobacterium;s__Bifidobacterium longum,CRISPR,95.20,blast;93.40 iPHoP-RF;85.40
NODE_71_length_2451_cov_4.832220,RS_GCF_000269965.1,d__Bacteria;p__Actinobacteriota;c__Actinomycetia;o__Actinomycetales;f__Bifidobacteriaceae;g__Bifidobacterium;s__Bifidobacterium infantis,blast,93.20,iPHoP-RF;79.80
NODE_720_length_1472_cov_2.302047,GB_GCA_008681155.1,d__Bacteria;p__Firmicutes_A;c__Clostridia;o__Oscillospirales;f__Acutalibacteraceae;g__UBA1417;s__UBA1417 sp003531055,blast,93.60,iPHoP-RF;67.00
NODE_720_length_1472_cov_2.302047,GB_GCA_002305575.1,d__Bacteria;p__Firmicutes_A;c__Clostridia;o__Oscillospirales;f__Acutalibacteraceae;g__UBA1417;s__UBA1417 sp002305575,blast,93.10,iPHoP-RF;72.20
NODE_720_length_1472_cov_2.302047,GB_GCA_900552925.1,d__Bacteria;p__Firmicutes_A;c__Clostridia;o__Oscillospirales;f__Acutalibacteraceae;g__UBA1417;s__UBA1417 sp900552925,blast,91.50,iPHoP-RF;68.90
NODE_720_length_1472_cov_2.302047,GB_GCA_004555625.1,d__Bacteria;p__Firmicutes_A;c__Clostridia;o__Oscillospirales;f__Acutalibacteraceae;g__UBA1417;s__UBA1417 bromii_A,blast,90.70,iPHoP-RF;65.80
NODE_721_length_3287_cov_5.030322,RS_GCF_003697165.2,d__Bacteria;p__Proteobacteria;c__Gammaproteobacteria;o__Enterobacterales;f__Enterobacteriaceae;g__Escherichia;s__Escherichia coli,blast,96.90,iPHoP-RF;71.10
NODE_721_length_3287_cov_5.030322,RS_GCF_000026325.1,d__Bacteria;p__Proteobacteria;c__Gammaproteobacteria;o__Enterobacterales;f__Enterobacteriaceae;g__Escherichia;s__Escherichia coli_D,blast,96.70,iPHoP-RF;72.60
NODE_721_length_3287_cov_5.030322,RS_GCF_002949675.1,d__Bacteria;p__Proteobacteria;c__Gammaproteobacteria;o__Enterobacterales;f__Enterobacteriaceae;g__Escherichia;s__Escherichia dysenteriae,blast,96.70,iPHoP-RF;71.70
NODE_721_length_3287_cov_5.030322,RS_GCF_002950215.1,d__Bacteria;p__Proteobacteria;c__Gammaproteobacteria;o__Enterobacterales;f__Enterobacteriaceae;g__Escherichia;s__Escherichia flexneri,blast,96.60,iPHoP-RF;73.00
NODE_721_length_3287_cov_5.030322,GB_GCA_003018335.1,d__Bacteria;p__Proteobacteria;c__Gammaproteobacteria;o__Enterobacterales;f__Enterobacteriaceae;g__Escherichia;s__Escherichia coli_C,blast,96.50,iPHoP-RF;71.30
NODE_721_length_3287_cov_5.030322,RS_GCF_000026225.1,d__Bacteria;p__Proteobacteria;c__Gammaproteobacteria;o__Enterobacterales;f__Enterobacteriaceae;g__Escherichia;s__Escherichia fergusonii,blast,96.20,iPHoP-RF;72.80
NODE_721_length_3287_cov_5.030322,RS_GCF_000208585.1,d__Bacteria;p__Proteobacteria;c__Gammaproteobacteria;o__Enterobacterales;f__Enterobacteriaceae;g__Escherichia;s__Escherichia sp000208585,blast,96.20,iPHoP-RF;70.60
NODE_721_length_3287_cov_5.030322,RS_GCF_002900365.1,d__Bacteria;p__Proteobacteria;c__Gammaproteobacteria;o__Enterobacterales;f__Enterobacteriaceae;g__Escherichia;s__Escherichia marmotae,blast,95.90,iPHoP-RF;70.40
NODE_721_length_3287_cov_5.030322,RS_GCF_000759775.1,d__Bacteria;p__Proteobacteria;c__Gammaproteobacteria;o__Enterobacterales;f__Enterobacteriaceae;g__Escherichia;s__Escherichia albertii,blast,91.80,iPHoP-RF;70.20
NODE_724_length_1458_cov_2.410549,GB_GCA_902373435.1,d__Bacteria;p__Actinobacteriota;c__Actinomycetia;o__Actinomycetales;f__Actinomycetaceae;g__Pauljensenia;s__Pauljensenia sp902373435,blast,93.20,iPHoP-RF;65.10
NODE_724_length_3495_cov_6.613663,RS_GCF_000026325.1,d__Bacteria;p__Proteobacteria;c__Gammaproteobacteria;o__Enterobacterales;f__Enterobacteriaceae;g__Escherichia;s__Escherichia coli_D,blast,96.90,iPHoP-RF;90.80
NODE_724_length_3495_cov_6.613663,RS_GCF_002949675.1,d__Bacteria;p__Proteobacteria;c__Gammaproteobacteria;o__Enterobacterales;f__Enterobacteriaceae;g__Escherichia;s__Escherichia dysenteriae,blast,96.90,iPHoP-RF;92.80
NODE_724_length_3495_cov_6.613663,RS_GCF_002950215.1,d__Bacteria;p__Proteobacteria;c__Gammaproteobacteria;o__Enterobacterales;f__Enterobacteriaceae;g__Escherichia;s__Escherichia flexneri,blast,96.90,iPHoP-RF;88.20
NODE_724_length_3495_cov_6.613663,RS_GCF_003697165.2,d__Bacteria;p__Proteobacteria;c__Gammaproteobacteria;o__Enterobacterales;f__Enterobacteriaceae;g__Escherichia;s__Escherichia coli,blast,96.90,iPHoP-RF;90.50
NODE_724_length_3495_cov_6.613663,GB_GCA_003018335.1,d__Bacteria;p__Proteobacteria;c__Gammaproteobacteria;o__Enterobacterales;f__Enterobacteriaceae;g__Escherichia;s__Escherichia coli_C,blast,96.80,iPHoP-RF;87.60
NODE_724_length_3495_cov_6.613663,RS_GCF_000026225.1,d__Bacteria;p__Proteobacteria;c__Gammaproteobacteria;o__Enterobacterales;f__Enterobacteriaceae;g__Escherichia;s__Escherichia fergusonii,blast,96.80,iPHoP-RF;90.10
NODE_724_length_3495_cov_6.613663,RS_GCF_000208585.1,d__Bacteria;p__Proteobacteria;c__Gammaproteobacteria;o__Enterobacterales;f__Enterobacteriaceae;g__Escherichia;s__Escherichia sp000208585,blast,96.80,iPHoP-RF;88.20
NODE_724_length_3495_cov_6.613663,RS_GCF_000759775.1,d__Bacteria;p__Proteobacteria;c__Gammaproteobacteria;o__Enterobacterales;f__Enterobacteriaceae;g__Escherichia;s__Escherichia albertii,blast,96.80,iPHoP-RF;79.80
NODE_724_length_3495_cov_6.613663,RS_GCF_002900365.1,d__Bacteria;p__Proteobacteria;c__Gammaproteobacteria;o__Enterobacterales;f__Enterobacteriaceae;g__Escherichia;s__Escherichia marmotae,blast,96.80,iPHoP-RF;89.50
NODE_724_length_3495_cov_6.613663,RS_GCF_004211955.1,d__Bacteria;p__Proteobacteria;c__Gammaproteobacteria;o__Enterobacterales;f__Enterobacteriaceae;g__Escherichia;s__Escherichia sp004211955,iPHoP-RF,94.70,None
NODE_724_length_3495_cov_6.613663,RS_GCF_005843885.1,d__Bacteria;p__Proteobacteria;c__Gammaproteobacteria;o__Enterobacterales;f__Enterobacteriaceae;g__Escherichia;s__Escherichia sp005843885,iPHoP-RF,94.40,None
NODE_724_length_3495_cov_6.613663,RS_GCF_011881725.1,d__Bacteria;p__Proteobacteria;c__Gammaproteobacteria;o__Enterobacterales;f__Enterobacteriaceae;g__Escherichia;s__Escherichia coli_E,iPHoP-RF,93.10,None
NODE_724_length_3495_cov_6.613663,RS_GCF_001660175.1,d__Bacteria;p__Proteobacteria;c__Gammaproteobacteria;o__Enterobacterales;f__Enterobacteriaceae;g__Escherichia;s__Escherichia sp001660175,iPHoP-RF,92.10,None
NODE_726_length_3481_cov_4.020432,GB_GCA_003018335.1,d__Bacteria;p__Proteobacteria;c__Gammaproteobacteria;o__Enterobacterales;f__Enterobacteriaceae;g__Escherichia;s__Escherichia coli_C,iPHoP-RF,97.10,None
NODE_726_length_3481_cov_4.020432,RS_GCF_000026225.1,d__Bacteria;p__Proteobacteria;c__Gammaproteobacteria;o__Enterobacterales;f__Enterobacteriaceae;g__Escherichia;s__Escherichia fergusonii,iPHoP-RF,97.10,None
NODE_726_length_3481_cov_4.020432,RS_GCF_000026325.1,d__Bacteria;p__Proteobacteria;c__Gammaproteobacteria;o__Enterobacterales;f__Enterobacteriaceae;g__Escherichia;s__Escherichia coli_D,iPHoP-RF,97.10,blast;92.40
NODE_726_length_3481_cov_4.020432,RS_GCF_002949675.1,d__Bacteria;p__Proteobacteria;c__Gammaproteobacteria;o__Enterobacterales;f__Enterobacteriaceae;g__Escherichia;s__Escherichia dysenteriae,iPHoP-RF,97.10,blast;92.20
NODE_726_length_3481_cov_4.020432,RS_GCF_004211955.1,d__Bacteria;p__Proteobacteria;c__Gammaproteobacteria;o__Enterobacterales;f__Enterobacteriaceae;g__Escherichia;s__Escherichia sp004211955,iPHoP-RF,97.10,blast;92.20
NODE_726_length_3481_cov_4.020432,RS_GCF_000208585.1,d__Bacteria;p__Proteobacteria;c__Gammaproteobacteria;o__Enterobacterales;f__Enterobacteriaceae;g__Escherichia;s__Escherichia sp000208585,iPHoP-RF,96.70,blast;92.20
NODE_726_length_3481_cov_4.020432,RS_GCF_000759775.1,d__Bacteria;p__Proteobacteria;c__Gammaproteobacteria;o__Enterobacterales;f__Enterobacteriaceae;g__Escherichia;s__Escherichia albertii,iPHoP-RF,96.70,None
NODE_726_length_3481_cov_4.020432,RS_GCF_001660175.1,d__Bacteria;p__Proteobacteria;c__Gammaproteobacteria;o__Enterobacterales;f__Enterobacteriaceae;g__Escherichia;s__Escherichia sp001660175,iPHoP-RF,96.70,blast;92.20
NODE_726_length_3481_cov_4.020432,RS_GCF_002900365.1,d__Bacteria;p__Proteobacteria;c__Gammaproteobacteria;o__Enterobacterales;f__Enterobacteriaceae;g__Escherichia;s__Escherichia marmotae,iPHoP-RF,96.70,blast;92.20
NODE_726_length_3481_cov_4.020432,RS_GCF_002950215.1,d__Bacteria;p__Proteobacteria;c__Gammaproteobacteria;o__Enterobacterales;f__Enterobacteriaceae;g__Escherichia;s__Escherichia flexneri,iPHoP-RF,96.70,blast;93.90
NODE_726_length_3481_cov_4.020432,RS_GCF_002965065.1,d__Bacteria;p__Proteobacteria;c__Gammaproteobacteria;o__Enterobacterales;f__Enterobacteriaceae;g__Escherichia;s__Escherichia sp002965065,iPHoP-RF,96.70,blast;92.20
NODE_726_length_3481_cov_4.020432,RS_GCF_005843885.1,d__Bacteria;p__Proteobacteria;c__Gammaproteobacteria;o__Enterobacterales;f__Enterobacteriaceae;g__Escherichia;s__Escherichia sp005843885,iPHoP-RF,96.70,None
NODE_726_length_3481_cov_4.020432,RS_GCF_011881725.1,d__Bacteria;p__Proteobacteria;c__Gammaproteobacteria;o__Enterobacterales;f__Enterobacteriaceae;g__Escherichia;s__Escherichia coli_E,iPHoP-RF,96.70,None
NODE_726_length_3481_cov_4.020432,RS_GCF_003697165.2,d__Bacteria;p__Proteobacteria;c__Gammaproteobacteria;o__Enterobacterales;f__Enterobacteriaceae;g__Escherichia;s__Escherichia coli,iPHoP-RF,96.40,blast;91.90
NODE_72_length_5193_cov_3.367653,RS_GCF_000026225.1,d__Bacteria;p__Proteobacteria;c__Gammaproteobacteria;o__Enterobacterales;f__Enterobacteriaceae;g__Escherichia;s__Escherichia fergusonii,blast,96.70,iPHoP-RF;84.20
NODE_72_length_5193_cov_3.367653,RS_GCF_000026325.1,d__Bacteria;p__Proteobacteria;c__Gammaproteobacteria;o__Enterobacterales;f__Enterobacteriaceae;g__Escherichia;s__Escherichia coli_D,blast,96.70,iPHoP-RF;93.70
NODE_72_length_5193_cov_3.367653,RS_GCF_001660175.1,d__Bacteria;p__Proteobacteria;c__Gammaproteobacteria;o__Enterobacterales;f__Enterobacteriaceae;g__Escherichia;s__Escherichia sp001660175,blast,96.70,iPHoP-RF;93.40
NODE_72_length_5193_cov_3.367653,RS_GCF_002900365.1,d__Bacteria;p__Proteobacteria;c__Gammaproteobacteria;o__Enterobacterales;f__Enterobacteriaceae;g__Escherichia;s__Escherichia marmotae,blast,96.70,iPHoP-RF;84.20
NODE_72_length_5193_cov_3.367653,RS_GCF_002950215.1,d__Bacteria;p__Proteobacteria;c__Gammaproteobacteria;o__Enterobacterales;f__Enterobacteriaceae;g__Escherichia;s__Escherichia flexneri,blast,96.70,iPHoP-RF;91.40
NODE_72_length_5193_cov_3.367653,RS_GCF_003697165.2,d__Bacteria;p__Proteobacteria;c__Gammaproteobacteria;o__Enterobacterales;f__Enterobacteriaceae;g__Escherichia;s__Escherichia coli,blast,96.70,iPHoP-RF;83.10
NODE_72_length_5193_cov_3.367653,RS_GCF_004211955.1,d__Bacteria;p__Proteobacteria;c__Gammaproteobacteria;o__Enterobacterales;f__Enterobacteriaceae;g__Escherichia;s__Escherichia sp004211955,blast,96.70,iPHoP-RF;92.80
NODE_72_length_5193_cov_3.367653,RS_GCF_011881725.1,d__Bacteria;p__Proteobacteria;c__Gammaproteobacteria;o__Enterobacterales;f__Enterobacteriaceae;g__Escherichia;s__Escherichia coli_E,blast,96.70,iPHoP-RF;91.40
NODE_72_length_5193_cov_3.367653,RS_GCF_005843885.1,d__Bacteria;p__Proteobacteria;c__Gammaproteobacteria;o__Enterobacterales;f__Enterobacteriaceae;g__Escherichia;s__Escherichia sp005843885,iPHoP-RF,92.40,None
NODE_72_length_5193_cov_3.367653,RS_GCF_000208585.1,d__Bacteria;p__Proteobacteria;c__Gammaproteobacteria;o__Enterobacterales;f__Enterobacteriaceae;g__Escherichia;s__Escherichia sp000208585,iPHoP-RF,91.40,None
NODE_72_length_5193_cov_3.367653,RS_GCF_002965065.1,d__Bacteria;p__Proteobacteria;c__Gammaproteobacteria;o__Enterobacterales;f__Enterobacteriaceae;g__Escherichia;s__Escherichia sp002965065,iPHoP-RF,91.40,None
NODE_72_length_5193_cov_3.367653,RS_GCF_002949675.1,d__Bacteria;p__Proteobacteria;c__Gammaproteobacteria;o__Enterobacterales;f__Enterobacteriaceae;g__Escherichia;s__Escherichia dysenteriae,iPHoP-RF,90.50,None
NODE_72_length_5267_cov_4.193975,RS_GCF_002160765.1,d__Bacteria;p__Firmicutes_A;c__Clostridia;o__Lachnospirales;f__Lachnospiraceae;g__Anaerosacchariphilus;s__Anaerosacchariphilus sp002160765,blast,93.20,None
NODE_734_length_1432_cov_2.807553,RS_GCF_003293635.1,d__Bacteria;p__Firmicutes_A;c__Clostridia;o__Oscillospirales;f__Ruminococcaceae;g__Faecalibacterium;s__Faecalibacterium prausnitzii_G,blast,91.50,iPHoP-RF;60.90
NODE_734_length_1432_cov_2.807553,RS_GCF_003324185.1,d__Bacteria;p__Firmicutes_A;c__Clostridia;o__Oscillospirales;f__Ruminococcaceae;g__Faecalibacterium;s__Faecalibacterium prausnitzii,blast,91.30,iPHoP-RF;85.10
NODE_734_length_1432_cov_2.807553,RS_GCF_002550015.1,d__Bacteria;p__Firmicutes_A;c__Clostridia;o__Oscillospirales;f__Ruminococcaceae;g__Faecalibacterium;s__Faecalibacterium prausnitzii_A,blast,91.10,iPHoP-RF;84.80
NODE_734_length_1432_cov_2.807553,GB_GCA_900551435.1,d__Bacteria;p__Firmicutes_A;c__Clostridia;o__Oscillospirales;f__Ruminococcaceae;g__Faecalibacterium;s__Faecalibacterium sp900551435,blast,90.70,iPHoP-RF;61.90
NODE_734_length_1432_cov_2.807553,RS_GCF_002549755.1,d__Bacteria;p__Firmicutes_A;c__Clostridia;o__Oscillospirales;f__Ruminococcaceae;g__Faecalibacterium;s__Faecalibacterium prausnitzii_D,blast,90.70,iPHoP-RF;64.00
NODE_734_length_1432_cov_2.807553,RS_GCF_002550035.1,d__Bacteria;p__Firmicutes_A;c__Clostridia;o__Oscillospirales;f__Ruminococcaceae;g__Faecalibacterium;s__Faecalibacterium prausnitzii_E,blast,90.40,iPHoP-RF;62.20
NODE_734_length_1432_cov_2.807553,GB_GCA_900539945.1,d__Bacteria;p__Firmicutes_A;c__Clostridia;o__Oscillospirales;f__Ruminococcaceae;g__Faecalibacterium;s__Faecalibacterium sp900539945,blast,90.10,None
NODE_736_length_1448_cov_4.040919,RS_GCF_902167755.1,d__Bacteria;p__Bacteroidota;c__Bacteroidia;o__Bacteroidales;f__Bacteroidaceae;g__Prevotella;s__Prevotella sp900557255,blast,91.50,iPHoP-RF;69.30
NODE_736_length_1448_cov_4.040919,RS_GCF_000157935.1,d__Bacteria;p__Bacteroidota;c__Bacteroidia;o__Bacteroidales;f__Bacteroidaceae;g__Prevotella;s__Prevotella copri,blast,91.30,iPHoP-RF;69.50
NODE_738_length_1429_cov_2.097525,3300008638_6,d__Bacteria;p__Bacteroidota;c__Bacteroidia;o__Flavobacteriales;f__Flavobacteriaceae;g__Capnocytophaga;s__,blast,94.50,None
NODE_738_length_3371_cov_4.189988,RS_GCF_001660175.1,d__Bacteria;p__Proteobacteria;c__Gammaproteobacteria;o__Enterobacterales;f__Enterobacteriaceae;g__Escherichia;s__Escherichia sp001660175,iPHoP-RF,94.40,blast;92.90
NODE_738_length_3371_cov_4.189988,RS_GCF_005843885.1,d__Bacteria;p__Proteobacteria;c__Gammaproteobacteria;o__Enterobacterales;f__Enterobacteriaceae;g__Escherichia;s__Escherichia sp005843885,iPHoP-RF,94.10,None
NODE_738_length_3371_cov_4.189988,RS_GCF_003697165.2,d__Bacteria;p__Proteobacteria;c__Gammaproteobacteria;o__Enterobacterales;f__Enterobacteriaceae;g__Escherichia;s__Escherichia coli,blast,93.90,iPHoP-RF;90.50
NODE_738_length_3371_cov_4.189988,RS_GCF_002949675.1,d__Bacteria;p__Proteobacteria;c__Gammaproteobacteria;o__Enterobacterales;f__Enterobacteriaceae;g__Escherichia;s__Escherichia dysenteriae,iPHoP-RF,93.70,blast;92.90
NODE_738_length_3371_cov_4.189988,RS_GCF_002965065.1,d__Bacteria;p__Proteobacteria;c__Gammaproteobacteria;o__Enterobacterales;f__Enterobacteriaceae;g__Escherichia;s__Escherichia sp002965065,iPHoP-RF,93.70,blast;92.90
NODE_738_length_3371_cov_4.189988,RS_GCF_000026325.1,d__Bacteria;p__Proteobacteria;c__Gammaproteobacteria;o__Enterobacterales;f__Enterobacteriaceae;g__Escherichia;s__Escherichia coli_D,blast,93.00,iPHoP-RF;91.80
NODE_738_length_3371_cov_4.189988,RS_GCF_002900365.1,d__Bacteria;p__Proteobacteria;c__Gammaproteobacteria;o__Enterobacterales;f__Enterobacteriaceae;g__Escherichia;s__Escherichia marmotae,blast,92.90,iPHoP-RF;92.40
NODE_738_length_3371_cov_4.189988,RS_GCF_002950215.1,d__Bacteria;p__Proteobacteria;c__Gammaproteobacteria;o__Enterobacterales;f__Enterobacteriaceae;g__Escherichia;s__Escherichia flexneri,blast,92.20,iPHoP-RF;87.60
NODE_738_length_3371_cov_4.189988,RS_GCF_004211955.1,d__Bacteria;p__Proteobacteria;c__Gammaproteobacteria;o__Enterobacterales;f__Enterobacteriaceae;g__Escherichia;s__Escherichia sp004211955,iPHoP-RF,91.80,None
NODE_738_length_3371_cov_4.189988,GB_GCA_003018335.1,d__Bacteria;p__Proteobacteria;c__Gammaproteobacteria;o__Enterobacterales;f__Enterobacteriaceae;g__Escherichia;s__Escherichia coli_C,iPHoP-RF,90.50,None
NODE_73_length_7736_cov_5.400078,RS_GCF_900637515.1,d__Bacteria;p__Firmicutes_C;c__Negativicutes;o__Veillonellales;f__Veillonellaceae;g__Veillonella;s__Veillonella dispar,iPHoP-RF,93.70,blast;93.00
NODE_73_length_7736_cov_5.400078,RS_GCF_000024945.1,d__Bacteria;p__Firmicutes_C;c__Negativicutes;o__Veillonellales;f__Veillonellaceae;g__Veillonella;s__Veillonella parvula,iPHoP-RF,92.80,blast;91.70
NODE_73_length_7736_cov_5.400078,GB_GCA_900550175.1,d__Bacteria;p__Firmicutes_C;c__Negativicutes;o__Veillonellales;f__Veillonellaceae;g__Veillonella;s__Veillonella sp900550175,iPHoP-RF,92.40,None
NODE_73_length_7736_cov_5.400078,RS_GCF_902810435.1,d__Bacteria;p__Firmicutes_C;c__Negativicutes;o__Veillonellales;f__Veillonellaceae;g__Veillonella;s__Veillonella parvula_A,blast,91.90,iPHoP-RF;91.10 CRISPR;55.80
NODE_73_length_7736_cov_5.400078,RS_GCF_002959775.1,d__Bacteria;p__Firmicutes_C;c__Negativicutes;o__Veillonellales;f__Veillonellaceae;g__Veillonella;s__Veillonella rogosae,blast,91.30,iPHoP-RF;90.10
NODE_73_length_7736_cov_5.400078,RS_GCF_002959755.1,d__Bacteria;p__Firmicutes_C;c__Negativicutes;o__Veillonellales;f__Veillonellaceae;g__Veillonella;s__Veillonella sp002959755,iPHoP-RF,91.10,None
NODE_73_length_7736_cov_5.400078,RS_GCF_013393365.1,d__Bacteria;p__Firmicutes_C;c__Negativicutes;o__Veillonellales;f__Veillonellaceae;g__Veillonella;s__Veillonella dispar_A,blast,90.60,iPHoP-RF;86.00
NODE_73_length_7736_cov_5.400078,GB_GCA_900538355.1,d__Bacteria;p__Firmicutes_C;c__Negativicutes;o__Veillonellales;f__Veillonellaceae;g__Veillonella;s__Veillonella sp900538355,iPHoP-RF,90.50,None
NODE_73_length_7736_cov_5.400078,GB_GCA_900552445.1,d__Bacteria;p__Firmicutes_C;c__Negativicutes;o__Veillonellales;f__Veillonellaceae;g__Veillonella;s__Veillonella sp900552445,iPHoP-RF,90.50,None
NODE_745_length_1204_cov_2.510009,RS_GCF_000196555.1,d__Bacteria;p__Actinobacteriota;c__Actinomycetia;o__Actinomycetales;f__Bifidobacteriaceae;g__Bifidobacterium;s__Bifidobacterium longum,blast,92.70,iPHoP-RF;77.80 CRISPR;68.40
NODE_745_length_1204_cov_2.510009,RS_GCF_002860405.1,d__Bacteria;p__Actinobacteriota;c__Actinomycetia;o__Actinomycetales;f__Bifidobacteriaceae;g__Bifidobacterium;s__Bifidobacterium imperatoris,iPHoP-RF,90.50,blast;90.40
NODE_748_length_1419_cov_2.627566,RS_GCF_000024945.1,d__Bacteria;p__Firmicutes_C;c__Negativicutes;o__Veillonellales;f__Veillonellaceae;g__Veillonella;s__Veillonella parvula,blast,96.40,iPHoP-RF;86.00
NODE_748_length_1419_cov_2.627566,RS_GCF_902810435.1,d__Bacteria;p__Firmicutes_C;c__Negativicutes;o__Veillonellales;f__Veillonellaceae;g__Veillonella;s__Veillonella parvula_A,blast,95.00,iPHoP-RF;78.00 CRISPR;53.40
NODE_748_length_1419_cov_2.627566,RS_GCF_002959855.1,d__Bacteria;p__Firmicutes_C;c__Negativicutes;o__Veillonellales;f__Veillonellaceae;g__Veillonella;s__Veillonella denticariosi,blast,90.90,iPHoP-RF;52.00
NODE_74_length_2302_cov_3.058300,RS_GCF_003697165.2,d__Bacteria;p__Proteobacteria;c__Gammaproteobacteria;o__Enterobacterales;f__Enterobacteriaceae;g__Escherichia;s__Escherichia coli,blast,97.40,iPHoP-RF;79.50
NODE_74_length_2302_cov_3.058300,RS_GCF_000759775.1,d__Bacteria;p__Proteobacteria;c__Gammaproteobacteria;o__Enterobacterales;f__Enterobacteriaceae;g__Escherichia;s__Escherichia albertii,blast,96.90,iPHoP-RF;73.90
NODE_74_length_2302_cov_3.058300,GB_GCA_003018335.1,d__Bacteria;p__Proteobacteria;c__Gammaproteobacteria;o__Enterobacterales;f__Enterobacteriaceae;g__Escherichia;s__Escherichia coli_C,blast,96.80,iPHoP-RF;78.50
NODE_74_length_2302_cov_3.058300,RS_GCF_000026225.1,d__Bacteria;p__Proteobacteria;c__Gammaproteobacteria;o__Enterobacterales;f__Enterobacteriaceae;g__Escherichia;s__Escherichia fergusonii,blast,96.80,iPHoP-RF;75.00
NODE_74_length_2302_cov_3.058300,RS_GCF_000026325.1,d__Bacteria;p__Proteobacteria;c__Gammaproteobacteria;o__Enterobacterales;f__Enterobacteriaceae;g__Escherichia;s__Escherichia coli_D,blast,96.80,iPHoP-RF;74.80
NODE_74_length_2302_cov_3.058300,RS_GCF_000208585.1,d__Bacteria;p__Proteobacteria;c__Gammaproteobacteria;o__Enterobacterales;f__Enterobacteriaceae;g__Escherichia;s__Escherichia sp000208585,blast,96.80,iPHoP-RF;75.90
NODE_74_length_2302_cov_3.058300,RS_GCF_002900365.1,d__Bacteria;p__Proteobacteria;c__Gammaproteobacteria;o__Enterobacterales;f__Enterobacteriaceae;g__Escherichia;s__Escherichia marmotae,blast,96.80,iPHoP-RF;73.90
NODE_74_length_2302_cov_3.058300,RS_GCF_002949675.1,d__Bacteria;p__Proteobacteria;c__Gammaproteobacteria;o__Enterobacterales;f__Enterobacteriaceae;g__Escherichia;s__Escherichia dysenteriae,blast,96.80,iPHoP-RF;78.70
NODE_74_length_2302_cov_3.058300,RS_GCF_002950215.1,d__Bacteria;p__Proteobacteria;c__Gammaproteobacteria;o__Enterobacterales;f__Enterobacteriaceae;g__Escherichia;s__Escherichia flexneri,blast,96.80,iPHoP-RF;76.10
NODE_74_length_2302_cov_3.058300,RS_GCF_004211955.1,d__Bacteria;p__Proteobacteria;c__Gammaproteobacteria;o__Enterobacterales;f__Enterobacteriaceae;g__Escherichia;s__Escherichia sp004211955,blast,96.80,iPHoP-RF;74.10
NODE_74_length_2302_cov_3.058300,RS_GCF_005843885.1,d__Bacteria;p__Proteobacteria;c__Gammaproteobacteria;o__Enterobacterales;f__Enterobacteriaceae;g__Escherichia;s__Escherichia sp005843885,blast,96.80,iPHoP-RF;74.60
NODE_74_length_2302_cov_3.058300,RS_GCF_011881725.1,d__Bacteria;p__Proteobacteria;c__Gammaproteobacteria;o__Enterobacterales;f__Enterobacteriaceae;g__Escherichia;s__Escherichia coli_E,blast,96.80,iPHoP-RF;76.10
NODE_754_length_3289_cov_3.889920,RS_GCF_001660175.1,d__Bacteria;p__Proteobacteria;c__Gammaproteobacteria;o__Enterobacterales;f__Enterobacteriaceae;g__Escherichia;s__Escherichia sp001660175,blast,92.50,iPHoP-RF;90.10
NODE_754_length_3289_cov_3.889920,GB_GCA_003018335.1,d__Bacteria;p__Proteobacteria;c__Gammaproteobacteria;o__Enterobacterales;f__Enterobacteriaceae;g__Escherichia;s__Escherichia coli_C,blast,92.40,iPHoP-RF;83.60
NODE_754_length_3289_cov_3.889920,RS_GCF_000208585.1,d__Bacteria;p__Proteobacteria;c__Gammaproteobacteria;o__Enterobacterales;f__Enterobacteriaceae;g__Escherichia;s__Escherichia sp000208585,blast,92.40,iPHoP-RF;85.70
NODE_754_length_3289_cov_3.889920,RS_GCF_002900365.1,d__Bacteria;p__Proteobacteria;c__Gammaproteobacteria;o__Enterobacterales;f__Enterobacteriaceae;g__Escherichia;s__Escherichia marmotae,blast,92.40,iPHoP-RF;87.90
NODE_754_length_3289_cov_3.889920,RS_GCF_002949675.1,d__Bacteria;p__Proteobacteria;c__Gammaproteobacteria;o__Enterobacterales;f__Enterobacteriaceae;g__Escherichia;s__Escherichia dysenteriae,blast,92.40,iPHoP-RF;90.10
NODE_754_length_3289_cov_3.889920,RS_GCF_002965065.1,d__Bacteria;p__Proteobacteria;c__Gammaproteobacteria;o__Enterobacterales;f__Enterobacteriaceae;g__Escherichia;s__Escherichia sp002965065,blast,92.40,iPHoP-RF;90.10
NODE_754_length_3289_cov_3.889920,RS_GCF_000026325.1,d__Bacteria;p__Proteobacteria;c__Gammaproteobacteria;o__Enterobacterales;f__Enterobacteriaceae;g__Escherichia;s__Escherichia coli_D,blast,92.10,iPHoP-RF;87.00
NODE_754_length_3289_cov_3.889920,RS_GCF_002950215.1,d__Bacteria;p__Proteobacteria;c__Gammaproteobacteria;o__Enterobacterales;f__Enterobacteriaceae;g__Escherichia;s__Escherichia flexneri,blast,91.70,iPHoP-RF;89.20
NODE_754_length_3289_cov_3.889920,RS_GCF_003697165.2,d__Bacteria;p__Proteobacteria;c__Gammaproteobacteria;o__Enterobacterales;f__Enterobacteriaceae;g__Escherichia;s__Escherichia coli,blast,91.10,iPHoP-RF;87.00
NODE_75_length_7645_cov_604.925033,RS_GCF_000010425.1,d__Bacteria;p__Actinobacteriota;c__Actinomycetia;o__Actinomycetales;f__Bifidobacteriaceae;g__Bifidobacterium;s__Bifidobacterium adolescentis,CRISPR,98.30,blast;96.00 iPHoP-RF;83.30
NODE_75_length_7645_cov_604.925033,RS_GCF_000800455.1,d__Bacteria;p__Actinobacteriota;c__Actinomycetia;o__Actinomycetales;f__Bifidobacteriaceae;g__Bifidobacterium;s__Bifidobacterium kashiwanohense_A,CRISPR,97.50,iPHoP-RF;85.70
NODE_75_length_7645_cov_604.925033,RS_GCF_001025215.1,d__Bacteria;p__Actinobacteriota;c__Actinomycetia;o__Actinomycetales;f__Bifidobacteriaceae;g__Bifidobacterium;s__Bifidobacterium pseudocatenulatum,blast,96.10,CRISPR;95.20 iPHoP-RF;93.40
NODE_75_length_7645_cov_604.925033,RS_GCF_001025175.1,d__Bacteria;p__Actinobacteriota;c__Actinomycetia;o__Actinomycetales;f__Bifidobacteriaceae;g__Bifidobacterium;s__Bifidobacterium breve,iPHoP-RF,95.70,CRISPR;95.20 blast;91.90
NODE_75_length_7645_cov_604.925033,RS_GCF_000196555.1,d__Bacteria;p__Actinobacteriota;c__Actinomycetia;o__Actinomycetales;f__Bifidobacteriaceae;g__Bifidobacterium;s__Bifidobacterium longum,blast,95.00,iPHoP-RF;81.40 CRISPR;68.20
NODE_75_length_7645_cov_604.925033,RS_GCF_000269965.1,d__Bacteria;p__Actinobacteriota;c__Actinomycetia;o__Actinomycetales;f__Bifidobacteriaceae;g__Bifidobacterium;s__Bifidobacterium infantis,iPHoP-RF,94.40,blast;89.70
NODE_75_length_7645_cov_604.925033,RS_GCF_000770925.1,d__Bacteria;p__Actinobacteriota;c__Actinomycetia;o__Actinomycetales;f__Bifidobacteriaceae;g__Bifidobacterium;s__Bifidobacterium ruminantium,blast,93.40,iPHoP-RF;81.90
NODE_761_length_3239_cov_5.625942,RS_GCF_004211955.1,d__Bacteria;p__Proteobacteria;c__Gammaproteobacteria;o__Enterobacterales;f__Enterobacteriaceae;g__Escherichia;s__Escherichia sp004211955,iPHoP-RF,96.70,None
NODE_761_length_3239_cov_5.625942,RS_GCF_011881725.1,d__Bacteria;p__Proteobacteria;c__Gammaproteobacteria;o__Enterobacterales;f__Enterobacteriaceae;g__Escherichia;s__Escherichia coli_E,iPHoP-RF,96.70,None
NODE_761_length_3239_cov_5.625942,RS_GCF_000026325.1,d__Bacteria;p__Proteobacteria;c__Gammaproteobacteria;o__Enterobacterales;f__Enterobacteriaceae;g__Escherichia;s__Escherichia coli_D,iPHoP-RF,96.40,blast;95.20
NODE_761_length_3239_cov_5.625942,RS_GCF_002949675.1,d__Bacteria;p__Proteobacteria;c__Gammaproteobacteria;o__Enterobacterales;f__Enterobacteriaceae;g__Escherichia;s__Escherichia dysenteriae,iPHoP-RF,96.40,None
NODE_761_length_3239_cov_5.625942,RS_GCF_002965065.1,d__Bacteria;p__Proteobacteria;c__Gammaproteobacteria;o__Enterobacterales;f__Enterobacteriaceae;g__Escherichia;s__Escherichia sp002965065,iPHoP-RF,96.40,None
NODE_761_length_3239_cov_5.625942,RS_GCF_003697165.2,d__Bacteria;p__Proteobacteria;c__Gammaproteobacteria;o__Enterobacterales;f__Enterobacteriaceae;g__Escherichia;s__Escherichia coli,iPHoP-RF,96.40,blast;95.00
NODE_761_length_3239_cov_5.625942,RS_GCF_001660175.1,d__Bacteria;p__Proteobacteria;c__Gammaproteobacteria;o__Enterobacterales;f__Enterobacteriaceae;g__Escherichia;s__Escherichia sp001660175,iPHoP-RF,95.70,blast;95.00
NODE_761_length_3239_cov_5.625942,RS_GCF_002900365.1,d__Bacteria;p__Proteobacteria;c__Gammaproteobacteria;o__Enterobacterales;f__Enterobacteriaceae;g__Escherichia;s__Escherichia marmotae,iPHoP-RF,95.70,None
NODE_761_length_3239_cov_5.625942,RS_GCF_000026225.1,d__Bacteria;p__Proteobacteria;c__Gammaproteobacteria;o__Enterobacterales;f__Enterobacteriaceae;g__Escherichia;s__Escherichia fergusonii,iPHoP-RF,95.40,blast;95.00
NODE_761_length_3239_cov_5.625942,RS_GCF_002950215.1,d__Bacteria;p__Proteobacteria;c__Gammaproteobacteria;o__Enterobacterales;f__Enterobacteriaceae;g__Escherichia;s__Escherichia flexneri,iPHoP-RF,95.40,blast;95.20
NODE_761_length_3239_cov_5.625942,RS_GCF_000759775.1,d__Bacteria;p__Proteobacteria;c__Gammaproteobacteria;o__Enterobacterales;f__Enterobacteriaceae;g__Escherichia;s__Escherichia albertii,blast,95.30,iPHoP-RF;95.10
NODE_761_length_3239_cov_5.625942,RS_GCF_005843885.1,d__Bacteria;p__Proteobacteria;c__Gammaproteobacteria;o__Enterobacterales;f__Enterobacteriaceae;g__Escherichia;s__Escherichia sp005843885,blast,95.20,iPHoP-RF;94.40
NODE_761_length_3239_cov_5.625942,GB_GCA_003018335.1,d__Bacteria;p__Proteobacteria;c__Gammaproteobacteria;o__Enterobacterales;f__Enterobacteriaceae;g__Escherichia;s__Escherichia coli_C,iPHoP-RF,95.10,None
NODE_761_length_3239_cov_5.625942,RS_GCF_000208585.1,d__Bacteria;p__Proteobacteria;c__Gammaproteobacteria;o__Enterobacterales;f__Enterobacteriaceae;g__Escherichia;s__Escherichia sp000208585,blast,94.60,iPHoP-RF;94.10
NODE_761_length_3239_cov_5.625942,RS_GCF_002915575.1,d__Bacteria;p__Proteobacteria;c__Gammaproteobacteria;o__Enterobacterales;f__Enterobacteriaceae;g__Superficieibacter;s__Superficieibacter electus,blast,93.80,None
NODE_761_length_3239_cov_5.625942,RS_GCF_900766525.1,d__Bacteria;p__Proteobacteria;c__Gammaproteobacteria;o__Enterobacterales;f__Enterobacteriaceae;g__Superficieibacter;s__Superficieibacter sp900766525,blast,90.20,None
NODE_762_length_3220_cov_4.843286,RS_GCF_001660175.1,d__Bacteria;p__Proteobacteria;c__Gammaproteobacteria;o__Enterobacterales;f__Enterobacteriaceae;g__Escherichia;s__Escherichia sp001660175,iPHoP-RF,96.70,blast;91.60
NODE_762_length_3220_cov_4.843286,RS_GCF_002949675.1,d__Bacteria;p__Proteobacteria;c__Gammaproteobacteria;o__Enterobacterales;f__Enterobacteriaceae;g__Escherichia;s__Escherichia dysenteriae,iPHoP-RF,96.40,None
NODE_762_length_3220_cov_4.843286,RS_GCF_002950215.1,d__Bacteria;p__Proteobacteria;c__Gammaproteobacteria;o__Enterobacterales;f__Enterobacteriaceae;g__Escherichia;s__Escherichia flexneri,iPHoP-RF,96.40,blast;92.30
NODE_762_length_3220_cov_4.843286,RS_GCF_002965065.1,d__Bacteria;p__Proteobacteria;c__Gammaproteobacteria;o__Enterobacterales;f__Enterobacteriaceae;g__Escherichia;s__Escherichia sp002965065,iPHoP-RF,96.40,None
NODE_762_length_3220_cov_4.843286,RS_GCF_003697165.2,d__Bacteria;p__Proteobacteria;c__Gammaproteobacteria;o__Enterobacterales;f__Enterobacteriaceae;g__Escherichia;s__Escherichia coli,iPHoP-RF,96.40,blast;91.50
NODE_762_length_3220_cov_4.843286,RS_GCF_005843885.1,d__Bacteria;p__Proteobacteria;c__Gammaproteobacteria;o__Enterobacterales;f__Enterobacteriaceae;g__Escherichia;s__Escherichia sp005843885,iPHoP-RF,96.40,blast;91.60
NODE_762_length_3220_cov_4.843286,GB_GCA_003018335.1,d__Bacteria;p__Proteobacteria;c__Gammaproteobacteria;o__Enterobacterales;f__Enterobacteriaceae;g__Escherichia;s__Escherichia coli_C,iPHoP-RF,96.10,None
NODE_762_length_3220_cov_4.843286,RS_GCF_000026225.1,d__Bacteria;p__Proteobacteria;c__Gammaproteobacteria;o__Enterobacterales;f__Enterobacteriaceae;g__Escherichia;s__Escherichia fergusonii,iPHoP-RF,96.10,blast;92.00
NODE_762_length_3220_cov_4.843286,RS_GCF_002900365.1,d__Bacteria;p__Proteobacteria;c__Gammaproteobacteria;o__Enterobacterales;f__Enterobacteriaceae;g__Escherichia;s__Escherichia marmotae,iPHoP-RF,95.70,None
NODE_762_length_3220_cov_4.843286,RS_GCF_011881725.1,d__Bacteria;p__Proteobacteria;c__Gammaproteobacteria;o__Enterobacterales;f__Enterobacteriaceae;g__Escherichia;s__Escherichia coli_E,iPHoP-RF,95.70,None
NODE_762_length_3220_cov_4.843286,RS_GCF_000759775.1,d__Bacteria;p__Proteobacteria;c__Gammaproteobacteria;o__Enterobacterales;f__Enterobacteriaceae;g__Escherichia;s__Escherichia albertii,iPHoP-RF,95.40,None
NODE_762_length_3220_cov_4.843286,RS_GCF_004211955.1,d__Bacteria;p__Proteobacteria;c__Gammaproteobacteria;o__Enterobacterales;f__Enterobacteriaceae;g__Escherichia;s__Escherichia sp004211955,iPHoP-RF,95.40,None
NODE_762_length_3220_cov_4.843286,RS_GCF_000026325.1,d__Bacteria;p__Proteobacteria;c__Gammaproteobacteria;o__Enterobacterales;f__Enterobacteriaceae;g__Escherichia;s__Escherichia coli_D,iPHoP-RF,94.70,blast;93.00
NODE_762_length_3220_cov_4.843286,RS_GCF_000208585.1,d__Bacteria;p__Proteobacteria;c__Gammaproteobacteria;o__Enterobacterales;f__Enterobacteriaceae;g__Escherichia;s__Escherichia sp000208585,iPHoP-RF,93.70,blast;91.60
NODE_762_length_3220_cov_4.843286,RS_GCF_000006945.2,d__Bacteria;p__Proteobacteria;c__Gammaproteobacteria;o__Enterobacterales;f__Enterobacteriaceae;g__Salmonella;s__Salmonella enterica,blast,91.00,None
NODE_766_length_1380_cov_3.840000,RS_GCF_013393365.1,d__Bacteria;p__Firmicutes_C;c__Negativicutes;o__Veillonellales;f__Veillonellaceae;g__Veillonella;s__Veillonella dispar_A,blast,91.90,iPHoP-RF;57.30
NODE_76_length_10931_cov_8.148676,RS_GCF_001885905.1,d__Bacteria;p__Firmicutes;c__Bacilli;o__Lactobacillales;f__Enterococcaceae;g__Enterococcus_A;s__Enterococcus_A devriesei,blast,95.40,iPHoP-RF;92.40
NODE_76_length_10931_cov_8.148676,RS_GCF_000406965.1,d__Bacteria;p__Firmicutes;c__Bacilli;o__Lactobacillales;f__Enterococcaceae;g__Enterococcus_A;s__Enterococcus_A avium,blast,95.00,iPHoP-RF;84.80
NODE_76_length_10931_cov_8.148676,RS_GCF_005405365.1,d__Bacteria;p__Firmicutes;c__Bacilli;o__Lactobacillales;f__Enterococcaceae;g__Enterococcus_A;s__Enterococcus_A xiangfangensis,blast,93.90,iPHoP-RF;84.20
NODE_76_length_10931_cov_8.148676,RS_GCF_005405345.1,d__Bacteria;p__Firmicutes;c__Bacilli;o__Lactobacillales;f__Enterococcaceae;g__Enterococcus_A;s__Enterococcus_A viikkiensis,iPHoP-RF,93.40,blast;93.40
NODE_76_length_10931_cov_8.148676,RS_GCF_001544295.1,d__Bacteria;p__Firmicutes;c__Bacilli;o__Lactobacillales;f__Enterococcaceae;g__Enterococcus_A;s__Enterococcus_A pseudoavium,blast,93.20,iPHoP-RF;88.20
NODE_76_length_10931_cov_8.148676,RS_GCF_001544255.1,d__Bacteria;p__Firmicutes;c__Bacilli;o__Lactobacillales;f__Enterococcaceae;g__Enterococcus_B;s__Enterococcus_B faecium,iPHoP-RF,92.80,blast;89.60
NODE_76_length_10931_cov_8.148676,RS_GCF_000407545.1,d__Bacteria;p__Firmicutes;c__Bacilli;o__Lactobacillales;f__Enterococcaceae;g__Enterococcus_A;s__Enterococcus_A gilvus,blast,92.70,iPHoP-RF;82.50
NODE_76_length_10931_cov_8.148676,RS_GCF_000407185.1,d__Bacteria;p__Firmicutes;c__Bacilli;o__Lactobacillales;f__Enterococcaceae;g__Enterococcus_A;s__Enterococcus_A malodoratus,blast,91.40,iPHoP-RF;89.50
NODE_76_length_10931_cov_8.148676,RS_GCF_009933335.1,d__Bacteria;p__Firmicutes;c__Bacilli;o__Lactobacillales;f__Enterococcaceae;g__Enterococcus_F;s__Enterococcus_F sp009933335,iPHoP-RF,90.10,None
NODE_76_length_7588_cov_4.417098,RS_GCF_003287495.1,d__Bacteria;p__Firmicutes_A;c__Clostridia;o__Oscillospirales;f__Ruminococcaceae;g__Faecalibacterium;s__Faecalibacterium prausnitzii_I,CRISPR,94.20,iPHoP-RF;67.70
NODE_76_length_7588_cov_4.417098,RS_GCF_002549755.1,d__Bacteria;p__Firmicutes_A;c__Clostridia;o__Oscillospirales;f__Ruminococcaceae;g__Faecalibacterium;s__Faecalibacterium prausnitzii_D,iPHoP-RF,92.80,blast;92.40
NODE_76_length_7588_cov_4.417098,RS_GCF_003324185.1,d__Bacteria;p__Firmicutes_A;c__Clostridia;o__Oscillospirales;f__Ruminococcaceae;g__Faecalibacterium;s__Faecalibacterium prausnitzii,iPHoP-RF,92.40,blast;90.80
NODE_76_length_7588_cov_4.417098,RS_GCF_003293635.1,d__Bacteria;p__Firmicutes_A;c__Clostridia;o__Oscillospirales;f__Ruminococcaceae;g__Faecalibacterium;s__Faecalibacterium prausnitzii_G,blast,92.10,iPHoP-RF;89.50 CRISPR;68.10
NODE_76_length_7588_cov_4.417098,GB_GCA_900772565.1,d__Bacteria;p__Firmicutes_A;c__Clostridia;o__Oscillospirales;f__Ruminococcaceae;g__Faecalibacterium;s__Faecalibacterium sp900772565,iPHoP-RF,90.80,None
NODE_776_length_1913_cov_3.203445,RS_GCF_900129655.1,d__Bacteria;p__Bacteroidota;c__Bacteroidia;o__Bacteroidales;f__Bacteroidaceae;g__Bacteroides;s__Bacteroides clarus,blast,93.70,iPHoP-RF;74.10
NODE_77_length_10398_cov_9.859422,RS_GCF_001077535.1,d__Bacteria;p__Firmicutes_A;c__Clostridia;o__Peptostreptococcales;f__Peptostreptococcaceae;g__Clostridioides;s__Clostridioides difficile,blast,96.50,iPHoP-RF;86.70 CRISPR;65.40
NODE_77_length_10398_cov_9.859422,RS_GCF_000449425.2,d__Bacteria;p__Firmicutes_A;c__Clostridia;o__Peptostreptococcales;f__Peptostreptococcaceae;g__Clostridioides;s__Clostridioides difficile_E,CRISPR,93.90,blast;93.20 iPHoP-RF;90.50
NODE_77_length_10398_cov_9.859422,RS_GCF_001299635.1,d__Bacteria;p__Firmicutes_A;c__Clostridia;o__Peptostreptococcales;f__Peptostreptococcaceae;g__Clostridioides;s__Clostridioides difficile_A,blast,93.20,iPHoP-RF;89.50
NODE_77_length_10398_cov_9.859422,RS_GCF_900243075.1,d__Bacteria;p__Firmicutes_A;c__Clostridia;o__Peptostreptococcales;f__Peptostreptococcaceae;g__Clostridioides;s__Clostridioides difficile_D,iPHoP-RF,91.10,None
NODE_77_length_21821_cov_12.298861,GB_GCA_000210075.1,d__Bacteria;p__Bacteroidota;c__Bacteroidia;o__Bacteroidales;f__Bacteroidaceae;g__Bacteroides;s__Bacteroides xylanisolvens,iPHoP-RF,97.10,blast;89.50
NODE_77_length_21821_cov_12.298861,RS_GCF_000613385.1,d__Bacteria;p__Bacteroidota;c__Bacteroidia;o__Bacteroidales;f__Bacteroidaceae;g__Bacteroides;s__Bacteroides acidifaciens,iPHoP-RF,97.10,blast;87.90
NODE_77_length_21821_cov_12.298861,RS_GCF_001688725.2,d__Bacteria;p__Bacteroidota;c__Bacteroidia;o__Bacteroidales;f__Bacteroidaceae;g__Bacteroides;s__Bacteroides caecimuris,iPHoP-RF,97.10,blast;91.00
NODE_77_length_21821_cov_12.298861,RS_GCF_002222615.2,d__Bacteria;p__Bacteroidota;c__Bacteroidia;o__Bacteroidales;f__Bacteroidaceae;g__Bacteroides;s__Bacteroides caccae,iPHoP-RF,97.10,blast;86.80
NODE_77_length_21821_cov_12.298861,RS_GCF_000025985.1,d__Bacteria;p__Bacteroidota;c__Bacteroidia;o__Bacteroidales;f__Bacteroidaceae;g__Bacteroides;s__Bacteroides fragilis,blast,96.90,iPHoP-RF;74.10 CRISPR;52.90
NODE_77_length_21821_cov_12.298861,RS_GCF_012113595.1,d__Bacteria;p__Bacteroidota;c__Bacteroidia;o__Bacteroidales;f__Bacteroidaceae;g__Bacteroides;s__Bacteroides sp012113595,iPHoP-RF,96.70,blast;88.10
NODE_77_length_21821_cov_12.298861,RS_GCF_014334015.1,d__Bacteria;p__Bacteroidota;c__Bacteroidia;o__Bacteroidales;f__Bacteroidaceae;g__Bacteroides;s__Bacteroides sp003463205,iPHoP-RF,96.70,blast;89.40
NODE_77_length_21821_cov_12.298861,RS_GCF_903181435.1,d__Bacteria;p__Bacteroidota;c__Bacteroidia;o__Bacteroidales;f__Bacteroidaceae;g__Bacteroides;s__Bacteroides acidifaciens_A,iPHoP-RF,96.70,blast;89.60
NODE_77_length_21821_cov_12.298861,GB_GCA_900556625.1,d__Bacteria;p__Bacteroidota;c__Bacteroidia;o__Bacteroidales;f__Bacteroidaceae;g__Bacteroides;s__Bacteroides sp900556625,iPHoP-RF,96.40,None
NODE_77_length_21821_cov_12.298861,GB_GCA_900755095.1,d__Bacteria;p__Bacteroidota;c__Bacteroidia;o__Bacteroidales;f__Bacteroidaceae;g__Bacteroides;s__Bacteroides sp900755095,iPHoP-RF,96.40,None
NODE_77_length_21821_cov_12.298861,GB_GCA_900761785.1,d__Bacteria;p__Bacteroidota;c__Bacteroidia;o__Bacteroidales;f__Bacteroidaceae;g__Bacteroides;s__Bacteroides sp900761785,iPHoP-RF,96.10,None
NODE_77_length_21821_cov_12.298861,RS_GCF_009193295.2,d__Bacteria;p__Bacteroidota;c__Bacteroidia;o__Bacteroidales;f__Bacteroidaceae;g__Bacteroides;s__Bacteroides sp007097645,iPHoP-RF,96.10,blast;90.00
NODE_77_length_21821_cov_12.298861,RS_GCF_009193325.2,d__Bacteria;p__Bacteroidota;c__Bacteroidia;o__Bacteroidales;f__Bacteroidaceae;g__Bacteroides;s__Bacteroides sp900066265,iPHoP-RF,96.10,blast;88.00
NODE_77_length_21821_cov_12.298861,RS_GCF_900130125.1,d__Bacteria;p__Bacteroidota;c__Bacteroidia;o__Bacteroidales;f__Bacteroidaceae;g__Bacteroides;s__Bacteroides congonensis,iPHoP-RF,96.10,blast;87.80
NODE_77_length_21821_cov_12.298861,RS_GCF_902362375.1,d__Bacteria;p__Bacteroidota;c__Bacteroidia;o__Bacteroidales;f__Bacteroidaceae;g__Bacteroides;s__Bacteroides sp902362375,iPHoP-RF,95.70,blast;89.70
NODE_77_length_21821_cov_12.298861,RS_GCF_000156195.1,d__Bacteria;p__Bacteroidota;c__Bacteroidia;o__Bacteroidales;f__Bacteroidaceae;g__Bacteroides;s__Bacteroides finegoldii,iPHoP-RF,95.10,blast;86.40
NODE_77_length_21821_cov_12.298861,RS_GCF_002849695.1,d__Bacteria;p__Bacteroidota;c__Bacteroidia;o__Bacteroidales;f__Bacteroidaceae;g__Bacteroides;s__Bacteroides fragilis_A,blast,94.90,iPHoP-RF;84.50
NODE_77_length_21821_cov_12.298861,GB_GCA_900762525.1,d__Bacteria;p__Bacteroidota;c__Bacteroidia;o__Bacteroidales;f__Bacteroidaceae;g__Bacteroides;s__Bacteroides sp900762525,iPHoP-RF,94.70,blast;61.30
NODE_77_length_21821_cov_12.298861,RS_GCF_001314995.1,d__Bacteria;p__Bacteroidota;c__Bacteroidia;o__Bacteroidales;f__Bacteroidaceae;g__Bacteroides;s__Bacteroides ovatus,iPHoP-RF,94.70,blast;90.20
NODE_77_length_21821_cov_12.298861,RS_GCF_000172175.1,d__Bacteria;p__Bacteroidota;c__Bacteroidia;o__Bacteroidales;f__Bacteroidaceae;g__Bacteroides;s__Bacteroides intestinalis,iPHoP-RF,94.10,None
NODE_77_length_21821_cov_12.298861,GB_GCA_900760255.1,d__Bacteria;p__Bacteroidota;c__Bacteroidia;o__Bacteroidales;f__Bacteroidaceae;g__Bacteroides;s__Bacteroides sp900760255,iPHoP-RF,93.70,None
NODE_77_length_21821_cov_12.298861,GB_GCA_900765805.1,d__Bacteria;p__Bacteroidota;c__Bacteroidia;o__Bacteroidales;f__Bacteroidaceae;g__Bacteroides;s__Bacteroides sp900765805,iPHoP-RF,93.40,None
NODE_77_length_21821_cov_12.298861,RS_GCF_000011065.1,d__Bacteria;p__Bacteroidota;c__Bacteroidia;o__Bacteroidales;f__Bacteroidaceae;g__Bacteroides;s__Bacteroides thetaiotaomicron,iPHoP-RF,93.40,blast;84.50
NODE_77_length_21821_cov_12.298861,RS_GCF_900106755.1,d__Bacteria;p__Bacteroidota;c__Bacteroidia;o__Bacteroidales;f__Bacteroidaceae;g__Bacteroides;s__Bacteroides faecis,iPHoP-RF,92.10,None
NODE_77_length_21821_cov_12.298861,RS_GCF_000154205.1,d__Bacteria;p__Bacteroidota;c__Bacteroidia;o__Bacteroidales;f__Bacteroidaceae;g__Bacteroides;s__Bacteroides uniformis,iPHoP-RF,91.80,None
NODE_77_length_21821_cov_12.298861,GB_GCA_900557355.1,d__Bacteria;p__Bacteroidota;c__Bacteroidia;o__Bacteroidales;f__Bacteroidaceae;g__Bacteroides;s__Bacteroides sp900557355,iPHoP-RF,91.10,None
NODE_77_length_21821_cov_12.298861,RS_GCF_000195635.1,d__Bacteria;p__Bacteroidota;c__Bacteroidia;o__Bacteroidales;f__Bacteroidaceae;g__Bacteroides;s__Bacteroides fluxus,iPHoP-RF,91.10,None
NODE_77_length_7551_cov_17.135406,RS_GCF_000425905.1,d__Bacteria;p__Firmicutes;c__Bacilli;o__Lactobacillales;f__Lactobacillaceae;g__Lactobacillus;s__Lactobacillus psittaci,iPHoP-RF,94.70,None
NODE_77_length_7551_cov_17.135406,RS_GCF_007095465.1,d__Bacteria;p__Firmicutes;c__Bacilli;o__Lactobacillales;f__Lactobacillaceae;g__Lactobacillus;s__Lactobacillus mulieris,iPHoP-RF,93.10,None
NODE_77_length_7551_cov_17.135406,RS_GCF_003584685.1,d__Bacteria;p__Firmicutes;c__Bacilli;o__Lactobacillales;f__Lactobacillaceae;g__Lactobacillus;s__Lactobacillus paragasseri,blast,92.60,iPHoP-RF;87.30
NODE_77_length_7551_cov_17.135406,RS_GCF_000159355.1,d__Bacteria;p__Firmicutes;c__Bacilli;o__Lactobacillales;f__Lactobacillaceae;g__Lactobacillus;s__Lactobacillus johnsonii,iPHoP-RF,92.40,blast;90.80
NODE_77_length_7551_cov_17.135406,RS_GCF_001436455.1,d__Bacteria;p__Firmicutes;c__Bacilli;o__Lactobacillales;f__Lactobacillaceae;g__Lactobacillus;s__Lactobacillus jensenii,iPHoP-RF,92.40,None
NODE_77_length_7551_cov_17.135406,RS_GCF_000014425.1,d__Bacteria;p__Firmicutes;c__Bacilli;o__Lactobacillales;f__Lactobacillaceae;g__Lactobacillus;s__Lactobacillus gasseri,blast,92.10,iPHoP-RF;87.90
NODE_77_length_7551_cov_17.135406,RS_GCF_000296835.1,d__Bacteria;p__Firmicutes;c__Bacilli;o__Lactobacillales;f__Lactobacillaceae;g__Lactobacillus;s__Lactobacillus hominis,iPHoP-RF,91.10,None
NODE_77_length_7551_cov_17.135406,RS_GCF_001436695.1,d__Bacteria;p__Firmicutes;c__Bacilli;o__Lactobacillales;f__Lactobacillaceae;g__Lactobacillus;s__Lactobacillus taiwanensis,iPHoP-RF,90.10,None
NODE_784_length_3069_cov_7.470139,RS_GCF_001077535.1,d__Bacteria;p__Firmicutes_A;c__Clostridia;o__Peptostreptococcales;f__Peptostreptococcaceae;g__Clostridioides;s__Clostridioides difficile,blast,95.60,iPHoP-RF;66.00
NODE_784_length_3069_cov_7.470139,RS_GCF_000686145.1,d__Bacteria;p__Firmicutes_A;c__Clostridia;o__Peptostreptococcales;f__Peptostreptococcaceae;g__Romboutsia;s__Romboutsia sp000686145,blast,92.70,None
NODE_784_length_3069_cov_7.470139,RS_GCF_900129815.1,d__Bacteria;p__Firmicutes_A;c__Clostridia;o__Peptostreptococcales;f__Peptostreptococcaceae;g__Asaccharospora;s__Asaccharospora irregularis,blast,92.00,None
NODE_788_length_3026_cov_16.785594,GB_GCA_900550975.1,d__Bacteria;p__Firmicutes_A;c__Clostridia;o__Lachnospirales;f__Lachnospiraceae;g__Faecalimonas;s__Faecalimonas sp900550975,blast,93.50,iPHoP-RF;77.10
NODE_788_length_3026_cov_16.785594,RS_GCF_008121495.1,d__Bacteria;p__Firmicutes_A;c__Clostridia;o__Lachnospirales;f__Lachnospiraceae;g__Ruminococcus_B;s__Ruminococcus_B gnavus,blast,92.70,iPHoP-RF;90.50
NODE_78_length_12711_cov_5.460730,RS_GCF_002949675.1,d__Bacteria;p__Proteobacteria;c__Gammaproteobacteria;o__Enterobacterales;f__Enterobacteriaceae;g__Escherichia;s__Escherichia dysenteriae,iPHoP-RF,97.10,None
NODE_78_length_12711_cov_5.460730,RS_GCF_002950215.1,d__Bacteria;p__Proteobacteria;c__Gammaproteobacteria;o__Enterobacterales;f__Enterobacteriaceae;g__Escherichia;s__Escherichia flexneri,iPHoP-RF,97.10,blast;93.70
NODE_78_length_12711_cov_5.460730,RS_GCF_003697165.2,d__Bacteria;p__Proteobacteria;c__Gammaproteobacteria;o__Enterobacterales;f__Enterobacteriaceae;g__Escherichia;s__Escherichia coli,iPHoP-RF,97.10,blast;94.60
NODE_78_length_12711_cov_5.460730,RS_GCF_005843885.1,d__Bacteria;p__Proteobacteria;c__Gammaproteobacteria;o__Enterobacterales;f__Enterobacteriaceae;g__Escherichia;s__Escherichia sp005843885,iPHoP-RF,97.10,None
NODE_78_length_12711_cov_5.460730,RS_GCF_000026325.1,d__Bacteria;p__Proteobacteria;c__Gammaproteobacteria;o__Enterobacterales;f__Enterobacteriaceae;g__Escherichia;s__Escherichia coli_D,iPHoP-RF,96.70,blast;94.90
NODE_78_length_12711_cov_5.460730,RS_GCF_000208585.1,d__Bacteria;p__Proteobacteria;c__Gammaproteobacteria;o__Enterobacterales;f__Enterobacteriaceae;g__Escherichia;s__Escherichia sp000208585,iPHoP-RF,96.70,CRISPR;95.70
NODE_78_length_12711_cov_5.460730,RS_GCF_002900365.1,d__Bacteria;p__Proteobacteria;c__Gammaproteobacteria;o__Enterobacterales;f__Enterobacteriaceae;g__Escherichia;s__Escherichia marmotae,iPHoP-RF,96.70,None
NODE_78_length_12711_cov_5.460730,RS_GCF_004211955.1,d__Bacteria;p__Proteobacteria;c__Gammaproteobacteria;o__Enterobacterales;f__Enterobacteriaceae;g__Escherichia;s__Escherichia sp004211955,iPHoP-RF,96.70,None
NODE_78_length_12711_cov_5.460730,GB_GCA_003018335.1,d__Bacteria;p__Proteobacteria;c__Gammaproteobacteria;o__Enterobacterales;f__Enterobacteriaceae;g__Escherichia;s__Escherichia coli_C,iPHoP-RF,96.40,None
NODE_78_length_12711_cov_5.460730,RS_GCF_000026225.1,d__Bacteria;p__Proteobacteria;c__Gammaproteobacteria;o__Enterobacterales;f__Enterobacteriaceae;g__Escherichia;s__Escherichia fergusonii,iPHoP-RF,96.40,None
NODE_78_length_12711_cov_5.460730,RS_GCF_000759775.1,d__Bacteria;p__Proteobacteria;c__Gammaproteobacteria;o__Enterobacterales;f__Enterobacteriaceae;g__Escherichia;s__Escherichia albertii,iPHoP-RF,96.40,None
NODE_78_length_12711_cov_5.460730,RS_GCF_001660175.1,d__Bacteria;p__Proteobacteria;c__Gammaproteobacteria;o__Enterobacterales;f__Enterobacteriaceae;g__Escherichia;s__Escherichia sp001660175,iPHoP-RF,96.40,None
NODE_78_length_12711_cov_5.460730,RS_GCF_002965065.1,d__Bacteria;p__Proteobacteria;c__Gammaproteobacteria;o__Enterobacterales;f__Enterobacteriaceae;g__Escherichia;s__Escherichia sp002965065,iPHoP-RF,96.10,blast;92.90
NODE_78_length_12711_cov_5.460730,RS_GCF_011881725.1,d__Bacteria;p__Proteobacteria;c__Gammaproteobacteria;o__Enterobacterales;f__Enterobacteriaceae;g__Escherichia;s__Escherichia coli_E,iPHoP-RF,95.70,blast;93.60
NODE_78_length_12711_cov_5.460730,RS_GCF_000006945.2,d__Bacteria;p__Proteobacteria;c__Gammaproteobacteria;o__Enterobacterales;f__Enterobacteriaceae;g__Salmonella;s__Salmonella enterica,iPHoP-RF,92.40,blast;86.40
NODE_795_length_1772_cov_3.391380,RS_GCF_900129655.1,d__Bacteria;p__Bacteroidota;c__Bacteroidia;o__Bacteroidales;f__Bacteroidaceae;g__Bacteroides;s__Bacteroides clarus,blast,93.80,iPHoP-RF;72.60
NODE_796_length_2326_cov_4.740643,RS_GCF_000025985.1,d__Bacteria;p__Bacteroidota;c__Bacteroidia;o__Bacteroidales;f__Bacteroidaceae;g__Bacteroides;s__Bacteroides fragilis,blast,95.50,iPHoP-RF;60.60
NODE_796_length_2326_cov_4.740643,RS_GCF_002849695.1,d__Bacteria;p__Bacteroidota;c__Bacteroidia;o__Bacteroidales;f__Bacteroidaceae;g__Bacteroides;s__Bacteroides fragilis_A,blast,91.30,iPHoP-RF;68.90
NODE_796_length_3004_cov_6.914547,RS_GCF_002950215.1,d__Bacteria;p__Proteobacteria;c__Gammaproteobacteria;o__Enterobacterales;f__Enterobacteriaceae;g__Escherichia;s__Escherichia flexneri,blast,95.40,iPHoP-RF;87.60
NODE_796_length_3004_cov_6.914547,RS_GCF_003697165.2,d__Bacteria;p__Proteobacteria;c__Gammaproteobacteria;o__Enterobacterales;f__Enterobacteriaceae;g__Escherichia;s__Escherichia coli,blast,93.40,iPHoP-RF;87.00
NODE_796_length_3004_cov_6.914547,RS_GCF_000026325.1,d__Bacteria;p__Proteobacteria;c__Gammaproteobacteria;o__Enterobacterales;f__Enterobacteriaceae;g__Escherichia;s__Escherichia coli_D,blast,93.30,iPHoP-RF;87.00
NODE_796_length_3004_cov_6.914547,RS_GCF_002965065.1,d__Bacteria;p__Proteobacteria;c__Gammaproteobacteria;o__Enterobacterales;f__Enterobacteriaceae;g__Escherichia;s__Escherichia sp002965065,blast,93.30,iPHoP-RF;78.70
NODE_796_length_3004_cov_6.914547,RS_GCF_000026225.1,d__Bacteria;p__Proteobacteria;c__Gammaproteobacteria;o__Enterobacterales;f__Enterobacteriaceae;g__Escherichia;s__Escherichia fergusonii,iPHoP-RF,92.10,None
NODE_796_length_3053_cov_7.268179,RS_GCF_001077535.1,d__Bacteria;p__Firmicutes_A;c__Clostridia;o__Peptostreptococcales;f__Peptostreptococcaceae;g__Clostridioides;s__Clostridioides difficile,blast,98.30,iPHoP-RF;88.20
NODE_796_length_3053_cov_7.268179,RS_GCF_001299635.1,d__Bacteria;p__Firmicutes_A;c__Clostridia;o__Peptostreptococcales;f__Peptostreptococcaceae;g__Clostridioides;s__Clostridioides difficile_A,blast,91.00,iPHoP-RF;79.00
NODE_797_length_2999_cov_3.300611,RS_GCF_003697165.2,d__Bacteria;p__Proteobacteria;c__Gammaproteobacteria;o__Enterobacterales;f__Enterobacteriaceae;g__Escherichia;s__Escherichia coli,blast,96.40,iPHoP-RF;76.60
NODE_797_length_2999_cov_3.300611,RS_GCF_002950215.1,d__Bacteria;p__Proteobacteria;c__Gammaproteobacteria;o__Enterobacterales;f__Enterobacteriaceae;g__Escherichia;s__Escherichia flexneri,blast,96.10,iPHoP-RF;77.50
NODE_797_length_2999_cov_3.300611,GB_GCA_003018335.1,d__Bacteria;p__Proteobacteria;c__Gammaproteobacteria;o__Enterobacterales;f__Enterobacteriaceae;g__Escherichia;s__Escherichia coli_C,blast,96.00,iPHoP-RF;75.00
NODE_797_length_2999_cov_3.300611,RS_GCF_000026225.1,d__Bacteria;p__Proteobacteria;c__Gammaproteobacteria;o__Enterobacterales;f__Enterobacteriaceae;g__Escherichia;s__Escherichia fergusonii,blast,96.00,iPHoP-RF;75.00
NODE_797_length_2999_cov_3.300611,RS_GCF_000026325.1,d__Bacteria;p__Proteobacteria;c__Gammaproteobacteria;o__Enterobacterales;f__Enterobacteriaceae;g__Escherichia;s__Escherichia coli_D,blast,96.00,iPHoP-RF;75.40
NODE_797_length_2999_cov_3.300611,RS_GCF_002900365.1,d__Bacteria;p__Proteobacteria;c__Gammaproteobacteria;o__Enterobacterales;f__Enterobacteriaceae;g__Escherichia;s__Escherichia marmotae,blast,95.80,iPHoP-RF;75.90
NODE_797_length_2999_cov_3.300611,RS_GCF_002949675.1,d__Bacteria;p__Proteobacteria;c__Gammaproteobacteria;o__Enterobacterales;f__Enterobacteriaceae;g__Escherichia;s__Escherichia dysenteriae,blast,95.80,iPHoP-RF;76.60
NODE_797_length_2999_cov_3.300611,RS_GCF_000759775.1,d__Bacteria;p__Proteobacteria;c__Gammaproteobacteria;o__Enterobacterales;f__Enterobacteriaceae;g__Escherichia;s__Escherichia albertii,blast,94.80,iPHoP-RF;73.00
NODE_7_length_39574_cov_33.646600,RS_GCF_003351665.1,d__Bacteria;p__Proteobacteria;c__Gammaproteobacteria;o__Burkholderiales;f__Neisseriaceae;g__Neisseria;s__Neisseria perflava,CRISPR,97.90,None
NODE_7_length_39574_cov_33.646600,RS_GCF_900654165.1,d__Bacteria;p__Proteobacteria;c__Gammaproteobacteria;o__Burkholderiales;f__Neisseriaceae;g__Neisseria;s__Neisseria subflava_C,CRISPR,94.90,None
NODE_7_length_39574_cov_33.646600,RS_GCF_000175615.1,d__Bacteria;p__Actinobacteriota;c__Actinomycetia;o__Actinomycetales;f__Micrococcaceae;g__Rothia;s__Rothia mucilaginosa,blast,93.80,None
NODE_7_length_39574_cov_33.646600,RS_GCF_001618065.1,d__Bacteria;p__Proteobacteria;c__Gammaproteobacteria;o__Burkholderiales;f__Neisseriaceae;g__Neisseria;s__Neisseria flavescens_A,CRISPR,91.70,None
NODE_801_length_2055_cov_3.443000,RS_GCF_014131695.1,d__Bacteria;p__Firmicutes;c__Bacilli;o__Erysipelotrichales;f__Erysipelatoclostridiaceae;g__Erysipelatoclostridium;s__Erysipelatoclostridium ramosum,blast,93.40,iPHoP-RF;77.10
NODE_809_length_1322_cov_2.490134,RS_GCF_013393365.1,d__Bacteria;p__Firmicutes_C;c__Negativicutes;o__Veillonellales;f__Veillonellaceae;g__Veillonella;s__Veillonella dispar_A,blast,90.40,None
NODE_80_length_3898_cov_3.087952,RS_GCF_000196555.1,d__Bacteria;p__Actinobacteriota;c__Actinomycetia;o__Actinomycetales;f__Bifidobacteriaceae;g__Bifidobacterium;s__Bifidobacterium longum,blast,98.70,iPHoP-RF;83.30 CRISPR;68.90
NODE_80_length_7403_cov_25.626021,RS_GCF_001025215.1,d__Bacteria;p__Actinobacteriota;c__Actinomycetia;o__Actinomycetales;f__Bifidobacteriaceae;g__Bifidobacterium;s__Bifidobacterium pseudocatenulatum,CRISPR,98.80,blast;96.50 iPHoP-RF;91.80
NODE_80_length_7403_cov_25.626021,RS_GCF_000770925.1,d__Bacteria;p__Actinobacteriota;c__Actinomycetia;o__Actinomycetales;f__Bifidobacteriaceae;g__Bifidobacterium;s__Bifidobacterium ruminantium,CRISPR,98.40,blast;92.40 iPHoP-RF;78.00
NODE_80_length_7403_cov_25.626021,RS_GCF_000010425.1,d__Bacteria;p__Actinobacteriota;c__Actinomycetia;o__Actinomycetales;f__Bifidobacteriaceae;g__Bifidobacterium;s__Bifidobacterium adolescentis,blast,96.40,CRISPR;96.00 iPHoP-RF;80.80
NODE_80_length_7403_cov_25.626021,RS_GCF_000800455.1,d__Bacteria;p__Actinobacteriota;c__Actinomycetia;o__Actinomycetales;f__Bifidobacteriaceae;g__Bifidobacterium;s__Bifidobacterium kashiwanohense_A,blast,92.60,iPHoP-RF;84.20
NODE_80_length_7403_cov_25.626021,RS_GCF_001042615.1,d__Bacteria;p__Actinobacteriota;c__Actinomycetia;o__Actinomycetales;f__Bifidobacteriaceae;g__Bifidobacterium;s__Bifidobacterium kashiwanohense,blast,91.60,iPHoP-RF;84.50
NODE_80_length_7403_cov_25.626021,RS_GCF_001025135.1,d__Bacteria;p__Actinobacteriota;c__Actinomycetia;o__Actinomycetales;f__Bifidobacteriaceae;g__Bifidobacterium;s__Bifidobacterium bifidum,blast,90.20,None
NODE_815_length_1313_cov_2.436407,RS_GCF_000196555.1,d__Bacteria;p__Actinobacteriota;c__Actinomycetia;o__Actinomycetales;f__Bifidobacteriaceae;g__Bifidobacterium;s__Bifidobacterium longum,blast,97.80,iPHoP-RF;91.80
NODE_815_length_1313_cov_2.436407,RS_GCF_001025175.1,d__Bacteria;p__Actinobacteriota;c__Actinomycetia;o__Actinomycetales;f__Bifidobacteriaceae;g__Bifidobacterium;s__Bifidobacterium breve,blast,90.40,CRISPR;86.90 iPHoP-RF;83.90
NODE_815_length_1313_cov_2.436407,RS_GCF_000010425.1,d__Bacteria;p__Actinobacteriota;c__Actinomycetia;o__Actinomycetales;f__Bifidobacteriaceae;g__Bifidobacterium;s__Bifidobacterium adolescentis,blast,90.30,iPHoP-RF;69.80
NODE_815_length_1313_cov_2.436407,RS_GCF_001025135.1,d__Bacteria;p__Actinobacteriota;c__Actinomycetia;o__Actinomycetales;f__Bifidobacteriaceae;g__Bifidobacterium;s__Bifidobacterium bifidum,blast,90.30,iPHoP-RF;74.80
NODE_81_length_12891_cov_7.930352,RS_GCF_001077535.1,d__Bacteria;p__Firmicutes_A;c__Clostridia;o__Peptostreptococcales;f__Peptostreptococcaceae;g__Clostridioides;s__Clostridioides difficile,iPHoP-RF,95.10,blast;94.80 CRISPR;75.90
NODE_81_length_12891_cov_7.930352,RS_GCF_000449425.2,d__Bacteria;p__Firmicutes_A;c__Clostridia;o__Peptostreptococcales;f__Peptostreptococcaceae;g__Clostridioides;s__Clostridioides difficile_E,iPHoP-RF,94.70,blast;93.20
NODE_81_length_12891_cov_7.930352,RS_GCF_001299635.1,d__Bacteria;p__Firmicutes_A;c__Clostridia;o__Peptostreptococcales;f__Peptostreptococcaceae;g__Clostridioides;s__Clostridioides difficile_A,iPHoP-RF,94.40,blast;93.20 CRISPR;78.10
NODE_81_length_12891_cov_7.930352,RS_GCF_900243075.1,d__Bacteria;p__Firmicutes_A;c__Clostridia;o__Peptostreptococcales;f__Peptostreptococcaceae;g__Clostridioides;s__Clostridioides difficile_D,iPHoP-RF,94.10,blast;93.40
NODE_81_length_7387_cov_3.910938,GB_GCA_002313795.1,d__Bacteria;p__Firmicutes_A;c__Clostridia;o__Oscillospirales;f__Ruminococcaceae;g__Faecalibacterium;s__Faecalibacterium prausnitzii_L,blast,91.90,iPHoP-RF;60.30
NODE_81_length_7387_cov_3.910938,RS_GCF_010509575.1,d__Bacteria;p__Firmicutes_A;c__Clostridia;o__Oscillospirales;f__Ruminococcaceae;g__Faecalibacterium;s__Faecalibacterium prausnitzii_C,blast,91.90,None
NODE_81_length_7387_cov_3.910938,RS_GCF_003324185.1,d__Bacteria;p__Firmicutes_A;c__Clostridia;o__Oscillospirales;f__Ruminococcaceae;g__Faecalibacterium;s__Faecalibacterium prausnitzii,blast,90.60,None
NODE_829_length_1708_cov_2.245009,RS_GCF_002950215.1,d__Bacteria;p__Proteobacteria;c__Gammaproteobacteria;o__Enterobacterales;f__Enterobacteriaceae;g__Escherichia;s__Escherichia flexneri,blast,93.70,iPHoP-RF;85.70
NODE_829_length_1708_cov_2.245009,GB_GCA_003018335.1,d__Bacteria;p__Proteobacteria;c__Gammaproteobacteria;o__Enterobacterales;f__Enterobacteriaceae;g__Escherichia;s__Escherichia coli_C,blast,93.40,iPHoP-RF;77.30
NODE_829_length_1708_cov_2.245009,RS_GCF_000026225.1,d__Bacteria;p__Proteobacteria;c__Gammaproteobacteria;o__Enterobacterales;f__Enterobacteriaceae;g__Escherichia;s__Escherichia fergusonii,blast,93.40,iPHoP-RF;82.80
NODE_829_length_1708_cov_2.245009,RS_GCF_000026325.1,d__Bacteria;p__Proteobacteria;c__Gammaproteobacteria;o__Enterobacterales;f__Enterobacteriaceae;g__Escherichia;s__Escherichia coli_D,blast,93.40,iPHoP-RF;86.70
NODE_829_length_1708_cov_2.245009,RS_GCF_000208585.1,d__Bacteria;p__Proteobacteria;c__Gammaproteobacteria;o__Enterobacterales;f__Enterobacteriaceae;g__Escherichia;s__Escherichia sp000208585,blast,93.40,iPHoP-RF;82.20
NODE_829_length_1708_cov_2.245009,RS_GCF_002900365.1,d__Bacteria;p__Proteobacteria;c__Gammaproteobacteria;o__Enterobacterales;f__Enterobacteriaceae;g__Escherichia;s__Escherichia marmotae,blast,93.40,iPHoP-RF;85.10
NODE_829_length_1708_cov_2.245009,RS_GCF_002949675.1,d__Bacteria;p__Proteobacteria;c__Gammaproteobacteria;o__Enterobacterales;f__Enterobacteriaceae;g__Escherichia;s__Escherichia dysenteriae,blast,93.40,iPHoP-RF;81.90
NODE_829_length_1708_cov_2.245009,RS_GCF_011881725.1,d__Bacteria;p__Proteobacteria;c__Gammaproteobacteria;o__Enterobacterales;f__Enterobacteriaceae;g__Escherichia;s__Escherichia coli_E,blast,93.40,iPHoP-RF;86.00
NODE_829_length_1708_cov_2.245009,RS_GCF_003697165.2,d__Bacteria;p__Proteobacteria;c__Gammaproteobacteria;o__Enterobacterales;f__Enterobacteriaceae;g__Escherichia;s__Escherichia coli,blast,92.50,iPHoP-RF;84.50
NODE_829_length_1708_cov_2.245009,RS_GCF_000759775.1,d__Bacteria;p__Proteobacteria;c__Gammaproteobacteria;o__Enterobacterales;f__Enterobacteriaceae;g__Escherichia;s__Escherichia albertii,blast,91.20,iPHoP-RF;79.30
NODE_829_length_1708_cov_2.245009,RS_GCF_000006945.2,d__Bacteria;p__Proteobacteria;c__Gammaproteobacteria;o__Enterobacterales;f__Enterobacteriaceae;g__Salmonella;s__Salmonella enterica,blast,90.70,iPHoP-RF;70.20
NODE_82_length_5911_cov_4.870902,RS_GCF_012317185.1,d__Bacteria;p__Firmicutes;c__Bacilli;o__Erysipelotrichales;f__Erysipelotrichaceae;g__Clostridium_AQ;s__Clostridium_AQ innocuum,blast,92.10,None
NODE_835_length_1283_cov_4.039088,RS_GCF_003584685.1,d__Bacteria;p__Firmicutes;c__Bacilli;o__Lactobacillales;f__Lactobacillaceae;g__Lactobacillus;s__Lactobacillus paragasseri,blast,92.10,iPHoP-RF;66.30
NODE_835_length_1283_cov_4.039088,RS_GCF_000014425.1,d__Bacteria;p__Firmicutes;c__Bacilli;o__Lactobacillales;f__Lactobacillaceae;g__Lactobacillus;s__Lactobacillus gasseri,blast,91.50,iPHoP-RF;64.30
NODE_840_length_1139_cov_2.715867,RS_GCF_002950215.1,d__Bacteria;p__Proteobacteria;c__Gammaproteobacteria;o__Enterobacterales;f__Enterobacteriaceae;g__Escherichia;s__Escherichia flexneri,blast,95.90,iPHoP-RF;87.00
NODE_840_length_1139_cov_2.715867,RS_GCF_003697165.2,d__Bacteria;p__Proteobacteria;c__Gammaproteobacteria;o__Enterobacterales;f__Enterobacteriaceae;g__Escherichia;s__Escherichia coli,blast,95.50,iPHoP-RF;76.60
NODE_840_length_1139_cov_2.715867,GB_GCA_003018335.1,d__Bacteria;p__Proteobacteria;c__Gammaproteobacteria;o__Enterobacterales;f__Enterobacteriaceae;g__Escherichia;s__Escherichia coli_C,blast,95.20,iPHoP-RF;85.40
NODE_840_length_1139_cov_2.715867,RS_GCF_000026325.1,d__Bacteria;p__Proteobacteria;c__Gammaproteobacteria;o__Enterobacterales;f__Enterobacteriaceae;g__Escherichia;s__Escherichia coli_D,blast,95.20,iPHoP-RF;87.90
NODE_840_length_1139_cov_2.715867,RS_GCF_002949675.1,d__Bacteria;p__Proteobacteria;c__Gammaproteobacteria;o__Enterobacterales;f__Enterobacteriaceae;g__Escherichia;s__Escherichia dysenteriae,blast,95.20,iPHoP-RF;87.30
NODE_840_length_1139_cov_2.715867,RS_GCF_000759775.1,d__Bacteria;p__Proteobacteria;c__Gammaproteobacteria;o__Enterobacterales;f__Enterobacteriaceae;g__Escherichia;s__Escherichia albertii,blast,95.10,iPHoP-RF;75.40
NODE_851_length_2932_cov_10.158151,RS_GCF_001077535.1,d__Bacteria;p__Firmicutes_A;c__Clostridia;o__Peptostreptococcales;f__Peptostreptococcaceae;g__Clostridioides;s__Clostridioides difficile,blast,96.80,iPHoP-RF;64.80
NODE_851_length_2932_cov_10.158151,RS_GCF_000449425.2,d__Bacteria;p__Firmicutes_A;c__Clostridia;o__Peptostreptococcales;f__Peptostreptococcaceae;g__Clostridioides;s__Clostridioides difficile_E,blast,91.90,iPHoP-RF;66.50
NODE_851_length_2932_cov_10.158151,RS_GCF_001299635.1,d__Bacteria;p__Firmicutes_A;c__Clostridia;o__Peptostreptococcales;f__Peptostreptococcaceae;g__Clostridioides;s__Clostridioides difficile_A,blast,91.90,iPHoP-RF;66.50
NODE_85_length_3497_cov_2.997676,RS_GCF_900447045.1,d__Bacteria;p__Firmicutes_A;c__Clostridia;o__Clostridiales;f__Clostridiaceae;g__Clostridium;s__Clostridium paraputrificum,blast,93.50,iPHoP-RF;71.50
NODE_85_length_3497_cov_2.997676,RS_GCF_900217175.1,d__Bacteria;p__Firmicutes_A;c__Clostridia;o__Clostridiales;f__Clostridiaceae;g__Clostridium;s__Clostridium tertium,blast,90.00,iPHoP-RF;61.10
NODE_85_length_6973_cov_5.469066,RS_GCF_000026325.1,d__Bacteria;p__Proteobacteria;c__Gammaproteobacteria;o__Enterobacterales;f__Enterobacteriaceae;g__Escherichia;s__Escherichia coli_D,blast,96.80,iPHoP-RF;95.10
NODE_85_length_6973_cov_5.469066,RS_GCF_002949675.1,d__Bacteria;p__Proteobacteria;c__Gammaproteobacteria;o__Enterobacterales;f__Enterobacteriaceae;g__Escherichia;s__Escherichia dysenteriae,blast,96.80,iPHoP-RF;95.40
NODE_85_length_6973_cov_5.469066,RS_GCF_002950215.1,d__Bacteria;p__Proteobacteria;c__Gammaproteobacteria;o__Enterobacterales;f__Enterobacteriaceae;g__Escherichia;s__Escherichia flexneri,blast,96.80,iPHoP-RF;94.70
NODE_85_length_6973_cov_5.469066,RS_GCF_003697165.2,d__Bacteria;p__Proteobacteria;c__Gammaproteobacteria;o__Enterobacterales;f__Enterobacteriaceae;g__Escherichia;s__Escherichia coli,blast,96.80,iPHoP-RF;94.70
NODE_85_length_6973_cov_5.469066,GB_GCA_003018335.1,d__Bacteria;p__Proteobacteria;c__Gammaproteobacteria;o__Enterobacterales;f__Enterobacteriaceae;g__Escherichia;s__Escherichia coli_C,blast,96.70,iPHoP-RF;92.40
NODE_85_length_6973_cov_5.469066,RS_GCF_002900365.1,d__Bacteria;p__Proteobacteria;c__Gammaproteobacteria;o__Enterobacterales;f__Enterobacteriaceae;g__Escherichia;s__Escherichia marmotae,blast,96.70,iPHoP-RF;95.10
NODE_85_length_6973_cov_5.469066,RS_GCF_005843885.1,d__Bacteria;p__Proteobacteria;c__Gammaproteobacteria;o__Enterobacterales;f__Enterobacteriaceae;g__Escherichia;s__Escherichia sp005843885,blast,96.70,iPHoP-RF;95.10
NODE_85_length_6973_cov_5.469066,RS_GCF_002965065.1,d__Bacteria;p__Proteobacteria;c__Gammaproteobacteria;o__Enterobacterales;f__Enterobacteriaceae;g__Escherichia;s__Escherichia sp002965065,iPHoP-RF,95.10,None
NODE_85_length_6973_cov_5.469066,RS_GCF_001660175.1,d__Bacteria;p__Proteobacteria;c__Gammaproteobacteria;o__Enterobacterales;f__Enterobacteriaceae;g__Escherichia;s__Escherichia sp001660175,iPHoP-RF,94.70,None
NODE_85_length_6973_cov_5.469066,RS_GCF_004211955.1,d__Bacteria;p__Proteobacteria;c__Gammaproteobacteria;o__Enterobacterales;f__Enterobacteriaceae;g__Escherichia;s__Escherichia sp004211955,iPHoP-RF,94.40,None
NODE_85_length_6973_cov_5.469066,RS_GCF_011881725.1,d__Bacteria;p__Proteobacteria;c__Gammaproteobacteria;o__Enterobacterales;f__Enterobacteriaceae;g__Escherichia;s__Escherichia coli_E,iPHoP-RF,94.40,None
NODE_85_length_6973_cov_5.469066,RS_GCF_000208585.1,d__Bacteria;p__Proteobacteria;c__Gammaproteobacteria;o__Enterobacterales;f__Enterobacteriaceae;g__Escherichia;s__Escherichia sp000208585,iPHoP-RF,92.10,None
NODE_864_length_2399_cov_5.134386,RS_GCF_001883705.1,d__Bacteria;p__Proteobacteria;c__Gammaproteobacteria;o__Burkholderiales;f__Burkholderiaceae;g__Burkholderia;s__Burkholderia catarinensis,iPHoP-RF,96.70,blast;92.10
NODE_864_length_2399_cov_5.134386,RS_GCF_003330765.1,d__Bacteria;p__Proteobacteria;c__Gammaproteobacteria;o__Burkholderiales;f__Burkholderiaceae;g__Burkholderia;s__Burkholderia pyrrocinia_B,iPHoP-RF,96.70,blast;93.70
NODE_864_length_2399_cov_5.134386,RS_GCF_003853415.1,d__Bacteria;p__Proteobacteria;c__Gammaproteobacteria;o__Burkholderiales;f__Burkholderiaceae;g__Burkholderia;s__Burkholderia sp003853415,iPHoP-RF,96.70,None
NODE_864_length_2399_cov_5.134386,RS_GCF_902833055.1,d__Bacteria;p__Proteobacteria;c__Gammaproteobacteria;o__Burkholderiales;f__Burkholderiaceae;g__Burkholderia;s__Burkholderia territorii,iPHoP-RF,96.70,blast;92.70
NODE_864_length_2399_cov_5.134386,RS_GCF_001718795.1,d__Bacteria;p__Proteobacteria;c__Gammaproteobacteria;o__Burkholderiales;f__Burkholderiaceae;g__Burkholderia;s__Burkholderia latens_A,iPHoP-RF,96.40,None
NODE_864_length_2399_cov_5.134386,RS_GCF_001742165.1,d__Bacteria;p__Proteobacteria;c__Gammaproteobacteria;o__Burkholderiales;f__Burkholderiaceae;g__Burkholderia;s__Burkholderia stabilis,iPHoP-RF,96.40,blast;92.00
NODE_864_length_2399_cov_5.134386,RS_GCF_902499115.1,d__Bacteria;p__Proteobacteria;c__Gammaproteobacteria;o__Burkholderiales;f__Burkholderiaceae;g__Burkholderia;s__Burkholderia diffusa,iPHoP-RF,96.40,None
NODE_864_length_2399_cov_5.134386,RS_GCF_902499125.1,d__Bacteria;p__Proteobacteria;c__Gammaproteobacteria;o__Burkholderiales;f__Burkholderiaceae;g__Burkholderia;s__Burkholderia arboris,iPHoP-RF,96.40,blast;90.00
NODE_864_length_2399_cov_5.134386,RS_GCF_000732615.1,d__Bacteria;p__Proteobacteria;c__Gammaproteobacteria;o__Burkholderiales;f__Burkholderiaceae;g__Burkholderia;s__Burkholderia paludis,iPHoP-RF,96.10,None
NODE_864_length_2399_cov_5.134386,RS_GCF_001039005.1,d__Bacteria;p__Proteobacteria;c__Gammaproteobacteria;o__Burkholderiales;f__Burkholderiaceae;g__Burkholderia;s__Burkholderia cepacia_C,iPHoP-RF,96.10,blast;92.10
NODE_864_length_2399_cov_5.134386,RS_GCF_001411495.1,d__Bacteria;p__Proteobacteria;c__Gammaproteobacteria;o__Burkholderiales;f__Burkholderiaceae;g__Burkholderia;s__Burkholderia cepacia,iPHoP-RF,96.10,blast;91.50
NODE_864_length_2399_cov_5.134386,RS_GCF_014211915.1,d__Bacteria;p__Proteobacteria;c__Gammaproteobacteria;o__Burkholderiales;f__Burkholderiaceae;g__Burkholderia;s__Burkholderia cenocepacia_B,iPHoP-RF,96.10,blast;89.60
NODE_864_length_2399_cov_5.134386,RS_GCF_000012945.1,d__Bacteria;p__Proteobacteria;c__Gammaproteobacteria;o__Burkholderiales;f__Burkholderiaceae;g__Burkholderia;s__Burkholderia lata,iPHoP-RF,95.70,None
NODE_864_length_2399_cov_5.134386,RS_GCF_003711145.1,d__Bacteria;p__Proteobacteria;c__Gammaproteobacteria;o__Burkholderiales;f__Burkholderiaceae;g__Burkholderia;s__Burkholderia cepacia_E,iPHoP-RF,95.70,None
NODE_864_length_2399_cov_5.134386,RS_GCF_902832885.1,d__Bacteria;p__Proteobacteria;c__Gammaproteobacteria;o__Burkholderiales;f__Burkholderiaceae;g__Burkholderia;s__Burkholderia seminalis,iPHoP-RF,95.70,blast;91.90
NODE_864_length_2399_cov_5.134386,RS_GCF_001443045.1,d__Bacteria;p__Proteobacteria;c__Gammaproteobacteria;o__Burkholderiales;f__Burkholderiaceae;g__Burkholderia;s__Burkholderia ambifaria_A,iPHoP-RF,95.40,None
NODE_864_length_2399_cov_5.134386,RS_GCF_003635165.1,d__Bacteria;p__Proteobacteria;c__Gammaproteobacteria;o__Burkholderiales;f__Burkholderiaceae;g__Burkholderia;s__Burkholderia sp003635165,iPHoP-RF,95.40,None
NODE_864_length_2399_cov_5.134386,RS_GCF_003853645.1,d__Bacteria;p__Proteobacteria;c__Gammaproteobacteria;o__Burkholderiales;f__Burkholderiaceae;g__Burkholderia;s__Burkholderia sp003853645,iPHoP-RF,95.40,None
NODE_864_length_2399_cov_5.134386,RS_GCF_011605345.1,d__Bacteria;p__Proteobacteria;c__Gammaproteobacteria;o__Burkholderiales;f__Burkholderiaceae;g__Burkholderia;s__Burkholderia sp011605345,iPHoP-RF,95.40,None
NODE_864_length_2399_cov_5.134386,RS_GCF_902499335.1,d__Bacteria;p__Proteobacteria;c__Gammaproteobacteria;o__Burkholderiales;f__Burkholderiaceae;g__Burkholderia;s__Burkholderia lata_B,iPHoP-RF,95.40,None
NODE_864_length_2399_cov_5.134386,RS_GCF_902833225.1,d__Bacteria;p__Proteobacteria;c__Gammaproteobacteria;o__Burkholderiales;f__Burkholderiaceae;g__Burkholderia;s__Burkholderia sp902833225,iPHoP-RF,95.40,blast;89.90
NODE_864_length_2399_cov_5.134386,RS_GCF_001718835.1,d__Bacteria;p__Proteobacteria;c__Gammaproteobacteria;o__Burkholderiales;f__Burkholderiaceae;g__Burkholderia;s__Burkholderia cepacia_F,iPHoP-RF,95.10,None
NODE_864_length_2399_cov_5.134386,RS_GCF_002223185.1,d__Bacteria;p__Proteobacteria;c__Gammaproteobacteria;o__Burkholderiales;f__Burkholderiaceae;g__Burkholderia;s__Burkholderia sp002223185,iPHoP-RF,95.10,blast;89.90
NODE_864_length_2399_cov_5.134386,RS_GCF_003853705.1,d__Bacteria;p__Proteobacteria;c__Gammaproteobacteria;o__Burkholderiales;f__Burkholderiaceae;g__Burkholderia;s__Burkholderia sp003853705,iPHoP-RF,95.10,None
NODE_864_length_2399_cov_5.134386,RS_GCF_000959525.1,d__Bacteria;p__Proteobacteria;c__Gammaproteobacteria;o__Burkholderiales;f__Burkholderiaceae;g__Burkholderia;s__Burkholderia multivorans,blast,94.30,iPHoP-RF;76.80
NODE_864_length_2399_cov_5.134386,RS_GCF_902499075.1,d__Bacteria;p__Proteobacteria;c__Gammaproteobacteria;o__Burkholderiales;f__Burkholderiaceae;g__Burkholderia;s__Burkholderia pseudomultivorans,blast,91.90,iPHoP-RF;79.80
NODE_864_length_2910_cov_4.731349,RS_GCF_002950215.1,d__Bacteria;p__Proteobacteria;c__Gammaproteobacteria;o__Enterobacterales;f__Enterobacteriaceae;g__Escherichia;s__Escherichia flexneri,blast,96.30,iPHoP-RF;64.30
NODE_864_length_2910_cov_4.731349,RS_GCF_003697165.2,d__Bacteria;p__Proteobacteria;c__Gammaproteobacteria;o__Enterobacterales;f__Enterobacteriaceae;g__Escherichia;s__Escherichia coli,blast,96.20,iPHoP-RF;65.10
NODE_864_length_2910_cov_4.731349,RS_GCF_000026225.1,d__Bacteria;p__Proteobacteria;c__Gammaproteobacteria;o__Enterobacterales;f__Enterobacteriaceae;g__Escherichia;s__Escherichia fergusonii,blast,96.10,iPHoP-RF;62.50
NODE_864_length_2910_cov_4.731349,RS_GCF_000026325.1,d__Bacteria;p__Proteobacteria;c__Gammaproteobacteria;o__Enterobacterales;f__Enterobacteriaceae;g__Escherichia;s__Escherichia coli_D,blast,95.80,iPHoP-RF;60.90
NODE_864_length_2910_cov_4.731349,RS_GCF_002949675.1,d__Bacteria;p__Proteobacteria;c__Gammaproteobacteria;o__Enterobacterales;f__Enterobacteriaceae;g__Escherichia;s__Escherichia dysenteriae,blast,95.80,iPHoP-RF;67.00
NODE_864_length_2910_cov_4.731349,GB_GCA_003018335.1,d__Bacteria;p__Proteobacteria;c__Gammaproteobacteria;o__Enterobacterales;f__Enterobacteriaceae;g__Escherichia;s__Escherichia coli_C,blast,95.70,iPHoP-RF;57.60
NODE_864_length_2910_cov_4.731349,RS_GCF_000208585.1,d__Bacteria;p__Proteobacteria;c__Gammaproteobacteria;o__Enterobacterales;f__Enterobacteriaceae;g__Escherichia;s__Escherichia sp000208585,blast,95.70,iPHoP-RF;60.60
NODE_864_length_2910_cov_4.731349,RS_GCF_000759775.1,d__Bacteria;p__Proteobacteria;c__Gammaproteobacteria;o__Enterobacterales;f__Enterobacteriaceae;g__Escherichia;s__Escherichia albertii,blast,95.70,iPHoP-RF;58.20
NODE_864_length_2910_cov_4.731349,RS_GCF_002900365.1,d__Bacteria;p__Proteobacteria;c__Gammaproteobacteria;o__Enterobacterales;f__Enterobacteriaceae;g__Escherichia;s__Escherichia marmotae,blast,95.70,iPHoP-RF;64.30
NODE_86_length_11713_cov_9.597701,GB_GCA_000210075.1,d__Bacteria;p__Bacteroidota;c__Bacteroidia;o__Bacteroidales;f__Bacteroidaceae;g__Bacteroides;s__Bacteroides xylanisolvens,iPHoP-RF,97.10,blast;90.00
NODE_86_length_11713_cov_9.597701,GB_GCA_900547205.1,d__Bacteria;p__Bacteroidota;c__Bacteroidia;o__Bacteroidales;f__Bacteroidaceae;g__Bacteroides;s__Bacteroides sp900547205,iPHoP-RF,97.10,None
NODE_86_length_11713_cov_9.597701,RS_GCF_001314995.1,d__Bacteria;p__Bacteroidota;c__Bacteroidia;o__Bacteroidales;f__Bacteroidaceae;g__Bacteroides;s__Bacteroides ovatus,iPHoP-RF,97.10,blast;91.60
NODE_86_length_11713_cov_9.597701,RS_GCF_001688725.2,d__Bacteria;p__Bacteroidota;c__Bacteroidia;o__Bacteroidales;f__Bacteroidaceae;g__Bacteroides;s__Bacteroides caecimuris,iPHoP-RF,97.10,blast;90.00
NODE_86_length_11713_cov_9.597701,RS_GCF_014334015.1,d__Bacteria;p__Bacteroidota;c__Bacteroidia;o__Bacteroidales;f__Bacteroidaceae;g__Bacteroides;s__Bacteroides sp003463205,iPHoP-RF,97.10,None
NODE_86_length_11713_cov_9.597701,GB_GCA_900556625.1,d__Bacteria;p__Bacteroidota;c__Bacteroidia;o__Bacteroidales;f__Bacteroidaceae;g__Bacteroides;s__Bacteroides sp900556625,iPHoP-RF,96.70,None
NODE_86_length_11713_cov_9.597701,GB_GCA_900755095.1,d__Bacteria;p__Bacteroidota;c__Bacteroidia;o__Bacteroidales;f__Bacteroidaceae;g__Bacteroides;s__Bacteroides sp900755095,iPHoP-RF,96.70,None
NODE_86_length_11713_cov_9.597701,GB_GCA_900761785.1,d__Bacteria;p__Bacteroidota;c__Bacteroidia;o__Bacteroidales;f__Bacteroidaceae;g__Bacteroides;s__Bacteroides sp900761785,iPHoP-RF,96.70,None
NODE_86_length_11713_cov_9.597701,RS_GCF_009193295.2,d__Bacteria;p__Bacteroidota;c__Bacteroidia;o__Bacteroidales;f__Bacteroidaceae;g__Bacteroides;s__Bacteroides sp007097645,iPHoP-RF,96.70,None
NODE_86_length_11713_cov_9.597701,RS_GCF_009193325.2,d__Bacteria;p__Bacteroidota;c__Bacteroidia;o__Bacteroidales;f__Bacteroidaceae;g__Bacteroides;s__Bacteroides sp900066265,iPHoP-RF,96.70,None
NODE_86_length_11713_cov_9.597701,RS_GCF_902362375.1,d__Bacteria;p__Bacteroidota;c__Bacteroidia;o__Bacteroidales;f__Bacteroidaceae;g__Bacteroides;s__Bacteroides sp902362375,iPHoP-RF,96.70,None
NODE_86_length_11713_cov_9.597701,RS_GCF_903181435.1,d__Bacteria;p__Bacteroidota;c__Bacteroidia;o__Bacteroidales;f__Bacteroidaceae;g__Bacteroides;s__Bacteroides acidifaciens_A,iPHoP-RF,96.70,blast;89.50
NODE_86_length_11713_cov_9.597701,RS_GCF_000156195.1,d__Bacteria;p__Bacteroidota;c__Bacteroidia;o__Bacteroidales;f__Bacteroidaceae;g__Bacteroides;s__Bacteroides finegoldii,iPHoP-RF,96.40,None
NODE_86_length_11713_cov_9.597701,RS_GCF_002222615.2,d__Bacteria;p__Bacteroidota;c__Bacteroidia;o__Bacteroidales;f__Bacteroidaceae;g__Bacteroides;s__Bacteroides caccae,iPHoP-RF,96.40,blast;89.80
NODE_86_length_11713_cov_9.597701,RS_GCF_000011065.1,d__Bacteria;p__Bacteroidota;c__Bacteroidia;o__Bacteroidales;f__Bacteroidaceae;g__Bacteroides;s__Bacteroides thetaiotaomicron,iPHoP-RF,96.10,blast;91.10
NODE_86_length_11713_cov_9.597701,RS_GCF_900106755.1,d__Bacteria;p__Bacteroidota;c__Bacteroidia;o__Bacteroidales;f__Bacteroidaceae;g__Bacteroides;s__Bacteroides faecis,iPHoP-RF,96.10,None
NODE_86_length_11713_cov_9.597701,RS_GCF_900155865.1,d__Bacteria;p__Bacteroidota;c__Bacteroidia;o__Bacteroidales;f__Bacteroidaceae;g__Bacteroides;s__Bacteroides bouchesdurhonensis,iPHoP-RF,95.40,None
NODE_86_length_11713_cov_9.597701,RS_GCF_003865075.1,d__Bacteria;p__Bacteroidota;c__Bacteroidia;o__Bacteroidales;f__Bacteroidaceae;g__Bacteroides;s__Bacteroides sp003865075,iPHoP-RF,94.10,blast;76.10
NODE_86_length_11713_cov_9.597701,RS_GCF_000614145.1,d__Bacteria;p__Bacteroidota;c__Bacteroidia;o__Bacteroidales;f__Bacteroidaceae;g__Bacteroides;s__Bacteroides faecichinchillae,iPHoP-RF,93.70,blast;78.50
NODE_86_length_11713_cov_9.597701,RS_GCF_000025985.1,d__Bacteria;p__Bacteroidota;c__Bacteroidia;o__Bacteroidales;f__Bacteroidaceae;g__Bacteroides;s__Bacteroides fragilis,blast,93.30,iPHoP-RF;82.80
NODE_86_length_11713_cov_9.597701,RS_GCF_000513195.1,d__Bacteria;p__Bacteroidota;c__Bacteroidia;o__Bacteroidales;f__Bacteroidaceae;g__Bacteroides;s__Bacteroides timonensis,iPHoP-RF,91.80,None
NODE_86_length_11713_cov_9.597701,GB_GCA_900765785.1,d__Bacteria;p__Bacteroidota;c__Bacteroidia;o__Bacteroidales;f__Bacteroidaceae;g__Bacteroides;s__Bacteroides sp900765785,iPHoP-RF,91.40,blast;79.20
NODE_86_length_11713_cov_9.597701,GB_GCA_900552405.1,d__Bacteria;p__Bacteroidota;c__Bacteroidia;o__Bacteroidales;f__Bacteroidaceae;g__Bacteroides;s__Bacteroides sp900552405,iPHoP-RF,91.10,None
NODE_86_length_11713_cov_9.597701,RS_GCF_000012825.1,d__Bacteria;p__Bacteroidota;c__Bacteroidia;o__Bacteroidales;f__Bacteroidaceae;g__Phocaeicola;s__Phocaeicola vulgatus,blast,90.80,iPHoP-RF;56.50
NODE_86_length_11713_cov_9.597701,GB_GCA_900557355.1,d__Bacteria;p__Bacteroidota;c__Bacteroidia;o__Bacteroidales;f__Bacteroidaceae;g__Bacteroides;s__Bacteroides sp900557355,iPHoP-RF,90.10,None
NODE_86_length_1727_cov_2.641746,RS_GCF_000759815.1,d__Bacteria;p__Proteobacteria;c__Gammaproteobacteria;o__Enterobacterales;f__Enterobacteriaceae;g__Citrobacter_A;s__Citrobacter_A rodentium,blast,93.90,iPHoP-RF;71.50
NODE_86_length_1727_cov_2.641746,RS_GCF_002949675.1,d__Bacteria;p__Proteobacteria;c__Gammaproteobacteria;o__Enterobacterales;f__Enterobacteriaceae;g__Escherichia;s__Escherichia dysenteriae,blast,93.90,iPHoP-RF;83.60
NODE_86_length_1727_cov_2.641746,RS_GCF_002950215.1,d__Bacteria;p__Proteobacteria;c__Gammaproteobacteria;o__Enterobacterales;f__Enterobacteriaceae;g__Escherichia;s__Escherichia flexneri,blast,93.90,iPHoP-RF;80.80
NODE_86_length_1727_cov_2.641746,RS_GCF_003697165.2,d__Bacteria;p__Proteobacteria;c__Gammaproteobacteria;o__Enterobacterales;f__Enterobacteriaceae;g__Escherichia;s__Escherichia coli,blast,93.90,iPHoP-RF;80.80
NODE_86_length_1727_cov_2.641746,RS_GCF_000759775.1,d__Bacteria;p__Proteobacteria;c__Gammaproteobacteria;o__Enterobacterales;f__Enterobacteriaceae;g__Escherichia;s__Escherichia albertii,blast,93.80,iPHoP-RF;77.80
NODE_86_length_2103_cov_4.534668,RS_GCF_003697165.2,d__Bacteria;p__Proteobacteria;c__Gammaproteobacteria;o__Enterobacterales;f__Enterobacteriaceae;g__Escherichia;s__Escherichia coli,blast,98.30,iPHoP-RF;89.20
NODE_86_length_2103_cov_4.534668,GB_GCA_003018335.1,d__Bacteria;p__Proteobacteria;c__Gammaproteobacteria;o__Enterobacterales;f__Enterobacteriaceae;g__Escherichia;s__Escherichia coli_C,blast,96.80,iPHoP-RF;89.80
NODE_86_length_2103_cov_4.534668,RS_GCF_000026225.1,d__Bacteria;p__Proteobacteria;c__Gammaproteobacteria;o__Enterobacterales;f__Enterobacteriaceae;g__Escherichia;s__Escherichia fergusonii,blast,96.80,iPHoP-RF;87.90
NODE_86_length_2103_cov_4.534668,RS_GCF_000026325.1,d__Bacteria;p__Proteobacteria;c__Gammaproteobacteria;o__Enterobacterales;f__Enterobacteriaceae;g__Escherichia;s__Escherichia coli_D,blast,96.80,iPHoP-RF;89.50
NODE_86_length_2103_cov_4.534668,RS_GCF_000208585.1,d__Bacteria;p__Proteobacteria;c__Gammaproteobacteria;o__Enterobacterales;f__Enterobacteriaceae;g__Escherichia;s__Escherichia sp000208585,blast,96.80,iPHoP-RF;91.40
NODE_86_length_2103_cov_4.534668,RS_GCF_000759775.1,d__Bacteria;p__Proteobacteria;c__Gammaproteobacteria;o__Enterobacterales;f__Enterobacteriaceae;g__Escherichia;s__Escherichia albertii,blast,96.80,iPHoP-RF;74.80 CRISPR;52.00
NODE_86_length_2103_cov_4.534668,RS_GCF_002900365.1,d__Bacteria;p__Proteobacteria;c__Gammaproteobacteria;o__Enterobacterales;f__Enterobacteriaceae;g__Escherichia;s__Escherichia marmotae,blast,96.80,iPHoP-RF;89.80
NODE_86_length_2103_cov_4.534668,RS_GCF_002949675.1,d__Bacteria;p__Proteobacteria;c__Gammaproteobacteria;o__Enterobacterales;f__Enterobacteriaceae;g__Escherichia;s__Escherichia dysenteriae,blast,96.80,iPHoP-RF;90.10
NODE_86_length_2103_cov_4.534668,RS_GCF_002950215.1,d__Bacteria;p__Proteobacteria;c__Gammaproteobacteria;o__Enterobacterales;f__Enterobacteriaceae;g__Escherichia;s__Escherichia flexneri,blast,96.80,iPHoP-RF;90.10
NODE_86_length_2103_cov_4.534668,RS_GCF_004211955.1,d__Bacteria;p__Proteobacteria;c__Gammaproteobacteria;o__Enterobacterales;f__Enterobacteriaceae;g__Escherichia;s__Escherichia sp004211955,blast,96.80,iPHoP-RF;89.80
NODE_86_length_2103_cov_4.534668,RS_GCF_005843885.1,d__Bacteria;p__Proteobacteria;c__Gammaproteobacteria;o__Enterobacterales;f__Enterobacteriaceae;g__Escherichia;s__Escherichia sp005843885,blast,96.80,iPHoP-RF;91.10
NODE_86_length_2103_cov_4.534668,RS_GCF_011881725.1,d__Bacteria;p__Proteobacteria;c__Gammaproteobacteria;o__Enterobacterales;f__Enterobacteriaceae;g__Escherichia;s__Escherichia coli_E,blast,96.80,iPHoP-RF;89.80
NODE_86_length_8894_cov_9.766942,RS_GCF_001077535.1,d__Bacteria;p__Firmicutes_A;c__Clostridia;o__Peptostreptococcales;f__Peptostreptococcaceae;g__Clostridioides;s__Clostridioides difficile,blast,94.90,iPHoP-RF;90.80 CRISPR;61.10
NODE_86_length_8894_cov_9.766942,RS_GCF_000449425.2,d__Bacteria;p__Firmicutes_A;c__Clostridia;o__Peptostreptococcales;f__Peptostreptococcaceae;g__Clostridioides;s__Clostridioides difficile_E,blast,93.50,iPHoP-RF;90.80
NODE_86_length_8894_cov_9.766942,RS_GCF_900243075.1,d__Bacteria;p__Firmicutes_A;c__Clostridia;o__Peptostreptococcales;f__Peptostreptococcaceae;g__Clostridioides;s__Clostridioides difficile_D,iPHoP-RF,93.40,None
NODE_86_length_8894_cov_9.766942,RS_GCF_001299635.1,d__Bacteria;p__Firmicutes_A;c__Clostridia;o__Peptostreptococcales;f__Peptostreptococcaceae;g__Clostridioides;s__Clostridioides difficile_A,iPHoP-RF,91.10,None
NODE_870_length_1236_cov_3.634208,RS_GCF_006546825.1,d__Bacteria;p__Actinobacteriota;c__Actinomycetia;o__Actinomycetales;f__Actinomycetaceae;g__Actinomyces;s__Actinomyces oris,blast,91.10,iPHoP-RF;73.00
NODE_873_length_1233_cov_3.330221,RS_GCF_002549755.1,d__Bacteria;p__Firmicutes_A;c__Clostridia;o__Oscillospirales;f__Ruminococcaceae;g__Faecalibacterium;s__Faecalibacterium prausnitzii_D,blast,92.80,iPHoP-RF;81.40
NODE_873_length_1233_cov_3.330221,RS_GCF_003324185.1,d__Bacteria;p__Firmicutes_A;c__Clostridia;o__Oscillospirales;f__Ruminococcaceae;g__Faecalibacterium;s__Faecalibacterium prausnitzii,blast,92.60,iPHoP-RF;85.40
NODE_873_length_1233_cov_3.330221,RS_GCF_003293635.1,d__Bacteria;p__Firmicutes_A;c__Clostridia;o__Oscillospirales;f__Ruminococcaceae;g__Faecalibacterium;s__Faecalibacterium prausnitzii_G,blast,92.30,iPHoP-RF;77.10
NODE_873_length_1233_cov_3.330221,GB_GCA_002313795.1,d__Bacteria;p__Firmicutes_A;c__Clostridia;o__Oscillospirales;f__Ruminococcaceae;g__Faecalibacterium;s__Faecalibacterium prausnitzii_L,blast,92.10,iPHoP-RF;80.00
NODE_873_length_1233_cov_3.330221,RS_GCF_003287405.1,d__Bacteria;p__Firmicutes_A;c__Clostridia;o__Oscillospirales;f__Ruminococcaceae;g__Faecalibacterium;s__Faecalibacterium prausnitzii_J,blast,92.00,iPHoP-RF;82.20
NODE_873_length_1233_cov_3.330221,3300014956_14,d__Bacteria;p__Firmicutes_A;c__Clostridia;o__Oscillospirales;f__Ruminococcaceae;g__Faecalibacterium;s__,blast,90.40,iPHoP-RF;71.30
NODE_877_length_2867_cov_5.203058,RS_GCF_003697165.2,d__Bacteria;p__Proteobacteria;c__Gammaproteobacteria;o__Enterobacterales;f__Enterobacteriaceae;g__Escherichia;s__Escherichia coli,blast,96.90,iPHoP-RF;68.60
NODE_877_length_2867_cov_5.203058,RS_GCF_002949675.1,d__Bacteria;p__Proteobacteria;c__Gammaproteobacteria;o__Enterobacterales;f__Enterobacteriaceae;g__Escherichia;s__Escherichia dysenteriae,blast,96.80,iPHoP-RF;70.00
NODE_877_length_2867_cov_5.203058,RS_GCF_002950215.1,d__Bacteria;p__Proteobacteria;c__Gammaproteobacteria;o__Enterobacterales;f__Enterobacteriaceae;g__Escherichia;s__Escherichia flexneri,blast,96.80,iPHoP-RF;68.90
NODE_877_length_2867_cov_5.203058,GB_GCA_003018335.1,d__Bacteria;p__Proteobacteria;c__Gammaproteobacteria;o__Enterobacterales;f__Enterobacteriaceae;g__Escherichia;s__Escherichia coli_C,blast,96.70,iPHoP-RF;64.30
NODE_877_length_2867_cov_5.203058,RS_GCF_000026325.1,d__Bacteria;p__Proteobacteria;c__Gammaproteobacteria;o__Enterobacterales;f__Enterobacteriaceae;g__Escherichia;s__Escherichia coli_D,blast,96.70,iPHoP-RF;67.00
NODE_877_length_2867_cov_5.203058,RS_GCF_000208585.1,d__Bacteria;p__Proteobacteria;c__Gammaproteobacteria;o__Enterobacterales;f__Enterobacteriaceae;g__Escherichia;s__Escherichia sp000208585,blast,96.70,iPHoP-RF;69.50
NODE_877_length_2867_cov_5.203058,RS_GCF_004211955.1,d__Bacteria;p__Proteobacteria;c__Gammaproteobacteria;o__Enterobacterales;f__Enterobacteriaceae;g__Escherichia;s__Escherichia sp004211955,blast,96.70,iPHoP-RF;67.00
NODE_877_length_2867_cov_5.203058,RS_GCF_005843885.1,d__Bacteria;p__Proteobacteria;c__Gammaproteobacteria;o__Enterobacterales;f__Enterobacteriaceae;g__Escherichia;s__Escherichia sp005843885,blast,96.70,iPHoP-RF;68.20
NODE_877_length_2867_cov_5.203058,RS_GCF_000026225.1,d__Bacteria;p__Proteobacteria;c__Gammaproteobacteria;o__Enterobacterales;f__Enterobacteriaceae;g__Escherichia;s__Escherichia fergusonii,blast,96.60,iPHoP-RF;68.60
NODE_877_length_2867_cov_5.203058,RS_GCF_002900365.1,d__Bacteria;p__Proteobacteria;c__Gammaproteobacteria;o__Enterobacterales;f__Enterobacteriaceae;g__Escherichia;s__Escherichia marmotae,blast,96.60,iPHoP-RF;66.50
NODE_877_length_2867_cov_5.203058,RS_GCF_011881725.1,d__Bacteria;p__Proteobacteria;c__Gammaproteobacteria;o__Enterobacterales;f__Enterobacteriaceae;g__Escherichia;s__Escherichia coli_E,blast,96.60,iPHoP-RF;66.80
NODE_877_length_2867_cov_5.203058,RS_GCF_000759775.1,d__Bacteria;p__Proteobacteria;c__Gammaproteobacteria;o__Enterobacterales;f__Enterobacteriaceae;g__Escherichia;s__Escherichia albertii,blast,91.30,iPHoP-RF;56.50
NODE_87_length_8522_cov_6.347703,RS_GCF_001077535.1,d__Bacteria;p__Firmicutes_A;c__Clostridia;o__Peptostreptococcales;f__Peptostreptococcaceae;g__Clostridioides;s__Clostridioides difficile,blast,98.80,iPHoP-RF;91.40 CRISPR;88.30
NODE_87_length_8522_cov_6.347703,RS_GCF_000449425.2,d__Bacteria;p__Firmicutes_A;c__Clostridia;o__Peptostreptococcales;f__Peptostreptococcaceae;g__Clostridioides;s__Clostridioides difficile_E,CRISPR,95.60,iPHoP-RF;92.80
NODE_87_length_8522_cov_6.347703,RS_GCF_900243075.1,d__Bacteria;p__Firmicutes_A;c__Clostridia;o__Peptostreptococcales;f__Peptostreptococcaceae;g__Clostridioides;s__Clostridioides difficile_D,CRISPR,94.00,iPHoP-RF;91.80
NODE_87_length_8522_cov_6.347703,RS_GCF_001299635.1,d__Bacteria;p__Firmicutes_A;c__Clostridia;o__Peptostreptococcales;f__Peptostreptococcaceae;g__Clostridioides;s__Clostridioides difficile_A,blast,92.60,iPHoP-RF;92.40
NODE_87_length_8976_cov_56.443896,RS_GCF_014131695.1,d__Bacteria;p__Firmicutes;c__Bacilli;o__Erysipelotrichales;f__Erysipelatoclostridiaceae;g__Erysipelatoclostridium;s__Erysipelatoclostridium ramosum,blast,96.70,CRISPR;89.30 iPHoP-RF;81.40
NODE_88_length_2972_cov_5.724374,RS_GCF_001077535.1,d__Bacteria;p__Firmicutes_A;c__Clostridia;o__Peptostreptococcales;f__Peptostreptococcaceae;g__Clostridioides;s__Clostridioides difficile,blast,97.50,iPHoP-RF;88.90 CRISPR;55.60
NODE_88_length_2972_cov_5.724374,RS_GCF_900243075.1,d__Bacteria;p__Firmicutes_A;c__Clostridia;o__Peptostreptococcales;f__Peptostreptococcaceae;g__Clostridioides;s__Clostridioides difficile_D,blast,92.00,iPHoP-RF;90.10
NODE_88_length_2972_cov_5.724374,RS_GCF_000449425.2,d__Bacteria;p__Firmicutes_A;c__Clostridia;o__Peptostreptococcales;f__Peptostreptococcaceae;g__Clostridioides;s__Clostridioides difficile_E,blast,91.90,iPHoP-RF;88.50
NODE_88_length_2972_cov_5.724374,RS_GCF_001299635.1,d__Bacteria;p__Firmicutes_A;c__Clostridia;o__Peptostreptococcales;f__Peptostreptococcaceae;g__Clostridioides;s__Clostridioides difficile_A,blast,91.60,iPHoP-RF;88.20
NODE_89_length_1910_cov_3.343396,RS_GCF_002900365.1,d__Bacteria;p__Proteobacteria;c__Gammaproteobacteria;o__Enterobacterales;f__Enterobacteriaceae;g__Escherichia;s__Escherichia marmotae,blast,95.90,iPHoP-RF;80.00
NODE_89_length_1910_cov_3.343396,RS_GCF_002965065.1,d__Bacteria;p__Proteobacteria;c__Gammaproteobacteria;o__Enterobacterales;f__Enterobacteriaceae;g__Escherichia;s__Escherichia sp002965065,blast,95.90,iPHoP-RF;80.60
NODE_89_length_1910_cov_3.343396,RS_GCF_003697165.2,d__Bacteria;p__Proteobacteria;c__Gammaproteobacteria;o__Enterobacterales;f__Enterobacteriaceae;g__Escherichia;s__Escherichia coli,blast,95.90,iPHoP-RF;71.90
NODE_89_length_1910_cov_3.343396,GB_GCA_003018335.1,d__Bacteria;p__Proteobacteria;c__Gammaproteobacteria;o__Enterobacterales;f__Enterobacteriaceae;g__Escherichia;s__Escherichia coli_C,blast,95.80,iPHoP-RF;79.30
NODE_89_length_1910_cov_3.343396,RS_GCF_001660175.1,d__Bacteria;p__Proteobacteria;c__Gammaproteobacteria;o__Enterobacterales;f__Enterobacteriaceae;g__Escherichia;s__Escherichia sp001660175,blast,95.80,iPHoP-RF;80.00
NODE_89_length_1910_cov_3.343396,RS_GCF_002950215.1,d__Bacteria;p__Proteobacteria;c__Gammaproteobacteria;o__Enterobacterales;f__Enterobacteriaceae;g__Escherichia;s__Escherichia flexneri,blast,95.80,iPHoP-RF;78.70
NODE_89_length_1910_cov_3.343396,RS_GCF_000026325.1,d__Bacteria;p__Proteobacteria;c__Gammaproteobacteria;o__Enterobacterales;f__Enterobacteriaceae;g__Escherichia;s__Escherichia coli_D,blast,95.70,iPHoP-RF;78.30
NODE_89_length_1910_cov_3.343396,RS_GCF_002949675.1,d__Bacteria;p__Proteobacteria;c__Gammaproteobacteria;o__Enterobacterales;f__Enterobacteriaceae;g__Escherichia;s__Escherichia dysenteriae,blast,95.70,iPHoP-RF;80.00
NODE_89_length_1910_cov_3.343396,RS_GCF_000759775.1,d__Bacteria;p__Proteobacteria;c__Gammaproteobacteria;o__Enterobacterales;f__Enterobacteriaceae;g__Escherichia;s__Escherichia albertii,blast,93.60,iPHoP-RF;67.70
NODE_89_length_1910_cov_3.343396,RS_GCF_000742135.1,d__Bacteria;p__Proteobacteria;c__Gammaproteobacteria;o__Enterobacterales;f__Enterobacteriaceae;g__Klebsiella;s__Klebsiella pneumoniae,blast,91.00,None
NODE_89_length_1910_cov_3.343396,RS_GCF_000006945.2,d__Bacteria;p__Proteobacteria;c__Gammaproteobacteria;o__Enterobacterales;f__Enterobacteriaceae;g__Salmonella;s__Salmonella enterica,blast,90.00,None
NODE_89_length_20874_cov_10.217782|provirus_3_14193,RS_GCF_000012845.1,d__Bacteria;p__Bacteroidota;c__Bacteroidia;o__Bacteroidales;f__Tannerellaceae;g__Parabacteroides;s__Parabacteroides distasonis,blast,93.50,None
NODE_89_length_20874_cov_10.217782|provirus_3_14193,RS_GCF_000154205.1,d__Bacteria;p__Bacteroidota;c__Bacteroidia;o__Bacteroidales;f__Bacteroidaceae;g__Bacteroides;s__Bacteroides uniformis,blast,90.00,iPHoP-RF;70.00
NODE_89_length_5439_cov_4.326152,RS_GCF_000770925.1,d__Bacteria;p__Actinobacteriota;c__Actinomycetia;o__Actinomycetales;f__Bifidobacteriaceae;g__Bifidobacterium;s__Bifidobacterium ruminantium,CRISPR,98.90,iPHoP-RF;85.70
NODE_89_length_5439_cov_4.326152,RS_GCF_001025215.1,d__Bacteria;p__Actinobacteriota;c__Actinomycetia;o__Actinomycetales;f__Bifidobacteriaceae;g__Bifidobacterium;s__Bifidobacterium pseudocatenulatum,CRISPR,98.70,iPHoP-RF;66.80
NODE_89_length_5439_cov_4.326152,RS_GCF_000010425.1,d__Bacteria;p__Actinobacteriota;c__Actinomycetia;o__Actinomycetales;f__Bifidobacteriaceae;g__Bifidobacterium;s__Bifidobacterium adolescentis,CRISPR,97.80,iPHoP-RF;81.60
NODE_89_length_5439_cov_4.326152,RS_GCF_001025175.1,d__Bacteria;p__Actinobacteriota;c__Actinomycetia;o__Actinomycetales;f__Bifidobacteriaceae;g__Bifidobacterium;s__Bifidobacterium breve,CRISPR,97.70,iPHoP-RF;90.10
NODE_89_length_5439_cov_4.326152,RS_GCF_000269965.1,d__Bacteria;p__Actinobacteriota;c__Actinomycetia;o__Actinomycetales;f__Bifidobacteriaceae;g__Bifidobacterium;s__Bifidobacterium infantis,iPHoP-RF,91.40,None
NODE_8_length_36495_cov_3000.120801,RS_GCF_001435955.1,d__Bacteria;p__Firmicutes;c__Bacilli;o__Lactobacillales;f__Lactobacillaceae;g__Ligilactobacillus;s__Ligilactobacillus salivarius,blast,93.80,iPHoP-RF;59.20
NODE_8_length_36495_cov_3000.120801,RS_GCF_001436025.1,d__Bacteria;p__Firmicutes;c__Bacilli;o__Lactobacillales;f__Lactobacillaceae;g__Limosilactobacillus;s__Limosilactobacillus mucosae,blast,93.80,None
NODE_902_length_1200_cov_3.448908,RS_GCF_001435955.1,d__Bacteria;p__Firmicutes;c__Bacilli;o__Lactobacillales;f__Lactobacillaceae;g__Ligilactobacillus;s__Ligilactobacillus salivarius,blast,92.20,iPHoP-RF;77.10
NODE_902_length_1200_cov_3.448908,RS_GCF_000615845.1,d__Bacteria;p__Firmicutes;c__Bacilli;o__Lactobacillales;f__Lactobacillaceae;g__Ligilactobacillus;s__Ligilactobacillus hayakitensis,blast,90.70,iPHoP-RF;65.80
NODE_907_length_1191_cov_3.101232,RS_GCF_003293635.1,d__Bacteria;p__Firmicutes_A;c__Clostridia;o__Oscillospirales;f__Ruminococcaceae;g__Faecalibacterium;s__Faecalibacterium prausnitzii_G,blast,92.00,None
NODE_907_length_1191_cov_3.101232,GB_GCA_900758465.1,d__Bacteria;p__Firmicutes_A;c__Clostridia;o__Oscillospirales;f__Ruminococcaceae;g__Faecalibacterium;s__Faecalibacterium sp900758465,blast,91.30,None
NODE_90_length_19753_cov_7.180932,RS_GCF_001544095.1,d__Bacteria;p__Firmicutes;c__Bacilli;o__Lactobacillales;f__Enterococcaceae;g__Enterococcus_D;s__Enterococcus_D casseliflavus,blast,94.70,iPHoP-RF;85.40
NODE_90_length_19753_cov_7.180932,RS_GCF_001544275.1,d__Bacteria;p__Firmicutes;c__Bacilli;o__Lactobacillales;f__Enterococcaceae;g__Enterococcus_D;s__Enterococcus_D gallinarum,blast,93.00,iPHoP-RF;87.30
NODE_90_length_5081_cov_5.188818,RS_GCF_000025985.1,d__Bacteria;p__Bacteroidota;c__Bacteroidia;o__Bacteroidales;f__Bacteroidaceae;g__Bacteroides;s__Bacteroides fragilis,blast,96.70,iPHoP-RF;91.10
NODE_90_length_5081_cov_5.188818,RS_GCF_002849695.1,d__Bacteria;p__Bacteroidota;c__Bacteroidia;o__Bacteroidales;f__Bacteroidaceae;g__Bacteroides;s__Bacteroides fragilis_A,blast,92.10,iPHoP-RF;91.40
NODE_90_length_5081_cov_5.188818,GB_GCA_900765805.1,d__Bacteria;p__Bacteroidota;c__Bacteroidia;o__Bacteroidales;f__Bacteroidaceae;g__Bacteroides;s__Bacteroides sp900765805,blast,91.10,iPHoP-RF;71.10
NODE_90_length_6946_cov_17.086490,RS_GCF_008121495.1,d__Bacteria;p__Firmicutes_A;c__Clostridia;o__Lachnospirales;f__Lachnospiraceae;g__Ruminococcus_B;s__Ruminococcus_B gnavus,blast,98.00,iPHoP-RF;91.40 CRISPR;71.50
NODE_90_length_6946_cov_17.086490,RS_GCF_902381685.1,d__Bacteria;p__Firmicutes_A;c__Clostridia;o__Lachnospirales;f__Lachnospiraceae;g__Faecalimonas;s__Faecalimonas sp000209385,iPHoP-RF,94.10,None
NODE_90_length_6946_cov_17.086490,GB_GCA_900551895.1,d__Bacteria;p__Firmicutes_A;c__Clostridia;o__Lachnospirales;f__Lachnospiraceae;g__Faecalimonas;s__Faecalimonas sp900551895,iPHoP-RF,93.40,None
NODE_90_length_6946_cov_17.086490,GB_GCA_900556835.1,d__Bacteria;p__Firmicutes_A;c__Clostridia;o__Lachnospirales;f__Lachnospiraceae;g__Faecalimonas;s__Faecalimonas sp900556835,blast,90.70,iPHoP-RF;59.20
NODE_90_length_6946_cov_17.086490,GB_GCA_900550975.1,d__Bacteria;p__Firmicutes_A;c__Clostridia;o__Lachnospirales;f__Lachnospiraceae;g__Faecalimonas;s__Faecalimonas sp900550975,blast,90.50,iPHoP-RF;80.30
NODE_90_length_8128_cov_40.375945,GB_GCA_003018335.1,d__Bacteria;p__Proteobacteria;c__Gammaproteobacteria;o__Enterobacterales;f__Enterobacteriaceae;g__Escherichia;s__Escherichia coli_C,iPHoP-RF,97.10,blast;96.60
NODE_90_length_8128_cov_40.375945,RS_GCF_000026325.1,d__Bacteria;p__Proteobacteria;c__Gammaproteobacteria;o__Enterobacterales;f__Enterobacteriaceae;g__Escherichia;s__Escherichia coli_D,iPHoP-RF,97.10,blast;96.70
NODE_90_length_8128_cov_40.375945,RS_GCF_002949675.1,d__Bacteria;p__Proteobacteria;c__Gammaproteobacteria;o__Enterobacterales;f__Enterobacteriaceae;g__Escherichia;s__Escherichia dysenteriae,iPHoP-RF,97.10,blast;96.40
NODE_90_length_8128_cov_40.375945,RS_GCF_003697165.2,d__Bacteria;p__Proteobacteria;c__Gammaproteobacteria;o__Enterobacterales;f__Enterobacteriaceae;g__Escherichia;s__Escherichia coli,iPHoP-RF,97.10,blast;96.70
NODE_90_length_8128_cov_40.375945,RS_GCF_004211955.1,d__Bacteria;p__Proteobacteria;c__Gammaproteobacteria;o__Enterobacterales;f__Enterobacteriaceae;g__Escherichia;s__Escherichia sp004211955,iPHoP-RF,97.10,None
NODE_90_length_8128_cov_40.375945,RS_GCF_005843885.1,d__Bacteria;p__Proteobacteria;c__Gammaproteobacteria;o__Enterobacterales;f__Enterobacteriaceae;g__Escherichia;s__Escherichia sp005843885,iPHoP-RF,97.10,None
NODE_90_length_8128_cov_40.375945,RS_GCF_011881725.1,d__Bacteria;p__Proteobacteria;c__Gammaproteobacteria;o__Enterobacterales;f__Enterobacteriaceae;g__Escherichia;s__Escherichia coli_E,iPHoP-RF,97.10,None
NODE_90_length_8128_cov_40.375945,RS_GCF_000208585.1,d__Bacteria;p__Proteobacteria;c__Gammaproteobacteria;o__Enterobacterales;f__Enterobacteriaceae;g__Escherichia;s__Escherichia sp000208585,iPHoP-RF,96.70,blast;96.50
NODE_90_length_8128_cov_40.375945,RS_GCF_002950215.1,d__Bacteria;p__Proteobacteria;c__Gammaproteobacteria;o__Enterobacterales;f__Enterobacteriaceae;g__Escherichia;s__Escherichia flexneri,blast,96.70,iPHoP-RF;96.10
NODE_90_length_8128_cov_40.375945,RS_GCF_002900365.1,d__Bacteria;p__Proteobacteria;c__Gammaproteobacteria;o__Enterobacterales;f__Enterobacteriaceae;g__Escherichia;s__Escherichia marmotae,blast,96.30,iPHoP-RF;95.70
NODE_90_length_8128_cov_40.375945,RS_GCF_000026225.1,d__Bacteria;p__Proteobacteria;c__Gammaproteobacteria;o__Enterobacterales;f__Enterobacteriaceae;g__Escherichia;s__Escherichia fergusonii,blast,96.20,iPHoP-RF;94.10
NODE_90_length_8128_cov_40.375945,RS_GCF_000759775.1,d__Bacteria;p__Proteobacteria;c__Gammaproteobacteria;o__Enterobacterales;f__Enterobacteriaceae;g__Escherichia;s__Escherichia albertii,blast,93.10,iPHoP-RF;90.80
NODE_910_length_1182_cov_2.806566,RS_GCF_013393365.1,d__Bacteria;p__Firmicutes_C;c__Negativicutes;o__Veillonellales;f__Veillonellaceae;g__Veillonella;s__Veillonella dispar_A,blast,93.90,iPHoP-RF;90.50
NODE_918_length_2289_cov_4.152641,RS_GCF_000449425.2,d__Bacteria;p__Firmicutes_A;c__Clostridia;o__Peptostreptococcales;f__Peptostreptococcaceae;g__Clostridioides;s__Clostridioides difficile_E,blast,92.90,iPHoP-RF;82.50
NODE_925_length_2493_cov_15.062756,RS_GCF_000026225.1,d__Bacteria;p__Proteobacteria;c__Gammaproteobacteria;o__Enterobacterales;f__Enterobacteriaceae;g__Escherichia;s__Escherichia fergusonii,blast,96.90,iPHoP-RF;80.60
NODE_925_length_2493_cov_15.062756,RS_GCF_000026325.1,d__Bacteria;p__Proteobacteria;c__Gammaproteobacteria;o__Enterobacterales;f__Enterobacteriaceae;g__Escherichia;s__Escherichia coli_D,blast,96.90,iPHoP-RF;80.60
NODE_925_length_2493_cov_15.062756,RS_GCF_000208585.1,d__Bacteria;p__Proteobacteria;c__Gammaproteobacteria;o__Enterobacterales;f__Enterobacteriaceae;g__Escherichia;s__Escherichia sp000208585,blast,96.90,iPHoP-RF;83.10
NODE_925_length_2493_cov_15.062756,RS_GCF_000759775.1,d__Bacteria;p__Proteobacteria;c__Gammaproteobacteria;o__Enterobacterales;f__Enterobacteriaceae;g__Escherichia;s__Escherichia albertii,blast,96.90,iPHoP-RF;72.80
NODE_925_length_2493_cov_15.062756,RS_GCF_002949675.1,d__Bacteria;p__Proteobacteria;c__Gammaproteobacteria;o__Enterobacterales;f__Enterobacteriaceae;g__Escherichia;s__Escherichia dysenteriae,blast,96.90,iPHoP-RF;79.00
NODE_925_length_2493_cov_15.062756,RS_GCF_002950215.1,d__Bacteria;p__Proteobacteria;c__Gammaproteobacteria;o__Enterobacterales;f__Enterobacteriaceae;g__Escherichia;s__Escherichia flexneri,blast,96.90,iPHoP-RF;72.60
NODE_925_length_2493_cov_15.062756,RS_GCF_003697165.2,d__Bacteria;p__Proteobacteria;c__Gammaproteobacteria;o__Enterobacterales;f__Enterobacteriaceae;g__Escherichia;s__Escherichia coli,blast,96.90,iPHoP-RF;80.30
NODE_925_length_2493_cov_15.062756,GB_GCA_003018335.1,d__Bacteria;p__Proteobacteria;c__Gammaproteobacteria;o__Enterobacterales;f__Enterobacteriaceae;g__Escherichia;s__Escherichia coli_C,blast,96.80,iPHoP-RF;79.00
NODE_925_length_2493_cov_15.062756,RS_GCF_002900365.1,d__Bacteria;p__Proteobacteria;c__Gammaproteobacteria;o__Enterobacterales;f__Enterobacteriaceae;g__Escherichia;s__Escherichia marmotae,blast,96.80,iPHoP-RF;77.50
NODE_925_length_2493_cov_15.062756,RS_GCF_004211955.1,d__Bacteria;p__Proteobacteria;c__Gammaproteobacteria;o__Enterobacterales;f__Enterobacteriaceae;g__Escherichia;s__Escherichia sp004211955,blast,96.80,iPHoP-RF;80.30
NODE_925_length_2493_cov_15.062756,RS_GCF_005843885.1,d__Bacteria;p__Proteobacteria;c__Gammaproteobacteria;o__Enterobacterales;f__Enterobacteriaceae;g__Escherichia;s__Escherichia sp005843885,blast,96.80,iPHoP-RF;77.80
NODE_925_length_2493_cov_15.062756,RS_GCF_011881725.1,d__Bacteria;p__Proteobacteria;c__Gammaproteobacteria;o__Enterobacterales;f__Enterobacteriaceae;g__Escherichia;s__Escherichia coli_E,blast,96.80,iPHoP-RF;77.50
NODE_92_length_5255_cov_17.769231,RS_GCF_900129045.1,d__Bacteria;p__Actinobacteriota;c__Actinomycetia;o__Actinomycetales;f__Bifidobacteriaceae;g__Bifidobacterium;s__Bifidobacterium merycicum,iPHoP-RF,95.40,blast;90.00
NODE_92_length_5255_cov_17.769231,RS_GCF_001025215.1,d__Bacteria;p__Actinobacteriota;c__Actinomycetia;o__Actinomycetales;f__Bifidobacteriaceae;g__Bifidobacterium;s__Bifidobacterium pseudocatenulatum,blast,95.20,iPHoP-RF;88.90 CRISPR;68.00
NODE_92_length_5255_cov_17.769231,RS_GCF_000010425.1,d__Bacteria;p__Actinobacteriota;c__Actinomycetia;o__Actinomycetales;f__Bifidobacteriaceae;g__Bifidobacterium;s__Bifidobacterium adolescentis,blast,94.20,iPHoP-RF;77.50 CRISPR;67.70
NODE_92_length_5255_cov_17.769231,RS_GCF_001025135.1,d__Bacteria;p__Actinobacteriota;c__Actinomycetia;o__Actinomycetales;f__Bifidobacteriaceae;g__Bifidobacterium;s__Bifidobacterium bifidum,blast,92.80,iPHoP-RF;72.20
NODE_92_length_5255_cov_17.769231,RS_GCF_001025155.1,d__Bacteria;p__Actinobacteriota;c__Actinomycetia;o__Actinomycetales;f__Bifidobacteriaceae;g__Bifidobacterium;s__Bifidobacterium angulatum,iPHoP-RF,90.80,CRISPR;57.40
NODE_92_length_5255_cov_17.769231,RS_GCF_009193305.1,d__Bacteria;p__Actinobacteriota;c__Actinomycetia;o__Actinomycetales;f__Bifidobacteriaceae;g__Bifidobacterium;s__Bifidobacterium sp009193305,iPHoP-RF,90.50,None
NODE_92_length_5255_cov_17.769231,RS_GCF_012932675.1,d__Bacteria;p__Actinobacteriota;c__Actinomycetia;o__Actinomycetales;f__Bifidobacteriaceae;g__Bifidobacterium;s__Bifidobacterium sp012932675,blast,90.20,iPHoP-RF;71.70
NODE_92_length_5255_cov_17.769231,RS_GCF_000771265.1,d__Bacteria;p__Actinobacteriota;c__Actinomycetia;o__Actinomycetales;f__Bifidobacteriaceae;g__Bifidobacterium;s__Bifidobacterium thermophilum,blast,90.10,iPHoP-RF;74.30
NODE_92_length_5255_cov_17.769231,RS_GCF_002802915.1,d__Bacteria;p__Actinobacteriota;c__Actinomycetia;o__Actinomycetales;f__Bifidobacteriaceae;g__Bifidobacterium;s__Bifidobacterium felsineum,iPHoP-RF,90.10,None
NODE_92_length_5324_cov_4.625546,RS_GCF_000012825.1,d__Bacteria;p__Bacteroidota;c__Bacteroidia;o__Bacteroidales;f__Bacteroidaceae;g__Phocaeicola;s__Phocaeicola vulgatus,blast,93.20,iPHoP-RF;73.20
NODE_92_length_5324_cov_4.625546,RS_GCF_013009555.1,d__Bacteria;p__Bacteroidota;c__Bacteroidia;o__Bacteroidales;f__Bacteroidaceae;g__Phocaeicola;s__Phocaeicola dorei,blast,93.20,iPHoP-RF;60.10
NODE_92_length_5324_cov_4.625546,RS_GCF_000154205.1,d__Bacteria;p__Bacteroidota;c__Bacteroidia;o__Bacteroidales;f__Bacteroidaceae;g__Bacteroides;s__Bacteroides uniformis,blast,90.90,iPHoP-RF;85.10
NODE_92_length_5324_cov_4.625546,RS_GCF_011959205.1,d__Bacteria;p__Bacteroidota;c__Bacteroidia;o__Bacteroidales;f__Bacteroidaceae;g__Phocaeicola;s__Phocaeicola sp011959205,blast,90.20,None
NODE_933_length_2781_cov_4.586207,RS_GCF_000449425.2,d__Bacteria;p__Firmicutes_A;c__Clostridia;o__Peptostreptococcales;f__Peptostreptococcaceae;g__Clostridioides;s__Clostridioides difficile_E,blast,92.60,iPHoP-RF;84.20
NODE_93_length_10330_cov_8.261314,RS_GCF_000025985.1,d__Bacteria;p__Bacteroidota;c__Bacteroidia;o__Bacteroidales;f__Bacteroidaceae;g__Bacteroides;s__Bacteroides fragilis,iPHoP-RF,93.40,blast;92.40
NODE_93_length_10330_cov_8.261314,RS_GCF_000012845.1,d__Bacteria;p__Bacteroidota;c__Bacteroidia;o__Bacteroidales;f__Tannerellaceae;g__Parabacteroides;s__Parabacteroides distasonis,blast,91.70,iPHoP-RF;57.10
NODE_93_length_10330_cov_8.261314,GB_GCA_902388365.1,d__Bacteria;p__Bacteroidota;c__Bacteroidia;o__Bacteroidales;f__Bacteroidaceae;g__Phocaeicola;s__Phocaeicola sp902388365,blast,91.00,iPHoP-RF;69.50
NODE_93_length_10330_cov_8.261314,RS_GCF_000012825.1,d__Bacteria;p__Bacteroidota;c__Bacteroidia;o__Bacteroidales;f__Bacteroidaceae;g__Phocaeicola;s__Phocaeicola vulgatus,blast,90.20,iPHoP-RF;70.20
NODE_93_length_7109_cov_25.252056,RS_GCF_001025215.1,d__Bacteria;p__Actinobacteriota;c__Actinomycetia;o__Actinomycetales;f__Bifidobacteriaceae;g__Bifidobacterium;s__Bifidobacterium pseudocatenulatum,CRISPR,98.30,iPHoP-RF;96.40 blast;93.70
NODE_93_length_7109_cov_25.252056,RS_GCF_000010425.1,d__Bacteria;p__Actinobacteriota;c__Actinomycetia;o__Actinomycetales;f__Bifidobacteriaceae;g__Bifidobacterium;s__Bifidobacterium adolescentis,CRISPR,97.70,iPHoP-RF;91.80 blast;90.40
NODE_93_length_7109_cov_25.252056,RS_GCF_000800455.1,d__Bacteria;p__Actinobacteriota;c__Actinomycetia;o__Actinomycetales;f__Bifidobacteriaceae;g__Bifidobacterium;s__Bifidobacterium kashiwanohense_A,iPHoP-RF,96.40,blast;92.90
NODE_93_length_7109_cov_25.252056,RS_GCF_001025195.1,d__Bacteria;p__Actinobacteriota;c__Actinomycetia;o__Actinomycetales;f__Bifidobacteriaceae;g__Bifidobacterium;s__Bifidobacterium catenulatum,iPHoP-RF,96.40,blast;92.90
NODE_93_length_7109_cov_25.252056,RS_GCF_001042615.1,d__Bacteria;p__Actinobacteriota;c__Actinomycetia;o__Actinomycetales;f__Bifidobacteriaceae;g__Bifidobacterium;s__Bifidobacterium kashiwanohense,iPHoP-RF,96.10,blast;93.40
NODE_93_length_7109_cov_25.252056,RS_GCF_002742445.1,d__Bacteria;p__Actinobacteriota;c__Actinomycetia;o__Actinomycetales;f__Bifidobacteriaceae;g__Bifidobacterium;s__Bifidobacterium sp002742445,iPHoP-RF,95.40,blast;91.70
NODE_93_length_7109_cov_25.252056,RS_GCF_000770925.1,d__Bacteria;p__Actinobacteriota;c__Actinomycetia;o__Actinomycetales;f__Bifidobacteriaceae;g__Bifidobacterium;s__Bifidobacterium ruminantium,iPHoP-RF,91.80,blast;91.00
NODE_93_length_7109_cov_25.252056,GB_GCA_002451435.1,d__Bacteria;p__Actinobacteriota;c__Actinomycetia;o__Actinomycetales;f__Bifidobacteriaceae;g__Bifidobacterium;s__Bifidobacterium sp002451435,iPHoP-RF,91.10,None
NODE_93_length_7109_cov_25.252056,RS_GCF_001025175.1,d__Bacteria;p__Actinobacteriota;c__Actinomycetia;o__Actinomycetales;f__Bifidobacteriaceae;g__Bifidobacterium;s__Bifidobacterium breve,blast,91.00,iPHoP-RF;79.30
NODE_93_length_7109_cov_25.252056,RS_GCF_001042595.1,d__Bacteria;p__Actinobacteriota;c__Actinomycetia;o__Actinomycetales;f__Bifidobacteriaceae;g__Bifidobacterium;s__Bifidobacterium dentium,blast,90.90,iPHoP-RF;85.40
NODE_948_length_1147_cov_5.049451,RS_GCF_001025175.1,d__Bacteria;p__Actinobacteriota;c__Actinomycetia;o__Actinomycetales;f__Bifidobacteriaceae;g__Bifidobacterium;s__Bifidobacterium breve,blast,92.90,iPHoP-RF;82.50
NODE_948_length_1147_cov_5.049451,RS_GCF_001042615.1,d__Bacteria;p__Actinobacteriota;c__Actinomycetia;o__Actinomycetales;f__Bifidobacteriaceae;g__Bifidobacterium;s__Bifidobacterium kashiwanohense,blast,91.70,iPHoP-RF;86.70
NODE_957_length_1137_cov_3.834566,GB_GCA_002313795.1,d__Bacteria;p__Firmicutes_A;c__Clostridia;o__Oscillospirales;f__Ruminococcaceae;g__Faecalibacterium;s__Faecalibacterium prausnitzii_L,blast,92.30,iPHoP-RF;84.50
NODE_957_length_1137_cov_3.834566,RS_GCF_003293635.1,d__Bacteria;p__Firmicutes_A;c__Clostridia;o__Oscillospirales;f__Ruminococcaceae;g__Faecalibacterium;s__Faecalibacterium prausnitzii_G,blast,92.10,iPHoP-RF;83.10
NODE_957_length_1137_cov_3.834566,RS_GCF_003287405.1,d__Bacteria;p__Firmicutes_A;c__Clostridia;o__Oscillospirales;f__Ruminococcaceae;g__Faecalibacterium;s__Faecalibacterium prausnitzii_J,blast,91.70,iPHoP-RF;87.90
NODE_957_length_1137_cov_3.834566,RS_GCF_010509575.1,d__Bacteria;p__Firmicutes_A;c__Clostridia;o__Oscillospirales;f__Ruminococcaceae;g__Faecalibacterium;s__Faecalibacterium prausnitzii_C,blast,91.00,iPHoP-RF;76.60 CRISPR;68.90
NODE_957_length_1137_cov_3.834566,RS_GCF_002550015.1,d__Bacteria;p__Firmicutes_A;c__Clostridia;o__Oscillospirales;f__Ruminococcaceae;g__Faecalibacterium;s__Faecalibacterium prausnitzii_A,iPHoP-RF,90.50,None
NODE_957_length_1137_cov_3.834566,GB_GCA_004558805.1,d__Bacteria;p__Firmicutes_A;c__Clostridia;o__Oscillospirales;f__Ruminococcaceae;g__Faecalibacterium;s__Faecalibacterium prausnitzii_M,blast,90.40,iPHoP-RF;72.20
NODE_957_length_1137_cov_3.834566,RS_GCF_002549755.1,d__Bacteria;p__Firmicutes_A;c__Clostridia;o__Oscillospirales;f__Ruminococcaceae;g__Faecalibacterium;s__Faecalibacterium prausnitzii_D,blast,90.10,iPHoP-RF;81.10
NODE_957_length_1137_cov_3.834566,RS_GCF_003324185.1,d__Bacteria;p__Firmicutes_A;c__Clostridia;o__Oscillospirales;f__Ruminococcaceae;g__Faecalibacterium;s__Faecalibacterium prausnitzii,iPHoP-RF,90.10,None
NODE_95_length_4316_cov_6.475006,RS_GCF_014131695.1,d__Bacteria;p__Firmicutes;c__Bacilli;o__Erysipelotrichales;f__Erysipelatoclostridiaceae;g__Erysipelatoclostridium;s__Erysipelatoclostridium ramosum,blast,96.20,iPHoP-RF;83.10 CRISPR;72.00
NODE_95_length_4885_cov_5.471014,RS_GCF_008121495.1,d__Bacteria;p__Firmicutes_A;c__Clostridia;o__Lachnospirales;f__Lachnospiraceae;g__Ruminococcus_B;s__Ruminococcus_B gnavus,blast,96.40,iPHoP-RF;56.20
NODE_95_length_4885_cov_5.471014,GB_GCA_900556835.1,d__Bacteria;p__Firmicutes_A;c__Clostridia;o__Lachnospirales;f__Lachnospiraceae;g__Faecalimonas;s__Faecalimonas sp900556835,blast,90.80,None
NODE_95_length_5065_cov_7.959681,RS_GCF_000196555.1,d__Bacteria;p__Actinobacteriota;c__Actinomycetia;o__Actinomycetales;f__Bifidobacteriaceae;g__Bifidobacterium;s__Bifidobacterium longum,blast,94.60,CRISPR;90.70 iPHoP-RF;88.90
NODE_95_length_5065_cov_7.959681,RS_GCF_000269965.1,d__Bacteria;p__Actinobacteriota;c__Actinomycetia;o__Actinomycetales;f__Bifidobacteriaceae;g__Bifidobacterium;s__Bifidobacterium infantis,blast,92.90,CRISPR;91.80 iPHoP-RF;83.90
NODE_95_length_5065_cov_7.959681,RS_GCF_001025135.1,d__Bacteria;p__Actinobacteriota;c__Actinomycetia;o__Actinomycetales;f__Bifidobacteriaceae;g__Bifidobacterium;s__Bifidobacterium bifidum,blast,90.00,iPHoP-RF;63.80
NODE_95_length_6809_cov_5.090613,RS_GCF_000025985.1,d__Bacteria;p__Bacteroidota;c__Bacteroidia;o__Bacteroidales;f__Bacteroidaceae;g__Bacteroides;s__Bacteroides fragilis,blast,94.80,iPHoP-RF;76.10
NODE_95_length_6809_cov_5.090613,RS_GCF_002849695.1,d__Bacteria;p__Bacteroidota;c__Bacteroidia;o__Bacteroidales;f__Bacteroidaceae;g__Bacteroides;s__Bacteroides fragilis_A,blast,91.60,iPHoP-RF;80.60
NODE_95_length_6809_cov_5.090613,RS_GCF_013009555.1,d__Bacteria;p__Bacteroidota;c__Bacteroidia;o__Bacteroidales;f__Bacteroidaceae;g__Phocaeicola;s__Phocaeicola dorei,blast,90.60,None
NODE_95_length_6809_cov_5.090613,RS_GCF_000012825.1,d__Bacteria;p__Bacteroidota;c__Bacteroidia;o__Bacteroidales;f__Bacteroidaceae;g__Phocaeicola;s__Phocaeicola vulgatus,blast,90.40,None
NODE_95_length_6809_cov_5.090613,RS_GCF_000614165.1,d__Bacteria;p__Bacteroidota;c__Bacteroidia;o__Bacteroidales;f__Bacteroidaceae;g__Bacteroides;s__Bacteroides stercorirosoris,iPHoP-RF,90.10,None
NODE_961_length_2630_cov_5.485825,RS_GCF_005843885.1,d__Bacteria;p__Proteobacteria;c__Gammaproteobacteria;o__Enterobacterales;f__Enterobacteriaceae;g__Escherichia;s__Escherichia sp005843885,iPHoP-RF,96.70,None
NODE_961_length_2630_cov_5.485825,GB_GCA_003018335.1,d__Bacteria;p__Proteobacteria;c__Gammaproteobacteria;o__Enterobacterales;f__Enterobacteriaceae;g__Escherichia;s__Escherichia coli_C,iPHoP-RF,96.40,None
NODE_961_length_2630_cov_5.485825,RS_GCF_000026325.1,d__Bacteria;p__Proteobacteria;c__Gammaproteobacteria;o__Enterobacterales;f__Enterobacteriaceae;g__Escherichia;s__Escherichia coli_D,iPHoP-RF,96.40,blast;91.10
NODE_961_length_2630_cov_5.485825,RS_GCF_000208585.1,d__Bacteria;p__Proteobacteria;c__Gammaproteobacteria;o__Enterobacterales;f__Enterobacteriaceae;g__Escherichia;s__Escherichia sp000208585,iPHoP-RF,96.40,None
NODE_961_length_2630_cov_5.485825,RS_GCF_002965065.1,d__Bacteria;p__Proteobacteria;c__Gammaproteobacteria;o__Enterobacterales;f__Enterobacteriaceae;g__Escherichia;s__Escherichia sp002965065,iPHoP-RF,96.40,blast;91.10
NODE_961_length_2630_cov_5.485825,RS_GCF_004211955.1,d__Bacteria;p__Proteobacteria;c__Gammaproteobacteria;o__Enterobacterales;f__Enterobacteriaceae;g__Escherichia;s__Escherichia sp004211955,iPHoP-RF,96.40,None
NODE_961_length_2630_cov_5.485825,RS_GCF_011881725.1,d__Bacteria;p__Proteobacteria;c__Gammaproteobacteria;o__Enterobacterales;f__Enterobacteriaceae;g__Escherichia;s__Escherichia coli_E,iPHoP-RF,96.40,None
NODE_961_length_2630_cov_5.485825,RS_GCF_002950215.1,d__Bacteria;p__Proteobacteria;c__Gammaproteobacteria;o__Enterobacterales;f__Enterobacteriaceae;g__Escherichia;s__Escherichia flexneri,iPHoP-RF,95.70,blast;93.10
NODE_961_length_2630_cov_5.485825,RS_GCF_003697165.2,d__Bacteria;p__Proteobacteria;c__Gammaproteobacteria;o__Enterobacterales;f__Enterobacteriaceae;g__Escherichia;s__Escherichia coli,iPHoP-RF,95.40,blast;91.90
NODE_961_length_2630_cov_5.485825,RS_GCF_002949675.1,d__Bacteria;p__Proteobacteria;c__Gammaproteobacteria;o__Enterobacterales;f__Enterobacteriaceae;g__Escherichia;s__Escherichia dysenteriae,iPHoP-RF,95.10,None
NODE_961_length_2630_cov_5.485825,RS_GCF_001660175.1,d__Bacteria;p__Proteobacteria;c__Gammaproteobacteria;o__Enterobacterales;f__Enterobacteriaceae;g__Escherichia;s__Escherichia sp001660175,iPHoP-RF,94.70,None
NODE_961_length_2630_cov_5.485825,RS_GCF_000026225.1,d__Bacteria;p__Proteobacteria;c__Gammaproteobacteria;o__Enterobacterales;f__Enterobacteriaceae;g__Escherichia;s__Escherichia fergusonii,iPHoP-RF,94.10,None
NODE_961_length_2630_cov_5.485825,RS_GCF_000006945.2,d__Bacteria;p__Proteobacteria;c__Gammaproteobacteria;o__Enterobacterales;f__Enterobacteriaceae;g__Salmonella;s__Salmonella enterica,blast,90.00,iPHoP-RF;56.80
NODE_97_length_10162_cov_6.987632,RS_GCF_009193295.2,d__Bacteria;p__Bacteroidota;c__Bacteroidia;o__Bacteroidales;f__Bacteroidaceae;g__Bacteroides;s__Bacteroides sp007097645,iPHoP-RF,97.10,None
NODE_97_length_10162_cov_6.987632,GB_GCA_900755095.1,d__Bacteria;p__Bacteroidota;c__Bacteroidia;o__Bacteroidales;f__Bacteroidaceae;g__Bacteroides;s__Bacteroides sp900755095,iPHoP-RF,96.40,None
NODE_97_length_10162_cov_6.987632,RS_GCF_002222615.2,d__Bacteria;p__Bacteroidota;c__Bacteroidia;o__Bacteroidales;f__Bacteroidaceae;g__Bacteroides;s__Bacteroides caccae,iPHoP-RF,96.40,blast;89.60
NODE_97_length_10162_cov_6.987632,GB_GCA_900556625.1,d__Bacteria;p__Bacteroidota;c__Bacteroidia;o__Bacteroidales;f__Bacteroidaceae;g__Bacteroides;s__Bacteroides sp900556625,iPHoP-RF,96.10,None
NODE_97_length_10162_cov_6.987632,RS_GCF_009193325.2,d__Bacteria;p__Bacteroidota;c__Bacteroidia;o__Bacteroidales;f__Bacteroidaceae;g__Bacteroides;s__Bacteroides sp900066265,iPHoP-RF,95.70,blast;90.50
NODE_97_length_10162_cov_6.987632,RS_GCF_000011065.1,d__Bacteria;p__Bacteroidota;c__Bacteroidia;o__Bacteroidales;f__Bacteroidaceae;g__Bacteroides;s__Bacteroides thetaiotaomicron,iPHoP-RF,95.40,blast;95.20
NODE_97_length_10162_cov_6.987632,RS_GCF_000156195.1,d__Bacteria;p__Bacteroidota;c__Bacteroidia;o__Bacteroidales;f__Bacteroidaceae;g__Bacteroides;s__Bacteroides finegoldii,iPHoP-RF,95.40,blast;90.00
NODE_97_length_10162_cov_6.987632,RS_GCF_900106755.1,d__Bacteria;p__Bacteroidota;c__Bacteroidia;o__Bacteroidales;f__Bacteroidaceae;g__Bacteroides;s__Bacteroides faecis,iPHoP-RF,95.40,blast;91.10
NODE_97_length_10162_cov_6.987632,RS_GCF_000613385.1,d__Bacteria;p__Bacteroidota;c__Bacteroidia;o__Bacteroidales;f__Bacteroidaceae;g__Bacteroides;s__Bacteroides acidifaciens,iPHoP-RF,94.70,None
NODE_97_length_10162_cov_6.987632,RS_GCF_000154205.1,d__Bacteria;p__Bacteroidota;c__Bacteroidia;o__Bacteroidales;f__Bacteroidaceae;g__Bacteroides;s__Bacteroides uniformis,iPHoP-RF,94.10,blast;93.30
NODE_97_length_10162_cov_6.987632,RS_GCF_903181435.1,d__Bacteria;p__Bacteroidota;c__Bacteroidia;o__Bacteroidales;f__Bacteroidaceae;g__Bacteroides;s__Bacteroides acidifaciens_A,iPHoP-RF,93.70,None
NODE_97_length_10162_cov_6.987632,RS_GCF_014334015.1,d__Bacteria;p__Bacteroidota;c__Bacteroidia;o__Bacteroidales;f__Bacteroidaceae;g__Bacteroides;s__Bacteroides sp003463205,iPHoP-RF,93.40,None
NODE_97_length_10162_cov_6.987632,RS_GCF_000012845.1,d__Bacteria;p__Bacteroidota;c__Bacteroidia;o__Bacteroidales;f__Tannerellaceae;g__Parabacteroides;s__Parabacteroides distasonis,blast,92.80,None
NODE_97_length_10162_cov_6.987632,RS_GCF_001314995.1,d__Bacteria;p__Bacteroidota;c__Bacteroidia;o__Bacteroidales;f__Bacteroidaceae;g__Bacteroides;s__Bacteroides ovatus,iPHoP-RF,92.80,blast;89.90
NODE_97_length_10162_cov_6.987632,RS_GCF_001688725.2,d__Bacteria;p__Bacteroidota;c__Bacteroidia;o__Bacteroidales;f__Bacteroidaceae;g__Bacteroides;s__Bacteroides caecimuris,iPHoP-RF,92.80,None
NODE_97_length_10162_cov_6.987632,GB_GCA_000210075.1,d__Bacteria;p__Bacteroidota;c__Bacteroidia;o__Bacteroidales;f__Bacteroidaceae;g__Bacteroides;s__Bacteroides xylanisolvens,blast,92.40,iPHoP-RF;89.20
NODE_97_length_10162_cov_6.987632,RS_GCF_902362375.1,d__Bacteria;p__Bacteroidota;c__Bacteroidia;o__Bacteroidales;f__Bacteroidaceae;g__Bacteroides;s__Bacteroides sp902362375,iPHoP-RF,92.40,blast;90.90
NODE_97_length_10162_cov_6.987632,RS_GCF_012113595.1,d__Bacteria;p__Bacteroidota;c__Bacteroidia;o__Bacteroidales;f__Bacteroidaceae;g__Bacteroides;s__Bacteroides sp012113595,iPHoP-RF,90.10,None
NODE_97_length_7979_cov_11.982837,RS_GCF_001077535.1,d__Bacteria;p__Firmicutes_A;c__Clostridia;o__Peptostreptococcales;f__Peptostreptococcaceae;g__Clostridioides;s__Clostridioides difficile,blast,96.30,iPHoP-RF;89.50 CRISPR;70.20
NODE_97_length_7979_cov_11.982837,RS_GCF_000449425.2,d__Bacteria;p__Firmicutes_A;c__Clostridia;o__Peptostreptococcales;f__Peptostreptococcaceae;g__Clostridioides;s__Clostridioides difficile_E,iPHoP-RF,92.80,blast;91.70 CRISPR;87.60
NODE_97_length_7979_cov_11.982837,RS_GCF_001299635.1,d__Bacteria;p__Firmicutes_A;c__Clostridia;o__Peptostreptococcales;f__Peptostreptococcaceae;g__Clostridioides;s__Clostridioides difficile_A,iPHoP-RF,92.80,blast;91.70
NODE_97_length_7979_cov_11.982837,RS_GCF_900243075.1,d__Bacteria;p__Firmicutes_A;c__Clostridia;o__Peptostreptococcales;f__Peptostreptococcaceae;g__Clostridioides;s__Clostridioides difficile_D,iPHoP-RF,91.40,None
NODE_982_length_1819_cov_2.570295,RS_GCF_002950215.1,d__Bacteria;p__Proteobacteria;c__Gammaproteobacteria;o__Enterobacterales;f__Enterobacteriaceae;g__Escherichia;s__Escherichia flexneri,blast,94.90,iPHoP-RF;88.50
NODE_982_length_1819_cov_2.570295,RS_GCF_000026325.1,d__Bacteria;p__Proteobacteria;c__Gammaproteobacteria;o__Enterobacterales;f__Enterobacteriaceae;g__Escherichia;s__Escherichia coli_D,blast,94.70,iPHoP-RF;89.20
NODE_982_length_1819_cov_2.570295,RS_GCF_000208585.1,d__Bacteria;p__Proteobacteria;c__Gammaproteobacteria;o__Enterobacterales;f__Enterobacteriaceae;g__Escherichia;s__Escherichia sp000208585,blast,94.50,iPHoP-RF;86.70
NODE_982_length_1819_cov_2.570295,GB_GCA_003018335.1,d__Bacteria;p__Proteobacteria;c__Gammaproteobacteria;o__Enterobacterales;f__Enterobacteriaceae;g__Escherichia;s__Escherichia coli_C,blast,94.40,iPHoP-RF;89.20
NODE_982_length_1819_cov_2.570295,RS_GCF_000759775.1,d__Bacteria;p__Proteobacteria;c__Gammaproteobacteria;o__Enterobacterales;f__Enterobacteriaceae;g__Escherichia;s__Escherichia albertii,blast,94.20,iPHoP-RF;87.00
NODE_989_length_2674_cov_5.114548,RS_GCF_902499125.1,d__Bacteria;p__Proteobacteria;c__Gammaproteobacteria;o__Burkholderiales;f__Burkholderiaceae;g__Burkholderia;s__Burkholderia arboris,iPHoP-RF,97.10,blast;91.00
NODE_989_length_2674_cov_5.114548,RS_GCF_001411495.1,d__Bacteria;p__Proteobacteria;c__Gammaproteobacteria;o__Burkholderiales;f__Burkholderiaceae;g__Burkholderia;s__Burkholderia cepacia,iPHoP-RF,96.70,blast;89.80
NODE_989_length_2674_cov_5.114548,RS_GCF_001718835.1,d__Bacteria;p__Proteobacteria;c__Gammaproteobacteria;o__Burkholderiales;f__Burkholderiaceae;g__Burkholderia;s__Burkholderia cepacia_F,iPHoP-RF,96.70,None
NODE_989_length_2674_cov_5.114548,RS_GCF_014211915.1,d__Bacteria;p__Proteobacteria;c__Gammaproteobacteria;o__Burkholderiales;f__Burkholderiaceae;g__Burkholderia;s__Burkholderia cenocepacia_B,iPHoP-RF,96.70,blast;91.90
NODE_989_length_2674_cov_5.114548,RS_GCF_000203915.1,d__Bacteria;p__Proteobacteria;c__Gammaproteobacteria;o__Burkholderiales;f__Burkholderiaceae;g__Burkholderia;s__Burkholderia ambifaria,iPHoP-RF,96.40,blast;89.60
NODE_989_length_2674_cov_5.114548,RS_GCF_000732615.1,d__Bacteria;p__Proteobacteria;c__Gammaproteobacteria;o__Burkholderiales;f__Burkholderiaceae;g__Burkholderia;s__Burkholderia paludis,iPHoP-RF,96.40,None
NODE_989_length_2674_cov_5.114548,RS_GCF_001742165.1,d__Bacteria;p__Proteobacteria;c__Gammaproteobacteria;o__Burkholderiales;f__Burkholderiaceae;g__Burkholderia;s__Burkholderia stabilis,iPHoP-RF,96.40,blast;90.80
NODE_989_length_2674_cov_5.114548,RS_GCF_002223185.1,d__Bacteria;p__Proteobacteria;c__Gammaproteobacteria;o__Burkholderiales;f__Burkholderiaceae;g__Burkholderia;s__Burkholderia sp002223185,iPHoP-RF,96.40,blast;91.00
NODE_989_length_2674_cov_5.114548,RS_GCF_003635165.1,d__Bacteria;p__Proteobacteria;c__Gammaproteobacteria;o__Burkholderiales;f__Burkholderiaceae;g__Burkholderia;s__Burkholderia sp003635165,iPHoP-RF,96.40,blast;89.80
NODE_989_length_2674_cov_5.114548,RS_GCF_902832885.1,d__Bacteria;p__Proteobacteria;c__Gammaproteobacteria;o__Burkholderiales;f__Burkholderiaceae;g__Burkholderia;s__Burkholderia seminalis,iPHoP-RF,96.40,blast;91.00
NODE_989_length_2674_cov_5.114548,RS_GCF_902833225.1,d__Bacteria;p__Proteobacteria;c__Gammaproteobacteria;o__Burkholderiales;f__Burkholderiaceae;g__Burkholderia;s__Burkholderia sp902833225,iPHoP-RF,96.40,blast;90.80
NODE_989_length_2674_cov_5.114548,RS_GCF_000959525.1,d__Bacteria;p__Proteobacteria;c__Gammaproteobacteria;o__Burkholderiales;f__Burkholderiaceae;g__Burkholderia;s__Burkholderia multivorans,blast,96.10,iPHoP-RF;86.70
NODE_989_length_2674_cov_5.114548,RS_GCF_001718315.1,d__Bacteria;p__Proteobacteria;c__Gammaproteobacteria;o__Burkholderiales;f__Burkholderiaceae;g__Burkholderia;s__Burkholderia diffusa_B,iPHoP-RF,96.10,blast;92.90
NODE_989_length_2674_cov_5.114548,RS_GCF_003330765.1,d__Bacteria;p__Proteobacteria;c__Gammaproteobacteria;o__Burkholderiales;f__Burkholderiaceae;g__Burkholderia;s__Burkholderia pyrrocinia_B,iPHoP-RF,96.10,blast;93.00
NODE_989_length_2674_cov_5.114548,RS_GCF_902833055.1,d__Bacteria;p__Proteobacteria;c__Gammaproteobacteria;o__Burkholderiales;f__Burkholderiaceae;g__Burkholderia;s__Burkholderia territorii,iPHoP-RF,96.10,blast;93.40
NODE_989_length_2674_cov_5.114548,RS_GCF_001883705.1,d__Bacteria;p__Proteobacteria;c__Gammaproteobacteria;o__Burkholderiales;f__Burkholderiaceae;g__Burkholderia;s__Burkholderia catarinensis,iPHoP-RF,95.70,blast;91.90
NODE_989_length_2674_cov_5.114548,RS_GCF_001039005.1,d__Bacteria;p__Proteobacteria;c__Gammaproteobacteria;o__Burkholderiales;f__Burkholderiaceae;g__Burkholderia;s__Burkholderia cepacia_C,iPHoP-RF,95.40,blast;90.60
NODE_989_length_2674_cov_5.114548,RS_GCF_003853645.1,d__Bacteria;p__Proteobacteria;c__Gammaproteobacteria;o__Burkholderiales;f__Burkholderiaceae;g__Burkholderia;s__Burkholderia sp003853645,iPHoP-RF,95.40,None
NODE_989_length_2674_cov_5.114548,RS_GCF_001443045.1,d__Bacteria;p__Proteobacteria;c__Gammaproteobacteria;o__Burkholderiales;f__Burkholderiaceae;g__Burkholderia;s__Burkholderia ambifaria_A,iPHoP-RF,94.40,None
NODE_989_length_2674_cov_5.114548,RS_GCF_902499335.1,d__Bacteria;p__Proteobacteria;c__Gammaproteobacteria;o__Burkholderiales;f__Burkholderiaceae;g__Burkholderia;s__Burkholderia lata_B,iPHoP-RF,94.40,None
NODE_989_length_2674_cov_5.114548,RS_GCF_000011705.1,d__Bacteria;p__Proteobacteria;c__Gammaproteobacteria;o__Burkholderiales;f__Burkholderiaceae;g__Burkholderia;s__Burkholderia mallei,iPHoP-RF,93.70,blast;83.10
NODE_989_length_2674_cov_5.114548,RS_GCF_000959245.1,d__Bacteria;p__Proteobacteria;c__Gammaproteobacteria;o__Burkholderiales;f__Burkholderiaceae;g__Burkholderia;s__Burkholderia ubonensis,blast,93.40,iPHoP-RF;84.50
NODE_989_length_2674_cov_5.114548,RS_GCF_011605345.1,d__Bacteria;p__Proteobacteria;c__Gammaproteobacteria;o__Burkholderiales;f__Burkholderiaceae;g__Burkholderia;s__Burkholderia sp011605345,iPHoP-RF,92.40,None
NODE_989_length_2674_cov_5.114548,RS_GCF_002097715.1,d__Bacteria;p__Proteobacteria;c__Gammaproteobacteria;o__Burkholderiales;f__Burkholderiaceae;g__Burkholderia;s__Burkholderia mesoacidophila,iPHoP-RF,92.10,None
NODE_989_length_2674_cov_5.114548,RS_GCF_000012365.1,d__Bacteria;p__Proteobacteria;c__Gammaproteobacteria;o__Burkholderiales;f__Burkholderiaceae;g__Burkholderia;s__Burkholderia thailandensis,iPHoP-RF,91.80,blast;78.00
NODE_989_length_2674_cov_5.114548,RS_GCF_902499075.1,d__Bacteria;p__Proteobacteria;c__Gammaproteobacteria;o__Burkholderiales;f__Burkholderiaceae;g__Burkholderia;s__Burkholderia pseudomultivorans,blast,90.70,iPHoP-RF;83.90
NODE_98_length_10708_cov_5.776589,RS_GCF_002950215.1,d__Bacteria;p__Proteobacteria;c__Gammaproteobacteria;o__Enterobacterales;f__Enterobacteriaceae;g__Escherichia;s__Escherichia flexneri,blast,96.10,iPHoP-RF;89.80
NODE_98_length_10708_cov_5.776589,RS_GCF_003697165.2,d__Bacteria;p__Proteobacteria;c__Gammaproteobacteria;o__Enterobacterales;f__Enterobacteriaceae;g__Escherichia;s__Escherichia coli,blast,95.00,iPHoP-RF;84.50
NODE_98_length_10708_cov_5.776589,RS_GCF_000026325.1,d__Bacteria;p__Proteobacteria;c__Gammaproteobacteria;o__Enterobacterales;f__Enterobacteriaceae;g__Escherichia;s__Escherichia coli_D,blast,94.50,iPHoP-RF;84.50
NODE_98_length_10708_cov_5.776589,RS_GCF_002965065.1,d__Bacteria;p__Proteobacteria;c__Gammaproteobacteria;o__Enterobacterales;f__Enterobacteriaceae;g__Escherichia;s__Escherichia sp002965065,blast,94.40,iPHoP-RF;79.80
NODE_98_length_10708_cov_5.776589,RS_GCF_000252995.1,d__Bacteria;p__Proteobacteria;c__Gammaproteobacteria;o__Enterobacterales;f__Enterobacteriaceae;g__Salmonella;s__Salmonella bongori,iPHoP-RF,93.10,None
NODE_98_length_10708_cov_5.776589,RS_GCF_000006945.2,d__Bacteria;p__Proteobacteria;c__Gammaproteobacteria;o__Enterobacterales;f__Enterobacteriaceae;g__Salmonella;s__Salmonella enterica,iPHoP-RF,92.10,None
NODE_98_length_10708_cov_5.776589,RS_GCF_008692785.1,d__Bacteria;p__Proteobacteria;c__Gammaproteobacteria;o__Enterobacterales;f__Enterobacteriaceae;g__Salmonella;s__Salmonella diarizonae,iPHoP-RF,92.10,None
NODE_98_length_10708_cov_5.776589,RS_GCF_000175935.2,d__Bacteria;p__Proteobacteria;c__Gammaproteobacteria;o__Enterobacterales;f__Enterobacteriaceae;g__Pantoea;s__Pantoea sp000175935,iPHoP-RF,90.10,None
NODE_98_length_6766_cov_4.632693,RS_GCF_003293635.1,d__Bacteria;p__Firmicutes_A;c__Clostridia;o__Oscillospirales;f__Ruminococcaceae;g__Faecalibacterium;s__Faecalibacterium prausnitzii_G,blast,98.70,iPHoP-RF;91.10 CRISPR;66.70
NODE_98_length_6766_cov_4.632693,RS_GCF_010509575.1,d__Bacteria;p__Firmicutes_A;c__Clostridia;o__Oscillospirales;f__Ruminococcaceae;g__Faecalibacterium;s__Faecalibacterium prausnitzii_C,blast,92.30,iPHoP-RF;64.00
NODE_98_length_6766_cov_4.632693,GB_GCA_900758465.1,d__Bacteria;p__Firmicutes_A;c__Clostridia;o__Oscillospirales;f__Ruminococcaceae;g__Faecalibacterium;s__Faecalibacterium sp900758465,iPHoP-RF,91.10,None
NODE_990_length_1241_cov_3.139966,RS_GCF_000157935.1,d__Bacteria;p__Bacteroidota;c__Bacteroidia;o__Bacteroidales;f__Bacteroidaceae;g__Prevotella;s__Prevotella copri,blast,91.70,iPHoP-RF;70.90
NODE_990_length_1241_cov_3.139966,RS_GCF_902167755.1,d__Bacteria;p__Bacteroidota;c__Bacteroidia;o__Bacteroidales;f__Bacteroidaceae;g__Prevotella;s__Prevotella sp900557255,blast,91.60,iPHoP-RF;72.60
NODE_990_length_1241_cov_3.139966,GB_GCA_900544825.1,d__Bacteria;p__Bacteroidota;c__Bacteroidia;o__Bacteroidales;f__Bacteroidaceae;g__Prevotella;s__Prevotella sp900544825,blast,91.00,iPHoP-RF;74.30
NODE_99_length_1555_cov_2.032667,RS_GCF_900243075.1,d__Bacteria;p__Firmicutes_A;c__Clostridia;o__Peptostreptococcales;f__Peptostreptococcaceae;g__Clostridioides;s__Clostridioides difficile_D,blast,93.90,iPHoP-RF;80.00
NODE_99_length_1555_cov_2.032667,RS_GCF_001077535.1,d__Bacteria;p__Firmicutes_A;c__Clostridia;o__Peptostreptococcales;f__Peptostreptococcaceae;g__Clostridioides;s__Clostridioides difficile,blast,93.80,iPHoP-RF;67.50
NODE_99_length_1555_cov_2.032667,RS_GCF_000449425.2,d__Bacteria;p__Firmicutes_A;c__Clostridia;o__Peptostreptococcales;f__Peptostreptococcaceae;g__Clostridioides;s__Clostridioides difficile_E,blast,91.90,iPHoP-RF;71.10
NODE_99_length_2870_cov_2.821314,GB_GCA_008681155.1,d__Bacteria;p__Firmicutes_A;c__Clostridia;o__Oscillospirales;f__Acutalibacteraceae;g__UBA1417;s__UBA1417 sp003531055,blast,93.30,None
NODE_99_length_8861_cov_6.427890,RS_GCF_001077535.1,d__Bacteria;p__Firmicutes_A;c__Clostridia;o__Peptostreptococcales;f__Peptostreptococcaceae;g__Clostridioides;s__Clostridioides difficile,blast,95.00,iPHoP-RF;81.60
NODE_99_length_8861_cov_6.427890,RS_GCF_900243075.1,d__Bacteria;p__Firmicutes_A;c__Clostridia;o__Peptostreptococcales;f__Peptostreptococcaceae;g__Clostridioides;s__Clostridioides difficile_D,blast,92.50,iPHoP-RF;86.30
NODE_99_length_8861_cov_6.427890,RS_GCF_000449425.2,d__Bacteria;p__Firmicutes_A;c__Clostridia;o__Peptostreptococcales;f__Peptostreptococcaceae;g__Clostridioides;s__Clostridioides difficile_E,blast,91.10,iPHoP-RF;60.60
NODE_99_length_8861_cov_6.427890,RS_GCF_001299635.1,d__Bacteria;p__Firmicutes_A;c__Clostridia;o__Peptostreptococcales;f__Peptostreptococcaceae;g__Clostridioides;s__Clostridioides difficile_A,blast,91.10,iPHoP-RF;75.20
NODE_9_length_34896_cov_138.691255,RS_GCF_001544255.1,d__Bacteria;p__Firmicutes;c__Bacilli;o__Lactobacillales;f__Enterococcaceae;g__Enterococcus_B;s__Enterococcus_B faecium,blast,98.30,iPHoP-RF;95.40
NODE_9_length_34896_cov_138.691255,RS_GCF_009735405.1,d__Bacteria;p__Firmicutes;c__Bacilli;o__Lactobacillales;f__Enterococcaceae;g__Enterococcus_B;s__Enterococcus_B lactis,blast,97.70,iPHoP-RF;83.90
NODE_9_length_34896_cov_138.691255,RS_GCF_001544215.1,d__Bacteria;p__Firmicutes;c__Bacilli;o__Lactobacillales;f__Enterococcaceae;g__Enterococcus_B;s__Enterococcus_B durans,blast,96.70,iPHoP-RF;68.20
NODE_9_length_34896_cov_138.691255,RS_GCF_000407545.1,d__Bacteria;p__Firmicutes;c__Bacilli;o__Lactobacillales;f__Enterococcaceae;g__Enterococcus_A;s__Enterococcus_A gilvus,iPHoP-RF,92.40,None
NODE_9_length_34896_cov_138.691255,RS_GCF_000271405.2,d__Bacteria;p__Firmicutes;c__Bacilli;o__Lactobacillales;f__Enterococcaceae;g__Enterococcus_B;s__Enterococcus_B hirae,blast,90.90,None
NODE_9_length_34896_cov_138.691255,RS_GCF_002140175.1,d__Bacteria;p__Firmicutes;c__Bacilli;o__Lactobacillales;f__Enterococcaceae;g__Enterococcus_B;s__Enterococcus_B sp002140175,blast,90.90,iPHoP-RF;61.10
NODE_9_length_34896_cov_138.691255,RS_GCF_000406965.1,d__Bacteria;p__Firmicutes;c__Bacilli;o__Lactobacillales;f__Enterococcaceae;g__Enterococcus_A;s__Enterococcus_A avium,iPHoP-RF,90.80,blast;83.90
