"feature"	"metadata"	"value"	"name"	"coef"	"null_hypothesis"	"stderr"	"pval_individual"	"qval_individual"	"pval_joint"	"qval_joint"	"error"	"model"	"N"	"N_not_zero"
"NODE_618_length_2500_cov_5.937423"	"PrePostFVT"	"Post"	"PrePostFVTPost"	-0.376822925373983	0.660924788104509	0.140072479285908	1.55100927198522e-05	0.00992645934070542	3.10199448767283e-05	0.0148895735408296	NA	"abundance"	60	20
"NODE_560_length_4789_cov_18.278411"	"PrePostFVT"	"Post"	"PrePostFVTPost"	-1.20443765286023	0.660924788104509	0.415451830475717	0.000153333260116701	0.030028069738646	0.000306643009144745	0.0450378779596618	NA	"abundance"	60	31
"NODE_618_length_2500_cov_5.937423"	"PrePostFVT"	"During"	"PrePostFVTDuring"	-0.649241450520295	0.499759010635779	0.222923055625697	0.000187675435866538	0.030028069738646	0.000375315649663848	0.0450378779596618	NA	"abundance"	60	20
"NODE_65_length_2561_cov_4.647646"	"PrePostFVT"	"Post"	"PrePostFVTPost"	-1.62499597092776	0.660924788104509	0.501449855182853	0.000172826694798277	0.030028069738646	0.000345623520530119	0.0450378779596618	NA	"abundance"	60	29
"NODE_345_length_4313_cov_34.753875"	"PrePostFVT"	"Post"	"PrePostFVTPost"	-1.09025678345732	0.660924788104509	0.477663043691053	0.000858803717046009	0.109926875781889	0.00171686989026761	0.16481950946569	NA	"abundance"	60	48
"NODE_61_length_2911_cov_3.802871"	"PrePostFVT"	"Post"	"PrePostFVTPost"	-0.97937209025703	0.660924788104509	0.482534436985625	0.00180058575205866	0.154110526981736	0.0035979293950668	0.215875763704008	NA	"abundance"	60	48
"NODE_23_length_41981_cov_14.210705|provirus_5814_25825"	"PrePostFVT"	"Post"	"PrePostFVTPost"	4.84577809813533	0	1.58032842813812	0.00216717928568066	0.154110526981736	0.00216717928568066	0.173374342854453	NA	"prevalence"	60	19
"NODE_267_length_1101_cov_2.931166"	"PrePostFVT"	"During"	"PrePostFVTDuring"	4.02533190771915	0	1.30588722397039	0.00205304304810902	0.154110526981736	0.00410187111046065	0.218766459224568	NA	"prevalence"	60	23
"NODE_574_length_2544_cov_6.745279"	"PrePostFVT"	"During"	"PrePostFVTDuring"	5.16673963147551	0	1.65150950634602	0.00175703856147786	0.154110526981736	0.00351098993844921	0.215875763704008	NA	"prevalence"	60	22
"NODE_50_length_64286_cov_15.837431|provirus_6014_50609"	"PrePostFVT"	"During"	"PrePostFVTDuring"	4.54136638487262	0	1.56842476435397	0.00378560813026476	0.242278920336945	0.0075568854316136	0.32975500065223	NA	"prevalence"	60	20
"NODE_34_length_57407_cov_132.823685"	"PrePostFVT"	"Post"	"PrePostFVTPost"	-0.980103114202577	0.660924788104509	0.553679394134327	0.00536513575070074	0.2720692207754	0.010701486819778	0.356028236627935	NA	"abundance"	60	50
"NODE_36_length_24676_cov_54.263556"	"PrePostFVT"	"Post"	"PrePostFVTPost"	-0.85282420874448	0.660924788104509	0.495008031689997	0.00595151420446187	0.2720692207754	0.0118676078875978	0.356028236627935	NA	"abundance"	60	29
"NODE_46_length_17325_cov_94.922409"	"PrePostFVT"	"Post"	"PrePostFVTPost"	-3.511896317438	0	1.27161806573417	0.00574917727696419	0.2720692207754	0.00574917727696419	0.275960509294281	NA	"prevalence"	60	11
"NODE_87_length_8976_cov_56.443896"	"PrePostFVT"	"Post"	"PrePostFVTPost"	1.89451743078333	0	0.688509248339829	0.00593008645759204	0.2720692207754	0.0118250069897896	0.356028236627935	NA	"prevalence"	60	31
"NODE_213_length_6728_cov_11.658025"	"PrePostFVT"	"During"	"PrePostFVTDuring"	7.2628453421393e-05	0.499759010635779	0.174931493883859	0.00871277446701722	0.31512602170551	0.0173496364951213	0.44582620752871	NA	"abundance"	60	59
"NODE_6_length_52607_cov_9.933057|provirus_1_41423"	"PrePostFVT"	"Post"	"PrePostFVTPost"	-0.304833625795725	0.660924788104509	0.341444855717504	0.00834194296928559	0.31512602170551	0.00834194296928559	0.333677718771423	NA	"abundance"	60	60
"NODE_222_length_1353_cov_3.577042"	"PrePostFVT"	"During"	"PrePostFVTDuring"	2.73081306186267	0	1.04337149504564	0.00886291936046746	0.31512602170551	0.0176472873813448	0.44582620752871	NA	"prevalence"	60	26
"NODE_87_length_8976_cov_56.443896"	"PrePostFVT"	"During"	"PrePostFVTDuring"	3.19849395049636	0	1.21003235992118	0.00820991652321539	0.31512602170551	0.0163524303171126	0.44582620752871	NA	"prevalence"	60	31
"NODE_353_length_2871_cov_5.285156"	"PrePostFVT"	"Post"	"PrePostFVTPost"	-0.2821722198848	0.660924788104509	0.338689274555803	0.00936490438333678	0.315449410807134	0.00936490438333678	0.345781084923204	NA	"abundance"	60	60
"NODE_683_length_3765_cov_14.952830"	"PrePostFVT"	"Post"	"PrePostFVTPost"	2.76421427154666	0	1.09404335660624	0.0115171297952222	0.36854815344711	0.0229016153117244	0.549638767481386	NA	"prevalence"	60	20
"NODE_560_length_4789_cov_18.278411"	"PrePostFVT"	"During"	"PrePostFVTDuring"	-0.786976560828645	0.499759010635779	0.480866701908329	0.0131591124066861	0.401039616203766	0.0261450625740404	0.570437728888153	NA	"abundance"	60	31
"NODE_574_length_2544_cov_6.745279"	"PrePostFVT"	"Post"	"PrePostFVTPost"	2.80011403955533	0	1.14980286206675	0.0148794787688334	0.432857564184245	0.0295375586492347	0.590751172984693	NA	"prevalence"	60	22
"NODE_213_length_6728_cov_11.658025"	"PrePostFVT"	"Post"	"PrePostFVTPost"	0.297991539725222	0.660924788104509	0.125086691492519	0.0177075297429319	0.492731262412018	0.035101502876267	0.673948855224325	NA	"abundance"	60	59
"NODE_50_length_64286_cov_15.837431|provirus_6014_50609"	"PrePostFVT"	"Post"	"PrePostFVTPost"	2.7186761915999	0	1.16067738197934	0.0191643488246041	0.511049301989442	0.0379614253833371	0.7008263147693	NA	"prevalence"	60	20
"NODE_101_length_4575_cov_7.278097"	"PrePostFVT"	"Post"	"PrePostFVTPost"	2.73642871274663	0	1.22568782798257	0.0255775922523609	0.584630680053963	0.0255775922523609	0.570437728888153	NA	"prevalence"	60	16
"NODE_177_length_5120_cov_13.319842"	"PrePostFVT"	"Post"	"PrePostFVTPost"	1.8131816887197	0	0.805524576023853	0.0243897939711731	0.584630680053963	0.0481847258923899	0.724116907235282	NA	"prevalence"	60	42
"NODE_267_length_1101_cov_2.931166"	"PrePostFVT"	"Post"	"PrePostFVTPost"	1.87178975365093	0	0.837804661543296	0.0254725401537277	0.584630680053963	0.0502962300055721	0.731581527353776	NA	"prevalence"	60	23
"NODE_683_length_3765_cov_14.952830"	"PrePostFVT"	"During"	"PrePostFVTDuring"	2.83321699515287	0	1.24853463550584	0.0232541118571298	0.584630680053963	0.0459674699959958	0.724116907235282	NA	"prevalence"	60	20
"NODE_82_length_5911_cov_4.870902"	"PrePostFVT"	"Post"	"PrePostFVTPost"	2.67592518582468	0	1.21404090732675	0.0275139751424169	0.607204968660234	0.0275139751424169	0.574204698624352	NA	"prevalence"	60	13
"NODE_1112_length_1822_cov_14.345218"	"PrePostFVT"	"Post"	"PrePostFVTPost"	-0.91059407153277	0.660924788104509	0.559068392266855	0.0317044264293175	0.654542997250425	0.0624036822034229	0.809561282639	NA	"abundance"	60	10
"NODE_132_length_23877_cov_12.972546"	"PrePostFVT"	"During"	"PrePostFVTDuring"	2.61057395104403	0	1.21515711789441	0.0316865393276599	0.654542997250425	0.0623690418807565	0.809561282639	NA	"prevalence"	60	29
"NODE_222_length_1353_cov_3.577042"	"PrePostFVT"	"Post"	"PrePostFVTPost"	1.58574673676983	0	0.75078091897342	0.0346753193907583	0.693506387815166	0.0681482610066655	0.829143671176028	NA	"prevalence"	60	26
"NODE_222_length_1353_cov_3.577042"	"PrePostFVT"	"Post"	"PrePostFVTPost"	-0.503825942852982	0.660924788104509	0.515893620022644	0.037460367348326	0.72650409402814	0.0681482610066655	0.829143671176028	NA	"abundance"	60	26
"NODE_85_length_6973_cov_5.469066"	"PrePostFVT"	"During"	"PrePostFVTDuring"	2.63442209615501	0	1.28181230753467	0.0398565697935083	0.750241313760156	0.0398565697935083	0.708561240773481	NA	"prevalence"	60	10
"NODE_101_length_4575_cov_7.278097"	"PrePostFVT"	"During"	"PrePostFVTDuring"	4.72053349073797	0	2.33542261183593	0.0432512103219285	0.77505859507443	0.0432512103219285	0.721606278172745	NA	"prevalence"	60	16
"NODE_46_length_10952_cov_58.511425"	"PrePostFVT"	"Post"	"PrePostFVTPost"	-5.09951330490597	0	2.5270830818956	0.0435970459729367	0.77505859507443	0.0435970459729367	0.721606278172745	NA	"prevalence"	60	17
"NODE_175_length_2545_cov_8.803614"	"PrePostFVT"	"Post"	"PrePostFVTPost"	1.65219972894882	0.660924788104509	0.434626535584167	0.0495010047481461	0.787597464139173	0.0965516600252163	1	NA	"abundance"	60	17
"NODE_177_length_5120_cov_13.319842"	"PrePostFVT"	"During"	"PrePostFVTDuring"	1.38383248875561	0.499759010635779	0.433619835045124	0.0504554625464158	0.787597464139173	0.0983651713920587	1	NA	"abundance"	60	42
"NODE_95_length_4885_cov_5.471014"	"PrePostFVT"	"Post"	"PrePostFVTPost"	-0.507693132726585	0.660924788104509	0.536056844470543	0.0463383322466967	0.787597464139173	0.0905294234579882	1	NA	"abundance"	60	22
"NODE_23_length_41981_cov_14.210705|provirus_5814_25825"	"PrePostFVT"	"During"	"PrePostFVTDuring"	5.64959157437781	0	2.86063325981901	0.0482744604823521	0.787597464139173	0.0482744604823521	0.724116907235282	NA	"prevalence"	60	19
"NODE_560_length_4789_cov_18.278411"	"PrePostFVT"	"Post"	"PrePostFVTPost"	1.40536823765649	0	0.713258904084434	0.0487985036004323	0.787597464139173	0.000306643009144745	0.0450378779596618	NA	"prevalence"	60	31
"NODE_43_length_3040_cov_4.376884"	"PrePostFVT"	"Post"	"PrePostFVTPost"	3.63793772270912	0	1.89812980976945	0.0552899650391599	0.82292040988517	0.0552899650391599	0.780564212317551	NA	"prevalence"	60	14
"NODE_560_length_4789_cov_18.278411"	"PrePostFVT"	"During"	"PrePostFVTDuring"	2.05442166647379	0	1.06789122510755	0.0543781864405555	0.82292040988517	0.0261450625740404	0.570437728888153	NA	"prevalence"	60	31
"NODE_65_length_2561_cov_4.647646"	"PrePostFVT"	"During"	"PrePostFVTDuring"	-0.680957418434256	0.499759010635779	0.587568817275708	0.057994121852962	0.824805288575459	0.112624925536428	1	NA	"abundance"	60	29
"NODE_584_length_2507_cov_6.861338"	"PrePostFVT"	"Post"	"PrePostFVTPost"	3.63489422752208	0	1.90964756282646	0.0569835196543589	0.824805288575459	0.0569835196543589	0.781488269545494	NA	"prevalence"	60	15
"NODE_175_length_2545_cov_8.803614"	"PrePostFVT"	"During"	"PrePostFVTDuring"	1.73891127563861	0	0.934162590627916	0.0626784921680348	0.86634227917783	0.121428390955611	1	NA	"prevalence"	60	17
"NODE_45_length_21147_cov_17.779585"	"PrePostFVT"	"During"	"PrePostFVTDuring"	2.19418379968016	0	1.18296353815224	0.0636220111271219	0.86634227917783	0.123196261954384	1	NA	"prevalence"	60	32
"NODE_64_length_3411_cov_6.318534"	"PrePostFVT"	"During"	"PrePostFVTDuring"	1.43467117507363	0.499759010635779	0.489486211571025	0.0676670381087498	0.90222717478333	0.0676670381087498	0.829143671176028	NA	"abundance"	60	33
"NODE_43_length_3040_cov_4.376884"	"PrePostFVT"	"During"	"PrePostFVTDuring"	3.62682819010189	0	1.99517879313687	0.0690953059313356	0.902469301960302	0.0690953059313356	0.829143671176028	NA	"prevalence"	60	14
"NODE_38_length_40434_cov_66.147750"	"PrePostFVT"	"Post"	"PrePostFVTPost"	-0.133593798344134	0.660924788104509	0.423908869757428	0.072116421916261	0.904990392674648	0.139032065522518	1	NA	"abundance"	60	46
"NODE_584_length_2507_cov_6.861338"	"PrePostFVT"	"During"	"PrePostFVTDuring"	3.61720912460437	0	2.00797064946106	0.0716358718197042	0.904990392674648	0.0716358718197042	0.838663865206293	NA	"prevalence"	60	15
"NODE_325_length_3998_cov_5.391326"	"PrePostFVT"	"Post"	"PrePostFVTPost"	2.07925392947553	0	1.16487937191597	0.0742690800289154	0.914080984971266	0.143022263809489	1	NA	"prevalence"	60	55
"NODE_1058_length_1702_cov_11.257438"	"PrePostFVT"	"During"	"PrePostFVTDuring"	0.0738855630135144	0.499759010635779	1.52270424511508	0.789186009550283	1	0.925527632106951	1	NA	"abundance"	60	11
"NODE_1058_length_1702_cov_11.257438"	"PrePostFVT"	"Post"	"PrePostFVTPost"	-0.141795331705256	0.660924788104509	0.963042723474193	0.436553894660479	1	0.682528486377725	1	NA	"abundance"	60	11
"NODE_11_length_39896_cov_9.556763"	"PrePostFVT"	"During"	"PrePostFVTDuring"	0.331206504156351	0.499759010635779	0.621624386113122	0.78989393699566	1	0.458012580742668	1	NA	"abundance"	60	24
"NODE_11_length_39896_cov_9.556763"	"PrePostFVT"	"Post"	"PrePostFVTPost"	0.194043389573278	0.660924788104509	0.658902953084183	0.515432748247132	1	0.765194578528673	1	NA	"abundance"	60	24
"NODE_1177_length_1098_cov_3.402685"	"PrePostFVT"	"During"	"PrePostFVTDuring"	0.568829029083466	0.499759010635779	0.656602456867232	0.917483827322422	1	0.838225476299351	1	NA	"abundance"	60	20
"NODE_1177_length_1098_cov_3.402685"	"PrePostFVT"	"Post"	"PrePostFVTPost"	-0.33432338540873	0.660924788104509	0.557204210904159	0.0983905736500677	1	0.187100442316946	1	NA	"abundance"	60	20
"NODE_118_length_14212_cov_7.809423"	"PrePostFVT"	"During"	"PrePostFVTDuring"	0.470222667476917	0.499759010635779	0.355997464527155	0.934216407299379	1	0.934216407299379	1	NA	"abundance"	60	58
"NODE_118_length_14212_cov_7.809423"	"PrePostFVT"	"Post"	"PrePostFVTPost"	0.743963854080722	0.660924788104509	0.256031579493923	0.755026965804566	1	0.939988212517083	1	NA	"abundance"	60	58
"NODE_119_length_6127_cov_11.754282"	"PrePostFVT"	"During"	"PrePostFVTDuring"	0.557616042565652	0.499759010635779	0.306221415805957	0.85113803023429	1	0.977840113957473	1	NA	"abundance"	60	59
"NODE_119_length_6127_cov_11.754282"	"PrePostFVT"	"Post"	"PrePostFVTPost"	0.749271085616455	0.660924788104509	0.218167706524415	0.701658928631247	1	0.910992605134544	1	NA	"abundance"	60	59
"NODE_120_length_4708_cov_5.977649"	"PrePostFVT"	"During"	"PrePostFVTDuring"	0.442923961692146	0.499759010635779	0.28785808175427	0.844472895511176	1	0.975811319769322	1	NA	"abundance"	60	59
"NODE_120_length_4708_cov_5.977649"	"PrePostFVT"	"Post"	"PrePostFVTPost"	0.654240342593836	0.660924788104509	0.205084733657694	0.975443465372859	1	0.999396976607106	1	NA	"abundance"	60	59
"NODE_122_length_9714_cov_6.792939"	"PrePostFVT"	"During"	"PrePostFVTDuring"	0.499963735972256	0.499759010635779	0.306686767023693	0.999471264900766	1	0.996464205528869	1	NA	"abundance"	60	59
"NODE_122_length_9714_cov_6.792939"	"PrePostFVT"	"Post"	"PrePostFVTPost"	0.74043124205835	0.660924788104509	0.218499246392829	0.730007319858127	1	0.927103952669808	1	NA	"abundance"	60	59
"NODE_125_length_3140_cov_7.146191"	"PrePostFVT"	"During"	"PrePostFVTDuring"	0.386490939842487	0.499759010635779	0.358531092151251	0.753726083392755	1	0.753726083392755	1	NA	"abundance"	60	58
"NODE_125_length_3140_cov_7.146191"	"PrePostFVT"	"Post"	"PrePostFVTPost"	0.492077688472805	0.660924788104509	0.259286480151476	0.529614303184386	1	0.778737296231289	1	NA	"abundance"	60	58
"NODE_128_length_6828_cov_9.355825"	"PrePostFVT"	"During"	"PrePostFVTDuring"	0.587870142223379	0.499759010635779	0.327090465246495	0.789034018958414	1	0.789034018958414	1	NA	"abundance"	60	58
"NODE_128_length_6828_cov_9.355825"	"PrePostFVT"	"Post"	"PrePostFVTPost"	0.764137923377233	0.660924788104509	0.235241811527212	0.674247395539075	1	0.893885240686924	1	NA	"abundance"	60	58
"NODE_132_length_23877_cov_12.972546"	"PrePostFVT"	"During"	"PrePostFVTDuring"	0.359395382681963	0.499759010635779	0.548290767402462	0.799405155008924	1	0.0623690418807565	0.809561282639	NA	"abundance"	60	29
"NODE_132_length_23877_cov_12.972546"	"PrePostFVT"	"Post"	"PrePostFVTPost"	0.187381191636667	0.660924788104509	0.480882814466398	0.337740986257427	1	0.538736303877021	1	NA	"abundance"	60	29
"NODE_139_length_11886_cov_12.290001"	"PrePostFVT"	"During"	"PrePostFVTDuring"	0.527608632923653	0.499759010635779	0.361773863890636	0.938824121061949	1	0.938824121061949	1	NA	"abundance"	60	58
"NODE_139_length_11886_cov_12.290001"	"PrePostFVT"	"Post"	"PrePostFVTPost"	0.78863061343723	0.660924788104509	0.260185936758192	0.636847255216751	1	0.868120083956392	1	NA	"abundance"	60	58
"NODE_148_length_1529_cov_3.214383"	"PrePostFVT"	"During"	"PrePostFVTDuring"	0.513702376779718	0.499759010635779	0.279413373767187	0.960668826928678	1	0.996464205528869	1	NA	"abundance"	60	59
"NODE_148_length_1529_cov_3.214383"	"PrePostFVT"	"Post"	"PrePostFVTPost"	0.566066631691238	0.660924788104509	0.199398752571629	0.654082608293566	1	0.880341158115017	1	NA	"abundance"	60	59
"NODE_151_length_11622_cov_6.802715"	"PrePostFVT"	"During"	"PrePostFVTDuring"	0.416660574259635	0.499759010635779	0.395744611137753	0.833995519839568	1	0.833995519839568	1	NA	"abundance"	60	58
"NODE_151_length_11622_cov_6.802715"	"PrePostFVT"	"Post"	"PrePostFVTPost"	0.78230417311817	0.660924788104509	0.285346042081658	0.679723834804416	1	0.897423178007611	1	NA	"abundance"	60	58
"NODE_153_length_12400_cov_9.887809"	"PrePostFVT"	"During"	"PrePostFVTDuring"	0.499554285299302	0.499759010635779	0.319145892256907	0.999489945794121	1	0.996464205528869	1	NA	"abundance"	60	59
"NODE_153_length_12400_cov_9.887809"	"PrePostFVT"	"Post"	"PrePostFVTPost"	0.731853969176751	0.660924788104509	0.227375760790226	0.766648456813555	1	0.945547057292505	1	NA	"abundance"	60	59
"NODE_175_length_2545_cov_8.803614"	"PrePostFVT"	"During"	"PrePostFVTDuring"	1.14091721553827	0.499759010635779	0.453516224388605	0.190385670372749	1	0.121428390955611	1	NA	"abundance"	60	17
"NODE_177_length_3368_cov_6.261093"	"PrePostFVT"	"During"	"PrePostFVTDuring"	0.776106770772015	0.499759010635779	0.306679398284458	0.375735833943267	1	0.610294250977492	1	NA	"abundance"	60	59
"NODE_177_length_3368_cov_6.261093"	"PrePostFVT"	"Post"	"PrePostFVTPost"	0.827640664467754	0.660924788104509	0.218493996528332	0.472229629951465	1	0.721458436498832	1	NA	"abundance"	60	59
"NODE_177_length_5120_cov_13.319842"	"PrePostFVT"	"Post"	"PrePostFVTPost"	0.780373722965875	0.660924788104509	0.353229288585253	0.740746515283194	1	0.0481847258923899	0.724116907235282	NA	"abundance"	60	42
"NODE_177_length_6844_cov_8.175725"	"PrePostFVT"	"During"	"PrePostFVTDuring"	0.325223992360509	0.499759010635779	0.326031686889393	0.59520387483057	1	0.836140097047815	1	NA	"abundance"	60	59
"NODE_177_length_6844_cov_8.175725"	"PrePostFVT"	"Post"	"PrePostFVTPost"	0.667823981911296	0.660924788104509	0.232281550902428	0.977260214394392	1	0.999482902150611	1	NA	"abundance"	60	59
"NODE_178_length_5905_cov_7.559658"	"PrePostFVT"	"During"	"PrePostFVTDuring"	0.566751974219487	0.499759010635779	0.350860654381602	0.849044269311434	1	0.849044269311434	1	NA	"abundance"	60	58
"NODE_178_length_5905_cov_7.559658"	"PrePostFVT"	"Post"	"PrePostFVTPost"	0.770452736911688	0.660924788104509	0.252337211566687	0.677945645243109	1	0.896280992582122	1	NA	"abundance"	60	58
"NODE_190_length_3286_cov_3.972764"	"PrePostFVT"	"During"	"PrePostFVTDuring"	0.55496797661615	0.499759010635779	0.326543803239239	0.866529357579892	1	0.982185587611964	1	NA	"abundance"	60	59
"NODE_190_length_3286_cov_3.972764"	"PrePostFVT"	"Post"	"PrePostFVTPost"	0.707208726861031	0.660924788104509	0.232646408628742	0.849268471052384	1	0.977280006181114	1	NA	"abundance"	60	59
"NODE_197_length_4114_cov_4.814240"	"PrePostFVT"	"During"	"PrePostFVTDuring"	0.618163032045971	0.499759010635779	0.267947876773412	0.661256615068718	1	0.661256615068718	1	NA	"abundance"	60	58
"NODE_197_length_4114_cov_4.814240"	"PrePostFVT"	"Post"	"PrePostFVTPost"	0.704629820958072	0.660924788104509	0.192706760435668	0.832044878213547	1	0.971791077065698	1	NA	"abundance"	60	58
"NODE_222_length_1353_cov_3.577042"	"PrePostFVT"	"During"	"PrePostFVTDuring"	-0.0152573996307622	0.499759010635779	0.562827876228376	0.373069807546421	1	0.0176472873813448	0.44582620752871	NA	"abundance"	60	26
"NODE_229_length_4253_cov_7.022868"	"PrePostFVT"	"During"	"PrePostFVTDuring"	0.55252748464289	0.499759010635779	0.304891994641927	0.863545986513115	1	0.863545986513115	1	NA	"abundance"	60	58
"NODE_229_length_4253_cov_7.022868"	"PrePostFVT"	"Post"	"PrePostFVTPost"	0.682913347854677	0.660924788104509	0.219276783521224	0.923862129091414	1	0.984304705573846	1	NA	"abundance"	60	58
"NODE_232_length_3859_cov_5.182177"	"PrePostFVT"	"During"	"PrePostFVTDuring"	0.532269452398455	0.499759010635779	0.360691398748372	0.928416126903838	1	0.928416126903838	1	NA	"abundance"	60	58
"NODE_232_length_3859_cov_5.182177"	"PrePostFVT"	"Post"	"PrePostFVTPost"	0.792578577592137	0.660924788104509	0.259407433291914	0.62587307617112	1	0.86002904486634	1	NA	"abundance"	60	58
"NODE_233_length_5621_cov_11.496407"	"PrePostFVT"	"During"	"PrePostFVTDuring"	0.482609483251345	0.499759010635779	0.290588371696807	0.953295522081923	1	0.953295522081923	1	NA	"abundance"	60	58
"NODE_233_length_5621_cov_11.496407"	"PrePostFVT"	"Post"	"PrePostFVTPost"	0.631170364002243	0.660924788104509	0.208989690100519	0.892704142147925	1	0.984304705573846	1	NA	"abundance"	60	58
"NODE_241_length_6412_cov_5.785433"	"PrePostFVT"	"During"	"PrePostFVTDuring"	0.475498937701345	0.499759010635779	0.34370340753713	0.9440971667806	1	0.9440971667806	1	NA	"abundance"	60	58
"NODE_241_length_6412_cov_5.785433"	"PrePostFVT"	"Post"	"PrePostFVTPost"	0.662464321108187	0.660924788104509	0.247189755764294	0.995213151599393	1	0.984304705573846	1	NA	"abundance"	60	58
"NODE_254_length_4664_cov_6.991972"	"PrePostFVT"	"During"	"PrePostFVTDuring"	0.485059506799665	0.499759010635779	0.371136202264851	0.96861861841822	1	0.999015208890019	1	NA	"abundance"	60	57
"NODE_254_length_4664_cov_6.991972"	"PrePostFVT"	"Post"	"PrePostFVTPost"	0.71325657443712	0.660924788104509	0.266919283257979	0.84948707802263	1	0.977345860317834	1	NA	"abundance"	60	57
"NODE_262_length_4295_cov_8.188443"	"PrePostFVT"	"During"	"PrePostFVTDuring"	0.480743611509386	0.499759010635779	0.271181437126296	0.944566085588403	1	0.996464205528869	1	NA	"abundance"	60	59
"NODE_262_length_4295_cov_8.188443"	"PrePostFVT"	"Post"	"PrePostFVTPost"	0.508983352365842	0.660924788104509	0.19320344409657	0.462297981224989	1	0.710876539005277	1	NA	"abundance"	60	59
"NODE_267_length_1101_cov_2.931166"	"PrePostFVT"	"During"	"PrePostFVTDuring"	0.973005640831086	0.499759010635779	0.651011064462337	0.475736784870624	1	0.00410187111046065	0.218766459224568	NA	"abundance"	60	23
"NODE_267_length_1101_cov_2.931166"	"PrePostFVT"	"Post"	"PrePostFVTPost"	0.932339008245392	0.660924788104509	0.624861906952225	0.669772258674903	1	0.0502962300055721	0.731581527353776	NA	"abundance"	60	23
"NODE_267_length_4368_cov_4.549038"	"PrePostFVT"	"During"	"PrePostFVTDuring"	0.437252355573329	0.499759010635779	0.325237619949005	0.848688738886818	1	0.848688738886818	1	NA	"abundance"	60	58
"NODE_267_length_4368_cov_4.549038"	"PrePostFVT"	"Post"	"PrePostFVTPost"	0.742414519226951	0.660924788104509	0.233909254541998	0.739373347228594	1	0.932073747865173	1	NA	"abundance"	60	58
"NODE_269_length_5610_cov_6.458146"	"PrePostFVT"	"During"	"PrePostFVTDuring"	0.476291682559409	0.499759010635779	0.329437309958337	0.943517114548181	1	0.943517114548181	1	NA	"abundance"	60	58
"NODE_269_length_5610_cov_6.458146"	"PrePostFVT"	"Post"	"PrePostFVTPost"	0.692650137902667	0.660924788104509	0.236929650397632	0.897786448999421	1	0.984304705573846	1	NA	"abundance"	60	58
"NODE_273_length_5592_cov_9.036662"	"PrePostFVT"	"During"	"PrePostFVTDuring"	0.376172545576729	0.499759010635779	0.258061832295238	0.63572125310824	1	0.867300994562969	1	NA	"abundance"	60	59
"NODE_273_length_5592_cov_9.036662"	"PrePostFVT"	"Post"	"PrePostFVTPost"	0.55606159639521	0.660924788104509	0.184059703514259	0.595331475700534	1	0.836243385441292	1	NA	"abundance"	60	59
"NODE_275_length_3206_cov_5.058077"	"PrePostFVT"	"During"	"PrePostFVTDuring"	0.423279203735944	0.499759010635779	0.394626037405391	0.846762456352626	1	0.976518255216919	1	NA	"abundance"	60	59
"NODE_275_length_3206_cov_5.058077"	"PrePostFVT"	"Post"	"PrePostFVTPost"	0.861161274908333	0.660924788104509	0.281371788887283	0.494365997949694	1	0.744334255970591	1	NA	"abundance"	60	59
"NODE_278_length_4850_cov_6.859437"	"PrePostFVT"	"During"	"PrePostFVTDuring"	0.61689511714465	0.499759010635779	0.319233107524561	0.715522040850474	1	0.919072290758121	1	NA	"abundance"	60	58
"NODE_278_length_4850_cov_6.859437"	"PrePostFVT"	"Post"	"PrePostFVTPost"	0.70676488948405	0.660924788104509	0.228933925896047	0.84850305173685	1	0.84850305173685	1	NA	"abundance"	60	58
"NODE_288_length_3117_cov_4.919334"	"PrePostFVT"	"During"	"PrePostFVTDuring"	0.411163148598831	0.499759010635779	0.232635814574635	0.707568541196062	1	0.914483841901801	1	NA	"abundance"	60	59
"NODE_288_length_3117_cov_4.919334"	"PrePostFVT"	"Post"	"PrePostFVTPost"	0.533086317308508	0.660924788104509	0.165741582728976	0.481711086971708	1	0.731376602631952	1	NA	"abundance"	60	59
"NODE_305_length_3981_cov_5.865003"	"PrePostFVT"	"During"	"PrePostFVTDuring"	0.318098366457181	0.499759010635779	0.24287342233348	0.462889279573782	1	0.711512074003229	1	NA	"abundance"	60	59
"NODE_305_length_3981_cov_5.865003"	"PrePostFVT"	"Post"	"PrePostFVTPost"	0.422527459961731	0.660924788104509	0.173432418808128	0.21193558705986	1	0.378954481057312	1	NA	"abundance"	60	59
"NODE_323_length_4578_cov_5.801017"	"PrePostFVT"	"During"	"PrePostFVTDuring"	0.500367466835658	0.499759010635779	0.369485556409086	0.998689782912282	1	0.971751393525248	1	NA	"abundance"	60	52
"NODE_323_length_4578_cov_5.801017"	"PrePostFVT"	"Post"	"PrePostFVTPost"	0.847415388527647	0.660924788104509	0.261722102210664	0.49510645561001	1	0.49510645561001	1	NA	"abundance"	60	52
"NODE_324_length_2965_cov_3.493471"	"PrePostFVT"	"During"	"PrePostFVTDuring"	0.508354738484806	0.499759010635779	0.306863682937117	0.977815213303543	1	0.996464205528869	1	NA	"abundance"	60	59
"NODE_324_length_2965_cov_3.493471"	"PrePostFVT"	"Post"	"PrePostFVTPost"	0.714138392522301	0.660924788104509	0.218625290284886	0.816578024824539	1	0.966356379022732	1	NA	"abundance"	60	59
"NODE_325_length_3998_cov_5.391326"	"PrePostFVT"	"During"	"PrePostFVTDuring"	0.617413088450097	0.499759010635779	0.335963221390616	0.72818249419984	1	0.92611524354058	1	NA	"abundance"	60	55
"NODE_325_length_3998_cov_5.391326"	"PrePostFVT"	"Post"	"PrePostFVTPost"	0.731528327219781	0.660924788104509	0.248125283011143	0.784746127775192	1	0.143022263809489	1	NA	"abundance"	60	55
"NODE_34_length_57407_cov_132.823685"	"PrePostFVT"	"During"	"PrePostFVTDuring"	0.0196290590506156	0.499759010635779	0.723882897797556	0.512257360731153	1	0.76210711783906	1	NA	"abundance"	60	50
"NODE_343_length_4498_cov_9.510241"	"PrePostFVT"	"During"	"PrePostFVTDuring"	0.457344560687064	0.499759010635779	0.360727035515944	0.906822948054909	1	0.991318036990822	1	NA	"abundance"	60	59
"NODE_343_length_4498_cov_9.510241"	"PrePostFVT"	"Post"	"PrePostFVTPost"	0.931539789603844	0.660924788104509	0.257185416480733	0.315690614240655	1	0.531720664561668	1	NA	"abundance"	60	59
"NODE_343_length_5040_cov_8.169910"	"PrePostFVT"	"During"	"PrePostFVTDuring"	0.57427512801342	0.499759010635779	0.342898588323563	0.828313136680645	1	0.828313136680645	1	NA	"abundance"	60	58
"NODE_343_length_5040_cov_8.169910"	"PrePostFVT"	"Post"	"PrePostFVTPost"	0.713528233228574	0.660924788104509	0.24661093384844	0.837387782182657	1	0.973557266616525	1	NA	"abundance"	60	58
"NODE_345_length_4313_cov_34.753875"	"PrePostFVT"	"During"	"PrePostFVTDuring"	-0.420187626209627	0.499759010635779	0.607353699699088	0.13914700075708	1	0.258932113694469	1	NA	"abundance"	60	48
"NODE_353_length_2871_cov_5.285156"	"PrePostFVT"	"During"	"PrePostFVTDuring"	0.76012451900352	0.499759010635779	0.479995728509421	0.589323642193926	1	0.589323642193926	1	NA	"abundance"	60	60
"NODE_36_length_24676_cov_54.263556"	"PrePostFVT"	"During"	"PrePostFVTDuring"	-0.531015457063334	0.499759010635779	0.579425867139032	0.0894629803383417	1	0.170922335825665	1	NA	"abundance"	60	29
"NODE_36_length_49500_cov_28.060916"	"PrePostFVT"	"During"	"PrePostFVTDuring"	0.740057035425634	0.499759010635779	1.05498569419142	0.821657872067616	1	0.930510128320812	1	NA	"abundance"	60	25
"NODE_36_length_49500_cov_28.060916"	"PrePostFVT"	"Post"	"PrePostFVTPost"	1.37802301339993	0.660924788104509	0.753700853929595	0.355069926752194	1	0.437901254826625	1	NA	"abundance"	60	25
"NODE_366_length_3628_cov_5.400784"	"PrePostFVT"	"During"	"PrePostFVTDuring"	0.57574175164002	0.499759010635779	0.309403672962701	0.807645703653695	1	0.962999824677118	1	NA	"abundance"	60	59
"NODE_366_length_3628_cov_5.400784"	"PrePostFVT"	"Post"	"PrePostFVTPost"	0.660924788104509	0.660924788104509	0.220434908325538	1	1	0.999897451010136	1	NA	"abundance"	60	59
"NODE_367_length_3982_cov_6.343519"	"PrePostFVT"	"During"	"PrePostFVTDuring"	0.402100244236416	0.499759010635779	0.317513481200508	0.760610883410325	1	0.942692850858415	1	NA	"abundance"	60	57
"NODE_367_length_3982_cov_6.343519"	"PrePostFVT"	"Post"	"PrePostFVTPost"	0.612396624431649	0.660924788104509	0.228354092943769	0.839112056428816	1	0.974115069613436	1	NA	"abundance"	60	57
"NODE_38_length_40434_cov_66.147750"	"PrePostFVT"	"During"	"PrePostFVTDuring"	0.948060449847359	0.499759010635779	0.527943837895084	0.400221538457052	1	0.640265797069175	1	NA	"abundance"	60	46
"NODE_39_length_40881_cov_40.497820"	"PrePostFVT"	"During"	"PrePostFVTDuring"	0.192202282619898	0.499759010635779	0.597123906562022	0.622817569488775	1	0.300229591072836	1	NA	"abundance"	60	13
"NODE_39_length_40881_cov_40.497820"	"PrePostFVT"	"Post"	"PrePostFVTPost"	0.0403737804271114	0.660924788104509	0.59141108024068	0.333598344042974	1	0.555908832937734	1	NA	"abundance"	60	13
"NODE_40_length_5207_cov_6.427601"	"PrePostFVT"	"During"	"PrePostFVTDuring"	0.73558983454512	0.499759010635779	0.427492381362772	0.584338624773096	1	0.827225621144479	1	NA	"abundance"	60	43
"NODE_40_length_5207_cov_6.427601"	"PrePostFVT"	"Post"	"PrePostFVTPost"	0.230381236331307	0.660924788104509	0.344449344294123	0.228238770761098	1	0.280112246780432	1	NA	"abundance"	60	43
"NODE_41_length_39188_cov_6.935476"	"PrePostFVT"	"During"	"PrePostFVTDuring"	0.476275312186206	0.499759010635779	0.314538579361431	0.940612558349211	1	0.940612558349211	1	NA	"abundance"	60	58
"NODE_41_length_39188_cov_6.935476"	"PrePostFVT"	"Post"	"PrePostFVTPost"	0.651688258189345	0.660924788104509	0.226214558557731	0.968914693533448	1	0.984304705573846	1	NA	"abundance"	60	58
"NODE_42_length_36164_cov_8.737212"	"PrePostFVT"	"During"	"PrePostFVTDuring"	0.997441592431652	0.499759010635779	0.156381972413148	0.207228158848298	1	0.371512807876941	1	NA	"abundance"	60	11
"NODE_42_length_36164_cov_8.737212"	"PrePostFVT"	"Post"	"PrePostFVTPost"	-0.163260124131354	0.660924788104509	0.728142845445621	0.322131789954319	1	0.479410759961263	1	NA	"abundance"	60	11
"NODE_427_length_2990_cov_4.285179"	"PrePostFVT"	"During"	"PrePostFVTDuring"	0.507912299625288	0.499759010635779	0.310678818076011	0.979188882087598	1	0.979188882087598	1	NA	"abundance"	60	58
"NODE_427_length_2990_cov_4.285179"	"PrePostFVT"	"Post"	"PrePostFVTPost"	0.674837772623475	0.660924788104509	0.223438637724452	0.952731707546587	1	0.984304705573846	1	NA	"abundance"	60	58
"NODE_428_length_2744_cov_4.066567"	"PrePostFVT"	"During"	"PrePostFVTDuring"	0.37349361365539	0.499759010635779	0.302868592971564	0.678895991449136	1	0.678895991449136	1	NA	"abundance"	60	58
"NODE_428_length_2744_cov_4.066567"	"PrePostFVT"	"Post"	"PrePostFVTPost"	0.629514863008787	0.660924788104509	0.217821563253568	0.890629456034156	1	0.984304705573846	1	NA	"abundance"	60	58
"NODE_449_length_3548_cov_7.859147"	"PrePostFVT"	"During"	"PrePostFVTDuring"	0.722287628826031	0.499759010635779	0.333029356697758	0.508950084123195	1	0.758869980117383	1	NA	"abundance"	60	58
"NODE_449_length_3548_cov_7.859147"	"PrePostFVT"	"Post"	"PrePostFVTPost"	0.928721012183505	0.660924788104509	0.238827728924034	0.289364777877175	1	0.289364777877175	1	NA	"abundance"	60	58
"NODE_45_length_21147_cov_17.779585"	"PrePostFVT"	"During"	"PrePostFVTDuring"	0.512135817531101	0.499759010635779	0.457113498834574	0.978563955143984	1	0.123196261954384	1	NA	"abundance"	60	32
"NODE_45_length_21147_cov_17.779585"	"PrePostFVT"	"Post"	"PrePostFVTPost"	0.117156455701488	0.660924788104509	0.38909565418596	0.183974529012901	1	0.334102430700284	1	NA	"abundance"	60	32
"NODE_457_length_3322_cov_6.401286"	"PrePostFVT"	"During"	"PrePostFVTDuring"	0.575926341209128	0.499759010635779	0.302443212565161	0.802562449210301	1	0.961018413538165	1	NA	"abundance"	60	59
"NODE_457_length_3322_cov_6.401286"	"PrePostFVT"	"Post"	"PrePostFVTPost"	0.709769162652659	0.660924788104509	0.215475922431986	0.829521745263467	1	0.970937164661986	1	NA	"abundance"	60	59
"NODE_468_length_3043_cov_5.770080"	"PrePostFVT"	"During"	"PrePostFVTDuring"	0.40345447578739	0.499759010635779	0.39889608716708	0.810008959222542	1	0.810008959222542	1	NA	"abundance"	60	58
"NODE_468_length_3043_cov_5.770080"	"PrePostFVT"	"Post"	"PrePostFVTPost"	0.855497659721778	0.660924788104509	0.287930030261857	0.514500482200365	1	0.764290218216322	1	NA	"abundance"	60	58
"NODE_469_length_2568_cov_8.139276"	"PrePostFVT"	"During"	"PrePostFVTDuring"	0.639733467240658	0.499759010635779	0.331662986538131	0.675961153042748	1	0.894998825662615	1	NA	"abundance"	60	57
"NODE_469_length_2568_cov_8.139276"	"PrePostFVT"	"Post"	"PrePostFVTPost"	0.935527394250478	0.660924788104509	0.240040046563	0.279965718459259	1	0.460517571515828	1	NA	"abundance"	60	57
"NODE_48_length_39392_cov_13.718484"	"PrePostFVT"	"During"	"PrePostFVTDuring"	0.453299940634096	0.499759010635779	0.270046480343656	0.865038849144191	1	0.865038849144191	1	NA	"abundance"	60	58
"NODE_48_length_39392_cov_13.718484"	"PrePostFVT"	"Post"	"PrePostFVTPost"	0.566471307057367	0.660924788104509	0.194216065530116	0.647895660050749	1	0.876022533788902	1	NA	"abundance"	60	58
"NODE_498_length_2945_cov_4.607612"	"PrePostFVT"	"During"	"PrePostFVTDuring"	0.484947518947816	0.499759010635779	0.326782341009703	0.964019843937615	1	0.996464205528869	1	NA	"abundance"	60	59
"NODE_498_length_2945_cov_4.607612"	"PrePostFVT"	"Post"	"PrePostFVTPost"	0.745064794773441	0.660924788104509	0.232816355064933	0.730811269286558	1	0.927537427256886	1	NA	"abundance"	60	59
"NODE_50_length_64286_cov_15.837431|provirus_6014_50609"	"PrePostFVT"	"During"	"PrePostFVTDuring"	0.829367910380969	0.499759010635779	0.794955875386652	0.683276901537307	1	0.0075568854316136	0.32975500065223	NA	"abundance"	60	20
"NODE_50_length_64286_cov_15.837431|provirus_6014_50609"	"PrePostFVT"	"Post"	"PrePostFVTPost"	0.665989683004285	0.660924788104509	0.755007903906082	0.994737745532748	1	0.0379614253833371	0.7008263147693	NA	"abundance"	60	20
"NODE_500_length_2986_cov_4.587172"	"PrePostFVT"	"During"	"PrePostFVTDuring"	0.412804213295965	0.499759010635779	0.354868834360695	0.807936512055641	1	0.807936512055641	1	NA	"abundance"	60	58
"NODE_500_length_2986_cov_4.587172"	"PrePostFVT"	"Post"	"PrePostFVTPost"	0.709895779751962	0.660924788104509	0.255219874375273	0.853257669495147	1	0.978466688438004	1	NA	"abundance"	60	58
"NODE_503_length_2600_cov_5.917092"	"PrePostFVT"	"During"	"PrePostFVTDuring"	0.570817412882356	0.499759010635779	0.39347402140764	0.857489045097601	1	0.857489045097601	1	NA	"abundance"	60	58
"NODE_503_length_2600_cov_5.917092"	"PrePostFVT"	"Post"	"PrePostFVTPost"	0.861082602989921	0.660924788104509	0.282984530029257	0.496432752658876	1	0.746420027405283	1	NA	"abundance"	60	58
"NODE_51_length_4179_cov_5.019641"	"PrePostFVT"	"During"	"PrePostFVTDuring"	0.539593303232587	0.499759010635779	0.262227408720166	0.880260619786769	1	0.880260619786769	1	NA	"abundance"	60	58
"NODE_51_length_4179_cov_5.019641"	"PrePostFVT"	"Post"	"PrePostFVTPost"	0.630598066974754	0.660924788104509	0.188592628687392	0.880806903873244	1	0.984304705573846	1	NA	"abundance"	60	58
"NODE_52_length_3512_cov_4.416546"	"PrePostFVT"	"Post"	"PrePostFVTPost"	-0.097714478700838	0.660924788104509	0.410353567713828	0.139293254090448	1	0.25918389754579	1	NA	"abundance"	60	8
"NODE_52_length_35146_cov_146.477501"	"PrePostFVT"	"During"	"PrePostFVTDuring"	1.86347125718239	0.499759010635779	1.32751518107797	0.313125820138126	1	0.528203861039078	1	NA	"abundance"	60	33
"NODE_52_length_35146_cov_146.477501"	"PrePostFVT"	"Post"	"PrePostFVTPost"	0.676021888879597	0.660924788104509	1.01815766605018	0.988274328508095	1	0.257745280983493	1	NA	"abundance"	60	33
"NODE_536_length_2797_cov_5.823851"	"PrePostFVT"	"During"	"PrePostFVTDuring"	0.430679319652935	0.499759010635779	0.288883021574004	0.812363779716135	1	0.964792648837585	1	NA	"abundance"	60	59
"NODE_536_length_2797_cov_5.823851"	"PrePostFVT"	"Post"	"PrePostFVTPost"	0.467046006786741	0.660924788104509	0.205814952898593	0.375291082277413	1	0.609738768117874	1	NA	"abundance"	60	59
"NODE_574_length_2544_cov_6.745279"	"PrePostFVT"	"During"	"PrePostFVTDuring"	0.683729998799305	0.499759010635779	0.871697545752762	0.834881239752401	1	0.00351098993844921	0.215875763704008	NA	"abundance"	60	22
"NODE_574_length_2544_cov_6.745279"	"PrePostFVT"	"Post"	"PrePostFVTPost"	0.415951348607037	0.660924788104509	0.830328841160152	0.771378728864034	1	0.0295375586492347	0.590751172984693	NA	"abundance"	60	22
"NODE_58_length_8379_cov_10.701225"	"PrePostFVT"	"During"	"PrePostFVTDuring"	0.521303573085513	0.499759010635779	0.359278717604443	0.95230041556162	1	0.95230041556162	1	NA	"abundance"	60	58
"NODE_58_length_8379_cov_10.701225"	"PrePostFVT"	"Post"	"PrePostFVTPost"	0.780899934614095	0.660924788104509	0.258391440144092	0.655097810342247	1	0.881042479569287	1	NA	"abundance"	60	58
"NODE_6_length_52607_cov_9.933057|provirus_1_41423"	"PrePostFVT"	"During"	"PrePostFVTDuring"	0.742138421615803	0.499759010635779	0.483824435830454	0.618019288197202	1	0.618019288197202	1	NA	"abundance"	60	60
"NODE_60_length_2998_cov_5.003058"	"PrePostFVT"	"During"	"PrePostFVTDuring"	0.379283264455008	0.499759010635779	0.652447246485223	0.857531728884025	1	0.853355557079374	1	NA	"abundance"	60	12
"NODE_60_length_2998_cov_5.003058"	"PrePostFVT"	"Post"	"PrePostFVTPost"	0.84711844798764	0.660924788104509	0.505383463983231	0.723350066168799	1	0.923464814111192	1	NA	"abundance"	60	12
"NODE_609_length_1276_cov_3.526618"	"PrePostFVT"	"During"	"PrePostFVTDuring"	-0.875848533373588	0.499759010635779	1.18501359646392	0.289311720086703	1	0.494922168793879	1	NA	"abundance"	60	9
"NODE_609_length_1276_cov_3.526618"	"PrePostFVT"	"Post"	"PrePostFVTPost"	-0.810591859194841	0.660924788104509	0.790009064309279	0.11273324509824	1	0.2127577056461	1	NA	"abundance"	60	9
"NODE_61_length_2911_cov_3.802871"	"PrePostFVT"	"During"	"PrePostFVTDuring"	-0.243837502234395	0.499759010635779	0.613510487640959	0.233160323752419	1	0.411956910932505	1	NA	"abundance"	60	48
"NODE_610_length_2856_cov_7.730096"	"PrePostFVT"	"During"	"PrePostFVTDuring"	0.421237808938426	0.499759010635779	0.247265924041197	0.754022253422657	1	0.939494948188732	1	NA	"abundance"	60	59
"NODE_610_length_2856_cov_7.730096"	"PrePostFVT"	"Post"	"PrePostFVTPost"	0.53841138584367	0.660924788104509	0.176722936282253	0.523083659459682	1	0.772550804125632	1	NA	"abundance"	60	59
"NODE_64_length_3411_cov_6.318534"	"PrePostFVT"	"Post"	"PrePostFVTPost"	0.645687174298628	0.660924788104509	0.386972827952876	0.969157289875286	1	0.93151226144787	1	NA	"abundance"	60	33
"NODE_683_length_3765_cov_14.952830"	"PrePostFVT"	"During"	"PrePostFVTDuring"	-0.703644416056588	0.499759010635779	0.946578982729443	0.221499657234088	1	0.0459674699959958	0.724116907235282	NA	"abundance"	60	20
"NODE_683_length_3765_cov_14.952830"	"PrePostFVT"	"Post"	"PrePostFVTPost"	-0.740238138690556	0.660924788104509	0.876361848233173	0.129932744007483	1	0.0229016153117244	0.549638767481386	NA	"abundance"	60	20
"NODE_77_length_21821_cov_12.298861"	"PrePostFVT"	"During"	"PrePostFVTDuring"	0.526155217875125	0.499759010635779	0.291710568626619	0.928536399934908	1	0.994892953865737	1	NA	"abundance"	60	59
"NODE_77_length_21821_cov_12.298861"	"PrePostFVT"	"Post"	"PrePostFVTPost"	0.694218450252337	0.660924788104509	0.207829441186211	0.880028822618829	1	0.985606916597776	1	NA	"abundance"	60	59
"NODE_788_length_3026_cov_16.785594"	"PrePostFVT"	"Post"	"PrePostFVTPost"	1.29695982812645	0.660924788104509	0.40707897221066	0.169415179079957	1	0.310128855257221	1	NA	"abundance"	60	11
"NODE_796_length_2326_cov_4.740643"	"PrePostFVT"	"During"	"PrePostFVTDuring"	0.544214710017122	0.499759010635779	0.372270955042909	0.905372813871125	1	0.991045695645331	1	NA	"abundance"	60	59
"NODE_796_length_2326_cov_4.740643"	"PrePostFVT"	"Post"	"PrePostFVTPost"	0.744337206648414	0.660924788104509	0.265231880631838	0.761606544683405	1	0.943168560462215	1	NA	"abundance"	60	59
"NODE_86_length_11713_cov_9.597701"	"PrePostFVT"	"During"	"PrePostFVTDuring"	0.538698712595269	0.499759010635779	0.314429197741042	0.901835875637673	1	0.990363804688178	1	NA	"abundance"	60	59
"NODE_86_length_11713_cov_9.597701"	"PrePostFVT"	"Post"	"PrePostFVTPost"	0.771817258583585	0.660924788104509	0.224015347701689	0.63942092951257	1	0.869982733926421	1	NA	"abundance"	60	59
"NODE_86_length_2103_cov_4.534668"	"PrePostFVT"	"During"	"PrePostFVTDuring"	0.256068878980493	0.499759010635779	0.909617237715596	0.795733139911468	1	0.851575166722704	1	NA	"abundance"	60	10
"NODE_86_length_2103_cov_4.534668"	"PrePostFVT"	"Post"	"PrePostFVTPost"	-0.19922044204354	0.660924788104509	0.687381334900228	0.253194198652394	1	0.167368349667609	1	NA	"abundance"	60	10
"NODE_87_length_8976_cov_56.443896"	"PrePostFVT"	"During"	"PrePostFVTDuring"	0.138104268467438	0.499759010635779	0.768686524889231	0.641030407794199	1	0.0163524303171126	0.44582620752871	NA	"abundance"	60	31
"NODE_87_length_8976_cov_56.443896"	"PrePostFVT"	"Post"	"PrePostFVTPost"	-0.588296416249146	0.660924788104509	0.698812940807019	0.086759408846097	1	0.0118250069897896	0.356028236627935	NA	"abundance"	60	31
"NODE_89_length_20874_cov_10.217782|provirus_3_14193"	"PrePostFVT"	"During"	"PrePostFVTDuring"	0.49043704257674	0.499759010635779	0.259682898271526	0.971648756504088	1	0.996464205528869	1	NA	"abundance"	60	59
"NODE_89_length_20874_cov_10.217782|provirus_3_14193"	"PrePostFVT"	"Post"	"PrePostFVTPost"	0.558988753004307	0.660924788104509	0.185011300370357	0.607175333199522	1	0.845688781153094	1	NA	"abundance"	60	59
"NODE_90_length_6946_cov_17.086490"	"PrePostFVT"	"During"	"PrePostFVTDuring"	0.246860319800346	0.499759010635779	0.535771243029627	0.64867407338133	1	0.876570093285533	1	NA	"abundance"	60	16
"NODE_90_length_6946_cov_17.086490"	"PrePostFVT"	"Post"	"PrePostFVTPost"	0.875139742605576	0.660924788104509	0.437535198925833	0.638639615853494	1	0.86941867276949	1	NA	"abundance"	60	16
"NODE_92_length_5324_cov_4.625546"	"PrePostFVT"	"During"	"PrePostFVTDuring"	0.513291843486807	0.499759010635779	0.280045473831195	0.961756632258672	1	0.996464205528869	1	NA	"abundance"	60	59
"NODE_92_length_5324_cov_4.625546"	"PrePostFVT"	"Post"	"PrePostFVTPost"	0.604790825927039	0.660924788104509	0.199518634539298	0.790804517849399	1	0.956237250247778	1	NA	"abundance"	60	59
"NODE_95_length_4316_cov_6.475006"	"PrePostFVT"	"During"	"PrePostFVTDuring"	0.355531542113408	0.499759010635779	0.436857923792059	0.777709311458112	1	0.479516191860833	1	NA	"abundance"	60	10
"NODE_95_length_4316_cov_6.475006"	"PrePostFVT"	"Post"	"PrePostFVTPost"	-0.203645301702251	0.660924788104509	0.378511128890986	0.224154994450619	1	0.398064527364081	1	NA	"abundance"	60	10
"NODE_95_length_4885_cov_5.471014"	"PrePostFVT"	"During"	"PrePostFVTDuring"	0.183040527865822	0.499759010635779	0.638796943599146	0.626223140304713	1	0.17153128354779	1	NA	"abundance"	60	22
"NODE_95_length_6809_cov_5.090613"	"PrePostFVT"	"During"	"PrePostFVTDuring"	0.505364920067118	0.499759010635779	0.333796799955962	0.986626369673532	1	0.996464205528869	1	NA	"abundance"	60	59
"NODE_95_length_6809_cov_5.090613"	"PrePostFVT"	"Post"	"PrePostFVTPost"	0.742378476622213	0.660924788104509	0.237813812270163	0.743210780092263	1	0.934059296539176	1	NA	"abundance"	60	59
"NODE_100_length_4590_cov_4.473870"	"PrePostFVT"	"During"	"PrePostFVTDuring"	13.8855808978517	0	218.94362544566	0.94943142088632	1	0.94943142088632	1	NA	"prevalence"	60	12
"NODE_100_length_4590_cov_4.473870"	"PrePostFVT"	"Post"	"PrePostFVTPost"	13.6894886234771	0	218.941140916601	0.950144048925276	1	0.950144048925276	1	NA	"prevalence"	60	12
"NODE_1002_length_2557_cov_4.365308"	"PrePostFVT"	"During"	"PrePostFVTDuring"	12.1689843839101	0	218.956525278305	0.955678650793735	1	0.955678650793735	1	NA	"prevalence"	60	8
"NODE_1002_length_2557_cov_4.365308"	"PrePostFVT"	"Post"	"PrePostFVTPost"	13.6364869511104	0	218.948677485151	0.950338533819396	1	0.950338533819396	1	NA	"prevalence"	60	8
"NODE_103_length_5550_cov_4.847862"	"PrePostFVT"	"During"	"PrePostFVTDuring"	-0.425678645892678	0	193.485498928218	0.998244611884038	1	0.998244611884038	1	NA	"prevalence"	60	3
"NODE_103_length_5550_cov_4.847862"	"PrePostFVT"	"Post"	"PrePostFVTPost"	10.1906906762374	0	90.3871684664472	0.910232817094838	1	0.910232817094838	1	NA	"prevalence"	60	3
"NODE_1058_length_1702_cov_11.257438"	"PrePostFVT"	"During"	"PrePostFVTDuring"	-0.447381128141752	0	1.28196496271132	0.72710374151878	1	0.925527632106951	1	NA	"prevalence"	60	11
"NODE_1058_length_1702_cov_11.257438"	"PrePostFVT"	"Post"	"PrePostFVTPost"	0.141150933260527	0	0.837823510506866	0.866210907859736	1	0.682528486377725	1	NA	"prevalence"	60	11
"NODE_1066_length_1997_cov_3.636457"	"PrePostFVT"	"During"	"PrePostFVTDuring"	-0.34612627542735	0	307.279706462267	0.999101246365959	1	0.999101246365959	1	NA	"prevalence"	60	4
"NODE_1066_length_1997_cov_3.636457"	"PrePostFVT"	"Post"	"PrePostFVTPost"	11.3770063609068	0	152.094736751593	0.940372167526936	1	0.940372167526936	1	NA	"prevalence"	60	4
"NODE_108_length_10157_cov_5.808553"	"PrePostFVT"	"During"	"PrePostFVTDuring"	14.0811373195086	0	243.929941323825	0.953966760675374	1	0.953966760675374	1	NA	"prevalence"	60	8
"NODE_108_length_10157_cov_5.808553"	"PrePostFVT"	"Post"	"PrePostFVTPost"	13.9750043535882	0	243.928602039479	0.954313092974931	1	0.954313092974931	1	NA	"prevalence"	60	8
"NODE_1092_length_2437_cov_5.010495"	"PrePostFVT"	"During"	"PrePostFVTDuring"	11.6044675352549	0	167.787972773672	0.94486106987429	1	0.94486106987429	1	NA	"prevalence"	60	6
"NODE_1092_length_2437_cov_5.010495"	"PrePostFVT"	"Post"	"PrePostFVTPost"	12.6526387723124	0	167.781290380174	0.939887309622395	1	0.939887309622395	1	NA	"prevalence"	60	6
"NODE_11_length_39896_cov_9.556763"	"PrePostFVT"	"During"	"PrePostFVTDuring"	1.00881061347155	0	0.902779357131828	0.263802051580329	1	0.458012580742668	1	NA	"prevalence"	60	24
"NODE_11_length_39896_cov_9.556763"	"PrePostFVT"	"Post"	"PrePostFVTPost"	-0.241193787001694	0	0.639669248902926	0.706128900163197	1	0.765194578528673	1	NA	"prevalence"	60	24
"NODE_1112_length_1822_cov_14.345218"	"PrePostFVT"	"During"	"PrePostFVTDuring"	-12.3711446367791	0	836.0968311091	0.988194686570304	1	0.988194686570304	1	NA	"prevalence"	60	10
"NODE_1112_length_1822_cov_14.345218"	"PrePostFVT"	"Post"	"PrePostFVTPost"	0.891188031861047	0	0.919829556132298	0.332613977652224	1	0.0624036822034229	0.809561282639	NA	"prevalence"	60	10
"NODE_113_length_10116_cov_5.796044"	"PrePostFVT"	"During"	"PrePostFVTDuring"	10.7819462629026	0	122.850213656584	0.930063474056258	1	0.930063474056258	1	NA	"prevalence"	60	5
"NODE_113_length_10116_cov_5.796044"	"PrePostFVT"	"Post"	"PrePostFVTPost"	10.7339143952434	0	122.844705627232	0.930371122540983	1	0.930371122540983	1	NA	"prevalence"	60	5
"NODE_1137_length_1786_cov_5.545350"	"PrePostFVT"	"During"	"PrePostFVTDuring"	10.7819462629026	0	122.850213656584	0.930063474056258	1	0.930063474056258	1	NA	"prevalence"	60	4
"NODE_1137_length_1786_cov_5.545350"	"PrePostFVT"	"Post"	"PrePostFVTPost"	10.7339143952434	0	122.844705627232	0.930371122540983	1	0.930371122540983	1	NA	"prevalence"	60	4
"NODE_1139_length_1111_cov_3.319129"	"PrePostFVT"	"During"	"PrePostFVTDuring"	-6.27522040549659e-10	0	3.37312016984482	0.999999999851565	1	0.999999999851565	1	NA	"prevalence"	60	2
"NODE_1139_length_1111_cov_3.319129"	"PrePostFVT"	"Post"	"PrePostFVTPost"	1.70689584680134	0	1.98861667682295	0.390708465540287	1	0.390708465540287	1	NA	"prevalence"	60	2
"NODE_1141_length_2592_cov_5.759953"	"PrePostFVT"	"During"	"PrePostFVTDuring"	10.7819462629026	0	122.850213656584	0.930063474056258	1	0.930063474056258	1	NA	"prevalence"	60	4
"NODE_1141_length_2592_cov_5.759953"	"PrePostFVT"	"Post"	"PrePostFVTPost"	10.7339143952434	0	122.844705627232	0.930371122540983	1	0.930371122540983	1	NA	"prevalence"	60	4
"NODE_1160_length_1730_cov_4.363582"	"PrePostFVT"	"During"	"PrePostFVTDuring"	11.2804025426502	0	106.618428864952	0.915739751083142	1	0.915739751083142	1	NA	"prevalence"	60	5
"NODE_1160_length_1730_cov_4.363582"	"PrePostFVT"	"Post"	"PrePostFVTPost"	10.3169963268951	0	106.615679003452	0.922910560208292	1	0.922910560208292	1	NA	"prevalence"	60	5
"NODE_1163_length_2339_cov_4.031086"	"PrePostFVT"	"During"	"PrePostFVTDuring"	-0.204868425253105	0	291.672038876321	0.999439571442314	1	0.999439571442314	1	NA	"prevalence"	60	3
"NODE_1163_length_2339_cov_4.031086"	"PrePostFVT"	"Post"	"PrePostFVTPost"	11.0262121473896	0	147.234563913695	0.940303229246901	1	0.940303229246901	1	NA	"prevalence"	60	3
"NODE_1177_length_1098_cov_3.402685"	"PrePostFVT"	"During"	"PrePostFVTDuring"	0.451928749167474	0	0.856600234217789	0.597787961765627	1	0.838225476299351	1	NA	"prevalence"	60	20
"NODE_1177_length_1098_cov_3.402685"	"PrePostFVT"	"Post"	"PrePostFVTPost"	-0.693177728022042	0	0.649671931357204	0.285987282497373	1	0.187100442316946	1	NA	"prevalence"	60	20
"NODE_118_length_14212_cov_7.809423"	"PrePostFVT"	"Post"	"PrePostFVTPost"	9.47945436290107	0	60.1232293991591	0.874719137829618	1	0.939988212517083	1	NA	"prevalence"	60	58
"NODE_119_length_6127_cov_11.754282"	"PrePostFVT"	"During"	"PrePostFVTDuring"	8.78401863379623	0	117.757125045995	0.940537453206819	1	0.977840113957473	1	NA	"prevalence"	60	59
"NODE_119_length_6127_cov_11.754282"	"PrePostFVT"	"Post"	"PrePostFVTPost"	14.4188037317632	0	1136.03559251557	0.989873352486437	1	0.910992605134544	1	NA	"prevalence"	60	59
"NODE_120_length_4708_cov_5.977649"	"PrePostFVT"	"During"	"PrePostFVTDuring"	8.78401863379623	0	117.757125045995	0.940537453206819	1	0.975811319769322	1	NA	"prevalence"	60	59
"NODE_120_length_4708_cov_5.977649"	"PrePostFVT"	"Post"	"PrePostFVTPost"	14.4188037317632	0	1136.03559251557	0.989873352486437	1	0.999396976607106	1	NA	"prevalence"	60	59
"NODE_122_length_9714_cov_6.792939"	"PrePostFVT"	"During"	"PrePostFVTDuring"	8.78401863379623	0	117.757125045995	0.940537453206819	1	0.996464205528869	1	NA	"prevalence"	60	59
"NODE_122_length_9714_cov_6.792939"	"PrePostFVT"	"Post"	"PrePostFVTPost"	14.4188037317632	0	1136.03559251557	0.989873352486437	1	0.927103952669808	1	NA	"prevalence"	60	59
"NODE_123_length_9427_cov_5.265578"	"PrePostFVT"	"During"	"PrePostFVTDuring"	10.7819462629026	0	122.850213656584	0.930063474056258	1	0.930063474056258	1	NA	"prevalence"	60	4
"NODE_123_length_9427_cov_5.265578"	"PrePostFVT"	"Post"	"PrePostFVTPost"	10.7339143952434	0	122.844705627232	0.930371122540983	1	0.930371122540983	1	NA	"prevalence"	60	4
"NODE_1237_length_1290_cov_3.002429"	"PrePostFVT"	"During"	"PrePostFVTDuring"	12.4709714115761	0	65.6758439850058	0.849397889333503	1	0.849397889333503	1	NA	"prevalence"	60	13
"NODE_1237_length_1290_cov_3.002429"	"PrePostFVT"	"Post"	"PrePostFVTPost"	11.8756139702026	0	65.6640575242718	0.856482098205787	1	0.856482098205787	1	NA	"prevalence"	60	13
"NODE_125_length_3140_cov_7.146191"	"PrePostFVT"	"Post"	"PrePostFVTPost"	9.47945436290107	0	60.1232293991591	0.874719137829618	1	0.778737296231289	1	NA	"prevalence"	60	58
"NODE_1251_length_1529_cov_3.742877"	"PrePostFVT"	"During"	"PrePostFVTDuring"	12.6710236258077	0	271.920557583945	0.962833422408228	1	0.962833422408228	1	NA	"prevalence"	60	3
"NODE_1251_length_1529_cov_3.742877"	"PrePostFVT"	"Post"	"PrePostFVTPost"	11.9832453673014	0	271.919439542142	0.964849322317752	1	0.964849322317752	1	NA	"prevalence"	60	3
"NODE_128_length_6828_cov_9.355825"	"PrePostFVT"	"Post"	"PrePostFVTPost"	9.47945436290107	0	60.1232293991591	0.874719137829618	1	0.893885240686924	1	NA	"prevalence"	60	58
"NODE_129_length_9271_cov_6.849284"	"PrePostFVT"	"During"	"PrePostFVTDuring"	10.7819462629026	0	122.850213656584	0.930063474056258	1	0.930063474056258	1	NA	"prevalence"	60	5
"NODE_129_length_9271_cov_6.849284"	"PrePostFVT"	"Post"	"PrePostFVTPost"	10.7339143952434	0	122.844705627232	0.930371122540983	1	0.930371122540983	1	NA	"prevalence"	60	5
"NODE_1300_length_1059_cov_4.740040"	"PrePostFVT"	"During"	"PrePostFVTDuring"	10.4298279136247	0	92.765177479262	0.910480426760563	1	0.910480426760563	1	NA	"prevalence"	60	5
"NODE_1300_length_1059_cov_4.740040"	"PrePostFVT"	"Post"	"PrePostFVTPost"	10.8762809250305	0	92.7590985973933	0.906659582808361	1	0.906659582808361	1	NA	"prevalence"	60	5
"NODE_132_length_1293_cov_2.933764"	"PrePostFVT"	"During"	"PrePostFVTDuring"	0	0	3.37312882611053	1	1	1	1	NA	"prevalence"	60	2
"NODE_132_length_1293_cov_2.933764"	"PrePostFVT"	"Post"	"PrePostFVTPost"	1.15584655078253	0	2.05762548238113	0.574294497601192	1	0.574294497601192	1	NA	"prevalence"	60	2
"NODE_132_length_23877_cov_12.972546"	"PrePostFVT"	"Post"	"PrePostFVTPost"	0.654359520646006	0	0.659144034321224	0.320836031489465	1	0.538736303877021	1	NA	"prevalence"	60	29
"NODE_1330_length_1362_cov_5.200459"	"PrePostFVT"	"During"	"PrePostFVTDuring"	10.7819462629026	0	122.850213656584	0.930063474056258	1	0.930063474056258	1	NA	"prevalence"	60	4
"NODE_1330_length_1362_cov_5.200459"	"PrePostFVT"	"Post"	"PrePostFVTPost"	10.7339143952434	0	122.844705627232	0.930371122540983	1	0.930371122540983	1	NA	"prevalence"	60	4
"NODE_1333_length_1358_cov_6.930161"	"PrePostFVT"	"During"	"PrePostFVTDuring"	10.7819462629026	0	122.850213656584	0.930063474056258	1	0.930063474056258	1	NA	"prevalence"	60	4
"NODE_1333_length_1358_cov_6.930161"	"PrePostFVT"	"Post"	"PrePostFVTPost"	10.7339143952434	0	122.844705627232	0.930371122540983	1	0.930371122540983	1	NA	"prevalence"	60	4
"NODE_1335_length_2153_cov_3.259771"	"PrePostFVT"	"During"	"PrePostFVTDuring"	10.2370417276344	0	96.0713824403948	0.915140735324269	1	0.915140735324269	1	NA	"prevalence"	60	5
"NODE_1335_length_2153_cov_3.259771"	"PrePostFVT"	"Post"	"PrePostFVTPost"	10.6286026791948	0	96.0666599258028	0.911903581554461	1	0.911903581554461	1	NA	"prevalence"	60	5
"NODE_138_length_9014_cov_6.055698"	"PrePostFVT"	"During"	"PrePostFVTDuring"	13.8893381860962	0	298.732742473715	0.962916361324852	1	0.962916361324852	1	NA	"prevalence"	60	8
"NODE_138_length_9014_cov_6.055698"	"PrePostFVT"	"Post"	"PrePostFVTPost"	12.839438747158	0	298.73202364619	0.965717646597495	1	0.965717646597495	1	NA	"prevalence"	60	8
"NODE_139_length_11886_cov_12.290001"	"PrePostFVT"	"Post"	"PrePostFVTPost"	9.47945436290107	0	60.1232293991591	0.874719137829618	1	0.868120083956392	1	NA	"prevalence"	60	58
"NODE_14_length_39779_cov_26.175284"	"PrePostFVT"	"During"	"PrePostFVTDuring"	-14.323099693703	0	765.25582162674	0.985067068327158	1	0.985067068327158	1	NA	"prevalence"	60	5
"NODE_14_length_39779_cov_26.175284"	"PrePostFVT"	"Post"	"PrePostFVTPost"	-12.0368178270358	0	126.396096166199	0.92413140277727	1	0.92413140277727	1	NA	"prevalence"	60	5
"NODE_1402_length_1241_cov_6.408938"	"PrePostFVT"	"During"	"PrePostFVTDuring"	12.6710236258077	0	271.920557583945	0.962833422408228	1	0.962833422408228	1	NA	"prevalence"	60	3
"NODE_1402_length_1241_cov_6.408938"	"PrePostFVT"	"Post"	"PrePostFVTPost"	11.9832453673014	0	271.919439542142	0.964849322317752	1	0.964849322317752	1	NA	"prevalence"	60	3
"NODE_1418_length_1220_cov_6.109871"	"PrePostFVT"	"During"	"PrePostFVTDuring"	-0.45960838275496	0	523.369941653154	0.999299320888923	1	0.999299320888923	1	NA	"prevalence"	60	6
"NODE_1418_length_1220_cov_6.109871"	"PrePostFVT"	"Post"	"PrePostFVTPost"	12.7323609783114	0	237.357638096676	0.957220317791296	1	0.957220317791296	1	NA	"prevalence"	60	6
"NODE_143_length_8727_cov_4.679889"	"PrePostFVT"	"During"	"PrePostFVTDuring"	-0.00262624746715964	0	3.82873207434829	0.999452705986764	1	0.999452705986764	1	NA	"prevalence"	60	5
"NODE_143_length_8727_cov_4.679889"	"PrePostFVT"	"Post"	"PrePostFVTPost"	2.7953928399029	0	2.17588713614952	0.198892216288192	1	0.198892216288192	1	NA	"prevalence"	60	5
"NODE_148_length_1529_cov_3.214383"	"PrePostFVT"	"During"	"PrePostFVTDuring"	8.78401863379623	0	117.757125045995	0.940537453206819	1	0.996464205528869	1	NA	"prevalence"	60	59
"NODE_148_length_1529_cov_3.214383"	"PrePostFVT"	"Post"	"PrePostFVTPost"	14.4188037317632	0	1136.03559251557	0.989873352486437	1	0.880341158115017	1	NA	"prevalence"	60	59
"NODE_151_length_11622_cov_6.802715"	"PrePostFVT"	"Post"	"PrePostFVTPost"	9.47945436290107	0	60.1232293991591	0.874719137829618	1	0.897423178007611	1	NA	"prevalence"	60	58
"NODE_1526_length_1094_cov_2.713186"	"PrePostFVT"	"During"	"PrePostFVTDuring"	8.92195794532559	0	53.9794991400741	0.868720299986147	1	0.868720299986147	1	NA	"prevalence"	60	3
"NODE_1526_length_1094_cov_2.713186"	"PrePostFVT"	"Post"	"PrePostFVTPost"	8.31370026690318	0	53.9740796931991	0.877585018186518	1	0.877585018186518	1	NA	"prevalence"	60	3
"NODE_153_length_12400_cov_9.887809"	"PrePostFVT"	"During"	"PrePostFVTDuring"	8.78401863379623	0	117.757125045995	0.940537453206819	1	0.996464205528869	1	NA	"prevalence"	60	59
"NODE_153_length_12400_cov_9.887809"	"PrePostFVT"	"Post"	"PrePostFVTPost"	14.4188037317632	0	1136.03559251557	0.989873352486437	1	0.945547057292505	1	NA	"prevalence"	60	59
"NODE_1569_length_1040_cov_2.188832"	"PrePostFVT"	"During"	"PrePostFVTDuring"	0	0	3.37313472107944	1	1	1	1	NA	"prevalence"	60	2
"NODE_1569_length_1040_cov_2.188832"	"PrePostFVT"	"Post"	"PrePostFVTPost"	1.70689584755911	0	1.98862485125469	0.390710413025989	1	0.390710413025989	1	NA	"prevalence"	60	2
"NODE_159_length_14466_cov_7.447367"	"PrePostFVT"	"During"	"PrePostFVTDuring"	11.4384400583056	0	185.421739556189	0.950810678824403	1	0.950810678824403	1	NA	"prevalence"	60	6
"NODE_159_length_14466_cov_7.447367"	"PrePostFVT"	"Post"	"PrePostFVTPost"	12.2075067835568	0	185.419630732291	0.947507450012239	1	0.947507450012239	1	NA	"prevalence"	60	6
"NODE_159_length_3508_cov_4.616276"	"PrePostFVT"	"During"	"PrePostFVTDuring"	-10.5723972816861	0	188.645740193931	0.955307028012218	1	0.955307028012218	1	NA	"prevalence"	60	7
"NODE_159_length_3508_cov_4.616276"	"PrePostFVT"	"Post"	"PrePostFVTPost"	0.281137942817549	0	0.936399096876767	0.763999408425171	1	0.763999408425171	1	NA	"prevalence"	60	7
"NODE_1594_length_1007_cov_7.385504"	"PrePostFVT"	"During"	"PrePostFVTDuring"	-0.204868425253105	0	291.672038876321	0.999439571442314	1	0.999439571442314	1	NA	"prevalence"	60	3
"NODE_1594_length_1007_cov_7.385504"	"PrePostFVT"	"Post"	"PrePostFVTPost"	11.0262121473896	0	147.234563913695	0.940303229246901	1	0.940303229246901	1	NA	"prevalence"	60	3
"NODE_1602_length_1002_cov_4.308342"	"PrePostFVT"	"During"	"PrePostFVTDuring"	12.1448538141587	0	142.53061452259	0.932095443793201	1	0.932095443793201	1	NA	"prevalence"	60	5
"NODE_1602_length_1002_cov_4.308342"	"PrePostFVT"	"Post"	"PrePostFVTPost"	11.1220441075218	0	142.527417231834	0.937800674545317	1	0.937800674545317	1	NA	"prevalence"	60	5
"NODE_1604_length_1116_cov_1.593779"	"PrePostFVT"	"During"	"PrePostFVTDuring"	-0.0442616887474003	0	6.6716774010498	0.994706659674314	1	0.994706659674314	1	NA	"prevalence"	60	5
"NODE_1604_length_1116_cov_1.593779"	"PrePostFVT"	"Post"	"PrePostFVTPost"	3.90262724883082	0	3.54314302742049	0.27069688123329	1	0.27069688123329	1	NA	"prevalence"	60	5
"NODE_1618_length_1147_cov_4.225275"	"PrePostFVT"	"During"	"PrePostFVTDuring"	-13.1974161360351	0	703.105077139064	0.985024434284536	1	0.985024434284536	1	NA	"prevalence"	60	2
"NODE_1657_length_1849_cov_4.321070"	"PrePostFVT"	"During"	"PrePostFVTDuring"	-0.204868425253105	0	291.672038876321	0.999439571442314	1	0.999439571442314	1	NA	"prevalence"	60	3
"NODE_1657_length_1849_cov_4.321070"	"PrePostFVT"	"Post"	"PrePostFVTPost"	11.0262121473896	0	147.234563913695	0.940303229246901	1	0.940303229246901	1	NA	"prevalence"	60	3
"NODE_175_length_2545_cov_8.803614"	"PrePostFVT"	"Post"	"PrePostFVTPost"	-0.114985076686919	0	0.735152953710115	0.875710066325496	1	0.0965516600252163	1	NA	"prevalence"	60	17
"NODE_175_length_8062_cov_4.755589"	"PrePostFVT"	"During"	"PrePostFVTDuring"	11.1710829448902	0	148.386678678095	0.939989071995527	1	0.939989071995527	1	NA	"prevalence"	60	7
"NODE_175_length_8062_cov_4.755589"	"PrePostFVT"	"Post"	"PrePostFVTPost"	12.1399450265896	0	148.383327673375	0.934794025688857	1	0.934794025688857	1	NA	"prevalence"	60	7
"NODE_177_length_3368_cov_6.261093"	"PrePostFVT"	"During"	"PrePostFVTDuring"	8.78401863379623	0	117.757125045995	0.940537453206819	1	0.610294250977492	1	NA	"prevalence"	60	59
"NODE_177_length_3368_cov_6.261093"	"PrePostFVT"	"Post"	"PrePostFVTPost"	14.4188037317632	0	1136.03559251557	0.989873352486437	1	0.721458436498832	1	NA	"prevalence"	60	59
"NODE_177_length_5120_cov_13.319842"	"PrePostFVT"	"During"	"PrePostFVTDuring"	10.5265533177361	0	55.9921198627639	0.850876164199293	1	0.0983651713920587	1	NA	"prevalence"	60	42
"NODE_177_length_6844_cov_8.175725"	"PrePostFVT"	"During"	"PrePostFVTDuring"	8.78401863379623	0	117.757125045995	0.940537453206819	1	0.836140097047815	1	NA	"prevalence"	60	59
"NODE_177_length_6844_cov_8.175725"	"PrePostFVT"	"Post"	"PrePostFVTPost"	14.4188037317632	0	1136.03559251557	0.989873352486437	1	0.999482902150611	1	NA	"prevalence"	60	59
"NODE_178_length_5905_cov_7.559658"	"PrePostFVT"	"Post"	"PrePostFVTPost"	9.47945436290107	0	60.1232293991591	0.874719137829618	1	0.896280992582122	1	NA	"prevalence"	60	58
"NODE_1843_length_1674_cov_4.292156"	"PrePostFVT"	"During"	"PrePostFVTDuring"	11.6044675352549	0	167.787972773672	0.94486106987429	1	0.94486106987429	1	NA	"prevalence"	60	6
"NODE_1843_length_1674_cov_4.292156"	"PrePostFVT"	"Post"	"PrePostFVTPost"	12.6526387723124	0	167.781290380174	0.939887309622395	1	0.939887309622395	1	NA	"prevalence"	60	6
"NODE_189_length_5422_cov_4.826533"	"PrePostFVT"	"During"	"PrePostFVTDuring"	11.9162159510187	0	91.7330010689114	0.896644689464095	1	0.896644689464095	1	NA	"prevalence"	60	13
"NODE_189_length_5422_cov_4.826533"	"PrePostFVT"	"Post"	"PrePostFVTPost"	11.9786800231948	0	91.727472015161	0.896099744787968	1	0.896099744787968	1	NA	"prevalence"	60	13
"NODE_190_length_3286_cov_3.972764"	"PrePostFVT"	"During"	"PrePostFVTDuring"	8.78401863379623	0	117.757125045995	0.940537453206819	1	0.982185587611964	1	NA	"prevalence"	60	59
"NODE_190_length_3286_cov_3.972764"	"PrePostFVT"	"Post"	"PrePostFVTPost"	14.4188037317632	0	1136.03559251557	0.989873352486437	1	0.977280006181114	1	NA	"prevalence"	60	59
"NODE_192_length_7497_cov_5.865493"	"PrePostFVT"	"During"	"PrePostFVTDuring"	10.7819462629026	0	122.850213656584	0.930063474056258	1	0.930063474056258	1	NA	"prevalence"	60	5
"NODE_192_length_7497_cov_5.865493"	"PrePostFVT"	"Post"	"PrePostFVTPost"	10.7339143952434	0	122.844705627232	0.930371122540983	1	0.930371122540983	1	NA	"prevalence"	60	5
"NODE_195_length_14931_cov_7.812718"	"PrePostFVT"	"During"	"PrePostFVTDuring"	-0.204868425253105	0	291.672038876321	0.999439571442314	1	0.999439571442314	1	NA	"prevalence"	60	3
"NODE_195_length_14931_cov_7.812718"	"PrePostFVT"	"Post"	"PrePostFVTPost"	11.0262121473896	0	147.234563913695	0.940303229246901	1	0.940303229246901	1	NA	"prevalence"	60	3
"NODE_197_length_4114_cov_4.814240"	"PrePostFVT"	"Post"	"PrePostFVTPost"	9.47945436290107	0	60.1232293991591	0.874719137829618	1	0.971791077065698	1	NA	"prevalence"	60	58
"NODE_1972_length_1543_cov_3.204973"	"PrePostFVT"	"During"	"PrePostFVTDuring"	11.3176856326125	0	198.455354522861	0.954522193535185	1	0.954522193535185	1	NA	"prevalence"	60	5
"NODE_1972_length_1543_cov_3.204973"	"PrePostFVT"	"Post"	"PrePostFVTPost"	11.4303114476409	0	198.452688356069	0.954069511092368	1	0.954069511092368	1	NA	"prevalence"	60	5
"NODE_1982_length_1539_cov_2.719677"	"PrePostFVT"	"During"	"PrePostFVTDuring"	12.1706685395195	0	219.629593746641	0.955808228236939	1	0.955808228236939	1	NA	"prevalence"	60	3
"NODE_1982_length_1539_cov_2.719677"	"PrePostFVT"	"Post"	"PrePostFVTPost"	11.527208546589	0	219.626190045568	0.958141782890927	1	0.958141782890927	1	NA	"prevalence"	60	3
"NODE_200_length_14535_cov_12.284669"	"PrePostFVT"	"During"	"PrePostFVTDuring"	-4.69122914603269	0	13.6441494005277	0.730976272994777	1	0.730976272994777	1	NA	"prevalence"	60	6
"NODE_200_length_14535_cov_12.284669"	"PrePostFVT"	"Post"	"PrePostFVTPost"	1.13318929193965	0	1.18639363788402	0.339499541654675	1	0.339499541654675	1	NA	"prevalence"	60	6
"NODE_213_length_6728_cov_11.658025"	"PrePostFVT"	"During"	"PrePostFVTDuring"	8.78401863379623	0	117.757125045995	0.940537453206819	1	0.0173496364951213	0.44582620752871	NA	"prevalence"	60	59
"NODE_213_length_6728_cov_11.658025"	"PrePostFVT"	"Post"	"PrePostFVTPost"	14.4188037317632	0	1136.03559251557	0.989873352486437	1	0.035101502876267	0.673948855224325	NA	"prevalence"	60	59
"NODE_214_length_7019_cov_3.884262"	"PrePostFVT"	"During"	"PrePostFVTDuring"	-0.204868425253105	0	291.672038876321	0.999439571442314	1	0.999439571442314	1	NA	"prevalence"	60	3
"NODE_214_length_7019_cov_3.884262"	"PrePostFVT"	"Post"	"PrePostFVTPost"	11.0262121473896	0	147.234563913695	0.940303229246901	1	0.940303229246901	1	NA	"prevalence"	60	3
"NODE_218_length_3127_cov_11.034180"	"PrePostFVT"	"During"	"PrePostFVTDuring"	0	0	3.37312577373991	1	1	1	1	NA	"prevalence"	60	3
"NODE_218_length_3127_cov_11.034180"	"PrePostFVT"	"Post"	"PrePostFVTPost"	2.08234794959657	0	1.95871530789893	0.287727875631017	1	0.287727875631017	1	NA	"prevalence"	60	3
"NODE_222_length_3349_cov_3.116576"	"PrePostFVT"	"During"	"PrePostFVTDuring"	12.0485614386814	0	137.309237040893	0.930077254738667	1	0.930077254738667	1	NA	"prevalence"	60	5
"NODE_222_length_3349_cov_3.116576"	"PrePostFVT"	"Post"	"PrePostFVTPost"	11.0262245319646	0	137.305983968527	0.935995449174752	1	0.935995449174752	1	NA	"prevalence"	60	5
"NODE_229_length_4253_cov_7.022868"	"PrePostFVT"	"Post"	"PrePostFVTPost"	9.47945436290107	0	60.1232293991591	0.874719137829618	1	0.984304705573846	1	NA	"prevalence"	60	58
"NODE_232_length_3576_cov_2.910821"	"PrePostFVT"	"During"	"PrePostFVTDuring"	-0.186639857758045	0	9.13924288673131	0.983706887709791	1	0.983706887709791	1	NA	"prevalence"	60	5
"NODE_232_length_3576_cov_2.910821"	"PrePostFVT"	"Post"	"PrePostFVTPost"	4.40427716004016	0	4.55897054321782	0.334009979512061	1	0.334009979512061	1	NA	"prevalence"	60	5
"NODE_232_length_3859_cov_5.182177"	"PrePostFVT"	"Post"	"PrePostFVTPost"	9.47945436290107	0	60.1232293991591	0.874719137829618	1	0.86002904486634	1	NA	"prevalence"	60	58
"NODE_233_length_5621_cov_11.496407"	"PrePostFVT"	"Post"	"PrePostFVTPost"	9.47945436290107	0	60.1232293991591	0.874719137829618	1	0.984304705573846	1	NA	"prevalence"	60	58
"NODE_237_length_12145_cov_5.998925"	"PrePostFVT"	"During"	"PrePostFVTDuring"	2.26771363193183	0	1.98457637967272	0.253176102990486	1	0.253176102990486	1	NA	"prevalence"	60	7
"NODE_237_length_12145_cov_5.998925"	"PrePostFVT"	"Post"	"PrePostFVTPost"	2.7422258278843	0	1.7878892983372	0.125084200567766	1	0.125084200567766	1	NA	"prevalence"	60	7
"NODE_24_length_29177_cov_10.095976"	"PrePostFVT"	"During"	"PrePostFVTDuring"	-0.0972376835059526	0	43.7436484368251	0.998226385194748	1	0.998226385194748	1	NA	"prevalence"	60	3
"NODE_24_length_29177_cov_10.095976"	"PrePostFVT"	"Post"	"PrePostFVTPost"	7.00167924704103	0	23.1302489789259	0.762113460271928	1	0.762113460271928	1	NA	"prevalence"	60	3
"NODE_241_length_6412_cov_5.785433"	"PrePostFVT"	"Post"	"PrePostFVTPost"	9.47945436290107	0	60.1232293991591	0.874719137829618	1	0.984304705573846	1	NA	"prevalence"	60	58
"NODE_242_length_11721_cov_8.904937"	"PrePostFVT"	"During"	"PrePostFVTDuring"	10.7819462629026	0	122.850213656584	0.930063474056258	1	0.930063474056258	1	NA	"prevalence"	60	4
"NODE_242_length_11721_cov_8.904937"	"PrePostFVT"	"Post"	"PrePostFVTPost"	10.7339143952434	0	122.844705627232	0.930371122540983	1	0.930371122540983	1	NA	"prevalence"	60	4
"NODE_245_length_2989_cov_21.227676"	"PrePostFVT"	"During"	"PrePostFVTDuring"	11.1933481208665	0	68.8090296235319	0.870776171633235	1	0.870776171633235	1	NA	"prevalence"	60	19
"NODE_245_length_2989_cov_21.227676"	"PrePostFVT"	"Post"	"PrePostFVTPost"	11.9743065283852	0	68.8062466011322	0.861842394421299	1	0.861842394421299	1	NA	"prevalence"	60	19
"NODE_245_length_4271_cov_6.865038"	"PrePostFVT"	"During"	"PrePostFVTDuring"	15.7015397217674	0	241.360332679712	0.948130726279386	1	0.948130726279386	1	NA	"prevalence"	60	18
"NODE_245_length_4271_cov_6.865038"	"PrePostFVT"	"Post"	"PrePostFVTPost"	14.1104906877617	0	241.35935604327	0.953380168237181	1	0.953380168237181	1	NA	"prevalence"	60	18
"NODE_25_length_64430_cov_10.074175"	"PrePostFVT"	"During"	"PrePostFVTDuring"	1.72485648753947	0	1.42014936349308	0.224533985854863	1	0.224533985854863	1	NA	"prevalence"	60	14
"NODE_25_length_64430_cov_10.074175"	"PrePostFVT"	"Post"	"PrePostFVTPost"	1.52013406908452	0	0.977802785718058	0.12003116239015	1	0.12003116239015	1	NA	"prevalence"	60	14
"NODE_254_length_4664_cov_6.991972"	"PrePostFVT"	"During"	"PrePostFVTDuring"	15.0958108709329	0	1295.27253988565	0.990701229747143	1	0.999015208890019	1	NA	"prevalence"	60	57
"NODE_254_length_4664_cov_6.991972"	"PrePostFVT"	"Post"	"PrePostFVTPost"	9.47945436290107	0	60.1232293991591	0.874719137829618	1	0.977345860317834	1	NA	"prevalence"	60	57
"NODE_2561_length_1148_cov_4.252516"	"PrePostFVT"	"During"	"PrePostFVTDuring"	0	0	3.37312153698259	1	1	1	1	NA	"prevalence"	60	3
"NODE_2561_length_1148_cov_4.252516"	"PrePostFVT"	"Post"	"PrePostFVTPost"	2.08234794958855	0	1.95871312114891	0.287727337455579	1	0.287727337455579	1	NA	"prevalence"	60	3
"NODE_258_length_11005_cov_11.339087"	"PrePostFVT"	"During"	"PrePostFVTDuring"	0.0140764362305839	0	260.1339965147	0.999956824670037	1	0.999956824670037	1	NA	"prevalence"	60	4
"NODE_258_length_11005_cov_11.339087"	"PrePostFVT"	"Post"	"PrePostFVTPost"	11.392453083097	0	148.213611839609	0.938730866976599	1	0.938730866976599	1	NA	"prevalence"	60	4
"NODE_262_length_4295_cov_8.188443"	"PrePostFVT"	"During"	"PrePostFVTDuring"	8.78401863379623	0	117.757125045995	0.940537453206819	1	0.996464205528869	1	NA	"prevalence"	60	59
"NODE_262_length_4295_cov_8.188443"	"PrePostFVT"	"Post"	"PrePostFVTPost"	14.4188037317632	0	1136.03559251557	0.989873352486437	1	0.710876539005277	1	NA	"prevalence"	60	59
"NODE_267_length_4368_cov_4.549038"	"PrePostFVT"	"Post"	"PrePostFVTPost"	9.47945436290107	0	60.1232293991591	0.874719137829618	1	0.932073747865173	1	NA	"prevalence"	60	58
"NODE_269_length_5610_cov_6.458146"	"PrePostFVT"	"Post"	"PrePostFVTPost"	9.47945436290107	0	60.1232293991591	0.874719137829618	1	0.984304705573846	1	NA	"prevalence"	60	58
"NODE_2697_length_1221_cov_3.032590"	"PrePostFVT"	"During"	"PrePostFVTDuring"	2.2292889323832	0	2.13749381236085	0.296973669315264	1	0.296973669315264	1	NA	"prevalence"	60	5
"NODE_2697_length_1221_cov_3.032590"	"PrePostFVT"	"Post"	"PrePostFVTPost"	2.55664681078373	0	1.93839945173702	0.187186716368999	1	0.187186716368999	1	NA	"prevalence"	60	5
"NODE_273_length_3857_cov_5.688059"	"PrePostFVT"	"During"	"PrePostFVTDuring"	3.0702310557019	0	1.98456754091635	0.12185047961389	1	0.12185047961389	1	NA	"prevalence"	60	10
"NODE_273_length_3857_cov_5.688059"	"PrePostFVT"	"Post"	"PrePostFVTPost"	3.04103618016095	0	1.86131881671355	0.102299329226445	1	0.102299329226445	1	NA	"prevalence"	60	10
"NODE_273_length_5592_cov_9.036662"	"PrePostFVT"	"During"	"PrePostFVTDuring"	8.78401863379623	0	117.757125045995	0.940537453206819	1	0.867300994562969	1	NA	"prevalence"	60	59
"NODE_273_length_5592_cov_9.036662"	"PrePostFVT"	"Post"	"PrePostFVTPost"	14.4188037317632	0	1136.03559251557	0.989873352486437	1	0.836243385441292	1	NA	"prevalence"	60	59
"NODE_275_length_3206_cov_5.058077"	"PrePostFVT"	"During"	"PrePostFVTDuring"	8.78401863379623	0	117.757125045995	0.940537453206819	1	0.976518255216919	1	NA	"prevalence"	60	59
"NODE_275_length_3206_cov_5.058077"	"PrePostFVT"	"Post"	"PrePostFVTPost"	14.4188037317632	0	1136.03559251557	0.989873352486437	1	0.744334255970591	1	NA	"prevalence"	60	59
"NODE_278_length_4850_cov_6.859437"	"PrePostFVT"	"During"	"PrePostFVTDuring"	9.81585798549731	0	199.392897613951	0.960737020325096	1	0.919072290758121	1	NA	"prevalence"	60	58
"NODE_2801_length_1020_cov_1.739896"	"PrePostFVT"	"During"	"PrePostFVTDuring"	-0.270737833831174	0	173.517031783631	0.998755064861537	1	0.998755064861537	1	NA	"prevalence"	60	3
"NODE_2801_length_1020_cov_1.739896"	"PrePostFVT"	"Post"	"PrePostFVTPost"	10.293140958365	0	84.3953922212805	0.902928079663927	1	0.902928079663927	1	NA	"prevalence"	60	3
"NODE_288_length_2524_cov_4.504253"	"PrePostFVT"	"During"	"PrePostFVTDuring"	2.25012674677172e-09	0	3.57239318160345	0.99999999949744	1	0.99999999949744	1	NA	"prevalence"	60	8
"NODE_288_length_2524_cov_4.504253"	"PrePostFVT"	"Post"	"PrePostFVTPost"	3.20885577829585	0	2.02580171604234	0.11319530748969	1	0.11319530748969	1	NA	"prevalence"	60	8
"NODE_288_length_3117_cov_4.919334"	"PrePostFVT"	"During"	"PrePostFVTDuring"	8.78401863379623	0	117.757125045995	0.940537453206819	1	0.914483841901801	1	NA	"prevalence"	60	59
"NODE_288_length_3117_cov_4.919334"	"PrePostFVT"	"Post"	"PrePostFVTPost"	14.4188037317632	0	1136.03559251557	0.989873352486437	1	0.731376602631952	1	NA	"prevalence"	60	59
"NODE_288_length_9630_cov_6.355091"	"PrePostFVT"	"During"	"PrePostFVTDuring"	2.26771363193183	0	1.98457637967272	0.253176102990486	1	0.253176102990486	1	NA	"prevalence"	60	6
"NODE_288_length_9630_cov_6.355091"	"PrePostFVT"	"Post"	"PrePostFVTPost"	2.7422258278843	0	1.7878892983372	0.125084200567766	1	0.125084200567766	1	NA	"prevalence"	60	6
"NODE_290_length_9204_cov_6.434583"	"PrePostFVT"	"During"	"PrePostFVTDuring"	0.0140764362305839	0	260.1339965147	0.999956824670037	1	0.999956824670037	1	NA	"prevalence"	60	4
"NODE_290_length_9204_cov_6.434583"	"PrePostFVT"	"Post"	"PrePostFVTPost"	11.392453083097	0	148.213611839609	0.938730866976599	1	0.938730866976599	1	NA	"prevalence"	60	4
"NODE_292_length_9196_cov_7.239689"	"PrePostFVT"	"During"	"PrePostFVTDuring"	0.0140764362305839	0	260.1339965147	0.999956824670037	1	0.999956824670037	1	NA	"prevalence"	60	4
"NODE_292_length_9196_cov_7.239689"	"PrePostFVT"	"Post"	"PrePostFVTPost"	11.392453083097	0	148.213611839609	0.938730866976599	1	0.938730866976599	1	NA	"prevalence"	60	4
"NODE_296_length_5686_cov_7.089682"	"PrePostFVT"	"During"	"PrePostFVTDuring"	10.7819462629026	0	122.850213656584	0.930063474056258	1	0.930063474056258	1	NA	"prevalence"	60	4
"NODE_296_length_5686_cov_7.089682"	"PrePostFVT"	"Post"	"PrePostFVTPost"	10.7339143952434	0	122.844705627232	0.930371122540983	1	0.930371122540983	1	NA	"prevalence"	60	4
"NODE_300_length_3718_cov_3.746929"	"PrePostFVT"	"During"	"PrePostFVTDuring"	2.45726527435582	0	1.54794484304942	0.112413652794854	1	0.112413652794854	1	NA	"prevalence"	60	8
"NODE_300_length_3718_cov_3.746929"	"PrePostFVT"	"Post"	"PrePostFVTPost"	1.27954076862009	0	1.2063525760706	0.288840357351776	1	0.288840357351776	1	NA	"prevalence"	60	8
"NODE_300_length_9459_cov_5.827201"	"PrePostFVT"	"During"	"PrePostFVTDuring"	10.4298279136247	0	92.765177479262	0.910480426760563	1	0.910480426760563	1	NA	"prevalence"	60	6
"NODE_300_length_9459_cov_5.827201"	"PrePostFVT"	"Post"	"PrePostFVTPost"	10.8762809250305	0	92.7590985973933	0.906659582808361	1	0.906659582808361	1	NA	"prevalence"	60	6
"NODE_302_length_9348_cov_5.759927"	"PrePostFVT"	"During"	"PrePostFVTDuring"	10.7819462629026	0	122.850213656584	0.930063474056258	1	0.930063474056258	1	NA	"prevalence"	60	5
"NODE_302_length_9348_cov_5.759927"	"PrePostFVT"	"Post"	"PrePostFVTPost"	10.7339143952434	0	122.844705627232	0.930371122540983	1	0.930371122540983	1	NA	"prevalence"	60	5
"NODE_305_length_3981_cov_5.865003"	"PrePostFVT"	"During"	"PrePostFVTDuring"	8.78401863379623	0	117.757125045995	0.940537453206819	1	0.711512074003229	1	NA	"prevalence"	60	59
"NODE_305_length_3981_cov_5.865003"	"PrePostFVT"	"Post"	"PrePostFVTPost"	14.4188037317632	0	1136.03559251557	0.989873352486437	1	0.378954481057312	1	NA	"prevalence"	60	59
"NODE_311_length_5522_cov_4.831352"	"PrePostFVT"	"During"	"PrePostFVTDuring"	10.7819462629026	0	122.850213656584	0.930063474056258	1	0.930063474056258	1	NA	"prevalence"	60	4
"NODE_311_length_5522_cov_4.831352"	"PrePostFVT"	"Post"	"PrePostFVTPost"	10.7339143952434	0	122.844705627232	0.930371122540983	1	0.930371122540983	1	NA	"prevalence"	60	4
"NODE_3156_length_1065_cov_1.976238"	"PrePostFVT"	"During"	"PrePostFVTDuring"	-6.27522040549659e-10	0	3.37312016984482	0.999999999851565	1	0.999999999851565	1	NA	"prevalence"	60	2
"NODE_3156_length_1065_cov_1.976238"	"PrePostFVT"	"Post"	"PrePostFVTPost"	1.70689584680134	0	1.98861667682295	0.390708465540287	1	0.390708465540287	1	NA	"prevalence"	60	2
"NODE_317_length_5453_cov_5.264172"	"PrePostFVT"	"During"	"PrePostFVTDuring"	-0.204868425253105	0	291.672038876321	0.999439571442314	1	0.999439571442314	1	NA	"prevalence"	60	4
"NODE_317_length_5453_cov_5.264172"	"PrePostFVT"	"Post"	"PrePostFVTPost"	11.0262121473896	0	147.234563913695	0.940303229246901	1	0.940303229246901	1	NA	"prevalence"	60	4
"NODE_323_length_4578_cov_5.801017"	"PrePostFVT"	"During"	"PrePostFVTDuring"	0.273006963518977	0	1.28636672530089	0.831926782399002	1	0.971751393525248	1	NA	"prevalence"	60	52
"NODE_324_length_2965_cov_3.493471"	"PrePostFVT"	"During"	"PrePostFVTDuring"	8.78401863379623	0	117.757125045995	0.940537453206819	1	0.996464205528869	1	NA	"prevalence"	60	59
"NODE_324_length_2965_cov_3.493471"	"PrePostFVT"	"Post"	"PrePostFVTPost"	14.4188037317632	0	1136.03559251557	0.989873352486437	1	0.966356379022732	1	NA	"prevalence"	60	59
"NODE_325_length_3998_cov_5.391326"	"PrePostFVT"	"During"	"PrePostFVTDuring"	13.6948583492935	0	724.077726695067	0.984910094308328	1	0.92611524354058	1	NA	"prevalence"	60	55
"NODE_326_length_8493_cov_5.620763"	"PrePostFVT"	"During"	"PrePostFVTDuring"	-0.204868425253105	0	291.672038876321	0.999439571442314	1	0.999439571442314	1	NA	"prevalence"	60	3
"NODE_326_length_8493_cov_5.620763"	"PrePostFVT"	"Post"	"PrePostFVTPost"	11.0262121473896	0	147.234563913695	0.940303229246901	1	0.940303229246901	1	NA	"prevalence"	60	3
"NODE_33_length_19553_cov_14.475280"	"PrePostFVT"	"During"	"PrePostFVTDuring"	-12.0160295054316	0	405.574692338369	0.976364397970536	1	0.976364397970536	1	NA	"prevalence"	60	2
"NODE_33_length_19553_cov_14.475280"	"PrePostFVT"	"Post"	"PrePostFVTPost"	-13.9540558737061	0	568.026902382704	0.98040126978817	1	0.98040126978817	1	NA	"prevalence"	60	2
"NODE_33_length_20543_cov_23.775820"	"PrePostFVT"	"During"	"PrePostFVTDuring"	-10.6929335420621	0	325.862349418716	0.973822702380353	1	0.973822702380353	1	NA	"prevalence"	60	3
"NODE_33_length_20543_cov_23.775820"	"PrePostFVT"	"Post"	"PrePostFVTPost"	-0.498488316562845	0	1.44728853412574	0.730523592254555	1	0.730523592254555	1	NA	"prevalence"	60	3
"NODE_34_length_33299_cov_21.331338"	"PrePostFVT"	"During"	"PrePostFVTDuring"	-16.6199872105621	0	1295.88058714715	0.989767214820848	1	0.989767214820848	1	NA	"prevalence"	60	6
"NODE_34_length_33299_cov_21.331338"	"PrePostFVT"	"Post"	"PrePostFVTPost"	-14.6078901298654	0	398.026747198355	0.970723590626178	1	0.970723590626178	1	NA	"prevalence"	60	6
"NODE_34_length_57407_cov_132.823685"	"PrePostFVT"	"During"	"PrePostFVTDuring"	11.7161403034229	0	181.032916955906	0.948398302304741	1	0.76210711783906	1	NA	"prevalence"	60	50
"NODE_34_length_57407_cov_132.823685"	"PrePostFVT"	"Post"	"PrePostFVTPost"	0.865964887719974	0	0.761224752024086	0.255289955951623	1	0.010701486819778	0.356028236627935	NA	"prevalence"	60	50
"NODE_343_length_4498_cov_9.510241"	"PrePostFVT"	"During"	"PrePostFVTDuring"	8.78401863379623	0	117.757125045995	0.940537453206819	1	0.991318036990822	1	NA	"prevalence"	60	59
"NODE_343_length_4498_cov_9.510241"	"PrePostFVT"	"Post"	"PrePostFVTPost"	14.4188037317632	0	1136.03559251557	0.989873352486437	1	0.531720664561668	1	NA	"prevalence"	60	59
"NODE_343_length_5040_cov_8.169910"	"PrePostFVT"	"Post"	"PrePostFVTPost"	9.47945436290107	0	60.1232293991591	0.874719137829618	1	0.973557266616525	1	NA	"prevalence"	60	58
"NODE_345_length_4313_cov_34.753875"	"PrePostFVT"	"During"	"PrePostFVTDuring"	13.2840170935132	0	209.02391859122	0.949326461383945	1	0.258932113694469	1	NA	"prevalence"	60	48
"NODE_345_length_4313_cov_34.753875"	"PrePostFVT"	"Post"	"PrePostFVTPost"	0.870091065579022	0	0.704959375468858	0.217112426266437	1	0.00171686989026761	0.16481950946569	NA	"prevalence"	60	48
"NODE_347_length_5164_cov_4.719906"	"PrePostFVT"	"During"	"PrePostFVTDuring"	-0.204868425253105	0	291.672038876321	0.999439571442314	1	0.999439571442314	1	NA	"prevalence"	60	3
"NODE_347_length_5164_cov_4.719906"	"PrePostFVT"	"Post"	"PrePostFVTPost"	11.0262121473896	0	147.234563913695	0.940303229246901	1	0.940303229246901	1	NA	"prevalence"	60	3
"NODE_348_length_3842_cov_3.545287"	"PrePostFVT"	"During"	"PrePostFVTDuring"	-0.204868425253105	0	291.672038876321	0.999439571442314	1	0.999439571442314	1	NA	"prevalence"	60	4
"NODE_348_length_3842_cov_3.545287"	"PrePostFVT"	"Post"	"PrePostFVTPost"	11.0262121473896	0	147.234563913695	0.940303229246901	1	0.940303229246901	1	NA	"prevalence"	60	4
"NODE_352_length_7789_cov_6.120636"	"PrePostFVT"	"During"	"PrePostFVTDuring"	10.7819462629026	0	122.850213656584	0.930063474056258	1	0.930063474056258	1	NA	"prevalence"	60	5
"NODE_352_length_7789_cov_6.120636"	"PrePostFVT"	"Post"	"PrePostFVTPost"	10.7339143952434	0	122.844705627232	0.930371122540983	1	0.930371122540983	1	NA	"prevalence"	60	5
"NODE_355_length_1201_cov_1.719895"	"PrePostFVT"	"During"	"PrePostFVTDuring"	-12.269743291268	0	469.972918072617	0.979171721689264	1	0.979171721689264	1	NA	"prevalence"	60	2
"NODE_36_length_24676_cov_54.263556"	"PrePostFVT"	"During"	"PrePostFVTDuring"	1.74378108815423	0	1.03169609113965	0.0909881496237093	1	0.170922335825665	1	NA	"prevalence"	60	29
"NODE_36_length_24676_cov_54.263556"	"PrePostFVT"	"Post"	"PrePostFVTPost"	0.453227613732463	0	0.645853794015345	0.482835361776697	1	0.0118676078875978	0.356028236627935	NA	"prevalence"	60	29
"NODE_36_length_49500_cov_28.060916"	"PrePostFVT"	"During"	"PrePostFVTDuring"	-0.346666120330141	0	1.02979259091226	0.736390683625962	1	0.930510128320812	1	NA	"prevalence"	60	25
"NODE_36_length_49500_cov_28.060916"	"PrePostFVT"	"Post"	"PrePostFVTPost"	0.780736621593264	0	0.679078699479208	0.250267550940087	1	0.437901254826625	1	NA	"prevalence"	60	25
"NODE_363_length_1005_cov_2.015789"	"PrePostFVT"	"During"	"PrePostFVTDuring"	12.2930057890204	0	111.196172625836	0.911971280803248	1	0.911971280803248	1	NA	"prevalence"	60	3
"NODE_363_length_1005_cov_2.015789"	"PrePostFVT"	"Post"	"PrePostFVTPost"	9.34733195834478	0	111.222528708456	0.933023266013325	1	0.933023266013325	1	NA	"prevalence"	60	3
"NODE_366_length_3628_cov_5.400784"	"PrePostFVT"	"During"	"PrePostFVTDuring"	8.78401863379623	0	117.757125045995	0.940537453206819	1	0.962999824677118	1	NA	"prevalence"	60	59
"NODE_366_length_3628_cov_5.400784"	"PrePostFVT"	"Post"	"PrePostFVTPost"	14.4188037317632	0	1136.03559251557	0.989873352486437	1	0.999897451010136	1	NA	"prevalence"	60	59
"NODE_367_length_3982_cov_6.343519"	"PrePostFVT"	"During"	"PrePostFVTDuring"	15.0958108709329	0	1295.27253988565	0.990701229747143	1	0.942692850858415	1	NA	"prevalence"	60	57
"NODE_367_length_3982_cov_6.343519"	"PrePostFVT"	"Post"	"PrePostFVTPost"	9.47945436290107	0	60.1232293991591	0.874719137829618	1	0.974115069613436	1	NA	"prevalence"	60	57
"NODE_374_length_4296_cov_9.283660"	"PrePostFVT"	"During"	"PrePostFVTDuring"	-13.1974161360351	0	703.105077139064	0.985024434284536	1	0.985024434284536	1	NA	"prevalence"	60	2
"NODE_378_length_7249_cov_5.952043"	"PrePostFVT"	"During"	"PrePostFVTDuring"	10.7819462629026	0	122.850213656584	0.930063474056258	1	0.930063474056258	1	NA	"prevalence"	60	5
"NODE_378_length_7249_cov_5.952043"	"PrePostFVT"	"Post"	"PrePostFVTPost"	10.7339143952434	0	122.844705627232	0.930371122540983	1	0.930371122540983	1	NA	"prevalence"	60	5
"NODE_38_length_40434_cov_66.147750"	"PrePostFVT"	"During"	"PrePostFVTDuring"	16.5916497731273	0	1747.08311949454	0.992422786267237	1	0.640265797069175	1	NA	"prevalence"	60	46
"NODE_38_length_40434_cov_66.147750"	"PrePostFVT"	"Post"	"PrePostFVTPost"	0.891751517473393	0	0.655432701650446	0.173654708939627	1	0.139032065522518	1	NA	"prevalence"	60	46
"NODE_383_length_1007_cov_2.172269"	"PrePostFVT"	"During"	"PrePostFVTDuring"	0	0	3.37313472107944	1	1	1	1	NA	"prevalence"	60	3
"NODE_383_length_1007_cov_2.172269"	"PrePostFVT"	"Post"	"PrePostFVTPost"	1.70689584755911	0	1.98862485125469	0.390710413025989	1	0.390710413025989	1	NA	"prevalence"	60	3
"NODE_39_length_18186_cov_5.820032|provirus_3_8483"	"PrePostFVT"	"During"	"PrePostFVTDuring"	12.6492668838399	0	129.412334868795	0.922135651803563	1	0.922135651803563	1	NA	"prevalence"	60	8
"NODE_39_length_18186_cov_5.820032|provirus_3_8483"	"PrePostFVT"	"Post"	"PrePostFVTPost"	12.7841825961869	0	129.409369609686	0.921306045577469	1	0.921306045577469	1	NA	"prevalence"	60	8
"NODE_39_length_40881_cov_40.497820"	"PrePostFVT"	"During"	"PrePostFVTDuring"	1.52651679307967	0	1.09547741327714	0.16347719162765	1	0.300229591072836	1	NA	"prevalence"	60	13
"NODE_39_length_40881_cov_40.497820"	"PrePostFVT"	"Post"	"PrePostFVTPost"	-0.203219641179548	0	0.842942643022971	0.809490328590597	1	0.555908832937734	1	NA	"prevalence"	60	13
"NODE_390_length_2119_cov_3.486919"	"PrePostFVT"	"During"	"PrePostFVTDuring"	-10.3788388036508	0	264.397742347378	0.968687368912904	1	0.968687368912904	1	NA	"prevalence"	60	2
"NODE_390_length_2119_cov_3.486919"	"PrePostFVT"	"Post"	"PrePostFVTPost"	-0.499025423015926	0	1.4472601733306	0.730239478306641	1	0.730239478306641	1	NA	"prevalence"	60	2
"NODE_393_length_7059_cov_5.831239"	"PrePostFVT"	"During"	"PrePostFVTDuring"	0.0140764362305839	0	260.1339965147	0.999956824670037	1	0.999956824670037	1	NA	"prevalence"	60	4
"NODE_393_length_7059_cov_5.831239"	"PrePostFVT"	"Post"	"PrePostFVTPost"	11.392453083097	0	148.213611839609	0.938730866976599	1	0.938730866976599	1	NA	"prevalence"	60	4
"NODE_40_length_5207_cov_6.427601"	"PrePostFVT"	"During"	"PrePostFVTDuring"	13.8790346383725	0	436.635413361195	0.974642453140611	1	0.827225621144479	1	NA	"prevalence"	60	43
"NODE_40_length_5207_cov_6.427601"	"PrePostFVT"	"Post"	"PrePostFVTPost"	0.921984608515333	0	0.642892210195355	0.151538007203877	1	0.280112246780432	1	NA	"prevalence"	60	43
"NODE_40_length_6349_cov_5.400381"	"PrePostFVT"	"During"	"PrePostFVTDuring"	-11.4934715307512	0	312.322810333989	0.970644494191459	1	0.970644494191459	1	NA	"prevalence"	60	5
"NODE_40_length_6349_cov_5.400381"	"PrePostFVT"	"Post"	"PrePostFVTPost"	0.810342454879286	0	1.23484596502316	0.511676416174825	1	0.511676416174825	1	NA	"prevalence"	60	5
"NODE_407_length_6756_cov_5.908073"	"PrePostFVT"	"During"	"PrePostFVTDuring"	10.4298279136247	0	92.765177479262	0.910480426760563	1	0.910480426760563	1	NA	"prevalence"	60	5
"NODE_407_length_6756_cov_5.908073"	"PrePostFVT"	"Post"	"PrePostFVTPost"	10.8762809250305	0	92.7590985973933	0.906659582808361	1	0.906659582808361	1	NA	"prevalence"	60	5
"NODE_41_length_39188_cov_6.935476"	"PrePostFVT"	"Post"	"PrePostFVTPost"	9.47945436290107	0	60.1232293991591	0.874719137829618	1	0.984304705573846	1	NA	"prevalence"	60	58
"NODE_410_length_6624_cov_5.894961"	"PrePostFVT"	"During"	"PrePostFVTDuring"	10.7819462629026	0	122.850213656584	0.930063474056258	1	0.930063474056258	1	NA	"prevalence"	60	5
"NODE_410_length_6624_cov_5.894961"	"PrePostFVT"	"Post"	"PrePostFVTPost"	10.7339143952434	0	122.844705627232	0.930371122540983	1	0.930371122540983	1	NA	"prevalence"	60	5
"NODE_411_length_6617_cov_5.361932"	"PrePostFVT"	"During"	"PrePostFVTDuring"	14.1310670847251	0	303.618532963748	0.962878119201042	1	0.962878119201042	1	NA	"prevalence"	60	7
"NODE_411_length_6617_cov_5.361932"	"PrePostFVT"	"Post"	"PrePostFVTPost"	13.5389338479567	0	303.617809352603	0.964432497096042	1	0.964432497096042	1	NA	"prevalence"	60	7
"NODE_42_length_32475_cov_10.695774"	"PrePostFVT"	"During"	"PrePostFVTDuring"	1.45754689435072e-14	0	25.9269811282818	1	1	1	1	NA	"prevalence"	60	2
"NODE_42_length_32475_cov_10.695774"	"PrePostFVT"	"Post"	"PrePostFVTPost"	1.23867166549938e-14	0	18.3088217038378	1	1	1	1	NA	"prevalence"	60	2
"NODE_42_length_36164_cov_8.737212"	"PrePostFVT"	"During"	"PrePostFVTDuring"	-0.694699473334613	0	1.21342683242864	0.56697624654204	1	0.371512807876941	1	NA	"prevalence"	60	11
"NODE_42_length_36164_cov_8.737212"	"PrePostFVT"	"Post"	"PrePostFVTPost"	-0.905281747100634	0	0.835333206838635	0.278481296126887	1	0.479410759961263	1	NA	"prevalence"	60	11
"NODE_424_length_6351_cov_6.127382"	"PrePostFVT"	"During"	"PrePostFVTDuring"	10.7819462629026	0	122.850213656584	0.930063474056258	1	0.930063474056258	1	NA	"prevalence"	60	4
"NODE_424_length_6351_cov_6.127382"	"PrePostFVT"	"Post"	"PrePostFVTPost"	10.7339143952434	0	122.844705627232	0.930371122540983	1	0.930371122540983	1	NA	"prevalence"	60	4
"NODE_427_length_2990_cov_4.285179"	"PrePostFVT"	"Post"	"PrePostFVTPost"	9.47945436290107	0	60.1232293991591	0.874719137829618	1	0.984304705573846	1	NA	"prevalence"	60	58
"NODE_428_length_2744_cov_4.066567"	"PrePostFVT"	"Post"	"PrePostFVTPost"	9.47945436290107	0	60.1232293991591	0.874719137829618	1	0.984304705573846	1	NA	"prevalence"	60	58
"NODE_449_length_3548_cov_7.859147"	"PrePostFVT"	"During"	"PrePostFVTDuring"	10.7201966982195	0	314.150624792852	0.972777963820206	1	0.758869980117383	1	NA	"prevalence"	60	58
"NODE_45_length_21147_cov_17.779585"	"PrePostFVT"	"Post"	"PrePostFVTPost"	0.198274817149173	0	0.616669607093879	0.747812420359876	1	0.334102430700284	1	NA	"prevalence"	60	32
"NODE_457_length_3322_cov_6.401286"	"PrePostFVT"	"During"	"PrePostFVTDuring"	8.78401863379623	0	117.757125045995	0.940537453206819	1	0.961018413538165	1	NA	"prevalence"	60	59
"NODE_457_length_3322_cov_6.401286"	"PrePostFVT"	"Post"	"PrePostFVTPost"	14.4188037317632	0	1136.03559251557	0.989873352486437	1	0.970937164661986	1	NA	"prevalence"	60	59
"NODE_46_length_10952_cov_58.511425"	"PrePostFVT"	"During"	"PrePostFVTDuring"	-0.182334783270974	0	3.26999104450185	0.955532980585278	1	0.955532980585278	1	NA	"prevalence"	60	17
"NODE_46_length_17325_cov_94.922409"	"PrePostFVT"	"During"	"PrePostFVTDuring"	-1.38313649442169	0	1.16777016462167	0.236244761331081	1	0.236244761331081	1	NA	"prevalence"	60	11
"NODE_463_length_6011_cov_5.344023"	"PrePostFVT"	"During"	"PrePostFVTDuring"	-0.204868425253105	0	291.672038876321	0.999439571442314	1	0.999439571442314	1	NA	"prevalence"	60	3
"NODE_463_length_6011_cov_5.344023"	"PrePostFVT"	"Post"	"PrePostFVTPost"	11.0262121473896	0	147.234563913695	0.940303229246901	1	0.940303229246901	1	NA	"prevalence"	60	3
"NODE_468_length_3043_cov_5.770080"	"PrePostFVT"	"Post"	"PrePostFVTPost"	9.47945436290107	0	60.1232293991591	0.874719137829618	1	0.764290218216322	1	NA	"prevalence"	60	58
"NODE_469_length_2568_cov_8.139276"	"PrePostFVT"	"During"	"PrePostFVTDuring"	13.1555947192313	0	699.201516406859	0.984988552826873	1	0.894998825662615	1	NA	"prevalence"	60	57
"NODE_469_length_2568_cov_8.139276"	"PrePostFVT"	"Post"	"PrePostFVTPost"	1.37042078963	0	1.23076244370195	0.265505324400393	1	0.460517571515828	1	NA	"prevalence"	60	57
"NODE_473_length_5913_cov_6.271594"	"PrePostFVT"	"During"	"PrePostFVTDuring"	0.0140764362305839	0	260.1339965147	0.999956824670037	1	0.999956824670037	1	NA	"prevalence"	60	4
"NODE_473_length_5913_cov_6.271594"	"PrePostFVT"	"Post"	"PrePostFVTPost"	11.392453083097	0	148.213611839609	0.938730866976599	1	0.938730866976599	1	NA	"prevalence"	60	4
"NODE_474_length_5910_cov_4.933732"	"PrePostFVT"	"During"	"PrePostFVTDuring"	11.6044675352549	0	167.787972773672	0.94486106987429	1	0.94486106987429	1	NA	"prevalence"	60	7
"NODE_474_length_5910_cov_4.933732"	"PrePostFVT"	"Post"	"PrePostFVTPost"	12.6526387723124	0	167.781290380174	0.939887309622395	1	0.939887309622395	1	NA	"prevalence"	60	7
"NODE_475_length_2865_cov_5.508185"	"PrePostFVT"	"During"	"PrePostFVTDuring"	21.1863091327443	0	5213.67055151539	0.996757719486201	1	0.996757719486201	1	NA	"prevalence"	60	17
"NODE_475_length_2865_cov_5.508185"	"PrePostFVT"	"Post"	"PrePostFVTPost"	19.3957114118831	0	5213.67050294924	0.997031745106118	1	0.997031745106118	1	NA	"prevalence"	60	17
"NODE_48_length_39392_cov_13.718484"	"PrePostFVT"	"Post"	"PrePostFVTPost"	9.47945436290107	0	60.1232293991591	0.874719137829618	1	0.876022533788902	1	NA	"prevalence"	60	58
"NODE_496_length_5396_cov_6.502715"	"PrePostFVT"	"During"	"PrePostFVTDuring"	10.4298279136247	0	92.765177479262	0.910480426760563	1	0.910480426760563	1	NA	"prevalence"	60	6
"NODE_496_length_5396_cov_6.502715"	"PrePostFVT"	"Post"	"PrePostFVTPost"	10.8762809250305	0	92.7590985973933	0.906659582808361	1	0.906659582808361	1	NA	"prevalence"	60	6
"NODE_498_length_2945_cov_4.607612"	"PrePostFVT"	"During"	"PrePostFVTDuring"	8.78401863379623	0	117.757125045995	0.940537453206819	1	0.996464205528869	1	NA	"prevalence"	60	59
"NODE_498_length_2945_cov_4.607612"	"PrePostFVT"	"Post"	"PrePostFVTPost"	14.4188037317632	0	1136.03559251557	0.989873352486437	1	0.927537427256886	1	NA	"prevalence"	60	59
"NODE_500_length_2986_cov_4.587172"	"PrePostFVT"	"Post"	"PrePostFVTPost"	9.47945436290107	0	60.1232293991591	0.874719137829618	1	0.978466688438004	1	NA	"prevalence"	60	58
"NODE_503_length_2600_cov_5.917092"	"PrePostFVT"	"Post"	"PrePostFVTPost"	9.47945436290107	0	60.1232293991591	0.874719137829618	1	0.746420027405283	1	NA	"prevalence"	60	58
"NODE_51_length_4179_cov_5.019641"	"PrePostFVT"	"Post"	"PrePostFVTPost"	9.47945436290107	0	60.1232293991591	0.874719137829618	1	0.984304705573846	1	NA	"prevalence"	60	58
"NODE_511_length_5254_cov_6.137911"	"PrePostFVT"	"During"	"PrePostFVTDuring"	10.7819462629026	0	122.850213656584	0.930063474056258	1	0.930063474056258	1	NA	"prevalence"	60	5
"NODE_511_length_5254_cov_6.137911"	"PrePostFVT"	"Post"	"PrePostFVTPost"	10.7339143952434	0	122.844705627232	0.930371122540983	1	0.930371122540983	1	NA	"prevalence"	60	5
"NODE_512_length_5249_cov_4.816327"	"PrePostFVT"	"During"	"PrePostFVTDuring"	-0.204868425253105	0	291.672038876321	0.999439571442314	1	0.999439571442314	1	NA	"prevalence"	60	3
"NODE_512_length_5249_cov_4.816327"	"PrePostFVT"	"Post"	"PrePostFVTPost"	11.0262121473896	0	147.234563913695	0.940303229246901	1	0.940303229246901	1	NA	"prevalence"	60	3
"NODE_516_length_2143_cov_4.660441"	"PrePostFVT"	"During"	"PrePostFVTDuring"	0.0168414818750692	0	1.37397717901327	0.99022020009274	1	0.99022020009274	1	NA	"prevalence"	60	9
"NODE_516_length_2143_cov_4.660441"	"PrePostFVT"	"Post"	"PrePostFVTPost"	0.761819654339104	0	0.96657808195265	0.430602231565237	1	0.430602231565237	1	NA	"prevalence"	60	9
"NODE_52_length_3512_cov_4.416546"	"PrePostFVT"	"During"	"PrePostFVTDuring"	-10.5191617426693	0	191.814224037964	0.956265643463522	1	0.956265643463522	1	NA	"prevalence"	60	8
"NODE_52_length_3512_cov_4.416546"	"PrePostFVT"	"Post"	"PrePostFVTPost"	0.602575152107	0	0.924126607043798	0.514370035993296	1	0.25918389754579	1	NA	"prevalence"	60	8
"NODE_52_length_35146_cov_146.477501"	"PrePostFVT"	"During"	"PrePostFVTDuring"	-1.34427168558732	0	2.16563519951552	0.534778214494075	1	0.528203861039078	1	NA	"prevalence"	60	33
"NODE_52_length_35146_cov_146.477501"	"PrePostFVT"	"Post"	"PrePostFVTPost"	-3.8107108596783	0	2.57209698024945	0.138457941237627	1	0.257745280983493	1	NA	"prevalence"	60	33
"NODE_521_length_1408_cov_2.277162"	"PrePostFVT"	"During"	"PrePostFVTDuring"	-0.186639857758045	0	9.13924288673131	0.983706887709791	1	0.983706887709791	1	NA	"prevalence"	60	5
"NODE_521_length_1408_cov_2.277162"	"PrePostFVT"	"Post"	"PrePostFVTPost"	4.40427716004016	0	4.55897054321782	0.334009979512061	1	0.334009979512061	1	NA	"prevalence"	60	5
"NODE_536_length_2797_cov_5.823851"	"PrePostFVT"	"During"	"PrePostFVTDuring"	8.78401863379623	0	117.757125045995	0.940537453206819	1	0.964792648837585	1	NA	"prevalence"	60	59
"NODE_536_length_2797_cov_5.823851"	"PrePostFVT"	"Post"	"PrePostFVTPost"	14.4188037317632	0	1136.03559251557	0.989873352486437	1	0.609738768117874	1	NA	"prevalence"	60	59
"NODE_557_length_5115_cov_5.282806"	"PrePostFVT"	"During"	"PrePostFVTDuring"	-1.39516297040073e-09	0	3.37312723565078	0.999999999669986	1	0.999999999669986	1	NA	"prevalence"	60	2
"NODE_557_length_5115_cov_5.282806"	"PrePostFVT"	"Post"	"PrePostFVTPost"	1.70689584554681	0	1.9886303654292	0.390711727423833	1	0.390711727423833	1	NA	"prevalence"	60	2
"NODE_58_length_8379_cov_10.701225"	"PrePostFVT"	"Post"	"PrePostFVTPost"	9.47945436290107	0	60.1232293991591	0.874719137829618	1	0.881042479569287	1	NA	"prevalence"	60	58
"NODE_583_length_2509_cov_2.646699"	"PrePostFVT"	"During"	"PrePostFVTDuring"	0.00650929639626641	0	4.15771162874614	0.998750835690799	1	0.998750835690799	1	NA	"prevalence"	60	7
"NODE_583_length_2509_cov_2.646699"	"PrePostFVT"	"Post"	"PrePostFVTPost"	3.15813737784557	0	2.2627442959259	0.162801504024888	1	0.162801504024888	1	NA	"prevalence"	60	7
"NODE_584_length_3756_cov_5.057822"	"PrePostFVT"	"During"	"PrePostFVTDuring"	-0.204868425253105	0	291.672038876321	0.999439571442314	1	0.999439571442314	1	NA	"prevalence"	60	3
"NODE_584_length_3756_cov_5.057822"	"PrePostFVT"	"Post"	"PrePostFVTPost"	11.0262121473896	0	147.234563913695	0.940303229246901	1	0.940303229246901	1	NA	"prevalence"	60	3
"NODE_586_length_1182_cov_2.115350"	"PrePostFVT"	"During"	"PrePostFVTDuring"	-11.9925914756833	0	573.67275725818	0.983321490238931	1	0.983321490238931	1	NA	"prevalence"	60	2
"NODE_596_length_3718_cov_2.839476"	"PrePostFVT"	"During"	"PrePostFVTDuring"	11.3489817358575	0	109.258698793489	0.917270476045309	1	0.917270476045309	1	NA	"prevalence"	60	9
"NODE_596_length_3718_cov_2.839476"	"PrePostFVT"	"Post"	"PrePostFVTPost"	11.3203583883202	0	109.255607496089	0.917476055713439	1	0.917476055713439	1	NA	"prevalence"	60	9
"NODE_596_length_4704_cov_8.276188"	"PrePostFVT"	"During"	"PrePostFVTDuring"	-10.8073094157249	0	336.690963860246	0.974393417877482	1	0.974393417877482	1	NA	"prevalence"	60	4
"NODE_596_length_4704_cov_8.276188"	"PrePostFVT"	"Post"	"PrePostFVTPost"	0.6737743432195	0	1.19609901638142	0.573223920113672	1	0.573223920113672	1	NA	"prevalence"	60	4
"NODE_598_length_4398_cov_5.399033"	"PrePostFVT"	"During"	"PrePostFVTDuring"	-0.45960838275496	0	523.369941653154	0.999299320888923	1	0.999299320888923	1	NA	"prevalence"	60	5
"NODE_598_length_4398_cov_5.399033"	"PrePostFVT"	"Post"	"PrePostFVTPost"	12.7323609783114	0	237.357638096676	0.957220317791296	1	0.957220317791296	1	NA	"prevalence"	60	5
"NODE_60_length_2998_cov_5.003058"	"PrePostFVT"	"During"	"PrePostFVTDuring"	0.515557414939786	0	1.03106532266905	0.617058172928804	1	0.853355557079374	1	NA	"prevalence"	60	12
"NODE_60_length_2998_cov_5.003058"	"PrePostFVT"	"Post"	"PrePostFVTPost"	0.273330449861422	0	0.779305442507036	0.725786437979717	1	0.923464814111192	1	NA	"prevalence"	60	12
"NODE_609_length_1276_cov_3.526618"	"PrePostFVT"	"During"	"PrePostFVTDuring"	0.0520530310775219	0	1.34533838017733	0.969136426719577	1	0.494922168793879	1	NA	"prevalence"	60	9
"NODE_609_length_1276_cov_3.526618"	"PrePostFVT"	"Post"	"PrePostFVTPost"	0.90595831530948	0	0.92135255451534	0.325463896240243	1	0.2127577056461	1	NA	"prevalence"	60	9
"NODE_61_length_2911_cov_3.802871"	"PrePostFVT"	"During"	"PrePostFVTDuring"	14.2463383089111	0	603.514918958512	0.981167196601896	1	0.411956910932505	1	NA	"prevalence"	60	48
"NODE_61_length_2911_cov_3.802871"	"PrePostFVT"	"Post"	"PrePostFVTPost"	0.8702427997799	0	0.690186489677557	0.20735184549568	1	0.0035979293950668	0.215875763704008	NA	"prevalence"	60	48
"NODE_610_length_2856_cov_7.730096"	"PrePostFVT"	"During"	"PrePostFVTDuring"	8.78401863379623	0	117.757125045995	0.940537453206819	1	0.939494948188732	1	NA	"prevalence"	60	59
"NODE_610_length_2856_cov_7.730096"	"PrePostFVT"	"Post"	"PrePostFVTPost"	14.4188037317632	0	1136.03559251557	0.989873352486437	1	0.772550804125632	1	NA	"prevalence"	60	59
"NODE_612_length_4307_cov_4.113829"	"PrePostFVT"	"During"	"PrePostFVTDuring"	10.7819462629026	0	122.850213656584	0.930063474056258	1	0.930063474056258	1	NA	"prevalence"	60	4
"NODE_612_length_4307_cov_4.113829"	"PrePostFVT"	"Post"	"PrePostFVTPost"	10.7339143952434	0	122.844705627232	0.930371122540983	1	0.930371122540983	1	NA	"prevalence"	60	4
"NODE_618_length_2500_cov_5.937423"	"PrePostFVT"	"During"	"PrePostFVTDuring"	-0.152123929612275	0	0.975701138024375	0.876102052070142	1	0.000375315649663848	0.0450378779596618	NA	"prevalence"	60	20
"NODE_618_length_2500_cov_5.937423"	"PrePostFVT"	"Post"	"PrePostFVTPost"	0.474498791630891	0	0.657389079492865	0.470421795169169	1	3.10199448767283e-05	0.0148895735408296	NA	"prevalence"	60	20
"NODE_62_length_14493_cov_5.859191"	"PrePostFVT"	"During"	"PrePostFVTDuring"	10.7819462629026	0	122.850213656584	0.930063474056258	1	0.930063474056258	1	NA	"prevalence"	60	5
"NODE_62_length_14493_cov_5.859191"	"PrePostFVT"	"Post"	"PrePostFVTPost"	10.7339143952434	0	122.844705627232	0.930371122540983	1	0.930371122540983	1	NA	"prevalence"	60	5
"NODE_632_length_4491_cov_6.169973"	"PrePostFVT"	"During"	"PrePostFVTDuring"	0.0140764362305839	0	260.1339965147	0.999956824670037	1	0.999956824670037	1	NA	"prevalence"	60	4
"NODE_632_length_4491_cov_6.169973"	"PrePostFVT"	"Post"	"PrePostFVTPost"	11.392453083097	0	148.213611839609	0.938730866976599	1	0.938730866976599	1	NA	"prevalence"	60	4
"NODE_636_length_4461_cov_3.897413"	"PrePostFVT"	"During"	"PrePostFVTDuring"	11.1710829448902	0	148.386678678095	0.939989071995527	1	0.939989071995527	1	NA	"prevalence"	60	7
"NODE_636_length_4461_cov_3.897413"	"PrePostFVT"	"Post"	"PrePostFVTPost"	12.1399450265896	0	148.383327673375	0.934794025688857	1	0.934794025688857	1	NA	"prevalence"	60	7
"NODE_638_length_3566_cov_3.047565"	"PrePostFVT"	"During"	"PrePostFVTDuring"	11.4384400583056	0	185.421739556189	0.950810678824403	1	0.950810678824403	1	NA	"prevalence"	60	6
"NODE_638_length_3566_cov_3.047565"	"PrePostFVT"	"Post"	"PrePostFVTPost"	12.2075067835568	0	185.419630732291	0.947507450012239	1	0.947507450012239	1	NA	"prevalence"	60	6
"NODE_64_length_3411_cov_6.318534"	"PrePostFVT"	"Post"	"PrePostFVTPost"	0.200895414564216	0	0.601289600372135	0.738298378774356	1	0.93151226144787	1	NA	"prevalence"	60	33
"NODE_649_length_3541_cov_5.194205"	"PrePostFVT"	"During"	"PrePostFVTDuring"	2.38686729908157	0	1.99285753581932	0.231029563648417	1	0.231029563648417	1	NA	"prevalence"	60	6
"NODE_649_length_3541_cov_5.194205"	"PrePostFVT"	"Post"	"PrePostFVTPost"	2.78452158955609	0	1.78433456155975	0.118632836779104	1	0.118632836779104	1	NA	"prevalence"	60	6
"NODE_65_length_2561_cov_4.647646"	"PrePostFVT"	"During"	"PrePostFVTDuring"	1.00327264618841	0	0.939617684891767	0.285635284184252	1	0.112624925536428	1	NA	"prevalence"	60	29
"NODE_65_length_2561_cov_4.647646"	"PrePostFVT"	"Post"	"PrePostFVTPost"	0.546862611411201	0	0.665251525802193	0.411054775849332	1	0.000345623520530119	0.0450378779596618	NA	"prevalence"	60	29
"NODE_655_length_3520_cov_3.797114"	"PrePostFVT"	"During"	"PrePostFVTDuring"	12.0226923559611	0	252.093714500136	0.961962219155715	1	0.961962219155715	1	NA	"prevalence"	60	7
"NODE_655_length_3520_cov_3.797114"	"PrePostFVT"	"Post"	"PrePostFVTPost"	13.0686427207657	0	252.091814266985	0.958655541131114	1	0.958655541131114	1	NA	"prevalence"	60	7
"NODE_67_length_14209_cov_8.247774"	"PrePostFVT"	"During"	"PrePostFVTDuring"	-11.1775594856834	0	394.139229095923	0.977375490233778	1	0.977375490233778	1	NA	"prevalence"	60	7
"NODE_67_length_14209_cov_8.247774"	"PrePostFVT"	"Post"	"PrePostFVTPost"	1.00060580439353	0	1.16138649836348	0.388928907047169	1	0.388928907047169	1	NA	"prevalence"	60	7
"NODE_684_length_1350_cov_2.419305"	"PrePostFVT"	"During"	"PrePostFVTDuring"	12.5967815201608	0	319.845830081565	0.968584302596638	1	0.968584302596638	1	NA	"prevalence"	60	7
"NODE_684_length_1350_cov_2.419305"	"PrePostFVT"	"Post"	"PrePostFVTPost"	12.9741601724657	0	319.844219249096	0.96764348619681	1	0.96764348619681	1	NA	"prevalence"	60	7
"NODE_71_length_2451_cov_4.832220"	"PrePostFVT"	"During"	"PrePostFVTDuring"	-13.3879406951649	0	873.546317142057	0.987772127463037	1	0.987772127463037	1	NA	"prevalence"	60	2
"NODE_71_length_2451_cov_4.832220"	"PrePostFVT"	"Post"	"PrePostFVTPost"	-14.9849895748351	0	965.741672507935	0.987620072313551	1	0.987620072313551	1	NA	"prevalence"	60	2
"NODE_718_length_3957_cov_7.268324"	"PrePostFVT"	"During"	"PrePostFVTDuring"	11.8823587232865	0	103.443537283935	0.908549699791501	1	0.908549699791501	1	NA	"prevalence"	60	12
"NODE_718_length_3957_cov_7.268324"	"PrePostFVT"	"Post"	"PrePostFVTPost"	11.3318846696229	0	103.44080173194	0.912766689034586	1	0.912766689034586	1	NA	"prevalence"	60	12
"NODE_72_length_5267_cov_4.193975"	"PrePostFVT"	"During"	"PrePostFVTDuring"	16.1204436860618	0	298.743128901714	0.95696632789315	1	0.95696632789315	1	NA	"prevalence"	60	15
"NODE_72_length_5267_cov_4.193975"	"PrePostFVT"	"Post"	"PrePostFVTPost"	14.374180200161	0	298.732039589787	0.961622756016491	1	0.961622756016491	1	NA	"prevalence"	60	15
"NODE_720_length_1472_cov_2.302047"	"PrePostFVT"	"During"	"PrePostFVTDuring"	-1.07860255919992	0	378.240665981019	0.997724731261705	1	0.997724731261705	1	NA	"prevalence"	60	3
"NODE_720_length_1472_cov_2.302047"	"PrePostFVT"	"Post"	"PrePostFVTPost"	10.3777221968766	0	113.078900734892	0.926877467228352	1	0.926877467228352	1	NA	"prevalence"	60	3
"NODE_721_length_3287_cov_5.030322"	"PrePostFVT"	"During"	"PrePostFVTDuring"	-0.0137956734046373	0	168.101537196306	0.999934519606503	1	0.999934519606503	1	NA	"prevalence"	60	5
"NODE_721_length_3287_cov_5.030322"	"PrePostFVT"	"Post"	"PrePostFVTPost"	10.7206626439811	0	91.225278960152	0.90644914392928	1	0.90644914392928	1	NA	"prevalence"	60	5
"NODE_724_length_3495_cov_6.613663"	"PrePostFVT"	"During"	"PrePostFVTDuring"	-0.740822445450854	0	607.317433937346	0.999026718793332	1	0.999026718793332	1	NA	"prevalence"	60	5
"NODE_724_length_3495_cov_6.613663"	"PrePostFVT"	"Post"	"PrePostFVTPost"	13.0226521204737	0	254.07677771768	0.95912249233851	1	0.95912249233851	1	NA	"prevalence"	60	5
"NODE_726_length_3481_cov_4.020432"	"PrePostFVT"	"During"	"PrePostFVTDuring"	-0.204868425253105	0	291.672038876321	0.999439571442314	1	0.999439571442314	1	NA	"prevalence"	60	3
"NODE_726_length_3481_cov_4.020432"	"PrePostFVT"	"Post"	"PrePostFVTPost"	11.0262121473896	0	147.234563913695	0.940303229246901	1	0.940303229246901	1	NA	"prevalence"	60	3
"NODE_738_length_3371_cov_4.189988"	"PrePostFVT"	"During"	"PrePostFVTDuring"	10.7819462629026	0	122.850213656584	0.930063474056258	1	0.930063474056258	1	NA	"prevalence"	60	4
"NODE_738_length_3371_cov_4.189988"	"PrePostFVT"	"Post"	"PrePostFVTPost"	10.7339143952434	0	122.844705627232	0.930371122540983	1	0.930371122540983	1	NA	"prevalence"	60	4
"NODE_74_length_2302_cov_3.058300"	"PrePostFVT"	"During"	"PrePostFVTDuring"	11.33674265677	0	204.803324856874	0.955856211186788	1	0.955856211186788	1	NA	"prevalence"	60	9
"NODE_74_length_2302_cov_3.058300"	"PrePostFVT"	"Post"	"PrePostFVTPost"	12.586285965598	0	204.800797062725	0.950995867691452	1	0.950995867691452	1	NA	"prevalence"	60	9
"NODE_75_length_13779_cov_7.662489|provirus_3931_13575"	"PrePostFVT"	"During"	"PrePostFVTDuring"	14.6835149947264	0	71.7352917568208	0.837814136416337	1	0.837814136416337	1	NA	"prevalence"	60	17
"NODE_75_length_13779_cov_7.662489|provirus_3931_13575"	"PrePostFVT"	"Post"	"PrePostFVTPost"	13.4541773259396	0	71.6848248610207	0.851123469582015	1	0.851123469582015	1	NA	"prevalence"	60	17
"NODE_754_length_3289_cov_3.889920"	"PrePostFVT"	"During"	"PrePostFVTDuring"	12.6710236258077	0	271.920557583945	0.962833422408228	1	0.962833422408228	1	NA	"prevalence"	60	3
"NODE_754_length_3289_cov_3.889920"	"PrePostFVT"	"Post"	"PrePostFVTPost"	11.9832453673014	0	271.919439542142	0.964849322317752	1	0.964849322317752	1	NA	"prevalence"	60	3
"NODE_761_length_3239_cov_5.625942"	"PrePostFVT"	"During"	"PrePostFVTDuring"	10.7819462629026	0	122.850213656584	0.930063474056258	1	0.930063474056258	1	NA	"prevalence"	60	4
"NODE_761_length_3239_cov_5.625942"	"PrePostFVT"	"Post"	"PrePostFVTPost"	10.7339143952434	0	122.844705627232	0.930371122540983	1	0.930371122540983	1	NA	"prevalence"	60	4
"NODE_762_length_3220_cov_4.843286"	"PrePostFVT"	"During"	"PrePostFVTDuring"	-0.204868425253105	0	291.672038876321	0.999439571442314	1	0.999439571442314	1	NA	"prevalence"	60	3
"NODE_762_length_3220_cov_4.843286"	"PrePostFVT"	"Post"	"PrePostFVTPost"	11.0262121473896	0	147.234563913695	0.940303229246901	1	0.940303229246901	1	NA	"prevalence"	60	3
"NODE_77_length_21821_cov_12.298861"	"PrePostFVT"	"During"	"PrePostFVTDuring"	8.78401863379623	0	117.757125045995	0.940537453206819	1	0.994892953865737	1	NA	"prevalence"	60	59
"NODE_77_length_21821_cov_12.298861"	"PrePostFVT"	"Post"	"PrePostFVTPost"	14.4188037317632	0	1136.03559251557	0.989873352486437	1	0.985606916597776	1	NA	"prevalence"	60	59
"NODE_78_length_12711_cov_5.460730"	"PrePostFVT"	"During"	"PrePostFVTDuring"	10.7819462629026	0	122.850213656584	0.930063474056258	1	0.930063474056258	1	NA	"prevalence"	60	5
"NODE_78_length_12711_cov_5.460730"	"PrePostFVT"	"Post"	"PrePostFVTPost"	10.7339143952434	0	122.844705627232	0.930371122540983	1	0.930371122540983	1	NA	"prevalence"	60	5
"NODE_788_length_3026_cov_16.785594"	"PrePostFVT"	"During"	"PrePostFVTDuring"	-11.3287872515465	0	218.393388607376	0.958629643714806	1	0.958629643714806	1	NA	"prevalence"	60	11
"NODE_788_length_3026_cov_16.785594"	"PrePostFVT"	"Post"	"PrePostFVTPost"	0.310325520646713	0	0.79630360799244	0.696752819927283	1	0.310128855257221	1	NA	"prevalence"	60	11
"NODE_796_length_2326_cov_4.740643"	"PrePostFVT"	"During"	"PrePostFVTDuring"	8.78401863379623	0	117.757125045995	0.940537453206819	1	0.991045695645331	1	NA	"prevalence"	60	59
"NODE_796_length_2326_cov_4.740643"	"PrePostFVT"	"Post"	"PrePostFVTPost"	14.4188037317632	0	1136.03559251557	0.989873352486437	1	0.943168560462215	1	NA	"prevalence"	60	59
"NODE_796_length_3004_cov_6.914547"	"PrePostFVT"	"During"	"PrePostFVTDuring"	12.8005566298707	0	167.505530219646	0.939085984262715	1	0.939085984262715	1	NA	"prevalence"	60	7
"NODE_796_length_3004_cov_6.914547"	"PrePostFVT"	"Post"	"PrePostFVTPost"	12.0597675917568	0	167.503588979582	0.942604239742014	1	0.942604239742014	1	NA	"prevalence"	60	7
"NODE_797_length_2999_cov_3.300611"	"PrePostFVT"	"During"	"PrePostFVTDuring"	-0.204868425253105	0	291.672038876321	0.999439571442314	1	0.999439571442314	1	NA	"prevalence"	60	3
"NODE_797_length_2999_cov_3.300611"	"PrePostFVT"	"Post"	"PrePostFVTPost"	11.0262121473896	0	147.234563913695	0.940303229246901	1	0.940303229246901	1	NA	"prevalence"	60	3
"NODE_82_length_5911_cov_4.870902"	"PrePostFVT"	"During"	"PrePostFVTDuring"	2.61669555721326	0	1.59508725154838	0.100907119902474	1	0.100907119902474	1	NA	"prevalence"	60	13
"NODE_840_length_1139_cov_2.715867"	"PrePostFVT"	"During"	"PrePostFVTDuring"	-0.404992079996633	0	171.95582209918	0.998120816002672	1	0.998120816002672	1	NA	"prevalence"	60	3
"NODE_840_length_1139_cov_2.715867"	"PrePostFVT"	"Post"	"PrePostFVTPost"	9.94194874499592	0	80.9231616088152	0.90222061180061	1	0.90222061180061	1	NA	"prevalence"	60	3
"NODE_85_length_6973_cov_5.469066"	"PrePostFVT"	"Post"	"PrePostFVTPost"	0.461091946872181	0	0.993765475377377	0.642658728410543	1	0.642658728410543	1	NA	"prevalence"	60	10
"NODE_86_length_11713_cov_9.597701"	"PrePostFVT"	"During"	"PrePostFVTDuring"	8.78401863379623	0	117.757125045995	0.940537453206819	1	0.990363804688178	1	NA	"prevalence"	60	59
"NODE_86_length_11713_cov_9.597701"	"PrePostFVT"	"Post"	"PrePostFVTPost"	14.4188037317632	0	1136.03559251557	0.989873352486437	1	0.869982733926421	1	NA	"prevalence"	60	59
"NODE_86_length_2103_cov_4.534668"	"PrePostFVT"	"During"	"PrePostFVTDuring"	0.701676000975493	0	1.39410016053505	0.614740563675209	1	0.851575166722704	1	NA	"prevalence"	60	10
"NODE_86_length_2103_cov_4.534668"	"PrePostFVT"	"Post"	"PrePostFVTPost"	1.76695131025362	0	1.03411369024753	0.0875134793694806	1	0.167368349667609	1	NA	"prevalence"	60	10
"NODE_864_length_2910_cov_4.731349"	"PrePostFVT"	"During"	"PrePostFVTDuring"	-0.204868425253105	0	291.672038876321	0.999439571442314	1	0.999439571442314	1	NA	"prevalence"	60	3
"NODE_864_length_2910_cov_4.731349"	"PrePostFVT"	"Post"	"PrePostFVTPost"	11.0262121473896	0	147.234563913695	0.940303229246901	1	0.940303229246901	1	NA	"prevalence"	60	3
"NODE_877_length_2867_cov_5.203058"	"PrePostFVT"	"During"	"PrePostFVTDuring"	2.26771363193183	0	1.98457637967272	0.253176102990486	1	0.253176102990486	1	NA	"prevalence"	60	7
"NODE_877_length_2867_cov_5.203058"	"PrePostFVT"	"Post"	"PrePostFVTPost"	2.7422258278843	0	1.7878892983372	0.125084200567766	1	0.125084200567766	1	NA	"prevalence"	60	7
"NODE_89_length_1910_cov_3.343396"	"PrePostFVT"	"During"	"PrePostFVTDuring"	0	0	3.37313497829022	1	1	1	1	NA	"prevalence"	60	2
"NODE_89_length_1910_cov_3.343396"	"PrePostFVT"	"Post"	"PrePostFVTPost"	1.7068958469118	0	1.98863209119326	0.390712138234547	1	0.390712138234547	1	NA	"prevalence"	60	2
"NODE_89_length_20874_cov_10.217782|provirus_3_14193"	"PrePostFVT"	"During"	"PrePostFVTDuring"	8.78401863379623	0	117.757125045995	0.940537453206819	1	0.996464205528869	1	NA	"prevalence"	60	59
"NODE_89_length_20874_cov_10.217782|provirus_3_14193"	"PrePostFVT"	"Post"	"PrePostFVTPost"	14.4188037317632	0	1136.03559251557	0.989873352486437	1	0.845688781153094	1	NA	"prevalence"	60	59
"NODE_90_length_6946_cov_17.086490"	"PrePostFVT"	"During"	"PrePostFVTDuring"	0.407169124036297	0	0.935143324880402	0.663266118880651	1	0.876570093285533	1	NA	"prevalence"	60	16
"NODE_90_length_6946_cov_17.086490"	"PrePostFVT"	"Post"	"PrePostFVTPost"	-0.124402146204433	0	0.706211026918229	0.860172681321849	1	0.86941867276949	1	NA	"prevalence"	60	16
"NODE_92_length_5324_cov_4.625546"	"PrePostFVT"	"During"	"PrePostFVTDuring"	8.78401863379623	0	117.757125045995	0.940537453206819	1	0.996464205528869	1	NA	"prevalence"	60	59
"NODE_92_length_5324_cov_4.625546"	"PrePostFVT"	"Post"	"PrePostFVTPost"	14.4188037317632	0	1136.03559251557	0.989873352486437	1	0.956237250247778	1	NA	"prevalence"	60	59
"NODE_925_length_2493_cov_15.062756"	"PrePostFVT"	"During"	"PrePostFVTDuring"	11.398781273831	0	42.6500844827507	0.78926682161677	1	0.78926682161677	1	NA	"prevalence"	60	9
"NODE_925_length_2493_cov_15.062756"	"PrePostFVT"	"Post"	"PrePostFVTPost"	10.4215936993692	0	42.6381049931874	0.806905770213968	1	0.806905770213968	1	NA	"prevalence"	60	9
"NODE_95_length_4316_cov_6.475006"	"PrePostFVT"	"During"	"PrePostFVTDuring"	1.03651407849412	0	0.956570991007771	0.278554362311915	1	0.479516191860833	1	NA	"prevalence"	60	10
"NODE_95_length_4316_cov_6.475006"	"PrePostFVT"	"Post"	"PrePostFVTPost"	-0.490536840604	0	0.848833800071575	0.563334985990524	1	0.398064527364081	1	NA	"prevalence"	60	10
"NODE_95_length_4885_cov_5.471014"	"PrePostFVT"	"During"	"PrePostFVTDuring"	1.60941483786497	0	0.948686075106845	0.0897974310889853	1	0.17153128354779	1	NA	"prevalence"	60	22
"NODE_95_length_4885_cov_5.471014"	"PrePostFVT"	"Post"	"PrePostFVTPost"	1.26114769008983	0	0.736315583341691	0.0867527496352109	1	0.0905294234579882	1	NA	"prevalence"	60	22
"NODE_95_length_6809_cov_5.090613"	"PrePostFVT"	"During"	"PrePostFVTDuring"	8.78401863379623	0	117.757125045995	0.940537453206819	1	0.996464205528869	1	NA	"prevalence"	60	59
"NODE_95_length_6809_cov_5.090613"	"PrePostFVT"	"Post"	"PrePostFVTPost"	14.4188037317632	0	1136.03559251557	0.989873352486437	1	0.934059296539176	1	NA	"prevalence"	60	59
"NODE_961_length_2630_cov_5.485825"	"PrePostFVT"	"During"	"PrePostFVTDuring"	-0.204868425253105	0	291.672038876321	0.999439571442314	1	0.999439571442314	1	NA	"prevalence"	60	3
"NODE_961_length_2630_cov_5.485825"	"PrePostFVT"	"Post"	"PrePostFVTPost"	11.0262121473896	0	147.234563913695	0.940303229246901	1	0.940303229246901	1	NA	"prevalence"	60	3
"NODE_98_length_10708_cov_5.776589"	"PrePostFVT"	"During"	"PrePostFVTDuring"	10.7819462629026	0	122.850213656584	0.930063474056258	1	0.930063474056258	1	NA	"prevalence"	60	5
"NODE_98_length_10708_cov_5.776589"	"PrePostFVT"	"Post"	"PrePostFVTPost"	10.7339143952434	0	122.844705627232	0.930371122540983	1	0.930371122540983	1	NA	"prevalence"	60	5
"NODE_99_length_2870_cov_2.821314"	"PrePostFVT"	"During"	"PrePostFVTDuring"	-9.90717698863723	0	214.10783569703	0.963093533532588	1	0.963093533532588	1	NA	"prevalence"	60	3
"NODE_99_length_2870_cov_2.821314"	"PrePostFVT"	"Post"	"PrePostFVTPost"	0.0904686222420638	0	1.36342449433358	0.947096019371762	1	0.947096019371762	1	NA	"prevalence"	60	3
"NODE_278_length_4850_cov_6.859437"	"PrePostFVT"	"Post"	"PrePostFVTPost"	0.499339980493378	0	1.4472597917893	0.730076006879822	1	0.84850305173685	1	"Prevalence association possibly induced by stronger abundance association"	"prevalence"	60	58
"NODE_323_length_4578_cov_5.801017"	"PrePostFVT"	"Post"	"PrePostFVTPost"	0.671460857196363	0	0.91514499669761	0.463118960126053	1	0.49510645561001	1	"Prevalence association possibly induced by stronger abundance association"	"prevalence"	60	52
"NODE_449_length_3548_cov_7.859147"	"PrePostFVT"	"Post"	"PrePostFVTPost"	0.499076454636786	0	1.4472251550358	0.730206694792653	1	0.289364777877175	1	"Prevalence association possibly induced by stronger abundance association"	"prevalence"	60	58
"NODE_64_length_3411_cov_6.318534"	"PrePostFVT"	"During"	"PrePostFVTDuring"	1.05605265182226	0	0.935454241177573	0.258931740892599	1	0.0676670381087498	0.829143671176028	"Prevalence association possibly induced by stronger abundance association"	"prevalence"	60	33
"NODE_100_length_4590_cov_4.473870"	"PrePostFVT"	"During"	"PrePostFVTDuring"	NA	NA	NA	NA	NA	0.94943142088632	1	"No data points have the baseline factor level"	"abundance"	60	12
"NODE_100_length_4590_cov_4.473870"	"PrePostFVT"	"Post"	"PrePostFVTPost"	NA	NA	NA	NA	NA	0.950144048925276	1	"No data points have the baseline factor level"	"abundance"	60	12
"NODE_1002_length_2557_cov_4.365308"	"PrePostFVT"	"During"	"PrePostFVTDuring"	NA	NA	NA	NA	NA	0.955678650793735	1	"No data points have the baseline factor level"	"abundance"	60	8
"NODE_1002_length_2557_cov_4.365308"	"PrePostFVT"	"Post"	"PrePostFVTPost"	NA	NA	NA	NA	NA	0.950338533819396	1	"No data points have the baseline factor level"	"abundance"	60	8
"NODE_101_length_4575_cov_7.278097"	"PrePostFVT"	"During"	"PrePostFVTDuring"	NA	NA	NA	NA	NA	0.0432512103219285	0.721606278172745	"grouping factors must have > 1 sampled level"	"abundance"	60	16
"NODE_101_length_4575_cov_7.278097"	"PrePostFVT"	"Post"	"PrePostFVTPost"	NA	NA	NA	NA	NA	0.0255775922523609	0.570437728888153	"grouping factors must have > 1 sampled level"	"abundance"	60	16
"NODE_103_length_5550_cov_4.847862"	"PrePostFVT"	"During"	"PrePostFVTDuring"	NA	NA	NA	NA	NA	0.998244611884038	1	"No data points have the baseline factor level"	"abundance"	60	3
"NODE_103_length_5550_cov_4.847862"	"PrePostFVT"	"Post"	"PrePostFVTPost"	NA	NA	NA	NA	NA	0.910232817094838	1	"No data points have the baseline factor level"	"abundance"	60	3
"NODE_1066_length_1997_cov_3.636457"	"PrePostFVT"	"During"	"PrePostFVTDuring"	NA	NA	NA	NA	NA	0.999101246365959	1	"No data points have the baseline factor level"	"abundance"	60	4
"NODE_1066_length_1997_cov_3.636457"	"PrePostFVT"	"Post"	"PrePostFVTPost"	NA	NA	NA	NA	NA	0.940372167526936	1	"No data points have the baseline factor level"	"abundance"	60	4
"NODE_108_length_10157_cov_5.808553"	"PrePostFVT"	"During"	"PrePostFVTDuring"	NA	NA	NA	NA	NA	0.953966760675374	1	"No data points have the baseline factor level"	"abundance"	60	8
"NODE_108_length_10157_cov_5.808553"	"PrePostFVT"	"Post"	"PrePostFVTPost"	NA	NA	NA	NA	NA	0.954313092974931	1	"No data points have the baseline factor level"	"abundance"	60	8
"NODE_1092_length_2437_cov_5.010495"	"PrePostFVT"	"During"	"PrePostFVTDuring"	NA	NA	NA	NA	NA	0.94486106987429	1	"No data points have the baseline factor level"	"abundance"	60	6
"NODE_1092_length_2437_cov_5.010495"	"PrePostFVT"	"Post"	"PrePostFVTPost"	NA	NA	NA	NA	NA	0.939887309622395	1	"No data points have the baseline factor level"	"abundance"	60	6
"NODE_1112_length_1822_cov_14.345218"	"PrePostFVT"	"During"	"PrePostFVTDuring"	NA	NA	NA	NA	NA	0.988194686570304	1	"Fitting error (NA p-value returned from fitting procedure)"	"abundance"	60	10
"NODE_113_length_10116_cov_5.796044"	"PrePostFVT"	"During"	"PrePostFVTDuring"	NA	NA	NA	NA	NA	0.930063474056258	1	"No data points have the baseline factor level"	"abundance"	60	5
"NODE_113_length_10116_cov_5.796044"	"PrePostFVT"	"Post"	"PrePostFVTPost"	NA	NA	NA	NA	NA	0.930371122540983	1	"No data points have the baseline factor level"	"abundance"	60	5
"NODE_1137_length_1786_cov_5.545350"	"PrePostFVT"	"During"	"PrePostFVTDuring"	NA	NA	NA	NA	NA	0.930063474056258	1	"No data points have the baseline factor level"	"abundance"	60	4
"NODE_1137_length_1786_cov_5.545350"	"PrePostFVT"	"Post"	"PrePostFVTPost"	NA	NA	NA	NA	NA	0.930371122540983	1	"No data points have the baseline factor level"	"abundance"	60	4
"NODE_1139_length_1111_cov_3.319129"	"PrePostFVT"	"During"	"PrePostFVTDuring"	NA	NA	NA	NA	NA	0.999999999851565	1	"No data points have the baseline factor level"	"abundance"	60	2
"NODE_1139_length_1111_cov_3.319129"	"PrePostFVT"	"Post"	"PrePostFVTPost"	NA	NA	NA	NA	NA	0.390708465540287	1	"No data points have the baseline factor level"	"abundance"	60	2
"NODE_1141_length_2592_cov_5.759953"	"PrePostFVT"	"During"	"PrePostFVTDuring"	NA	NA	NA	NA	NA	0.930063474056258	1	"No data points have the baseline factor level"	"abundance"	60	4
"NODE_1141_length_2592_cov_5.759953"	"PrePostFVT"	"Post"	"PrePostFVTPost"	NA	NA	NA	NA	NA	0.930371122540983	1	"No data points have the baseline factor level"	"abundance"	60	4
"NODE_1160_length_1730_cov_4.363582"	"PrePostFVT"	"During"	"PrePostFVTDuring"	NA	NA	NA	NA	NA	0.915739751083142	1	"No data points have the baseline factor level"	"abundance"	60	5
"NODE_1160_length_1730_cov_4.363582"	"PrePostFVT"	"Post"	"PrePostFVTPost"	NA	NA	NA	NA	NA	0.922910560208292	1	"No data points have the baseline factor level"	"abundance"	60	5
"NODE_1163_length_2339_cov_4.031086"	"PrePostFVT"	"During"	"PrePostFVTDuring"	NA	NA	NA	NA	NA	0.999439571442314	1	"No data points have the baseline factor level"	"abundance"	60	3
"NODE_1163_length_2339_cov_4.031086"	"PrePostFVT"	"Post"	"PrePostFVTPost"	NA	NA	NA	NA	NA	0.940303229246901	1	"No data points have the baseline factor level"	"abundance"	60	3
"NODE_123_length_9427_cov_5.265578"	"PrePostFVT"	"During"	"PrePostFVTDuring"	NA	NA	NA	NA	NA	0.930063474056258	1	"No data points have the baseline factor level"	"abundance"	60	4
"NODE_123_length_9427_cov_5.265578"	"PrePostFVT"	"Post"	"PrePostFVTPost"	NA	NA	NA	NA	NA	0.930371122540983	1	"No data points have the baseline factor level"	"abundance"	60	4
"NODE_1237_length_1290_cov_3.002429"	"PrePostFVT"	"During"	"PrePostFVTDuring"	NA	NA	NA	NA	NA	0.849397889333503	1	"No data points have the baseline factor level"	"abundance"	60	13
"NODE_1237_length_1290_cov_3.002429"	"PrePostFVT"	"Post"	"PrePostFVTPost"	NA	NA	NA	NA	NA	0.856482098205787	1	"No data points have the baseline factor level"	"abundance"	60	13
"NODE_1251_length_1529_cov_3.742877"	"PrePostFVT"	"During"	"PrePostFVTDuring"	NA	NA	NA	NA	NA	0.962833422408228	1	"No data points have the baseline factor level"	"abundance"	60	3
"NODE_1251_length_1529_cov_3.742877"	"PrePostFVT"	"Post"	"PrePostFVTPost"	NA	NA	NA	NA	NA	0.964849322317752	1	"No data points have the baseline factor level"	"abundance"	60	3
"NODE_129_length_9271_cov_6.849284"	"PrePostFVT"	"During"	"PrePostFVTDuring"	NA	NA	NA	NA	NA	0.930063474056258	1	"No data points have the baseline factor level"	"abundance"	60	5
"NODE_129_length_9271_cov_6.849284"	"PrePostFVT"	"Post"	"PrePostFVTPost"	NA	NA	NA	NA	NA	0.930371122540983	1	"No data points have the baseline factor level"	"abundance"	60	5
"NODE_1300_length_1059_cov_4.740040"	"PrePostFVT"	"During"	"PrePostFVTDuring"	NA	NA	NA	NA	NA	0.910480426760563	1	"No data points have the baseline factor level"	"abundance"	60	5
"NODE_1300_length_1059_cov_4.740040"	"PrePostFVT"	"Post"	"PrePostFVTPost"	NA	NA	NA	NA	NA	0.906659582808361	1	"No data points have the baseline factor level"	"abundance"	60	5
"NODE_132_length_1293_cov_2.933764"	"PrePostFVT"	"During"	"PrePostFVTDuring"	NA	NA	NA	NA	NA	1	1	"No data points have the baseline factor level"	"abundance"	60	2
"NODE_132_length_1293_cov_2.933764"	"PrePostFVT"	"Post"	"PrePostFVTPost"	NA	NA	NA	NA	NA	0.574294497601192	1	"No data points have the baseline factor level"	"abundance"	60	2
"NODE_1330_length_1362_cov_5.200459"	"PrePostFVT"	"During"	"PrePostFVTDuring"	NA	NA	NA	NA	NA	0.930063474056258	1	"No data points have the baseline factor level"	"abundance"	60	4
"NODE_1330_length_1362_cov_5.200459"	"PrePostFVT"	"Post"	"PrePostFVTPost"	NA	NA	NA	NA	NA	0.930371122540983	1	"No data points have the baseline factor level"	"abundance"	60	4
"NODE_1333_length_1358_cov_6.930161"	"PrePostFVT"	"During"	"PrePostFVTDuring"	NA	NA	NA	NA	NA	0.930063474056258	1	"No data points have the baseline factor level"	"abundance"	60	4
"NODE_1333_length_1358_cov_6.930161"	"PrePostFVT"	"Post"	"PrePostFVTPost"	NA	NA	NA	NA	NA	0.930371122540983	1	"No data points have the baseline factor level"	"abundance"	60	4
"NODE_1335_length_2153_cov_3.259771"	"PrePostFVT"	"During"	"PrePostFVTDuring"	NA	NA	NA	NA	NA	0.915140735324269	1	"No data points have the baseline factor level"	"abundance"	60	5
"NODE_1335_length_2153_cov_3.259771"	"PrePostFVT"	"Post"	"PrePostFVTPost"	NA	NA	NA	NA	NA	0.911903581554461	1	"No data points have the baseline factor level"	"abundance"	60	5
"NODE_138_length_9014_cov_6.055698"	"PrePostFVT"	"During"	"PrePostFVTDuring"	NA	NA	NA	NA	NA	0.962916361324852	1	"No data points have the baseline factor level"	"abundance"	60	8
"NODE_138_length_9014_cov_6.055698"	"PrePostFVT"	"Post"	"PrePostFVTPost"	NA	NA	NA	NA	NA	0.965717646597495	1	"No data points have the baseline factor level"	"abundance"	60	8
"NODE_14_length_39779_cov_26.175284"	"PrePostFVT"	"During"	"PrePostFVTDuring"	NA	NA	NA	NA	NA	0.985067068327158	1	"grouping factors must have > 1 sampled level"	"abundance"	60	5
"NODE_14_length_39779_cov_26.175284"	"PrePostFVT"	"Post"	"PrePostFVTPost"	NA	NA	NA	NA	NA	0.92413140277727	1	"grouping factors must have > 1 sampled level"	"abundance"	60	5
"NODE_1402_length_1241_cov_6.408938"	"PrePostFVT"	"During"	"PrePostFVTDuring"	NA	NA	NA	NA	NA	0.962833422408228	1	"No data points have the baseline factor level"	"abundance"	60	3
"NODE_1402_length_1241_cov_6.408938"	"PrePostFVT"	"Post"	"PrePostFVTPost"	NA	NA	NA	NA	NA	0.964849322317752	1	"No data points have the baseline factor level"	"abundance"	60	3
"NODE_1418_length_1220_cov_6.109871"	"PrePostFVT"	"During"	"PrePostFVTDuring"	NA	NA	NA	NA	NA	0.999299320888923	1	"No data points have the baseline factor level"	"abundance"	60	6
"NODE_1418_length_1220_cov_6.109871"	"PrePostFVT"	"Post"	"PrePostFVTPost"	NA	NA	NA	NA	NA	0.957220317791296	1	"No data points have the baseline factor level"	"abundance"	60	6
"NODE_143_length_8727_cov_4.679889"	"PrePostFVT"	"During"	"PrePostFVTDuring"	NA	NA	NA	NA	NA	0.999452705986764	1	"No data points have the baseline factor level"	"abundance"	60	5
"NODE_143_length_8727_cov_4.679889"	"PrePostFVT"	"Post"	"PrePostFVTPost"	NA	NA	NA	NA	NA	0.198892216288192	1	"No data points have the baseline factor level"	"abundance"	60	5
"NODE_1526_length_1094_cov_2.713186"	"PrePostFVT"	"During"	"PrePostFVTDuring"	NA	NA	NA	NA	NA	0.868720299986147	1	"No data points have the baseline factor level"	"abundance"	60	3
"NODE_1526_length_1094_cov_2.713186"	"PrePostFVT"	"Post"	"PrePostFVTPost"	NA	NA	NA	NA	NA	0.877585018186518	1	"No data points have the baseline factor level"	"abundance"	60	3
"NODE_1569_length_1040_cov_2.188832"	"PrePostFVT"	"During"	"PrePostFVTDuring"	NA	NA	NA	NA	NA	1	1	"No data points have the baseline factor level"	"abundance"	60	2
"NODE_1569_length_1040_cov_2.188832"	"PrePostFVT"	"Post"	"PrePostFVTPost"	NA	NA	NA	NA	NA	0.390710413025989	1	"No data points have the baseline factor level"	"abundance"	60	2
"NODE_159_length_14466_cov_7.447367"	"PrePostFVT"	"During"	"PrePostFVTDuring"	NA	NA	NA	NA	NA	0.950810678824403	1	"No data points have the baseline factor level"	"abundance"	60	6
"NODE_159_length_14466_cov_7.447367"	"PrePostFVT"	"Post"	"PrePostFVTPost"	NA	NA	NA	NA	NA	0.947507450012239	1	"No data points have the baseline factor level"	"abundance"	60	6
"NODE_159_length_3508_cov_4.616276"	"PrePostFVT"	"During"	"PrePostFVTDuring"	NA	NA	NA	NA	NA	0.955307028012218	1	"number of levels of each grouping factor must be < number of observations (problems: AnimalID)"	"abundance"	60	7
"NODE_159_length_3508_cov_4.616276"	"PrePostFVT"	"Post"	"PrePostFVTPost"	NA	NA	NA	NA	NA	0.763999408425171	1	"number of levels of each grouping factor must be < number of observations (problems: AnimalID)"	"abundance"	60	7
"NODE_1594_length_1007_cov_7.385504"	"PrePostFVT"	"During"	"PrePostFVTDuring"	NA	NA	NA	NA	NA	0.999439571442314	1	"No data points have the baseline factor level"	"abundance"	60	3
"NODE_1594_length_1007_cov_7.385504"	"PrePostFVT"	"Post"	"PrePostFVTPost"	NA	NA	NA	NA	NA	0.940303229246901	1	"No data points have the baseline factor level"	"abundance"	60	3
"NODE_1602_length_1002_cov_4.308342"	"PrePostFVT"	"During"	"PrePostFVTDuring"	NA	NA	NA	NA	NA	0.932095443793201	1	"No data points have the baseline factor level"	"abundance"	60	5
"NODE_1602_length_1002_cov_4.308342"	"PrePostFVT"	"Post"	"PrePostFVTPost"	NA	NA	NA	NA	NA	0.937800674545317	1	"No data points have the baseline factor level"	"abundance"	60	5
"NODE_1604_length_1116_cov_1.593779"	"PrePostFVT"	"During"	"PrePostFVTDuring"	NA	NA	NA	NA	NA	0.994706659674314	1	"No data points have the baseline factor level"	"abundance"	60	5
"NODE_1604_length_1116_cov_1.593779"	"PrePostFVT"	"Post"	"PrePostFVTPost"	NA	NA	NA	NA	NA	0.27069688123329	1	"No data points have the baseline factor level"	"abundance"	60	5
"NODE_1618_length_1147_cov_4.225275"	"PrePostFVT"	"During"	"PrePostFVTDuring"	NA	NA	NA	NA	NA	0.985024434284536	1	"grouping factors must have > 1 sampled level"	"abundance"	60	2
"NODE_1618_length_1147_cov_4.225275"	"PrePostFVT"	"Post"	"PrePostFVTPost"	NA	NA	NA	NA	NA	NA	NA	"grouping factors must have > 1 sampled level"	"abundance"	60	2
"NODE_1657_length_1849_cov_4.321070"	"PrePostFVT"	"During"	"PrePostFVTDuring"	NA	NA	NA	NA	NA	0.999439571442314	1	"No data points have the baseline factor level"	"abundance"	60	3
"NODE_1657_length_1849_cov_4.321070"	"PrePostFVT"	"Post"	"PrePostFVTPost"	NA	NA	NA	NA	NA	0.940303229246901	1	"No data points have the baseline factor level"	"abundance"	60	3
"NODE_175_length_8062_cov_4.755589"	"PrePostFVT"	"During"	"PrePostFVTDuring"	NA	NA	NA	NA	NA	0.939989071995527	1	"No data points have the baseline factor level"	"abundance"	60	7
"NODE_175_length_8062_cov_4.755589"	"PrePostFVT"	"Post"	"PrePostFVTPost"	NA	NA	NA	NA	NA	0.934794025688857	1	"No data points have the baseline factor level"	"abundance"	60	7
"NODE_1843_length_1674_cov_4.292156"	"PrePostFVT"	"During"	"PrePostFVTDuring"	NA	NA	NA	NA	NA	0.94486106987429	1	"No data points have the baseline factor level"	"abundance"	60	6
"NODE_1843_length_1674_cov_4.292156"	"PrePostFVT"	"Post"	"PrePostFVTPost"	NA	NA	NA	NA	NA	0.939887309622395	1	"No data points have the baseline factor level"	"abundance"	60	6
"NODE_189_length_5422_cov_4.826533"	"PrePostFVT"	"During"	"PrePostFVTDuring"	NA	NA	NA	NA	NA	0.896644689464095	1	"No data points have the baseline factor level"	"abundance"	60	13
"NODE_189_length_5422_cov_4.826533"	"PrePostFVT"	"Post"	"PrePostFVTPost"	NA	NA	NA	NA	NA	0.896099744787968	1	"No data points have the baseline factor level"	"abundance"	60	13
"NODE_192_length_7497_cov_5.865493"	"PrePostFVT"	"During"	"PrePostFVTDuring"	NA	NA	NA	NA	NA	0.930063474056258	1	"No data points have the baseline factor level"	"abundance"	60	5
"NODE_192_length_7497_cov_5.865493"	"PrePostFVT"	"Post"	"PrePostFVTPost"	NA	NA	NA	NA	NA	0.930371122540983	1	"No data points have the baseline factor level"	"abundance"	60	5
"NODE_195_length_14931_cov_7.812718"	"PrePostFVT"	"During"	"PrePostFVTDuring"	NA	NA	NA	NA	NA	0.999439571442314	1	"No data points have the baseline factor level"	"abundance"	60	3
"NODE_195_length_14931_cov_7.812718"	"PrePostFVT"	"Post"	"PrePostFVTPost"	NA	NA	NA	NA	NA	0.940303229246901	1	"No data points have the baseline factor level"	"abundance"	60	3
"NODE_1972_length_1543_cov_3.204973"	"PrePostFVT"	"During"	"PrePostFVTDuring"	NA	NA	NA	NA	NA	0.954522193535185	1	"No data points have the baseline factor level"	"abundance"	60	5
"NODE_1972_length_1543_cov_3.204973"	"PrePostFVT"	"Post"	"PrePostFVTPost"	NA	NA	NA	NA	NA	0.954069511092368	1	"No data points have the baseline factor level"	"abundance"	60	5
"NODE_1982_length_1539_cov_2.719677"	"PrePostFVT"	"During"	"PrePostFVTDuring"	NA	NA	NA	NA	NA	0.955808228236939	1	"No data points have the baseline factor level"	"abundance"	60	3
"NODE_1982_length_1539_cov_2.719677"	"PrePostFVT"	"Post"	"PrePostFVTPost"	NA	NA	NA	NA	NA	0.958141782890927	1	"No data points have the baseline factor level"	"abundance"	60	3
"NODE_200_length_14535_cov_12.284669"	"PrePostFVT"	"During"	"PrePostFVTDuring"	NA	NA	NA	NA	NA	0.730976272994777	1	"grouping factors must have > 1 sampled level"	"abundance"	60	6
"NODE_200_length_14535_cov_12.284669"	"PrePostFVT"	"Post"	"PrePostFVTPost"	NA	NA	NA	NA	NA	0.339499541654675	1	"grouping factors must have > 1 sampled level"	"abundance"	60	6
"NODE_214_length_7019_cov_3.884262"	"PrePostFVT"	"During"	"PrePostFVTDuring"	NA	NA	NA	NA	NA	0.999439571442314	1	"No data points have the baseline factor level"	"abundance"	60	3
"NODE_214_length_7019_cov_3.884262"	"PrePostFVT"	"Post"	"PrePostFVTPost"	NA	NA	NA	NA	NA	0.940303229246901	1	"No data points have the baseline factor level"	"abundance"	60	3
"NODE_218_length_3127_cov_11.034180"	"PrePostFVT"	"During"	"PrePostFVTDuring"	NA	NA	NA	NA	NA	1	1	"No data points have the baseline factor level"	"abundance"	60	3
"NODE_218_length_3127_cov_11.034180"	"PrePostFVT"	"Post"	"PrePostFVTPost"	NA	NA	NA	NA	NA	0.287727875631017	1	"No data points have the baseline factor level"	"abundance"	60	3
"NODE_222_length_3349_cov_3.116576"	"PrePostFVT"	"During"	"PrePostFVTDuring"	NA	NA	NA	NA	NA	0.930077254738667	1	"No data points have the baseline factor level"	"abundance"	60	5
"NODE_222_length_3349_cov_3.116576"	"PrePostFVT"	"Post"	"PrePostFVTPost"	NA	NA	NA	NA	NA	0.935995449174752	1	"No data points have the baseline factor level"	"abundance"	60	5
"NODE_23_length_41981_cov_14.210705|provirus_5814_25825"	"PrePostFVT"	"During"	"PrePostFVTDuring"	NA	NA	NA	NA	NA	0.0482744604823521	0.724116907235282	"grouping factors must have > 1 sampled level"	"abundance"	60	19
"NODE_23_length_41981_cov_14.210705|provirus_5814_25825"	"PrePostFVT"	"Post"	"PrePostFVTPost"	NA	NA	NA	NA	NA	0.00216717928568066	0.173374342854453	"grouping factors must have > 1 sampled level"	"abundance"	60	19
"NODE_232_length_3576_cov_2.910821"	"PrePostFVT"	"During"	"PrePostFVTDuring"	NA	NA	NA	NA	NA	0.983706887709791	1	"No data points have the baseline factor level"	"abundance"	60	5
"NODE_232_length_3576_cov_2.910821"	"PrePostFVT"	"Post"	"PrePostFVTPost"	NA	NA	NA	NA	NA	0.334009979512061	1	"No data points have the baseline factor level"	"abundance"	60	5
"NODE_237_length_12145_cov_5.998925"	"PrePostFVT"	"During"	"PrePostFVTDuring"	NA	NA	NA	NA	NA	0.253176102990486	1	"No data points have the baseline factor level"	"abundance"	60	7
"NODE_237_length_12145_cov_5.998925"	"PrePostFVT"	"Post"	"PrePostFVTPost"	NA	NA	NA	NA	NA	0.125084200567766	1	"No data points have the baseline factor level"	"abundance"	60	7
"NODE_24_length_29177_cov_10.095976"	"PrePostFVT"	"During"	"PrePostFVTDuring"	NA	NA	NA	NA	NA	0.998226385194748	1	"No data points have the baseline factor level"	"abundance"	60	3
"NODE_24_length_29177_cov_10.095976"	"PrePostFVT"	"Post"	"PrePostFVTPost"	NA	NA	NA	NA	NA	0.762113460271928	1	"No data points have the baseline factor level"	"abundance"	60	3
"NODE_242_length_11721_cov_8.904937"	"PrePostFVT"	"During"	"PrePostFVTDuring"	NA	NA	NA	NA	NA	0.930063474056258	1	"No data points have the baseline factor level"	"abundance"	60	4
"NODE_242_length_11721_cov_8.904937"	"PrePostFVT"	"Post"	"PrePostFVTPost"	NA	NA	NA	NA	NA	0.930371122540983	1	"No data points have the baseline factor level"	"abundance"	60	4
"NODE_245_length_2989_cov_21.227676"	"PrePostFVT"	"During"	"PrePostFVTDuring"	NA	NA	NA	NA	NA	0.870776171633235	1	"No data points have the baseline factor level"	"abundance"	60	19
"NODE_245_length_2989_cov_21.227676"	"PrePostFVT"	"Post"	"PrePostFVTPost"	NA	NA	NA	NA	NA	0.861842394421299	1	"No data points have the baseline factor level"	"abundance"	60	19
"NODE_245_length_4271_cov_6.865038"	"PrePostFVT"	"During"	"PrePostFVTDuring"	NA	NA	NA	NA	NA	0.948130726279386	1	"No data points have the baseline factor level"	"abundance"	60	18
"NODE_245_length_4271_cov_6.865038"	"PrePostFVT"	"Post"	"PrePostFVTPost"	NA	NA	NA	NA	NA	0.953380168237181	1	"No data points have the baseline factor level"	"abundance"	60	18
"NODE_25_length_41950_cov_8.418546"	"PrePostFVT"	"During"	"PrePostFVTDuring"	NA	NA	NA	NA	NA	NA	NA	"No data points have the baseline factor level"	"abundance"	60	10
"NODE_25_length_41950_cov_8.418546"	"PrePostFVT"	"Post"	"PrePostFVTPost"	NA	NA	NA	NA	NA	NA	NA	"No data points have the baseline factor level"	"abundance"	60	10
"NODE_25_length_64430_cov_10.074175"	"PrePostFVT"	"During"	"PrePostFVTDuring"	NA	NA	NA	NA	NA	0.224533985854863	1	"grouping factors must have > 1 sampled level"	"abundance"	60	14
"NODE_25_length_64430_cov_10.074175"	"PrePostFVT"	"Post"	"PrePostFVTPost"	NA	NA	NA	NA	NA	0.12003116239015	1	"grouping factors must have > 1 sampled level"	"abundance"	60	14
"NODE_2561_length_1148_cov_4.252516"	"PrePostFVT"	"During"	"PrePostFVTDuring"	NA	NA	NA	NA	NA	1	1	"No data points have the baseline factor level"	"abundance"	60	3
"NODE_2561_length_1148_cov_4.252516"	"PrePostFVT"	"Post"	"PrePostFVTPost"	NA	NA	NA	NA	NA	0.287727337455579	1	"No data points have the baseline factor level"	"abundance"	60	3
"NODE_258_length_11005_cov_11.339087"	"PrePostFVT"	"During"	"PrePostFVTDuring"	NA	NA	NA	NA	NA	0.999956824670037	1	"No data points have the baseline factor level"	"abundance"	60	4
"NODE_258_length_11005_cov_11.339087"	"PrePostFVT"	"Post"	"PrePostFVTPost"	NA	NA	NA	NA	NA	0.938730866976599	1	"No data points have the baseline factor level"	"abundance"	60	4
"NODE_2697_length_1221_cov_3.032590"	"PrePostFVT"	"During"	"PrePostFVTDuring"	NA	NA	NA	NA	NA	0.296973669315264	1	"No data points have the baseline factor level"	"abundance"	60	5
"NODE_2697_length_1221_cov_3.032590"	"PrePostFVT"	"Post"	"PrePostFVTPost"	NA	NA	NA	NA	NA	0.187186716368999	1	"No data points have the baseline factor level"	"abundance"	60	5
"NODE_273_length_3857_cov_5.688059"	"PrePostFVT"	"During"	"PrePostFVTDuring"	NA	NA	NA	NA	NA	0.12185047961389	1	"No data points have the baseline factor level"	"abundance"	60	10
"NODE_273_length_3857_cov_5.688059"	"PrePostFVT"	"Post"	"PrePostFVTPost"	NA	NA	NA	NA	NA	0.102299329226445	1	"No data points have the baseline factor level"	"abundance"	60	10
"NODE_2801_length_1020_cov_1.739896"	"PrePostFVT"	"During"	"PrePostFVTDuring"	NA	NA	NA	NA	NA	0.998755064861537	1	"No data points have the baseline factor level"	"abundance"	60	3
"NODE_2801_length_1020_cov_1.739896"	"PrePostFVT"	"Post"	"PrePostFVTPost"	NA	NA	NA	NA	NA	0.902928079663927	1	"No data points have the baseline factor level"	"abundance"	60	3
"NODE_288_length_2524_cov_4.504253"	"PrePostFVT"	"During"	"PrePostFVTDuring"	NA	NA	NA	NA	NA	0.99999999949744	1	"No data points have the baseline factor level"	"abundance"	60	8
"NODE_288_length_2524_cov_4.504253"	"PrePostFVT"	"Post"	"PrePostFVTPost"	NA	NA	NA	NA	NA	0.11319530748969	1	"No data points have the baseline factor level"	"abundance"	60	8
"NODE_288_length_9630_cov_6.355091"	"PrePostFVT"	"During"	"PrePostFVTDuring"	NA	NA	NA	NA	NA	0.253176102990486	1	"No data points have the baseline factor level"	"abundance"	60	6
"NODE_288_length_9630_cov_6.355091"	"PrePostFVT"	"Post"	"PrePostFVTPost"	NA	NA	NA	NA	NA	0.125084200567766	1	"No data points have the baseline factor level"	"abundance"	60	6
"NODE_290_length_9204_cov_6.434583"	"PrePostFVT"	"During"	"PrePostFVTDuring"	NA	NA	NA	NA	NA	0.999956824670037	1	"No data points have the baseline factor level"	"abundance"	60	4
"NODE_290_length_9204_cov_6.434583"	"PrePostFVT"	"Post"	"PrePostFVTPost"	NA	NA	NA	NA	NA	0.938730866976599	1	"No data points have the baseline factor level"	"abundance"	60	4
"NODE_292_length_9196_cov_7.239689"	"PrePostFVT"	"During"	"PrePostFVTDuring"	NA	NA	NA	NA	NA	0.999956824670037	1	"No data points have the baseline factor level"	"abundance"	60	4
"NODE_292_length_9196_cov_7.239689"	"PrePostFVT"	"Post"	"PrePostFVTPost"	NA	NA	NA	NA	NA	0.938730866976599	1	"No data points have the baseline factor level"	"abundance"	60	4
"NODE_293_length_1673_cov_2.770705"	"PrePostFVT"	"During"	"PrePostFVTDuring"	NA	NA	NA	NA	NA	NA	NA	"No data points have the baseline factor level"	"abundance"	60	9
"NODE_293_length_1673_cov_2.770705"	"PrePostFVT"	"Post"	"PrePostFVTPost"	NA	NA	NA	NA	NA	NA	NA	"No data points have the baseline factor level"	"abundance"	60	9
"NODE_296_length_5686_cov_7.089682"	"PrePostFVT"	"During"	"PrePostFVTDuring"	NA	NA	NA	NA	NA	0.930063474056258	1	"No data points have the baseline factor level"	"abundance"	60	4
"NODE_296_length_5686_cov_7.089682"	"PrePostFVT"	"Post"	"PrePostFVTPost"	NA	NA	NA	NA	NA	0.930371122540983	1	"No data points have the baseline factor level"	"abundance"	60	4
"NODE_300_length_3718_cov_3.746929"	"PrePostFVT"	"During"	"PrePostFVTDuring"	NA	NA	NA	NA	NA	0.112413652794854	1	"grouping factors must have > 1 sampled level"	"abundance"	60	8
"NODE_300_length_3718_cov_3.746929"	"PrePostFVT"	"Post"	"PrePostFVTPost"	NA	NA	NA	NA	NA	0.288840357351776	1	"grouping factors must have > 1 sampled level"	"abundance"	60	8
"NODE_300_length_9459_cov_5.827201"	"PrePostFVT"	"During"	"PrePostFVTDuring"	NA	NA	NA	NA	NA	0.910480426760563	1	"No data points have the baseline factor level"	"abundance"	60	6
"NODE_300_length_9459_cov_5.827201"	"PrePostFVT"	"Post"	"PrePostFVTPost"	NA	NA	NA	NA	NA	0.906659582808361	1	"No data points have the baseline factor level"	"abundance"	60	6
"NODE_302_length_9348_cov_5.759927"	"PrePostFVT"	"During"	"PrePostFVTDuring"	NA	NA	NA	NA	NA	0.930063474056258	1	"No data points have the baseline factor level"	"abundance"	60	5
"NODE_302_length_9348_cov_5.759927"	"PrePostFVT"	"Post"	"PrePostFVTPost"	NA	NA	NA	NA	NA	0.930371122540983	1	"No data points have the baseline factor level"	"abundance"	60	5
"NODE_311_length_5522_cov_4.831352"	"PrePostFVT"	"During"	"PrePostFVTDuring"	NA	NA	NA	NA	NA	0.930063474056258	1	"No data points have the baseline factor level"	"abundance"	60	4
"NODE_311_length_5522_cov_4.831352"	"PrePostFVT"	"Post"	"PrePostFVTPost"	NA	NA	NA	NA	NA	0.930371122540983	1	"No data points have the baseline factor level"	"abundance"	60	4
"NODE_3156_length_1065_cov_1.976238"	"PrePostFVT"	"During"	"PrePostFVTDuring"	NA	NA	NA	NA	NA	0.999999999851565	1	"No data points have the baseline factor level"	"abundance"	60	2
"NODE_3156_length_1065_cov_1.976238"	"PrePostFVT"	"Post"	"PrePostFVTPost"	NA	NA	NA	NA	NA	0.390708465540287	1	"No data points have the baseline factor level"	"abundance"	60	2
"NODE_317_length_5453_cov_5.264172"	"PrePostFVT"	"During"	"PrePostFVTDuring"	NA	NA	NA	NA	NA	0.999439571442314	1	"No data points have the baseline factor level"	"abundance"	60	4
"NODE_317_length_5453_cov_5.264172"	"PrePostFVT"	"Post"	"PrePostFVTPost"	NA	NA	NA	NA	NA	0.940303229246901	1	"No data points have the baseline factor level"	"abundance"	60	4
"NODE_326_length_8493_cov_5.620763"	"PrePostFVT"	"During"	"PrePostFVTDuring"	NA	NA	NA	NA	NA	0.999439571442314	1	"No data points have the baseline factor level"	"abundance"	60	3
"NODE_326_length_8493_cov_5.620763"	"PrePostFVT"	"Post"	"PrePostFVTPost"	NA	NA	NA	NA	NA	0.940303229246901	1	"No data points have the baseline factor level"	"abundance"	60	3
"NODE_33_length_19553_cov_14.475280"	"PrePostFVT"	"During"	"PrePostFVTDuring"	NA	NA	NA	NA	NA	0.976364397970536	1	"grouping factors must have > 1 sampled level"	"abundance"	60	2
"NODE_33_length_19553_cov_14.475280"	"PrePostFVT"	"Post"	"PrePostFVTPost"	NA	NA	NA	NA	NA	0.98040126978817	1	"grouping factors must have > 1 sampled level"	"abundance"	60	2
"NODE_33_length_20543_cov_23.775820"	"PrePostFVT"	"During"	"PrePostFVTDuring"	NA	NA	NA	NA	NA	0.973822702380353	1	"number of levels of each grouping factor must be < number of observations (problems: AnimalID, Dam)"	"abundance"	60	3
"NODE_33_length_20543_cov_23.775820"	"PrePostFVT"	"Post"	"PrePostFVTPost"	NA	NA	NA	NA	NA	0.730523592254555	1	"number of levels of each grouping factor must be < number of observations (problems: AnimalID, Dam)"	"abundance"	60	3
"NODE_34_length_33299_cov_21.331338"	"PrePostFVT"	"During"	"PrePostFVTDuring"	NA	NA	NA	NA	NA	0.989767214820848	1	"grouping factors must have > 1 sampled level"	"abundance"	60	6
"NODE_34_length_33299_cov_21.331338"	"PrePostFVT"	"Post"	"PrePostFVTPost"	NA	NA	NA	NA	NA	0.970723590626178	1	"grouping factors must have > 1 sampled level"	"abundance"	60	6
"NODE_347_length_5164_cov_4.719906"	"PrePostFVT"	"During"	"PrePostFVTDuring"	NA	NA	NA	NA	NA	0.999439571442314	1	"No data points have the baseline factor level"	"abundance"	60	3
"NODE_347_length_5164_cov_4.719906"	"PrePostFVT"	"Post"	"PrePostFVTPost"	NA	NA	NA	NA	NA	0.940303229246901	1	"No data points have the baseline factor level"	"abundance"	60	3
"NODE_348_length_3842_cov_3.545287"	"PrePostFVT"	"During"	"PrePostFVTDuring"	NA	NA	NA	NA	NA	0.999439571442314	1	"No data points have the baseline factor level"	"abundance"	60	4
"NODE_348_length_3842_cov_3.545287"	"PrePostFVT"	"Post"	"PrePostFVTPost"	NA	NA	NA	NA	NA	0.940303229246901	1	"No data points have the baseline factor level"	"abundance"	60	4
"NODE_352_length_7789_cov_6.120636"	"PrePostFVT"	"During"	"PrePostFVTDuring"	NA	NA	NA	NA	NA	0.930063474056258	1	"No data points have the baseline factor level"	"abundance"	60	5
"NODE_352_length_7789_cov_6.120636"	"PrePostFVT"	"Post"	"PrePostFVTPost"	NA	NA	NA	NA	NA	0.930371122540983	1	"No data points have the baseline factor level"	"abundance"	60	5
"NODE_355_length_1201_cov_1.719895"	"PrePostFVT"	"During"	"PrePostFVTDuring"	NA	NA	NA	NA	NA	0.979171721689264	1	"grouping factors must have > 1 sampled level"	"abundance"	60	2
"NODE_355_length_1201_cov_1.719895"	"PrePostFVT"	"Post"	"PrePostFVTPost"	NA	NA	NA	NA	NA	NA	NA	"grouping factors must have > 1 sampled level"	"abundance"	60	2
"NODE_363_length_1005_cov_2.015789"	"PrePostFVT"	"During"	"PrePostFVTDuring"	NA	NA	NA	NA	NA	0.911971280803248	1	"No data points have the baseline factor level"	"abundance"	60	3
"NODE_363_length_1005_cov_2.015789"	"PrePostFVT"	"Post"	"PrePostFVTPost"	NA	NA	NA	NA	NA	0.933023266013325	1	"No data points have the baseline factor level"	"abundance"	60	3
"NODE_374_length_4296_cov_9.283660"	"PrePostFVT"	"During"	"PrePostFVTDuring"	NA	NA	NA	NA	NA	0.985024434284536	1	"grouping factors must have > 1 sampled level"	"abundance"	60	2
"NODE_374_length_4296_cov_9.283660"	"PrePostFVT"	"Post"	"PrePostFVTPost"	NA	NA	NA	NA	NA	NA	NA	"grouping factors must have > 1 sampled level"	"abundance"	60	2
"NODE_378_length_7249_cov_5.952043"	"PrePostFVT"	"During"	"PrePostFVTDuring"	NA	NA	NA	NA	NA	0.930063474056258	1	"No data points have the baseline factor level"	"abundance"	60	5
"NODE_378_length_7249_cov_5.952043"	"PrePostFVT"	"Post"	"PrePostFVTPost"	NA	NA	NA	NA	NA	0.930371122540983	1	"No data points have the baseline factor level"	"abundance"	60	5
"NODE_383_length_1007_cov_2.172269"	"PrePostFVT"	"During"	"PrePostFVTDuring"	NA	NA	NA	NA	NA	1	1	"No data points have the baseline factor level"	"abundance"	60	3
"NODE_383_length_1007_cov_2.172269"	"PrePostFVT"	"Post"	"PrePostFVTPost"	NA	NA	NA	NA	NA	0.390710413025989	1	"No data points have the baseline factor level"	"abundance"	60	3
"NODE_39_length_18186_cov_5.820032|provirus_3_8483"	"PrePostFVT"	"During"	"PrePostFVTDuring"	NA	NA	NA	NA	NA	0.922135651803563	1	"No data points have the baseline factor level"	"abundance"	60	8
"NODE_39_length_18186_cov_5.820032|provirus_3_8483"	"PrePostFVT"	"Post"	"PrePostFVTPost"	NA	NA	NA	NA	NA	0.921306045577469	1	"No data points have the baseline factor level"	"abundance"	60	8
"NODE_390_length_2119_cov_3.486919"	"PrePostFVT"	"During"	"PrePostFVTDuring"	NA	NA	NA	NA	NA	0.968687368912904	1	"grouping factors must have > 1 sampled level"	"abundance"	60	2
"NODE_390_length_2119_cov_3.486919"	"PrePostFVT"	"Post"	"PrePostFVTPost"	NA	NA	NA	NA	NA	0.730239478306641	1	"grouping factors must have > 1 sampled level"	"abundance"	60	2
"NODE_393_length_7059_cov_5.831239"	"PrePostFVT"	"During"	"PrePostFVTDuring"	NA	NA	NA	NA	NA	0.999956824670037	1	"No data points have the baseline factor level"	"abundance"	60	4
"NODE_393_length_7059_cov_5.831239"	"PrePostFVT"	"Post"	"PrePostFVTPost"	NA	NA	NA	NA	NA	0.938730866976599	1	"No data points have the baseline factor level"	"abundance"	60	4
"NODE_40_length_6349_cov_5.400381"	"PrePostFVT"	"During"	"PrePostFVTDuring"	NA	NA	NA	NA	NA	0.970644494191459	1	"grouping factors must have > 1 sampled level"	"abundance"	60	5
"NODE_40_length_6349_cov_5.400381"	"PrePostFVT"	"Post"	"PrePostFVTPost"	NA	NA	NA	NA	NA	0.511676416174825	1	"grouping factors must have > 1 sampled level"	"abundance"	60	5
"NODE_407_length_6756_cov_5.908073"	"PrePostFVT"	"During"	"PrePostFVTDuring"	NA	NA	NA	NA	NA	0.910480426760563	1	"No data points have the baseline factor level"	"abundance"	60	5
"NODE_407_length_6756_cov_5.908073"	"PrePostFVT"	"Post"	"PrePostFVTPost"	NA	NA	NA	NA	NA	0.906659582808361	1	"No data points have the baseline factor level"	"abundance"	60	5
"NODE_410_length_6624_cov_5.894961"	"PrePostFVT"	"During"	"PrePostFVTDuring"	NA	NA	NA	NA	NA	0.930063474056258	1	"No data points have the baseline factor level"	"abundance"	60	5
"NODE_410_length_6624_cov_5.894961"	"PrePostFVT"	"Post"	"PrePostFVTPost"	NA	NA	NA	NA	NA	0.930371122540983	1	"No data points have the baseline factor level"	"abundance"	60	5
"NODE_411_length_6617_cov_5.361932"	"PrePostFVT"	"During"	"PrePostFVTDuring"	NA	NA	NA	NA	NA	0.962878119201042	1	"No data points have the baseline factor level"	"abundance"	60	7
"NODE_411_length_6617_cov_5.361932"	"PrePostFVT"	"Post"	"PrePostFVTPost"	NA	NA	NA	NA	NA	0.964432497096042	1	"No data points have the baseline factor level"	"abundance"	60	7
"NODE_42_length_32475_cov_10.695774"	"PrePostFVT"	"During"	"PrePostFVTDuring"	NA	NA	NA	NA	NA	1	1	"No data points have the baseline factor level"	"abundance"	60	2
"NODE_42_length_32475_cov_10.695774"	"PrePostFVT"	"Post"	"PrePostFVTPost"	NA	NA	NA	NA	NA	1	1	"No data points have the baseline factor level"	"abundance"	60	2
"NODE_424_length_6351_cov_6.127382"	"PrePostFVT"	"During"	"PrePostFVTDuring"	NA	NA	NA	NA	NA	0.930063474056258	1	"No data points have the baseline factor level"	"abundance"	60	4
"NODE_424_length_6351_cov_6.127382"	"PrePostFVT"	"Post"	"PrePostFVTPost"	NA	NA	NA	NA	NA	0.930371122540983	1	"No data points have the baseline factor level"	"abundance"	60	4
"NODE_43_length_3040_cov_4.376884"	"PrePostFVT"	"During"	"PrePostFVTDuring"	NA	NA	NA	NA	NA	0.0690953059313356	0.829143671176028	"No data points have the baseline factor level"	"abundance"	60	14
"NODE_43_length_3040_cov_4.376884"	"PrePostFVT"	"Post"	"PrePostFVTPost"	NA	NA	NA	NA	NA	0.0552899650391599	0.780564212317551	"No data points have the baseline factor level"	"abundance"	60	14
"NODE_46_length_10952_cov_58.511425"	"PrePostFVT"	"During"	"PrePostFVTDuring"	NA	NA	NA	NA	NA	0.955532980585278	1	"grouping factors must have > 1 sampled level"	"abundance"	60	17
"NODE_46_length_10952_cov_58.511425"	"PrePostFVT"	"Post"	"PrePostFVTPost"	NA	NA	NA	NA	NA	0.0435970459729367	0.721606278172745	"grouping factors must have > 1 sampled level"	"abundance"	60	17
"NODE_46_length_17325_cov_94.922409"	"PrePostFVT"	"During"	"PrePostFVTDuring"	NA	NA	NA	NA	NA	0.236244761331081	1	"grouping factors must have > 1 sampled level"	"abundance"	60	11
"NODE_46_length_17325_cov_94.922409"	"PrePostFVT"	"Post"	"PrePostFVTPost"	NA	NA	NA	NA	NA	0.00574917727696419	0.275960509294281	"grouping factors must have > 1 sampled level"	"abundance"	60	11
"NODE_463_length_6011_cov_5.344023"	"PrePostFVT"	"During"	"PrePostFVTDuring"	NA	NA	NA	NA	NA	0.999439571442314	1	"No data points have the baseline factor level"	"abundance"	60	3
"NODE_463_length_6011_cov_5.344023"	"PrePostFVT"	"Post"	"PrePostFVTPost"	NA	NA	NA	NA	NA	0.940303229246901	1	"No data points have the baseline factor level"	"abundance"	60	3
"NODE_473_length_5913_cov_6.271594"	"PrePostFVT"	"During"	"PrePostFVTDuring"	NA	NA	NA	NA	NA	0.999956824670037	1	"No data points have the baseline factor level"	"abundance"	60	4
"NODE_473_length_5913_cov_6.271594"	"PrePostFVT"	"Post"	"PrePostFVTPost"	NA	NA	NA	NA	NA	0.938730866976599	1	"No data points have the baseline factor level"	"abundance"	60	4
"NODE_474_length_5910_cov_4.933732"	"PrePostFVT"	"During"	"PrePostFVTDuring"	NA	NA	NA	NA	NA	0.94486106987429	1	"No data points have the baseline factor level"	"abundance"	60	7
"NODE_474_length_5910_cov_4.933732"	"PrePostFVT"	"Post"	"PrePostFVTPost"	NA	NA	NA	NA	NA	0.939887309622395	1	"No data points have the baseline factor level"	"abundance"	60	7
"NODE_475_length_2865_cov_5.508185"	"PrePostFVT"	"During"	"PrePostFVTDuring"	NA	NA	NA	NA	NA	0.996757719486201	1	"No data points have the baseline factor level"	"abundance"	60	17
"NODE_475_length_2865_cov_5.508185"	"PrePostFVT"	"Post"	"PrePostFVTPost"	NA	NA	NA	NA	NA	0.997031745106118	1	"No data points have the baseline factor level"	"abundance"	60	17
"NODE_496_length_5396_cov_6.502715"	"PrePostFVT"	"During"	"PrePostFVTDuring"	NA	NA	NA	NA	NA	0.910480426760563	1	"No data points have the baseline factor level"	"abundance"	60	6
"NODE_496_length_5396_cov_6.502715"	"PrePostFVT"	"Post"	"PrePostFVTPost"	NA	NA	NA	NA	NA	0.906659582808361	1	"No data points have the baseline factor level"	"abundance"	60	6
"NODE_511_length_5254_cov_6.137911"	"PrePostFVT"	"During"	"PrePostFVTDuring"	NA	NA	NA	NA	NA	0.930063474056258	1	"No data points have the baseline factor level"	"abundance"	60	5
"NODE_511_length_5254_cov_6.137911"	"PrePostFVT"	"Post"	"PrePostFVTPost"	NA	NA	NA	NA	NA	0.930371122540983	1	"No data points have the baseline factor level"	"abundance"	60	5
"NODE_512_length_5249_cov_4.816327"	"PrePostFVT"	"During"	"PrePostFVTDuring"	NA	NA	NA	NA	NA	0.999439571442314	1	"No data points have the baseline factor level"	"abundance"	60	3
"NODE_512_length_5249_cov_4.816327"	"PrePostFVT"	"Post"	"PrePostFVTPost"	NA	NA	NA	NA	NA	0.940303229246901	1	"No data points have the baseline factor level"	"abundance"	60	3
"NODE_516_length_2143_cov_4.660441"	"PrePostFVT"	"During"	"PrePostFVTDuring"	NA	NA	NA	NA	NA	0.99022020009274	1	"grouping factors must have > 1 sampled level"	"abundance"	60	9
"NODE_516_length_2143_cov_4.660441"	"PrePostFVT"	"Post"	"PrePostFVTPost"	NA	NA	NA	NA	NA	0.430602231565237	1	"grouping factors must have > 1 sampled level"	"abundance"	60	9
"NODE_52_length_3512_cov_4.416546"	"PrePostFVT"	"During"	"PrePostFVTDuring"	NA	NA	NA	NA	NA	0.956265643463522	1	"Fitting error (NA p-value returned from fitting procedure)"	"abundance"	60	8
"NODE_521_length_1408_cov_2.277162"	"PrePostFVT"	"During"	"PrePostFVTDuring"	NA	NA	NA	NA	NA	0.983706887709791	1	"No data points have the baseline factor level"	"abundance"	60	5
"NODE_521_length_1408_cov_2.277162"	"PrePostFVT"	"Post"	"PrePostFVTPost"	NA	NA	NA	NA	NA	0.334009979512061	1	"No data points have the baseline factor level"	"abundance"	60	5
"NODE_557_length_5115_cov_5.282806"	"PrePostFVT"	"During"	"PrePostFVTDuring"	NA	NA	NA	NA	NA	0.999999999669986	1	"No data points have the baseline factor level"	"abundance"	60	2
"NODE_557_length_5115_cov_5.282806"	"PrePostFVT"	"Post"	"PrePostFVTPost"	NA	NA	NA	NA	NA	0.390711727423833	1	"No data points have the baseline factor level"	"abundance"	60	2
"NODE_583_length_2509_cov_2.646699"	"PrePostFVT"	"During"	"PrePostFVTDuring"	NA	NA	NA	NA	NA	0.998750835690799	1	"No data points have the baseline factor level"	"abundance"	60	7
"NODE_583_length_2509_cov_2.646699"	"PrePostFVT"	"Post"	"PrePostFVTPost"	NA	NA	NA	NA	NA	0.162801504024888	1	"No data points have the baseline factor level"	"abundance"	60	7
"NODE_584_length_2507_cov_6.861338"	"PrePostFVT"	"During"	"PrePostFVTDuring"	NA	NA	NA	NA	NA	0.0716358718197042	0.838663865206293	"No data points have the baseline factor level"	"abundance"	60	15
"NODE_584_length_2507_cov_6.861338"	"PrePostFVT"	"Post"	"PrePostFVTPost"	NA	NA	NA	NA	NA	0.0569835196543589	0.781488269545494	"No data points have the baseline factor level"	"abundance"	60	15
"NODE_584_length_3756_cov_5.057822"	"PrePostFVT"	"During"	"PrePostFVTDuring"	NA	NA	NA	NA	NA	0.999439571442314	1	"No data points have the baseline factor level"	"abundance"	60	3
"NODE_584_length_3756_cov_5.057822"	"PrePostFVT"	"Post"	"PrePostFVTPost"	NA	NA	NA	NA	NA	0.940303229246901	1	"No data points have the baseline factor level"	"abundance"	60	3
"NODE_586_length_1182_cov_2.115350"	"PrePostFVT"	"During"	"PrePostFVTDuring"	NA	NA	NA	NA	NA	0.983321490238931	1	"grouping factors must have > 1 sampled level"	"abundance"	60	2
"NODE_586_length_1182_cov_2.115350"	"PrePostFVT"	"Post"	"PrePostFVTPost"	NA	NA	NA	NA	NA	NA	NA	"grouping factors must have > 1 sampled level"	"abundance"	60	2
"NODE_596_length_3718_cov_2.839476"	"PrePostFVT"	"During"	"PrePostFVTDuring"	NA	NA	NA	NA	NA	0.917270476045309	1	"No data points have the baseline factor level"	"abundance"	60	9
"NODE_596_length_3718_cov_2.839476"	"PrePostFVT"	"Post"	"PrePostFVTPost"	NA	NA	NA	NA	NA	0.917476055713439	1	"No data points have the baseline factor level"	"abundance"	60	9
"NODE_596_length_4704_cov_8.276188"	"PrePostFVT"	"During"	"PrePostFVTDuring"	NA	NA	NA	NA	NA	0.974393417877482	1	"number of levels of each grouping factor must be < number of observations (problems: AnimalID)"	"abundance"	60	4
"NODE_596_length_4704_cov_8.276188"	"PrePostFVT"	"Post"	"PrePostFVTPost"	NA	NA	NA	NA	NA	0.573223920113672	1	"number of levels of each grouping factor must be < number of observations (problems: AnimalID)"	"abundance"	60	4
"NODE_598_length_4398_cov_5.399033"	"PrePostFVT"	"During"	"PrePostFVTDuring"	NA	NA	NA	NA	NA	0.999299320888923	1	"No data points have the baseline factor level"	"abundance"	60	5
"NODE_598_length_4398_cov_5.399033"	"PrePostFVT"	"Post"	"PrePostFVTPost"	NA	NA	NA	NA	NA	0.957220317791296	1	"No data points have the baseline factor level"	"abundance"	60	5
"NODE_612_length_3670_cov_4.402490"	"PrePostFVT"	"During"	"PrePostFVTDuring"	NA	NA	NA	NA	NA	NA	NA	"No data points have the baseline factor level"	"abundance"	60	10
"NODE_612_length_3670_cov_4.402490"	"PrePostFVT"	"Post"	"PrePostFVTPost"	NA	NA	NA	NA	NA	NA	NA	"No data points have the baseline factor level"	"abundance"	60	10
"NODE_612_length_4307_cov_4.113829"	"PrePostFVT"	"During"	"PrePostFVTDuring"	NA	NA	NA	NA	NA	0.930063474056258	1	"No data points have the baseline factor level"	"abundance"	60	4
"NODE_612_length_4307_cov_4.113829"	"PrePostFVT"	"Post"	"PrePostFVTPost"	NA	NA	NA	NA	NA	0.930371122540983	1	"No data points have the baseline factor level"	"abundance"	60	4
"NODE_62_length_14493_cov_5.859191"	"PrePostFVT"	"During"	"PrePostFVTDuring"	NA	NA	NA	NA	NA	0.930063474056258	1	"No data points have the baseline factor level"	"abundance"	60	5
"NODE_62_length_14493_cov_5.859191"	"PrePostFVT"	"Post"	"PrePostFVTPost"	NA	NA	NA	NA	NA	0.930371122540983	1	"No data points have the baseline factor level"	"abundance"	60	5
"NODE_632_length_4491_cov_6.169973"	"PrePostFVT"	"During"	"PrePostFVTDuring"	NA	NA	NA	NA	NA	0.999956824670037	1	"No data points have the baseline factor level"	"abundance"	60	4
"NODE_632_length_4491_cov_6.169973"	"PrePostFVT"	"Post"	"PrePostFVTPost"	NA	NA	NA	NA	NA	0.938730866976599	1	"No data points have the baseline factor level"	"abundance"	60	4
"NODE_636_length_4461_cov_3.897413"	"PrePostFVT"	"During"	"PrePostFVTDuring"	NA	NA	NA	NA	NA	0.939989071995527	1	"No data points have the baseline factor level"	"abundance"	60	7
"NODE_636_length_4461_cov_3.897413"	"PrePostFVT"	"Post"	"PrePostFVTPost"	NA	NA	NA	NA	NA	0.934794025688857	1	"No data points have the baseline factor level"	"abundance"	60	7
"NODE_638_length_3566_cov_3.047565"	"PrePostFVT"	"During"	"PrePostFVTDuring"	NA	NA	NA	NA	NA	0.950810678824403	1	"No data points have the baseline factor level"	"abundance"	60	6
"NODE_638_length_3566_cov_3.047565"	"PrePostFVT"	"Post"	"PrePostFVTPost"	NA	NA	NA	NA	NA	0.947507450012239	1	"No data points have the baseline factor level"	"abundance"	60	6
"NODE_649_length_3541_cov_5.194205"	"PrePostFVT"	"During"	"PrePostFVTDuring"	NA	NA	NA	NA	NA	0.231029563648417	1	"No data points have the baseline factor level"	"abundance"	60	6
"NODE_649_length_3541_cov_5.194205"	"PrePostFVT"	"Post"	"PrePostFVTPost"	NA	NA	NA	NA	NA	0.118632836779104	1	"No data points have the baseline factor level"	"abundance"	60	6
"NODE_655_length_3520_cov_3.797114"	"PrePostFVT"	"During"	"PrePostFVTDuring"	NA	NA	NA	NA	NA	0.961962219155715	1	"No data points have the baseline factor level"	"abundance"	60	7
"NODE_655_length_3520_cov_3.797114"	"PrePostFVT"	"Post"	"PrePostFVTPost"	NA	NA	NA	NA	NA	0.958655541131114	1	"No data points have the baseline factor level"	"abundance"	60	7
"NODE_67_length_14209_cov_8.247774"	"PrePostFVT"	"During"	"PrePostFVTDuring"	NA	NA	NA	NA	NA	0.977375490233778	1	"number of levels of each grouping factor must be < number of observations (problems: AnimalID)"	"abundance"	60	7
"NODE_67_length_14209_cov_8.247774"	"PrePostFVT"	"Post"	"PrePostFVTPost"	NA	NA	NA	NA	NA	0.388928907047169	1	"number of levels of each grouping factor must be < number of observations (problems: AnimalID)"	"abundance"	60	7
"NODE_684_length_1350_cov_2.419305"	"PrePostFVT"	"During"	"PrePostFVTDuring"	NA	NA	NA	NA	NA	0.968584302596638	1	"No data points have the baseline factor level"	"abundance"	60	7
"NODE_684_length_1350_cov_2.419305"	"PrePostFVT"	"Post"	"PrePostFVTPost"	NA	NA	NA	NA	NA	0.96764348619681	1	"No data points have the baseline factor level"	"abundance"	60	7
"NODE_71_length_2451_cov_4.832220"	"PrePostFVT"	"During"	"PrePostFVTDuring"	NA	NA	NA	NA	NA	0.987772127463037	1	"grouping factors must have > 1 sampled level"	"abundance"	60	2
"NODE_71_length_2451_cov_4.832220"	"PrePostFVT"	"Post"	"PrePostFVTPost"	NA	NA	NA	NA	NA	0.987620072313551	1	"grouping factors must have > 1 sampled level"	"abundance"	60	2
"NODE_718_length_3957_cov_7.268324"	"PrePostFVT"	"During"	"PrePostFVTDuring"	NA	NA	NA	NA	NA	0.908549699791501	1	"No data points have the baseline factor level"	"abundance"	60	12
"NODE_718_length_3957_cov_7.268324"	"PrePostFVT"	"Post"	"PrePostFVTPost"	NA	NA	NA	NA	NA	0.912766689034586	1	"No data points have the baseline factor level"	"abundance"	60	12
"NODE_72_length_5267_cov_4.193975"	"PrePostFVT"	"During"	"PrePostFVTDuring"	NA	NA	NA	NA	NA	0.95696632789315	1	"No data points have the baseline factor level"	"abundance"	60	15
"NODE_72_length_5267_cov_4.193975"	"PrePostFVT"	"Post"	"PrePostFVTPost"	NA	NA	NA	NA	NA	0.961622756016491	1	"No data points have the baseline factor level"	"abundance"	60	15
"NODE_720_length_1472_cov_2.302047"	"PrePostFVT"	"During"	"PrePostFVTDuring"	NA	NA	NA	NA	NA	0.997724731261705	1	"No data points have the baseline factor level"	"abundance"	60	3
"NODE_720_length_1472_cov_2.302047"	"PrePostFVT"	"Post"	"PrePostFVTPost"	NA	NA	NA	NA	NA	0.926877467228352	1	"No data points have the baseline factor level"	"abundance"	60	3
"NODE_721_length_3287_cov_5.030322"	"PrePostFVT"	"During"	"PrePostFVTDuring"	NA	NA	NA	NA	NA	0.999934519606503	1	"No data points have the baseline factor level"	"abundance"	60	5
"NODE_721_length_3287_cov_5.030322"	"PrePostFVT"	"Post"	"PrePostFVTPost"	NA	NA	NA	NA	NA	0.90644914392928	1	"No data points have the baseline factor level"	"abundance"	60	5
"NODE_724_length_3495_cov_6.613663"	"PrePostFVT"	"During"	"PrePostFVTDuring"	NA	NA	NA	NA	NA	0.999026718793332	1	"No data points have the baseline factor level"	"abundance"	60	5
"NODE_724_length_3495_cov_6.613663"	"PrePostFVT"	"Post"	"PrePostFVTPost"	NA	NA	NA	NA	NA	0.95912249233851	1	"No data points have the baseline factor level"	"abundance"	60	5
"NODE_726_length_3481_cov_4.020432"	"PrePostFVT"	"During"	"PrePostFVTDuring"	NA	NA	NA	NA	NA	0.999439571442314	1	"No data points have the baseline factor level"	"abundance"	60	3
"NODE_726_length_3481_cov_4.020432"	"PrePostFVT"	"Post"	"PrePostFVTPost"	NA	NA	NA	NA	NA	0.940303229246901	1	"No data points have the baseline factor level"	"abundance"	60	3
"NODE_738_length_3371_cov_4.189988"	"PrePostFVT"	"During"	"PrePostFVTDuring"	NA	NA	NA	NA	NA	0.930063474056258	1	"No data points have the baseline factor level"	"abundance"	60	4
"NODE_738_length_3371_cov_4.189988"	"PrePostFVT"	"Post"	"PrePostFVTPost"	NA	NA	NA	NA	NA	0.930371122540983	1	"No data points have the baseline factor level"	"abundance"	60	4
"NODE_74_length_2302_cov_3.058300"	"PrePostFVT"	"During"	"PrePostFVTDuring"	NA	NA	NA	NA	NA	0.955856211186788	1	"No data points have the baseline factor level"	"abundance"	60	9
"NODE_74_length_2302_cov_3.058300"	"PrePostFVT"	"Post"	"PrePostFVTPost"	NA	NA	NA	NA	NA	0.950995867691452	1	"No data points have the baseline factor level"	"abundance"	60	9
"NODE_75_length_13779_cov_7.662489|provirus_3931_13575"	"PrePostFVT"	"During"	"PrePostFVTDuring"	NA	NA	NA	NA	NA	0.837814136416337	1	"No data points have the baseline factor level"	"abundance"	60	17
"NODE_75_length_13779_cov_7.662489|provirus_3931_13575"	"PrePostFVT"	"Post"	"PrePostFVTPost"	NA	NA	NA	NA	NA	0.851123469582015	1	"No data points have the baseline factor level"	"abundance"	60	17
"NODE_754_length_3289_cov_3.889920"	"PrePostFVT"	"During"	"PrePostFVTDuring"	NA	NA	NA	NA	NA	0.962833422408228	1	"No data points have the baseline factor level"	"abundance"	60	3
"NODE_754_length_3289_cov_3.889920"	"PrePostFVT"	"Post"	"PrePostFVTPost"	NA	NA	NA	NA	NA	0.964849322317752	1	"No data points have the baseline factor level"	"abundance"	60	3
"NODE_761_length_3239_cov_5.625942"	"PrePostFVT"	"During"	"PrePostFVTDuring"	NA	NA	NA	NA	NA	0.930063474056258	1	"No data points have the baseline factor level"	"abundance"	60	4
"NODE_761_length_3239_cov_5.625942"	"PrePostFVT"	"Post"	"PrePostFVTPost"	NA	NA	NA	NA	NA	0.930371122540983	1	"No data points have the baseline factor level"	"abundance"	60	4
"NODE_762_length_3220_cov_4.843286"	"PrePostFVT"	"During"	"PrePostFVTDuring"	NA	NA	NA	NA	NA	0.999439571442314	1	"No data points have the baseline factor level"	"abundance"	60	3
"NODE_762_length_3220_cov_4.843286"	"PrePostFVT"	"Post"	"PrePostFVTPost"	NA	NA	NA	NA	NA	0.940303229246901	1	"No data points have the baseline factor level"	"abundance"	60	3
"NODE_78_length_12711_cov_5.460730"	"PrePostFVT"	"During"	"PrePostFVTDuring"	NA	NA	NA	NA	NA	0.930063474056258	1	"No data points have the baseline factor level"	"abundance"	60	5
"NODE_78_length_12711_cov_5.460730"	"PrePostFVT"	"Post"	"PrePostFVTPost"	NA	NA	NA	NA	NA	0.930371122540983	1	"No data points have the baseline factor level"	"abundance"	60	5
"NODE_788_length_3026_cov_16.785594"	"PrePostFVT"	"During"	"PrePostFVTDuring"	NA	NA	NA	NA	NA	0.958629643714806	1	"Fitting error (NA p-value returned from fitting procedure)"	"abundance"	60	11
"NODE_796_length_3004_cov_6.914547"	"PrePostFVT"	"During"	"PrePostFVTDuring"	NA	NA	NA	NA	NA	0.939085984262715	1	"No data points have the baseline factor level"	"abundance"	60	7
"NODE_796_length_3004_cov_6.914547"	"PrePostFVT"	"Post"	"PrePostFVTPost"	NA	NA	NA	NA	NA	0.942604239742014	1	"No data points have the baseline factor level"	"abundance"	60	7
"NODE_797_length_2999_cov_3.300611"	"PrePostFVT"	"During"	"PrePostFVTDuring"	NA	NA	NA	NA	NA	0.999439571442314	1	"No data points have the baseline factor level"	"abundance"	60	3
"NODE_797_length_2999_cov_3.300611"	"PrePostFVT"	"Post"	"PrePostFVTPost"	NA	NA	NA	NA	NA	0.940303229246901	1	"No data points have the baseline factor level"	"abundance"	60	3
"NODE_82_length_5911_cov_4.870902"	"PrePostFVT"	"During"	"PrePostFVTDuring"	NA	NA	NA	NA	NA	0.100907119902474	1	"grouping factors must have > 1 sampled level"	"abundance"	60	13
"NODE_82_length_5911_cov_4.870902"	"PrePostFVT"	"Post"	"PrePostFVTPost"	NA	NA	NA	NA	NA	0.0275139751424169	0.574204698624352	"grouping factors must have > 1 sampled level"	"abundance"	60	13
"NODE_840_length_1139_cov_2.715867"	"PrePostFVT"	"During"	"PrePostFVTDuring"	NA	NA	NA	NA	NA	0.998120816002672	1	"No data points have the baseline factor level"	"abundance"	60	3
"NODE_840_length_1139_cov_2.715867"	"PrePostFVT"	"Post"	"PrePostFVTPost"	NA	NA	NA	NA	NA	0.90222061180061	1	"No data points have the baseline factor level"	"abundance"	60	3
"NODE_85_length_6973_cov_5.469066"	"PrePostFVT"	"During"	"PrePostFVTDuring"	NA	NA	NA	NA	NA	0.0398565697935083	0.708561240773481	"grouping factors must have > 1 sampled level"	"abundance"	60	10
"NODE_85_length_6973_cov_5.469066"	"PrePostFVT"	"Post"	"PrePostFVTPost"	NA	NA	NA	NA	NA	0.642658728410543	1	"grouping factors must have > 1 sampled level"	"abundance"	60	10
"NODE_864_length_2910_cov_4.731349"	"PrePostFVT"	"During"	"PrePostFVTDuring"	NA	NA	NA	NA	NA	0.999439571442314	1	"No data points have the baseline factor level"	"abundance"	60	3
"NODE_864_length_2910_cov_4.731349"	"PrePostFVT"	"Post"	"PrePostFVTPost"	NA	NA	NA	NA	NA	0.940303229246901	1	"No data points have the baseline factor level"	"abundance"	60	3
"NODE_877_length_2867_cov_5.203058"	"PrePostFVT"	"During"	"PrePostFVTDuring"	NA	NA	NA	NA	NA	0.253176102990486	1	"No data points have the baseline factor level"	"abundance"	60	7
"NODE_877_length_2867_cov_5.203058"	"PrePostFVT"	"Post"	"PrePostFVTPost"	NA	NA	NA	NA	NA	0.125084200567766	1	"No data points have the baseline factor level"	"abundance"	60	7
"NODE_89_length_1910_cov_3.343396"	"PrePostFVT"	"During"	"PrePostFVTDuring"	NA	NA	NA	NA	NA	1	1	"No data points have the baseline factor level"	"abundance"	60	2
"NODE_89_length_1910_cov_3.343396"	"PrePostFVT"	"Post"	"PrePostFVTPost"	NA	NA	NA	NA	NA	0.390712138234547	1	"No data points have the baseline factor level"	"abundance"	60	2
"NODE_925_length_2493_cov_15.062756"	"PrePostFVT"	"During"	"PrePostFVTDuring"	NA	NA	NA	NA	NA	0.78926682161677	1	"No data points have the baseline factor level"	"abundance"	60	9
"NODE_925_length_2493_cov_15.062756"	"PrePostFVT"	"Post"	"PrePostFVTPost"	NA	NA	NA	NA	NA	0.806905770213968	1	"No data points have the baseline factor level"	"abundance"	60	9
"NODE_961_length_2630_cov_5.485825"	"PrePostFVT"	"During"	"PrePostFVTDuring"	NA	NA	NA	NA	NA	0.999439571442314	1	"No data points have the baseline factor level"	"abundance"	60	3
"NODE_961_length_2630_cov_5.485825"	"PrePostFVT"	"Post"	"PrePostFVTPost"	NA	NA	NA	NA	NA	0.940303229246901	1	"No data points have the baseline factor level"	"abundance"	60	3
"NODE_98_length_10708_cov_5.776589"	"PrePostFVT"	"During"	"PrePostFVTDuring"	NA	NA	NA	NA	NA	0.930063474056258	1	"No data points have the baseline factor level"	"abundance"	60	5
"NODE_98_length_10708_cov_5.776589"	"PrePostFVT"	"Post"	"PrePostFVTPost"	NA	NA	NA	NA	NA	0.930371122540983	1	"No data points have the baseline factor level"	"abundance"	60	5
"NODE_99_length_2870_cov_2.821314"	"PrePostFVT"	"During"	"PrePostFVTDuring"	NA	NA	NA	NA	NA	0.963093533532588	1	"grouping factors must have > 1 sampled level"	"abundance"	60	3
"NODE_99_length_2870_cov_2.821314"	"PrePostFVT"	"Post"	"PrePostFVTPost"	NA	NA	NA	NA	NA	0.947096019371762	1	"grouping factors must have > 1 sampled level"	"abundance"	60	3
"NODE_118_length_14212_cov_7.809423"	"PrePostFVT"	"During"	"PrePostFVTDuring"	15.0958108709329	0	1295.27253988565	0.990701229747143	NA	0.934216407299379	1	"A large coefficient (>15 in absolute value) or small p-value
                (< 10^-10) was obtained from a feature present in >95% of
                samples. Check this is intended."	"prevalence"	60	58
"NODE_125_length_3140_cov_7.146191"	"PrePostFVT"	"During"	"PrePostFVTDuring"	15.0958108709329	0	1295.27253988565	0.990701229747143	NA	0.753726083392755	1	"A large coefficient (>15 in absolute value) or small p-value
                (< 10^-10) was obtained from a feature present in >95% of
                samples. Check this is intended."	"prevalence"	60	58
"NODE_128_length_6828_cov_9.355825"	"PrePostFVT"	"During"	"PrePostFVTDuring"	15.0958108709329	0	1295.27253988565	0.990701229747143	NA	0.789034018958414	1	"A large coefficient (>15 in absolute value) or small p-value
                (< 10^-10) was obtained from a feature present in >95% of
                samples. Check this is intended."	"prevalence"	60	58
"NODE_139_length_11886_cov_12.290001"	"PrePostFVT"	"During"	"PrePostFVTDuring"	15.0958108709329	0	1295.27253988565	0.990701229747143	NA	0.938824121061949	1	"A large coefficient (>15 in absolute value) or small p-value
                (< 10^-10) was obtained from a feature present in >95% of
                samples. Check this is intended."	"prevalence"	60	58
"NODE_151_length_11622_cov_6.802715"	"PrePostFVT"	"During"	"PrePostFVTDuring"	15.0958108709329	0	1295.27253988565	0.990701229747143	NA	0.833995519839568	1	"A large coefficient (>15 in absolute value) or small p-value
                (< 10^-10) was obtained from a feature present in >95% of
                samples. Check this is intended."	"prevalence"	60	58
"NODE_1618_length_1147_cov_4.225275"	"PrePostFVT"	"Post"	"PrePostFVTPost"	-16.2737735157721	0	2049.88521522599	0.993665764236303	NA	NA	NA	"A large coefficient (>15 in absolute value) or small
                p-value (< 10^-10) was obtained from a feature present
                in <5% of samples. Check this is intended."	"prevalence"	60	2
"NODE_178_length_5905_cov_7.559658"	"PrePostFVT"	"During"	"PrePostFVTDuring"	15.0958108709329	0	1295.27253988565	0.990701229747143	NA	0.849044269311434	1	"A large coefficient (>15 in absolute value) or small p-value
                (< 10^-10) was obtained from a feature present in >95% of
                samples. Check this is intended."	"prevalence"	60	58
"NODE_197_length_4114_cov_4.814240"	"PrePostFVT"	"During"	"PrePostFVTDuring"	15.0958108709329	0	1295.27253988565	0.990701229747143	NA	0.661256615068718	1	"A large coefficient (>15 in absolute value) or small p-value
                (< 10^-10) was obtained from a feature present in >95% of
                samples. Check this is intended."	"prevalence"	60	58
"NODE_229_length_4253_cov_7.022868"	"PrePostFVT"	"During"	"PrePostFVTDuring"	15.0958108709329	0	1295.27253988565	0.990701229747143	NA	0.863545986513115	1	"A large coefficient (>15 in absolute value) or small p-value
                (< 10^-10) was obtained from a feature present in >95% of
                samples. Check this is intended."	"prevalence"	60	58
"NODE_232_length_3859_cov_5.182177"	"PrePostFVT"	"During"	"PrePostFVTDuring"	15.0958108709329	0	1295.27253988565	0.990701229747143	NA	0.928416126903838	1	"A large coefficient (>15 in absolute value) or small p-value
                (< 10^-10) was obtained from a feature present in >95% of
                samples. Check this is intended."	"prevalence"	60	58
"NODE_233_length_5621_cov_11.496407"	"PrePostFVT"	"During"	"PrePostFVTDuring"	15.0958108709329	0	1295.27253988565	0.990701229747143	NA	0.953295522081923	1	"A large coefficient (>15 in absolute value) or small p-value
                (< 10^-10) was obtained from a feature present in >95% of
                samples. Check this is intended."	"prevalence"	60	58
"NODE_241_length_6412_cov_5.785433"	"PrePostFVT"	"During"	"PrePostFVTDuring"	15.0958108709329	0	1295.27253988565	0.990701229747143	NA	0.9440971667806	1	"A large coefficient (>15 in absolute value) or small p-value
                (< 10^-10) was obtained from a feature present in >95% of
                samples. Check this is intended."	"prevalence"	60	58
"NODE_25_length_41950_cov_8.418546"	"PrePostFVT"	"During"	"PrePostFVTDuring"	15.7994057943479	0	431.757647564443	0.970809343638874	NA	NA	NA	"Model is nearly unidentifiable: large eigenvalue ratio
 - Rescale variables?"	"prevalence"	60	10
"NODE_25_length_41950_cov_8.418546"	"PrePostFVT"	"Post"	"PrePostFVTPost"	16.0885146421576	0	431.757284360863	0.970275412059371	NA	NA	NA	"Model is nearly unidentifiable: large eigenvalue ratio
 - Rescale variables?"	"prevalence"	60	10
"NODE_267_length_4368_cov_4.549038"	"PrePostFVT"	"During"	"PrePostFVTDuring"	15.0958108709329	0	1295.27253988565	0.990701229747143	NA	0.848688738886818	1	"A large coefficient (>15 in absolute value) or small p-value
                (< 10^-10) was obtained from a feature present in >95% of
                samples. Check this is intended."	"prevalence"	60	58
"NODE_269_length_5610_cov_6.458146"	"PrePostFVT"	"During"	"PrePostFVTDuring"	15.0958108709329	0	1295.27253988565	0.990701229747143	NA	0.943517114548181	1	"A large coefficient (>15 in absolute value) or small p-value
                (< 10^-10) was obtained from a feature present in >95% of
                samples. Check this is intended."	"prevalence"	60	58
"NODE_293_length_1673_cov_2.770705"	"PrePostFVT"	"During"	"PrePostFVTDuring"	14.5816624204664	0	576.490670018959	0.979820587810882	NA	NA	NA	" Hessian is numerically singular: parameters are not uniquely determined"	"prevalence"	60	9
"NODE_293_length_1673_cov_2.770705"	"PrePostFVT"	"Post"	"PrePostFVTPost"	14.4955815308796	0	576.490279002722	0.979939675484262	NA	NA	NA	" Hessian is numerically singular: parameters are not uniquely determined"	"prevalence"	60	9
"NODE_343_length_5040_cov_8.169910"	"PrePostFVT"	"During"	"PrePostFVTDuring"	15.0958108709329	0	1295.27253988565	0.990701229747143	NA	0.828313136680645	1	"A large coefficient (>15 in absolute value) or small p-value
                (< 10^-10) was obtained from a feature present in >95% of
                samples. Check this is intended."	"prevalence"	60	58
"NODE_353_length_2871_cov_5.285156"	"PrePostFVT"	"During"	"PrePostFVTDuring"	NA	0	NA	NA	NA	0.589323642193926	1	"All logistic values are the same"	"prevalence"	60	60
"NODE_353_length_2871_cov_5.285156"	"PrePostFVT"	"Post"	"PrePostFVTPost"	NA	0	NA	NA	NA	0.00936490438333678	0.345781084923204	"All logistic values are the same"	"prevalence"	60	60
"NODE_355_length_1201_cov_1.719895"	"PrePostFVT"	"Post"	"PrePostFVTPost"	-16.230811024931	0	1672.64376890824	0.992257699736911	NA	NA	NA	"A large coefficient (>15 in absolute value) or small
                p-value (< 10^-10) was obtained from a feature present
                in <5% of samples. Check this is intended."	"prevalence"	60	2
"NODE_374_length_4296_cov_9.283660"	"PrePostFVT"	"Post"	"PrePostFVTPost"	-16.2737735157721	0	2049.88521522599	0.993665764236303	NA	NA	NA	"A large coefficient (>15 in absolute value) or small
                p-value (< 10^-10) was obtained from a feature present
                in <5% of samples. Check this is intended."	"prevalence"	60	2
"NODE_41_length_39188_cov_6.935476"	"PrePostFVT"	"During"	"PrePostFVTDuring"	15.0958108709329	0	1295.27253988565	0.990701229747143	NA	0.940612558349211	1	"A large coefficient (>15 in absolute value) or small p-value
                (< 10^-10) was obtained from a feature present in >95% of
                samples. Check this is intended."	"prevalence"	60	58
"NODE_427_length_2990_cov_4.285179"	"PrePostFVT"	"During"	"PrePostFVTDuring"	15.0958108709329	0	1295.27253988565	0.990701229747143	NA	0.979188882087598	1	"A large coefficient (>15 in absolute value) or small p-value
                (< 10^-10) was obtained from a feature present in >95% of
                samples. Check this is intended."	"prevalence"	60	58
"NODE_428_length_2744_cov_4.066567"	"PrePostFVT"	"During"	"PrePostFVTDuring"	15.0958108709329	0	1295.27253988565	0.990701229747143	NA	0.678895991449136	1	"A large coefficient (>15 in absolute value) or small p-value
                (< 10^-10) was obtained from a feature present in >95% of
                samples. Check this is intended."	"prevalence"	60	58
"NODE_468_length_3043_cov_5.770080"	"PrePostFVT"	"During"	"PrePostFVTDuring"	15.0958108709329	0	1295.27253988565	0.990701229747143	NA	0.810008959222542	1	"A large coefficient (>15 in absolute value) or small p-value
                (< 10^-10) was obtained from a feature present in >95% of
                samples. Check this is intended."	"prevalence"	60	58
"NODE_48_length_39392_cov_13.718484"	"PrePostFVT"	"During"	"PrePostFVTDuring"	15.0958108709329	0	1295.27253988565	0.990701229747143	NA	0.865038849144191	1	"A large coefficient (>15 in absolute value) or small p-value
                (< 10^-10) was obtained from a feature present in >95% of
                samples. Check this is intended."	"prevalence"	60	58
"NODE_500_length_2986_cov_4.587172"	"PrePostFVT"	"During"	"PrePostFVTDuring"	15.0958108709329	0	1295.27253988565	0.990701229747143	NA	0.807936512055641	1	"A large coefficient (>15 in absolute value) or small p-value
                (< 10^-10) was obtained from a feature present in >95% of
                samples. Check this is intended."	"prevalence"	60	58
"NODE_503_length_2600_cov_5.917092"	"PrePostFVT"	"During"	"PrePostFVTDuring"	15.0958108709329	0	1295.27253988565	0.990701229747143	NA	0.857489045097601	1	"A large coefficient (>15 in absolute value) or small p-value
                (< 10^-10) was obtained from a feature present in >95% of
                samples. Check this is intended."	"prevalence"	60	58
"NODE_51_length_4179_cov_5.019641"	"PrePostFVT"	"During"	"PrePostFVTDuring"	15.0958108709329	0	1295.27253988565	0.990701229747143	NA	0.880260619786769	1	"A large coefficient (>15 in absolute value) or small p-value
                (< 10^-10) was obtained from a feature present in >95% of
                samples. Check this is intended."	"prevalence"	60	58
"NODE_58_length_8379_cov_10.701225"	"PrePostFVT"	"During"	"PrePostFVTDuring"	15.0958108709329	0	1295.27253988565	0.990701229747143	NA	0.95230041556162	1	"A large coefficient (>15 in absolute value) or small p-value
                (< 10^-10) was obtained from a feature present in >95% of
                samples. Check this is intended."	"prevalence"	60	58
"NODE_586_length_1182_cov_2.115350"	"PrePostFVT"	"Post"	"PrePostFVTPost"	-16.3021273843902	0	2365.31004934247	0.99450088466231	NA	NA	NA	"A large coefficient (>15 in absolute value) or small
                p-value (< 10^-10) was obtained from a feature present
                in <5% of samples. Check this is intended."	"prevalence"	60	2
"NODE_6_length_52607_cov_9.933057|provirus_1_41423"	"PrePostFVT"	"During"	"PrePostFVTDuring"	NA	0	NA	NA	NA	0.618019288197202	1	"All logistic values are the same"	"prevalence"	60	60
"NODE_6_length_52607_cov_9.933057|provirus_1_41423"	"PrePostFVT"	"Post"	"PrePostFVTPost"	NA	0	NA	NA	NA	0.00834194296928559	0.333677718771423	"All logistic values are the same"	"prevalence"	60	60
"NODE_612_length_3670_cov_4.402490"	"PrePostFVT"	"During"	"PrePostFVTDuring"	15.493988900581	0	463.782165200475	0.973349308681514	NA	NA	NA	"Model is nearly unidentifiable: large eigenvalue ratio
 - Rescale variables?"	"prevalence"	60	10
"NODE_612_length_3670_cov_4.402490"	"PrePostFVT"	"Post"	"PrePostFVTPost"	16.6632356922651	0	463.781482568293	0.971338919171935	NA	NA	NA	"Model is nearly unidentifiable: large eigenvalue ratio
 - Rescale variables?"	"prevalence"	60	10
