"feature"	"metadata"	"value"	"name"	"coef"	"null_hypothesis"	"stderr"	"pval_individual"	"qval_individual"	"pval_joint"	"qval_joint"	"error"	"model"	"N"	"N_not_zero"
"NODE_193_length_39712_cov_6.226190"	"PrePostFVT"	"Post"	"PrePostFVTPost"	-3.93391752796906	0.710938090833022	0.61249566412283	1.96551883634364e-05	0.0519290076561991	1.96551883634364e-05	0.0324310607996701	NA	"abundance"	20	16
"NODE_1125_length_2758_cov_3.078801"	"PrePostFVT"	"Post"	"PrePostFVTPost"	3.23048185700563	0.710938090833022	0.327608624715841	6.82065681153999e-05	0.0600672509869622	0.000136408484094866	0.0711509716304414	NA	"abundance"	20	11
"NODE_177_length_43590_cov_15.368715"	"PrePostFVT"	"Post"	"PrePostFVTPost"	-2.55584920869528	0.710938090833022	0.534569319334251	6.70603526494633e-05	0.0600672509869622	0.000134116208208029	0.0711509716304414	NA	"abundance"	20	18
"NODE_196_length_44600_cov_157.390863"	"PrePostFVT"	"Post"	"PrePostFVTPost"	-2.891931032734	0.710938090833022	0.700549200416849	0.000196479259780091	0.113927798210683	0.000196479259780091	0.0711509716304414	NA	"abundance"	20	20
"NODE_69_length_45823_cov_15.638940"	"PrePostFVT"	"Post"	"PrePostFVTPost"	-4.75971502793673	0.710938090833022	0.862455016044992	0.000215609004940732	0.113927798210683	0.000215609004940732	0.0711509716304414	NA	"abundance"	20	15
"NODE_193_length_39712_cov_6.226190"	"PrePostFVT"	"During"	"PrePostFVTDuring"	-3.46277568184626	0.608336514533057	0.711690700335565	0.000277034833912865	0.121987671866298	0.00055399291952653	0.114261039652347	NA	"abundance"	20	16
"NODE_848_length_2982_cov_33.972327"	"PrePostFVT"	"During"	"PrePostFVTDuring"	2.0820372022814	0.608336514533057	0.322287556909727	0.000437232128231645	0.165023897541144	0.000437232128231645	0.114261039652347	NA	"abundance"	20	20
"NODE_1361_length_3313_cov_10.090853"	"PrePostFVT"	"Post"	"PrePostFVTPost"	5.47909458303198	0.710938090833022	0.594026719685212	0.000502463377129819	0.165938530297123	0.000502463377129819	0.114261039652347	NA	"abundance"	20	10
"NODE_1204_length_4872_cov_178.189329"	"PrePostFVT"	"Post"	"PrePostFVTPost"	2.54095649426386	0.710938090833022	0.44240932326445	0.000973294629002136	0.28571604553596	0.000973294629002136	0.178437348650392	NA	"abundance"	20	20
"NODE_1000_length_3623_cov_9.385090"	"PrePostFVT"	"During"	"PrePostFVTDuring"	2.6969219903801	0.608336514533057	0.487645921640697	0.00113976885313855	0.301126930999205	0.00227823863323852	0.313257812070296	NA	"abundance"	20	17
"NODE_1000_length_3623_cov_9.385090"	"PrePostFVT"	"Post"	"PrePostFVTPost"	2.22669009990576	0.710938090833022	0.398161227722979	0.00275081995778726	0.353721096707513	0.00549407290513436	0.39452319173861	NA	"abundance"	20	17
"NODE_1085_length_2628_cov_21.639583"	"PrePostFVT"	"Post"	"PrePostFVTPost"	3.09935277704021	0.710938090833022	0.61566798469402	0.00229092413549137	0.353721096707513	0.00457659993758817	0.39452319173861	NA	"abundance"	20	17
"NODE_109_length_17329_cov_21.961503"	"PrePostFVT"	"During"	"PrePostFVTDuring"	2.63217694699349	0.608336514533057	0.536617237818222	0.00281156057186138	0.353721096707513	0.00561521627087351	0.39452319173861	NA	"abundance"	20	17
"NODE_1286_length_3943_cov_8.614969"	"PrePostFVT"	"Post"	"PrePostFVTPost"	2.90160268520373	0.710938090833022	0.566060198831371	0.0016097237158365	0.353721096707513	0.0016097237158365	0.265604413113023	NA	"abundance"	20	20
"NODE_1414_length_2598_cov_9.086119"	"PrePostFVT"	"Post"	"PrePostFVTPost"	-0.763998357176557	0.710938090833022	0.390420059970468	0.00207059436828581	0.353721096707513	0.00413690137553364	0.39452319173861	NA	"abundance"	20	19
"NODE_336_length_3001_cov_13.074338"	"PrePostFVT"	"Post"	"PrePostFVTPost"	4.06441260080684	0.710938090833022	0.818449911139981	0.00220336468434871	0.353721096707513	0.00440187455276519	0.39452319173861	NA	"abundance"	20	14
"NODE_336_length_5681_cov_48.252755"	"PrePostFVT"	"During"	"PrePostFVTDuring"	1.82582845396043	0.608336514533057	0.331775938031964	0.00261091556322101	0.353721096707513	0.00261091556322101	0.331385436870359	NA	"abundance"	20	20
"NODE_650_length_2189_cov_5.598875"	"PrePostFVT"	"During"	"PrePostFVTDuring"	2.66907673330747	0.608336514533057	0.539514347866783	0.00255321084553162	0.353721096707513	0.0050999028054415	0.39452319173861	NA	"abundance"	20	17
"NODE_650_length_2189_cov_5.598875"	"PrePostFVT"	"Post"	"PrePostFVTPost"	2.49147886861111	0.710938090833022	0.44051162039468	0.00179349127596079	0.353721096707513	0.00358376594096464	0.39452319173861	NA	"abundance"	20	17
"NODE_848_length_2982_cov_33.972327"	"PrePostFVT"	"Post"	"PrePostFVTPost"	1.64506846606092	0.710938090833022	0.240218961850827	0.00198440708947258	0.353721096707513	0.00198440708947258	0.297661063420887	NA	"abundance"	20	20
"NODE_871_length_5587_cov_53.783442"	"PrePostFVT"	"Post"	"PrePostFVTPost"	2.57664670665364	0.710938090833022	0.492814558413134	0.00277995386053187	0.353721096707513	0.00555217957759705	0.39452319173861	NA	"abundance"	20	17
"NODE_109_length_17329_cov_21.961503"	"PrePostFVT"	"Post"	"PrePostFVTPost"	2.34457976057754	0.710938090833022	0.438146139945459	0.00311460031014185	0.354840050206199	0.00621949988519177	0.39452319173861	NA	"abundance"	20	17
"NODE_1204_length_4872_cov_178.189329"	"PrePostFVT"	"During"	"PrePostFVTDuring"	2.4583116943155	0.608336514533057	0.593554392419394	0.00738705196844615	0.354840050206199	0.00738705196844615	0.39452319173861	NA	"abundance"	20	20
"NODE_1211_length_2702_cov_7.191160"	"PrePostFVT"	"During"	"PrePostFVTDuring"	5.40556047006123	0.608336514533057	0.600044499397542	0.00414809897045024	0.354840050206199	0.00414809897045024	0.39452319173861	NA	"abundance"	20	9
"NODE_1276_length_3712_cov_7.215204"	"PrePostFVT"	"Post"	"PrePostFVTPost"	3.04498151643097	0.710938090833022	0.336766710395072	0.00514112698375699	0.354840050206199	0.0102558227808509	0.39452319173861	NA	"abundance"	20	7
"NODE_1352_length_2592_cov_8.143871"	"PrePostFVT"	"Post"	"PrePostFVTPost"	2.33615348733149	0.710938090833022	0.467110081782776	0.00486263787384578	0.354840050206199	0.0097016305005994	0.39452319173861	NA	"abundance"	20	17
"NODE_1361_length_3313_cov_10.090853"	"PrePostFVT"	"During"	"PrePostFVTDuring"	4.46696101472538	0.608336514533057	0.777763545081085	0.00430939048788119	0.354840050206199	0.00430939048788119	0.39452319173861	NA	"abundance"	20	10
"NODE_140_length_42940_cov_112.379737"	"PrePostFVT"	"During"	"PrePostFVTDuring"	-2.81637640680754	0.608336514533057	0.844875333933439	0.0049208440178999	0.354840050206199	0.0098174733299513	0.39452319173861	NA	"abundance"	20	12
"NODE_1414_length_2598_cov_9.086119"	"PrePostFVT"	"During"	"PrePostFVTDuring"	-1.13992952492116	0.608336514533057	0.523803476324107	0.00472831321247687	0.354840050206199	0.00943426947911846	0.39452319173861	NA	"abundance"	20	19
"NODE_1437_length_4716_cov_90.242223"	"PrePostFVT"	"Post"	"PrePostFVTPost"	2.81541327849584	0.710938090833022	0.664398548371756	0.00660725070329819	0.354840050206199	0.00660725070329819	0.39452319173861	NA	"abundance"	20	20
"NODE_147_length_36185_cov_117.717548"	"PrePostFVT"	"Post"	"PrePostFVTPost"	-2.19312917206509	0.710938090833022	0.864010753634329	0.00648848057062841	0.354840050206199	0.0129348607611414	0.39452319173861	NA	"abundance"	20	14
"NODE_1483_length_3329_cov_5.952352"	"PrePostFVT"	"Post"	"PrePostFVTPost"	3.30107245884528	0.710938090833022	0.811446783927144	0.00724373971967871	0.354840050206199	0.014435007674231	0.396962711041351	NA	"abundance"	20	18
"NODE_1503_length_2806_cov_3.922937"	"PrePostFVT"	"Post"	"PrePostFVTPost"	-3.54062707335465	0.710938090833022	1.06674455036839	0.00534275720672518	0.354840050206199	0.0106569693588803	0.39452319173861	NA	"abundance"	20	12
"NODE_1535_length_2614_cov_6.153576"	"PrePostFVT"	"Post"	"PrePostFVTPost"	2.71811528629709	0.710938090833022	0.595969673114084	0.00581988476731187	0.354840050206199	0.011605898475919	0.39452319173861	NA	"abundance"	20	17
"NODE_168_length_20682_cov_21.840016"	"PrePostFVT"	"Post"	"PrePostFVTPost"	2.8536049266447	0.710938090833022	0.652349353304912	0.00672313909025734	0.354840050206199	0.0134010775812877	0.39452319173861	NA	"abundance"	20	17
"NODE_1840_length_3253_cov_88.970294"	"PrePostFVT"	"Post"	"PrePostFVTPost"	3.15942568710746	0.710938090833022	0.758458523627599	0.00743970278101302	0.354840050206199	0.0148240563845562	0.400978574336357	NA	"abundance"	20	17
"NODE_198_length_8163_cov_9.324741"	"PrePostFVT"	"During"	"PrePostFVTDuring"	2.70640580641408	0.608336514533057	0.568598977717819	0.00320819542990232	0.354840050206199	0.00640609834188819	0.39452319173861	NA	"abundance"	20	17
"NODE_198_length_8163_cov_9.324741"	"PrePostFVT"	"Post"	"PrePostFVTPost"	2.26334438413757	0.710938090833022	0.4642591212256	0.00625993783482282	0.354840050206199	0.0124806888479498	0.39452319173861	NA	"abundance"	20	17
"NODE_2141_length_3217_cov_14.745098"	"PrePostFVT"	"Post"	"PrePostFVTPost"	2.79773338110418	0.710938090833022	0.627697023047715	0.00628436195503494	0.354840050206199	0.012529230704888	0.39452319173861	NA	"abundance"	20	17
"NODE_299_length_12840_cov_7.627063"	"PrePostFVT"	"During"	"PrePostFVTDuring"	-1.6528502042526	0.608336514533057	0.694451197487366	0.00761829285135563	0.354840050206199	0.0151785473167422	0.403945210848785	NA	"abundance"	20	18
"NODE_331_length_7917_cov_41.518189"	"PrePostFVT"	"Post"	"PrePostFVTPost"	3.27099427537004	0.710938090833022	0.828947920414425	0.00765551962973253	0.354840050206199	0.00765551962973253	0.39452319173861	NA	"abundance"	20	20
"NODE_38_length_1261_cov_5.764511"	"PrePostFVT"	"Post"	"PrePostFVTPost"	2.89590703229874	0.710938090833022	0.670796720460743	0.00707865010199016	0.354840050206199	0.0141071929167139	0.39452319173861	NA	"abundance"	20	17
"NODE_4382_length_1351_cov_5.240741"	"PrePostFVT"	"Post"	"PrePostFVTPost"	3.00905406191541	0.710938090833022	0.659888297255434	0.00467270017169227	0.354840050206199	0.00932356621649001	0.39452319173861	NA	"abundance"	20	17
"NODE_4383_length_1318_cov_9.849565"	"PrePostFVT"	"Post"	"PrePostFVTPost"	3.22707409376712	0.710938090833022	0.739201635626752	0.00541466744481	0.354840050206199	0.0108000162660821	0.39452319173861	NA	"abundance"	20	17
"NODE_515_length_15976_cov_64.566108|provirus_96_3676"	"PrePostFVT"	"During"	"PrePostFVTDuring"	-3.0503541348825	0.608336514533057	0.900529098184267	0.00483755810696735	0.354840050206199	0.00965171424549641	0.39452319173861	NA	"abundance"	20	12
"NODE_530_length_12000_cov_40.575303"	"PrePostFVT"	"During"	"PrePostFVTDuring"	-1.72722212439014	0.608336514533057	0.691355627023041	0.0068691048324804	0.354840050206199	0.0136910250637612	0.39452319173861	NA	"abundance"	20	17
"NODE_626_length_2561_cov_6.706704"	"PrePostFVT"	"Post"	"PrePostFVTPost"	2.70059424023879	0.710938090833022	0.569398962288845	0.00466468867196118	0.354840050206199	0.00930761802351604	0.39452319173861	NA	"abundance"	20	17
"NODE_6390_length_1229_cov_3.322828"	"PrePostFVT"	"Post"	"PrePostFVTPost"	1.80745422879429	0.710938090833022	0.195330842746771	0.00566838094663919	0.354840050206199	0.0113046313507222	0.39452319173861	NA	"abundance"	20	9
"NODE_661_length_9488_cov_99.243613"	"PrePostFVT"	"Post"	"PrePostFVTPost"	-1.40846799187432	0.710938090833022	0.506690926142604	0.00596085039196705	0.354840050206199	0.0118861690465387	0.39452319173861	NA	"abundance"	20	12
"NODE_69_length_45823_cov_15.638940"	"PrePostFVT"	"During"	"PrePostFVTDuring"	-3.05661428755452	0.608336514533057	0.940753727374524	0.00478133685173701	0.354840050206199	0.00953981252138424	0.39452319173861	NA	"abundance"	20	15
"NODE_732_length_3221_cov_7.692988"	"PrePostFVT"	"Post"	"PrePostFVTPost"	2.51968721126356	0.710938090833022	0.546824938093179	0.00655263144920911	0.354840050206199	0.0130623259195091	0.39452319173861	NA	"abundance"	20	17
"NODE_8_length_113388_cov_131.683737"	"PrePostFVT"	"Post"	"PrePostFVTPost"	3.1542853966354	0.710938090833022	0.745987753451842	0.00620194321228393	0.354840050206199	0.00620194321228393	0.39452319173861	NA	"abundance"	20	18
"NODE_89_length_11981_cov_11.675918"	"PrePostFVT"	"Post"	"PrePostFVTPost"	2.87163887222751	0.710938090833022	0.600690040164881	0.00384132203389632	0.354840050206199	0.00766788831282454	0.39452319173861	NA	"abundance"	20	17
"NODE_895_length_8805_cov_38.271086"	"PrePostFVT"	"Post"	"PrePostFVTPost"	3.21379283224332	0.710938090833022	0.777457003747995	0.00634549274045744	0.354840050206199	0.0126507202027957	0.39452319173861	NA	"abundance"	20	19
"NODE_908_length_7168_cov_5.459440"	"PrePostFVT"	"Post"	"PrePostFVTPost"	2.49884148098843	0.710938090833022	0.542174718269572	0.00669219289514215	0.354840050206199	0.0133396003445385	0.39452319173861	NA	"abundance"	20	17
"NODE_98_length_33801_cov_18.976797"	"PrePostFVT"	"Post"	"PrePostFVTPost"	2.60463860072571	0.710938090833022	0.535023763369462	0.00427458688629707	0.354840050206199	0.00853090167954563	0.39452319173861	NA	"abundance"	20	17
"NODE_998_length_3199_cov_3.878181"	"PrePostFVT"	"During"	"PrePostFVTDuring"	-1.68627741131644	0.608336514533057	0.69223123641389	0.00632767449496742	0.354840050206199	0.0126153095254206	0.39452319173861	NA	"abundance"	20	17
"NODE_1686_length_3018_cov_10.032400"	"PrePostFVT"	"Post"	"PrePostFVTPost"	2.59498466348954	0.710938090833022	0.590103822724085	0.00803395829807509	0.357102073746146	0.016003372110215	0.411023675353133	NA	"abundance"	20	17
"NODE_2392_length_2556_cov_7.717313"	"PrePostFVT"	"Post"	"PrePostFVTPost"	2.88051734041555	0.710938090833022	0.704056779063622	0.00838013950501933	0.357102073746146	0.0166900522719151	0.411023675353133	NA	"abundance"	20	19
"NODE_543_length_4816_cov_8.005881"	"PrePostFVT"	"Post"	"PrePostFVTPost"	1.85405034379442	0.710938090833022	0.350563529357508	0.00828518702300984	0.357102073746146	0.0165017297220134	0.411023675353133	NA	"abundance"	20	18
"NODE_599_length_6553_cov_10.773161"	"PrePostFVT"	"Post"	"PrePostFVTPost"	2.32454087754815	0.710938090833022	0.503836936488675	0.0080346734770521	0.357102073746146	0.0160047909762214	0.411023675353133	NA	"abundance"	20	17
"NODE_714_length_7001_cov_23.326663"	"PrePostFVT"	"Post"	"PrePostFVTPost"	2.26827396633525	0.710938090833022	0.488335478279619	0.00819358527257793	0.357102073746146	0.0163200357055369	0.411023675353133	NA	"abundance"	20	17
"NODE_1006_length_5270_cov_5.930201"	"PrePostFVT"	"During"	"PrePostFVTDuring"	-1.29600594940361	0.608336514533057	0.605945734310791	0.00877871817636005	0.361882202704375	0.0174803704599002	0.415860294418156	NA	"abundance"	20	17
"NODE_1301_length_2543_cov_7.558682"	"PrePostFVT"	"Post"	"PrePostFVTPost"	2.61820973511302	0.710938090833022	0.611962714287317	0.00921016310593395	0.361882202704375	0.01833549910743	0.415860294418156	NA	"abundance"	20	17
"NODE_1503_length_2806_cov_3.922937"	"PrePostFVT"	"During"	"PrePostFVTDuring"	-3.18786836297513	0.608336514533057	1.06674455036839	0.00931046582168157	0.361882202704375	0.0185342468695464	0.415860294418156	NA	"abundance"	20	12
"NODE_2051_length_3108_cov_4.075336"	"PrePostFVT"	"Post"	"PrePostFVTPost"	1.53908263777798	0.710938090833022	0.26055793228306	0.00898837177084912	0.361882202704375	0.00898837177084912	0.39452319173861	NA	"abundance"	20	20
"NODE_253_length_10761_cov_24.310854"	"PrePostFVT"	"Post"	"PrePostFVTPost"	-1.40061205502008	0.710938090833022	0.508414525216588	0.00936924341776017	0.361882202704375	0.0186507041132991	0.415860294418156	NA	"abundance"	20	11
"NODE_615_length_9933_cov_5.439664"	"PrePostFVT"	"Post"	"PrePostFVTPost"	2.87391360924974	0.710938090833022	0.688879103018902	0.00882405385868105	0.361882202704375	0.0175702437908612	0.415860294418156	NA	"abundance"	20	17
"NODE_635_length_5374_cov_10.472081"	"PrePostFVT"	"Post"	"PrePostFVTPost"	2.30806737795007	0.710938090833022	0.528303643795871	0.00958809772494559	0.361882202704375	0.0190842638319081	0.419853804301978	NA	"abundance"	20	19
"NODE_999_length_5046_cov_25.372470"	"PrePostFVT"	"Post"	"PrePostFVTPost"	2.29619484458318	0.710938090833022	0.528773129929162	0.00951179972071885	0.361882202704375	0.00951179972071885	0.39452319173861	NA	"abundance"	20	20
"NODE_1974_length_1324_cov_3.793538"	"PrePostFVT"	"Post"	"PrePostFVTPost"	1.70568909621207	0.710938090833022	0.312620573780591	0.00985595538200689	0.366752593229045	0.0196147709075217	0.423358870919266	NA	"abundance"	20	18
"NODE_1070_length_3145_cov_8.108414"	"PrePostFVT"	"Post"	"PrePostFVTPost"	2.30108560347404	0.710938090833022	0.521291657967592	0.0105773271206793	0.367004535252431	0.0210427743923408	0.423358870919266	NA	"abundance"	20	17
"NODE_1109_length_4231_cov_23.831418"	"PrePostFVT"	"Post"	"PrePostFVTPost"	3.0027718865628	0.710938090833022	0.77008272423171	0.0102390024368157	0.367004535252431	0.0203731677027302	0.423358870919266	NA	"abundance"	20	19
"NODE_158_length_11081_cov_10.553238"	"PrePostFVT"	"Post"	"PrePostFVTPost"	3.02983647239821	0.710938090833022	0.780072829670134	0.0102924857213734	0.367004535252431	0.020479036180422	0.423358870919266	NA	"abundance"	20	19
"NODE_2460_length_2605_cov_26.049804"	"PrePostFVT"	"Post"	"PrePostFVTPost"	-0.290078256626038	0.710938090833022	0.330166389291306	0.0108351073995797	0.367004535252431	0.021552815246799	0.423358870919266	NA	"abundance"	20	18
"NODE_585_length_6652_cov_6.207367"	"PrePostFVT"	"Post"	"PrePostFVTPost"	2.51381387483565	0.710938090833022	0.589025964485299	0.0102650644853485	0.367004535252431	0.0204247574218086	0.423358870919266	NA	"abundance"	20	17
"NODE_755_length_4875_cov_7.749585"	"PrePostFVT"	"During"	"PrePostFVTDuring"	-1.45655973282718	0.608336514533057	0.681910602407024	0.0107960810431137	0.367004535252431	0.021475606720338	0.423358870919266	NA	"abundance"	20	17
"NODE_971_length_2671_cov_4.974006"	"PrePostFVT"	"Post"	"PrePostFVTPost"	-0.606643014705253	0.710938090833022	0.441345845552785	0.0105118258118415	0.367004535252431	0.0209131531417846	0.423358870919266	NA	"abundance"	20	19
"NODE_11_length_66886_cov_11.614326|provirus_7399_66886"	"PrePostFVT"	"During"	"PrePostFVTDuring"	-1.32730238433985	0.608336514533057	0.643591003285752	0.0112588484541445	0.376530096403162	0.0223909352397756	0.434647566419174	NA	"abundance"	20	17
"NODE_714_length_7001_cov_23.326663"	"PrePostFVT"	"During"	"PrePostFVTDuring"	2.39746030512998	0.608336514533057	0.598086372541522	0.011576225574638	0.382304849602421	0.0230184421507212	0.441632901728952	NA	"abundance"	20	17
"NODE_153_length_9880_cov_18.089873"	"PrePostFVT"	"Post"	"PrePostFVTPost"	2.6983994865557	0.710938090833022	0.673483078937144	0.0124578083485158	0.393078760042357	0.0247604197081832	0.45632801862823	NA	"abundance"	20	17
"NODE_41_length_88707_cov_853.230034"	"PrePostFVT"	"Post"	"PrePostFVTPost"	-1.71323892894796	0.710938090833022	0.761223718691882	0.0121008377552679	0.393078760042357	0.0240552452361566	0.456220168271935	NA	"abundance"	20	16
"NODE_486_length_6444_cov_8.092190"	"PrePostFVT"	"Post"	"PrePostFVTPost"	1.82149856153763	0.710938090833022	0.368914206789529	0.0126856655926123	0.393078760042357	0.0252104050736971	0.45632801862823	NA	"abundance"	20	18
"NODE_502_length_8707_cov_57.547272"	"PrePostFVT"	"Post"	"PrePostFVTPost"	2.1998753007337	0.710938090833022	0.515845240648854	0.012576282364815	0.393078760042357	0.0249944018515104	0.45632801862823	NA	"abundance"	20	19
"NODE_708_length_8728_cov_26.528422"	"PrePostFVT"	"During"	"PrePostFVTDuring"	-1.0544099026699	0.608336514533057	0.565222744028637	0.012814671009944	0.393078760042357	0.0254651262267949	0.45632801862823	NA	"abundance"	20	17
"NODE_793_length_3426_cov_10.309107"	"PrePostFVT"	"Post"	"PrePostFVTPost"	2.43511054508222	0.710938090833022	0.605529179105603	0.0126673199889773	0.393078760042357	0.0126673199889773	0.39452319173861	NA	"abundance"	20	20
"NODE_915_length_3149_cov_9.552683"	"PrePostFVT"	"Post"	"PrePostFVTPost"	2.1083203387703	0.710938090833022	0.485689049165426	0.0129439258605924	0.393078760042357	0.0257203065045003	0.45632801862823	NA	"abundance"	20	19
"NODE_113_length_10944_cov_8.844155"	"PrePostFVT"	"Post"	"PrePostFVTPost"	1.72514077667016	0.710938090833022	0.340063860852292	0.0135700379420066	0.397586330040557	0.0269559299542657	0.462884253026292	NA	"abundance"	20	18
"NODE_336_length_5681_cov_48.252755"	"PrePostFVT"	"Post"	"PrePostFVTPost"	1.42888764049771	0.710938090833022	0.24729118357941	0.0135026292096009	0.397586330040557	0.0135026292096009	0.39452319173861	NA	"abundance"	20	20
"NODE_674_length_3219_cov_5.929520"	"PrePostFVT"	"Post"	"PrePostFVTPost"	1.84373191080687	0.710938090833022	0.381531515024369	0.0134800598931918	0.397586330040557	0.0267784077716596	0.462884253026292	NA	"abundance"	20	18
"NODE_700_length_2756_cov_6.677157"	"PrePostFVT"	"Post"	"PrePostFVTPost"	2.9745907366514	0.710938090833022	0.80061976736012	0.0136943058416695	0.397586330040557	0.0272010776708537	0.462884253026292	NA	"abundance"	20	19
"NODE_432_length_17999_cov_36.791239"	"PrePostFVT"	"During"	"PrePostFVTDuring"	-1.38002530812774	0.608336514533057	0.691718067335807	0.0143361340848217	0.400524492426144	0.0284667434291454	0.462884253026292	NA	"abundance"	20	17
"NODE_445_length_13206_cov_42.964718"	"PrePostFVT"	"During"	"PrePostFVTDuring"	-1.53779068493023	0.608336514533057	0.742633632874773	0.0145535016173012	0.400524492426144	0.0288951988252776	0.462884253026292	NA	"abundance"	20	18
"NODE_502_length_4680_cov_4.082162"	"PrePostFVT"	"Post"	"PrePostFVTPost"	-0.402344024024493	0.710938090833022	0.394586480058622	0.0140189647743773	0.400524492426144	0.0140189647743773	0.39452319173861	NA	"abundance"	20	20
"NODE_681_length_4804_cov_9.113708"	"PrePostFVT"	"Post"	"PrePostFVTPost"	2.33249963992583	0.710938090833022	0.563541270306618	0.0144934842287386	0.400524492426144	0.0287769073723885	0.462884253026292	NA	"abundance"	20	17
"NODE_795_length_2536_cov_4.845627"	"PrePostFVT"	"Post"	"PrePostFVTPost"	1.76746417585843	0.710938090833022	0.357987672719016	0.0143447482657785	0.400524492426144	0.0284837247287484	0.462884253026292	NA	"abundance"	20	18
"NODE_691_length_9321_cov_5.969566"	"PrePostFVT"	"During"	"PrePostFVTDuring"	-1.24809639211667	0.608336514533057	0.649778368113812	0.0148424220783835	0.404264733310198	0.0294645466636141	0.467466365336185	NA	"abundance"	20	17
"NODE_2629_length_2708_cov_15.615530"	"PrePostFVT"	"Post"	"PrePostFVTPost"	1.74031475707477	0.710938090833022	0.355551320723403	0.0158018672728063	0.413408457200295	0.0313540355363052	0.475474355226231	NA	"abundance"	20	18
"NODE_480_length_16803_cov_99.263016"	"PrePostFVT"	"Post"	"PrePostFVTPost"	2.60648488415137	0.710938090833022	0.683255118314887	0.0153538552632687	0.413408457200295	0.030471969655092	0.475474355226231	NA	"abundance"	20	19
"NODE_590_length_6739_cov_4.358767"	"PrePostFVT"	"Post"	"PrePostFVTPost"	-0.334518041406795	0.710938090833022	0.360172450936878	0.0158040326181793	0.413408457200295	0.0313582977893622	0.475474355226231	NA	"abundance"	20	15
"NODE_994_length_4515_cov_8.534753"	"PrePostFVT"	"Post"	"PrePostFVTPost"	3.68889450351129	0	1.52479863111691	0.0155518345507317	0.413408457200295	0.03086180954357	0.475474355226231	NA	"prevalence"	20	12
"NODE_424_length_13454_cov_10.768266"	"PrePostFVT"	"Post"	"PrePostFVTPost"	2.63059054668913	0.710938090833022	0.681427093590175	0.0159767738251375	0.413829769078562	0.0316982903484154	0.475474355226231	NA	"abundance"	20	17
"NODE_1070_length_3145_cov_8.108414"	"PrePostFVT"	"During"	"PrePostFVTDuring"	2.38272729249834	0.608336514533057	0.638449284595027	0.0171258198895379	0.41492464570163	0.0339583460721868	0.47724151592352	NA	"abundance"	20	17
"NODE_115_length_68071_cov_76.287815|provirus_44295_57657"	"PrePostFVT"	"Post"	"PrePostFVTPost"	1.70022595240571	0.710938090833022	0.351423219773228	0.0182631191058818	0.41492464570163	0.036192696692288	0.47724151592352	NA	"abundance"	20	18
"NODE_1472_length_4419_cov_16.031852"	"PrePostFVT"	"Post"	"PrePostFVTPost"	2.92772556642721	0.710938090833022	0.83308441939892	0.0190009535299305	0.41492464570163	0.0376408708248143	0.47724151592352	NA	"abundance"	20	19
"NODE_1563_length_2301_cov_10.660285"	"PrePostFVT"	"Post"	"PrePostFVTPost"	1.9560561235778	0.710938090833022	0.466176248288388	0.018410859192672	0.41492464570163	0.018410859192672	0.415860294418156	NA	"abundance"	20	20
"NODE_1656_length_3207_cov_14.056472"	"PrePostFVT"	"Post"	"PrePostFVTPost"	1.62121854994895	0.710938090833022	0.312165497971686	0.0185221045601904	0.41492464570163	0.0185221045601904	0.415860294418156	NA	"abundance"	20	16
"NODE_1861_length_1706_cov_9.000606"	"PrePostFVT"	"Post"	"PrePostFVTPost"	1.73400040392227	0.710938090833022	0.359008256478849	0.0171355579031199	0.41492464570163	0.0339774884615886	0.47724151592352	NA	"abundance"	20	18
"NODE_196_length_10813_cov_8.589515"	"PrePostFVT"	"Post"	"PrePostFVTPost"	1.94739938191451	0.710938090833022	0.434965579491812	0.0167548148065685	0.41492464570163	0.0332289057939345	0.47724151592352	NA	"abundance"	20	18
"NODE_2061_length_3718_cov_15.018291"	"PrePostFVT"	"Post"	"PrePostFVTPost"	1.52437094152788	0.710938090833022	0.288055402846637	0.0187555216398926	0.41492464570163	0.0371592736878006	0.47724151592352	NA	"abundance"	20	18
"NODE_319_length_16836_cov_11.794708"	"PrePostFVT"	"During"	"PrePostFVTDuring"	3.88199851400422	0.608336514533057	0.677617887838362	0.0177879664790549	0.41492464570163	0.0352595212066499	0.47724151592352	NA	"abundance"	20	10
"NODE_414_length_12838_cov_6.220840"	"PrePostFVT"	"During"	"PrePostFVTDuring"	-1.30671276480282	0.608336514533057	0.686838410125953	0.0167423085804914	0.41492464570163	0.0332043122643784	0.47724151592352	NA	"abundance"	20	17
"NODE_615_length_6450_cov_19.525410"	"PrePostFVT"	"Post"	"PrePostFVTPost"	2.29114512125892	0.710938090833022	0.586702854576663	0.0180676453699657	0.41492464570163	0.0358088509307166	0.47724151592352	NA	"abundance"	20	19
"NODE_676_length_9711_cov_334.290079"	"PrePostFVT"	"Post"	"PrePostFVTPost"	-1.29379847709008	0.710938090833022	0.607729146353364	0.0168037790774375	0.41492464570163	0.0333251911635917	0.47724151592352	NA	"abundance"	20	10
"NODE_73_length_18156_cov_15.957737"	"PrePostFVT"	"Post"	"PrePostFVTPost"	2.63206479720138	0.710938090833022	0.701311176059989	0.0183748129784462	0.41492464570163	0.0364119922048994	0.47724151592352	NA	"abundance"	20	17
"NODE_732_length_11018_cov_1316.019976"	"PrePostFVT"	"Post"	"PrePostFVTPost"	-1.45486943026917	0.710938090833022	0.624201402565673	0.018153782697813	0.41492464570163	0.0359780055693867	0.47724151592352	NA	"abundance"	20	11
"NODE_738_length_3208_cov_8.286394"	"PrePostFVT"	"Post"	"PrePostFVTPost"	2.56600557687688	0.710938090833022	0.687666612456016	0.0178337003101911	0.41492464570163	0.0353493597536285	0.47724151592352	NA	"abundance"	20	19
"NODE_852_length_3922_cov_6.695112"	"PrePostFVT"	"Post"	"PrePostFVTPost"	-0.372775684950248	0.710938090833022	0.403152326800292	0.0190029833951163	0.41492464570163	0.0376448534123175	0.47724151592352	NA	"abundance"	20	19
"NODE_871_length_5587_cov_53.783442"	"PrePostFVT"	"During"	"PrePostFVTDuring"	2.25450388260235	0.608336514533057	0.603572102963596	0.0188390706223395	0.41492464570163	0.0373232306627654	0.47724151592352	NA	"abundance"	20	17
"NODE_913_length_4110_cov_6.185943"	"PrePostFVT"	"Post"	"PrePostFVTPost"	2.64815851648763	0.710938090833022	0.724697946085667	0.0186495092929918	0.41492464570163	0.0369512143891142	0.47724151592352	NA	"abundance"	20	19
"NODE_937_length_6155_cov_17.701311"	"PrePostFVT"	"Post"	"PrePostFVTPost"	1.7491411343065	0.710938090833022	0.366933195316329	0.0176049736639601	0.41492464570163	0.0349000122302114	0.47724151592352	NA	"abundance"	20	18
"NODE_299_length_12840_cov_7.627063"	"PrePostFVT"	"Post"	"PrePostFVTPost"	-0.779535523073963	0.710938090833022	0.549298715855282	0.0198589203937903	0.418309194515884	0.0393234640683738	0.47724151592352	NA	"abundance"	20	18
"NODE_599_length_6553_cov_10.773161"	"PrePostFVT"	"During"	"PrePostFVTDuring"	2.2802249828225	0.608336514533057	0.617071703982155	0.0196155641837539	0.418309194515884	0.0388463580092608	0.47724151592352	NA	"abundance"	20	17
"NODE_626_length_2561_cov_6.706704"	"PrePostFVT"	"During"	"PrePostFVTDuring"	2.48531199391439	0.608336514533057	0.697368458838956	0.0199945016066223	0.418309194515884	0.0395892231187473	0.47724151592352	NA	"abundance"	20	17
"NODE_766_length_5543_cov_5.652332"	"PrePostFVT"	"During"	"PrePostFVTDuring"	-1.15194925322243	0.608336514533057	0.653908906522539	0.0201079741497037	0.418309194515884	0.0398116176750023	0.47724151592352	NA	"abundance"	20	17
"NODE_908_length_7168_cov_5.459440"	"PrePostFVT"	"During"	"PrePostFVTDuring"	2.40103396503266	0.608336514533057	0.664025705598838	0.0197702386320565	0.418309194515884	0.0391496149285445	0.47724151592352	NA	"abundance"	20	17
"NODE_937_length_3593_cov_15.492086"	"PrePostFVT"	"During"	"PrePostFVTDuring"	1.06937436846267	0.608336514533057	0.119407619460446	0.019674741321022	0.418309194515884	0.0389623871959949	0.47724151592352	NA	"abundance"	20	11
"NODE_105_length_34419_cov_13.781283|provirus_17286_34418"	"PrePostFVT"	"During"	"PrePostFVTDuring"	1.62503747324191	0.608336514533057	0.346714702096098	0.0233604157892772	0.418694384350218	0.0461751225527065	0.47724151592352	NA	"abundance"	20	13
"NODE_108_length_44174_cov_28.077586"	"PrePostFVT"	"Post"	"PrePostFVTPost"	2.52000475987868	0.710938090833022	0.499512271433234	0.0278716223113338	0.418694384350218	0.0549664172924019	0.47986554779081	NA	"abundance"	20	9
"NODE_109_length_27773_cov_17.890613|provirus_5305_23161"	"PrePostFVT"	"Post"	"PrePostFVTPost"	1.84386016880537	0.710938090833022	0.418849813297846	0.0214493628967059	0.418694384350218	0.0424386506247372	0.47724151592352	NA	"abundance"	20	18
"NODE_1096_length_2260_cov_12.300680"	"PrePostFVT"	"Post"	"PrePostFVTPost"	1.96187808906186	0.710938090833022	0.464388122629376	0.0216451885137769	0.418694384350218	0.0428218628417569	0.47724151592352	NA	"abundance"	20	18
"NODE_1168_length_2630_cov_10.932427"	"PrePostFVT"	"Post"	"PrePostFVTPost"	-2.08659276559158	0.710938090833022	0.766248465361178	0.0220167528462383	0.418694384350218	0.0435487682865843	0.47724151592352	NA	"abundance"	20	8
"NODE_1185_length_3872_cov_14.769190"	"PrePostFVT"	"Post"	"PrePostFVTPost"	1.91665441140643	0.710938090833022	0.470278984911821	0.0237080755079895	0.418694384350218	0.0468540781716864	0.47724151592352	NA	"abundance"	20	19
"NODE_1268_length_3996_cov_39.488962"	"PrePostFVT"	"Post"	"PrePostFVTPost"	1.69489928912959	0.710938090833022	0.368106614076203	0.0232348532275595	0.418694384350218	0.0459298480506128	0.47724151592352	NA	"abundance"	20	18
"NODE_1309_length_2953_cov_6.256384"	"PrePostFVT"	"Post"	"PrePostFVTPost"	2.61729714539811	0.710938090833022	0.74989662980723	0.0238815026555098	0.418694384350218	0.0471926791419345	0.47724151592352	NA	"abundance"	20	19
"NODE_1352_length_2592_cov_8.143871"	"PrePostFVT"	"During"	"PrePostFVTDuring"	2.04574197523942	0.608336514533057	0.572090677038761	0.0280503050832659	0.418694384350218	0.0553137905512676	0.480356602155745	NA	"abundance"	20	17
"NODE_1385_length_4354_cov_8.070714"	"PrePostFVT"	"Post"	"PrePostFVTPost"	4.99573741597351	0.710938090833022	1.45149567747426	0.0214592742683896	0.418694384350218	0.0424580480846532	0.47724151592352	NA	"abundance"	20	11
"NODE_145_length_14038_cov_8.862905"	"PrePostFVT"	"Post"	"PrePostFVTPost"	1.70041399993555	0.710938090833022	0.373994797939639	0.024387051777159	0.418694384350218	0.0481793752599361	0.47724151592352	NA	"abundance"	20	18
"NODE_1535_length_2614_cov_6.153576"	"PrePostFVT"	"During"	"PrePostFVTDuring"	2.44555924595372	0.608336514533057	0.729910800651397	0.0275665633460355	0.418694384350218	0.05437321127736	0.47724151592352	NA	"abundance"	20	17
"NODE_1609_length_2520_cov_15.341582"	"PrePostFVT"	"Post"	"PrePostFVTPost"	2.49547936777386	0.710938090833022	0.714883584803018	0.0262474924441882	0.418694384350218	0.0518060540287686	0.47724151592352	NA	"abundance"	20	19
"NODE_1858_length_2630_cov_15.348350"	"PrePostFVT"	"Post"	"PrePostFVTPost"	2.32522872621205	0.710938090833022	0.640709162495953	0.0251424323158259	0.418694384350218	0.049652722728896	0.47724151592352	NA	"abundance"	20	19
"NODE_1936_length_2977_cov_4.843258"	"PrePostFVT"	"During"	"PrePostFVTDuring"	-1.38546747967774	0.608336514533057	0.759208685150411	0.0225513641265483	0.418694384350218	0.0445941642291285	0.47724151592352	NA	"abundance"	20	17
"NODE_204_length_7962_cov_6.369546"	"PrePostFVT"	"Post"	"PrePostFVTPost"	1.67475760982089	0.710938090833022	0.351300877910707	0.0207612407851882	0.418694384350218	0.0410914524514358	0.47724151592352	NA	"abundance"	20	18
"NODE_2263_length_3069_cov_20.793298"	"PrePostFVT"	"Post"	"PrePostFVTPost"	2.06132858428033	0.710938090833022	0.54116471300706	0.0267227079661736	0.418694384350218	0.0527313128113018	0.47724151592352	NA	"abundance"	20	19
"NODE_2269_length_1480_cov_4.322807"	"PrePostFVT"	"During"	"PrePostFVTDuring"	1.35318311999483	0.608336514533057	0.236873317700837	0.0221581481370549	0.418694384350218	0.0438253127452461	0.47724151592352	NA	"abundance"	20	12
"NODE_28_length_164425_cov_74.042416|provirus_29_45282"	"PrePostFVT"	"Post"	"PrePostFVTPost"	2.58364154677787	0.710938090833022	0.747401851843366	0.0255819330858289	0.418694384350218	0.0505094308712499	0.47724151592352	NA	"abundance"	20	19
"NODE_303_length_11603_cov_19.569363"	"PrePostFVT"	"Post"	"PrePostFVTPost"	1.5973448347305	0.710938090833022	0.342846323398606	0.0275683104130365	0.418694384350218	0.0543766090870434	0.47724151592352	NA	"abundance"	20	18
"NODE_321_length_5931_cov_9.859939"	"PrePostFVT"	"Post"	"PrePostFVTPost"	1.80925492554158	0.710938090833022	0.436964070452978	0.026397659075852	0.418694384350218	0.0520984817470191	0.47724151592352	NA	"abundance"	20	19
"NODE_325_length_3511_cov_3.129340"	"PrePostFVT"	"During"	"PrePostFVTDuring"	-1.25259303402259	0.608336514533057	0.735801609083743	0.0271773163908552	0.418694384350218	0.0536160262555017	0.47724151592352	NA	"abundance"	20	19
"NODE_340_length_10477_cov_17.771925"	"PrePostFVT"	"Post"	"PrePostFVTPost"	2.03464498825837	0.710938090833022	0.532065579922851	0.0271495008257555	0.418694384350218	0.0535619062564232	0.47724151592352	NA	"abundance"	20	19
"NODE_369_length_11021_cov_18.926774"	"PrePostFVT"	"During"	"PrePostFVTDuring"	-1.14134338333246	0.608336514533057	0.661315521001023	0.0218376530899123	0.418694384350218	0.0431984230873491	0.47724151592352	NA	"abundance"	20	17
"NODE_396_length_13688_cov_5.961417"	"PrePostFVT"	"During"	"PrePostFVTDuring"	-1.13101822261904	0.608336514533057	0.679013092107175	0.0255965705449907	0.418694384350218	0.0505379566663167	0.47724151592352	NA	"abundance"	20	17
"NODE_400_length_5362_cov_8.985114"	"PrePostFVT"	"Post"	"PrePostFVTPost"	2.51064419961064	0.710938090833022	0.710564771171547	0.0244497082828698	0.418694384350218	0.0483016283306221	0.47724151592352	NA	"abundance"	20	19
"NODE_406_length_5653_cov_8.832797"	"PrePostFVT"	"Post"	"PrePostFVTPost"	2.84914653100776	0.710938090833022	0.819595042126379	0.0209470042279237	0.418694384350218	0.0414552314697228	0.47724151592352	NA	"abundance"	20	19
"NODE_445_length_13206_cov_42.964718"	"PrePostFVT"	"Post"	"PrePostFVTPost"	-0.792610169357312	0.710938090833022	0.584600510622208	0.0253094438564942	0.418694384350218	0.0499783197646633	0.47724151592352	NA	"abundance"	20	18
"NODE_446_length_10263_cov_13.200137"	"PrePostFVT"	"Post"	"PrePostFVTPost"	2.72195805176433	0.710938090833022	0.784307411053279	0.0228768959968445	0.418694384350218	0.0452304396232385	0.47724151592352	NA	"abundance"	20	19
"NODE_486_length_8815_cov_3.911872"	"PrePostFVT"	"During"	"PrePostFVTDuring"	-1.08882782910332	0.608336514533057	0.657231760743209	0.0245499944195685	0.418694384350218	0.0484972866131362	0.47724151592352	NA	"abundance"	20	16
"NODE_504_length_3999_cov_6.731237"	"PrePostFVT"	"Post"	"PrePostFVTPost"	2.65522262893267	0.710938090833022	0.750734514237812	0.0218264102337705	0.418694384350218	0.0431764282838482	0.47724151592352	NA	"abundance"	20	19
"NODE_55_length_89827_cov_97.896738"	"PrePostFVT"	"Post"	"PrePostFVTPost"	-1.90668633141738	0.710938090833022	0.882161710721963	0.0212375017711598	0.418694384350218	0.0420239720608396	0.47724151592352	NA	"abundance"	20	10
"NODE_590_length_11219_cov_18.329631"	"PrePostFVT"	"Post"	"PrePostFVTPost"	2.67283153809372	0.710938090833022	0.781898319544544	0.0254536121022258	0.418694384350218	0.0502593378354011	0.47724151592352	NA	"abundance"	20	19
"NODE_615_length_11576_cov_114.611145"	"PrePostFVT"	"Post"	"PrePostFVTPost"	2.25440864966169	0.710938090833022	0.61672507736869	0.0261342160693192	0.418694384350218	0.0515854348890806	0.47724151592352	NA	"abundance"	20	19
"NODE_657_length_8520_cov_10.546367"	"PrePostFVT"	"Post"	"PrePostFVTPost"	2.55648074533352	0.710938090833022	0.722817222366042	0.0234542743938523	0.418694384350218	0.0463584458003626	0.47724151592352	NA	"abundance"	20	19
"NODE_675_length_7581_cov_100.919612"	"PrePostFVT"	"Post"	"PrePostFVTPost"	1.66546519409425	0.710938090833022	0.377503322494243	0.0252685984044949	0.418694384350218	0.0252685984044949	0.45632801862823	NA	"abundance"	20	20
"NODE_707_length_7557_cov_22.433484"	"PrePostFVT"	"During"	"PrePostFVTDuring"	-1.12944886147203	0.608336514533057	0.677246485452164	0.0240158311769104	0.418694384350218	0.047454902206703	0.47724151592352	NA	"abundance"	20	18
"NODE_74_length_38703_cov_8.351144|provirus_2_22265"	"PrePostFVT"	"Post"	"PrePostFVTPost"	1.88486099158305	0.710938090833022	0.475507402000533	0.0274416726059591	0.418694384350218	0.0274416726059591	0.462884253026292	NA	"abundance"	20	20
"NODE_76_length_13618_cov_10.242498"	"PrePostFVT"	"Post"	"PrePostFVTPost"	2.61977254319887	0.710938090833022	0.735327002446233	0.0216174518620837	0.418694384350218	0.042767589499158	0.47724151592352	NA	"abundance"	20	19
"NODE_760_length_4785_cov_34.652643"	"PrePostFVT"	"Post"	"PrePostFVTPost"	-0.11798264269357	0.710938090833022	0.307192126331	0.0206932795462232	0.418694384350218	0.0206932795462232	0.423358870919266	NA	"abundance"	20	20
"NODE_766_length_7639_cov_85.453718"	"PrePostFVT"	"Post"	"PrePostFVTPost"	1.48676826574531	0.710938090833022	0.311529964596048	0.0279241513856606	0.418694384350218	0.0279241513856606	0.462884253026292	NA	"abundance"	20	20
"NODE_772_length_3519_cov_8.262991"	"PrePostFVT"	"Post"	"PrePostFVTPost"	2.12170830286919	0.710938090833022	0.559148838113049	0.0252643944261089	0.418694384350218	0.0498904992264998	0.47724151592352	NA	"abundance"	20	19
"NODE_831_length_3694_cov_7.206650"	"PrePostFVT"	"Post"	"PrePostFVTPost"	-0.206367404231296	0.710938090833022	0.359735227097461	0.025258732464737	0.418694384350218	0.0498794613637488	0.47724151592352	NA	"abundance"	20	18
"NODE_897_length_4917_cov_16.169272"	"PrePostFVT"	"Post"	"PrePostFVTPost"	2.50570247641093	0.710938090833022	0.708150380262782	0.0244158404230653	0.418694384350218	0.048235547582566	0.47724151592352	NA	"abundance"	20	19
"NODE_957_length_6801_cov_3.555885"	"PrePostFVT"	"During"	"PrePostFVTDuring"	-1.14507607547992	0.608336514533057	0.677939884986746	0.0243041427382246	0.418694384350218	0.0480175941222091	0.47724151592352	NA	"abundance"	20	17
"NODE_98_length_33801_cov_18.976797"	"PrePostFVT"	"During"	"PrePostFVTDuring"	2.30623477952035	0.608336514533057	0.655267610259375	0.0241769527161878	0.418694384350218	0.0477693803897347	0.47724151592352	NA	"abundance"	20	17
"NODE_999_length_5046_cov_25.372470"	"PrePostFVT"	"During"	"PrePostFVTDuring"	2.34228661942721	0.608336514533057	0.709423597918162	0.0279180578640814	0.418694384350218	0.0279180578640814	0.462884253026292	NA	"abundance"	20	20
"NODE_140_length_42940_cov_112.379737"	"PrePostFVT"	"Post"	"PrePostFVTPost"	-4.80712512264073	0	2.1748712630591	0.027084119985487	0.418694384350218	0.0534346904155858	0.47724151592352	NA	"prevalence"	20	12
"NODE_515_length_15976_cov_64.566108|provirus_96_3676"	"PrePostFVT"	"Post"	"PrePostFVTPost"	-4.80712512264073	0	2.1748712630591	0.027084119985487	0.418694384350218	0.0534346904155858	0.47724151592352	NA	"prevalence"	20	12
"NODE_937_length_3593_cov_15.492086"	"PrePostFVT"	"Post"	"PrePostFVTPost"	-4.80712512264073	0	2.1748712630591	0.027084119985487	0.418694384350218	0.0534346904155858	0.47724151592352	NA	"prevalence"	20	11
"NODE_831_length_3694_cov_7.206650"	"PrePostFVT"	"During"	"PrePostFVTDuring"	-0.554405853111912	0.608336514533057	0.471003973804641	0.0282501125330737	0.419307850069554	0.055702156208016	0.481196637399092	NA	"abundance"	20	18
"NODE_2208_length_1898_cov_12.739555"	"PrePostFVT"	"Post"	"PrePostFVTPost"	2.65245517406756	0.710938090833022	0.793399842597653	0.0286953388343403	0.423536788828643	0.056567255197863	0.486124849356635	NA	"abundance"	20	19
"NODE_1125_length_5473_cov_26.248431"	"PrePostFVT"	"Post"	"PrePostFVTPost"	2.70318117299825	0.710938090833022	0.818790741203128	0.0293647285001067	0.424344543927953	0.0578671697203285	0.48773742084967	NA	"abundance"	20	19
"NODE_286_length_13153_cov_47.017331"	"PrePostFVT"	"Post"	"PrePostFVTPost"	-0.0247297047979617	0.710938090833022	0.29449142449167	0.0290761880559315	0.424344543927953	0.0573069513999991	0.48773742084967	NA	"abundance"	20	19
"NODE_3139_length_1729_cov_6.163082"	"PrePostFVT"	"During"	"PrePostFVTDuring"	-0.878463009684738	0.608336514533057	0.019449680032427	0.029436503812328	0.424344543927953	0.0580064998679629	0.48773742084967	NA	"abundance"	20	7
"NODE_4819_length_1553_cov_13.226969"	"PrePostFVT"	"Post"	"PrePostFVTPost"	1.93566374920154	0.710938090833022	0.48762515374165	0.0295531400767386	0.424344543927953	0.0582328920650818	0.48773742084967	NA	"abundance"	20	18
"NODE_518_length_4291_cov_13.228281"	"PrePostFVT"	"During"	"PrePostFVTDuring"	-0.987511460006964	0.608336514533057	0.526174339374723	0.0294147794165215	0.424344543927953	0.0579643295849204	0.48773742084967	NA	"abundance"	20	9
"NODE_6522_length_1270_cov_9.375309"	"PrePostFVT"	"During"	"PrePostFVTDuring"	-1.07136003054943	0.608336514533057	0.679416783814257	0.0299396572729698	0.424951628862581	0.0589829314683168	0.488822604419425	NA	"abundance"	20	17
"NODE_732_length_3221_cov_7.692988"	"PrePostFVT"	"During"	"PrePostFVTDuring"	2.26183669023883	0.608336514533057	0.669721038478644	0.0300779540489412	0.424951628862581	0.0592512247781121	0.488822604419425	NA	"abundance"	20	17
"NODE_752_length_3170_cov_7.854896"	"PrePostFVT"	"Post"	"PrePostFVTPost"	1.82163566343164	0.710938090833022	0.441577147513097	0.0300545717961111	0.424951628862581	0.0592058663063747	0.488822604419425	NA	"abundance"	20	18
"NODE_177_length_43590_cov_15.368715"	"PrePostFVT"	"During"	"PrePostFVTDuring"	-1.06429805524563	0.608336514533057	0.675061156433743	0.0312575578914535	0.431279982256002	0.0615380808575695	0.494478095540919	NA	"abundance"	20	18
"NODE_1855_length_3427_cov_4.307236"	"PrePostFVT"	"Post"	"PrePostFVTPost"	0.211758337428305	0.710938090833022	0.186488970517215	0.0312020843781746	0.431279982256002	0.0614305986868065	0.494478095540919	NA	"abundance"	20	15
"NODE_42_length_31081_cov_10.095017|provirus_3_24148"	"PrePostFVT"	"Post"	"PrePostFVTPost"	2.61388672725636	0.710938090833022	0.791296335977084	0.0310506111151734	0.431279982256002	0.061137081779721	0.494478095540919	NA	"abundance"	20	19
"NODE_851_length_3033_cov_8.269980"	"PrePostFVT"	"Post"	"PrePostFVTPost"	1.71387476692177	0.710938090833022	0.401973204858531	0.0311178747595757	0.431279982256002	0.0612674273895988	0.494478095540919	NA	"abundance"	20	18
"NODE_877_length_7168_cov_3.728947"	"PrePostFVT"	"During"	"PrePostFVTDuring"	-0.724956359987428	0.608336514533057	0.00101407193511857	0.0315415523801516	0.431279982256002	0.0315415523801516	0.475474355226231	NA	"abundance"	20	4
"NODE_946_length_3616_cov_7.871665"	"PrePostFVT"	"Post"	"PrePostFVTPost"	1.87514567793079	0.710938090833022	0.482327071429605	0.031384706479552	0.431279982256002	0.0617844131582964	0.494478095540919	NA	"abundance"	20	19
"NODE_985_length_3872_cov_6.920094"	"PrePostFVT"	"Post"	"PrePostFVTPost"	1.6808444122488	0.710938090833022	0.389049364258766	0.0316685528227344	0.431279982256002	0.0623342084075825	0.494478095540919	NA	"abundance"	20	18
"NODE_1570_length_4197_cov_19.349107"	"PrePostFVT"	"Post"	"PrePostFVTPost"	1.56419879589945	0.710938090833022	0.342400395130413	0.0323652377351868	0.438507477417249	0.0636829668567185	0.502760264658304	NA	"abundance"	20	18
"NODE_353_length_5638_cov_9.194340"	"PrePostFVT"	"Post"	"PrePostFVTPost"	2.32627444897727	0.710938090833022	0.679919761321724	0.0331639790983069	0.447036901927178	0.0652281086869809	0.51250656825485	NA	"abundance"	20	19
"NODE_1472_length_3486_cov_6.937919"	"PrePostFVT"	"Post"	"PrePostFVTPost"	1.53473589118054	0.710938090833022	0.336056879740785	0.0349290439103228	0.457731933111588	0.0686380497121564	0.524379380869492	NA	"abundance"	20	18
"NODE_432_length_11598_cov_6.284415"	"PrePostFVT"	"During"	"PrePostFVTDuring"	-0.92681672871808	0.608336514533057	0.582675983139015	0.0345274745972355	0.457731933111588	0.0678628026924083	0.524379380869492	NA	"abundance"	20	10
"NODE_585_length_6652_cov_6.207367"	"PrePostFVT"	"During"	"PrePostFVTDuring"	2.33407823161164	0.608336514533057	0.721406529119854	0.034612020983949	0.457731933111588	0.0680260499713047	0.524379380869492	NA	"abundance"	20	17
"NODE_1062_length_4753_cov_4.627501"	"PrePostFVT"	"Post"	"PrePostFVTPost"	-2.86222597980822	0	1.35752361111027	0.0349949275779205	0.457731933111588	0.0687652101996572	0.524379380869492	NA	"prevalence"	20	7
"NODE_129_length_27218_cov_9.424806"	"PrePostFVT"	"Post"	"PrePostFVTPost"	-2.86217518651953	0	1.35751432940526	0.0349969154006589	0.457731933111588	0.0687690467137569	0.524379380869492	NA	"prevalence"	20	10
"NODE_414_length_5262_cov_3.088151"	"PrePostFVT"	"Post"	"PrePostFVTPost"	-2.86222331778154	0	1.3575194833791	0.0349945429984469	0.457731933111588	0.0687644679572236	0.524379380869492	NA	"prevalence"	20	9
"NODE_358_length_10507_cov_12.936854"	"PrePostFVT"	"Post"	"PrePostFVTPost"	1.5563818393628	0.710938090833022	0.346769262255331	0.0355920213844137	0.458703026817664	0.0699172507825989	0.524379380869492	NA	"abundance"	20	18
"NODE_548_length_8007_cov_11.081992"	"PrePostFVT"	"Post"	"PrePostFVTPost"	1.65176821445458	0.710938090833022	0.38843169545785	0.0355639659414767	0.458703026817664	0.0698631362094669	0.524379380869492	NA	"abundance"	20	18
"NODE_566_length_3670_cov_6.032365"	"PrePostFVT"	"Post"	"PrePostFVTPost"	2.38833311998611	0.710938090833022	0.71717217749897	0.0353185525005374	0.458703026817664	0.0693897048503416	0.524379380869492	NA	"abundance"	20	19
"NODE_1553_length_4236_cov_29.627601"	"PrePostFVT"	"Post"	"PrePostFVTPost"	2.51876237420312	0.710938090833022	0.777006612938061	0.0360249362904941	0.462028551842163	0.0707520765462541	0.528239485526331	NA	"abundance"	20	19
"NODE_191_length_11482_cov_6.117791"	"PrePostFVT"	"Post"	"PrePostFVTPost"	1.56872242540607	0.710938090833022	0.355923835858076	0.0370332069681918	0.462045793697809	0.0726949555180347	0.528992763931528	NA	"abundance"	20	18
"NODE_197_length_8479_cov_9.496083"	"PrePostFVT"	"Post"	"PrePostFVTPost"	2.42453751580979	0.710938090833022	0.736569252690643	0.0362394139060458	0.462045793697809	0.0711655326918379	0.528933013250146	NA	"abundance"	20	19
"NODE_2617_length_1899_cov_4.373102"	"PrePostFVT"	"Post"	"PrePostFVTPost"	3.81067583047026	0.710938090833022	0.606580139296618	0.0367162037288203	0.462045793697809	0.0720843278413844	0.528992763931528	NA	"abundance"	20	4
"NODE_3059_length_1111_cov_5.649621"	"PrePostFVT"	"Post"	"PrePostFVTPost"	2.73147945516328	0.710938090833022	0.394688715160225	0.0370728249483378	0.462045793697809	0.0727712555470256	0.528992763931528	NA	"abundance"	20	5
"NODE_732_length_11018_cov_1316.019976"	"PrePostFVT"	"During"	"PrePostFVTDuring"	-1.29225056802392	0.608336514533057	0.663539327973282	0.0364526768419703	0.462045793697809	0.0715765560349955	0.528992763931528	NA	"abundance"	20	11
"NODE_808_length_6843_cov_29.495580"	"PrePostFVT"	"Post"	"PrePostFVTPost"	1.78526715341441	0.710938090833022	0.461294995772587	0.037075589804669	0.462045793697809	0.0727765802499739	0.528992763931528	NA	"abundance"	20	19
"NODE_153_length_65213_cov_33.549280"	"PrePostFVT"	"Post"	"PrePostFVTPost"	-0.614459563725333	0.710938090833022	0.512834114930865	0.0374572025421632	0.46460999585162	0.0735113630620417	0.53199012742267	NA	"abundance"	20	11
"NODE_156_length_14543_cov_6.802250"	"PrePostFVT"	"Post"	"PrePostFVTPost"	1.58987406666524	0.710938090833022	0.369694708522332	0.038984659629865	0.478934990858886	0.0764495155732736	0.547256724396239	NA	"abundance"	20	18
"NODE_706_length_9031_cov_24.872995"	"PrePostFVT"	"Post"	"PrePostFVTPost"	1.31704388912709	0.710938090833022	0.241898451645946	0.0391027567503562	0.478934990858886	0.0766764879152349	0.547256724396239	NA	"abundance"	20	16
"NODE_76_length_24607_cov_45.251914"	"PrePostFVT"	"During"	"PrePostFVTDuring"	-1.18532716471229	0.608336514533057	0.780383034320208	0.0393372040183112	0.478934990858886	0.0393372040183112	0.47724151592352	NA	"abundance"	20	20
"NODE_817_length_4606_cov_10.906834"	"PrePostFVT"	"Post"	"PrePostFVTPost"	1.52399165359348	0.710938090833022	0.34149376762774	0.0392438457951631	0.478934990858886	0.0769476121575317	0.547256724396239	NA	"abundance"	20	18
"NODE_1260_length_2744_cov_11.166977"	"PrePostFVT"	"Post"	"PrePostFVTPost"	2.56500817257535	0.710938090833022	0.813715504742347	0.0395490412075863	0.479305352616711	0.0775339557547333	0.549060201696609	NA	"abundance"	20	19
"NODE_1133_length_5136_cov_33.778981"	"PrePostFVT"	"During"	"PrePostFVTDuring"	-2.69604099378388	0.608336514533057	1.28647557675726	0.0426020869947185	0.483522714104811	0.0833892361731314	0.562554475938266	NA	"abundance"	20	11
"NODE_1218_length_3762_cov_7.912868"	"PrePostFVT"	"During"	"PrePostFVTDuring"	-1.10681244953007	0.608336514533057	0.751832076220629	0.0422386059404099	0.483522714104811	0.0826931120490306	0.562554475938266	NA	"abundance"	20	17
"NODE_140_length_42940_cov_112.379737"	"PrePostFVT"	"Post"	"PrePostFVTPost"	-2.53669995417871	0.710938090833022	1.29056839018369	0.0402260549839336	0.483522714104811	0.0534346904155858	0.47724151592352	NA	"abundance"	20	12
"NODE_1437_length_4716_cov_90.242223"	"PrePostFVT"	"During"	"PrePostFVTDuring"	2.59299901418555	0.608336514533057	0.891384190986857	0.042035763873031	0.483522714104811	0.042035763873031	0.47724151592352	NA	"abundance"	20	20
"NODE_1438_length_3663_cov_5.024667"	"PrePostFVT"	"Post"	"PrePostFVTPost"	2.58014606403264	0.710938090833022	0.73198076767216	0.0438954796082932	0.483522714104811	0.0858641460865443	0.562554475938266	NA	"abundance"	20	8
"NODE_162_length_43197_cov_12.090260"	"PrePostFVT"	"Post"	"PrePostFVTPost"	-0.495827463772956	0.710938090833022	0.445010918231801	0.0438678154039392	0.483522714104811	0.0858112455795643	0.562554475938266	NA	"abundance"	20	9
"NODE_2141_length_3217_cov_14.745098"	"PrePostFVT"	"During"	"PrePostFVTDuring"	2.3517415139287	0.608336514533057	0.768768709765457	0.0431827602395162	0.483522714104811	0.0845007696971289	0.562554475938266	NA	"abundance"	20	17
"NODE_253_length_8024_cov_6.829590"	"PrePostFVT"	"Post"	"PrePostFVTPost"	2.05932604115267	0.710938090833022	0.600766014701531	0.0426584332626863	0.483522714104811	0.0834971245969456	0.562554475938266	NA	"abundance"	20	19
"NODE_295_length_27982_cov_394.127905"	"PrePostFVT"	"During"	"PrePostFVTDuring"	-1.16557142539323	0.608336514533057	0.777393900166002	0.0405888095073678	0.483522714104811	0.0405888095073678	0.47724151592352	NA	"abundance"	20	20
"NODE_3139_length_1729_cov_6.163082"	"PrePostFVT"	"Post"	"PrePostFVTPost"	-0.321879031566067	0.710938090833022	0.0137533449367392	0.0434694680631713	0.483522714104811	0.0850493414726475	0.562554475938266	NA	"abundance"	20	7
"NODE_424_length_5400_cov_8.976052"	"PrePostFVT"	"Post"	"PrePostFVTPost"	1.64211556044077	0.710938090833022	0.402145187363148	0.0430247137196209	0.483522714104811	0.0841983014485865	0.562554475938266	NA	"abundance"	20	18
"NODE_515_length_15976_cov_64.566108|provirus_96_3676"	"PrePostFVT"	"Post"	"PrePostFVTPost"	-2.68119982489662	0.710938090833022	1.37558091931324	0.0431848744226699	0.483522714104811	0.0534346904155858	0.47724151592352	NA	"abundance"	20	12
"NODE_530_length_12000_cov_40.575303"	"PrePostFVT"	"Post"	"PrePostFVTPost"	-0.585496527847018	0.710938090833022	0.564760673025137	0.0439233351192864	0.483522714104811	0.0859174108705716	0.562554475938266	NA	"abundance"	20	17
"NODE_657_length_7863_cov_7.580046"	"PrePostFVT"	"During"	"PrePostFVTDuring"	1.41018391118481	0.608336514533057	0.299452164121248	0.042093775893272	0.483522714104811	0.082415665817591	0.562554475938266	NA	"abundance"	20	12
"NODE_674_length_3219_cov_5.929520"	"PrePostFVT"	"During"	"PrePostFVTDuring"	1.71856595643899	0.608336514533057	0.484077928601721	0.0434779263576329	0.483522714104811	0.085065522634906	0.562554475938266	NA	"abundance"	20	18
"NODE_877_length_7168_cov_3.728947"	"PrePostFVT"	"Post"	"PrePostFVTPost"	1.75959150055791	0.710938090833022	0.00101407193511857	0.0420328999602874	0.483522714104811	0.0822990352415034	0.562554475938266	NA	"abundance"	20	4
"NODE_89_length_11981_cov_11.675918"	"PrePostFVT"	"During"	"PrePostFVTDuring"	2.29610695876676	0.608336514533057	0.735692045987945	0.0411819989888688	0.483522714104811	0.0806680409370185	0.562554475938266	NA	"abundance"	20	17
"NODE_990_length_2631_cov_10.267857"	"PrePostFVT"	"Post"	"PrePostFVTPost"	2.59702588019842	0.710938090833022	0.83292028008389	0.0405712400317398	0.483522714104811	0.0794964545457665	0.560551923079123	NA	"abundance"	20	19
"NODE_1474_length_4254_cov_5.462967"	"PrePostFVT"	"Post"	"PrePostFVTPost"	-2.77284475553722	0	1.36932127736168	0.0428696762638424	0.483522714104811	0.0839015433847182	0.562554475938266	NA	"prevalence"	20	5
"NODE_1959_length_1469_cov_2.435644"	"PrePostFVT"	"Post"	"PrePostFVTPost"	-2.77262589978561	0	1.36930513704125	0.0428836397638662	0.483522714104811	0.0839282729683353	0.562554475938266	NA	"prevalence"	20	6
"NODE_4504_length_1360_cov_3.496552"	"PrePostFVT"	"Post"	"PrePostFVTPost"	-2.77284475553722	0	1.36932127736168	0.0428696762638424	0.483522714104811	0.0839015433847182	0.562554475938266	NA	"prevalence"	20	5
"NODE_619_length_11199_cov_10.410266"	"PrePostFVT"	"Post"	"PrePostFVTPost"	-3.70405160657056	0	1.81902163162447	0.0417214614067402	0.483522714104811	0.0817022424715662	0.562554475938266	NA	"prevalence"	20	7
"NODE_1334_length_2095_cov_3.035784"	"PrePostFVT"	"During"	"PrePostFVTDuring"	1.28935175243478	0.608336514533057	0.282936382021132	0.0443169201840223	0.484818550614104	0.0443169201840223	0.47724151592352	NA	"abundance"	20	15
"NODE_945_length_3174_cov_9.948702"	"PrePostFVT"	"Post"	"PrePostFVTPost"	2.46040694106297	0.710938090833022	0.789189126084208	0.0444080580047741	0.484818550614104	0.0868440403937928	0.566374176481257	NA	"abundance"	20	19
"NODE_162_length_43197_cov_12.090260"	"PrePostFVT"	"During"	"PrePostFVTDuring"	-0.462841818206321	0.608336514533057	0.398029865558363	0.0450004844728822	0.48682878715274	0.0879759253429702	0.567165810624114	NA	"abundance"	20	9
"NODE_48_length_29548_cov_16476.712644"	"PrePostFVT"	"Post"	"PrePostFVTPost"	-1.25128675190185	0.710938090833022	0.803126261317491	0.0450449358672676	0.48682878715274	0.088060825487249	0.567165810624114	NA	"abundance"	20	11
"NODE_994_length_4515_cov_8.534753"	"PrePostFVT"	"During"	"PrePostFVTDuring"	4.68935343606182	0.608336514533057	1.52247209706921	0.0451449859395993	0.48682878715274	0.0882519021237119	0.567165810624114	NA	"abundance"	20	12
"NODE_551_length_4189_cov_6.637639"	"PrePostFVT"	"Post"	"PrePostFVTPost"	2.26610661493704	0.710938090833022	0.704542178073157	0.0453731753827835	0.487300525859	0.0886876257212502	0.567188304031251	NA	"abundance"	20	19
"NODE_1472_length_3486_cov_6.937919"	"PrePostFVT"	"During"	"PrePostFVTDuring"	1.57970761151464	0.608336514533057	0.423917831159998	0.0458984953286552	0.490946658535656	0.0896903187838758	0.571386200746699	NA	"abundance"	20	18
"NODE_143_length_7437_cov_7.422650"	"PrePostFVT"	"Post"	"PrePostFVTPost"	2.46233791507492	0.710938090833022	0.810230819019165	0.0477909642349829	0.509127933503326	0.0477909642349829	0.47724151592352	NA	"abundance"	20	20
"NODE_427_length_16212_cov_30.515318"	"PrePostFVT"	"During"	"PrePostFVTDuring"	-1.12273105130503	0.608336514533057	0.790381099921862	0.048091331139934	0.510270268561066	0.048091331139934	0.47724151592352	NA	"abundance"	20	20
"NODE_657_length_7863_cov_7.580046"	"PrePostFVT"	"Post"	"PrePostFVTPost"	-4.15664828373232	0	2.10663337691318	0.0484814685108364	0.512352159222519	0.0946124842327055	0.595841980854825	NA	"prevalence"	20	12
"NODE_1206_length_2948_cov_736.924300"	"PrePostFVT"	"Post"	"PrePostFVTPost"	-1.89599725903168	0.710938090833022	1.01229530275746	0.0501454845593164	0.523772200605865	0.0977763994969441	0.605803156934642	NA	"abundance"	20	9
"NODE_1368_length_3847_cov_6.648734"	"PrePostFVT"	"Post"	"PrePostFVTPost"	-0.18683749771797	0.710938090833022	0.416226126953174	0.0501568382866328	0.523772200605865	0.0977979681463541	0.605803156934642	NA	"abundance"	20	19
"NODE_393_length_5776_cov_11.760007"	"PrePostFVT"	"Post"	"PrePostFVTPost"	1.59375746228318	0.710938090833022	0.396176792603104	0.0501547948822178	0.523772200605865	0.0977940863147582	0.605803156934642	NA	"abundance"	20	18
"NODE_1286_length_2776_cov_23.367879"	"PrePostFVT"	"Post"	"PrePostFVTPost"	1.57809849608647	0.710938090833022	0.402638303285508	0.0508730734801	0.525026016150094	0.0508730734801	0.47724151592352	NA	"abundance"	20	20
"NODE_199_length_38411_cov_18.010611"	"PrePostFVT"	"Post"	"PrePostFVTPost"	1.81638368062623	0.710938090833022	0.499627337760816	0.050767775743061	0.525026016150094	0.0989581844322243	0.605803156934642	NA	"abundance"	20	14
"NODE_675_length_7581_cov_100.919612"	"PrePostFVT"	"During"	"PrePostFVTDuring"	1.69583299406332	0.608336514533057	0.506473854497492	0.050476436044588	0.525026016150094	0.050476436044588	0.47724151592352	NA	"abundance"	20	20
"NODE_168_length_21353_cov_13.414217"	"PrePostFVT"	"Post"	"PrePostFVTPost"	-0.312313088236957	0.710938090833022	0.455735242891336	0.0536462850140345	0.537598095160152	0.104414646132262	0.610936759284512	NA	"abundance"	20	15
"NODE_196_length_44600_cov_157.390863"	"PrePostFVT"	"During"	"PrePostFVTDuring"	-1.40295625997638	0.608336514533057	0.939885380229119	0.0524420649980461	0.537598095160152	0.0524420649980461	0.47724151592352	NA	"abundance"	20	20
"NODE_284_length_24493_cov_8.915378|provirus_641_11254"	"PrePostFVT"	"Post"	"PrePostFVTPost"	0.184442519520173	0.710938090833022	0.222293053348216	0.0535240562461601	0.537598095160152	0.104183287895278	0.610936759284512	NA	"abundance"	20	13
"NODE_331_length_7917_cov_41.518189"	"PrePostFVT"	"During"	"PrePostFVTDuring"	2.94154485070916	0.608336514533057	1.11215033991224	0.0536061488620563	0.537598095160152	0.0536061488620563	0.47724151592352	NA	"abundance"	20	20
"NODE_417_length_5474_cov_11.435689"	"PrePostFVT"	"Post"	"PrePostFVTPost"	1.6472652339255	0.710938090833022	0.427492027744679	0.0530231678283539	0.537598095160152	0.103234879330154	0.609884136977419	NA	"abundance"	20	18
"NODE_5130_length_1228_cov_2.198636"	"PrePostFVT"	"Post"	"PrePostFVTPost"	3.14547553908778	0.710938090833022	0.781237720589859	0.0531009385312755	0.537598095160152	0.103382167389649	0.609884136977419	NA	"abundance"	20	5
"NODE_586_length_4007_cov_10.183451"	"PrePostFVT"	"Post"	"PrePostFVTPost"	1.78103967977056	0.710938090833022	0.495949165006066	0.0537410634737255	0.537598095160152	0.0537410634737255	0.47724151592352	NA	"abundance"	20	17
"NODE_690_length_4287_cov_10.069707"	"PrePostFVT"	"Post"	"PrePostFVTPost"	2.64978750076483	0.710938090833022	0.916268462836528	0.0531607791770134	0.537598095160152	0.10349548991132	0.609884136977419	NA	"abundance"	20	19
"NODE_793_length_3426_cov_10.309107"	"PrePostFVT"	"During"	"PrePostFVTDuring"	2.31385200136754	0.608336514533057	0.812402644103864	0.0539225947075853	0.537598095160152	0.0539225947075853	0.47724151592352	NA	"abundance"	20	20
"NODE_681_length_4804_cov_9.113708"	"PrePostFVT"	"During"	"PrePostFVTDuring"	2.0758468202609	0.608336514533057	0.690194280625532	0.0557827913083587	0.554053137731893	0.108453862810565	0.63010166773744	NA	"abundance"	20	17
"NODE_1133_length_5136_cov_33.778981"	"PrePostFVT"	"Post"	"PrePostFVTPost"	-1.58983160778572	0.710938090833022	0.972484126816602	0.0563355856554583	0.557448004875359	0.109497473099773	0.633932738998686	NA	"abundance"	20	11
"NODE_1216_length_2910_cov_5.361821"	"PrePostFVT"	"During"	"PrePostFVTDuring"	-0.511452913236642	0.608336514533057	0.487452947256827	0.0569244079036142	0.559086563871185	0.110608427592051	0.635902109849773	NA	"abundance"	20	10
"NODE_1974_length_1324_cov_3.793538"	"PrePostFVT"	"During"	"PrePostFVTDuring"	1.4615436683642	0.608336514533057	0.396401123312295	0.0568094269882508	0.559086563871185	0.110391542981768	0.635902109849773	NA	"abundance"	20	18
"NODE_706_length_9001_cov_11.109882"	"PrePostFVT"	"Post"	"PrePostFVTPost"	-0.370925221614433	0.710938090833022	0.457938288748669	0.0573591840795535	0.561270238289556	0.111428292160835	0.638391257171449	NA	"abundance"	20	12
"NODE_551_length_4189_cov_6.637639"	"PrePostFVT"	"During"	"PrePostFVTDuring"	2.5155242441192	0.608336514533057	0.92246224608837	0.0584049277051627	0.569394166040738	0.11339871983008	0.647432137438174	NA	"abundance"	20	19
"NODE_658_length_5901_cov_4.121280"	"PrePostFVT"	"Post"	"PrePostFVTPost"	-3.27518651019786	0	1.73363446737677	0.058864704491161	0.569672341632408	0.11426435554749	0.647890675784739	NA	"prevalence"	20	8
"NODE_908_length_6433_cov_7.265130"	"PrePostFVT"	"Post"	"PrePostFVTPost"	-3.27518651019786	0	1.73363446737677	0.058864704491161	0.569672341632408	0.11426435554749	0.647890675784739	NA	"prevalence"	20	8
"NODE_1286_length_3943_cov_8.614969"	"PrePostFVT"	"During"	"PrePostFVTDuring"	2.16128834099905	0.608336514533057	0.759449450366395	0.0597549695279889	0.576177479901266	0.0597549695279889	0.490525869259611	NA	"abundance"	20	20
"NODE_742_length_2991_cov_3.668256"	"PrePostFVT"	"Post"	"PrePostFVTPost"	1.96718558431648	0.710938090833022	0.583390211134035	0.0610724128644992	0.586739326501843	0.118414986115907	0.666842071983774	NA	"abundance"	20	13
"NODE_1279_length_3475_cov_5.432456"	"PrePostFVT"	"Post"	"PrePostFVTPost"	0.304949700468572	0.710938090833022	0.173934092625307	0.0619383389659325	0.592902505608673	0.120040320098006	0.673695674019423	NA	"abundance"	20	12
"NODE_74_length_38703_cov_8.351144|provirus_2_22265"	"PrePostFVT"	"During"	"PrePostFVTDuring"	1.89966101716082	0.608336514533057	0.637960124806506	0.0622726305329511	0.593887477691669	0.0622726305329511	0.494478095540919	NA	"abundance"	20	20
"NODE_796_length_7723_cov_6.146583"	"PrePostFVT"	"Post"	"PrePostFVTPost"	-3.99603891846587	0	2.14518198801497	0.0624908095375791	0.593887477691669	0.121076517798496	0.677207641923792	NA	"prevalence"	20	6
"NODE_1557_length_2521_cov_5.727088"	"PrePostFVT"	"Post"	"PrePostFVTPost"	0.114198504425603	0.710938090833022	0.277992275867527	0.063638780641278	0.602629600194467	0.123227666881047	0.686910980924756	NA	"abundance"	20	15
"NODE_1211_length_2702_cov_7.191160"	"PrePostFVT"	"Post"	"PrePostFVTPost"	5.30207513300352	0.710938090833022	0.819027880718594	0.0646366625563833	0.609893080264159	0.125095426966339	0.694974594257438	NA	"abundance"	20	9
"NODE_206_length_8044_cov_8.274377"	"PrePostFVT"	"Post"	"PrePostFVTPost"	1.79724321565199	0.710938090833022	0.539232293648024	0.0654160249250899	0.615050312640881	0.12655279353318	0.700711776274318	NA	"abundance"	20	19
"NODE_147_length_36185_cov_117.717548"	"PrePostFVT"	"During"	"PrePostFVTDuring"	-1.88798398632996	0.608336514533057	1.22189572582587	0.0660977476902884	0.619256203538092	0.127826583130848	0.704177297158927	NA	"abundance"	20	14
"NODE_1162_length_4872_cov_5.882292"	"PrePostFVT"	"During"	"PrePostFVTDuring"	-1.47497815341883	0.608336514533057	0.927989879049531	0.0665240006356029	0.621047384025664	0.12862255861064	0.70507382627095	NA	"abundance"	20	9
"NODE_173_length_16054_cov_33.606850"	"PrePostFVT"	"Post"	"PrePostFVTPost"	2.06600776377537	0.710938090833022	0.679128453709975	0.0671053584990199	0.624268863219756	0.129707587858758	0.708667284658777	NA	"abundance"	20	19
"NODE_173_length_16054_cov_33.606850"	"PrePostFVT"	"During"	"PrePostFVTDuring"	2.37554060208158	0.608336514533057	0.889187870206935	0.0673660355828558	0.624494968455807	0.130193888415561	0.708976620084738	NA	"abundance"	20	19
"NODE_1483_length_3329_cov_5.952352"	"PrePostFVT"	"During"	"PrePostFVTDuring"	2.66404373574103	0.608336514533057	1.03133086334935	0.0679295907665921	0.627517408410267	0.131244752231467	0.712348161782636	NA	"abundance"	20	18
"NODE_143_length_7437_cov_7.422650"	"PrePostFVT"	"During"	"PrePostFVTDuring"	2.74059214908556	0.608336514533057	1.08703871327531	0.0692051100999127	0.632664016899548	0.0692051100999127	0.524379380869492	NA	"abundance"	20	20
"NODE_432_length_17999_cov_36.791239"	"PrePostFVT"	"Post"	"PrePostFVTPost"	-0.42691878037291	0.710938090833022	0.564785436945621	0.0687438606193642	0.632664016899548	0.132762002865874	0.718220671241613	NA	"abundance"	20	17
"NODE_492_length_8732_cov_6.818716"	"PrePostFVT"	"Post"	"PrePostFVTPost"	-0.057939670723177	0.710938090833022	0.384828194021659	0.0690318850399342	0.632664016899548	0.133298368927702	0.718765714806235	NA	"abundance"	20	19
"NODE_168_length_20682_cov_21.840016"	"PrePostFVT"	"During"	"PrePostFVTDuring"	2.19976702505025	0.608336514533057	0.79896152481581	0.0704337552330435	0.641634421823582	0.135906596589859	0.728071053159958	NA	"abundance"	20	17
"NODE_42_length_31081_cov_10.095017|provirus_3_24148"	"PrePostFVT"	"During"	"PrePostFVTDuring"	2.63921001901161	0.608336514533057	1.03605010193034	0.0706720729563445	0.641634421823582	0.136349604016742	0.728080409798138	NA	"abundance"	20	19
"NODE_76_length_13618_cov_10.242498"	"PrePostFVT"	"During"	"PrePostFVTDuring"	2.49179081351071	0.608336514533057	0.96276904264424	0.0711275169942143	0.64355787636546	0.137195910314666	0.730236296836128	NA	"abundance"	20	19
"NODE_1085_length_2628_cov_21.639583"	"PrePostFVT"	"During"	"PrePostFVTDuring"	2.06322918101578	0.608336514533057	0.754036206733997	0.0784975618585769	0.647181909931841	0.150833256499413	0.733219832963666	NA	"abundance"	20	17
"NODE_1151_length_2920_cov_3.823037"	"PrePostFVT"	"During"	"PrePostFVTDuring"	-0.814563032228364	0.608336514533057	0.681208203086608	0.076155134444999	0.647181909931841	0.146510664387662	0.733219832963666	NA	"abundance"	20	10
"NODE_1260_length_2744_cov_11.166977"	"PrePostFVT"	"During"	"PrePostFVTDuring"	2.63252764191674	0.608336514533057	1.06540368418314	0.0787854208250922	0.647181909931841	0.151363699115598	0.733219832963666	NA	"abundance"	20	19
"NODE_1268_length_3996_cov_39.488962"	"PrePostFVT"	"During"	"PrePostFVTDuring"	1.52867895053201	0.608336514533057	0.466696996153246	0.0762937128699018	0.647181909931841	0.146766695116329	0.733219832963666	NA	"abundance"	20	18
"NODE_1301_length_2543_cov_7.558682"	"PrePostFVT"	"During"	"PrePostFVTDuring"	2.05950233918971	0.608336514533057	0.749498195806268	0.0778087019896013	0.647181909931841	0.149563209873896	0.733219832963666	NA	"abundance"	20	17
"NODE_1309_length_2953_cov_6.256384"	"PrePostFVT"	"During"	"PrePostFVTDuring"	2.47375626847924	0.608336514533057	0.981845162709689	0.0787630949561288	0.647181909931841	0.151322564785189	0.733219832963666	NA	"abundance"	20	19
"NODE_1609_length_2520_cov_15.341582"	"PrePostFVT"	"During"	"PrePostFVTDuring"	2.43029193033905	0.608336514533057	0.936002325840347	0.0725698716087075	0.647181909931841	0.139873356952111	0.733219832963666	NA	"abundance"	20	19
"NODE_162_length_19737_cov_26.076466"	"PrePostFVT"	"Post"	"PrePostFVTPost"	1.52845477927025	0.710938090833022	0.414973516954362	0.0721557833087971	0.647181909931841	0.139105109552688	0.733219832963666	NA	"abundance"	20	19
"NODE_1705_length_3384_cov_5.820066"	"PrePostFVT"	"During"	"PrePostFVTDuring"	2.5354133400019	0.608336514533057	1.01265504557321	0.0784396445292145	0.647181909931841	0.15072651122456	0.733219832963666	NA	"abundance"	20	19
"NODE_217_length_49720_cov_10.704681|provirus_35239_49720"	"PrePostFVT"	"Post"	"PrePostFVTPost"	-1.03361501938471	0.710938090833022	0.719214653606941	0.0733516080773501	0.647181909931841	0.141322757747167	0.733219832963666	NA	"abundance"	20	6
"NODE_2865_length_2657_cov_17.344350"	"PrePostFVT"	"During"	"PrePostFVTDuring"	-1.11562762712634	0.608336514533057	0.812570119112584	0.0788768262672418	0.647181909931841	0.151532098812491	0.733219832963666	NA	"abundance"	20	9
"NODE_3011_length_1635_cov_5.785443"	"PrePostFVT"	"Post"	"PrePostFVTPost"	4.22058762600124	0.710938090833022	1.58950085022554	0.0785294540985768	0.647181909931841	0.148872833459785	0.733219832963666	NA	"abundance"	20	9
"NODE_303_length_11603_cov_19.569363"	"PrePostFVT"	"During"	"PrePostFVTDuring"	1.46908642588461	0.608336514533057	0.434607810364779	0.0755573485304107	0.647181909931841	0.145405784143875	0.733219832963666	NA	"abundance"	20	18
"NODE_393_length_5776_cov_11.760007"	"PrePostFVT"	"During"	"PrePostFVTDuring"	1.59699121557101	0.608336514533057	0.502417849247617	0.0764307916307069	0.647181909931841	0.147019917352117	0.733219832963666	NA	"abundance"	20	18
"NODE_59_length_24933_cov_8.847938"	"PrePostFVT"	"Post"	"PrePostFVTPost"	1.57676768123805	0.710938090833022	0.450751139350557	0.0765454936892643	0.647181909931841	0.0765454936892643	0.547256724396239	NA	"abundance"	20	20
"NODE_902_length_7455_cov_6.920676"	"PrePostFVT"	"During"	"PrePostFVTDuring"	-0.904664506698681	0.608336514533057	0.711924134632512	0.0787146926125842	0.647181909931841	0.151233382392075	0.733219832963666	NA	"abundance"	20	9
"NODE_928_length_7174_cov_8.261554"	"PrePostFVT"	"During"	"PrePostFVTDuring"	-0.703699008175551	0.608336514533057	0.63182010674549	0.0775389980726488	0.647181909931841	0.149065699923187	0.733219832963666	NA	"abundance"	20	10
"NODE_945_length_3174_cov_9.948702"	"PrePostFVT"	"During"	"PrePostFVTDuring"	2.58447948868686	0.608336514533057	1.03329111654769	0.0770912846148671	0.647181909931841	0.148239503066164	0.733219832963666	NA	"abundance"	20	19
"NODE_947_length_4689_cov_9.039491"	"PrePostFVT"	"Post"	"PrePostFVTPost"	1.49557978143337	0.710938090833022	0.39555298486004	0.0759236673800548	0.647181909931841	0.146082931491672	0.733219832963666	NA	"abundance"	20	18
"NODE_996_length_5248_cov_12.190449"	"PrePostFVT"	"During"	"PrePostFVTDuring"	-1.15403983198675	0.608336514533057	0.193626715336206	0.0735088732921648	0.647181909931841	0.141614192131646	0.733219832963666	NA	"abundance"	20	6
"NODE_3011_length_1635_cov_5.785443"	"PrePostFVT"	"Post"	"PrePostFVTPost"	2.30223210721413	0	1.30381208966364	0.0774344649076605	0.647181909931841	0.148872833459785	0.733219832963666	NA	"prevalence"	20	9
"NODE_311_length_20320_cov_34.359536"	"PrePostFVT"	"Post"	"PrePostFVTPost"	-3.67022833748033	0	2.0810229797685	0.0777883206954136	0.647181909931841	0.149525618554215	0.733219832963666	NA	"prevalence"	20	13
"NODE_319_length_16836_cov_11.794708"	"PrePostFVT"	"Post"	"PrePostFVTPost"	2.3028237123967	0	1.30390106551473	0.0773785536880127	0.647181909931841	0.148769666805177	0.733219832963666	NA	"prevalence"	20	10
"NODE_3880_length_1022_cov_8.022751"	"PrePostFVT"	"Post"	"PrePostFVTPost"	-3.67022833748033	0	2.0810229797685	0.0777883206954136	0.647181909931841	0.149525618554215	0.733219832963666	NA	"prevalence"	20	13
"NODE_4171_length_1046_cov_3.464178"	"PrePostFVT"	"Post"	"PrePostFVTPost"	-2.30291430174942	0	1.30390037856662	0.0773667446323199	0.647181909931841	0.148747876089637	0.733219832963666	NA	"prevalence"	20	8
"NODE_572_length_7544_cov_8.633729"	"PrePostFVT"	"Post"	"PrePostFVTPost"	-3.67022833748033	0	2.0810229797685	0.0777883206954136	0.647181909931841	0.149525618554215	0.733219832963666	NA	"prevalence"	20	13
"NODE_7013_length_1142_cov_2.417663"	"PrePostFVT"	"Post"	"PrePostFVTPost"	-3.67022833748784	0	2.08101791745003	0.0777875979444077	0.647181909931841	0.149524285494855	0.733219832963666	NA	"prevalence"	20	13
"NODE_895_length_4951_cov_13.092729"	"PrePostFVT"	"Post"	"PrePostFVTPost"	-3.67022833748033	0	2.0810229797685	0.0777883206954136	0.647181909931841	0.149525618554215	0.733219832963666	NA	"prevalence"	20	12
"NODE_938_length_3589_cov_7.188738"	"PrePostFVT"	"Post"	"PrePostFVTPost"	-3.67022833748033	0	2.0810229797685	0.0777883206954136	0.647181909931841	0.149525618554215	0.733219832963666	NA	"prevalence"	20	13
"NODE_101_length_12442_cov_9.785824"	"PrePostFVT"	"Post"	"PrePostFVTPost"	-0.75172518945532	0.710938090833022	0.764879714921994	0.0828686481754348	0.651604072855651	0.158870083500446	0.734273495170127	NA	"abundance"	20	18
"NODE_154_length_68062_cov_18.784963|provirus_36222_68060"	"PrePostFVT"	"During"	"PrePostFVTDuring"	-0.575795985287822	0.608336514533057	0.579384371311017	0.0819807950245001	0.651604072855651	0.157240739296151	0.733453421370358	NA	"abundance"	20	10
"NODE_1686_length_3018_cov_10.032400"	"PrePostFVT"	"During"	"PrePostFVTDuring"	1.98517368373486	0.608336514533057	0.722726630469894	0.0821037161822086	0.651604072855651	0.157466412153488	0.733453421370358	NA	"abundance"	20	17
"NODE_2528_length_2034_cov_12.868621"	"PrePostFVT"	"Post"	"PrePostFVTPost"	1.44440480988854	0.710938090833022	0.375568218262925	0.0806040760486202	0.651604072855651	0.154711135021589	0.733453421370358	NA	"abundance"	20	18
"NODE_2985_length_1477_cov_5.940225"	"PrePostFVT"	"During"	"PrePostFVTDuring"	-0.527097420927969	0.608336514533057	0.565102156169402	0.0808090742154111	0.651604072855651	0.15508804195527	0.733453421370358	NA	"abundance"	20	12
"NODE_2985_length_1477_cov_5.940225"	"PrePostFVT"	"Post"	"PrePostFVTPost"	-0.270405559308854	0.710938090833022	0.489392822976063	0.0820729205581003	0.651604072855651	0.157409876827264	0.733453421370358	NA	"abundance"	20	12
"NODE_321_length_5931_cov_9.859939"	"PrePostFVT"	"During"	"PrePostFVTDuring"	1.68677717830624	0.608336514533057	0.572120265379083	0.0820127710544428	0.651604072855651	0.157299447492857	0.733453421370358	NA	"abundance"	20	19
"NODE_424_length_13454_cov_10.768266"	"PrePostFVT"	"During"	"PrePostFVTDuring"	2.19545125361333	0.608336514533057	0.834574338101844	0.0822874169441149	0.651604072855651	0.157803614900895	0.733453421370358	NA	"abundance"	20	17
"NODE_446_length_10263_cov_13.200137"	"PrePostFVT"	"During"	"PrePostFVTDuring"	2.5369998489636	0.608336514533057	1.026899451219	0.0818935840076998	0.651604072855651	0.157080608913773	0.733453421370358	NA	"abundance"	20	19
"NODE_540_length_11002_cov_8.996894"	"PrePostFVT"	"During"	"PrePostFVTDuring"	1.28419949342862	0.608336514533057	0.328207735936781	0.0820428786128581	0.651604072855651	0.157354723294632	0.733453421370358	NA	"abundance"	20	13
"NODE_59_length_24933_cov_8.847938"	"PrePostFVT"	"During"	"PrePostFVTDuring"	1.73914170645355	0.608336514533057	0.604746113113996	0.0824787415811837	0.651604072855651	0.0824787415811837	0.562554475938266	NA	"abundance"	20	20
"NODE_615_length_9933_cov_5.439664"	"PrePostFVT"	"During"	"PrePostFVTDuring"	2.21748855723776	0.608336514533057	0.843701148431239	0.0815853233708396	0.651604072855651	0.156514481752155	0.733453421370358	NA	"abundance"	20	17
"NODE_657_length_7863_cov_7.580046"	"PrePostFVT"	"Post"	"PrePostFVTPost"	1.45411035599106	0.710938090833022	0.352047315958144	0.082090893075159	0.651604072855651	0.0946124842327055	0.595841980854825	NA	"abundance"	20	12
"NODE_865_length_2666_cov_5.653007"	"PrePostFVT"	"Post"	"PrePostFVTPost"	-0.0186343289439985	0.710938090833022	0.384748607248722	0.0827172694433792	0.651604072855651	0.15859239222259	0.734273495170127	NA	"abundance"	20	18
"NODE_504_length_4677_cov_196.953700"	"PrePostFVT"	"During"	"PrePostFVTDuring"	-0.989017307385961	0.608336514533057	0.18703631169909	0.0835022113295104	0.65463751433996	0.160031803362103	0.7375767473393	NA	"abundance"	20	6
"NODE_1125_length_5473_cov_26.248431"	"PrePostFVT"	"During"	"PrePostFVTDuring"	2.60270631420573	0.608336514533057	1.07204872854067	0.0841701378313386	0.65598083820176	0.161255663560131	0.739088457983932	NA	"abundance"	20	19
"NODE_214_length_28722_cov_7.575121"	"PrePostFVT"	"Post"	"PrePostFVTPost"	2.33274077513982	0.710938090833022	0.632454288635607	0.0841322812986574	0.65598083820176	0.161186321840798	0.739088457983932	NA	"abundance"	20	6
"NODE_8_length_113388_cov_131.683737"	"PrePostFVT"	"During"	"PrePostFVTDuring"	2.39306683493359	0.608336514533057	0.955629133771584	0.0849727571236484	0.660288306825527	0.162725144794102	0.743757587009055	NA	"abundance"	20	18
"NODE_1929_length_2592_cov_45.237682"	"PrePostFVT"	"Post"	"PrePostFVTPost"	1.92582260822699	0.710938090833022	0.653965539338452	0.0855255708278642	0.660697538383676	0.163736518390296	0.744256901774075	NA	"abundance"	20	19
"NODE_1164_length_4593_cov_10.455046"	"PrePostFVT"	"Post"	"PrePostFVTPost"	-5.49876735473201	0	3.19587561460982	0.0853266283255705	0.660697538383676	0.163372623149731	0.744256901774075	NA	"prevalence"	20	8
"NODE_1329_length_4796_cov_16.524784"	"PrePostFVT"	"Post"	"PrePostFVTPost"	-0.305005917313196	0.710938090833022	0.538929779216734	0.0859061574216752	0.661702821889404	0.164432446960393	0.74536686122156	NA	"abundance"	20	16
"NODE_607_length_4805_cov_7.701895"	"PrePostFVT"	"Post"	"PrePostFVTPost"	1.4689268513734	0.710938090833022	0.398345500623476	0.0872076362640182	0.669774927353303	0.166810100705279	0.754073057982769	NA	"abundance"	20	18
"NODE_902_length_5520_cov_8.255810"	"PrePostFVT"	"Post"	"PrePostFVTPost"	0.0160534975183015	0.710938090833022	0.374256371263325	0.08784743253596	0.670788776763024	0.16797769366876	0.757276487850967	NA	"abundance"	20	19
"NODE_994_length_4515_cov_8.534753"	"PrePostFVT"	"Post"	"PrePostFVTPost"	3.35934598834624	0.710938090833022	1.27692580455277	0.0876848349413803	0.670788776763024	0.03086180954357	0.475474355226231	NA	"abundance"	20	12
"NODE_66_length_44622_cov_51.812687"	"PrePostFVT"	"Post"	"PrePostFVTPost"	1.98739231300698	0.710938090833022	0.697210212034572	0.0883403717153924	0.672608824415178	0.0883403717153924	0.567165810624114	NA	"abundance"	20	20
"NODE_2562_length_1651_cov_5.389724"	"PrePostFVT"	"Post"	"PrePostFVTPost"	2.08952601504184	0.710938090833022	0.550175118054143	0.0886729399982924	0.673200883550254	0.169482989708644	0.758034601176654	NA	"abundance"	20	5
"NODE_38_length_1261_cov_5.764511"	"PrePostFVT"	"During"	"PrePostFVTDuring"	2.12800786409423	0.608336514533057	0.821554843130592	0.0899674626833481	0.678516442790563	0.171840781025017	0.758034601176654	NA	"abundance"	20	17
"NODE_590_length_11219_cov_18.329631"	"PrePostFVT"	"During"	"PrePostFVTDuring"	2.47594379586693	0.608336514533057	1.02374521002047	0.09014355466294	0.678516442790563	0.17216124887861	0.758034601176654	NA	"abundance"	20	19
"NODE_638_length_12684_cov_14.580806"	"PrePostFVT"	"Post"	"PrePostFVTPost"	-2.43907899213114	0	1.43892649159251	0.0900624240332929	0.678516442790563	0.172013607843833	0.758034601176654	NA	"prevalence"	20	11
"NODE_47_length_35571_cov_46.640585"	"PrePostFVT"	"Post"	"PrePostFVTPost"	-0.493640805942513	0.710938090833022	0.483605579692762	0.0906225494650802	0.680184021837335	0.173032652458609	0.758034601176654	NA	"abundance"	20	8
"NODE_1168_length_2630_cov_10.932427"	"PrePostFVT"	"During"	"PrePostFVTDuring"	-0.58248733764626	0.608336514533057	0.541819485930675	0.0945797132862729	0.681479629186769	0.180214104407232	0.758034601176654	NA	"abundance"	20	8
"NODE_1376_length_2860_cov_17.377184"	"PrePostFVT"	"Post"	"PrePostFVTPost"	-0.0330790692399092	0.710938090833022	0.409968282705632	0.093500570086075	0.681479629186769	0.093500570086075	0.591095558015416	NA	"abundance"	20	20
"NODE_1553_length_4236_cov_29.627601"	"PrePostFVT"	"During"	"PrePostFVTDuring"	2.45662162908018	0.608336514533057	1.01734046264855	0.0912213781280479	0.681479629186769	0.174121416428516	0.758034601176654	NA	"abundance"	20	19
"NODE_162_length_19737_cov_26.076466"	"PrePostFVT"	"During"	"PrePostFVTDuring"	1.5915167322976	0.608336514533057	0.543327872241544	0.0939091147616498	0.681479629186769	0.178999307687983	0.758034601176654	NA	"abundance"	20	19
"NODE_1705_length_3384_cov_5.820066"	"PrePostFVT"	"Post"	"PrePostFVTPost"	2.10234162139979	0.710938090833022	0.773428066536368	0.0947627752992501	0.681479629186769	0.180545567016084	0.758034601176654	NA	"abundance"	20	19
"NODE_1861_length_1706_cov_9.000606"	"PrePostFVT"	"During"	"PrePostFVTDuring"	1.44669976864784	0.608336514533057	0.455007601247853	0.0950463640284699	0.681479629186769	0.181058916741907	0.758034601176654	NA	"abundance"	20	18
"NODE_223_length_48370_cov_26.409769"	"PrePostFVT"	"During"	"PrePostFVTDuring"	-1.47608402285434	0.608336514533057	1.01292302624659	0.100166522565216	0.681479629186769	0.190299712887623	0.758034601176654	NA	"abundance"	20	8
"NODE_2297_length_1338_cov_4.257989"	"PrePostFVT"	"Post"	"PrePostFVTPost"	-0.0730733148758017	0.710938090833022	0.424866456001134	0.0916854154093109	0.681479629186769	0.0916854154093109	0.581849751636011	NA	"abundance"	20	20
"NODE_400_length_5362_cov_8.985114"	"PrePostFVT"	"During"	"PrePostFVTDuring"	2.27517937794081	0.608336514533057	0.930347671446453	0.0955469266323002	0.681479629186769	0.181964638075722	0.758034601176654	NA	"abundance"	20	19
"NODE_406_length_5653_cov_8.832797"	"PrePostFVT"	"During"	"PrePostFVTDuring"	2.51380099023154	0.608336514533057	1.07310180564419	0.0979563370678195	0.681479629186769	0.186317230163895	0.758034601176654	NA	"abundance"	20	19
"NODE_4382_length_1351_cov_5.240741"	"PrePostFVT"	"During"	"PrePostFVTDuring"	2.05669103157016	0.608336514533057	0.808194807754921	0.0992404779343304	0.681479629186769	0.188632283408027	0.758034601176654	NA	"abundance"	20	17
"NODE_446_length_8151_cov_7.545949"	"PrePostFVT"	"Post"	"PrePostFVTPost"	-0.0824985645292209	0.710938090833022	0.441752091805147	0.10131266400204	0.681479629186769	0.192361072116889	0.758034601176654	NA	"abundance"	20	16
"NODE_504_length_3999_cov_6.731237"	"PrePostFVT"	"During"	"PrePostFVTDuring"	2.36553300272921	0.608336514533057	0.982942210945908	0.0962154802663714	0.681479629186769	0.183173541889854	0.758034601176654	NA	"abundance"	20	19
"NODE_615_length_6450_cov_19.525410"	"PrePostFVT"	"During"	"PrePostFVTDuring"	1.96246906723082	0.608336514533057	0.768174354726922	0.100709394077246	0.681479629186769	0.191276406099085	0.758034601176654	NA	"abundance"	20	19
"NODE_700_length_2756_cov_6.677157"	"PrePostFVT"	"During"	"PrePostFVTDuring"	2.47534489018544	0.608336514533057	1.04825733908734	0.0971426897611393	0.681479629186769	0.18484867734825	0.758034601176654	NA	"abundance"	20	19
"NODE_772_length_3519_cov_8.262991"	"PrePostFVT"	"During"	"PrePostFVTDuring"	1.93559903476351	0.608336514533057	0.732097678685615	0.0924745535529291	0.681479629186769	0.176397564051045	0.758034601176654	NA	"abundance"	20	19
"NODE_796_length_4002_cov_5.617938"	"PrePostFVT"	"Post"	"PrePostFVTPost"	1.56028316843609	0.710938090833022	0.468154993489693	0.0989973783304394	0.681479629186769	0.188194275744579	0.758034601176654	NA	"abundance"	20	18
"NODE_913_length_4110_cov_6.185943"	"PrePostFVT"	"During"	"PrePostFVTDuring"	2.32822779664026	0.608336514533057	0.948852341119027	0.0918534114364447	0.681479629186769	0.175269773680377	0.758034601176654	NA	"abundance"	20	19
"NODE_990_length_2631_cov_10.267857"	"PrePostFVT"	"During"	"PrePostFVTDuring"	2.53673398802154	0.608336514533057	1.09054863752807	0.0993429171025173	0.681479629186769	0.188816819026597	0.758034601176654	NA	"abundance"	20	19
"NODE_1026_length_5707_cov_4.867127"	"PrePostFVT"	"Post"	"PrePostFVTPost"	-2.35481007548076	0	1.43878988813979	0.101701499679331	0.681479629186769	0.101701499679331	0.605803156934642	NA	"prevalence"	20	5
"NODE_1038_length_3220_cov_3.203791"	"PrePostFVT"	"Post"	"PrePostFVTPost"	-2.35481007548076	0	1.43878988813979	0.101701499679331	0.681479629186769	0.101701499679331	0.605803156934642	NA	"prevalence"	20	5
"NODE_1089_length_4636_cov_5.018118"	"PrePostFVT"	"Post"	"PrePostFVTPost"	-2.35481007548076	0	1.43878988813979	0.101701499679331	0.681479629186769	0.101701499679331	0.605803156934642	NA	"prevalence"	20	5
"NODE_1115_length_4488_cov_7.035867"	"PrePostFVT"	"Post"	"PrePostFVTPost"	-2.35481007548076	0	1.43878988813979	0.101701499679331	0.681479629186769	0.101701499679331	0.605803156934642	NA	"prevalence"	20	5
"NODE_1250_length_5037_cov_5.407668"	"PrePostFVT"	"Post"	"PrePostFVTPost"	-2.35481007548076	0	1.43878988813979	0.101701499679331	0.681479629186769	0.193059804321636	0.758034601176654	NA	"prevalence"	20	5
"NODE_130_length_77265_cov_22.063904|provirus_67829_77021"	"PrePostFVT"	"Post"	"PrePostFVTPost"	-3.81820479314502	0	2.33418659114594	0.101886621320505	0.681479629186769	0.193392359036901	0.758034601176654	NA	"prevalence"	20	6
"NODE_1305_length_4092_cov_12.236810"	"PrePostFVT"	"Post"	"PrePostFVTPost"	-2.35481007548076	0	1.43878988813979	0.101701499679331	0.681479629186769	0.101701499679331	0.605803156934642	NA	"prevalence"	20	5
"NODE_1670_length_2836_cov_3.867314"	"PrePostFVT"	"Post"	"PrePostFVTPost"	-2.35481007548076	0	1.43878988813979	0.101701499679331	0.681479629186769	0.101701499679331	0.605803156934642	NA	"prevalence"	20	5
"NODE_169_length_60470_cov_54.574162"	"PrePostFVT"	"Post"	"PrePostFVTPost"	-2.35481007374755	0	1.43878988523512	0.101701499240399	0.681479629186769	0.101701499240399	0.605803156934642	NA	"prevalence"	20	6
"NODE_1812_length_3305_cov_5.784923"	"PrePostFVT"	"Post"	"PrePostFVTPost"	-2.35481007548076	0	1.43878988813979	0.101701499679331	0.681479629186769	0.101701499679331	0.605803156934642	NA	"prevalence"	20	5
"NODE_2008_length_3000_cov_5.932428"	"PrePostFVT"	"Post"	"PrePostFVTPost"	-2.35481007548076	0	1.43878988813979	0.101701499679331	0.681479629186769	0.101701499679331	0.605803156934642	NA	"prevalence"	20	5
"NODE_213_length_49538_cov_20.727785"	"PrePostFVT"	"Post"	"PrePostFVTPost"	-3.81820479314502	0	2.33418659114594	0.101886621320505	0.681479629186769	0.193392359036901	0.758034601176654	NA	"prevalence"	20	6
"NODE_214_length_28722_cov_7.575121"	"PrePostFVT"	"Post"	"PrePostFVTPost"	-2.35480993490207	0	1.43878909516575	0.101701331525372	0.681479629186769	0.161186321840798	0.739088457983932	NA	"prevalence"	20	6
"NODE_217_length_49720_cov_10.704681|provirus_35239_49720"	"PrePostFVT"	"Post"	"PrePostFVTPost"	-3.81820479314502	0	2.33418659114594	0.101886621320505	0.681479629186769	0.141322757747167	0.733219832963666	NA	"prevalence"	20	6
"NODE_344_length_20349_cov_6.230117"	"PrePostFVT"	"Post"	"PrePostFVTPost"	-2.35481007548076	0	1.43878988813979	0.101701499679331	0.681479629186769	0.101701499679331	0.605803156934642	NA	"prevalence"	20	5
"NODE_366_length_26366_cov_7.678081|provirus_5747_26366"	"PrePostFVT"	"Post"	"PrePostFVTPost"	-3.81820479314502	0	2.33418659114594	0.101886621320505	0.681479629186769	0.193392359036901	0.758034601176654	NA	"prevalence"	20	6
"NODE_455_length_4871_cov_3.309178"	"PrePostFVT"	"Post"	"PrePostFVTPost"	-3.81820479314502	0	2.33418659114594	0.101886621320505	0.681479629186769	0.193392359036901	0.758034601176654	NA	"prevalence"	20	6
"NODE_47_length_35571_cov_46.640585"	"PrePostFVT"	"Post"	"PrePostFVTPost"	-2.35480993490207	0	1.43878909516575	0.101701331525372	0.681479629186769	0.173032652458609	0.758034601176654	NA	"prevalence"	20	8
"NODE_471_length_10690_cov_5.362482"	"PrePostFVT"	"Post"	"PrePostFVTPost"	-3.81820479314502	0	2.33418659114594	0.101886621320505	0.681479629186769	0.193392359036901	0.758034601176654	NA	"prevalence"	20	6
"NODE_504_length_4677_cov_196.953700"	"PrePostFVT"	"Post"	"PrePostFVTPost"	-2.35480993490207	0	1.43878909516575	0.101701331525372	0.681479629186769	0.19305950221671	0.758034601176654	NA	"prevalence"	20	6
"NODE_607_length_8293_cov_5.946832"	"PrePostFVT"	"Post"	"PrePostFVTPost"	-2.35480993490207	0	1.43878909516575	0.101701331525372	0.681479629186769	0.19305950221671	0.758034601176654	NA	"prevalence"	20	6
"NODE_755_length_8367_cov_9.003248"	"PrePostFVT"	"Post"	"PrePostFVTPost"	-2.35481007548076	0	1.43878988813979	0.101701499679331	0.681479629186769	0.101701499679331	0.605803156934642	NA	"prevalence"	20	5
"NODE_880_length_9528_cov_672.428798"	"PrePostFVT"	"Post"	"PrePostFVTPost"	-2.35480993490207	0	1.43878909516575	0.101701331525372	0.681479629186769	0.19305950221671	0.758034601176654	NA	"prevalence"	20	7
"NODE_996_length_5248_cov_12.190449"	"PrePostFVT"	"Post"	"PrePostFVTPost"	-2.35480993490207	0	1.43878909516575	0.101701331525372	0.681479629186769	0.19305950221671	0.758034601176654	NA	"prevalence"	20	6
"NODE_2263_length_3069_cov_20.793298"	"PrePostFVT"	"During"	"PrePostFVTDuring"	1.85111240177014	0.608336514533057	0.708550931655402	0.102310577607171	0.682587237470067	0.19415370092403	0.758034601176654	NA	"abundance"	20	19
"NODE_895_length_8805_cov_38.271086"	"PrePostFVT"	"During"	"PrePostFVTDuring"	2.38769592025056	0.608336514533057	1.0179301626425	0.102747020111781	0.683772360542378	0.19493709008171	0.758034601176654	NA	"abundance"	20	19
"NODE_851_length_3033_cov_8.269980"	"PrePostFVT"	"During"	"PrePostFVTDuring"	1.51683622121724	0.608336514533057	0.509785782873342	0.104073701202852	0.689129620496078	0.197316067123644	0.758034601176654	NA	"abundance"	20	18
"NODE_946_length_3616_cov_7.871665"	"PrePostFVT"	"During"	"PrePostFVTDuring"	1.71065872177451	0.608336514533057	0.63151437558644	0.104042185253924	0.689129620496078	0.197259594195436	0.758034601176654	NA	"abundance"	20	19
"NODE_73_length_18156_cov_15.957737"	"PrePostFVT"	"During"	"PrePostFVTDuring"	2.12214380207192	0.608336514533057	0.858927266129075	0.104361442757251	0.689307329411643	0.197831574780127	0.758034601176654	NA	"abundance"	20	17
"NODE_1066_length_4261_cov_4.494532"	"PrePostFVT"	"During"	"PrePostFVTDuring"	-0.445937164355907	0.608336514533057	0.562258685600369	0.104936491157747	0.689956552247535	0.198861315138995	0.758034601176654	NA	"abundance"	20	10
"NODE_1858_length_2630_cov_15.348350"	"PrePostFVT"	"During"	"PrePostFVTDuring"	2.06642106829767	0.608336514533057	0.838885210168419	0.10498203406643	0.689956552247535	0.198942840656136	0.758034601176654	NA	"abundance"	20	19
"NODE_868_length_3871_cov_11.976677"	"PrePostFVT"	"Post"	"PrePostFVTPost"	1.41690585767525	0.710938090833022	0.395154691587287	0.105494334034465	0.691603053397164	0.199859613555555	0.758034601176654	NA	"abundance"	20	18
"NODE_1050_length_3310_cov_18.847312"	"PrePostFVT"	"Post"	"PrePostFVTPost"	-0.123163953782092	0.710938090833022	0.433762439310337	0.106462409341095	0.692018546739914	0.201590574079479	0.758034601176654	NA	"abundance"	20	8
"NODE_1177_length_5283_cov_27.285386"	"PrePostFVT"	"Post"	"PrePostFVTPost"	1.48226236625359	0.710938090833022	0.436572101716409	0.108177112921954	0.692018546739914	0.204651938083779	0.758034601176654	NA	"abundance"	20	18
"NODE_156_length_62050_cov_244.358481|provirus_1478_13348"	"PrePostFVT"	"Post"	"PrePostFVTPost"	1.28569297264338	0.710938090833022	0.323034368277572	0.1083862225267	0.692018546739914	0.205024871819793	0.758034601176654	NA	"abundance"	20	18
"NODE_1570_length_4197_cov_19.349107"	"PrePostFVT"	"During"	"PrePostFVTDuring"	1.37375175149227	0.608336514533057	0.434033615850327	0.108438939572417	0.692018546739914	0.205118875529243	0.758034601176654	NA	"abundance"	20	18
"NODE_28_length_164425_cov_74.042416|provirus_29_45282"	"PrePostFVT"	"During"	"PrePostFVTDuring"	2.30169617875727	0.608336514533057	0.978578731606398	0.105879156174774	0.692018546739914	0.200547916637266	0.758034601176654	NA	"abundance"	20	19
"NODE_336_length_5945_cov_6.382343"	"PrePostFVT"	"Post"	"PrePostFVTPost"	1.29261852408387	0.710938090833022	0.327038838983478	0.107910177061463	0.692018546739914	0.20417574780949	0.758034601176654	NA	"abundance"	20	18
"NODE_4157_length_1238_cov_8.467456"	"PrePostFVT"	"During"	"PrePostFVTDuring"	-0.836504235025259	0.608336514533057	0.238012851087294	0.108310565349018	0.692018546739914	0.204889952131811	0.758034601176654	NA	"abundance"	20	5
"NODE_504_length_4677_cov_196.953700"	"PrePostFVT"	"Post"	"PrePostFVTPost"	-0.879170716422301	0.710938090833022	0.247402351322199	0.10722724700926	0.692018546739914	0.19305950221671	0.758034601176654	NA	"abundance"	20	6
"NODE_536_length_3624_cov_406.142337"	"PrePostFVT"	"Post"	"PrePostFVTPost"	-2.36119977868437	0.710938090833022	1.5717045636431	0.108293578995553	0.692018546739914	0.20485965873944	0.758034601176654	NA	"abundance"	20	8
"NODE_76_length_24607_cov_45.251914"	"PrePostFVT"	"Post"	"PrePostFVTPost"	-0.300132656454232	0.710938090833022	0.581663171075846	0.107827629599015	0.692018546739914	0.107827629599015	0.628676992361746	NA	"abundance"	20	20
"NODE_897_length_4917_cov_16.169272"	"PrePostFVT"	"During"	"PrePostFVTDuring"	2.20573605229819	0.608336514533057	0.92718649170456	0.107580648790391	0.692018546739914	0.203587701586621	0.758034601176654	NA	"abundance"	20	19
"NODE_1301_length_3307_cov_6.593173"	"PrePostFVT"	"Post"	"PrePostFVTPost"	0.281237329546482	0.710938090833022	0.224102296031106	0.10999411511424	0.699067807394171	0.207889524868715	0.762261591185287	NA	"abundance"	20	11
"NODE_996_length_5248_cov_12.190449"	"PrePostFVT"	"Post"	"PrePostFVTPost"	-0.80205511229801	0.710938090833022	0.256119982514634	0.110072750899309	0.699067807394171	0.19305950221671	0.758034601176654	NA	"abundance"	20	6
"NODE_621_length_7036_cov_14.523277"	"PrePostFVT"	"Post"	"PrePostFVTPost"	0.248885275603034	0.710938090833022	0.242965812443237	0.110525003833234	0.700256738914636	0.208834231194131	0.764027675100479	NA	"abundance"	20	11
"NODE_455_length_9365_cov_7.862406"	"PrePostFVT"	"Post"	"PrePostFVTPost"	3.83204696516007	0.710938090833022	0.711195072977808	0.110905291623829	0.700985120741999	0.209510599537491	0.764806392116947	NA	"abundance"	20	5
"NODE_340_length_10477_cov_17.771925"	"PrePostFVT"	"During"	"PrePostFVTDuring"	1.79500207565887	0.608336514533057	0.696637369907726	0.111777892265202	0.703136169915867	0.211061487331153	0.76707368743701	NA	"abundance"	20	19
"NODE_635_length_5374_cov_10.472081"	"PrePostFVT"	"During"	"PrePostFVTDuring"	1.78694785463656	0.608336514533057	0.691711839318733	0.111676058875525	0.703136169915867	0.210880575625081	0.76707368743701	NA	"abundance"	20	19
"NODE_502_length_8707_cov_57.547272"	"PrePostFVT"	"During"	"PrePostFVTDuring"	1.75477492214252	0.608336514533057	0.675399960616024	0.112934898571521	0.708726845667357	0.213115505827681	0.772836449704778	NA	"abundance"	20	19
"NODE_947_length_4689_cov_9.039491"	"PrePostFVT"	"During"	"PrePostFVTDuring"	1.4759448448165	0.608336514533057	0.501450628933454	0.113902333336879	0.713104181696763	0.214830925134172	0.777348742261807	NA	"abundance"	20	18
"NODE_620_length_4093_cov_9.471521"	"PrePostFVT"	"Post"	"PrePostFVTPost"	1.49552667951815	0.710938090833022	0.454192177051186	0.114562098801587	0.71553916083639	0.21599972312135	0.778164941376041	NA	"abundance"	20	18
"NODE_66_length_44622_cov_51.812687"	"PrePostFVT"	"During"	"PrePostFVTDuring"	2.17562244641049	0.608336514533057	0.935405657229807	0.115261785620072	0.718211409453372	0.115261785620072	0.651308035181913	NA	"abundance"	20	20
"NODE_48_length_29548_cov_16476.712644"	"PrePostFVT"	"During"	"PrePostFVTDuring"	-0.928300267396	0.608336514533057	0.85857808804878	0.117277929234269	0.729054797733976	0.22080174578306	0.791856266538366	NA	"abundance"	20	11
"NODE_2392_length_2556_cov_7.717313"	"PrePostFVT"	"During"	"PrePostFVTDuring"	2.14658104564791	0.608336514533057	0.921826709601671	0.118334537463082	0.733029697311218	0.222666012169562	0.794383496198586	NA	"abundance"	20	19
"NODE_765_length_5828_cov_11.426295"	"PrePostFVT"	"Post"	"PrePostFVTPost"	0.0515611547251514	0.710938090833022	0.386004701701085	0.118472248581336	0.733029697311218	0.222908823478755	0.794383496198586	NA	"abundance"	20	16
"NODE_153_length_9880_cov_18.089873"	"PrePostFVT"	"During"	"PrePostFVTDuring"	1.9880003294906	0.608336514533057	0.824844946897284	0.121011186998467	0.745986409233915	0.227378666618156	0.807575026989531	NA	"abundance"	20	17
"NODE_4383_length_1318_cov_9.849565"	"PrePostFVT"	"During"	"PrePostFVTDuring"	2.12237505879528	0.608336514533057	0.905333412158138	0.121131025572047	0.745986409233915	0.227589325787959	0.807575026989531	NA	"abundance"	20	17
"NODE_1960_length_3491_cov_16.300058"	"PrePostFVT"	"Post"	"PrePostFVTPost"	-0.129904969485555	0.710938090833022	0.500345497424051	0.123843115998599	0.760915145275113	0.232349114616956	0.820933702608087	NA	"abundance"	20	15
"NODE_1472_length_4419_cov_16.031852"	"PrePostFVT"	"During"	"PrePostFVTDuring"	2.39314328824402	0.608336514533057	1.09076354633825	0.124667933865242	0.762436762203633	0.233793773996256	0.82251540958171	NA	"abundance"	20	19
"NODE_2778_length_1596_cov_3.332901"	"PrePostFVT"	"During"	"PrePostFVTDuring"	-0.570071680503581	0.608336514533057	0.438459057563402	0.124502623977144	0.762436762203633	0.233504344577094	0.82251540958171	NA	"abundance"	20	7
"NODE_690_length_4287_cov_10.069707"	"PrePostFVT"	"During"	"PrePostFVTDuring"	2.56363397053879	0.608336514533057	1.19967702509978	0.125832059427621	0.767778986161141	0.235830411675445	0.827915275030818	NA	"abundance"	20	19
"NODE_1072_length_4764_cov_12.172648"	"PrePostFVT"	"Post"	"PrePostFVTPost"	1.41883571326161	0.710938090833022	0.431902587083401	0.127282258265533	0.769518824571026	0.238363743261892	0.82974720755722	NA	"abundance"	20	19
"NODE_2048_length_1701_cov_4.141555"	"PrePostFVT"	"Post"	"PrePostFVTPost"	1.46347374608505	0.710938090833022	0.452558786043269	0.127034073100157	0.769518824571026	0.237930490471898	0.82974720755722	NA	"abundance"	20	18
"NODE_880_length_9528_cov_672.428798"	"PrePostFVT"	"During"	"PrePostFVTDuring"	1.94321421475129	0.608336514533057	0.634260697403288	0.12727279868636	0.769518824571026	0.238347232087262	0.82974720755722	NA	"abundance"	20	7
"NODE_937_length_6155_cov_17.701311"	"PrePostFVT"	"During"	"PrePostFVTDuring"	1.38378232753063	0.608336514533057	0.465120681683523	0.126499046328024	0.769518824571026	0.236996083934148	0.82974720755722	NA	"abundance"	20	18
"NODE_427_length_16212_cov_30.515318"	"PrePostFVT"	"Post"	"PrePostFVTPost"	-0.252377735283075	0.710938090833022	0.589115289185446	0.128032235847078	0.770526576555761	0.128032235847078	0.704177297158927	NA	"abundance"	20	20
"NODE_2090_length_2500_cov_4.756646"	"PrePostFVT"	"Post"	"PrePostFVTPost"	-16.3375284304572	0	10.7294502235078	0.127838570250385	0.770526576555761	0.239334440457108	0.831372266851007	NA	"prevalence"	20	14
"NODE_477_length_15190_cov_11.631913"	"PrePostFVT"	"During"	"PrePostFVTDuring"	-0.676198792561626	0.608336514533057	0.780748311195888	0.128839995808972	0.771628556839415	0.241080247097889	0.833693348758829	NA	"abundance"	20	16
"NODE_657_length_8520_cov_10.546367"	"PrePostFVT"	"During"	"PrePostFVTDuring"	2.13855464673636	0.608336514533057	0.946389895745746	0.128988163286367	0.771628556839415	0.241338380304744	0.833693348758829	NA	"abundance"	20	19
"NODE_738_length_3208_cov_8.286394"	"PrePostFVT"	"During"	"PrePostFVTDuring"	2.063907487368	0.608336514533057	0.900366944135302	0.129091529948153	0.771628556839415	0.241518436791952	0.833693348758829	NA	"abundance"	20	19
"NODE_1278_length_3628_cov_4.986846"	"PrePostFVT"	"Post"	"PrePostFVTPost"	0.354689229734752	0.710938090833022	0.203766976664828	0.131013607936898	0.780052832101718	0.244862650409152	0.837654629464585	NA	"abundance"	20	14
"NODE_1587_length_2566_cov_3.740342"	"PrePostFVT"	"During"	"PrePostFVTDuring"	-0.684976089860655	0.608336514533057	0.759385730072085	0.133497500030576	0.780052832101718	0.249173417546738	0.839089799485433	NA	"abundance"	20	10
"NODE_1959_length_1469_cov_2.435644"	"PrePostFVT"	"During"	"PrePostFVTDuring"	1.73006885242973	0.608336514533057	0.539568665822958	0.131136500011748	0.780052832101718	0.245076218388164	0.837654629464585	NA	"abundance"	20	6
"NODE_204_length_7962_cov_6.369546"	"PrePostFVT"	"During"	"PrePostFVTDuring"	1.33398881441111	0.608336514533057	0.445368724743156	0.134929653395339	0.780052832101718	0.251653295425291	0.8393130920751	NA	"abundance"	20	18
"NODE_212_length_36964_cov_27.814327"	"PrePostFVT"	"During"	"PrePostFVTDuring"	2.13648303245262	0.608336514533057	0.854162495589827	0.134384531850776	0.780052832101718	0.250709861300799	0.839089799485433	NA	"abundance"	20	8
"NODE_223_length_48370_cov_26.409769"	"PrePostFVT"	"Post"	"PrePostFVTPost"	-1.13628457186538	0.710938090833022	1.01292302624659	0.133486251717409	0.780052832101718	0.249153924037255	0.839089799485433	NA	"abundance"	20	8
"NODE_364_length_6238_cov_6.230309"	"PrePostFVT"	"During"	"PrePostFVTDuring"	1.41157868041901	0.608336514533057	0.493085886157617	0.133846751485937	0.780052832101718	0.249778550088535	0.839089799485433	NA	"abundance"	20	18
"NODE_368_length_3350_cov_6.287102"	"PrePostFVT"	"Post"	"PrePostFVTPost"	0.0481339727604068	0.710938090833022	0.413223840350745	0.134691600637938	0.780052832101718	0.134691600637938	0.723912511571981	NA	"abundance"	20	20
"NODE_414_length_5262_cov_3.088151"	"PrePostFVT"	"Post"	"PrePostFVTPost"	-0.627607172475039	0.710938090833022	0.730926757210486	0.134141015867577	0.780052832101718	0.0687644679572236	0.524379380869492	NA	"abundance"	20	9
"NODE_513_length_8890_cov_6.308659"	"PrePostFVT"	"During"	"PrePostFVTDuring"	-0.652037330686074	0.608336514533057	0.73858269039601	0.133185784449463	0.780052832101718	0.248633115719507	0.839089799485433	NA	"abundance"	20	9
"NODE_566_length_3670_cov_6.032365"	"PrePostFVT"	"During"	"PrePostFVTDuring"	2.10967686183903	0.608336514533057	0.938998797058668	0.132628844131698	0.780052832101718	0.247667277967687	0.839089799485433	NA	"abundance"	20	19
"NODE_1324_length_4029_cov_5.772521"	"PrePostFVT"	"Post"	"PrePostFVTPost"	-4.87122077103694	0	3.25278954339141	0.134249742886254	0.780052832101718	0.250476492307483	0.839089799485433	NA	"prevalence"	20	6
"NODE_1595_length_1770_cov_2.963848"	"PrePostFVT"	"Post"	"PrePostFVTPost"	-4.87138568358258	0	3.25305864737025	0.134268771867864	0.780052832101718	0.250509440636823	0.839089799485433	NA	"prevalence"	20	5
"NODE_2001_length_2507_cov_6.845024"	"PrePostFVT"	"Post"	"PrePostFVTPost"	-4.87122077103694	0	3.25278954339141	0.134249742886254	0.780052832101718	0.250476492307483	0.839089799485433	NA	"prevalence"	20	5
"NODE_982_length_5697_cov_6.203297"	"PrePostFVT"	"Post"	"PrePostFVTPost"	-4.87122077103694	0	3.25278954339141	0.134249742886254	0.780052832101718	0.250476492307483	0.839089799485433	NA	"prevalence"	20	5
"NODE_1516_length_3749_cov_10.734164"	"PrePostFVT"	"Post"	"PrePostFVTPost"	0.23637411522141	0.710938090833022	0.274144445049497	0.136187882712659	0.78219214375401	0.25382862602756	0.8393130920751	NA	"abundance"	20	12
"NODE_480_length_16803_cov_99.263016"	"PrePostFVT"	"During"	"PrePostFVTDuring"	2.02842327809228	0.608336514533057	0.894590942469708	0.13562539647478	0.78219214375401	0.252856544780619	0.8393130920751	NA	"abundance"	20	19
"NODE_888_length_4795_cov_5.692405"	"PrePostFVT"	"Post"	"PrePostFVTPost"	0.0161113866449287	0.710938090833022	0.43000756835497	0.136177397654129	0.78219214375401	0.253810511676407	0.8393130920751	NA	"abundance"	20	16
"NODE_1563_length_2301_cov_10.660285"	"PrePostFVT"	"During"	"PrePostFVTDuring"	1.58882853215634	0.608336514533057	0.625441068401193	0.139746972013219	0.799159091036634	0.139746972013219	0.733219832963666	NA	"abundance"	20	20
"NODE_454_length_20811_cov_36.278859"	"PrePostFVT"	"Post"	"PrePostFVTPost"	-2.8358252332045	0.710938090833022	2.02023239713277	0.139690156247538	0.799159091036634	0.259866972742614	0.857561010050624	NA	"abundance"	20	8
"NODE_486_length_6444_cov_8.092190"	"PrePostFVT"	"During"	"PrePostFVTDuring"	1.35658553219713	0.608336514533057	0.467844500346066	0.140356025496563	0.800908465144535	0.261012237099935	0.859621140149486	NA	"abundance"	20	18
"NODE_315_length_19741_cov_19.947983"	"PrePostFVT"	"During"	"PrePostFVTDuring"	1.51392331392787	0.608336514533057	0.579841015167225	0.14074341132856	0.801388130883742	0.14074341132856	0.733219832963666	NA	"abundance"	20	20
"NODE_2090_length_2500_cov_4.756646"	"PrePostFVT"	"During"	"PrePostFVTDuring"	-15.7723769793328	0	10.7195589080002	0.141192605241919	0.802216909783117	0.262449858708837	0.86263399774817	NA	"prevalence"	20	14
"NODE_156_length_14543_cov_6.802250"	"PrePostFVT"	"During"	"PrePostFVTDuring"	1.35541039064261	0.608336514533057	0.468591856950132	0.141626756088575	0.802701542574101	0.263195374136976	0.863105797110817	NA	"abundance"	20	18
"NODE_244_length_13727_cov_20.945802"	"PrePostFVT"	"Post"	"PrePostFVTPost"	0.102027559936934	0.710938090833022	0.385706617999426	0.141885548971274	0.802701542574101	0.263639588935668	0.863105797110817	NA	"abundance"	20	19
"NODE_1070_length_4765_cov_8.258599"	"PrePostFVT"	"Post"	"PrePostFVTPost"	0.101563409239043	0.710938090833022	0.389292598189816	0.143746111083767	0.809585780873325	0.266829277715828	0.870095470812481	NA	"abundance"	20	19
"NODE_296_length_13554_cov_17.365138"	"PrePostFVT"	"During"	"PrePostFVTDuring"	1.44661040742202	0.608336514533057	0.530342670017022	0.144285103412037	0.809585780873325	0.267752015757452	0.870104108244474	NA	"abundance"	20	18
"NODE_315_length_19741_cov_19.947983"	"PrePostFVT"	"Post"	"PrePostFVTPost"	1.38131089801893	0.710938090833022	0.432187975352134	0.145553840240284	0.809585780873325	0.145553840240284	0.733219832963666	NA	"abundance"	20	20
"NODE_364_length_6238_cov_6.230309"	"PrePostFVT"	"Post"	"PrePostFVTPost"	1.3274432195183	0.710938090833022	0.388840646305577	0.145253996263453	0.809585780873325	0.269409269096403	0.871765233337443	NA	"abundance"	20	18
"NODE_147_length_36185_cov_117.717548"	"PrePostFVT"	"During"	"PrePostFVTDuring"	-15.011290591043	0	10.3117684115416	0.145463519683292	0.809585780873325	0.127826583130848	0.704177297158927	NA	"prevalence"	20	14
"NODE_147_length_36185_cov_117.717548"	"PrePostFVT"	"Post"	"PrePostFVTPost"	-15.0112909896238	0	10.2835938520403	0.144363744441987	0.809585780873325	0.0129348607611414	0.39452319173861	NA	"prevalence"	20	14
"NODE_477_length_15190_cov_11.631913"	"PrePostFVT"	"During"	"PrePostFVTDuring"	-15.011290591043	0	10.3117684115416	0.145463519683292	0.809585780873325	0.241080247097889	0.833693348758829	NA	"prevalence"	20	16
"NODE_477_length_15190_cov_11.631913"	"PrePostFVT"	"Post"	"PrePostFVTPost"	-15.0112909896238	0	10.2835938520403	0.144363744441987	0.809585780873325	0.267886598174662	0.870104108244474	NA	"prevalence"	20	16
"NODE_1102_length_3264_cov_3.307884"	"PrePostFVT"	"During"	"PrePostFVTDuring"	-0.052551811940621	0.608336514533057	0.410877535313134	0.150241622168587	0.816311989906032	0.277910699305325	0.871765233337443	NA	"abundance"	20	14
"NODE_1109_length_4231_cov_23.831418"	"PrePostFVT"	"During"	"PrePostFVTDuring"	2.14528127404578	0.608336514533057	1.00827496433418	0.15010499996422	0.816311989906032	0.277678488914182	0.871765233337443	NA	"abundance"	20	19
"NODE_1121_length_4468_cov_66.517109"	"PrePostFVT"	"During"	"PrePostFVTDuring"	0.931018959923283	0.608336514533057	0.182943430442609	0.148071261492597	0.816311989906032	0.274217424505186	0.871765233337443	NA	"abundance"	20	13
"NODE_113_length_10944_cov_8.844155"	"PrePostFVT"	"During"	"PrePostFVTDuring"	1.26973769912309	0.608336514533057	0.431032802948555	0.156797473812366	0.816311989906032	0.289009499830793	0.871765233337443	NA	"abundance"	20	18
"NODE_1177_length_5283_cov_27.285386"	"PrePostFVT"	"During"	"PrePostFVTDuring"	1.4674466914513	0.608336514533057	0.553474055952962	0.150513694219178	0.816311989906032	0.278373016290851	0.871765233337443	NA	"abundance"	20	18
"NODE_1425_length_3539_cov_7.956085"	"PrePostFVT"	"During"	"PrePostFVTDuring"	1.03691224503209	0.608336514533057	0.264888079630316	0.154377895204589	0.816311989906032	0.28492325588138	0.871765233337443	NA	"abundance"	20	12
"NODE_156_length_62050_cov_244.358481|provirus_1478_13348"	"PrePostFVT"	"During"	"PrePostFVTDuring"	1.25071287814346	0.608336514533057	0.409463419145219	0.148917048969169	0.816311989906032	0.275657810464652	0.871765233337443	NA	"abundance"	20	18
"NODE_159_length_9578_cov_8.532395"	"PrePostFVT"	"Post"	"PrePostFVTPost"	1.18305418746067	0.710938090833022	0.304187432654815	0.152761810160944	0.816311989906032	0.282187449678241	0.871765233337443	NA	"abundance"	20	18
"NODE_2137_length_1853_cov_3.723582"	"PrePostFVT"	"During"	"PrePostFVTDuring"	-0.524310478838274	0.608336514533057	0.697342433618524	0.149583322642969	0.816311989906032	0.276791474873027	0.871765233337443	NA	"abundance"	20	10
"NODE_244_length_44445_cov_23.965736"	"PrePostFVT"	"During"	"PrePostFVTDuring"	-2.29828418727578	0.608336514533057	1.69052167761814	0.157012727708707	0.816311989906032	0.289372458754885	0.871765233337443	NA	"abundance"	20	9
"NODE_2528_length_2034_cov_12.868621"	"PrePostFVT"	"During"	"PrePostFVTDuring"	1.35476106737357	0.608336514533057	0.476154606413105	0.148537467881421	0.816311989906032	0.275011556398217	0.871765233337443	NA	"abundance"	20	18
"NODE_295_length_27982_cov_394.127905"	"PrePostFVT"	"Post"	"PrePostFVTPost"	-0.185709428168027	0.710938090833022	0.579435202021622	0.1480647361647	0.816311989906032	0.1480647361647	0.733219832963666	NA	"abundance"	20	20
"NODE_353_length_5638_cov_9.194340"	"PrePostFVT"	"During"	"PrePostFVTDuring"	1.96409915342799	0.608336514533057	0.890223935072316	0.150700545850929	0.816311989906032	0.27869043718209	0.871765233337443	NA	"abundance"	20	19
"NODE_454_length_20811_cov_36.278859"	"PrePostFVT"	"During"	"PrePostFVTDuring"	-2.83826280131765	0.608336514533057	2.02023239713277	0.148893170330203	0.816311989906032	0.275617164489427	0.871765233337443	NA	"abundance"	20	8
"NODE_706_length_9001_cov_11.109882"	"PrePostFVT"	"During"	"PrePostFVTDuring"	-0.28841892600728	0.608336514533057	0.545004304018347	0.150871090319971	0.816311989906032	0.278980094745605	0.871765233337443	NA	"abundance"	20	12
"NODE_779_length_7907_cov_95.992486"	"PrePostFVT"	"During"	"PrePostFVTDuring"	1.20784541892049	0.608336514533057	0.397508813964062	0.156795794834894	0.816311989906032	0.156795794834894	0.733453421370358	NA	"abundance"	20	20
"NODE_795_length_2536_cov_4.845627"	"PrePostFVT"	"During"	"PrePostFVTDuring"	1.31039098041473	0.608336514533057	0.45376506011094	0.153309280127296	0.816311989906032	0.283114824881443	0.871765233337443	NA	"abundance"	20	18
"NODE_1102_length_3264_cov_3.307884"	"PrePostFVT"	"Post"	"PrePostFVTPost"	-3.39318871934552	0	2.39630356998365	0.156772710890499	0.816311989906032	0.288967738901041	0.871765233337443	NA	"prevalence"	20	14
"NODE_1168_length_2630_cov_10.932427"	"PrePostFVT"	"Post"	"PrePostFVTPost"	-1.76260287829316	0	1.24718319278512	0.15757722625682	0.816311989906032	0.0435487682865843	0.47724151592352	NA	"prevalence"	20	8
"NODE_1194_length_3879_cov_4.682531"	"PrePostFVT"	"Post"	"PrePostFVTPost"	1.76260287847336	0	1.24718289544976	0.15757712718424	0.816311989906032	0.290323703356841	0.871765233337443	NA	"prevalence"	20	16
"NODE_1209_length_3352_cov_2.694874"	"PrePostFVT"	"Post"	"PrePostFVTPost"	-1.76260288493606	0	1.2471832919027	0.157577257703284	0.816311989906032	0.290323923261281	0.871765233337443	NA	"prevalence"	20	4
"NODE_1211_length_2702_cov_7.191160"	"PrePostFVT"	"Post"	"PrePostFVTPost"	1.83258160580896	0	1.28452319800782	0.15367708091155	0.816311989906032	0.125095426966339	0.694974594257438	NA	"prevalence"	20	9
"NODE_1215_length_4762_cov_296.029530"	"PrePostFVT"	"Post"	"PrePostFVTPost"	1.76260287847336	0	1.24718306772033	0.157577184560441	0.816311989906032	0.290323800026887	0.871765233337443	NA	"prevalence"	20	15
"NODE_1320_length_3944_cov_3.698123"	"PrePostFVT"	"Post"	"PrePostFVTPost"	-1.76260287847336	0	1.24718293203964	0.157577139370815	0.816311989906032	0.157577139370815	0.733453421370358	NA	"prevalence"	20	4
"NODE_1351_length_2938_cov_4.657301"	"PrePostFVT"	"Post"	"PrePostFVTPost"	-1.76260287847336	0	1.24718288248102	0.157577122864888	0.816311989906032	0.157577122864888	0.733453421370358	NA	"prevalence"	20	4
"NODE_1454_length_3453_cov_3.464979"	"PrePostFVT"	"Post"	"PrePostFVTPost"	-1.76260287847336	0	1.24718288248102	0.157577122864888	0.816311989906032	0.157577122864888	0.733453421370358	NA	"prevalence"	20	4
"NODE_1505_length_2500_cov_249.157464"	"PrePostFVT"	"Post"	"PrePostFVTPost"	1.76260287847336	0	1.24718234442852	0.157576943661851	0.816311989906032	0.290323394149891	0.871765233337443	NA	"prevalence"	20	16
"NODE_2416_length_2609_cov_7.559123"	"PrePostFVT"	"Post"	"PrePostFVTPost"	1.76260287847336	0	1.24718289544976	0.15757712718424	0.816311989906032	0.290323703356841	0.871765233337443	NA	"prevalence"	20	15
"NODE_377_length_6517_cov_6.469205"	"PrePostFVT"	"Post"	"PrePostFVTPost"	-3.39318871934552	0	2.39630356998365	0.156772710890499	0.816311989906032	0.288967738901041	0.871765233337443	NA	"prevalence"	20	14
"NODE_706_length_9031_cov_24.872995"	"PrePostFVT"	"Post"	"PrePostFVTPost"	1.76260287847336	0	1.24718289544976	0.15757712718424	0.816311989906032	0.0766764879152349	0.547256724396239	NA	"prevalence"	20	16
"NODE_742_length_2991_cov_3.668256"	"PrePostFVT"	"Post"	"PrePostFVTPost"	-1.83576322068057	0	1.28495012467329	0.153100553082593	0.816311989906032	0.118414986115907	0.666842071983774	NA	"prevalence"	20	13
"NODE_766_length_4069_cov_5.818884"	"PrePostFVT"	"Post"	"PrePostFVTPost"	1.76260287847336	0	1.24718289544976	0.15757712718424	0.816311989906032	0.290323703356841	0.871765233337443	NA	"prevalence"	20	16
"NODE_930_length_4573_cov_5.266932"	"PrePostFVT"	"Post"	"PrePostFVTPost"	-3.39318871934552	0	2.39630356998365	0.156772710890499	0.816311989906032	0.288967738901041	0.871765233337443	NA	"prevalence"	20	14
"NODE_962_length_8216_cov_5.455581"	"PrePostFVT"	"Post"	"PrePostFVTPost"	-3.39318871934552	0	2.39630356998365	0.156772710890499	0.816311989906032	0.288967738901041	0.871765233337443	NA	"prevalence"	20	14
"NODE_1150_length_3473_cov_5.646870"	"PrePostFVT"	"Post"	"PrePostFVTPost"	0.0473075703450709	0.710938090833022	0.44292399790017	0.158989763067724	0.820412019579936	0.292701781375117	0.871765233337443	NA	"abundance"	20	19
"NODE_2208_length_1898_cov_12.739555"	"PrePostFVT"	"During"	"PrePostFVTDuring"	2.15769571660851	0.608336514533057	1.03880423859137	0.158700951027005	0.820412019579936	0.292215910197135	0.871765233337443	NA	"abundance"	20	19
"NODE_359_length_6935_cov_5.444913"	"PrePostFVT"	"Post"	"PrePostFVTPost"	-2.69845229437109	0.710938090833022	2.06285234212607	0.159369678648854	0.82076937814868	0.293340662825069	0.872093862452909	NA	"abundance"	20	8
"NODE_7013_length_1142_cov_2.417663"	"PrePostFVT"	"During"	"PrePostFVTDuring"	-0.29863600060666	0.608336514533057	0.573424641332561	0.160253036573003	0.823713079038665	0.294825037415138	0.873767032882173	NA	"abundance"	20	13
"NODE_1048_length_3412_cov_3.720882"	"PrePostFVT"	"During"	"PrePostFVTDuring"	-2.30255433146453	0	1.64317919533646	0.161130325180469	0.825012246369767	0.296297668668175	0.873767032882173	NA	"prevalence"	20	6
"NODE_1992_length_2011_cov_4.148773"	"PrePostFVT"	"During"	"PrePostFVTDuring"	-2.30256233316193	0	1.64317980248331	0.161129024328238	0.825012246369767	0.296295486175505	0.873767032882173	NA	"prevalence"	20	6
"NODE_1062_length_4753_cov_4.627501"	"PrePostFVT"	"Post"	"PrePostFVTPost"	-0.526775635061123	0.710938090833022	0.754953829971813	0.163169044064607	0.83206215969248	0.0687652101996572	0.524379380869492	NA	"abundance"	20	7
"NODE_1474_length_4254_cov_5.462967"	"PrePostFVT"	"Post"	"PrePostFVTPost"	2.34150318945901	0.710938090833022	0.886754844795574	0.164362769889417	0.83206215969248	0.0839015433847182	0.562554475938266	NA	"abundance"	20	5
"NODE_1923_length_2760_cov_6.805176"	"PrePostFVT"	"During"	"PrePostFVTDuring"	0.237378961462089	0.608336514533057	0.233138010443125	0.163671203371945	0.83206215969248	0.30055414393067	0.873767032882173	NA	"abundance"	20	13
"NODE_2460_length_2605_cov_26.049804"	"PrePostFVT"	"During"	"PrePostFVTDuring"	-0.0185377802458078	0.608336514533057	0.419634157237983	0.164396838516077	0.83206215969248	0.301767356518073	0.873767032882173	NA	"abundance"	20	18
"NODE_296_length_13554_cov_17.365138"	"PrePostFVT"	"Post"	"PrePostFVTPost"	1.343319468278	0.710938090833022	0.418279057583467	0.162986662924771	0.83206215969248	0.299408673558188	0.873767032882173	NA	"abundance"	20	18
"NODE_830_length_4810_cov_5.175605"	"PrePostFVT"	"Post"	"PrePostFVTPost"	0.0852181201209603	0.710938090833022	0.419233417100452	0.16424621423043	0.83206215969248	0.301515609571832	0.873767032882173	NA	"abundance"	20	18
"NODE_1476_length_3230_cov_10.609449"	"PrePostFVT"	"During"	"PrePostFVTDuring"	1.02719801337454	0.608336514533057	0.2575076428696	0.165272112630172	0.834000719522638	0.303229354047104	0.873767032882173	NA	"abundance"	20	10
"NODE_1840_length_3253_cov_88.970294"	"PrePostFVT"	"During"	"PrePostFVTDuring"	1.98331240328142	0.608336514533057	0.928918186976139	0.165411194939388	0.834000719522638	0.303461526467499	0.873767032882173	NA	"abundance"	20	17
"NODE_1105_length_5332_cov_3.971575"	"PrePostFVT"	"Post"	"PrePostFVTPost"	2.04428169777253	0.710938090833022	0.6194232082651	0.165755485718756	0.83414474908372	0.304036090391651	0.873767032882173	NA	"abundance"	20	5
"NODE_1206_length_5083_cov_16.050716"	"PrePostFVT"	"Post"	"PrePostFVTPost"	0.351494437834843	0.710938090833022	0.225863010428734	0.166411540440351	0.835854163200395	0.305130280088972	0.873767032882173	NA	"abundance"	20	13
"NODE_545_length_3550_cov_3.934478"	"PrePostFVT"	"During"	"PrePostFVTDuring"	-0.232770197971168	0.608336514533057	0.533811144864723	0.166737313405359	0.835901294149825	0.305673295129081	0.873767032882173	NA	"abundance"	20	11
"NODE_867_length_2238_cov_287.902428"	"PrePostFVT"	"Post"	"PrePostFVTPost"	-2.28026975815042	0.710938090833022	1.85997668108141	0.168841376597141	0.836713847153782	0.309175342743065	0.873767032882173	NA	"abundance"	20	7
"NODE_1045_length_6642_cov_13.697890"	"PrePostFVT"	"Post"	"PrePostFVTPost"	-2.84181086943945	0	2.07130491595888	0.170066364845413	0.836713847153782	0.311210161239093	0.873767032882173	NA	"prevalence"	20	16
"NODE_1334_length_2095_cov_3.035784"	"PrePostFVT"	"Post"	"PrePostFVTPost"	-2.84181092521635	0	2.07130358886344	0.170066082809234	0.836713847153782	0.31120969309639	0.873767032882173	NA	"prevalence"	20	15
"NODE_1822_length_4306_cov_6.684780"	"PrePostFVT"	"Post"	"PrePostFVTPost"	-2.84181092521635	0	2.07130358886344	0.170066082809234	0.836713847153782	0.31120969309639	0.873767032882173	NA	"prevalence"	20	15
"NODE_1960_length_3491_cov_16.300058"	"PrePostFVT"	"Post"	"PrePostFVTPost"	-2.84181086943945	0	2.07130491595888	0.170066364845413	0.836713847153782	0.232349114616956	0.820933702608087	NA	"prevalence"	20	15
"NODE_259_length_15570_cov_23.236932"	"PrePostFVT"	"Post"	"PrePostFVTPost"	-2.84181086943946	0	2.07129908088044	0.170065161625414	0.836713847153782	0.311208164052149	0.873767032882173	NA	"prevalence"	20	15
"NODE_590_length_6739_cov_4.358767"	"PrePostFVT"	"Post"	"PrePostFVTPost"	-2.84181086943945	0	2.07130491595888	0.170066364845413	0.836713847153782	0.0313582977893622	0.475474355226231	NA	"prevalence"	20	15
"NODE_658_length_5901_cov_4.121280"	"PrePostFVT"	"During"	"PrePostFVTDuring"	-2.64256334897521	0	1.92558472886345	0.169956584388958	0.836713847153782	0.311027928200755	0.873767032882173	NA	"prevalence"	20	8
"NODE_908_length_6433_cov_7.265130"	"PrePostFVT"	"During"	"PrePostFVTDuring"	-2.64256334897521	0	1.92558472886345	0.169956584388958	0.836713847153782	0.311027928200755	0.873767032882173	NA	"prevalence"	20	8
"NODE_1505_length_2500_cov_249.157464"	"PrePostFVT"	"Post"	"PrePostFVTPost"	-0.848897585642327	0.710938090833022	1.06582641093464	0.171991511848029	0.844612591640321	0.290323394149891	0.871765233337443	NA	"abundance"	20	16
"NODE_253_length_8024_cov_6.829590"	"PrePostFVT"	"During"	"PrePostFVTDuring"	1.74209565241326	0.608336514533057	0.78658735352192	0.172824685215282	0.847129533096057	0.315780998610802	0.8846157006924	NA	"abundance"	20	19
"NODE_336_length_5945_cov_6.382343"	"PrePostFVT"	"During"	"PrePostFVTDuring"	1.21813965665372	0.608336514533057	0.414661242250016	0.173260753488522	0.847694279104955	0.316502218277634	0.885133322301857	NA	"abundance"	20	18
"NODE_108_length_16977_cov_116.663101"	"PrePostFVT"	"During"	"PrePostFVTDuring"	-0.517504247982472	0.608336514533057	0.354567145417622	0.198247036527408	0.850077207653567	0.357192185562917	0.94170721118156	NA	"abundance"	20	5
"NODE_114_length_41139_cov_24.287119"	"PrePostFVT"	"Post"	"PrePostFVTPost"	-1.08750735993061	0.710938090833022	1.27300116487497	0.200919064475778	0.850077207653567	0.361469658481734	0.942786401895667	NA	"abundance"	20	11
"NODE_115_length_68071_cov_76.287815|provirus_44295_57657"	"PrePostFVT"	"During"	"PrePostFVTDuring"	1.25340400024254	0.608336514533057	0.445458049869888	0.179020665653376	0.850077207653567	0.325992932575774	0.899475403436391	NA	"abundance"	20	18
"NODE_1194_length_3879_cov_4.682531"	"PrePostFVT"	"Post"	"PrePostFVTPost"	1.34853078484488	0.710938090833022	0.433838804541491	0.180479699380781	0.850077207653567	0.290323703356841	0.871765233337443	NA	"abundance"	20	16
"NODE_1215_length_4762_cov_296.029530"	"PrePostFVT"	"Post"	"PrePostFVTPost"	-0.436330329745667	0.710938090833022	0.822834060983046	0.192024202634885	0.850077207653567	0.290323800026887	0.871765233337443	NA	"abundance"	20	15
"NODE_1334_length_2095_cov_3.035784"	"PrePostFVT"	"Post"	"PrePostFVTPost"	1.06562325551042	0.710938090833022	0.247049169688452	0.197831984077907	0.850077207653567	0.31120969309639	0.873767032882173	NA	"abundance"	20	15
"NODE_1422_length_2645_cov_4.424324"	"PrePostFVT"	"During"	"PrePostFVTDuring"	-0.129128411610616	0.608336514533057	0.436504917965962	0.193530939689691	0.850077207653567	0.349607654762207	0.935794742937876	NA	"abundance"	20	6
"NODE_146_length_35576_cov_13.034318"	"PrePostFVT"	"During"	"PrePostFVTDuring"	-0.574918692449211	0.608336514533057	0.76733487332794	0.184874955334434	0.850077207653567	0.335571161558958	0.916709298960731	NA	"abundance"	20	7
"NODE_153_length_65213_cov_33.549280"	"PrePostFVT"	"During"	"PrePostFVTDuring"	-0.535561598715172	0.608336514533057	0.783367050208791	0.188722589996873	0.850077207653567	0.341828964018617	0.925881862151192	NA	"abundance"	20	11
"NODE_1590_length_3270_cov_6.386625"	"PrePostFVT"	"Post"	"PrePostFVTPost"	0.0939356204835153	0.710938090833022	0.441571935757928	0.189010307546812	0.850077207653567	0.342295718734683	0.925881862151192	NA	"abundance"	20	19
"NODE_172_length_36863_cov_73.802760"	"PrePostFVT"	"During"	"PrePostFVTDuring"	-2.9378766345344	0.608336514533057	1.90973806903103	0.17950092017964	0.850077207653567	0.326781260013942	0.899475403436391	NA	"abundance"	20	6
"NODE_2185_length_2811_cov_5.858853"	"PrePostFVT"	"Post"	"PrePostFVTPost"	0.21066383299813	0.710938090833022	0.370574969791	0.20281416533098	0.850077207653567	0.20281416533098	0.758034601176654	NA	"abundance"	20	20
"NODE_231_length_47332_cov_15.070605"	"PrePostFVT"	"During"	"PrePostFVTDuring"	-3.37167952423313	0.608336514533057	2.55727535944818	0.180465016456295	0.850077207653567	0.328362410748018	0.901494139324842	NA	"abundance"	20	7
"NODE_2534_length_1967_cov_5.160565"	"PrePostFVT"	"During"	"PrePostFVTDuring"	-2.41308497523162	0.608336514533057	1.97630934998359	0.187008394255294	0.850077207653567	0.339044648988645	0.920842917508238	NA	"abundance"	20	7
"NODE_273_length_6498_cov_6.629986"	"PrePostFVT"	"Post"	"PrePostFVTPost"	1.36320321435772	0.710938090833022	0.448087551074819	0.176896729362004	0.850077207653567	0.322501005865034	0.89433052046606	NA	"abundance"	20	18
"NODE_2814_length_2535_cov_17.660484"	"PrePostFVT"	"During"	"PrePostFVTDuring"	1.22447648071658	0.608336514533057	0.435460004757263	0.181015786414316	0.850077207653567	0.181015786414316	0.758034601176654	NA	"abundance"	20	20
"NODE_313_length_7970_cov_11.130259"	"PrePostFVT"	"During"	"PrePostFVTDuring"	1.03467763622868	0.608336514533057	0.296203696932693	0.187175703448998	0.850077207653567	0.339316662936369	0.920842917508238	NA	"abundance"	20	18
"NODE_321_length_8192_cov_6.306624"	"PrePostFVT"	"Post"	"PrePostFVTPost"	0.00930994928311437	0.710938090833022	0.483176405649482	0.176008041844257	0.850077207653567	0.321037252894664	0.891770146929622	NA	"abundance"	20	17
"NODE_325_length_3511_cov_3.129340"	"PrePostFVT"	"Post"	"PrePostFVTPost"	-0.0520129325547306	0.710938090833022	0.562382109880369	0.202659713572374	0.850077207653567	0.364248467639512	0.946472396228652	NA	"abundance"	20	19
"NODE_358_length_10507_cov_12.936854"	"PrePostFVT"	"During"	"PrePostFVTDuring"	1.22116670549127	0.608336514533057	0.43959459314352	0.194097383018746	0.850077207653567	0.350520971942765	0.935794742937876	NA	"abundance"	20	18
"NODE_377_length_6517_cov_6.469205"	"PrePostFVT"	"Post"	"PrePostFVTPost"	0.163279877560907	0.710938090833022	0.379609440875533	0.192627176541433	0.850077207653567	0.288967738901041	0.871765233337443	NA	"abundance"	20	14
"NODE_403_length_17644_cov_1809.089886"	"PrePostFVT"	"Post"	"PrePostFVTPost"	-0.465690267833896	0.710938090833022	0.799411703107511	0.20070861587399	0.850077207653567	0.361133283261928	0.942786401895667	NA	"abundance"	20	11
"NODE_403_length_4567_cov_8.259087"	"PrePostFVT"	"Post"	"PrePostFVTPost"	1.17143501442116	0.710938090833022	0.329916648735902	0.191096218856633	0.850077207653567	0.191096218856633	0.758034601176654	NA	"abundance"	20	20
"NODE_414_length_5262_cov_3.088151"	"PrePostFVT"	"During"	"PrePostFVTDuring"	-0.517609982508045	0.608336514533057	0.751360776954714	0.195805047854156	0.850077207653567	0.353270478943144	0.935794742937876	NA	"abundance"	20	9
"NODE_543_length_4816_cov_8.005881"	"PrePostFVT"	"During"	"PrePostFVTDuring"	1.25077455372879	0.608336514533057	0.44434222172216	0.179684185746709	0.850077207653567	0.32708196488596	0.899475403436391	NA	"abundance"	20	18
"NODE_581_length_3648_cov_8.794044"	"PrePostFVT"	"During"	"PrePostFVTDuring"	-1.26631419113216	0.608336514533057	1.20965249356145	0.182182590206672	0.850077207653567	0.331174684238932	0.907704699325975	NA	"abundance"	20	8
"NODE_607_length_4805_cov_7.701895"	"PrePostFVT"	"During"	"PrePostFVTDuring"	1.29790550626709	0.608336514533057	0.504903392808651	0.202042594071111	0.850077207653567	0.363263978323238	0.945403098159845	NA	"abundance"	20	18
"NODE_6390_length_1229_cov_3.322828"	"PrePostFVT"	"During"	"PrePostFVTDuring"	0.927508737425888	0.608336514533057	0.18298955177148	0.174192180863342	0.850077207653567	0.318041445852757	0.887932970654906	NA	"abundance"	20	9
"NODE_689_length_11453_cov_7.538691"	"PrePostFVT"	"During"	"PrePostFVTDuring"	-0.449513083098647	0.608336514533057	0.706268717474043	0.179213542863948	0.850077207653567	0.326309591782049	0.899475403436391	NA	"abundance"	20	10
"NODE_7013_length_1142_cov_2.417663"	"PrePostFVT"	"Post"	"PrePostFVTPost"	-0.1264441430061	0.710938090833022	0.573424641332561	0.190446739441939	0.850077207653567	0.149524285494855	0.733219832963666	NA	"abundance"	20	13
"NODE_715_length_5755_cov_15.409474"	"PrePostFVT"	"Post"	"PrePostFVTPost"	3.74351663913305	0.710938090833022	0.84821716919756	0.201055162673333	0.850077207653567	0.361687146909065	0.942786401895667	NA	"abundance"	20	6
"NODE_766_length_7639_cov_85.453718"	"PrePostFVT"	"During"	"PrePostFVTDuring"	1.18409334149248	0.608336514533057	0.41796130671892	0.19346017413521	0.850077207653567	0.19346017413521	0.758034601176654	NA	"abundance"	20	20
"NODE_839_length_4261_cov_7.643367"	"PrePostFVT"	"Post"	"PrePostFVTPost"	-0.102806005781975	0.710938090833022	0.574873504548703	0.182926787153792	0.850077207653567	0.332391364849175	0.909528610283811	NA	"abundance"	20	17
"NODE_860_length_5585_cov_16.822966"	"PrePostFVT"	"During"	"PrePostFVTDuring"	-2.64966554261663	0.608336514533057	2.12532593199829	0.185971507524272	0.850077207653567	0.337357613437694	0.920066218466438	NA	"abundance"	20	8
"NODE_860_length_5585_cov_16.822966"	"PrePostFVT"	"Post"	"PrePostFVTPost"	-2.64722797450348	0.710938090833022	2.12532593199829	0.175070924706686	0.850077207653567	0.319492020735718	0.888974425318609	NA	"abundance"	20	8
"NODE_877_length_4119_cov_7.801919"	"PrePostFVT"	"During"	"PrePostFVTDuring"	0.106606487202498	0.608336514533057	0.325734456958511	0.174593326880179	0.850077207653567	0.318703823969269	0.888279239103537	NA	"abundance"	20	10
"NODE_888_length_3605_cov_9.453803"	"PrePostFVT"	"Post"	"PrePostFVTPost"	0.191033712918207	0.710938090833022	0.36263864579249	0.194599351843525	0.850077207653567	0.35132979594913	0.935794742937876	NA	"abundance"	20	14
"NODE_954_length_4585_cov_15.544371"	"PrePostFVT"	"Post"	"PrePostFVTPost"	0.150094456585743	0.710938090833022	0.410081089036018	0.199878671237735	0.850077207653567	0.359805859259707	0.94234867901352	NA	"abundance"	20	17
"NODE_1000_length_3623_cov_9.385090"	"PrePostFVT"	"Post"	"PrePostFVTPost"	4.79045828458724	0	3.776607477759	0.204635355480988	0.850077207653567	0.00549407290513436	0.39452319173861	NA	"prevalence"	20	17
"NODE_106_length_96948_cov_59.874201|provirus_53627_96654"	"PrePostFVT"	"Post"	"PrePostFVTPost"	-4.79045828455542	0	3.77661535526621	0.204636299798512	0.850077207653567	0.204636299798512	0.758034601176654	NA	"prevalence"	20	3
"NODE_1070_length_3145_cov_8.108414"	"PrePostFVT"	"Post"	"PrePostFVTPost"	4.79045828458724	0	3.776607477759	0.204635355480988	0.850077207653567	0.0210427743923408	0.423358870919266	NA	"prevalence"	20	17
"NODE_1085_length_2628_cov_21.639583"	"PrePostFVT"	"Post"	"PrePostFVTPost"	4.79045828458724	0	3.776607477759	0.204635355480988	0.850077207653567	0.00457659993758817	0.39452319173861	NA	"prevalence"	20	17
"NODE_109_length_17329_cov_21.961503"	"PrePostFVT"	"Post"	"PrePostFVTPost"	4.79045828458724	0	3.776607477759	0.204635355480988	0.850077207653567	0.00621949988519177	0.39452319173861	NA	"prevalence"	20	17
"NODE_116_length_38613_cov_286.577597"	"PrePostFVT"	"Post"	"PrePostFVTPost"	-4.79045828458723	0	3.77660739571003	0.204635345645381	0.850077207653567	0.204635345645381	0.758034601176654	NA	"prevalence"	20	5
"NODE_120_length_44371_cov_9.663327"	"PrePostFVT"	"Post"	"PrePostFVTPost"	-4.79045828458723	0	3.77660743322726	0.204635350142754	0.850077207653567	0.204635350142754	0.758034601176654	NA	"prevalence"	20	3
"NODE_1301_length_2543_cov_7.558682"	"PrePostFVT"	"Post"	"PrePostFVTPost"	4.79045828458724	0	3.776607477759	0.204635355480988	0.850077207653567	0.01833549910743	0.415860294418156	NA	"prevalence"	20	17
"NODE_1352_length_2592_cov_8.143871"	"PrePostFVT"	"Post"	"PrePostFVTPost"	4.79045828458724	0	3.776607477759	0.204635355480988	0.850077207653567	0.0097016305005994	0.39452319173861	NA	"prevalence"	20	17
"NODE_1406_length_3617_cov_4.808254"	"PrePostFVT"	"Post"	"PrePostFVTPost"	-4.79045828458723	0	3.77660739571003	0.204635345645381	0.850077207653567	0.204635345645381	0.758034601176654	NA	"prevalence"	20	3
"NODE_1463_length_2299_cov_4.454991"	"PrePostFVT"	"Post"	"PrePostFVTPost"	-4.79045828458723	0	3.77660743322726	0.204635350142754	0.850077207653567	0.204635350142754	0.758034601176654	NA	"prevalence"	20	4
"NODE_1477_length_3366_cov_5.620054"	"PrePostFVT"	"Post"	"PrePostFVTPost"	-4.79045828458723	0	3.77660739571003	0.204635345645381	0.850077207653567	0.204635345645381	0.758034601176654	NA	"prevalence"	20	3
"NODE_1493_length_1864_cov_2.265340"	"PrePostFVT"	"Post"	"PrePostFVTPost"	-4.79045828455542	0	3.77661532194685	0.204636295804363	0.850077207653567	0.204636295804363	0.758034601176654	NA	"prevalence"	20	3
"NODE_153_length_9880_cov_18.089873"	"PrePostFVT"	"Post"	"PrePostFVTPost"	4.79045828458724	0	3.776607477759	0.204635355480988	0.850077207653567	0.0247604197081832	0.45632801862823	NA	"prevalence"	20	17
"NODE_1535_length_2614_cov_6.153576"	"PrePostFVT"	"Post"	"PrePostFVTPost"	4.79045828458724	0	3.776607477759	0.204635355480988	0.850077207653567	0.011605898475919	0.39452319173861	NA	"prevalence"	20	17
"NODE_1564_length_2551_cov_4.290865"	"PrePostFVT"	"Post"	"PrePostFVTPost"	-4.79045828458723	0	3.77660743322726	0.204635350142754	0.850077207653567	0.204635350142754	0.758034601176654	NA	"prevalence"	20	4
"NODE_168_length_20682_cov_21.840016"	"PrePostFVT"	"Post"	"PrePostFVTPost"	4.79045828458724	0	3.776607477759	0.204635355480988	0.850077207653567	0.0134010775812877	0.39452319173861	NA	"prevalence"	20	17
"NODE_1686_length_3018_cov_10.032400"	"PrePostFVT"	"Post"	"PrePostFVTPost"	4.79045828458724	0	3.776607477759	0.204635355480988	0.850077207653567	0.016003372110215	0.411023675353133	NA	"prevalence"	20	17
"NODE_1802_length_2870_cov_5.132149"	"PrePostFVT"	"During"	"PrePostFVTDuring"	3.31874764313647	0	2.59647258435269	0.201187552753182	0.850077207653567	0.201187552753182	0.758034601176654	NA	"prevalence"	20	5
"NODE_1840_length_3253_cov_88.970294"	"PrePostFVT"	"Post"	"PrePostFVTPost"	4.79045828458724	0	3.776607477759	0.204635355480988	0.850077207653567	0.0148240563845562	0.400978574336357	NA	"prevalence"	20	17
"NODE_1876_length_1287_cov_2.543831"	"PrePostFVT"	"Post"	"PrePostFVTPost"	-4.79045828458723	0	3.77660743322726	0.204635350142754	0.850077207653567	0.204635350142754	0.758034601176654	NA	"prevalence"	20	3
"NODE_1948_length_3066_cov_2.655596"	"PrePostFVT"	"Post"	"PrePostFVTPost"	-4.79045828458723	0	3.77660743322726	0.204635350142754	0.850077207653567	0.204635350142754	0.758034601176654	NA	"prevalence"	20	3
"NODE_198_length_8163_cov_9.324741"	"PrePostFVT"	"Post"	"PrePostFVTPost"	4.79045828458724	0	3.776607477759	0.204635355480988	0.850077207653567	0.0124806888479498	0.39452319173861	NA	"prevalence"	20	17
"NODE_1992_length_3218_cov_3.072716"	"PrePostFVT"	"Post"	"PrePostFVTPost"	-4.79045828458723	0	3.77660743322726	0.204635350142754	0.850077207653567	0.204635350142754	0.758034601176654	NA	"prevalence"	20	3
"NODE_2015_length_2219_cov_9.286044"	"PrePostFVT"	"Post"	"PrePostFVTPost"	-4.79045828458723	0	3.77660739571003	0.204635345645381	0.850077207653567	0.204635345645381	0.758034601176654	NA	"prevalence"	20	3
"NODE_2064_length_2932_cov_9.610706"	"PrePostFVT"	"Post"	"PrePostFVTPost"	-4.79045828455542	0	3.77661535526621	0.204636299798512	0.850077207653567	0.204636299798512	0.758034601176654	NA	"prevalence"	20	3
"NODE_2141_length_3217_cov_14.745098"	"PrePostFVT"	"Post"	"PrePostFVTPost"	4.79045828458724	0	3.776607477759	0.204635355480988	0.850077207653567	0.012529230704888	0.39452319173861	NA	"prevalence"	20	17
"NODE_278_length_9687_cov_5.219581"	"PrePostFVT"	"Post"	"PrePostFVTPost"	-4.79045828458723	0	3.77660743322726	0.204635350142754	0.850077207653567	0.204635350142754	0.758034601176654	NA	"prevalence"	20	4
"NODE_314_length_7969_cov_4.678292"	"PrePostFVT"	"Post"	"PrePostFVTPost"	-4.79045828458724	0	3.776607477759	0.204635355480988	0.850077207653567	0.204635355480988	0.758034601176654	NA	"prevalence"	20	3
"NODE_336_length_7643_cov_6.080522"	"PrePostFVT"	"Post"	"PrePostFVTPost"	-4.79045828458723	0	3.77660743322726	0.204635350142754	0.850077207653567	0.204635350142754	0.758034601176654	NA	"prevalence"	20	4
"NODE_365_length_6752_cov_5.892788"	"PrePostFVT"	"Post"	"PrePostFVTPost"	-4.79045828458723	0	3.77660743322726	0.204635350142754	0.850077207653567	0.204635350142754	0.758034601176654	NA	"prevalence"	20	4
"NODE_38_length_1261_cov_5.764511"	"PrePostFVT"	"Post"	"PrePostFVTPost"	4.79045828458724	0	3.776607477759	0.204635355480988	0.850077207653567	0.0141071929167139	0.39452319173861	NA	"prevalence"	20	17
"NODE_424_length_13454_cov_10.768266"	"PrePostFVT"	"Post"	"PrePostFVTPost"	4.79045828458724	0	3.776607477759	0.204635355480988	0.850077207653567	0.0316982903484154	0.475474355226231	NA	"prevalence"	20	17
"NODE_4372_length_1213_cov_2.302245"	"PrePostFVT"	"Post"	"PrePostFVTPost"	-4.79045828458723	0	3.77660739571003	0.204635345645381	0.850077207653567	0.204635345645381	0.758034601176654	NA	"prevalence"	20	3
"NODE_4382_length_1351_cov_5.240741"	"PrePostFVT"	"Post"	"PrePostFVTPost"	4.79045828458724	0	3.776607477759	0.204635355480988	0.850077207653567	0.00932356621649001	0.39452319173861	NA	"prevalence"	20	17
"NODE_4383_length_1318_cov_9.849565"	"PrePostFVT"	"Post"	"PrePostFVTPost"	4.79045828458724	0	3.776607477759	0.204635355480988	0.850077207653567	0.0108000162660821	0.39452319173861	NA	"prevalence"	20	17
"NODE_475_length_11718_cov_5.183058"	"PrePostFVT"	"Post"	"PrePostFVTPost"	-4.79045828458723	0	3.77660739571003	0.204635345645381	0.850077207653567	0.204635345645381	0.758034601176654	NA	"prevalence"	20	3
"NODE_523_length_5655_cov_4.423929"	"PrePostFVT"	"Post"	"PrePostFVTPost"	-4.79045828458723	0	3.77660743322726	0.204635350142754	0.850077207653567	0.204635350142754	0.758034601176654	NA	"prevalence"	20	4
"NODE_585_length_6652_cov_6.207367"	"PrePostFVT"	"Post"	"PrePostFVTPost"	4.79045828458724	0	3.776607477759	0.204635355480988	0.850077207653567	0.0204247574218086	0.423358870919266	NA	"prevalence"	20	17
"NODE_590_length_3147_cov_3.171087"	"PrePostFVT"	"Post"	"PrePostFVTPost"	-4.79045828458724	0	3.776607477759	0.204635355480988	0.850077207653567	0.204635355480988	0.758034601176654	NA	"prevalence"	20	3
"NODE_599_length_6553_cov_10.773161"	"PrePostFVT"	"Post"	"PrePostFVTPost"	4.79045828458724	0	3.776607477759	0.204635355480988	0.850077207653567	0.0160047909762214	0.411023675353133	NA	"prevalence"	20	17
"NODE_615_length_9933_cov_5.439664"	"PrePostFVT"	"Post"	"PrePostFVTPost"	4.79045828458724	0	3.776607477759	0.204635355480988	0.850077207653567	0.0175702437908612	0.415860294418156	NA	"prevalence"	20	17
"NODE_619_length_11199_cov_10.410266"	"PrePostFVT"	"During"	"PrePostFVTDuring"	-2.31325937771655	0	1.7836635597864	0.19466055977925	0.850077207653567	0.351428386024929	0.935794742937876	NA	"prevalence"	20	7
"NODE_626_length_2561_cov_6.706704"	"PrePostFVT"	"Post"	"PrePostFVTPost"	4.79045828458724	0	3.776607477759	0.204635355480988	0.850077207653567	0.00930761802351604	0.39452319173861	NA	"prevalence"	20	17
"NODE_650_length_2189_cov_5.598875"	"PrePostFVT"	"Post"	"PrePostFVTPost"	4.79045828458724	0	3.776607477759	0.204635355480988	0.850077207653567	0.00358376594096464	0.39452319173861	NA	"prevalence"	20	17
"NODE_680_length_15026_cov_185.942956"	"PrePostFVT"	"Post"	"PrePostFVTPost"	-4.79045828458723	0	3.77660743498088	0.204635350352969	0.850077207653567	0.204635350352969	0.758034601176654	NA	"prevalence"	20	6
"NODE_681_length_4804_cov_9.113708"	"PrePostFVT"	"Post"	"PrePostFVTPost"	4.79045828458724	0	3.776607477759	0.204635355480988	0.850077207653567	0.0287769073723885	0.462884253026292	NA	"prevalence"	20	17
"NODE_714_length_7001_cov_23.326663"	"PrePostFVT"	"Post"	"PrePostFVTPost"	4.79045828458724	0	3.776607477759	0.204635355480988	0.850077207653567	0.0163200357055369	0.411023675353133	NA	"prevalence"	20	17
"NODE_73_length_18156_cov_15.957737"	"PrePostFVT"	"Post"	"PrePostFVTPost"	4.79045828458724	0	3.776607477759	0.204635355480988	0.850077207653567	0.0364119922048994	0.47724151592352	NA	"prevalence"	20	17
"NODE_732_length_3221_cov_7.692988"	"PrePostFVT"	"Post"	"PrePostFVTPost"	4.79045828458724	0	3.776607477759	0.204635355480988	0.850077207653567	0.0130623259195091	0.39452319173861	NA	"prevalence"	20	17
"NODE_770_length_9556_cov_5.364383"	"PrePostFVT"	"Post"	"PrePostFVTPost"	-4.79045828458723	0	3.77660739571003	0.204635345645381	0.850077207653567	0.204635345645381	0.758034601176654	NA	"prevalence"	20	3
"NODE_853_length_3921_cov_3.226849"	"PrePostFVT"	"Post"	"PrePostFVTPost"	-4.79045828458723	0	3.77660743322726	0.204635350142754	0.850077207653567	0.204635350142754	0.758034601176654	NA	"prevalence"	20	4
"NODE_871_length_5587_cov_53.783442"	"PrePostFVT"	"Post"	"PrePostFVTPost"	4.79045828458724	0	3.776607477759	0.204635355480988	0.850077207653567	0.00555217957759705	0.39452319173861	NA	"prevalence"	20	17
"NODE_89_length_11981_cov_11.675918"	"PrePostFVT"	"Post"	"PrePostFVTPost"	4.79045828458724	0	3.776607477759	0.204635355480988	0.850077207653567	0.00766788831282454	0.39452319173861	NA	"prevalence"	20	17
"NODE_908_length_7168_cov_5.459440"	"PrePostFVT"	"Post"	"PrePostFVTPost"	4.79045828458724	0	3.776607477759	0.204635355480988	0.850077207653567	0.0133396003445385	0.39452319173861	NA	"prevalence"	20	17
"NODE_909_length_6938_cov_5.084556"	"PrePostFVT"	"Post"	"PrePostFVTPost"	-4.79045828458723	0	3.77660739571003	0.204635345645381	0.850077207653567	0.204635345645381	0.758034601176654	NA	"prevalence"	20	3
"NODE_925_length_2516_cov_5.385616"	"PrePostFVT"	"Post"	"PrePostFVTPost"	-4.79045828458723	0	3.77660743322726	0.204635350142754	0.850077207653567	0.204635350142754	0.758034601176654	NA	"prevalence"	20	4
"NODE_98_length_33801_cov_18.976797"	"PrePostFVT"	"Post"	"PrePostFVTPost"	4.79045828458724	0	3.776607477759	0.204635355480988	0.850077207653567	0.00853090167954563	0.39452319173861	NA	"prevalence"	20	17
"NODE_729_length_5098_cov_19.285743"	"PrePostFVT"	"Post"	"PrePostFVTPost"	1.37892022744242	0.710938090833022	0.500676883077817	0.205358464682403	0.851737933580702	0.205358464682403	0.758034601176654	NA	"abundance"	20	20
"NODE_1021_length_3863_cov_7.928834"	"PrePostFVT"	"Post"	"PrePostFVTPost"	0.230568358558171	0.710938090833022	0.357195653597289	0.20644045654652	0.852212009681102	0.20644045654652	0.758634194435986	NA	"abundance"	20	20
"NODE_669_length_3318_cov_13.807539"	"PrePostFVT"	"During"	"PrePostFVTDuring"	-1.27601326814501	0.608336514533057	1.29647754273675	0.206275632401531	0.852212009681102	0.37000162828041	0.959909884689744	NA	"abundance"	20	8
"NODE_2522_length_1214_cov_2.591027"	"PrePostFVT"	"During"	"PrePostFVTDuring"	4.18515854683905	0	3.31248768602424	0.206427940714474	0.852212009681102	0.206427940714474	0.758634194435986	NA	"prevalence"	20	2
"NODE_1206_length_2948_cov_736.924300"	"PrePostFVT"	"During"	"PrePostFVTDuring"	-1.03053361814824	0.608336514533057	1.13178055513471	0.207673569042485	0.855965006880256	0.372218826806126	0.962634896912394	NA	"abundance"	20	9
"NODE_295_length_14834_cov_25.013194"	"PrePostFVT"	"Post"	"PrePostFVTPost"	2.17957055354745	0.710938090833022	1.02363107312182	0.211408483197166	0.870001888795815	0.378123419626606	0.974849441224843	NA	"abundance"	20	7
"NODE_208_length_51348_cov_41.610220"	"PrePostFVT"	"During"	"PrePostFVTDuring"	-1.5667168365065	0.608336514533057	1.51890658666821	0.211802069851305	0.87026604750723	0.378744022909314	0.974926112013054	NA	"abundance"	20	9
"NODE_471_length_10690_cov_5.362482"	"PrePostFVT"	"Post"	"PrePostFVTPost"	-0.891692033615112	0.710938090833022	1.0823918035811	0.213676692141982	0.876605311551423	0.193392359036901	0.758034601176654	NA	"abundance"	20	6
"NODE_1286_length_2776_cov_23.367879"	"PrePostFVT"	"During"	"PrePostFVTDuring"	1.31149529393113	0.608336514533057	0.540195969894943	0.215324015797676	0.881993875561954	0.215324015797676	0.777428065790297	NA	"abundance"	20	20
"NODE_2090_length_2500_cov_4.756646"	"PrePostFVT"	"During"	"PrePostFVTDuring"	1.27588546366983	0.608336514533057	0.495427857489877	0.216594898359082	0.885826194217796	0.262449858708837	0.86263399774817	NA	"abundance"	20	14
"NODE_562_length_6184_cov_8.894926"	"PrePostFVT"	"Post"	"PrePostFVTPost"	0.156039344543403	0.710938090833022	0.421729271041805	0.218517276484432	0.891445478627924	0.389284752846691	0.991234324378148	NA	"abundance"	20	16
"NODE_977_length_3003_cov_5.709634"	"PrePostFVT"	"Post"	"PrePostFVTPost"	0.0702534180540071	0.710938090833022	0.491651729699915	0.21864370558323	0.891445478627924	0.21864370558323	0.785974105037756	NA	"abundance"	20	20
"NODE_197_length_8479_cov_9.496083"	"PrePostFVT"	"During"	"PrePostFVTDuring"	1.85001396284615	0.608336514533057	0.964395530009122	0.21932354737013	0.891465864849051	0.390544276309242	0.992909177057395	NA	"abundance"	20	19
"NODE_572_length_7544_cov_8.633729"	"PrePostFVT"	"Post"	"PrePostFVTPost"	-0.489399135479331	0.710938090833022	0.907118613199958	0.219258928791656	0.891465864849051	0.149525618554215	0.733219832963666	NA	"abundance"	20	13
"NODE_359_length_6935_cov_5.444913"	"PrePostFVT"	"During"	"PrePostFVTDuring"	-2.28585236320539	0.608336514533057	2.06285234212607	0.219756599958924	0.891853974026846	0.391220236692341	0.993097523911327	NA	"abundance"	20	8
"NODE_1422_length_2645_cov_4.424324"	"PrePostFVT"	"Post"	"PrePostFVTPost"	1.25130585681757	0.710938090833022	0.345087437659348	0.221542055835347	0.894975705683466	0.394003229166942	0.997094061542109	NA	"abundance"	20	6
"NODE_2205_length_3140_cov_13.088493"	"PrePostFVT"	"Post"	"PrePostFVTPost"	0.202976501606336	0.710938090833022	0.392288869571746	0.221239841741931	0.894975705683466	0.221239841741931	0.791856266538366	NA	"abundance"	20	20
"NODE_55_length_89827_cov_97.896738"	"PrePostFVT"	"During"	"PrePostFVTDuring"	-1.2032235682454	0.608336514533057	1.34752427152504	0.221066571960945	0.894975705683466	0.393262714683326	0.996748816017646	NA	"abundance"	20	10
"NODE_191_length_11482_cov_6.117791"	"PrePostFVT"	"During"	"PrePostFVTDuring"	1.19763821385937	0.608336514533057	0.451113260399908	0.222112741319209	0.895911240557785	0.394891412782084	0.997811379924101	NA	"abundance"	20	18
"NODE_1529_length_2587_cov_5.628752"	"PrePostFVT"	"Post"	"PrePostFVTPost"	0.33990977013218	0.710938090833022	0.277388225532765	0.222689653364034	0.896869000286247	0.395788625012674	0.998549283288857	NA	"abundance"	20	16
"NODE_313_length_7970_cov_11.130259"	"PrePostFVT"	"Post"	"PrePostFVTPost"	1.02829606583575	0.710938090833022	0.237097312316692	0.223468531434779	0.897588758334191	0.396998878327941	0.998858812107982	NA	"abundance"	20	18
"NODE_808_length_6843_cov_29.495580"	"PrePostFVT"	"During"	"PrePostFVTDuring"	1.38053924232012	0.608336514533057	0.60397692452349	0.223547843672936	0.897588758334191	0.397122048935052	0.998858812107982	NA	"abundance"	20	19
"NODE_1071_length_6474_cov_15.783611"	"PrePostFVT"	"During"	"PrePostFVTDuring"	1.16276441674591	0.608336514533057	0.413588189324316	0.225774768466621	0.902706941588945	0.400575290857086	1	NA	"abundance"	20	13
"NODE_108_length_44174_cov_28.077586"	"PrePostFVT"	"During"	"PrePostFVTDuring"	-0.233373229251929	0.608336514533057	0.606494490274708	0.241244262331076	0.902706941588945	0.424289730554486	1	NA	"abundance"	20	9
"NODE_1136_length_5103_cov_5.667393"	"PrePostFVT"	"During"	"PrePostFVTDuring"	-0.535571517180716	0.608336514533057	0.884267546791908	0.244065026061876	0.902706941588945	0.428562315177168	1	NA	"abundance"	20	8
"NODE_1161_length_3909_cov_93.481318"	"PrePostFVT"	"During"	"PrePostFVTDuring"	1.19895558779688	0.608336514533057	0.484976465499927	0.245204355170542	0.902706941588945	0.245204355170542	0.837654629464585	NA	"abundance"	20	20
"NODE_1322_length_2624_cov_4.678863"	"PrePostFVT"	"Post"	"PrePostFVTPost"	0.0966885251929181	0.710938090833022	0.484839325872905	0.231726147603656	0.902706941588945	0.40975528772408	1	NA	"abundance"	20	17
"NODE_1324_length_4029_cov_5.772521"	"PrePostFVT"	"Post"	"PrePostFVTPost"	-1.19832278780436	0.710938090833022	1.2960064323977	0.237583243139746	0.902706941588945	0.250476492307483	0.839089799485433	NA	"abundance"	20	6
"NODE_1370_length_3520_cov_6.086291"	"PrePostFVT"	"Post"	"PrePostFVTPost"	0.35497631500245	0.710938090833022	0.26767802211456	0.237896614777147	0.902706941588945	0.419198430231868	1	NA	"abundance"	20	11
"NODE_145_length_14038_cov_8.862905"	"PrePostFVT"	"During"	"PrePostFVTDuring"	1.21592360603412	0.608336514533057	0.474053485441373	0.229282418096004	0.902706941588945	0.405994408944057	1	NA	"abundance"	20	18
"NODE_1476_length_3230_cov_10.609449"	"PrePostFVT"	"Post"	"PrePostFVTPost"	0.361399501531305	0.710938090833022	0.2575076428696	0.237462874184844	0.902706941588945	0.418537131753561	1	NA	"abundance"	20	10
"NODE_1843_length_2797_cov_5.328957"	"PrePostFVT"	"During"	"PrePostFVTDuring"	0.21560564205776	0.608336514533057	0.306038354018469	0.244353327786719	0.902706941588945	0.428998106772994	1	NA	"abundance"	20	13
"NODE_1923_length_2760_cov_6.805176"	"PrePostFVT"	"Post"	"PrePostFVTPost"	0.426710868379596	0.710938090833022	0.208524975795954	0.231319699062887	0.902706941588945	0.40913059495123	1	NA	"abundance"	20	13
"NODE_206_length_8044_cov_8.274377"	"PrePostFVT"	"During"	"PrePostFVTDuring"	1.49041678237194	0.608336514533057	0.706020800801921	0.233618760750038	0.902706941588945	0.412659796125693	1	NA	"abundance"	20	19
"NODE_2629_length_2708_cov_15.615530"	"PrePostFVT"	"During"	"PrePostFVTDuring"	1.1732619139743	0.608336514533057	0.450990868220603	0.239414458200951	0.902706941588945	0.421509633606247	1	NA	"abundance"	20	18
"NODE_3011_length_1635_cov_5.785443"	"PrePostFVT"	"During"	"PrePostFVTDuring"	3.46696101472538	0.608336514533057	2.0811451323872	0.228130139566114	0.902706941588945	0.404216918553773	1	NA	"abundance"	20	9
"NODE_420_length_8092_cov_8.250467"	"PrePostFVT"	"Post"	"PrePostFVTPost"	0.217868227008458	0.710938090833022	0.395527931113767	0.240605254130177	0.902706941588945	0.423319619945308	1	NA	"abundance"	20	18
"NODE_424_length_5400_cov_8.976052"	"PrePostFVT"	"During"	"PrePostFVTDuring"	1.26670491484617	0.608336514533057	0.509886800220658	0.225509241890568	0.902706941588945	0.400164065603077	1	NA	"abundance"	20	18
"NODE_545_length_3550_cov_3.934478"	"PrePostFVT"	"Post"	"PrePostFVTPost"	0.121830208111705	0.710938090833022	0.446985183129438	0.238789221596622	0.902706941588945	0.420558150842524	1	NA	"abundance"	20	11
"NODE_554_length_7991_cov_8.091482"	"PrePostFVT"	"Post"	"PrePostFVTPost"	0.141417397663876	0.710938090833022	0.45266253266129	0.231702511957057	0.902706941588945	0.231702511957057	0.820405889976705	NA	"abundance"	20	20
"NODE_638_length_12684_cov_14.580806"	"PrePostFVT"	"During"	"PrePostFVTDuring"	2.08654940059325	0.608336514533057	1.13579659830699	0.234632835105316	0.902706941588945	0.414213102901073	1	NA	"abundance"	20	11
"NODE_707_length_10061_cov_16.960224"	"PrePostFVT"	"During"	"PrePostFVTDuring"	1.13440599515229	0.608336514533057	0.413272714629676	0.239515739633734	0.902706941588945	0.421663689735173	1	NA	"abundance"	20	13
"NODE_790_length_9852_cov_19.892824"	"PrePostFVT"	"Post"	"PrePostFVTPost"	0.311458886071631	0.710938090833022	0.296932531383683	0.231330210459486	0.902706941588945	0.409146754647742	1	NA	"abundance"	20	13
"NODE_908_length_6433_cov_7.265130"	"PrePostFVT"	"Post"	"PrePostFVTPost"	-0.429572254033647	0.710938090833022	0.803374671512749	0.231747145320747	0.902706941588945	0.11426435554749	0.647890675784739	NA	"abundance"	20	8
"NODE_1006_length_5270_cov_5.930201"	"PrePostFVT"	"Post"	"PrePostFVTPost"	-2.41881653795235	0	2.08102003055355	0.245104464418859	0.902706941588945	0.430132730359663	1	NA	"prevalence"	20	17
"NODE_1086_length_7321_cov_7.431599"	"PrePostFVT"	"Post"	"PrePostFVTPost"	-2.418816537959	0	2.08102639632284	0.245105908115612	0.902706941588945	0.430134910038045	1	NA	"prevalence"	20	16
"NODE_11_length_66886_cov_11.614326|provirus_7399_66886"	"PrePostFVT"	"Post"	"PrePostFVTPost"	-2.41881653795235	0	2.08102003055355	0.245104464418859	0.902706941588945	0.430132730359663	1	NA	"prevalence"	20	17
"NODE_1218_length_3762_cov_7.912868"	"PrePostFVT"	"Post"	"PrePostFVTPost"	-2.41881653795235	0	2.08102003055355	0.245104464418859	0.902706941588945	0.430132730359663	1	NA	"prevalence"	20	17
"NODE_1273_length_4490_cov_9.000000"	"PrePostFVT"	"Post"	"PrePostFVTPost"	2.418816537959	0	2.08102054079851	0.245104580136543	0.902706941588945	0.245104580136543	0.837654629464585	NA	"prevalence"	20	3
"NODE_1329_length_4796_cov_16.524784"	"PrePostFVT"	"Post"	"PrePostFVTPost"	-2.418816537959	0	2.08102639632284	0.245105908115612	0.902706941588945	0.164432446960393	0.74536686122156	NA	"prevalence"	20	16
"NODE_1422_length_2645_cov_4.424324"	"PrePostFVT"	"Post"	"PrePostFVTPost"	-1.34752319159955	0	1.15987326324516	0.245322867205554	0.902706941588945	0.394003229166942	0.997094061542109	NA	"prevalence"	20	6
"NODE_1529_length_2587_cov_5.628752"	"PrePostFVT"	"Post"	"PrePostFVTPost"	-2.41881653795235	0	2.08102003055355	0.245104464418859	0.902706941588945	0.395788625012674	0.998549283288857	NA	"prevalence"	20	16
"NODE_1624_length_2501_cov_5.282911"	"PrePostFVT"	"Post"	"PrePostFVTPost"	-2.41881653795235	0	2.08102003055355	0.245104464418859	0.902706941588945	0.430132730359663	1	NA	"prevalence"	20	16
"NODE_1627_length_2508_cov_5.315124"	"PrePostFVT"	"Post"	"PrePostFVTPost"	-2.418816537959	0	2.08102639632284	0.245105908115612	0.902706941588945	0.430134910038045	1	NA	"prevalence"	20	16
"NODE_19_length_128753_cov_65.537825|provirus_112776_127566"	"PrePostFVT"	"Post"	"PrePostFVTPost"	-2.418816537959	0	2.08102639632284	0.245105908115612	0.902706941588945	0.430134910038045	1	NA	"prevalence"	20	16
"NODE_1936_length_2977_cov_4.843258"	"PrePostFVT"	"Post"	"PrePostFVTPost"	-2.41881653795235	0	2.08102003055355	0.245104464418859	0.902706941588945	0.430132730359663	1	NA	"prevalence"	20	17
"NODE_2778_length_1596_cov_3.332901"	"PrePostFVT"	"Post"	"PrePostFVTPost"	-1.34752319484515	0	1.15987379514645	0.245323082536284	0.902706941588945	0.430462750247464	1	NA	"prevalence"	20	7
"NODE_3139_length_1729_cov_6.163082"	"PrePostFVT"	"Post"	"PrePostFVTPost"	-1.34752319488025	0	1.15987351736572	0.245322969475685	0.902706941588945	0.0850493414726475	0.562554475938266	NA	"prevalence"	20	7
"NODE_321_length_8192_cov_6.306624"	"PrePostFVT"	"Post"	"PrePostFVTPost"	-2.418816537959	0	2.08102639632284	0.245105908115612	0.902706941588945	0.321037252894664	0.891770146929622	NA	"prevalence"	20	17
"NODE_369_length_11021_cov_18.926774"	"PrePostFVT"	"Post"	"PrePostFVTPost"	-2.41881653795235	0	2.08102003055355	0.245104464418859	0.902706941588945	0.430132730359663	1	NA	"prevalence"	20	17
"NODE_396_length_13688_cov_5.961417"	"PrePostFVT"	"Post"	"PrePostFVTPost"	-2.41881653795235	0	2.08102003055355	0.245104464418859	0.902706941588945	0.430132730359663	1	NA	"prevalence"	20	17
"NODE_414_length_12838_cov_6.220840"	"PrePostFVT"	"Post"	"PrePostFVTPost"	-2.41881653795235	0	2.08102003055355	0.245104464418859	0.902706941588945	0.430132730359663	1	NA	"prevalence"	20	17
"NODE_4165_length_1315_cov_3.457937"	"PrePostFVT"	"Post"	"PrePostFVTPost"	2.418816537959	0	2.08102054079851	0.245104580136543	0.902706941588945	0.245104580136543	0.837654629464585	NA	"prevalence"	20	3
"NODE_432_length_17999_cov_36.791239"	"PrePostFVT"	"Post"	"PrePostFVTPost"	-2.41881653795235	0	2.08102003055355	0.245104464418859	0.902706941588945	0.132762002865874	0.718220671241613	NA	"prevalence"	20	17
"NODE_444_length_12751_cov_9.040013"	"PrePostFVT"	"Post"	"PrePostFVTPost"	-2.418816537959	0	2.08102639632284	0.245105908115612	0.902706941588945	0.430134910038045	1	NA	"prevalence"	20	17
"NODE_446_length_8151_cov_7.545949"	"PrePostFVT"	"Post"	"PrePostFVTPost"	-2.418816537959	0	2.08102639632284	0.245105908115612	0.902706941588945	0.192361072116889	0.758034601176654	NA	"prevalence"	20	16
"NODE_486_length_8815_cov_3.911872"	"PrePostFVT"	"Post"	"PrePostFVTPost"	-2.41881653795235	0	2.08102003055355	0.245104464418859	0.902706941588945	0.430132730359663	1	NA	"prevalence"	20	16
"NODE_530_length_12000_cov_40.575303"	"PrePostFVT"	"Post"	"PrePostFVTPost"	-2.41881653795235	0	2.08102003055355	0.245104464418859	0.902706941588945	0.0859174108705716	0.562554475938266	NA	"prevalence"	20	17
"NODE_562_length_6184_cov_8.894926"	"PrePostFVT"	"Post"	"PrePostFVTPost"	-2.418816537959	0	2.08102639632284	0.245105908115612	0.902706941588945	0.389284752846691	0.991234324378148	NA	"prevalence"	20	16
"NODE_639_length_3393_cov_7.631216"	"PrePostFVT"	"Post"	"PrePostFVTPost"	-2.41881653795235	0	2.08102003055355	0.245104464418859	0.902706941588945	0.430132730359663	1	NA	"prevalence"	20	17
"NODE_6522_length_1270_cov_9.375309"	"PrePostFVT"	"Post"	"PrePostFVTPost"	-2.41881653795235	0	2.08102003055355	0.245104464418859	0.902706941588945	0.430132730359663	1	NA	"prevalence"	20	17
"NODE_663_length_9363_cov_7.272561"	"PrePostFVT"	"Post"	"PrePostFVTPost"	-2.418816537959	0	2.08102639632284	0.245105908115612	0.902706941588945	0.430134910038045	1	NA	"prevalence"	20	17
"NODE_691_length_9321_cov_5.969566"	"PrePostFVT"	"Post"	"PrePostFVTPost"	-2.41881653795235	0	2.08102003055355	0.245104464418859	0.902706941588945	0.430132730359663	1	NA	"prevalence"	20	17
"NODE_708_length_8728_cov_26.528422"	"PrePostFVT"	"Post"	"PrePostFVTPost"	-2.41881653795235	0	2.08102003055355	0.245104464418859	0.902706941588945	0.430132730359663	1	NA	"prevalence"	20	17
"NODE_755_length_4875_cov_7.749585"	"PrePostFVT"	"Post"	"PrePostFVTPost"	-2.41881653795235	0	2.08102003055355	0.245104464418859	0.902706941588945	0.430132730359663	1	NA	"prevalence"	20	17
"NODE_765_length_5828_cov_11.426295"	"PrePostFVT"	"Post"	"PrePostFVTPost"	-2.418816537959	0	2.08102639632284	0.245105908115612	0.902706941588945	0.222908823478755	0.794383496198586	NA	"prevalence"	20	16
"NODE_766_length_5543_cov_5.652332"	"PrePostFVT"	"Post"	"PrePostFVTPost"	-2.41881653795235	0	2.08102003055355	0.245104464418859	0.902706941588945	0.430132730359663	1	NA	"prevalence"	20	17
"NODE_814_length_4101_cov_6.458725"	"PrePostFVT"	"Post"	"PrePostFVTPost"	-2.418816537959	0	2.08102639632284	0.245105908115612	0.902706941588945	0.430134910038045	1	NA	"prevalence"	20	17
"NODE_816_length_4609_cov_5.214756"	"PrePostFVT"	"Post"	"PrePostFVTPost"	-2.418816537959	0	2.08102639632284	0.245105908115612	0.902706941588945	0.430134910038045	1	NA	"prevalence"	20	17
"NODE_888_length_4795_cov_5.692405"	"PrePostFVT"	"Post"	"PrePostFVTPost"	-2.418816537959	0	2.08102639632284	0.245105908115612	0.902706941588945	0.253810511676407	0.8393130920751	NA	"prevalence"	20	16
"NODE_957_length_6801_cov_3.555885"	"PrePostFVT"	"Post"	"PrePostFVTPost"	-2.41881653795235	0	2.08102003055355	0.245104464418859	0.902706941588945	0.430132730359663	1	NA	"prevalence"	20	17
"NODE_998_length_3199_cov_3.878181"	"PrePostFVT"	"Post"	"PrePostFVTPost"	-2.41881653795235	0	2.08102003055355	0.245104464418859	0.902706941588945	0.430132730359663	1	NA	"prevalence"	20	17
"NODE_199_length_38411_cov_18.010611"	"PrePostFVT"	"During"	"PrePostFVTDuring"	-0.256057369713752	0.608336514533057	0.70657975719371	0.247956540360787	0.911128205331291	0.434430634813883	1	NA	"abundance"	20	14
"NODE_4819_length_1553_cov_13.226969"	"PrePostFVT"	"During"	"PrePostFVTDuring"	1.36271321352342	0.608336514533057	0.618825243122674	0.249444665751998	0.915323342939971	0.43666669023187	1	NA	"abundance"	20	18
"NODE_2778_length_1596_cov_3.332901"	"PrePostFVT"	"Post"	"PrePostFVTPost"	-0.0158772276849599	0.710938090833022	0.438459057563402	0.249813685903469	0.915406044600507	0.430462750247464	1	NA	"abundance"	20	7
"NODE_1158_length_3043_cov_3.853414"	"PrePostFVT"	"Post"	"PrePostFVTPost"	0.172366744665648	0.710938090833022	0.447010413966827	0.251845573851663	0.920513826157815	0.440264954634652	1	NA	"abundance"	20	19
"NODE_1665_length_2883_cov_17.205799"	"PrePostFVT"	"Post"	"PrePostFVTPost"	0.178888686013131	0.710938090833022	0.441401426224793	0.252528659141362	0.920513826157815	0.441286594594991	1	NA	"abundance"	20	18
"NODE_4_length_209900_cov_20.895447|provirus_191243_209899"	"PrePostFVT"	"Post"	"PrePostFVTPost"	1.13476548846185	0.710938090833022	0.350318334736094	0.252601258124306	0.920513826157815	0.252601258124306	0.8393130920751	NA	"abundance"	20	20
"NODE_779_length_7907_cov_95.992486"	"PrePostFVT"	"Post"	"PrePostFVTPost"	1.07274560783611	0.710938090833022	0.296285576559654	0.252067897048333	0.920513826157815	0.252067897048333	0.8393130920751	NA	"abundance"	20	20
"NODE_1929_length_2592_cov_45.237682"	"PrePostFVT"	"During"	"PrePostFVTDuring"	1.62883066434886	0.608336514533057	0.856241881688879	0.253799244578406	0.923605515394145	0.443184432608242	1	NA	"abundance"	20	19
"NODE_680_length_15026_cov_185.942956"	"PrePostFVT"	"During"	"PrePostFVTDuring"	0.0601106410601962	0.608336514533057	0.342539647668995	0.25613390649997	0.930819506152572	0.446663234941004	1	NA	"abundance"	20	6
"NODE_615_length_11576_cov_114.611145"	"PrePostFVT"	"During"	"PrePostFVTDuring"	1.56510959038875	0.608336514533057	0.807482671434149	0.256682604293689	0.93153219854935	0.447479249240388	1	NA	"abundance"	20	19
"NODE_1607_length_3696_cov_24.127712"	"PrePostFVT"	"Post"	"PrePostFVTPost"	0.0015456683055402	0.710938090833022	0.572235606171666	0.258320914479533	0.93619184644023	0.449912134101525	1	NA	"abundance"	20	10
"NODE_1096_length_2260_cov_12.300680"	"PrePostFVT"	"During"	"PrePostFVTDuring"	1.31129093736252	0.608336514533057	0.58872315937171	0.259037943636653	0.937504448065805	0.450975231029801	1	NA	"abundance"	20	18
"NODE_1370_length_3520_cov_6.086291"	"PrePostFVT"	"During"	"PrePostFVTDuring"	0.250926289627872	0.608336514533057	0.286159842491995	0.262392933346958	0.948347646925667	0.455935815223495	1	NA	"abundance"	20	11
"NODE_1121_length_4468_cov_66.517109"	"PrePostFVT"	"Post"	"PrePostFVTPost"	0.928990879995255	0.710938090833022	0.164533057540871	0.264331187620982	0.952804747375287	0.264331187620982	0.863656355593309	NA	"abundance"	20	13
"NODE_432_length_20945_cov_11.322451"	"PrePostFVT"	"Post"	"PrePostFVTPost"	-0.270436040706221	0.710938090833022	0.760229123291163	0.264347418556429	0.952804747375287	0.45881527941541	1	NA	"abundance"	20	9
"NODE_982_length_5697_cov_6.203297"	"PrePostFVT"	"Post"	"PrePostFVTPost"	-0.901187617901942	0.710938090833022	1.18159163250587	0.266188489975838	0.958133502065617	0.250476492307483	0.839089799485433	NA	"abundance"	20	5
"NODE_1198_length_2744_cov_4.802529"	"PrePostFVT"	"During"	"PrePostFVTDuring"	-1.3667333541823	0.608336514533057	1.58367253737539	0.267618573997302	0.960663413724012	0.463617446846255	1	NA	"abundance"	20	7
"NODE_158_length_11081_cov_10.553238"	"PrePostFVT"	"During"	"PrePostFVTDuring"	1.78977119645132	0.608336514533057	1.02135508272622	0.267385479517462	0.960663413724012	0.46327596437814	1	NA	"abundance"	20	19
"NODE_1529_length_2587_cov_5.628752"	"PrePostFVT"	"During"	"PrePostFVTDuring"	1.00755936330226	0.608336514533057	0.336196245127312	0.270357123558451	0.96917709693545	0.467621272858102	1	NA	"abundance"	20	16
"NODE_816_length_4609_cov_5.214756"	"PrePostFVT"	"Post"	"PrePostFVTPost"	0.144504670506414	0.710938090833022	0.488566392855186	0.272827136393644	0.976706360910578	0.430134910038045	1	NA	"abundance"	20	17
"NODE_898_length_3266_cov_36.398941"	"PrePostFVT"	"Post"	"PrePostFVTPost"	1.25231907111674	0	1.14430150339652	0.273781305709602	0.978795953565315	0.472606408063149	1	NA	"prevalence"	20	14
"NODE_266_length_13446_cov_8.802479"	"PrePostFVT"	"Post"	"PrePostFVTPost"	0.211668868455673	0.710938090833022	0.432600532663125	0.274724985350095	0.979518773677396	0.47397615312458	1	NA	"abundance"	20	18
"NODE_590_length_6739_cov_4.358767"	"PrePostFVT"	"During"	"PrePostFVTDuring"	0.119443848104557	0.608336514533057	0.420590809155641	0.274435178671615	0.979518773677396	0.473555690050708	1	NA	"abundance"	20	15
"NODE_1086_length_7321_cov_7.431599"	"PrePostFVT"	"Post"	"PrePostFVTPost"	0.17326852348879	0.710938090833022	0.466001982903986	0.275288803984034	0.98020622658466	0.430134910038045	1	NA	"abundance"	20	16
"NODE_796_length_7723_cov_6.146583"	"PrePostFVT"	"Post"	"PrePostFVTPost"	-1.06121363163034	0.710938090833022	1.33282432559541	0.276032308318685	0.981530765246253	0.121076517798496	0.677207641923792	NA	"abundance"	20	6
"NODE_1627_length_2508_cov_5.315124"	"PrePostFVT"	"Post"	"PrePostFVTPost"	0.0391570538666836	0.710938090833022	0.58736189028594	0.277543198551103	0.985576788403244	0.430134910038045	1	NA	"abundance"	20	16
"NODE_1621_length_3853_cov_100.034229"	"PrePostFVT"	"During"	"PrePostFVTDuring"	1.13546797467499	0.608336514533057	0.466556798213695	0.279706019291765	0.988176233247766	0.279706019291765	0.871765233337443	NA	"abundance"	20	20
"NODE_2307_length_3029_cov_16.683591"	"PrePostFVT"	"During"	"PrePostFVTDuring"	-0.0296333216158064	0.608336514533057	0.521573353266827	0.278919980213707	0.988176233247766	0.480043605064999	1	NA	"abundance"	20	10
"NODE_417_length_5474_cov_11.435689"	"PrePostFVT"	"During"	"PrePostFVTDuring"	1.22682960527417	0.608336514533057	0.542069079809002	0.280404441941563	0.988176233247766	0.482182232822567	1	NA	"abundance"	20	18
"NODE_172_length_36863_cov_73.802760"	"PrePostFVT"	"During"	"PrePostFVTDuring"	-2.88250584393008	0	2.66695805778517	0.279776483470243	0.988176233247766	0.326781260013942	0.899475403436391	NA	"prevalence"	20	6
"NODE_455_length_9365_cov_7.862406"	"PrePostFVT"	"Post"	"PrePostFVTPost"	1.38630311417397	0	1.28452515364804	0.280483463041281	0.988176233247766	0.209510599537491	0.764806392116947	NA	"prevalence"	20	5
"NODE_888_length_3605_cov_9.453803"	"PrePostFVT"	"Post"	"PrePostFVTPost"	-1.38624381692328	0	1.28456610109669	0.280519369771319	0.988176233247766	0.35132979594913	0.935794742937876	NA	"prevalence"	20	14
"NODE_109_length_27773_cov_17.890613|provirus_5305_23161"	"PrePostFVT"	"During"	"PrePostFVTDuring"	1.21213929461694	0.608336514533057	0.531204043942887	0.281969478512699	0.991961867151198	0.484432170212674	1	NA	"abundance"	20	18
"NODE_47_length_35571_cov_46.640585"	"PrePostFVT"	"During"	"PrePostFVTDuring"	0.104010889487212	0.608336514533057	0.3823237802488	0.283008050094754	0.994291580253113	0.485922543771074	1	NA	"abundance"	20	8
"NODE_342_length_10504_cov_7.705618"	"PrePostFVT"	"Post"	"PrePostFVTPost"	0.249219318935766	0.710938090833022	0.414922926451856	0.292289734561772	0.997997300308817	0.499146180193353	1	NA	"abundance"	20	18
"NODE_444_length_12751_cov_9.040013"	"PrePostFVT"	"Post"	"PrePostFVTPost"	0.15971876254021	0.710938090833022	0.488903350700934	0.285712946364641	0.997997300308817	0.430134910038045	1	NA	"abundance"	20	17
"NODE_483_length_7947_cov_8.551191"	"PrePostFVT"	"Post"	"PrePostFVTPost"	0.221306109543962	0.710938090833022	0.44290059161998	0.292373168220675	0.997997300308817	0.499264266945955	1	NA	"abundance"	20	19
"NODE_89_length_61266_cov_8.215942"	"PrePostFVT"	"During"	"PrePostFVTDuring"	-0.136498306728058	0.608336514533057	0.627398356911351	0.290414964991826	0.997997300308817	0.496489078092448	1	NA	"abundance"	20	10
"NODE_913_length_5947_cov_9.871181"	"PrePostFVT"	"Post"	"PrePostFVTPost"	0.939833926194654	0.710938090833022	0.190177830641351	0.288355615568544	0.997997300308817	0.288355615568544	0.871765233337443	NA	"abundance"	20	13
"NODE_1015_length_5103_cov_5.265848"	"PrePostFVT"	"Post"	"PrePostFVTPost"	-1.55718748643331	0	1.47757390787793	0.291937272964641	0.997997300308817	0.291937272964641	0.871765233337443	NA	"prevalence"	20	4
"NODE_1043_length_5009_cov_8.757771"	"PrePostFVT"	"Post"	"PrePostFVTPost"	-1.55718748643331	0	1.47757467443415	0.291937523315132	0.997997300308817	0.291937523315132	0.871765233337443	NA	"prevalence"	20	5
"NODE_1253_length_4696_cov_4.147382"	"PrePostFVT"	"Post"	"PrePostFVTPost"	-1.55718748643331	0	1.47757390787793	0.291937272964641	0.997997300308817	0.291937272964641	0.871765233337443	NA	"prevalence"	20	4
"NODE_1300_length_4422_cov_7.244104"	"PrePostFVT"	"Post"	"PrePostFVTPost"	-1.55718748643331	0	1.47757390787793	0.291937272964641	0.997997300308817	0.291937272964641	0.871765233337443	NA	"prevalence"	20	4
"NODE_1467_length_3864_cov_6.331846"	"PrePostFVT"	"Post"	"PrePostFVTPost"	-1.55718748643331	0	1.47757467443415	0.291937523315132	0.997997300308817	0.291937523315132	0.871765233337443	NA	"prevalence"	20	4
"NODE_1490_length_4211_cov_5.142926"	"PrePostFVT"	"Post"	"PrePostFVTPost"	-1.55718748643331	0	1.47757390787793	0.291937272964641	0.997997300308817	0.291937272964641	0.871765233337443	NA	"prevalence"	20	4
"NODE_1591_length_1517_cov_4.012312"	"PrePostFVT"	"Post"	"PrePostFVTPost"	-1.38629308896052	0	1.30558167496085	0.288317285074671	0.997997300308817	0.288317285074671	0.871765233337443	NA	"prevalence"	20	3
"NODE_1631_length_2537_cov_4.762288"	"PrePostFVT"	"Post"	"PrePostFVTPost"	-1.55718748643331	0	1.47757386135644	0.291937257771131	0.997997300308817	0.291937257771131	0.871765233337443	NA	"prevalence"	20	4
"NODE_1719_length_2592_cov_7.839574"	"PrePostFVT"	"Post"	"PrePostFVTPost"	-1.55718748643331	0	1.47757390787793	0.291937272964641	0.997997300308817	0.291937272964641	0.871765233337443	NA	"prevalence"	20	4
"NODE_1748_length_2651_cov_3.706857"	"PrePostFVT"	"Post"	"PrePostFVTPost"	-1.55718748643331	0	1.47757390787793	0.291937272964641	0.997997300308817	0.291937272964641	0.871765233337443	NA	"prevalence"	20	4
"NODE_1898_length_2647_cov_5.482639"	"PrePostFVT"	"Post"	"PrePostFVTPost"	-1.55718748643331	0	1.47757390787793	0.291937272964641	0.997997300308817	0.291937272964641	0.871765233337443	NA	"prevalence"	20	4
"NODE_2269_length_2821_cov_4.664497"	"PrePostFVT"	"Post"	"PrePostFVTPost"	-1.55718748643331	0	1.47757390787793	0.291937272964641	0.997997300308817	0.291937272964641	0.871765233337443	NA	"prevalence"	20	4
"NODE_2479_length_1074_cov_4.005888"	"PrePostFVT"	"Post"	"PrePostFVTPost"	-1.38629474794333	0	1.30558265053365	0.28831706837019	0.997997300308817	0.28831706837019	0.871765233337443	NA	"prevalence"	20	3
"NODE_502_length_9921_cov_9.503953"	"PrePostFVT"	"Post"	"PrePostFVTPost"	-1.55718748810577	0	1.47757390431073	0.29193727128134	0.997997300308817	0.29193727128134	0.871765233337443	NA	"prevalence"	20	5
"NODE_877_length_7168_cov_3.728947"	"PrePostFVT"	"Post"	"PrePostFVTPost"	-1.55718748643331	0	1.47757390787793	0.291937272964641	0.997997300308817	0.0822990352415034	0.562554475938266	NA	"prevalence"	20	4
"NODE_961_length_5451_cov_5.767606"	"PrePostFVT"	"Post"	"PrePostFVTPost"	-1.55718748643331	0	1.47757390787793	0.291937272964641	0.997997300308817	0.291937272964641	0.871765233337443	NA	"prevalence"	20	4
"NODE_996_length_7267_cov_6.743899"	"PrePostFVT"	"Post"	"PrePostFVTPost"	-1.55718748643331	0	1.47757390787793	0.291937272964641	0.997997300308817	0.291937272964641	0.871765233337443	NA	"prevalence"	20	4
"NODE_1058_length_3319_cov_5.354473"	"PrePostFVT"	"During"	"PrePostFVTDuring"	1.15234082416672	0.608336514533057	0.483686723043102	0.292872095223039	0.998410420102283	0.499970126285746	1	NA	"abundance"	20	14
"NODE_1004_length_2342_cov_3.848273"	"PrePostFVT"	"During"	"PrePostFVTDuring"	0.356093564870513	0.608336514533057	0.467226932712421	0.611085080803679	1	0.848745185626519	1	NA	"abundance"	20	9
"NODE_1004_length_2342_cov_3.848273"	"PrePostFVT"	"Post"	"PrePostFVTPost"	0.610533451304612	0.710938090833022	0.467226932712421	0.838142399090034	1	0.8069308623764	1	NA	"abundance"	20	9
"NODE_1006_length_5270_cov_5.930201"	"PrePostFVT"	"Post"	"PrePostFVTPost"	0.268136255641091	0.710938090833022	0.494752620292501	0.392228282323037	1	0.430132730359663	1	NA	"abundance"	20	17
"NODE_101_length_12442_cov_9.785824"	"PrePostFVT"	"During"	"PrePostFVTDuring"	0.744244825554091	0.608336514533057	0.970286634337314	0.891074622862047	1	0.988135262215355	1	NA	"abundance"	20	18
"NODE_1013_length_3589_cov_5.858800"	"PrePostFVT"	"During"	"PrePostFVTDuring"	0.309809478009949	0.608336514533057	0.599156160078652	0.630377345933904	1	0.853395187922845	1	NA	"abundance"	20	15
"NODE_1013_length_3589_cov_5.858800"	"PrePostFVT"	"Post"	"PrePostFVTPost"	0.679446085073717	0.710938090833022	0.506379377937273	0.951897849715627	1	0.540905437258397	1	NA	"abundance"	20	15
"NODE_1017_length_4404_cov_8.700851"	"PrePostFVT"	"During"	"PrePostFVTDuring"	0.785369883622787	0.608336514533057	0.2253194500411	0.470620296000796	1	0.719757128993715	1	NA	"abundance"	20	13
"NODE_1017_length_4404_cov_8.700851"	"PrePostFVT"	"Post"	"PrePostFVTPost"	0.59353954261503	0.710938090833022	0.201531842777907	0.595368460562912	1	0.836273317292773	1	NA	"abundance"	20	13
"NODE_1021_length_3863_cov_7.928834"	"PrePostFVT"	"During"	"PrePostFVTDuring"	0.601119031842969	0.608336514533057	0.479228257626603	0.988250204862786	1	0.988250204862786	1	NA	"abundance"	20	20
"NODE_1027_length_4636_cov_20.014189"	"PrePostFVT"	"During"	"PrePostFVTDuring"	0.541596774951511	0.608336514533057	0.486197956280057	0.894731745283761	1	0.83080967013399	1	NA	"abundance"	20	14
"NODE_1027_length_4636_cov_20.014189"	"PrePostFVT"	"Post"	"PrePostFVTPost"	0.78276317741589	0.710938090833022	0.411358945243493	0.866916353184997	1	0.98228874295042	1	NA	"abundance"	20	14
"NODE_1039_length_3380_cov_25.711278"	"PrePostFVT"	"During"	"PrePostFVTDuring"	0.631814699249783	0.608336514533057	0.559263313744306	0.967544575720669	1	0.853390441495591	1	NA	"abundance"	20	13
"NODE_1039_length_3380_cov_25.711278"	"PrePostFVT"	"Post"	"PrePostFVTPost"	0.842175890307031	0.710938090833022	0.484336237107236	0.793956600218827	1	0.806931016890402	1	NA	"abundance"	20	13
"NODE_1045_length_6642_cov_13.697890"	"PrePostFVT"	"During"	"PrePostFVTDuring"	0.913874391691028	0.608336514533057	0.293556596059484	0.334348028257712	1	0.556907452515605	1	NA	"abundance"	20	16
"NODE_1045_length_6642_cov_13.697890"	"PrePostFVT"	"Post"	"PrePostFVTPost"	0.573022428996944	0.710938090833022	0.253184739285375	0.610491827306896	1	0.311210161239093	0.873767032882173	NA	"abundance"	20	16
"NODE_1048_length_3412_cov_3.720882"	"PrePostFVT"	"During"	"PrePostFVTDuring"	-0.418253928314002	0.608336514533057	1.44557309448531	0.516860133390359	1	0.296297668668175	0.873767032882173	NA	"abundance"	20	6
"NODE_105_length_34419_cov_13.781283|provirus_17286_34418"	"PrePostFVT"	"Post"	"PrePostFVTPost"	0.607231665637906	0.710938090833022	0.269290399326113	0.71911837282631	1	0.92110551151626	1	NA	"abundance"	20	13
"NODE_1058_length_3319_cov_5.354473"	"PrePostFVT"	"Post"	"PrePostFVTPost"	0.37960754960085	0.710938090833022	0.382387929699813	0.414600333032021	1	0.657307229913779	1	NA	"abundance"	20	14
"NODE_1066_length_5519_cov_11.305454"	"PrePostFVT"	"During"	"PrePostFVTDuring"	0.497572297297547	0.608336514533057	0.304156525236723	0.728296749105766	1	0.853402328054628	1	NA	"abundance"	20	15
"NODE_1066_length_5519_cov_11.305454"	"PrePostFVT"	"Post"	"PrePostFVTPost"	0.642898156879516	0.710938090833022	0.257059181407258	0.802222192560438	1	0.540905562985018	1	NA	"abundance"	20	15
"NODE_1067_length_5696_cov_15.288069"	"PrePostFVT"	"During"	"PrePostFVTDuring"	0.703157460643885	0.608336514533057	0.408070040868299	0.823079840067741	1	0.853390441495591	1	NA	"abundance"	20	12
"NODE_1067_length_5696_cov_15.288069"	"PrePostFVT"	"Post"	"PrePostFVTPost"	0.952194468753684	0.710938090833022	0.353399021915301	0.518277929455619	1	0.767943846750434	1	NA	"abundance"	20	12
"NODE_1070_length_4765_cov_8.258599"	"PrePostFVT"	"During"	"PrePostFVTDuring"	0.0552569431562174	0.608336514533057	0.522290827613965	0.309196966054105	1	0.522791168291146	1	NA	"abundance"	20	19
"NODE_1071_length_6474_cov_15.783611"	"PrePostFVT"	"Post"	"PrePostFVTPost"	0.580427610838352	0.710938090833022	0.324338364399114	0.704813775354186	1	0.912865092779351	1	NA	"abundance"	20	13
"NODE_1072_length_4764_cov_12.172648"	"PrePostFVT"	"During"	"PrePostFVTDuring"	1.02510681960427	0.608336514533057	0.56549322804484	0.47497428295229	1	0.724347996438537	1	NA	"abundance"	20	19
"NODE_1086_length_7321_cov_7.431599"	"PrePostFVT"	"During"	"PrePostFVTDuring"	0.276623962825639	0.608336514533057	0.570733538619968	0.573487193637677	1	0.818086826008936	1	NA	"abundance"	20	16
"NODE_1092_length_3371_cov_6.075694"	"PrePostFVT"	"During"	"PrePostFVTDuring"	0.608668282981522	0.608336514533057	0.308060987627502	0.999177185114398	1	0.853390441495591	1	NA	"abundance"	20	14
"NODE_1092_length_3371_cov_6.075694"	"PrePostFVT"	"Post"	"PrePostFVTPost"	0.568516551706779	0.710938090833022	0.26678864120034	0.6162284759366	1	0.806931016890402	1	NA	"abundance"	20	14
"NODE_1098_length_4803_cov_5.912805"	"PrePostFVT"	"During"	"PrePostFVTDuring"	0.516073994232689	0.608336514533057	0.474190575231126	0.850425451758083	1	0.853402328054628	1	NA	"abundance"	20	14
"NODE_1098_length_4803_cov_5.912805"	"PrePostFVT"	"Post"	"PrePostFVTPost"	0.850190737604493	0.710938090833022	0.400764182208749	0.73788258831672	1	0.540905562985018	1	NA	"abundance"	20	14
"NODE_11_length_66886_cov_11.614326|provirus_7399_66886"	"PrePostFVT"	"Post"	"PrePostFVTPost"	0.398290115378918	0.710938090833022	0.525489853698661	0.565286183535361	1	0.430132730359663	1	NA	"abundance"	20	17
"NODE_1102_length_3264_cov_3.307884"	"PrePostFVT"	"Post"	"PrePostFVTPost"	0.33147578454719	0.710938090833022	0.378211224290437	0.351490712322946	1	0.288967738901041	0.871765233337443	NA	"abundance"	20	14
"NODE_1105_length_4231_cov_8.810824"	"PrePostFVT"	"During"	"PrePostFVTDuring"	0.430224371982668	0.608336514533057	0.360334215488677	0.638670057537963	1	0.85339281475054	1	NA	"abundance"	20	11
"NODE_1105_length_4231_cov_8.810824"	"PrePostFVT"	"Post"	"PrePostFVTPost"	0.447142503015316	0.710938090833022	0.322292720180695	0.445307178410059	1	0.69231587367659	1	NA	"abundance"	20	11
"NODE_1105_length_5332_cov_3.971575"	"PrePostFVT"	"During"	"PrePostFVTDuring"	0.663847429344345	0.608336514533057	0.758635397543605	0.948364743184185	1	0.997333800253565	1	NA	"abundance"	20	5
"NODE_1119_length_5023_cov_11.906200"	"PrePostFVT"	"During"	"PrePostFVTDuring"	2.35903444800807	0.608336514533057	3.22592337366652	0.641622036584997	1	0.641622036584997	1	NA	"abundance"	20	5
"NODE_1136_length_5719_cov_15.513771"	"PrePostFVT"	"During"	"PrePostFVTDuring"	0.594887318873885	0.608336514533057	0.301968411594822	0.966116516154751	1	0.85339281475054	1	NA	"abundance"	20	13
"NODE_1136_length_5719_cov_15.513771"	"PrePostFVT"	"Post"	"PrePostFVTPost"	0.779327529573035	0.710938090833022	0.270088758153463	0.811407011876108	1	0.964432684830502	1	NA	"abundance"	20	13
"NODE_114_length_41139_cov_24.287119"	"PrePostFVT"	"During"	"PrePostFVTDuring"	-1.27368328608535	0.608336514533057	1.94454139926884	0.365294791233839	1	0.597149297965105	1	NA	"abundance"	20	11
"NODE_1150_length_3473_cov_5.646870"	"PrePostFVT"	"During"	"PrePostFVTDuring"	0.211693514072551	0.608336514533057	0.594244900902453	0.51626110705324	1	0.765996683450643	1	NA	"abundance"	20	19
"NODE_1158_length_3043_cov_3.853414"	"PrePostFVT"	"During"	"PrePostFVTDuring"	0.276955811187308	0.608336514533057	0.599727403368088	0.590637748745031	1	0.832422547247464	1	NA	"abundance"	20	19
"NODE_1161_length_3909_cov_93.481318"	"PrePostFVT"	"Post"	"PrePostFVTPost"	0.909054360199755	0.710938090833022	0.361480114781806	0.596553320468417	1	0.596553320468417	1	NA	"abundance"	20	20
"NODE_1163_length_4650_cov_11.917519"	"PrePostFVT"	"During"	"PrePostFVTDuring"	0.613924054934294	0.608336514533057	0.255164973653345	0.983488006965363	1	0.85339281475054	1	NA	"abundance"	20	12
"NODE_1163_length_4650_cov_11.917519"	"PrePostFVT"	"Post"	"PrePostFVTPost"	0.650767400755497	0.710938090833022	0.228226490626329	0.806282029367047	1	0.96247334785385	1	NA	"abundance"	20	12
"NODE_1164_length_4593_cov_10.455046"	"PrePostFVT"	"During"	"PrePostFVTDuring"	1.97512196253475	0.608336514533057	2.81559342682867	0.647781477962413	1	0.772929216134676	1	NA	"abundance"	20	8
"NODE_1164_length_4593_cov_10.455046"	"PrePostFVT"	"Post"	"PrePostFVTPost"	1.69484679324782	0.710938090833022	3.68647714418928	0.800124431512199	1	0.163372623149731	0.744256901774075	NA	"abundance"	20	8
"NODE_1185_length_3872_cov_14.769190"	"PrePostFVT"	"During"	"PrePostFVTDuring"	0.881021726292892	0.608336514533057	0.61573972745869	0.665557291245363	1	0.888148074560861	1	NA	"abundance"	20	19
"NODE_1194_length_3879_cov_4.682531"	"PrePostFVT"	"During"	"PrePostFVTDuring"	0.545459531372828	0.608336514533057	0.523079117912259	0.907374575950273	1	0.853397579533045	1	NA	"abundance"	20	16
"NODE_1195_length_3589_cov_5.580645"	"PrePostFVT"	"During"	"PrePostFVTDuring"	0.235236871742279	0.608336514533057	0.557261528289612	0.520339047142439	1	0.769925370303776	1	NA	"abundance"	20	14
"NODE_1195_length_3589_cov_5.580645"	"PrePostFVT"	"Post"	"PrePostFVTPost"	0.837058172561345	0.710938090833022	0.470971951630481	0.795736561245968	1	0.540905562985018	1	NA	"abundance"	20	14
"NODE_1206_length_5083_cov_16.050716"	"PrePostFVT"	"During"	"PrePostFVTDuring"	0.426631092398255	0.608336514533057	0.252522522460696	0.504917425230225	1	0.75489324415933	1	NA	"abundance"	20	13
"NODE_1209_length_3352_cov_2.694874"	"PrePostFVT"	"Post"	"PrePostFVTPost"	-0.285181305815402	0.710938090833022	1.19320671394199	0.491873732753968	1	0.290323923261281	0.871765233337443	NA	"abundance"	20	4
"NODE_1215_length_4762_cov_296.029530"	"PrePostFVT"	"During"	"PrePostFVTDuring"	-0.275313957881724	0.608336514533057	0.992375216365518	0.39287617876686	1	0.63140066569127	1	NA	"abundance"	20	15
"NODE_1218_length_3762_cov_7.912868"	"PrePostFVT"	"Post"	"PrePostFVTPost"	0.40295302346843	0.710938090833022	0.613868319665937	0.626189865092083	1	0.430132730359663	1	NA	"abundance"	20	17
"NODE_1220_length_2903_cov_3.497191"	"PrePostFVT"	"During"	"PrePostFVTDuring"	0.311663140716168	0.608336514533057	0.320714590130904	0.390770967819946	1	0.628839986348954	1	NA	"abundance"	20	12
"NODE_1220_length_2903_cov_3.497191"	"PrePostFVT"	"Post"	"PrePostFVTPost"	0.575649022102355	0.710938090833022	0.286855849963474	0.657485936174163	1	0.88268411608151	1	NA	"abundance"	20	12
"NODE_123_length_29020_cov_48.579838|provirus_13140_29018"	"PrePostFVT"	"During"	"PrePostFVTDuring"	0.105148368500744	0.608336514533057	0.655672158756545	0.457943555244413	1	0.706174810698933	1	NA	"abundance"	20	17
"NODE_123_length_29020_cov_48.579838|provirus_13140_29018"	"PrePostFVT"	"Post"	"PrePostFVTPost"	0.426179338260773	0.710938090833022	0.515880095749007	0.592442415724338	1	0.58910574716738	1	NA	"abundance"	20	17
"NODE_1233_length_4439_cov_10.491560"	"PrePostFVT"	"During"	"PrePostFVTDuring"	0.625211872223038	0.608336514533057	0.32936608602877	0.961043877249224	1	0.85339281475054	1	NA	"abundance"	20	11
"NODE_1233_length_4439_cov_10.491560"	"PrePostFVT"	"Post"	"PrePostFVTPost"	0.723492304863746	0.710938090833022	0.294593983137349	0.967726559697081	1	0.976838121615563	1	NA	"abundance"	20	11
"NODE_1250_length_4468_cov_38.665307"	"PrePostFVT"	"During"	"PrePostFVTDuring"	0.977592590675196	0.608336514533057	0.39650675443334	0.376796843246645	1	0.611617825412653	1	NA	"abundance"	20	18
"NODE_1250_length_4468_cov_38.665307"	"PrePostFVT"	"Post"	"PrePostFVTPost"	0.937129553306721	0.710938090833022	0.312820621444858	0.491990485469477	1	0.741926333146463	1	NA	"abundance"	20	18
"NODE_1250_length_5037_cov_5.407668"	"PrePostFVT"	"During"	"PrePostFVTDuring"	0.447954065791257	0.608336514533057	0.24587107312769	0.999997367901169	1	0.862428493795449	1	NA	"abundance"	20	5
"NODE_1250_length_5037_cov_5.407668"	"PrePostFVT"	"Post"	"PrePostFVTPost"	1.9325019263366	0.710938090833022	0.24587107312769	0.99999667145117	1	0.193059804321636	0.758034601176654	NA	"abundance"	20	5
"NODE_1255_length_3675_cov_10.237293"	"PrePostFVT"	"During"	"PrePostFVTDuring"	0.333722166251013	0.608336514533057	0.687010586533674	0.699371386207767	1	0.853388057507462	1	NA	"abundance"	20	13
"NODE_1255_length_3675_cov_10.237293"	"PrePostFVT"	"Post"	"PrePostFVTPost"	1.05884877782872	0.710938090833022	0.594968620607009	0.574659232039673	1	0.806930881172244	1	NA	"abundance"	20	13
"NODE_1259_length_3670_cov_6.403873"	"PrePostFVT"	"During"	"PrePostFVTDuring"	0.373820244156908	0.608336514533057	0.229754055093873	0.353690964407274	1	0.5822846305112	1	NA	"abundance"	20	13
"NODE_1259_length_3670_cov_6.403873"	"PrePostFVT"	"Post"	"PrePostFVTPost"	0.603981391317176	0.710938090833022	0.205498274118453	0.63338570750981	1	0.865593960541917	1	NA	"abundance"	20	13
"NODE_1263_length_3025_cov_5.382155"	"PrePostFVT"	"During"	"PrePostFVTDuring"	0.0954940076329092	0.608336514533057	0.663291734148125	0.454166111188514	1	0.70206536582493	1	NA	"abundance"	20	17
"NODE_1263_length_3025_cov_5.382155"	"PrePostFVT"	"Post"	"PrePostFVTPost"	0.195785957539972	0.710938090833022	0.521875145607505	0.344794643245419	1	0.570705940480102	1	NA	"abundance"	20	17
"NODE_1264_length_2611_cov_5.178404"	"PrePostFVT"	"During"	"PrePostFVTDuring"	2.77294396031672	0.608336514533057	3.40137076122753	0.589522321401988	1	0.584470415215529	1	NA	"abundance"	20	6
"NODE_1264_length_2611_cov_5.178404"	"PrePostFVT"	"Post"	"PrePostFVTPost"	0.54269271871751	0.710938090833022	4.16581139551472	0.971445064915328	1	0.525752993925427	1	NA	"abundance"	20	6
"NODE_1277_length_2938_cov_4.712799"	"PrePostFVT"	"During"	"PrePostFVTDuring"	0.506208354208781	0.608336514533057	0.46938383835176	0.833015198252443	1	0.853395187922845	1	NA	"abundance"	20	15
"NODE_1277_length_2938_cov_4.712799"	"PrePostFVT"	"Post"	"PrePostFVTPost"	0.930928011320085	0.710938090833022	0.396701748083792	0.595576919557754	1	0.540905437258397	1	NA	"abundance"	20	15
"NODE_1278_length_3628_cov_4.986846"	"PrePostFVT"	"During"	"PrePostFVTDuring"	0.662891851523277	0.608336514533057	0.235289837658789	0.82714017691039	1	0.853388057507462	1	NA	"abundance"	20	14
"NODE_1279_length_3475_cov_5.432456"	"PrePostFVT"	"During"	"PrePostFVTDuring"	0.753102981679556	0.608336514533057	0.194464227357465	0.497538851385025	1	0.74753279413252	1	NA	"abundance"	20	12
"NODE_129_length_27218_cov_9.424806"	"PrePostFVT"	"During"	"PrePostFVTDuring"	0.608929383439127	0.608336514533057	1.4639410100325	0.999688067655384	1	0.99966930065412	1	NA	"abundance"	20	10
"NODE_129_length_27218_cov_9.424806"	"PrePostFVT"	"Post"	"PrePostFVTPost"	1.38720348464021	0.710938090833022	1.67715512285601	0.698817864269398	1	0.0687690467137569	0.524379380869492	NA	"abundance"	20	10
"NODE_1299_length_4337_cov_85.098085"	"PrePostFVT"	"During"	"PrePostFVTDuring"	-0.0244884895613312	0.608336514533057	0.649518185940394	0.349065803123831	1	0.576284671337177	1	NA	"abundance"	20	19
"NODE_1299_length_4337_cov_85.098085"	"PrePostFVT"	"Post"	"PrePostFVTPost"	0.271730856369243	0.710938090833022	0.496077708720376	0.394606178417474	1	0.633498320789705	1	NA	"abundance"	20	19
"NODE_130_length_77265_cov_22.063904|provirus_67829_77021"	"PrePostFVT"	"Post"	"PrePostFVTPost"	-0.631179479611023	0.710938090833022	1.5204099700271	0.427297693622609	1	0.193392359036901	0.758034601176654	NA	"abundance"	20	6
"NODE_1301_length_3307_cov_6.593173"	"PrePostFVT"	"During"	"PrePostFVTDuring"	0.457428960500541	0.608336514533057	0.239575431810797	0.561078069476245	1	0.8073475389053	1	NA	"abundance"	20	11
"NODE_1320_length_3894_cov_6.729096"	"PrePostFVT"	"During"	"PrePostFVTDuring"	0.45622520931642	0.608336514533057	0.32984805235721	0.66073807725639	1	0.853388057507462	1	NA	"abundance"	20	14
"NODE_1320_length_3894_cov_6.729096"	"PrePostFVT"	"Post"	"PrePostFVTPost"	0.827231331894287	0.710938090833022	0.285656792730163	0.699495628325584	1	0.806930881172244	1	NA	"abundance"	20	14
"NODE_1322_length_2624_cov_4.678863"	"PrePostFVT"	"During"	"PrePostFVTDuring"	0.0952791483056791	0.608336514533057	0.616220028771614	0.421877518930324	1	0.665774396881842	1	NA	"abundance"	20	17
"NODE_1323_length_3039_cov_6.837466"	"PrePostFVT"	"During"	"PrePostFVTDuring"	0.266432893634761	0.608336514533057	0.501117067803072	0.518984279398705	1	0.768623876534417	1	NA	"abundance"	20	11
"NODE_1323_length_3039_cov_6.837466"	"PrePostFVT"	"Post"	"PrePostFVTPost"	0.628412082093238	0.710938090833022	0.400893654242458	0.844388805812767	1	0.971857393776668	1	NA	"abundance"	20	11
"NODE_1329_length_4796_cov_16.524784"	"PrePostFVT"	"During"	"PrePostFVTDuring"	-0.100626697009273	0.608336514533057	0.660051483135896	0.305572067411011	1	0.517769846440182	1	NA	"abundance"	20	16
"NODE_1358_length_3536_cov_36.249354"	"PrePostFVT"	"During"	"PrePostFVTDuring"	0.648194323462207	0.608336514533057	0.307316787398645	0.901304706506494	1	0.853390441495591	1	NA	"abundance"	20	14
"NODE_1358_length_3536_cov_36.249354"	"PrePostFVT"	"Post"	"PrePostFVTPost"	0.774788759325508	0.710938090833022	0.266144144896649	0.820470969663808	1	0.806931016890402	1	NA	"abundance"	20	14
"NODE_1368_length_3847_cov_6.648734"	"PrePostFVT"	"During"	"PrePostFVTDuring"	0.0256683219101384	0.608336514533057	0.558425948327253	0.316793677738267	1	0.533229121221597	1	NA	"abundance"	20	19
"NODE_1376_length_2860_cov_17.377184"	"PrePostFVT"	"During"	"PrePostFVTDuring"	0.344853577840915	0.608336514533057	0.550030169249187	0.640557758514931	1	0.640557758514931	1	NA	"abundance"	20	20
"NODE_1379_length_3383_cov_8.485577"	"PrePostFVT"	"During"	"PrePostFVTDuring"	0.608336514533057	0.608336514533057	0.484912404886435	1	1	0.85339281475054	1	NA	"abundance"	20	13
"NODE_1379_length_3383_cov_8.485577"	"PrePostFVT"	"Post"	"PrePostFVTPost"	0.410668229012192	0.710938090833022	0.433718840183588	0.512387224039196	1	0.762233780719798	1	NA	"abundance"	20	13
"NODE_1385_length_4354_cov_8.070714"	"PrePostFVT"	"During"	"PrePostFVTDuring"	0.686691247379783	0.608336514533057	2.37028251577821	0.974544419064695	1	0.862428482229892	1	NA	"abundance"	20	11
"NODE_1388_length_3793_cov_6.935795"	"PrePostFVT"	"During"	"PrePostFVTDuring"	0.463402929832973	0.608336514533057	0.684266211955626	0.83789659030391	1	0.85339281450982	1	NA	"abundance"	20	11
"NODE_1388_length_3793_cov_6.935795"	"PrePostFVT"	"Post"	"PrePostFVTPost"	0.801656079454628	0.710938090833022	0.612026305855624	0.886284258891242	1	0.976838113129088	1	NA	"abundance"	20	11
"NODE_1392_length_2898_cov_2.884277"	"PrePostFVT"	"During"	"PrePostFVTDuring"	0.144803443911176	0.608336514533057	0.26400628115501	0.999843918926782	1	0.999999975638699	1	NA	"abundance"	20	4
"NODE_1392_length_2898_cov_2.884277"	"PrePostFVT"	"Post"	"PrePostFVTPost"	0.539700663327954	0.710938090833022	0.26400628115501	0.999867764249287	1	0.509380490378292	1	NA	"abundance"	20	4
"NODE_1425_length_3539_cov_7.956085"	"PrePostFVT"	"Post"	"PrePostFVTPost"	0.784417741264107	0.710938090833022	0.229399806119529	0.765151864452685	1	0.94484635322995	1	NA	"abundance"	20	12
"NODE_1428_length_2589_cov_4.398579"	"PrePostFVT"	"During"	"PrePostFVTDuring"	0.344777787562736	0.608336514533057	0.428135187246966	0.56142567616771	1	0.807652562475049	1	NA	"abundance"	20	14
"NODE_1428_length_2589_cov_4.398579"	"PrePostFVT"	"Post"	"PrePostFVTPost"	0.740390364489482	0.710938090833022	0.37077594840988	0.939627330235756	1	0.806931016890402	1	NA	"abundance"	20	14
"NODE_1447_length_3472_cov_27.441030"	"PrePostFVT"	"Post"	"PrePostFVTPost"	-0.17132042454554	0.710938090833022	1.51979484764948	0.586825710466629	1	0.829287006468594	1	NA	"abundance"	20	7
"NODE_1469_length_4268_cov_8.622122"	"PrePostFVT"	"During"	"PrePostFVTDuring"	0.435652733178493	0.608336514533057	0.302145785936819	0.590302165669182	1	0.832147684544637	1	NA	"abundance"	20	11
"NODE_1469_length_4268_cov_8.622122"	"PrePostFVT"	"Post"	"PrePostFVTPost"	0.511417352375395	0.710938090833022	0.270247406587931	0.493558702301764	1	0.743517211985727	1	NA	"abundance"	20	11
"NODE_1470_length_2559_cov_6.530351"	"PrePostFVT"	"During"	"PrePostFVTDuring"	0.541524617500473	0.608336514533057	0.589224523871624	0.912861440876405	1	0.853392825438906	1	NA	"abundance"	20	11
"NODE_1470_length_2559_cov_6.530351"	"PrePostFVT"	"Post"	"PrePostFVTPost"	1.00890244221106	0.710938090833022	0.52701843575476	0.589405979112018	1	0.831412550011039	1	NA	"abundance"	20	11
"NODE_1505_length_2500_cov_249.157464"	"PrePostFVT"	"During"	"PrePostFVTDuring"	-0.162051823231335	0.608336514533057	1.28543501698959	0.561184809799298	1	0.807441228849122	1	NA	"abundance"	20	16
"NODE_1513_length_2581_cov_6.406572"	"PrePostFVT"	"During"	"PrePostFVTDuring"	0.214866366974478	0.608336514533057	0.370704278862135	0.325378240341273	1	0.544885481394963	1	NA	"abundance"	20	13
"NODE_1513_length_2581_cov_6.406572"	"PrePostFVT"	"Post"	"PrePostFVTPost"	0.859604851938292	0.710938090833022	0.331567986834309	0.67028201373595	1	0.89128604953398	1	NA	"abundance"	20	13
"NODE_1516_length_3749_cov_10.734164"	"PrePostFVT"	"During"	"PrePostFVTDuring"	0.494676937285132	0.608336514533057	0.293072739389284	0.715605108106997	1	0.85339043056281	1	NA	"abundance"	20	12
"NODE_1532_length_2944_cov_14.650744"	"PrePostFVT"	"During"	"PrePostFVTDuring"	1.0087588389069	0.608336514533057	0.470870067626043	0.421559558993427	1	0.665406656208122	1	NA	"abundance"	20	15
"NODE_1532_length_2944_cov_14.650744"	"PrePostFVT"	"Post"	"PrePostFVTPost"	0.891996208750572	0.710938090833022	0.398192976145882	0.664031296906359	1	0.887125030541577	1	NA	"abundance"	20	15
"NODE_1542_length_3340_cov_7.443227"	"PrePostFVT"	"During"	"PrePostFVTDuring"	0.0711684184751725	0.608336514533057	0.583020839124134	0.380232064626694	1	0.61588770628311	1	NA	"abundance"	20	15
"NODE_1542_length_3340_cov_7.443227"	"PrePostFVT"	"Post"	"PrePostFVTPost"	0.527998571412038	0.710938090833022	0.492742542781152	0.719839840442704	1	0.540905562985018	1	NA	"abundance"	20	15
"NODE_1556_length_2521_cov_7.834144"	"PrePostFVT"	"During"	"PrePostFVTDuring"	0.537141006546028	0.608336514533057	0.472615331503922	0.884229724752417	1	0.853390441495591	1	NA	"abundance"	20	13
"NODE_1556_length_2521_cov_7.834144"	"PrePostFVT"	"Post"	"PrePostFVTPost"	0.744547450933172	0.710938090833022	0.4092968833004	0.936912011972632	1	0.806931016890402	1	NA	"abundance"	20	13
"NODE_1557_length_2521_cov_5.727088"	"PrePostFVT"	"During"	"PrePostFVTDuring"	0.484374332276057	0.608336514533057	0.328924896623545	0.71796143443629	1	0.853402328054628	1	NA	"abundance"	20	15
"NODE_159_length_9578_cov_8.532395"	"PrePostFVT"	"During"	"PrePostFVTDuring"	0.747435469471878	0.608336514533057	0.386615479602515	0.727302332313744	1	0.925635982038476	1	NA	"abundance"	20	18
"NODE_1590_length_3270_cov_6.386625"	"PrePostFVT"	"During"	"PrePostFVTDuring"	0.0105129880691184	0.608336514533057	0.578153377251109	0.321850554650444	1	0.54011332977209	1	NA	"abundance"	20	19
"NODE_1595_length_1770_cov_2.963848"	"PrePostFVT"	"Post"	"PrePostFVTPost"	0.298831519414413	0.710938090833022	1.51213338338665	0.802902053865237	1	0.250509440636823	0.839089799485433	NA	"abundance"	20	5
"NODE_1607_length_3696_cov_24.127712"	"PrePostFVT"	"During"	"PrePostFVTDuring"	0.484243291352319	0.608336514533057	0.611745595087794	0.845481266744666	1	0.85339043056281	1	NA	"abundance"	20	10
"NODE_1621_length_3853_cov_100.034229"	"PrePostFVT"	"Post"	"PrePostFVTPost"	1.08568692016589	0.710938090833022	0.347750905390159	0.30502818854515	1	0.30502818854515	0.873767032882173	NA	"abundance"	20	20
"NODE_1624_length_2501_cov_5.282911"	"PrePostFVT"	"During"	"PrePostFVTDuring"	0.743918969738424	0.608336514533057	0.382888486800971	0.733603642719332	1	0.92903298082759	1	NA	"abundance"	20	16
"NODE_1624_length_2501_cov_5.282911"	"PrePostFVT"	"Post"	"PrePostFVTPost"	0.572027970514938	0.710938090833022	0.316757751189186	0.676280136597602	1	0.430132730359663	1	NA	"abundance"	20	16
"NODE_1627_length_2508_cov_5.315124"	"PrePostFVT"	"During"	"PrePostFVTDuring"	0.0386517069266693	0.608336514533057	0.719368462778574	0.445827255741653	1	0.692892569521172	1	NA	"abundance"	20	16
"NODE_1648_length_4785_cov_13.005285"	"PrePostFVT"	"During"	"PrePostFVTDuring"	0.530394075733488	0.608336514533057	0.461201433816549	0.87043716706077	1	0.853388057507462	1	NA	"abundance"	20	14
"NODE_1648_length_4785_cov_13.005285"	"PrePostFVT"	"Post"	"PrePostFVTPost"	0.951250964518975	0.710938090833022	0.399412157946939	0.566040339389984	1	0.806930881172244	1	NA	"abundance"	20	14
"NODE_165_length_16883_cov_194.874733"	"PrePostFVT"	"During"	"PrePostFVTDuring"	2.26300720187545	0.608336514533057	1.89365712825083	0.398111964924102	1	0.637730793232475	1	NA	"abundance"	20	16
"NODE_165_length_16883_cov_194.874733"	"PrePostFVT"	"Post"	"PrePostFVTPost"	1.38593912011076	0.710938090833022	1.47823562194742	0.655400501427927	1	0.881251185583876	1	NA	"abundance"	20	16
"NODE_1654_length_2858_cov_11.802711"	"PrePostFVT"	"During"	"PrePostFVTDuring"	0.441031531213459	0.608336514533057	0.534123148576091	0.761718262589743	1	0.853402328054628	1	NA	"abundance"	20	15
"NODE_1654_length_2858_cov_11.802711"	"PrePostFVT"	"Post"	"PrePostFVTPost"	0.517356773241898	0.710938090833022	0.451416451568075	0.680016000038048	1	0.540905562985018	1	NA	"abundance"	20	15
"NODE_1656_length_3207_cov_14.056472"	"PrePostFVT"	"During"	"PrePostFVTDuring"	0.966226972369612	0.608336514533057	0.377537938223615	0.372270813786079	1	0.605956068775209	1	NA	"abundance"	20	16
"NODE_1665_length_2883_cov_17.205799"	"PrePostFVT"	"During"	"PrePostFVTDuring"	0.316677259649427	0.608336514533057	0.577930127867594	0.623035165975163	1	0.857897513908627	1	NA	"abundance"	20	18
"NODE_1678_length_2720_cov_50.305816"	"PrePostFVT"	"During"	"PrePostFVTDuring"	0.192821086851306	0.608336514533057	0.639139198443267	0.532924255235192	1	0.7818402486524	1	NA	"abundance"	20	14
"NODE_1678_length_2720_cov_50.305816"	"PrePostFVT"	"Post"	"PrePostFVTPost"	0.764836444815605	0.710938090833022	0.553510782406293	0.924882442619151	1	0.806931016890402	1	NA	"abundance"	20	14
"NODE_168_length_21353_cov_13.414217"	"PrePostFVT"	"During"	"PrePostFVTDuring"	0.549337612159088	0.608336514533057	0.630115003526917	0.927689159827998	1	0.994771142393619	1	NA	"abundance"	20	15
"NODE_17_length_139991_cov_17.814237|provirus_88907_131566"	"PrePostFVT"	"During"	"PrePostFVTDuring"	0.227877965139712	0.608336514533057	0.622816351890233	0.552362987760462	1	0.79962110527326	1	NA	"abundance"	20	18
"NODE_17_length_139991_cov_17.814237|provirus_88907_131566"	"PrePostFVT"	"Post"	"PrePostFVTPost"	0.360358587408629	0.710938090833022	0.475683846098874	0.476602573342072	1	0.726055133767859	1	NA	"abundance"	20	18
"NODE_1700_length_2749_cov_7.180772"	"PrePostFVT"	"During"	"PrePostFVTDuring"	0.164011061318099	0.608336514533057	0.480646703993058	0.374351208086744	1	0.608563589177483	1	NA	"abundance"	20	19
"NODE_1700_length_2749_cov_7.180772"	"PrePostFVT"	"Post"	"PrePostFVTPost"	0.315988584428151	0.710938090833022	0.367099983929871	0.307706614388613	1	0.520729868238724	1	NA	"abundance"	20	19
"NODE_171_length_37100_cov_211.056769"	"PrePostFVT"	"During"	"PrePostFVTDuring"	0.140850518158994	0.608336514533057	0.994173454959857	0.645292301288653	1	0.645292301288653	1	NA	"abundance"	20	20
"NODE_171_length_37100_cov_211.056769"	"PrePostFVT"	"Post"	"PrePostFVTPost"	0.0250375468020173	0.710938090833022	0.741013142238688	0.37153133391656	1	0.37153133391656	0.962365307633163	NA	"abundance"	20	20
"NODE_1710_length_2968_cov_4.391692"	"PrePostFVT"	"During"	"PrePostFVTDuring"	0.49741067795577	0.608336514533057	0.390704783161105	0.784860088791064	1	0.853390441495591	1	NA	"abundance"	20	13
"NODE_1710_length_2968_cov_4.391692"	"PrePostFVT"	"Post"	"PrePostFVTPost"	0.676409084679928	0.710938090833022	0.338360267597608	0.922184934719694	1	0.806931016890402	1	NA	"abundance"	20	13
"NODE_1723_length_3057_cov_7.331113"	"PrePostFVT"	"During"	"PrePostFVTDuring"	0.168547454053549	0.608336514533057	0.537846879055256	0.429426978329786	1	0.674446426942121	1	NA	"abundance"	20	19
"NODE_1723_length_3057_cov_7.331113"	"PrePostFVT"	"Post"	"PrePostFVTPost"	0.458461546504679	0.710938090833022	0.410787339261078	0.552453818566	1	0.799702415483845	1	NA	"abundance"	20	19
"NODE_1752_length_2889_cov_4.153846"	"PrePostFVT"	"During"	"PrePostFVTDuring"	2.84691067488472	0.608336514533057	2.02102163933201	0.330152568327316	1	0.551304418281509	1	NA	"abundance"	20	7
"NODE_1752_length_2889_cov_4.153846"	"PrePostFVT"	"Post"	"PrePostFVTPost"	0.561564132171558	0.710938090833022	1.84493190178036	0.939335046091809	1	0.996319763367317	1	NA	"abundance"	20	7
"NODE_176_length_48312_cov_16.718466|provirus_34_38596"	"PrePostFVT"	"During"	"PrePostFVTDuring"	0.373582704835234	0.608336514533057	0.367689964980788	0.542269428622605	1	0.790482724026524	1	NA	"abundance"	20	15
"NODE_176_length_48312_cov_16.718466|provirus_34_38596"	"PrePostFVT"	"Post"	"PrePostFVTPost"	0.708034079963892	0.710938090833022	0.310754738324492	0.992861123704418	1	0.540905562985018	1	NA	"abundance"	20	15
"NODE_1769_length_1947_cov_6.059197"	"PrePostFVT"	"During"	"PrePostFVTDuring"	0.0472981666612959	0.608336514533057	0.671004012008559	0.41881935621486	1	0.66222905928949	1	NA	"abundance"	20	19
"NODE_1769_length_1947_cov_6.059197"	"PrePostFVT"	"Post"	"PrePostFVTPost"	0.805169353765706	0.710938090833022	0.51248777944138	0.85754632456854	1	0.80248879401368	1	NA	"abundance"	20	19
"NODE_1774_length_2850_cov_22.364222"	"PrePostFVT"	"During"	"PrePostFVTDuring"	0.740591135399017	0.608336514533057	1.09671250261948	0.90738636482426	1	0.853390425038137	1	NA	"abundance"	20	10
"NODE_1774_length_2850_cov_22.364222"	"PrePostFVT"	"Post"	"PrePostFVTPost"	0.788432750394907	0.710938090833022	1.02588060914838	0.941944774393228	1	0.97683810274777	1	NA	"abundance"	20	10
"NODE_179_length_34455_cov_9.524186"	"PrePostFVT"	"During"	"PrePostFVTDuring"	0.497500398445069	0.608336514533057	1.18407759514221	0.92990586406838	1	0.581841508691001	1	NA	"abundance"	20	7
"NODE_179_length_34455_cov_9.524186"	"PrePostFVT"	"Post"	"PrePostFVTPost"	0.464147737299112	0.710938090833022	1.0809100144931	0.830597370537965	1	0.971302749131348	1	NA	"abundance"	20	7
"NODE_18_length_170276_cov_137.036740|provirus_122720_154544"	"PrePostFVT"	"During"	"PrePostFVTDuring"	0.085765331855713	0.608336514533057	0.513005779692273	0.328965860369476	1	0.549713183450323	1	NA	"abundance"	20	19
"NODE_18_length_170276_cov_137.036740|provirus_122720_154544"	"PrePostFVT"	"Post"	"PrePostFVTPost"	0.349147453174084	0.710938090833022	0.391814636231613	0.378147364910874	1	0.61329930023271	1	NA	"abundance"	20	19
"NODE_1801_length_2808_cov_5.873956"	"PrePostFVT"	"During"	"PrePostFVTDuring"	0.800678074965219	0.608336514533057	0.409866768439377	0.655557126661631	1	0.85339043056281	1	NA	"abundance"	20	11
"NODE_1801_length_2808_cov_5.873956"	"PrePostFVT"	"Post"	"PrePostFVTPost"	0.696596262079299	0.710938090833022	0.38339525543109	0.971525079509513	1	0.97683811064064	1	NA	"abundance"	20	11
"NODE_1811_length_4326_cov_11.406696"	"PrePostFVT"	"During"	"PrePostFVTDuring"	0.164577296047489	0.608336514533057	0.616301925099578	0.484865634836978	1	0.73463658582809	1	NA	"abundance"	20	19
"NODE_1811_length_4326_cov_11.406696"	"PrePostFVT"	"Post"	"PrePostFVTPost"	0.534490394885856	0.710938090833022	0.470708370452637	0.715351990533217	1	0.80248879401368	1	NA	"abundance"	20	19
"NODE_1816_length_3002_cov_18.713607"	"PrePostFVT"	"During"	"PrePostFVTDuring"	0.614404712992263	0.608336514533057	0.437627099020066	0.989399701926354	1	0.85339043056281	1	NA	"abundance"	20	10
"NODE_1816_length_3002_cov_18.713607"	"PrePostFVT"	"Post"	"PrePostFVTPost"	0.362272592847636	0.710938090833022	0.40936266692522	0.428348289176688	1	0.673214321512781	1	NA	"abundance"	20	10
"NODE_1822_length_4306_cov_6.684780"	"PrePostFVT"	"During"	"PrePostFVTDuring"	0.868706472401859	0.608336514533057	0.307606674222354	0.427695449229127	1	0.67246750116695	1	NA	"abundance"	20	15
"NODE_1822_length_4306_cov_6.684780"	"PrePostFVT"	"Post"	"PrePostFVTPost"	0.609976322693558	0.710938090833022	0.270152768795699	0.72430961991829	1	0.31120969309639	0.873767032882173	NA	"abundance"	20	15
"NODE_1824_length_2591_cov_4.697950"	"PrePostFVT"	"During"	"PrePostFVTDuring"	0.229923023785944	0.608336514533057	0.447059023799415	0.422816980677758	1	0.66685976220606	1	NA	"abundance"	20	13
"NODE_1824_length_2591_cov_4.697950"	"PrePostFVT"	"Post"	"PrePostFVTPost"	0.968151274479709	0.710938090833022	0.387164471601365	0.527531728412471	1	0.776773732343093	1	NA	"abundance"	20	13
"NODE_1837_length_3530_cov_8.391942"	"PrePostFVT"	"During"	"PrePostFVTDuring"	0.482513988188288	0.608336514533057	0.548424698821421	0.824482498537967	1	0.853390441495591	1	NA	"abundance"	20	14
"NODE_1837_length_3530_cov_8.391942"	"PrePostFVT"	"Post"	"PrePostFVTPost"	0.744659122116389	0.710938090833022	0.47494972124218	0.945310286224004	1	0.806931016890402	1	NA	"abundance"	20	14
"NODE_1843_length_2797_cov_5.328957"	"PrePostFVT"	"Post"	"PrePostFVTPost"	0.443852106519898	0.710938090833022	0.273729025322977	0.370731531262791	1	0.604021194253129	1	NA	"abundance"	20	13
"NODE_1850_length_2736_cov_7.120104"	"PrePostFVT"	"During"	"PrePostFVTDuring"	0.468716777789308	0.608336514533057	0.359491591163528	0.71103635139712	1	0.853402328054628	1	NA	"abundance"	20	15
"NODE_1850_length_2736_cov_7.120104"	"PrePostFVT"	"Post"	"PrePostFVTPost"	0.775817598422344	0.710938090833022	0.30387978151587	0.839470554949803	1	0.540905562985018	1	NA	"abundance"	20	15
"NODE_1855_length_3427_cov_4.307236"	"PrePostFVT"	"During"	"PrePostFVTDuring"	0.568354797077852	0.608336514533057	0.220656725649591	0.864295266357481	1	0.853402328054628	1	NA	"abundance"	20	15
"NODE_1876_length_2784_cov_5.208868"	"PrePostFVT"	"During"	"PrePostFVTDuring"	-0.0224791050820062	0.608336514533057	0.587795783388157	0.317237795329298	1	0.533835771873203	1	NA	"abundance"	20	11
"NODE_1876_length_2784_cov_5.208868"	"PrePostFVT"	"Post"	"PrePostFVTPost"	0.76740961513243	0.710938090833022	0.525740531417464	0.917408925750033	1	0.976838121615563	1	NA	"abundance"	20	11
"NODE_19_length_128753_cov_65.537825|provirus_112776_127566"	"PrePostFVT"	"During"	"PrePostFVTDuring"	0.122806043143689	0.608336514533057	0.644675032009302	0.467103989764297	1	0.71602184227487	1	NA	"abundance"	20	16
"NODE_19_length_128753_cov_65.537825|provirus_112776_127566"	"PrePostFVT"	"Post"	"PrePostFVTPost"	0.134771594622835	0.710938090833022	0.526374959445067	0.298324652271572	1	0.430134910038045	1	NA	"abundance"	20	16
"NODE_191_length_14612_cov_5.894621"	"PrePostFVT"	"During"	"PrePostFVTDuring"	0.524750124500838	0.608336514533057	0.504744707919357	0.871638642326388	1	0.983523361856187	1	NA	"abundance"	20	19
"NODE_191_length_14612_cov_5.894621"	"PrePostFVT"	"Post"	"PrePostFVTPost"	0.582598861802122	0.710938090833022	0.385505138444805	0.746817973157333	1	0.80248879401368	1	NA	"abundance"	20	19
"NODE_1931_length_2526_cov_16.422096"	"PrePostFVT"	"During"	"PrePostFVTDuring"	0.68075535676032	0.608336514533057	0.49938424329742	0.887395858928944	1	0.98732030741365	1	NA	"abundance"	20	19
"NODE_1931_length_2526_cov_16.422096"	"PrePostFVT"	"Post"	"PrePostFVTPost"	0.88044619793994	0.710938090833022	0.381411015963112	0.667211417811839	1	0.80248879401368	1	NA	"abundance"	20	19
"NODE_1931_length_2612_cov_7.167775"	"PrePostFVT"	"During"	"PrePostFVTDuring"	0.648014860144106	0.608336514533057	0.266717142545371	0.888141500320022	1	0.85339281475054	1	NA	"abundance"	20	12
"NODE_1931_length_2612_cov_7.167775"	"PrePostFVT"	"Post"	"PrePostFVTPost"	0.587403018806395	0.710938090833022	0.23855906459838	0.630754191581608	1	0.863657532965448	1	NA	"abundance"	20	12
"NODE_1936_length_2977_cov_4.843258"	"PrePostFVT"	"Post"	"PrePostFVTPost"	0.379973207124631	0.710938090833022	0.619891295635945	0.604565999075573	1	0.430132730359663	1	NA	"abundance"	20	17
"NODE_1950_length_1653_cov_4.717772"	"PrePostFVT"	"During"	"PrePostFVTDuring"	1.00072267806473	0.608336514533057	0.501817317074111	0.458927961178544	1	0.707241048805593	1	NA	"abundance"	20	11
"NODE_1950_length_1653_cov_4.717772"	"PrePostFVT"	"Post"	"PrePostFVTPost"	1.08226119487515	0.710938090833022	0.464592558561148	0.450621174616499	1	0.6160136919306	1	NA	"abundance"	20	11
"NODE_1959_length_1469_cov_2.435644"	"PrePostFVT"	"Post"	"PrePostFVTPost"	0.82229929019631	0.710938090833022	0.539568665822958	0.850467714160472	1	0.0839282729683353	0.562554475938266	NA	"abundance"	20	6
"NODE_196_length_10813_cov_8.589515"	"PrePostFVT"	"During"	"PrePostFVTDuring"	1.09423107566061	0.608336514533057	0.551556410276666	0.399263089867193	1	0.639115164804088	1	NA	"abundance"	20	18
"NODE_1960_length_3491_cov_16.300058"	"PrePostFVT"	"During"	"PrePostFVTDuring"	0.132160121904041	0.608336514533057	0.584277662190893	0.434396056728951	1	0.68009217935624	1	NA	"abundance"	20	15
"NODE_1972_length_2680_cov_4.646476"	"PrePostFVT"	"During"	"PrePostFVTDuring"	0.49236208005964	0.608336514533057	0.508598807687536	0.825672231948002	1	0.853390441495591	1	NA	"abundance"	20	14
"NODE_1972_length_2680_cov_4.646476"	"PrePostFVT"	"Post"	"PrePostFVTPost"	1.18135576838652	0.710938090833022	0.440459487791883	0.317606668869754	1	0.534339341628966	1	NA	"abundance"	20	14
"NODE_1992_length_2011_cov_4.148773"	"PrePostFVT"	"During"	"PrePostFVTDuring"	-0.62045817475573	0.608336514533057	1.26281557808393	0.385911466926085	1	0.296295486175505	0.873767032882173	NA	"abundance"	20	6
"NODE_2_length_2231_cov_4.778033"	"PrePostFVT"	"During"	"PrePostFVTDuring"	-0.51243828155849	0.608336514533057	0.70087372790182	0.435762208815029	1	0.681635714998705	1	NA	"abundance"	20	5
"NODE_2001_length_2507_cov_6.845024"	"PrePostFVT"	"Post"	"PrePostFVTPost"	-0.375484916505997	0.710938090833022	1.07828657214756	0.388453957651013	1	0.250476492307483	0.839089799485433	NA	"abundance"	20	5
"NODE_2005_length_1578_cov_7.019698"	"PrePostFVT"	"During"	"PrePostFVTDuring"	-0.100623288732761	0.608336514533057	0.714983373600928	0.338353638266003	1	0.338353638266003	0.920842917508238	NA	"abundance"	20	20
"NODE_2005_length_1578_cov_7.019698"	"PrePostFVT"	"Post"	"PrePostFVTPost"	0.881418119036124	0.710938090833022	0.532917142051268	0.754692543042254	1	0.754692543042254	1	NA	"abundance"	20	20
"NODE_201_length_19348_cov_868.755611"	"PrePostFVT"	"During"	"PrePostFVTDuring"	0.659449822648962	0.608336514533057	1.07483929150729	0.962715501697698	1	0.962715501697698	1	NA	"abundance"	20	20
"NODE_201_length_19348_cov_868.755611"	"PrePostFVT"	"Post"	"PrePostFVTPost"	-0.0219238374646881	0.710938090833022	0.801137906899335	0.376757725591027	1	0.376757725591027	0.972848587206878	NA	"abundance"	20	20
"NODE_201_length_27274_cov_8.129836"	"PrePostFVT"	"During"	"PrePostFVTDuring"	0.175710059104598	0.608336514533057	0.50297195092715	0.407472415672197	1	0.648911061810658	1	NA	"abundance"	20	19
"NODE_201_length_27274_cov_8.129836"	"PrePostFVT"	"Post"	"PrePostFVTPost"	0.356290757518009	0.710938090833022	0.384151172927213	0.377629322999998	1	0.612654740410559	1	NA	"abundance"	20	19
"NODE_2048_length_1701_cov_4.141555"	"PrePostFVT"	"During"	"PrePostFVTDuring"	1.19221795539696	0.608336514533057	0.573813210834481	0.33201109032553	1	0.553790816551913	1	NA	"abundance"	20	18
"NODE_2051_length_3108_cov_4.075336"	"PrePostFVT"	"During"	"PrePostFVTDuring"	0.811664789901009	0.608336514533057	0.349575149197025	0.57622336676646	1	0.57622336676646	1	NA	"abundance"	20	20
"NODE_2061_length_3718_cov_15.018291"	"PrePostFVT"	"During"	"PrePostFVTDuring"	0.932227663478853	0.608336514533057	0.365043608971074	0.400620849074457	1	0.640744633435775	1	NA	"abundance"	20	18
"NODE_208_length_51348_cov_41.610220"	"PrePostFVT"	"Post"	"PrePostFVTPost"	-0.716282361838407	0.710938090833022	1.51890658666821	0.39069384031985	1	0.628746003775828	1	NA	"abundance"	20	9
"NODE_2087_length_3045_cov_7.023077"	"PrePostFVT"	"During"	"PrePostFVTDuring"	-0.200572636655124	0.608336514533057	0.771649307930978	0.320072555945726	1	0.537698670821822	1	NA	"abundance"	20	15
"NODE_2087_length_3045_cov_7.023077"	"PrePostFVT"	"Post"	"PrePostFVTPost"	0.987505852906238	0.710938090833022	0.652162695756182	0.681361019841858	1	0.540905562985018	1	NA	"abundance"	20	15
"NODE_2089_length_3294_cov_24.345477"	"PrePostFVT"	"During"	"PrePostFVTDuring"	0.813376179143317	0.608336514533057	0.473585119469274	0.675342767000371	1	0.894597681061025	1	NA	"abundance"	20	15
"NODE_2089_length_3294_cov_24.345477"	"PrePostFVT"	"Post"	"PrePostFVTPost"	1.12270874216606	0.710938090833022	0.405554067025182	0.336521778529421	1	0.559796649634238	1	NA	"abundance"	20	15
"NODE_2090_length_2500_cov_4.756646"	"PrePostFVT"	"Post"	"PrePostFVTPost"	0.792432690421118	0.710938090833022	0.367568067517622	0.83209498777124	1	0.239334440457108	0.831372266851007	NA	"abundance"	20	14
"NODE_210_length_20479_cov_11.050382|provirus_7480_20477"	"PrePostFVT"	"During"	"PrePostFVTDuring"	0.978100798666687	0.608336514533057	0.41171102748422	0.399485123820443	1	0.639381883487051	1	NA	"abundance"	20	12
"NODE_210_length_20479_cov_11.050382|provirus_7480_20477"	"PrePostFVT"	"Post"	"PrePostFVTPost"	0.642720184327709	0.710938090833022	0.356552208819528	0.855108990228491	1	0.979006595287393	1	NA	"abundance"	20	12
"NODE_212_length_36964_cov_27.814327"	"PrePostFVT"	"Post"	"PrePostFVTPost"	-0.253396822212995	0.710938090833022	0.854162495589827	0.311462517130598	1	0.525916134683868	1	NA	"abundance"	20	8
"NODE_213_length_49538_cov_20.727785"	"PrePostFVT"	"Post"	"PrePostFVTPost"	-0.683786360777783	0.710938090833022	1.23094737758988	0.320647395336646	1	0.193392359036901	0.758034601176654	NA	"abundance"	20	6
"NODE_214_length_28722_cov_7.575121"	"PrePostFVT"	"During"	"PrePostFVTDuring"	1.17464176273757	0.608336514533057	0.499999017007516	0.342489902745564	1	0.567680472008462	1	NA	"abundance"	20	6
"NODE_216_length_49094_cov_18.408858"	"PrePostFVT"	"During"	"PrePostFVTDuring"	-0.734856968061946	0.608336514533057	1.76497010347158	0.48089097297494	1	0.730525818061096	1	NA	"abundance"	20	8
"NODE_216_length_49094_cov_18.408858"	"PrePostFVT"	"Post"	"PrePostFVTPost"	-0.57223720240397	0.710938090833022	1.76497010347158	0.499729627860833	1	0.749729554759739	1	NA	"abundance"	20	8
"NODE_2176_length_2505_cov_7.395510"	"PrePostFVT"	"During"	"PrePostFVTDuring"	1.25540453341584	0.608336514533057	0.924659310743187	0.53490342369007	1	0.658669647529217	1	NA	"abundance"	20	5
"NODE_2184_length_2897_cov_7.643209"	"PrePostFVT"	"During"	"PrePostFVTDuring"	0.582510263640492	0.608336514533057	0.387032973476151	0.948627589829069	1	0.853402328054628	1	NA	"abundance"	20	15
"NODE_2184_length_2897_cov_7.643209"	"PrePostFVT"	"Post"	"PrePostFVTPost"	0.698433016097432	0.710938090833022	0.327102564253598	0.970712336506741	1	0.540905562985018	1	NA	"abundance"	20	15
"NODE_2185_length_2811_cov_5.858853"	"PrePostFVT"	"During"	"PrePostFVTDuring"	0.521889091858468	0.608336514533057	0.497178493927565	0.865152871755	1	0.865152871755	1	NA	"abundance"	20	20
"NODE_22_length_128069_cov_21.086295|provirus_34170_98395"	"PrePostFVT"	"During"	"PrePostFVTDuring"	2.12374957317482	0.608336514533057	1.73768314468135	0.423110595051676	1	0.667198614458369	1	NA	"abundance"	20	9
"NODE_22_length_128069_cov_21.086295|provirus_34170_98395"	"PrePostFVT"	"Post"	"PrePostFVTPost"	1.0507655612182	0.710938090833022	1.94278881743155	0.867931695536422	1	0.540905433115804	1	NA	"abundance"	20	9
"NODE_2205_length_3140_cov_13.088493"	"PrePostFVT"	"During"	"PrePostFVTDuring"	0.384497399076428	0.608336514533057	0.526310747507384	0.678441359698256	1	0.678441359698256	1	NA	"abundance"	20	20
"NODE_2269_length_1480_cov_4.322807"	"PrePostFVT"	"Post"	"PrePostFVTPost"	0.539023159841655	0.710938090833022	0.201273606289625	0.450192742709549	1	0.697711979830751	1	NA	"abundance"	20	12
"NODE_2297_length_1338_cov_4.257989"	"PrePostFVT"	"During"	"PrePostFVTDuring"	0.249402492123605	0.608336514533057	0.570018166186776	0.541324034040927	1	0.541324034040927	1	NA	"abundance"	20	20
"NODE_2317_length_1568_cov_6.822868"	"PrePostFVT"	"During"	"PrePostFVTDuring"	0.861717787293685	0.608336514533057	0.747520888520531	0.746669866924472	1	0.935823843675936	1	NA	"abundance"	20	10
"NODE_2317_length_1568_cov_6.822868"	"PrePostFVT"	"Post"	"PrePostFVTPost"	0.575763657096141	0.710938090833022	0.565072677386103	0.819624761202789	1	0.967464773228849	1	NA	"abundance"	20	10
"NODE_2327_length_2704_cov_11.934315"	"PrePostFVT"	"During"	"PrePostFVTDuring"	0.732521237185506	0.608336514533057	0.344570439611726	0.731434410480199	1	0.85339281475054	1	NA	"abundance"	20	13
"NODE_2327_length_2704_cov_11.934315"	"PrePostFVT"	"Post"	"PrePostFVTPost"	0.707782510610464	0.710938090833022	0.308193170403522	0.992236174456693	1	0.976838121615563	1	NA	"abundance"	20	13
"NODE_2416_length_2609_cov_7.559123"	"PrePostFVT"	"During"	"PrePostFVTDuring"	0.284718629752908	0.608336514533057	0.789246560381143	0.690076817192922	1	0.853397579533045	1	NA	"abundance"	20	15
"NODE_2416_length_2609_cov_7.559123"	"PrePostFVT"	"Post"	"PrePostFVTPost"	1.37027989665195	0.710938090833022	0.654408676965708	0.33664421638764	1	0.290323703356841	0.871765233337443	NA	"abundance"	20	15
"NODE_2435_length_2625_cov_14.320233"	"PrePostFVT"	"During"	"PrePostFVTDuring"	0.569123832889692	0.608336514533057	0.436344670645452	0.930878412035489	1	0.995222206077264	1	NA	"abundance"	20	16
"NODE_2435_length_2625_cov_14.320233"	"PrePostFVT"	"Post"	"PrePostFVTPost"	0.958939401031344	0.710938090833022	0.360522059138671	0.514114604977803	1	0.763915382904124	1	NA	"abundance"	20	16
"NODE_244_length_13727_cov_20.945802"	"PrePostFVT"	"During"	"PrePostFVTDuring"	0.464533145116677	0.608336514533057	0.505008506579367	0.781208604668919	1	0.952130325329078	1	NA	"abundance"	20	19
"NODE_253_length_10761_cov_24.310854"	"PrePostFVT"	"During"	"PrePostFVTDuring"	0.64819432346221	0.608336514533057	0.540426017830915	0.944347072734899	1	0.853390425038137	1	NA	"abundance"	20	11
"NODE_2559_length_1942_cov_4.955485"	"PrePostFVT"	"During"	"PrePostFVTDuring"	0.285508931240478	0.608336514533057	0.658176148190847	0.637945868088921	1	0.85339281475054	1	NA	"abundance"	20	11
"NODE_2559_length_1942_cov_4.955485"	"PrePostFVT"	"Post"	"PrePostFVTPost"	0.471173514055086	0.710938090833022	0.588690643409484	0.695934245751659	1	0.907544017093387	1	NA	"abundance"	20	11
"NODE_259_length_15570_cov_23.236932"	"PrePostFVT"	"During"	"PrePostFVTDuring"	0.117077305014046	0.608336514533057	0.585627831816259	0.421400920624943	1	0.665223105346337	1	NA	"abundance"	20	15
"NODE_259_length_15570_cov_23.236932"	"PrePostFVT"	"Post"	"PrePostFVTPost"	0.440882676154424	0.710938090833022	0.501501713614616	0.603023348682916	1	0.311208164052149	0.873767032882173	NA	"abundance"	20	15
"NODE_2605_length_1682_cov_3.442532"	"PrePostFVT"	"During"	"PrePostFVTDuring"	-0.961921954153632	0.608336514533057	2.73739215562548	0.62409632233477	1	0.858696425117755	1	NA	"abundance"	20	5
"NODE_2605_length_1682_cov_3.442532"	"PrePostFVT"	"Post"	"PrePostFVTPost"	0.634114337466564	0.710938090833022	2.23507133572658	0.975693494949159	1	0.836265835087622	1	NA	"abundance"	20	5
"NODE_2608_length_2724_cov_13.636193"	"PrePostFVT"	"During"	"PrePostFVTDuring"	0.00182358797336231	0.608336514533057	0.685773113071008	0.395017840286604	1	0.633996586428514	1	NA	"abundance"	20	17
"NODE_2608_length_2724_cov_13.636193"	"PrePostFVT"	"Post"	"PrePostFVTPost"	0.287750469560831	0.710938090833022	0.53956339995294	0.449412398322346	1	0.58910574716738	1	NA	"abundance"	20	17
"NODE_266_length_13446_cov_8.802479"	"PrePostFVT"	"During"	"PrePostFVTDuring"	0.274363686239448	0.608336514533057	0.549825681331317	0.556437375024656	1	0.803252197724982	1	NA	"abundance"	20	18
"NODE_2674_length_2654_cov_15.941901"	"PrePostFVT"	"During"	"PrePostFVTDuring"	0.079350417757477	0.608336514533057	0.698265029323464	0.462815251731202	1	0.711432546227388	1	NA	"abundance"	20	18
"NODE_2674_length_2654_cov_15.941901"	"PrePostFVT"	"Post"	"PrePostFVTPost"	0.250863081654207	0.710938090833022	0.549391987100254	0.419982347473415	1	0.589107082337221	1	NA	"abundance"	20	18
"NODE_2684_length_1405_cov_2.911852"	"PrePostFVT"	"During"	"PrePostFVTDuring"	-0.204387403362724	0.608336514533057	1.11630960016777	0.499431875229661	1	0.749431552463907	1	NA	"abundance"	20	8
"NODE_273_length_6498_cov_6.629986"	"PrePostFVT"	"During"	"PrePostFVTDuring"	1.0562107454284	0.608336514533057	0.568592699529355	0.449195452082413	1	0.696614349993302	1	NA	"abundance"	20	18
"NODE_277_length_7921_cov_10.657513"	"PrePostFVT"	"During"	"PrePostFVTDuring"	0.0210444133095659	0.608336514533057	0.629822351587633	0.369661282821055	1	0.602673101625202	1	NA	"abundance"	20	19
"NODE_277_length_7921_cov_10.657513"	"PrePostFVT"	"Post"	"PrePostFVTPost"	0.488843174133042	0.710938090833022	0.481034766754237	0.653928008673842	1	0.80248879401368	1	NA	"abundance"	20	19
"NODE_281_length_12466_cov_5.775038"	"PrePostFVT"	"During"	"PrePostFVTDuring"	0.15319593809681	0.608336514533057	0.567016496255559	0.438053143231338	1	0.684215730167821	1	NA	"abundance"	20	19
"NODE_281_length_12466_cov_5.775038"	"PrePostFVT"	"Post"	"PrePostFVTPost"	0.266765473634385	0.710938090833022	0.433066002396624	0.327337182504805	1	0.547524733959426	1	NA	"abundance"	20	19
"NODE_281_length_6882_cov_6.653288"	"PrePostFVT"	"During"	"PrePostFVTDuring"	0.0271470445368377	0.608336514533057	0.733787264647976	0.442530852471549	1	0.442530852471549	1	NA	"abundance"	20	20
"NODE_281_length_6882_cov_6.653288"	"PrePostFVT"	"Post"	"PrePostFVTPost"	0.449565608999527	0.710938090833022	0.546932734925501	0.641374663792837	1	0.641374663792837	1	NA	"abundance"	20	20
"NODE_2814_length_2535_cov_17.660484"	"PrePostFVT"	"Post"	"PrePostFVTPost"	0.635377228698557	0.710938090833022	0.324572724039874	0.821982159745762	1	0.821982159745762	1	NA	"abundance"	20	20
"NODE_284_length_24493_cov_8.915378|provirus_641_11254"	"PrePostFVT"	"During"	"PrePostFVTDuring"	0.469480714958645	0.608336514533057	0.248531189106299	0.603351856656935	1	0.842670250382499	1	NA	"abundance"	20	13
"NODE_286_length_13153_cov_47.017331"	"PrePostFVT"	"During"	"PrePostFVTDuring"	0.227000487429023	0.608336514533057	0.385579784070986	0.345083485034087	1	0.571084358424903	1	NA	"abundance"	20	19
"NODE_286_length_3337_cov_34.268434"	"PrePostFVT"	"Post"	"PrePostFVTPost"	0.247270326599972	0.710938090833022	0.443120298229132	0.376514639390632	1	0.540905356966373	1	NA	"abundance"	20	6
"NODE_294_length_12938_cov_7.822712"	"PrePostFVT"	"During"	"PrePostFVTDuring"	0.096948483386343	0.608336514533057	0.626841560118435	0.430968066020688	1	0.676202658111764	1	NA	"abundance"	20	17
"NODE_294_length_12938_cov_7.822712"	"PrePostFVT"	"Post"	"PrePostFVTPost"	0.274312395715562	0.710938090833022	0.493196302046166	0.396002500914048	1	0.58910574716738	1	NA	"abundance"	20	17
"NODE_304_length_11539_cov_7.449408"	"PrePostFVT"	"During"	"PrePostFVTDuring"	0.514070627647979	0.608336514533057	0.380175804569507	0.812374129947112	1	0.85339281475054	1	NA	"abundance"	20	11
"NODE_304_length_11539_cov_7.449408"	"PrePostFVT"	"Post"	"PrePostFVTPost"	0.714917409941948	0.710938090833022	0.340039576967237	0.991094719081335	1	0.976838121615563	1	NA	"abundance"	20	11
"NODE_3059_length_1111_cov_5.649621"	"PrePostFVT"	"During"	"PrePostFVTDuring"	-0.0174376103480088	0.608336514533057	0.483392979688621	0.328597915442233	1	0.549219240851485	1	NA	"abundance"	20	5
"NODE_311_length_20320_cov_34.359536"	"PrePostFVT"	"During"	"PrePostFVTDuring"	0.710545974765181	0.608336514533057	0.90707990521125	0.912826503420818	1	0.992400781494159	1	NA	"abundance"	20	13
"NODE_311_length_20320_cov_34.359536"	"PrePostFVT"	"Post"	"PrePostFVTPost"	0.291123673821921	0.710938090833022	0.907079905211251	0.654861561756681	1	0.149525618554215	0.733219832963666	NA	"abundance"	20	13
"NODE_319_length_16836_cov_11.794708"	"PrePostFVT"	"Post"	"PrePostFVTPost"	1.16650805356545	0.710938090833022	0.668675660690239	0.544168076744472	1	0.148769666805177	0.733219832963666	NA	"abundance"	20	10
"NODE_32_length_125259_cov_59.302315|provirus_14302_103731"	"PrePostFVT"	"During"	"PrePostFVTDuring"	2.18916217670049	0.608336514533057	1.78605095208519	0.393449409751916	1	0.632096381469701	1	NA	"abundance"	20	19
"NODE_32_length_125259_cov_59.302315|provirus_14302_103731"	"PrePostFVT"	"Post"	"PrePostFVTPost"	-0.190238377458041	0.710938090833022	1.36493897778217	0.521276604702246	1	0.770823910794591	1	NA	"abundance"	20	19
"NODE_321_length_8192_cov_6.306624"	"PrePostFVT"	"During"	"PrePostFVTDuring"	0.209275182670259	0.608336514533057	0.591767824796625	0.514292167518484	1	0.764087901466107	1	NA	"abundance"	20	17
"NODE_322_length_15127_cov_72.883028"	"PrePostFVT"	"During"	"PrePostFVTDuring"	0.652206502024714	0.608336514533057	0.379827025068588	0.910570061992939	1	0.910570061992939	1	NA	"abundance"	20	20
"NODE_322_length_15127_cov_72.883028"	"PrePostFVT"	"Post"	"PrePostFVTPost"	0.705711322260474	0.710938090833022	0.283106349248293	0.985849488335181	1	0.985849488335181	1	NA	"abundance"	20	20
"NODE_33_length_148803_cov_16.133501|provirus_110_29457"	"PrePostFVT"	"During"	"PrePostFVTDuring"	0.634035942676784	0.608336514533057	0.320899209336414	0.939139993187333	1	0.85339281475054	1	NA	"abundance"	20	12
"NODE_33_length_148803_cov_16.133501|provirus_110_29457"	"PrePostFVT"	"Post"	"PrePostFVTPost"	0.5109224617579	0.710938090833022	0.287020978400863	0.515387651325068	1	0.765150871511766	1	NA	"abundance"	20	12
"NODE_330_length_31412_cov_3595.604713"	"PrePostFVT"	"During"	"PrePostFVTDuring"	2.31186100182632	0.608336514533057	1.72745743914997	0.339658767969095	1	0.563949457279906	1	NA	"abundance"	20	19
"NODE_330_length_31412_cov_3595.604713"	"PrePostFVT"	"Post"	"PrePostFVTPost"	1.4105816378574	0.710938090833022	1.28757075405901	0.594771183060596	1	0.83578960592189	1	NA	"abundance"	20	19
"NODE_336_length_3001_cov_13.074338"	"PrePostFVT"	"During"	"PrePostFVTDuring"	1.24669479401014	0.608336514533057	1.13085106317587	0.585114407084323	1	0.816225869840553	1	NA	"abundance"	20	14
"NODE_342_length_10504_cov_7.705618"	"PrePostFVT"	"During"	"PrePostFVTDuring"	0.274595345264699	0.608336514533057	0.527357835950769	0.539617002633117	1	0.788047495735484	1	NA	"abundance"	20	18
"NODE_351_length_17457_cov_7.739110"	"PrePostFVT"	"During"	"PrePostFVTDuring"	0.261164053393941	0.608336514533057	0.215971248105089	0.362964899671598	1	0.584455773778832	1	NA	"abundance"	20	5
"NODE_365_length_20565_cov_18.642223"	"PrePostFVT"	"During"	"PrePostFVTDuring"	0.39211066788606	0.608336514533057	0.570135207903446	0.711135941076158	1	0.916557555462043	1	NA	"abundance"	20	19
"NODE_365_length_20565_cov_18.642223"	"PrePostFVT"	"Post"	"PrePostFVTPost"	0.710697079398416	0.710938090833022	0.435447957762821	0.999569828195547	1	0.80248879401368	1	NA	"abundance"	20	19
"NODE_366_length_26366_cov_7.678081|provirus_5747_26366"	"PrePostFVT"	"Post"	"PrePostFVTPost"	-0.426088905103832	0.710938090833022	1.00503823935275	0.32969749395655	1	0.193392359036901	0.758034601176654	NA	"abundance"	20	6
"NODE_368_length_3350_cov_6.287102"	"PrePostFVT"	"During"	"PrePostFVTDuring"	0.742172872514503	0.608336514533057	0.554397958168671	0.813276216427157	1	0.813276216427157	1	NA	"abundance"	20	20
"NODE_369_length_11021_cov_18.926774"	"PrePostFVT"	"Post"	"PrePostFVTPost"	0.481281032235622	0.710938090833022	0.539961861811773	0.679724175996362	1	0.430132730359663	1	NA	"abundance"	20	17
"NODE_371_length_7093_cov_11.975703"	"PrePostFVT"	"During"	"PrePostFVTDuring"	0.709741263047429	0.608336514533057	0.44095683996626	0.822834140960717	1	0.968612258390873	1	NA	"abundance"	20	19
"NODE_371_length_7093_cov_11.975703"	"PrePostFVT"	"Post"	"PrePostFVTPost"	0.792688960850582	0.710938090833022	0.336786349558986	0.814581317046217	1	0.802488257221383	1	NA	"abundance"	20	19
"NODE_3714_length_1904_cov_5.448891"	"PrePostFVT"	"During"	"PrePostFVTDuring"	0.227860966916299	0.608336514533057	0.656157311078496	0.573276294591619	1	0.573276294591619	1	NA	"abundance"	20	20
"NODE_3714_length_1904_cov_5.448891"	"PrePostFVT"	"Post"	"PrePostFVTPost"	0.475910159704429	0.710938090833022	0.489070783834998	0.640798481579884	1	0.640798481579884	1	NA	"abundance"	20	20
"NODE_3716_length_1611_cov_2.967866"	"PrePostFVT"	"Post"	"PrePostFVTPost"	0.392296214673764	0.710938090833022	1.46154016599287	0.836073250821271	1	0.973128020903694	1	NA	"abundance"	20	7
"NODE_372_length_12857_cov_13.769099"	"PrePostFVT"	"During"	"PrePostFVTDuring"	0.393805495358208	0.608336514533057	0.444528738802397	0.638607611210489	1	0.638607611210489	1	NA	"abundance"	20	20
"NODE_372_length_12857_cov_13.769099"	"PrePostFVT"	"Post"	"PrePostFVTPost"	0.493407491395456	0.710938090833022	0.331332159304803	0.528495329012395	1	0.528495329012395	1	NA	"abundance"	20	20
"NODE_377_length_6517_cov_6.469205"	"PrePostFVT"	"During"	"PrePostFVTDuring"	0.604845095222593	0.608336514533057	0.412279394479852	0.993507806240203	1	0.999957851420185	1	NA	"abundance"	20	14
"NODE_386_length_12222_cov_6.937372"	"PrePostFVT"	"During"	"PrePostFVTDuring"	0.230473738662406	0.608336514533057	0.516363329525485	0.479351381197436	1	0.728925015738982	1	NA	"abundance"	20	18
"NODE_386_length_12222_cov_6.937372"	"PrePostFVT"	"Post"	"PrePostFVTPost"	0.444057942173473	0.710938090833022	0.406272495056164	0.527019953076972	1	0.58910574716738	1	NA	"abundance"	20	18
"NODE_3880_length_1022_cov_8.022751"	"PrePostFVT"	"During"	"PrePostFVTDuring"	0.716131078236672	0.608336514533057	1.04091725815424	0.91983614342422	1	0.993573756098898	1	NA	"abundance"	20	13
"NODE_3880_length_1022_cov_8.022751"	"PrePostFVT"	"Post"	"PrePostFVTPost"	0.186980165340106	0.710938090833022	1.04091725815424	0.62706796187427	1	0.149525618554215	0.733219832963666	NA	"abundance"	20	13
"NODE_396_length_13688_cov_5.961417"	"PrePostFVT"	"Post"	"PrePostFVTPost"	0.35137180188382	0.710938090833022	0.554411868110672	0.531422929266685	1	0.430132730359663	1	NA	"abundance"	20	17
"NODE_4_length_209900_cov_20.895447|provirus_191243_209899"	"PrePostFVT"	"During"	"PrePostFVTDuring"	0.837434497874622	0.608336514533057	0.470001366140659	0.635138392503493	1	0.635138392503493	1	NA	"abundance"	20	20
"NODE_403_length_17644_cov_1809.089886"	"PrePostFVT"	"During"	"PrePostFVTDuring"	0.152191229496367	0.608336514533057	0.852117704082723	0.615854057040595	1	0.852431894507829	1	NA	"abundance"	20	11
"NODE_403_length_4567_cov_8.259087"	"PrePostFVT"	"During"	"PrePostFVTDuring"	0.766279267486507	0.608336514533057	0.442629632089438	0.728143757185077	1	0.728143757185077	1	NA	"abundance"	20	20
"NODE_41_length_88707_cov_853.230034"	"PrePostFVT"	"During"	"PrePostFVTDuring"	0.410222747178596	0.608336514533057	0.926579184448968	0.835964199910729	1	0.973092256289073	1	NA	"abundance"	20	16
"NODE_414_length_12838_cov_6.220840"	"PrePostFVT"	"Post"	"PrePostFVTPost"	0.384914011370778	0.710938090833022	0.560801213517676	0.574225430953411	1	0.430132730359663	1	NA	"abundance"	20	17
"NODE_4171_length_1046_cov_3.464178"	"PrePostFVT"	"Post"	"PrePostFVTPost"	0.470100884719069	0.710938090833022	0.893889074509406	0.79972903713184	1	0.148747876089637	0.733219832963666	NA	"abundance"	20	8
"NODE_419_length_11855_cov_14.191441"	"PrePostFVT"	"During"	"PrePostFVTDuring"	0.665309950128955	0.608336514533057	0.28352362604049	0.84886663610256	1	0.85339281475054	1	NA	"abundance"	20	12
"NODE_419_length_11855_cov_14.191441"	"PrePostFVT"	"Post"	"PrePostFVTPost"	0.69107636689272	0.710938090833022	0.253591240421506	0.941218010998828	1	0.976838121615563	1	NA	"abundance"	20	12
"NODE_420_length_8092_cov_8.250467"	"PrePostFVT"	"During"	"PrePostFVTDuring"	0.247500375673594	0.608336514533057	0.50270722708412	0.488041762367799	1	0.737898762920531	1	NA	"abundance"	20	18
"NODE_423_length_12451_cov_8.742578"	"PrePostFVT"	"During"	"PrePostFVTDuring"	0.60174876292592	0.608336514533057	0.398728365916251	0.987325696761319	1	0.85339281475054	1	NA	"abundance"	20	12
"NODE_423_length_12451_cov_8.742578"	"PrePostFVT"	"Post"	"PrePostFVTPost"	0.533468521002783	0.710938090833022	0.356633492298459	0.636902458665512	1	0.86816017547685	1	NA	"abundance"	20	12
"NODE_4240_length_1184_cov_4.600531"	"PrePostFVT"	"During"	"PrePostFVTDuring"	1.10458173046495	0.608336514533057	0.437565552007128	0.300084633323742	1	0.510118479490439	1	NA	"abundance"	20	12
"NODE_4240_length_1184_cov_4.600531"	"PrePostFVT"	"Post"	"PrePostFVTPost"	0.763131188406232	0.710938090833022	0.375040350297085	0.895145837842148	1	0.989005604678175	1	NA	"abundance"	20	12
"NODE_431_length_12194_cov_8.575912"	"PrePostFVT"	"During"	"PrePostFVTDuring"	0.0872145561514916	0.608336514533057	0.622430711932598	0.418500878402751	1	0.661858771581628	1	NA	"abundance"	20	18
"NODE_431_length_12194_cov_8.575912"	"PrePostFVT"	"Post"	"PrePostFVTPost"	0.617402668239461	0.710938090833022	0.475389308716064	0.847971275898013	1	0.80248879401368	1	NA	"abundance"	20	18
"NODE_431_length_6333_cov_17.949028"	"PrePostFVT"	"During"	"PrePostFVTDuring"	0.278943780078467	0.608336514533057	0.337888840963796	0.354893111202703	1	0.354893111202703	0.938419284430224	NA	"abundance"	20	20
"NODE_431_length_6333_cov_17.949028"	"PrePostFVT"	"Post"	"PrePostFVTPost"	0.692140828868978	0.710938090833022	0.251847472411221	0.943407125732928	1	0.943407125732928	1	NA	"abundance"	20	20
"NODE_432_length_20945_cov_11.322451"	"PrePostFVT"	"During"	"PrePostFVTDuring"	0.307764934329432	0.608336514533057	1.0229671408381	0.78119250132487	1	0.952123278523533	1	NA	"abundance"	20	9
"NODE_4320_length_1681_cov_4.281058"	"PrePostFVT"	"During"	"PrePostFVTDuring"	0.845962242499134	0.608336514533057	0.551795383554023	0.674293750438545	1	0.674293750438545	1	NA	"abundance"	20	20
"NODE_4320_length_1681_cov_4.281058"	"PrePostFVT"	"Post"	"PrePostFVTPost"	1.00720831523454	0.710938090833022	0.411283995765788	0.48602624993174	1	0.48602624993174	1	NA	"abundance"	20	20
"NODE_4372_length_1017_cov_2.721414"	"PrePostFVT"	"During"	"PrePostFVTDuring"	0.926020931586979	0.608336514533057	0.555338489705084	0.578172614556289	1	0.822061656889723	1	NA	"abundance"	20	18
"NODE_4372_length_1017_cov_2.721414"	"PrePostFVT"	"Post"	"PrePostFVTPost"	0.881759976882436	0.710938090833022	0.436937987096295	0.704112313330246	1	0.58910574716738	1	NA	"abundance"	20	18
"NODE_44_length_91318_cov_778.137087"	"PrePostFVT"	"During"	"PrePostFVTDuring"	2.26685382935711	0.608336514533057	1.81480270203658	0.378711705434686	1	0.614000855036124	1	NA	"abundance"	20	19
"NODE_44_length_91318_cov_778.137087"	"PrePostFVT"	"Post"	"PrePostFVTPost"	-0.00198459270282681	0.710938090833022	1.3863740389476	0.616680725496659	1	0.853066333794232	1	NA	"abundance"	20	19
"NODE_440_length_4091_cov_6.641724"	"PrePostFVT"	"During"	"PrePostFVTDuring"	0.64136547890625	0.608336514533057	0.436388708614462	0.941081033086459	1	0.941081033086459	1	NA	"abundance"	20	20
"NODE_440_length_4091_cov_6.641724"	"PrePostFVT"	"Post"	"PrePostFVTPost"	0.860993397476425	0.710938090833022	0.325264939025095	0.65638998897022	1	0.65638998897022	1	NA	"abundance"	20	20
"NODE_444_length_12751_cov_9.040013"	"PrePostFVT"	"During"	"PrePostFVTDuring"	0.0935526732410269	0.608336514533057	0.598781871377132	0.408371552434709	1	0.649975780031484	1	NA	"abundance"	20	17
"NODE_446_length_8151_cov_7.545949"	"PrePostFVT"	"During"	"PrePostFVTDuring"	0.267648091449022	0.608336514533057	0.54103360886486	0.54272132487319	1	0.790896213274269	1	NA	"abundance"	20	16
"NODE_4504_length_1360_cov_3.496552"	"PrePostFVT"	"Post"	"PrePostFVTPost"	0.733263337639987	0.710938090833022	1.21151712548103	0.986454928258422	1	0.0839015433847182	0.562554475938266	NA	"abundance"	20	5
"NODE_455_length_4871_cov_3.309178"	"PrePostFVT"	"Post"	"PrePostFVTPost"	-0.657856962666565	0.710938090833022	1.24152237596433	0.332407576528125	1	0.193392359036901	0.758034601176654	NA	"abundance"	20	6
"NODE_461_length_8240_cov_11.483201"	"PrePostFVT"	"Post"	"PrePostFVTPost"	2.09467177209531	0.710938090833022	1.93271834348159	0.548251167831219	1	0.795922992634142	1	NA	"abundance"	20	5
"NODE_463_length_12161_cov_9.640674"	"PrePostFVT"	"During"	"PrePostFVTDuring"	0.599920249897996	0.608336514533057	0.235383591993043	0.97317565597981	1	0.85339281475054	1	NA	"abundance"	20	13
"NODE_463_length_12161_cov_9.640674"	"PrePostFVT"	"Post"	"PrePostFVTPost"	0.526608648373301	0.710938090833022	0.210533484993808	0.427534256638796	1	0.672282972677904	1	NA	"abundance"	20	13
"NODE_474_length_13836_cov_8.532327"	"PrePostFVT"	"During"	"PrePostFVTDuring"	0.491679212031362	0.608336514533057	0.318737308047847	0.728045277174827	1	0.85339281475054	1	NA	"abundance"	20	13
"NODE_474_length_13836_cov_8.532327"	"PrePostFVT"	"Post"	"PrePostFVTPost"	0.628019947081937	0.710938090833022	0.28508731510411	0.783476041119568	1	0.953117375230745	1	NA	"abundance"	20	13
"NODE_477_length_15190_cov_11.631913"	"PrePostFVT"	"Post"	"PrePostFVTPost"	0.435782350423453	0.710938090833022	0.552072425246557	0.629367217060327	1	0.267886598174662	0.870104108244474	NA	"abundance"	20	16
"NODE_482_length_6261_cov_4.535127"	"PrePostFVT"	"During"	"PrePostFVTDuring"	0.539254305317045	0.608336514533057	0.422702076850433	0.874797579467241	1	0.853390441495591	1	NA	"abundance"	20	14
"NODE_482_length_6261_cov_4.535127"	"PrePostFVT"	"Post"	"PrePostFVTPost"	0.512704868301245	0.710938090833022	0.366070736784917	0.605903554705893	1	0.806931016890402	1	NA	"abundance"	20	14
"NODE_483_length_7947_cov_8.551191"	"PrePostFVT"	"During"	"PrePostFVTDuring"	0.0151913355105595	0.608336514533057	0.579892996125509	0.326960035388676	1	0.547017206035988	1	NA	"abundance"	20	19
"NODE_484_length_5956_cov_60.701745"	"PrePostFVT"	"During"	"PrePostFVTDuring"	2.24746029221878	0.608336514533057	1.76772681837797	0.369562231704731	1	0.602548220306881	1	NA	"abundance"	20	18
"NODE_484_length_5956_cov_60.701745"	"PrePostFVT"	"Post"	"PrePostFVTPost"	0.936701937756894	0.710938090833022	1.35012365887008	0.869581554064879	1	0.802488545246394	1	NA	"abundance"	20	18
"NODE_486_length_8815_cov_3.911872"	"PrePostFVT"	"Post"	"PrePostFVTPost"	0.322900424724724	0.710938090833022	0.536627485523939	0.486053791762324	1	0.430132730359663	1	NA	"abundance"	20	16
"NODE_492_length_8732_cov_6.818716"	"PrePostFVT"	"During"	"PrePostFVTDuring"	0.22429152418005	0.608336514533057	0.503858379616401	0.461839218819756	1	0.71038297359947	1	NA	"abundance"	20	19
"NODE_493_length_18317_cov_24.839010"	"PrePostFVT"	"During"	"PrePostFVTDuring"	0.570656170812522	0.608336514533057	0.453041410543807	0.936040297278973	1	0.853390441495591	1	NA	"abundance"	20	14
"NODE_493_length_18317_cov_24.839010"	"PrePostFVT"	"Post"	"PrePostFVTPost"	0.747325186676764	0.710938090833022	0.392345370497272	0.928856614928543	1	0.806931016890402	1	NA	"abundance"	20	14
"NODE_498_length_18150_cov_25.040951|provirus_5737_18148"	"PrePostFVT"	"During"	"PrePostFVTDuring"	0.610572833379644	0.608336514533057	0.305026065344686	0.994428995998222	1	0.85339281475054	1	NA	"abundance"	20	12
"NODE_498_length_18150_cov_25.040951|provirus_5737_18148"	"PrePostFVT"	"Post"	"PrePostFVTPost"	0.608617393785723	0.710938090833022	0.272823606808004	0.724745746252244	1	0.924235095793766	1	NA	"abundance"	20	12
"NODE_499_length_7571_cov_37.322113"	"PrePostFVT"	"During"	"PrePostFVTDuring"	0.248924568618981	0.608336514533057	0.540624203568764	0.519309801780086	1	0.7689369333353	1	NA	"abundance"	20	19
"NODE_499_length_7571_cov_37.322113"	"PrePostFVT"	"Post"	"PrePostFVTPost"	0.456048920332035	0.710938090833022	0.412908555896513	0.55138674580928	1	0.798746148164413	1	NA	"abundance"	20	19
"NODE_502_length_4680_cov_4.082162"	"PrePostFVT"	"During"	"PrePostFVTDuring"	0.456104110475342	0.608336514533057	0.529393315448066	0.778695030159147	1	0.778695030159147	1	NA	"abundance"	20	20
"NODE_502_length_7518_cov_18.659654"	"PrePostFVT"	"During"	"PrePostFVTDuring"	0.122304555857563	0.608336514533057	0.541337675607418	0.387093865603869	1	0.624346070419592	1	NA	"abundance"	20	18
"NODE_502_length_7518_cov_18.659654"	"PrePostFVT"	"Post"	"PrePostFVTPost"	0.335634288563385	0.710938090833022	0.413453479167074	0.384906211403565	1	0.621659631230084	1	NA	"abundance"	20	18
"NODE_504_length_8678_cov_23.069813"	"PrePostFVT"	"During"	"PrePostFVTDuring"	0.720666107371669	0.608336514533057	0.570163330348463	0.846940818328269	1	0.846940818328269	1	NA	"abundance"	20	20
"NODE_504_length_8678_cov_23.069813"	"PrePostFVT"	"Post"	"PrePostFVTPost"	0.865377856298541	0.710938090833022	0.424974654978944	0.723709447654142	1	0.723709447654142	1	NA	"abundance"	20	20
"NODE_512_length_17379_cov_48.317017"	"PrePostFVT"	"During"	"PrePostFVTDuring"	-0.003945096394697	0.608336514533057	0.618916982338869	0.348496294258622	1	0.575542921405251	1	NA	"abundance"	20	13
"NODE_512_length_17379_cov_48.317017"	"PrePostFVT"	"Post"	"PrePostFVTPost"	0.736604449296822	0.710938090833022	0.459001118805933	0.95679480394118	1	0.998133311033519	1	NA	"abundance"	20	13
"NODE_515_length_5801_cov_5.203098"	"PrePostFVT"	"During"	"PrePostFVTDuring"	0.551081065110907	0.608336514533057	0.298298053337374	0.855040824328155	1	0.853388057507462	1	NA	"abundance"	20	14
"NODE_515_length_5801_cov_5.203098"	"PrePostFVT"	"Post"	"PrePostFVTPost"	0.839977013619693	0.710938090833022	0.258333692089611	0.638474810969502	1	0.806930881172244	1	NA	"abundance"	20	14
"NODE_52_length_84715_cov_387.896220"	"PrePostFVT"	"During"	"PrePostFVTDuring"	2.14165905410905	0.608336514533057	1.48773952049891	0.323130304144368	1	0.541847414832304	1	NA	"abundance"	20	19
"NODE_52_length_84715_cov_387.896220"	"PrePostFVT"	"Post"	"PrePostFVTPost"	1.14695797877047	0.710938090833022	1.13713648432651	0.708141622426753	1	0.914818687440312	1	NA	"abundance"	20	19
"NODE_520_length_9259_cov_14.997827"	"PrePostFVT"	"During"	"PrePostFVTDuring"	2.33812436016075	0.608336514533057	2.99181369984141	0.621520534612458	1	0.621520534612458	1	NA	"abundance"	20	5
"NODE_535_length_9302_cov_18.873472"	"PrePostFVT"	"During"	"PrePostFVTDuring"	0.13606112997928	0.608336514533057	0.624139669455052	0.464204814647139	1	0.712923519352693	1	NA	"abundance"	20	17
"NODE_535_length_9302_cov_18.873472"	"PrePostFVT"	"Post"	"PrePostFVTPost"	0.345572037783501	0.710938090833022	0.491070465840504	0.473741342669045	1	0.58910574716738	1	NA	"abundance"	20	17
"NODE_536_length_3624_cov_406.142337"	"PrePostFVT"	"During"	"PrePostFVTDuring"	-0.985125723543785	0.608336514533057	1.5717045636431	0.35725682900287	1	0.586881216136555	1	NA	"abundance"	20	8
"NODE_540_length_11002_cov_8.996894"	"PrePostFVT"	"Post"	"PrePostFVTPost"	0.639871869368175	0.710938090833022	0.258327315117845	0.797420400891223	1	0.958961506024927	1	NA	"abundance"	20	13
"NODE_545_length_14235_cov_14.402257"	"PrePostFVT"	"During"	"PrePostFVTDuring"	0.460074900308769	0.608336514533057	0.530826066674252	0.786624265785389	1	0.853402328054628	1	NA	"abundance"	20	15
"NODE_545_length_14235_cov_14.402257"	"PrePostFVT"	"Post"	"PrePostFVTPost"	0.818555290962188	0.710938090833022	0.448629908770547	0.816592788668663	1	0.540905562985018	1	NA	"abundance"	20	15
"NODE_546_length_8041_cov_7.521913"	"PrePostFVT"	"During"	"PrePostFVTDuring"	0.221911239014096	0.608336514533057	0.498439103683876	0.453604325369575	1	0.701451766745163	1	NA	"abundance"	20	19
"NODE_546_length_8041_cov_7.521913"	"PrePostFVT"	"Post"	"PrePostFVTPost"	0.593542375669087	0.710938090833022	0.380689153659551	0.765134203012265	1	0.80248879401368	1	NA	"abundance"	20	19
"NODE_548_length_8007_cov_11.081992"	"PrePostFVT"	"During"	"PrePostFVTDuring"	1.05421472508287	0.608336514533057	0.492696371693547	0.387450480950357	1	0.624783086712051	1	NA	"abundance"	20	18
"NODE_553_length_7537_cov_19.611868"	"PrePostFVT"	"During"	"PrePostFVTDuring"	1.54929744670816	0.608336514533057	1.79518021526564	0.608977506861159	1	0.847101409859485	1	NA	"abundance"	20	17
"NODE_553_length_7537_cov_19.611868"	"PrePostFVT"	"Post"	"PrePostFVTPost"	0.506925951751905	0.710938090833022	1.40136210638729	0.886498853476049	1	0.941332170270155	1	NA	"abundance"	20	17
"NODE_554_length_7991_cov_8.091482"	"PrePostFVT"	"During"	"PrePostFVTDuring"	0.145725226624168	0.608336514533057	0.607310516338718	0.459876977641434	1	0.459876977641434	1	NA	"abundance"	20	20
"NODE_555_length_13052_cov_9.809264"	"PrePostFVT"	"During"	"PrePostFVTDuring"	0.514050610650876	0.608336514533057	0.263408724465005	0.736124444766326	1	0.85339281475054	1	NA	"abundance"	20	13
"NODE_555_length_13052_cov_9.809264"	"PrePostFVT"	"Post"	"PrePostFVTPost"	0.583006635954983	0.710938090833022	0.235599925508105	0.614832574692991	1	0.85164605448237	1	NA	"abundance"	20	13
"NODE_562_length_6184_cov_8.894926"	"PrePostFVT"	"During"	"PrePostFVTDuring"	0.335027798156741	0.608336514533057	0.516510761824164	0.608222261381195	1	0.846510203522735	1	NA	"abundance"	20	16
"NODE_570_length_6989_cov_7.928613"	"PrePostFVT"	"During"	"PrePostFVTDuring"	0.272478669800201	0.608336514533057	0.55301221306172	0.555225106367355	1	0.802175293994069	1	NA	"abundance"	20	19
"NODE_570_length_6989_cov_7.928613"	"PrePostFVT"	"Post"	"PrePostFVTPost"	0.52911256667102	0.710938090833022	0.42237005443173	0.676306773707738	1	0.80248879401368	1	NA	"abundance"	20	19
"NODE_572_length_7544_cov_8.633729"	"PrePostFVT"	"During"	"PrePostFVTDuring"	0.557298848638325	0.608336514533057	0.907118613199958	0.956380900883567	1	0.998097374192271	1	NA	"abundance"	20	13
"NODE_584_length_6871_cov_8.615170"	"PrePostFVT"	"During"	"PrePostFVTDuring"	0.328060657303588	0.608336514533057	0.304627738449947	0.383189335048979	1	0.383189335048979	0.984832403163263	NA	"abundance"	20	20
"NODE_584_length_6871_cov_8.615170"	"PrePostFVT"	"Post"	"PrePostFVTPost"	0.802192603238959	0.710938090833022	0.227056110335369	0.704718774788468	1	0.704718774788468	1	NA	"abundance"	20	20
"NODE_586_length_4007_cov_10.183451"	"PrePostFVT"	"During"	"PrePostFVTDuring"	0.682558071589514	0.608336514533057	0.618557285569772	0.906730656979917	1	0.991300829652602	1	NA	"abundance"	20	17
"NODE_598_length_6854_cov_9.988381"	"PrePostFVT"	"During"	"PrePostFVTDuring"	0.703366956768716	0.608336514533057	0.475654335677894	0.847259791318559	1	0.85339281475054	1	NA	"abundance"	20	11
"NODE_598_length_6854_cov_9.988381"	"PrePostFVT"	"Post"	"PrePostFVTPost"	0.685213833690192	0.710938090833022	0.425438171347309	0.953720548216754	1	0.976838121615563	1	NA	"abundance"	20	11
"NODE_607_length_8293_cov_5.946832"	"PrePostFVT"	"During"	"PrePostFVTDuring"	0.892787083583351	0.608336514533057	0.40326565734485	0.642982238553967	1	0.8624284375904	1	NA	"abundance"	20	6
"NODE_607_length_8293_cov_5.946832"	"PrePostFVT"	"Post"	"PrePostFVTPost"	2.08086360128835	0.710938090833022	0.532598054618168	0.300857449236769	1	0.19305950221671	0.758034601176654	NA	"abundance"	20	6
"NODE_619_length_11199_cov_10.410266"	"PrePostFVT"	"During"	"PrePostFVTDuring"	0.729775426340836	0.608336514533057	1.08304755207827	0.91613017126707	1	0.351428386024929	0.935794742937876	NA	"abundance"	20	7
"NODE_619_length_11199_cov_10.410266"	"PrePostFVT"	"Post"	"PrePostFVTPost"	-0.338305007629519	0.710938090833022	1.08304755207827	0.387824066538821	1	0.0817022424715662	0.562554475938266	NA	"abundance"	20	7
"NODE_620_length_4093_cov_9.471521"	"PrePostFVT"	"During"	"PrePostFVTDuring"	1.061861191287	0.608336514533057	0.575786284603314	0.44894513368148	1	0.696338534306678	1	NA	"abundance"	20	18
"NODE_621_length_7036_cov_14.523277"	"PrePostFVT"	"During"	"PrePostFVTDuring"	0.593237065556866	0.608336514533057	0.259741379103363	0.956409733722881	1	0.85339043056281	1	NA	"abundance"	20	11
"NODE_622_length_8361_cov_13.566458"	"PrePostFVT"	"During"	"PrePostFVTDuring"	0.322915007020224	0.608336514533057	0.557028460818919	0.622126048749328	1	0.853390441495591	1	NA	"abundance"	20	14
"NODE_622_length_8361_cov_13.566458"	"PrePostFVT"	"Post"	"PrePostFVTPost"	0.992802655183681	0.710938090833022	0.482400797700128	0.575714244419568	1	0.806931016890402	1	NA	"abundance"	20	14
"NODE_63_length_110474_cov_16.315109|provirus_110_26744"	"PrePostFVT"	"During"	"PrePostFVTDuring"	0.593753882744662	0.608336514533057	0.323446581434293	0.96571294124322	1	0.85339281475054	1	NA	"abundance"	20	13
"NODE_63_length_110474_cov_16.315109|provirus_110_26744"	"PrePostFVT"	"Post"	"PrePostFVTPost"	0.62194220061279	0.710938090833022	0.289299417270801	0.771156540971691	1	0.947630671259958	1	NA	"abundance"	20	13
"NODE_638_length_12684_cov_14.580806"	"PrePostFVT"	"Post"	"PrePostFVTPost"	1.46752249376684	0.710938090833022	0.991404549679072	0.470589812599157	1	0.172013607843833	0.758034601176654	NA	"abundance"	20	11
"NODE_639_length_3393_cov_7.631216"	"PrePostFVT"	"During"	"PrePostFVTDuring"	1.11625818081235	0.608336514533057	0.519897628554595	0.354378609416677	1	0.583173020021257	1	NA	"abundance"	20	17
"NODE_639_length_3393_cov_7.631216"	"PrePostFVT"	"Post"	"PrePostFVTPost"	0.633308054425126	0.710938090833022	0.428596854261442	0.861031948131137	1	0.430132730359663	1	NA	"abundance"	20	17
"NODE_640_length_5855_cov_4.590690"	"PrePostFVT"	"During"	"PrePostFVTDuring"	-1.04207306986836	0.608336514533057	2.05113885965995	0.479791101583612	1	0.584467366078762	1	NA	"abundance"	20	5
"NODE_651_length_11453_cov_10.654589"	"PrePostFVT"	"During"	"PrePostFVTDuring"	0.517330349730919	0.608336514533057	0.387064131670504	0.821636175375929	1	0.85339281475054	1	NA	"abundance"	20	13
"NODE_651_length_11453_cov_10.654589"	"PrePostFVT"	"Post"	"PrePostFVTPost"	0.547135458834256	0.710938090833022	0.34620068402687	0.653937003099861	1	0.880240402176494	1	NA	"abundance"	20	13
"NODE_652_length_3294_cov_3.960173"	"PrePostFVT"	"During"	"PrePostFVTDuring"	0.105609208602326	0.608336514533057	0.67687135385901	0.471199800447158	1	0.720370348952875	1	NA	"abundance"	20	18
"NODE_652_length_3294_cov_3.960173"	"PrePostFVT"	"Post"	"PrePostFVTPost"	0.197606360541476	0.710938090833022	0.516969035801026	0.340789019162681	1	0.5654408827435	1	NA	"abundance"	20	18
"NODE_6522_length_1270_cov_9.375309"	"PrePostFVT"	"Post"	"PrePostFVTPost"	0.391400578051263	0.710938090833022	0.554741481009253	0.577151765587201	1	0.430132730359663	1	NA	"abundance"	20	17
"NODE_658_length_5901_cov_4.121280"	"PrePostFVT"	"During"	"PrePostFVTDuring"	0.0179534533497041	0.608336514533057	1.29369462149274	0.667657289878333	1	0.311027928200755	0.873767032882173	NA	"abundance"	20	8
"NODE_658_length_5901_cov_4.121280"	"PrePostFVT"	"Post"	"PrePostFVTPost"	0.0402598712825554	0.710938090833022	0.988075588191284	0.528483846522856	1	0.11426435554749	0.647890675784739	NA	"abundance"	20	8
"NODE_661_length_4367_cov_5.651438"	"PrePostFVT"	"During"	"PrePostFVTDuring"	0.442399663991025	0.608336514533057	0.410272926314207	0.699320350230146	1	0.85339281475054	1	NA	"abundance"	20	11
"NODE_661_length_4367_cov_5.651438"	"PrePostFVT"	"Post"	"PrePostFVTPost"	0.870646128453161	0.710938090833022	0.366959261026532	0.678565363409603	1	0.896679774399999	1	NA	"abundance"	20	11
"NODE_661_length_9488_cov_99.243613"	"PrePostFVT"	"During"	"PrePostFVTDuring"	-0.0145199456947845	0.608336514533057	0.563651695330417	0.314667562704042	1	0.530319450389981	1	NA	"abundance"	20	12
"NODE_663_length_9363_cov_7.272561"	"PrePostFVT"	"During"	"PrePostFVTDuring"	0.0710992889544275	0.608336514533057	0.598127306753919	0.388607168652671	1	0.626198805777097	1	NA	"abundance"	20	17
"NODE_663_length_9363_cov_7.272561"	"PrePostFVT"	"Post"	"PrePostFVTPost"	0.226484781819381	0.710938090833022	0.488368900924084	0.3446522632381	1	0.430134910038045	1	NA	"abundance"	20	17
"NODE_671_length_9312_cov_18.108783"	"PrePostFVT"	"During"	"PrePostFVTDuring"	0.55915078506178	0.608336514533057	0.575578349836261	0.933814545848524	1	0.853402328054628	1	NA	"abundance"	20	14
"NODE_671_length_9312_cov_18.108783"	"PrePostFVT"	"Post"	"PrePostFVTPost"	1.17392396404269	0.710938090833022	0.486452491293735	0.3667315344652	1	0.540905562985018	1	NA	"abundance"	20	14
"NODE_674_length_8037_cov_6.040967"	"PrePostFVT"	"During"	"PrePostFVTDuring"	0.0476031063943734	0.608336514533057	0.617393171348986	0.380775142403174	1	0.616560575734191	1	NA	"abundance"	20	19
"NODE_674_length_8037_cov_6.040967"	"PrePostFVT"	"Post"	"PrePostFVTPost"	0.397287106863272	0.710938090833022	0.471541823542595	0.520405991442106	1	0.76998958695537	1	NA	"abundance"	20	19
"NODE_676_length_9711_cov_334.290079"	"PrePostFVT"	"During"	"PrePostFVTDuring"	0.349442981021052	0.608336514533057	0.607729146353364	0.68574724946609	1	0.853388120876225	1	NA	"abundance"	20	10
"NODE_678_length_9486_cov_7.880076"	"PrePostFVT"	"During"	"PrePostFVTDuring"	0.56611036162041	0.608336514533057	0.353851624232666	0.909169780876817	1	0.85339281475054	1	NA	"abundance"	20	13
"NODE_678_length_9486_cov_7.880076"	"PrePostFVT"	"Post"	"PrePostFVTPost"	0.48288191993936	0.710938090833022	0.316494514293181	0.500335216786057	1	0.750335104415763	1	NA	"abundance"	20	13
"NODE_680_length_2611_cov_5.318466"	"PrePostFVT"	"During"	"PrePostFVTDuring"	0.685595018591246	0.608336514533057	0.542314151808228	0.890016144553986	1	0.853402328054628	1	NA	"abundance"	20	15
"NODE_680_length_2611_cov_5.318466"	"PrePostFVT"	"Post"	"PrePostFVTPost"	0.922555857273078	0.710938090833022	0.458339112800211	0.656475731836224	1	0.540905562985018	1	NA	"abundance"	20	15
"NODE_687_length_2813_cov_6.951777"	"PrePostFVT"	"During"	"PrePostFVTDuring"	0.569568234900877	0.608336514533057	0.395736106290051	0.923897898754846	1	0.923897898754846	1	NA	"abundance"	20	20
"NODE_687_length_2813_cov_6.951777"	"PrePostFVT"	"Post"	"PrePostFVTPost"	0.694759596159818	0.710938090833022	0.294964278271879	0.957763249777719	1	0.957763249777719	1	NA	"abundance"	20	20
"NODE_691_length_9321_cov_5.969566"	"PrePostFVT"	"Post"	"PrePostFVTPost"	0.181770891864486	0.710938090833022	0.530541815925725	0.341059114810014	1	0.430132730359663	1	NA	"abundance"	20	17
"NODE_695_length_10897_cov_11.548054"	"PrePostFVT"	"During"	"PrePostFVTDuring"	0.630247503019781	0.608336514533057	0.234947408717843	0.929866097937692	1	0.853390441495591	1	NA	"abundance"	20	14
"NODE_695_length_10897_cov_11.548054"	"PrePostFVT"	"Post"	"PrePostFVTPost"	0.66959279421579	0.710938090833022	0.203470424502977	0.851051845882521	1	0.806931016890402	1	NA	"abundance"	20	14
"NODE_696_length_11292_cov_19.369494"	"PrePostFVT"	"During"	"PrePostFVTDuring"	0.634757397086991	0.608336514533057	0.340556435820153	0.940414798766836	1	0.996449603794003	1	NA	"abundance"	20	18
"NODE_696_length_11292_cov_19.369494"	"PrePostFVT"	"Post"	"PrePostFVTPost"	0.997391663762908	0.710938090833022	0.272093441277075	0.326678007760176	1	0.546637494766194	1	NA	"abundance"	20	18
"NODE_698_length_2676_cov_4.006868"	"PrePostFVT"	"During"	"PrePostFVTDuring"	1.60018717678437	0.608336514533057	0.898101028967095	0.30200588182649	1	0.512804210995184	1	NA	"abundance"	20	12
"NODE_698_length_2676_cov_4.006868"	"PrePostFVT"	"Post"	"PrePostFVTPost"	0.764282774771448	0.710938090833022	0.536718021947065	0.923639105086265	1	0.994169013727974	1	NA	"abundance"	20	12
"NODE_706_length_9031_cov_24.872995"	"PrePostFVT"	"During"	"PrePostFVTDuring"	0.808579786726226	0.608336514533057	0.291377010772756	0.517688002639274	1	0.767375137201907	1	NA	"abundance"	20	16
"NODE_707_length_10061_cov_16.960224"	"PrePostFVT"	"Post"	"PrePostFVTPost"	0.526710219865265	0.710938090833022	0.326720768257642	0.593761657069307	1	0.834970408732925	1	NA	"abundance"	20	13
"NODE_707_length_7557_cov_22.433484"	"PrePostFVT"	"Post"	"PrePostFVTPost"	0.216131463159348	0.710938090833022	0.532854685218481	0.372884521075926	1	0.606726176093829	1	NA	"abundance"	20	18
"NODE_708_length_8728_cov_26.528422"	"PrePostFVT"	"Post"	"PrePostFVTPost"	0.356617498886239	0.710938090833022	0.46150243796197	0.461195985098254	1	0.430132730359663	1	NA	"abundance"	20	17
"NODE_714_length_8767_cov_70.253558"	"PrePostFVT"	"During"	"PrePostFVTDuring"	0.437641530257196	0.608336514533057	0.613552759628098	0.785774172383213	1	0.785774172383213	1	NA	"abundance"	20	20
"NODE_714_length_8767_cov_70.253558"	"PrePostFVT"	"Post"	"PrePostFVTPost"	0.997029568716803	0.710938090833022	0.457315226103672	0.545517949647272	1	0.545517949647272	1	NA	"abundance"	20	20
"NODE_72_length_64029_cov_53.309454|provirus_26592_63618"	"PrePostFVT"	"During"	"PrePostFVTDuring"	0.628754300426563	0.608336514533057	0.532574235404463	0.970163095584974	1	0.970163095584974	1	NA	"abundance"	20	20
"NODE_72_length_64029_cov_53.309454|provirus_26592_63618"	"PrePostFVT"	"Post"	"PrePostFVTPost"	0.667438355726367	0.710938090833022	0.396957397809785	0.91536915013276	1	0.91536915013276	1	NA	"abundance"	20	20
"NODE_728_length_8488_cov_23.410056"	"PrePostFVT"	"During"	"PrePostFVTDuring"	0.609443300630261	0.608336514533057	0.313164416422906	0.997309581073475	1	0.85339281475054	1	NA	"abundance"	20	11
"NODE_728_length_8488_cov_23.410056"	"PrePostFVT"	"Post"	"PrePostFVTPost"	1.01213269498281	0.710938090833022	0.280102769302267	0.325332646636751	1	0.325332646636751	0.899475403436391	NA	"abundance"	20	11
"NODE_729_length_5098_cov_19.285743"	"PrePostFVT"	"During"	"PrePostFVTDuring"	0.784032147254954	0.608336514533057	0.671728527194828	0.797751985503454	1	0.797751985503454	1	NA	"abundance"	20	20
"NODE_737_length_7618_cov_6.145577"	"PrePostFVT"	"During"	"PrePostFVTDuring"	0.495843481725773	0.608336514533057	0.417655671590307	0.796178097575857	1	0.85339281475054	1	NA	"abundance"	20	12
"NODE_737_length_7618_cov_6.145577"	"PrePostFVT"	"Post"	"PrePostFVTPost"	0.341207482233664	0.710938090833022	0.373562589145702	0.358237505205873	1	0.588140900275618	1	NA	"abundance"	20	12
"NODE_742_length_2991_cov_3.668256"	"PrePostFVT"	"During"	"PrePostFVTDuring"	1.26685067988517	0.608336514533057	0.635114816983525	0.328428714893728	1	0.54899200902071	1	NA	"abundance"	20	13
"NODE_752_length_3170_cov_7.854896"	"PrePostFVT"	"During"	"PrePostFVTDuring"	1.03363228696439	0.608336514533057	0.5599288693406	0.464747888841035	1	0.713505177499871	1	NA	"abundance"	20	18
"NODE_755_length_4875_cov_7.749585"	"PrePostFVT"	"Post"	"PrePostFVTPost"	0.244196758726552	0.710938090833022	0.556777675363701	0.420770834488984	1	0.430132730359663	1	NA	"abundance"	20	17
"NODE_760_length_4785_cov_34.652643"	"PrePostFVT"	"During"	"PrePostFVTDuring"	0.529559430070193	0.608336514533057	0.412141485977292	0.852748333206324	1	0.852748333206324	1	NA	"abundance"	20	20
"NODE_765_length_5395_cov_6.556929"	"PrePostFVT"	"During"	"PrePostFVTDuring"	-0.176059148315813	0.608336514533057	0.754581200371557	0.329857642044108	1	0.550909220073317	1	NA	"abundance"	20	12
"NODE_765_length_5395_cov_6.556929"	"PrePostFVT"	"Post"	"PrePostFVTPost"	0.254234912055835	0.710938090833022	0.674917943429676	0.518858360624079	1	0.768502722858651	1	NA	"abundance"	20	12
"NODE_765_length_5828_cov_11.426295"	"PrePostFVT"	"During"	"PrePostFVTDuring"	0.267454183336952	0.608336514533057	0.472757278741444	0.487493453324193	1	0.737337039614439	1	NA	"abundance"	20	16
"NODE_766_length_4069_cov_5.818884"	"PrePostFVT"	"During"	"PrePostFVTDuring"	0.32147401637611	0.608336514533057	0.410596642856023	0.503921043073393	1	0.753905668494609	1	NA	"abundance"	20	16
"NODE_766_length_4069_cov_5.818884"	"PrePostFVT"	"Post"	"PrePostFVTPost"	0.625949140475403	0.710938090833022	0.340448751133247	0.810254928796427	1	0.290323703356841	0.871765233337443	NA	"abundance"	20	16
"NODE_766_length_5543_cov_5.652332"	"PrePostFVT"	"Post"	"PrePostFVTPost"	0.450973785426474	0.710938090833022	0.533914386413841	0.637463715917584	1	0.430132730359663	1	NA	"abundance"	20	17
"NODE_769_length_8169_cov_24.866404"	"PrePostFVT"	"During"	"PrePostFVTDuring"	0.629813805398067	0.608336514533057	0.389479356203761	0.957868479855789	1	0.85339281475054	1	NA	"abundance"	20	11
"NODE_769_length_8169_cov_24.866404"	"PrePostFVT"	"Post"	"PrePostFVTPost"	0.623268827133584	0.710938090833022	0.348360926521786	0.810303330551924	1	0.964015173600308	1	NA	"abundance"	20	11
"NODE_779_length_6166_cov_8.238423"	"PrePostFVT"	"During"	"PrePostFVTDuring"	0.71683181929991	0.608336514533057	0.326393001316517	0.753104703350568	1	0.85339043056281	1	NA	"abundance"	20	11
"NODE_779_length_6166_cov_8.238423"	"PrePostFVT"	"Post"	"PrePostFVTPost"	0.613149853789223	0.710938090833022	0.305312696091815	0.762773067228149	1	0.94372338236766	1	NA	"abundance"	20	11
"NODE_779_length_6446_cov_5.342826"	"PrePostFVT"	"During"	"PrePostFVTDuring"	0.740094596018852	0.608336514533057	0.367095346575124	0.733177654489452	1	0.85339043056281	1	NA	"abundance"	20	11
"NODE_779_length_6446_cov_5.342826"	"PrePostFVT"	"Post"	"PrePostFVTPost"	0.568247767009389	0.710938090833022	0.343386253790788	0.694866943431342	1	0.906893817789068	1	NA	"abundance"	20	11
"NODE_790_length_9852_cov_19.892824"	"PrePostFVT"	"During"	"PrePostFVTDuring"	1.03794602176813	0.608336514533057	0.381250703558428	0.301436623241853	1	0.512009208652255	1	NA	"abundance"	20	13
"NODE_796_length_4002_cov_5.617938"	"PrePostFVT"	"During"	"PrePostFVTDuring"	0.665987814413551	0.608336514533057	0.594089691078461	0.924662920704256	1	0.994324324483187	1	NA	"abundance"	20	18
"NODE_796_length_7723_cov_6.146583"	"PrePostFVT"	"During"	"PrePostFVTDuring"	0.00686680234001439	0.608336514533057	1.33282432559541	0.682878383170777	1	0.504981299514456	1	NA	"abundance"	20	6
"NODE_803_length_4498_cov_1136.345262"	"PrePostFVT"	"During"	"PrePostFVTDuring"	0.352003598007846	0.608336514533057	1.22390868723973	0.84674669025049	1	0.820986960445719	1	NA	"abundance"	20	7
"NODE_808_length_5181_cov_14.840616"	"PrePostFVT"	"During"	"PrePostFVTDuring"	0.721805947823873	0.608336514533057	0.27520072672778	0.694628340371231	1	0.906748149495571	1	NA	"abundance"	20	18
"NODE_808_length_5181_cov_14.840616"	"PrePostFVT"	"Post"	"PrePostFVTPost"	0.788769849521962	0.710938090833022	0.220371815455653	0.740490679659825	1	0.789132625831371	1	NA	"abundance"	20	18
"NODE_811_length_5282_cov_6.841783"	"PrePostFVT"	"During"	"PrePostFVTDuring"	0.498782714113159	0.608336514533057	0.250868932385058	0.683109002227622	1	0.85339281475054	1	NA	"abundance"	20	13
"NODE_811_length_5282_cov_6.841783"	"PrePostFVT"	"Post"	"PrePostFVTPost"	0.657059941814837	0.710938090833022	0.224383994502315	0.823289993466177	1	0.968773573590816	1	NA	"abundance"	20	13
"NODE_814_length_4101_cov_6.458725"	"PrePostFVT"	"During"	"PrePostFVTDuring"	-0.0153684894962751	0.608336514533057	0.62045717586759	0.337068602622463	1	0.560521962371066	1	NA	"abundance"	20	17
"NODE_814_length_4101_cov_6.458725"	"PrePostFVT"	"Post"	"PrePostFVTPost"	0.265361363634656	0.710938090833022	0.50660116270796	0.399733510567624	1	0.430134910038045	1	NA	"abundance"	20	17
"NODE_816_length_4609_cov_5.214756"	"PrePostFVT"	"During"	"PrePostFVTDuring"	0.395393666650997	0.608336514533057	0.598369183983678	0.728938108126334	1	0.926525450773869	1	NA	"abundance"	20	17
"NODE_817_length_4606_cov_10.906834"	"PrePostFVT"	"During"	"PrePostFVTDuring"	1.02283187648512	0.608336514533057	0.432904238908728	0.362519515672775	1	0.593618632101926	1	NA	"abundance"	20	18
"NODE_826_length_8466_cov_7.545952"	"PrePostFVT"	"During"	"PrePostFVTDuring"	0.5793773643064	0.608336514533057	0.373984948108898	0.940899290946257	1	0.85339281475054	1	NA	"abundance"	20	12
"NODE_826_length_8466_cov_7.545952"	"PrePostFVT"	"Post"	"PrePostFVTPost"	0.609538511466666	0.710938090833022	0.334502306613291	0.773116474901235	1	0.948523866038758	1	NA	"abundance"	20	12
"NODE_830_length_4810_cov_5.175605"	"PrePostFVT"	"During"	"PrePostFVTDuring"	0.332861275371955	0.608336514533057	0.532836373952437	0.615623516750107	1	0.852254719124445	1	NA	"abundance"	20	18
"NODE_835_length_5286_cov_13.774995"	"PrePostFVT"	"During"	"PrePostFVTDuring"	0.0601030352594502	0.608336514533057	0.546625561532078	0.335316718724252	1	0.558196135592505	1	NA	"abundance"	20	19
"NODE_835_length_5286_cov_13.774995"	"PrePostFVT"	"Post"	"PrePostFVTPost"	0.600265830924478	0.710938090833022	0.417492168753082	0.796475350453365	1	0.80248879401368	1	NA	"abundance"	20	19
"NODE_839_length_4261_cov_7.643367"	"PrePostFVT"	"During"	"PrePostFVTDuring"	-0.120926948104083	0.608336514533057	0.730651472784826	0.337896992784421	1	0.561619607836087	1	NA	"abundance"	20	17
"NODE_839_length_5381_cov_27.898235"	"PrePostFVT"	"During"	"PrePostFVTDuring"	0.412967377512989	0.608336514533057	0.440371852764604	0.666339570288553	1	0.888670717644773	1	NA	"abundance"	20	19
"NODE_839_length_5381_cov_27.898235"	"PrePostFVT"	"Post"	"PrePostFVTPost"	0.823301070644849	0.710938090833022	0.336339558203625	0.74746853635379	1	0.80248879401368	1	NA	"abundance"	20	19
"NODE_844_length_5836_cov_27.449922"	"PrePostFVT"	"During"	"PrePostFVTDuring"	1.5954552118941	0.608336514533057	0.956330159759583	0.330441138749679	1	0.551690931321174	1	NA	"abundance"	20	15
"NODE_844_length_5836_cov_27.449922"	"PrePostFVT"	"Post"	"PrePostFVTPost"	0.677372493458306	0.710938090833022	0.676846909381574	0.961717059621209	1	0.731867204185278	1	NA	"abundance"	20	15
"NODE_852_length_3922_cov_6.695112"	"PrePostFVT"	"During"	"PrePostFVTDuring"	0.163371095511444	0.608336514533057	0.527850301188546	0.415931843043598	1	0.658864388029552	1	NA	"abundance"	20	19
"NODE_861_length_5911_cov_16.363559"	"PrePostFVT"	"During"	"PrePostFVTDuring"	0.734403424899213	0.608336514533057	0.325112144265078	0.712772222562696	1	0.85339281475054	1	NA	"abundance"	20	12
"NODE_861_length_5911_cov_16.363559"	"PrePostFVT"	"Post"	"PrePostFVTPost"	0.748931968198894	0.710938090833022	0.290789141954973	0.901372832890065	1	0.976838121615563	1	NA	"abundance"	20	12
"NODE_864_length_5862_cov_26.281901"	"PrePostFVT"	"During"	"PrePostFVTDuring"	0.131109826250115	0.608336514533057	0.580533695301422	0.428149636308142	1	0.672987161545489	1	NA	"abundance"	20	17
"NODE_864_length_5862_cov_26.281901"	"PrePostFVT"	"Post"	"PrePostFVTPost"	0.288918061162263	0.710938090833022	0.456761468849896	0.377251868432898	1	0.58910574716738	1	NA	"abundance"	20	17
"NODE_865_length_2666_cov_5.653007"	"PrePostFVT"	"During"	"PrePostFVTDuring"	0.0934761784148611	0.608336514533057	0.503754176070316	0.32767587406525	1	0.547980269686074	1	NA	"abundance"	20	18
"NODE_865_length_6424_cov_16.567436"	"PrePostFVT"	"During"	"PrePostFVTDuring"	0.769302551121447	0.608336514533057	0.499057767926257	0.755259464406496	1	0.853390441495591	1	NA	"abundance"	20	14
"NODE_865_length_6424_cov_16.567436"	"PrePostFVT"	"Post"	"PrePostFVTPost"	0.908699586493219	0.710938090833022	0.432196704980098	0.660229194210797	1	0.806931016890402	1	NA	"abundance"	20	14
"NODE_868_length_3871_cov_11.976677"	"PrePostFVT"	"During"	"PrePostFVTDuring"	1.07766727412787	0.608336514533057	0.500879235621205	0.371527879904571	1	0.605022794262757	1	NA	"abundance"	20	18
"NODE_877_length_4119_cov_7.801919"	"PrePostFVT"	"Post"	"PrePostFVTPost"	0.711179102267627	0.710938090833022	0.304696684251403	0.999402774754668	1	0.976838099527509	1	NA	"abundance"	20	10
"NODE_879_length_5803_cov_5.746173"	"PrePostFVT"	"During"	"PrePostFVTDuring"	0.802270252278677	0.608336514533057	0.333081816151255	0.581568034072812	1	0.824914689890309	1	NA	"abundance"	20	13
"NODE_879_length_5803_cov_5.746173"	"PrePostFVT"	"Post"	"PrePostFVTPost"	0.988215495066714	0.710938090833022	0.297917433193317	0.389129938132597	1	0.626837767514115	1	NA	"abundance"	20	13
"NODE_880_length_9528_cov_672.428798"	"PrePostFVT"	"Post"	"PrePostFVTPost"	-0.0788732468037708	0.710938090833022	0.802283373648494	0.398663941122955	1	0.19305950221671	0.758034601176654	NA	"abundance"	20	7
"NODE_883_length_5475_cov_5.002030"	"PrePostFVT"	"During"	"PrePostFVTDuring"	0.682467321645203	0.608336514533057	0.300963408462421	0.815264543564494	1	0.85339281475054	1	NA	"abundance"	20	13
"NODE_883_length_5475_cov_5.002030"	"PrePostFVT"	"Post"	"PrePostFVTPost"	0.624362683762389	0.710938090833022	0.269189856024803	0.76223390973803	1	0.943467286321537	1	NA	"abundance"	20	13
"NODE_883_length_7119_cov_7.220838"	"PrePostFVT"	"During"	"PrePostFVTDuring"	0.446859340591445	0.608336514533057	0.454386537060113	0.73233197977964	1	0.853390441495591	1	NA	"abundance"	20	14
"NODE_883_length_7119_cov_7.220838"	"PrePostFVT"	"Post"	"PrePostFVTPost"	0.64561367766743	0.710938090833022	0.393510284231697	0.873261114661722	1	0.806931016890402	1	NA	"abundance"	20	14
"NODE_888_length_3605_cov_9.453803"	"PrePostFVT"	"During"	"PrePostFVTDuring"	0.272684895992706	0.608336514533057	0.415163379010134	0.44692457856486	1	0.694107578204343	1	NA	"abundance"	20	14
"NODE_888_length_4795_cov_5.692405"	"PrePostFVT"	"During"	"PrePostFVTDuring"	0.0422512625013134	0.608336514533057	0.526649564002317	0.306366710267206	1	0.518872859374462	1	NA	"abundance"	20	16
"NODE_895_length_4951_cov_13.092729"	"PrePostFVT"	"During"	"PrePostFVTDuring"	0.393399503426604	0.608336514533057	0.936236502745445	0.823704569058743	1	0.968919921029236	1	NA	"abundance"	20	12
"NODE_895_length_4951_cov_13.092729"	"PrePostFVT"	"Post"	"PrePostFVTPost"	-0.1719038657116	0.710938090833022	0.936236502745445	0.371119193997357	1	0.149525618554215	0.733219832963666	NA	"abundance"	20	12
"NODE_898_length_3266_cov_36.398941"	"PrePostFVT"	"During"	"PrePostFVTDuring"	0.384841212023327	0.608336514533057	0.887305948054252	0.807809781822736	1	0.963062920036976	1	NA	"abundance"	20	14
"NODE_898_length_3266_cov_36.398941"	"PrePostFVT"	"Post"	"PrePostFVTPost"	0.28427324102405	0.710938090833022	0.750463753342763	0.586188967267782	1	0.472606408063149	1	NA	"abundance"	20	14
"NODE_898_length_6495_cov_6.899224"	"PrePostFVT"	"Post"	"PrePostFVTPost"	-0.211101462658387	0.710938090833022	1.18812697514534	0.473207897260887	1	0.722490080491703	1	NA	"abundance"	20	7
"NODE_90_length_62992_cov_10.132212|provirus_26642_40949"	"PrePostFVT"	"During"	"PrePostFVTDuring"	0.673658326611059	0.608336514533057	0.290450881966486	0.830848030339266	1	0.85339281475054	1	NA	"abundance"	20	13
"NODE_90_length_62992_cov_10.132212|provirus_26642_40949"	"PrePostFVT"	"Post"	"PrePostFVTPost"	0.624629679808687	0.710938090833022	0.259787166480732	0.755383529055734	1	0.940162782142773	1	NA	"abundance"	20	13
"NODE_902_length_5520_cov_8.255810"	"PrePostFVT"	"During"	"PrePostFVTDuring"	0.305933320276472	0.608336514533057	0.502117612294316	0.55783335937913	1	0.804488661922055	1	NA	"abundance"	20	19
"NODE_908_length_6433_cov_7.265130"	"PrePostFVT"	"During"	"PrePostFVTDuring"	0.0272614604983464	0.608336514533057	1.06432181616031	0.611728911304933	1	0.311027928200755	0.873767032882173	NA	"abundance"	20	8
"NODE_913_length_5947_cov_9.871181"	"PrePostFVT"	"During"	"PrePostFVTDuring"	0.765714434032081	0.608336514533057	0.212625278563751	0.497280507050332	1	0.747273111408429	1	NA	"abundance"	20	13
"NODE_914_length_3710_cov_6.004104"	"PrePostFVT"	"During"	"PrePostFVTDuring"	-0.210053863873489	0.608336514533057	0.790343445740755	0.34939749243129	1	0.576716377145307	1	NA	"abundance"	20	9
"NODE_915_length_3149_cov_9.552683"	"PrePostFVT"	"During"	"PrePostFVTDuring"	1.28324637473437	0.608336514533057	0.635916237717626	0.307987276720453	1	0.521118390819225	1	NA	"abundance"	20	19
"NODE_928_length_4652_cov_7.668915"	"PrePostFVT"	"During"	"PrePostFVTDuring"	0.440742616607613	0.608336514533057	0.444998632640268	0.716229312938906	1	0.853402328054628	1	NA	"abundance"	20	15
"NODE_928_length_4652_cov_7.668915"	"PrePostFVT"	"Post"	"PrePostFVTPost"	0.982631387606052	0.710938090833022	0.376092487724295	0.491361676292955	1	0.540905562985018	1	NA	"abundance"	20	15
"NODE_930_length_4573_cov_5.266932"	"PrePostFVT"	"During"	"PrePostFVTDuring"	0.955393063291263	0.608336514533057	0.322197855240033	0.319993377715497	1	0.537590993649221	1	NA	"abundance"	20	14
"NODE_930_length_4573_cov_5.266932"	"PrePostFVT"	"Post"	"PrePostFVTPost"	1.03394705012753	0.710938090833022	0.296551171741545	0.316773967175296	1	0.288967738901041	0.871765233337443	NA	"abundance"	20	14
"NODE_937_length_3593_cov_15.492086"	"PrePostFVT"	"Post"	"PrePostFVTPost"	0.485690072835059	0.710938090833022	0.191025525406009	0.311305402112623	1	0.0534346904155858	0.47724151592352	NA	"abundance"	20	11
"NODE_938_length_3589_cov_7.188738"	"PrePostFVT"	"During"	"PrePostFVTDuring"	0.588733891255155	0.608336514533057	0.897870701344531	0.983068853714221	1	0.99971333628545	1	NA	"abundance"	20	13
"NODE_938_length_3589_cov_7.188738"	"PrePostFVT"	"Post"	"PrePostFVTPost"	0.022539144017508	0.710938090833022	0.897870701344531	0.464109987331815	1	0.149525618554215	0.733219832963666	NA	"abundance"	20	13
"NODE_938_length_3852_cov_8.090071"	"PrePostFVT"	"During"	"PrePostFVTDuring"	0.242696818570068	0.608336514533057	0.585977121412604	0.544116587025724	1	0.792170313774926	1	NA	"abundance"	20	19
"NODE_938_length_3852_cov_8.090071"	"PrePostFVT"	"Post"	"PrePostFVTPost"	0.309071782423599	0.710938090833022	0.447547419064265	0.389330558124142	1	0.627082832759028	1	NA	"abundance"	20	19
"NODE_947_length_5858_cov_6.238325"	"PrePostFVT"	"During"	"PrePostFVTDuring"	0.463402929832967	0.608336514533057	0.389259710192294	0.7212944546529	1	0.853388057507462	1	NA	"abundance"	20	14
"NODE_947_length_5858_cov_6.238325"	"PrePostFVT"	"Post"	"PrePostFVTPost"	0.607124415072752	0.710938090833022	0.337108797696295	0.768580984986725	1	0.806930881172244	1	NA	"abundance"	20	14
"NODE_954_length_4585_cov_15.544371"	"PrePostFVT"	"During"	"PrePostFVTDuring"	0.117274724373683	0.608336514533057	0.52120396799395	0.366073452048438	1	0.598137131802216	1	NA	"abundance"	20	17
"NODE_957_length_6801_cov_3.555885"	"PrePostFVT"	"Post"	"PrePostFVTPost"	0.237146576485492	0.710938090833022	0.553535598166214	0.411185468350596	1	0.430132730359663	1	NA	"abundance"	20	17
"NODE_960_length_6782_cov_11.387840"	"PrePostFVT"	"During"	"PrePostFVTDuring"	0.593101378915551	0.608336514533057	0.570563372163424	0.979162934579451	1	0.99956581670466	1	NA	"abundance"	20	17
"NODE_960_length_6782_cov_11.387840"	"PrePostFVT"	"Post"	"PrePostFVTPost"	0.823511608700289	0.710938090833022	0.448916860555359	0.807453099805592	1	0.58910574716738	1	NA	"abundance"	20	17
"NODE_962_length_8216_cov_5.455581"	"PrePostFVT"	"During"	"PrePostFVTDuring"	0.800375760476438	0.608336514533057	0.339101063484112	0.591532635425428	1	0.833154412077504	1	NA	"abundance"	20	14
"NODE_962_length_8216_cov_5.455581"	"PrePostFVT"	"Post"	"PrePostFVTPost"	0.541222261295365	0.710938090833022	0.312288177185239	0.608953446030815	1	0.288967738901041	0.871765233337443	NA	"abundance"	20	14
"NODE_971_length_2671_cov_4.974006"	"PrePostFVT"	"During"	"PrePostFVTDuring"	0.379669262530546	0.608336514533057	0.577857355685693	0.699494550366108	1	0.909696474740332	1	NA	"abundance"	20	19
"NODE_977_length_3003_cov_5.709634"	"PrePostFVT"	"During"	"PrePostFVTDuring"	0.118202942799173	0.608336514533057	0.659620013318618	0.471902038601551	1	0.471902038601551	1	NA	"abundance"	20	20
"NODE_984_length_4725_cov_6.130835"	"PrePostFVT"	"During"	"PrePostFVTDuring"	0.421559302471683	0.608336514533057	0.280947904733634	0.534518253013655	1	0.78332674322254	1	NA	"abundance"	20	13
"NODE_984_length_4725_cov_6.130835"	"PrePostFVT"	"Post"	"PrePostFVTPost"	0.644414957303784	0.710938090833022	0.251287445248216	0.803734957062044	1	0.961480032920562	1	NA	"abundance"	20	13
"NODE_985_length_3872_cov_6.920094"	"PrePostFVT"	"During"	"PrePostFVTDuring"	0.897282010043168	0.608336514533057	0.493238659688761	0.572063832496754	1	0.816870636542634	1	NA	"abundance"	20	18
"NODE_990_length_3671_cov_7.958794"	"PrePostFVT"	"During"	"PrePostFVTDuring"	0.406761262685528	0.608336514533057	0.305283047260978	0.535741165435081	1	0.784463734528423	1	NA	"abundance"	20	13
"NODE_990_length_3671_cov_7.958794"	"PrePostFVT"	"Post"	"PrePostFVTPost"	0.625793076425486	0.710938090833022	0.273053458421531	0.769263837147392	1	0.946760823152055	1	NA	"abundance"	20	13
"NODE_995_length_7936_cov_20.092755"	"PrePostFVT"	"During"	"PrePostFVTDuring"	0.588201434760127	0.608336514533057	0.314272567402351	0.951387791451617	1	0.85339281475054	1	NA	"abundance"	20	12
"NODE_995_length_7936_cov_20.092755"	"PrePostFVT"	"Post"	"PrePostFVTPost"	0.727519052323962	0.710938090833022	0.281093929670017	0.955538459110311	1	0.976838121615563	1	NA	"abundance"	20	12
"NODE_998_length_3199_cov_3.878181"	"PrePostFVT"	"Post"	"PrePostFVTPost"	0.279240129949068	0.710938090833022	0.565204437743314	0.462321507450831	1	0.430132730359663	1	NA	"abundance"	20	17
"NODE_1000_length_3623_cov_9.385090"	"PrePostFVT"	"During"	"PrePostFVTDuring"	4.79045828458724	0	6.4385549712328	0.4568601835518	1	0.00227823863323852	0.313257812070296	NA	"prevalence"	20	17
"NODE_1002_length_3369_cov_4.085395"	"PrePostFVT"	"During"	"PrePostFVTDuring"	13.4257042827195	0	486.107535399774	0.977966191280939	1	0.977966191280939	1	NA	"prevalence"	20	8
"NODE_1002_length_3369_cov_4.085395"	"PrePostFVT"	"Post"	"PrePostFVTPost"	14.3419055630488	0	486.106251224777	0.976462913076056	1	0.976462913076056	1	NA	"prevalence"	20	8
"NODE_1004_length_2342_cov_3.848273"	"PrePostFVT"	"During"	"PrePostFVTDuring"	6.08904487544685	0	12.1792965207806	0.617109961822825	1	0.848745185626519	1	NA	"prevalence"	20	9
"NODE_1004_length_2342_cov_3.848273"	"PrePostFVT"	"Post"	"PrePostFVTPost"	-0.625705899764415	0	1.07519748736849	0.560603666806833	1	0.8069308623764	1	NA	"prevalence"	20	9
"NODE_1006_length_5270_cov_5.930201"	"PrePostFVT"	"During"	"PrePostFVTDuring"	0	0	3.39467111373657	1	1	0.0174803704599002	0.415860294418156	NA	"prevalence"	20	17
"NODE_1009_length_3189_cov_4.301213"	"PrePostFVT"	"During"	"PrePostFVTDuring"	12.6864676540382	0	334.439394133342	0.969740677146839	1	0.969740677146839	1	NA	"prevalence"	20	6
"NODE_1009_length_3189_cov_4.301213"	"PrePostFVT"	"Post"	"PrePostFVTPost"	13.1561869307571	0	334.437679559521	0.968620725698087	1	0.968620725698087	1	NA	"prevalence"	20	6
"NODE_101_length_12442_cov_9.785824"	"PrePostFVT"	"During"	"PrePostFVTDuring"	13.5128230497316	0	692.35088390461	0.984428432645631	1	0.988135262215355	1	NA	"prevalence"	20	18
"NODE_101_length_12442_cov_9.785824"	"PrePostFVT"	"Post"	"PrePostFVTPost"	14.6110352801264	0	673.37872897208	0.982688783803017	1	0.158870083500446	0.734273495170127	NA	"prevalence"	20	18
"NODE_1012_length_3289_cov_4.128324"	"PrePostFVT"	"During"	"PrePostFVTDuring"	-12.2947324015509	0	380.305017430343	0.974209994038244	1	0.974209994038244	1	NA	"prevalence"	20	2
"NODE_1012_length_3289_cov_4.128324"	"PrePostFVT"	"Post"	"PrePostFVTPost"	-13.0187147261376	0	313.230097257776	0.966847242033371	1	0.966847242033371	1	NA	"prevalence"	20	2
"NODE_1013_length_3589_cov_5.858800"	"PrePostFVT"	"During"	"PrePostFVTDuring"	6.08904484990617	0	12.1792950808392	0.617109921678356	1	0.853395187922845	1	NA	"prevalence"	20	15
"NODE_1013_length_3589_cov_5.858800"	"PrePostFVT"	"Post"	"PrePostFVTPost"	1.11212600750106	0	1.12396500627275	0.322434827679578	1	0.540905437258397	1	NA	"prevalence"	20	15
"NODE_1013_length_5104_cov_6.459893"	"PrePostFVT"	"During"	"PrePostFVTDuring"	-10.6864701215999	0	171.115056480101	0.950202920100395	1	0.950202920100395	1	NA	"prevalence"	20	2
"NODE_1013_length_5104_cov_6.459893"	"PrePostFVT"	"Post"	"PrePostFVTPost"	-13.1372741573707	0	331.143073060348	0.968354224807565	1	0.968354224807565	1	NA	"prevalence"	20	2
"NODE_1015_length_5103_cov_5.265848"	"PrePostFVT"	"During"	"PrePostFVTDuring"	-3.03999649135417e-15	0	1.52844317921037	0.999999999999998	1	0.999999999999998	1	NA	"prevalence"	20	4
"NODE_1017_length_4404_cov_8.700851"	"PrePostFVT"	"During"	"PrePostFVTDuring"	6.08904485432403	0	12.1791878757504	0.617106822665303	1	0.719757128993715	1	NA	"prevalence"	20	13
"NODE_1017_length_4404_cov_8.700851"	"PrePostFVT"	"Post"	"PrePostFVTPost"	0.202711512497004	0	1.05626336079069	0.847809729665667	1	0.836273317292773	1	NA	"prevalence"	20	13
"NODE_1026_length_5707_cov_4.867127"	"PrePostFVT"	"During"	"PrePostFVTDuring"	-0.712579298501216	0	1.47531056672525	0.629093669230961	1	0.629093669230961	1	NA	"prevalence"	20	5
"NODE_1027_length_4636_cov_20.014189"	"PrePostFVT"	"During"	"PrePostFVTDuring"	4.83763305648641	0	8.94597617034507	0.588672478593993	1	0.83080967013399	1	NA	"prevalence"	20	14
"NODE_1027_length_4636_cov_20.014189"	"PrePostFVT"	"Post"	"PrePostFVTPost"	3.39576982243423e-16	0	1.10610057867837	1	1	0.98228874295042	1	NA	"prevalence"	20	14
"NODE_1038_length_3220_cov_3.203791"	"PrePostFVT"	"During"	"PrePostFVTDuring"	-0.712579298501216	0	1.47531056672525	0.629093669230961	1	0.629093669230961	1	NA	"prevalence"	20	5
"NODE_1039_length_3380_cov_25.711278"	"PrePostFVT"	"During"	"PrePostFVTDuring"	6.08904487544686	0	12.1790807028601	0.617103723569412	1	0.853390441495591	1	NA	"prevalence"	20	13
"NODE_1039_length_3380_cov_25.711278"	"PrePostFVT"	"Post"	"PrePostFVTPost"	0.625705899764414	0	1.07519796963482	0.560603842632189	1	0.806931016890402	1	NA	"prevalence"	20	13
"NODE_1043_length_5009_cov_8.757771"	"PrePostFVT"	"During"	"PrePostFVTDuring"	-2.46094954062004e-15	0	1.52844416058305	0.999999999999999	1	0.999999999999999	1	NA	"prevalence"	20	5
"NODE_1045_length_6642_cov_13.697890"	"PrePostFVT"	"During"	"PrePostFVTDuring"	-2.10656232435591e-15	0	3.39467590669096	1	1	0.556907452515605	1	NA	"prevalence"	20	16
"NODE_1048_length_3412_cov_3.720882"	"PrePostFVT"	"Post"	"PrePostFVTPost"	-16.3312007677697	0	552.305852890348	0.976410689272139	1	0.976410689272139	1	NA	"prevalence"	20	6
"NODE_105_length_34419_cov_13.781283|provirus_17286_34418"	"PrePostFVT"	"During"	"PrePostFVTDuring"	-21.7850179845768	0	29600.4855443856	0.999412782337253	1	0.0461751225527065	0.47724151592352	NA	"prevalence"	20	13
"NODE_105_length_34419_cov_13.781283|provirus_17286_34418"	"PrePostFVT"	"Post"	"PrePostFVTPost"	-22.7013088084859	0	29600.4855282618	0.999388083617229	1	0.92110551151626	1	NA	"prevalence"	20	13
"NODE_1050_length_3310_cov_18.847312"	"PrePostFVT"	"During"	"PrePostFVTDuring"	-26.3687013239641	0	502.08469711088	0.958115608511927	1	0.958115608511927	1	NA	"prevalence"	20	8
"NODE_1050_length_3310_cov_18.847312"	"PrePostFVT"	"Post"	"PrePostFVTPost"	-14.4975451652222	0	305.340531656691	0.962130730802619	1	0.201590574079479	0.758034601176654	NA	"prevalence"	20	8
"NODE_1057_length_3172_cov_99.676612"	"PrePostFVT"	"During"	"PrePostFVTDuring"	-1.31816955939621e-14	0	14.8829120065406	0.999999999999999	1	0.999999999999999	1	NA	"prevalence"	20	2
"NODE_1057_length_3172_cov_99.676612"	"PrePostFVT"	"Post"	"PrePostFVTPost"	-1.57663417888566e-14	0	11.0930664421696	0.999999999999999	1	0.999999999999999	1	NA	"prevalence"	20	2
"NODE_1058_length_3319_cov_5.354473"	"PrePostFVT"	"During"	"PrePostFVTDuring"	-21.7850179845768	0	29600.4855443856	0.999412782337253	1	0.499970126285746	1	NA	"prevalence"	20	14
"NODE_1058_length_3319_cov_5.354473"	"PrePostFVT"	"Post"	"PrePostFVTPost"	-22.7013088084859	0	29600.4855282618	0.999388083617229	1	0.657307229913779	1	NA	"prevalence"	20	14
"NODE_106_length_96948_cov_59.874201|provirus_53627_96654"	"PrePostFVT"	"During"	"PrePostFVTDuring"	-4.79045828455543	0	6.43857090403957	0.456861297398619	1	0.456861297398619	1	NA	"prevalence"	20	3
"NODE_1062_length_4753_cov_4.627501"	"PrePostFVT"	"During"	"PrePostFVTDuring"	-16.548046556082	0	1182.41419791339	0.988833862209935	1	0.988833862209935	1	NA	"prevalence"	20	7
"NODE_1066_length_4261_cov_4.494532"	"PrePostFVT"	"During"	"PrePostFVTDuring"	2.31413884680681e-14	0	3.3946754613979	0.999999999999995	1	0.198861315138995	0.758034601176654	NA	"prevalence"	20	10
"NODE_1066_length_4261_cov_4.494532"	"PrePostFVT"	"Post"	"PrePostFVTPost"	-12.1780897508937	0	32.1411758804242	0.704766786543544	1	0.704766786543544	1	NA	"prevalence"	20	10
"NODE_1066_length_5519_cov_11.305454"	"PrePostFVT"	"During"	"PrePostFVTDuring"	6.08904484990617	0	12.1796176691368	0.617119245788755	1	0.853402328054628	1	NA	"prevalence"	20	15
"NODE_1066_length_5519_cov_11.305454"	"PrePostFVT"	"Post"	"PrePostFVTPost"	1.11212600750106	0	1.12396522177637	0.322434920457834	1	0.540905562985018	1	NA	"prevalence"	20	15
"NODE_1067_length_5696_cov_15.288069"	"PrePostFVT"	"During"	"PrePostFVTDuring"	6.08904487544686	0	12.1790807028601	0.617103723569412	1	0.853390441495591	1	NA	"prevalence"	20	12
"NODE_1067_length_5696_cov_15.288069"	"PrePostFVT"	"Post"	"PrePostFVTPost"	0.625705899764414	0	1.07519796963482	0.560603842632189	1	0.767943846750434	1	NA	"prevalence"	20	12
"NODE_1069_length_7411_cov_14.656607"	"PrePostFVT"	"During"	"PrePostFVTDuring"	-29.2541341927095	0	1180.94603870976	0.980237001304319	1	0.980237001304319	1	NA	"prevalence"	20	6
"NODE_1069_length_7411_cov_14.656607"	"PrePostFVT"	"Post"	"PrePostFVTPost"	-30.4181151290351	0	1213.46082666494	0.980001329768096	1	0.980001329768096	1	NA	"prevalence"	20	6
"NODE_1070_length_3145_cov_8.108414"	"PrePostFVT"	"During"	"PrePostFVTDuring"	4.79045828458724	0	6.4385549712328	0.4568601835518	1	0.0339583460721868	0.47724151592352	NA	"prevalence"	20	17
"NODE_1070_length_4765_cov_8.258599"	"PrePostFVT"	"During"	"PrePostFVTDuring"	1.71280681993628e-29	0	14.8824652445662	1	1	0.522791168291146	1	NA	"prevalence"	20	19
"NODE_1070_length_4765_cov_8.258599"	"PrePostFVT"	"Post"	"PrePostFVTPost"	3.10157543387346e-15	0	11.0925602186354	1	1	0.266829277715828	0.870095470812481	NA	"prevalence"	20	19
"NODE_1071_length_6474_cov_15.783611"	"PrePostFVT"	"During"	"PrePostFVTDuring"	-21.7850179845768	0	29600.4855443856	0.999412782337253	1	0.400575290857086	1	NA	"prevalence"	20	13
"NODE_1071_length_6474_cov_15.783611"	"PrePostFVT"	"Post"	"PrePostFVTPost"	-22.7013088084859	0	29600.4855282618	0.999388083617229	1	0.912865092779351	1	NA	"prevalence"	20	13
"NODE_1072_length_4764_cov_12.172648"	"PrePostFVT"	"During"	"PrePostFVTDuring"	21.326624191982	0	52631.4734974337	0.999676691861724	1	0.724347996438537	1	NA	"prevalence"	20	19
"NODE_1072_length_4764_cov_12.172648"	"PrePostFVT"	"Post"	"PrePostFVTPost"	29.4053043905307	0	1726949.63032575	0.999986414173311	1	0.238363743261892	0.82974720755722	NA	"prevalence"	20	19
"NODE_1077_length_6283_cov_9.092807"	"PrePostFVT"	"During"	"PrePostFVTDuring"	-10.0277891144931	0	194.39063729956	0.958858764661156	1	0.958858764661156	1	NA	"prevalence"	20	2
"NODE_1077_length_6283_cov_9.092807"	"PrePostFVT"	"Post"	"PrePostFVTPost"	-0.469844435636902	0	1.52478187400577	0.757976729129458	1	0.757976729129458	1	NA	"prevalence"	20	2
"NODE_108_length_16977_cov_116.663101"	"PrePostFVT"	"During"	"PrePostFVTDuring"	0.625705899751835	0	1.46110102657085	0.668474405953752	1	0.357192185562917	0.94170721118156	NA	"prevalence"	20	5
"NODE_108_length_16977_cov_116.663101"	"PrePostFVT"	"Post"	"PrePostFVTPost"	-6.08904481277308	0	7.06318895882758	0.388642649087765	1	0.388642649087765	0.991128882474445	NA	"prevalence"	20	5
"NODE_108_length_44174_cov_28.077586"	"PrePostFVT"	"During"	"PrePostFVTDuring"	0.71257929848453	0	1.4753102832264	0.629093603336922	1	0.424289730554486	1	NA	"prevalence"	20	9
"NODE_108_length_44174_cov_28.077586"	"PrePostFVT"	"Post"	"PrePostFVTPost"	-0.223845761820384	0	1.05674106966717	0.832242393885761	1	0.0549664172924019	0.47986554779081	NA	"prevalence"	20	9
"NODE_1085_length_2628_cov_21.639583"	"PrePostFVT"	"During"	"PrePostFVTDuring"	4.79045828458724	0	6.4385549712328	0.4568601835518	1	0.150833256499413	0.733219832963666	NA	"prevalence"	20	17
"NODE_1086_length_7321_cov_7.431599"	"PrePostFVT"	"During"	"PrePostFVTDuring"	2.05073912681691e-14	0	3.3946772020926	0.999999999999995	1	0.818086826008936	1	NA	"prevalence"	20	16
"NODE_1089_length_4636_cov_5.018118"	"PrePostFVT"	"During"	"PrePostFVTDuring"	-0.712579298501216	0	1.47531056672525	0.629093669230961	1	0.629093669230961	1	NA	"prevalence"	20	5
"NODE_109_length_17329_cov_21.961503"	"PrePostFVT"	"During"	"PrePostFVTDuring"	4.79045828458724	0	6.4385549712328	0.4568601835518	1	0.00561521627087351	0.39452319173861	NA	"prevalence"	20	17
"NODE_109_length_27773_cov_17.890613|provirus_5305_23161"	"PrePostFVT"	"During"	"PrePostFVTDuring"	13.5128230497316	0	692.35088390461	0.984428432645631	1	0.484432170212674	1	NA	"prevalence"	20	18
"NODE_109_length_27773_cov_17.890613|provirus_5305_23161"	"PrePostFVT"	"Post"	"PrePostFVTPost"	14.6110352801264	0	673.37872897208	0.982688783803017	1	0.0424386506247372	0.47724151592352	NA	"prevalence"	20	18
"NODE_1092_length_3371_cov_6.075694"	"PrePostFVT"	"During"	"PrePostFVTDuring"	6.08904487544686	0	12.1790807028601	0.617103723569412	1	0.853390441495591	1	NA	"prevalence"	20	14
"NODE_1092_length_3371_cov_6.075694"	"PrePostFVT"	"Post"	"PrePostFVTPost"	0.625705899764414	0	1.07519796963482	0.560603842632189	1	0.806931016890402	1	NA	"prevalence"	20	14
"NODE_1096_length_2260_cov_12.300680"	"PrePostFVT"	"During"	"PrePostFVTDuring"	13.5128230497316	0	692.35088390461	0.984428432645631	1	0.450975231029801	1	NA	"prevalence"	20	18
"NODE_1096_length_2260_cov_12.300680"	"PrePostFVT"	"Post"	"PrePostFVTPost"	14.6110352801264	0	673.37872897208	0.982688783803017	1	0.0428218628417569	0.47724151592352	NA	"prevalence"	20	18
"NODE_1098_length_4803_cov_5.912805"	"PrePostFVT"	"During"	"PrePostFVTDuring"	6.08904484990617	0	12.1796176691368	0.617119245788755	1	0.853402328054628	1	NA	"prevalence"	20	14
"NODE_1098_length_4803_cov_5.912805"	"PrePostFVT"	"Post"	"PrePostFVTPost"	1.11212600750106	0	1.12396522177637	0.322434920457834	1	0.540905562985018	1	NA	"prevalence"	20	14
"NODE_11_length_66886_cov_11.614326|provirus_7399_66886"	"PrePostFVT"	"During"	"PrePostFVTDuring"	0	0	3.39467111373657	1	1	0.0223909352397756	0.434647566419174	NA	"prevalence"	20	17
"NODE_1102_length_3264_cov_3.307884"	"PrePostFVT"	"During"	"PrePostFVTDuring"	-4.21330116288112e-15	0	3.98666719892111	0.999999999999999	1	0.277910699305325	0.871765233337443	NA	"prevalence"	20	14
"NODE_1105_length_4231_cov_8.810824"	"PrePostFVT"	"During"	"PrePostFVTDuring"	6.08904485432403	0	12.1791878757504	0.617106822665303	1	0.85339281475054	1	NA	"prevalence"	20	11
"NODE_1105_length_4231_cov_8.810824"	"PrePostFVT"	"Post"	"PrePostFVTPost"	0.202711512497004	0	1.05626336079069	0.847809729665667	1	0.69231587367659	1	NA	"prevalence"	20	11
"NODE_1105_length_5332_cov_3.971575"	"PrePostFVT"	"During"	"PrePostFVTDuring"	-2.69633745985076e-15	0	1.51468370633332	0.999999999999999	1	0.997333800253565	1	NA	"prevalence"	20	5
"NODE_1105_length_5332_cov_3.971575"	"PrePostFVT"	"Post"	"PrePostFVTPost"	-0.642016397700588	0	1.20887535341592	0.595359402112418	1	0.304036090391651	0.873767032882173	NA	"prevalence"	20	5
"NODE_1109_length_4231_cov_23.831418"	"PrePostFVT"	"During"	"PrePostFVTDuring"	21.326624191982	0	52631.4734974337	0.999676691861724	1	0.277678488914182	0.871765233337443	NA	"prevalence"	20	19
"NODE_1109_length_4231_cov_23.831418"	"PrePostFVT"	"Post"	"PrePostFVTPost"	29.4053043905307	0	1726949.63032575	0.999986414173311	1	0.0203731677027302	0.423358870919266	NA	"prevalence"	20	19
"NODE_1115_length_4488_cov_7.035867"	"PrePostFVT"	"During"	"PrePostFVTDuring"	-0.712579298501216	0	1.47531056672525	0.629093669230961	1	0.629093669230961	1	NA	"prevalence"	20	5
"NODE_1117_length_5033_cov_7.042989"	"PrePostFVT"	"During"	"PrePostFVTDuring"	13.4257042827195	0	486.107535399774	0.977966191280939	1	0.977966191280939	1	NA	"prevalence"	20	7
"NODE_1117_length_5033_cov_7.042989"	"PrePostFVT"	"Post"	"PrePostFVTPost"	14.3419055630488	0	486.106251224777	0.976462913076056	1	0.976462913076056	1	NA	"prevalence"	20	7
"NODE_1118_length_2789_cov_2.808339"	"PrePostFVT"	"During"	"PrePostFVTDuring"	-11.8098931546592	0	463.781837681032	0.979684600837567	1	0.979684600837567	1	NA	"prevalence"	20	3
"NODE_1118_length_2789_cov_2.808339"	"PrePostFVT"	"Post"	"PrePostFVTPost"	0.356869223054248	0	1.35751506974009	0.792639857430452	1	0.792639857430452	1	NA	"prevalence"	20	3
"NODE_1118_length_5021_cov_5.478856"	"PrePostFVT"	"During"	"PrePostFVTDuring"	-10.6864701215999	0	171.115056480101	0.950202920100395	1	0.950202920100395	1	NA	"prevalence"	20	2
"NODE_1118_length_5021_cov_5.478856"	"PrePostFVT"	"Post"	"PrePostFVTPost"	-13.1372741573707	0	331.143073060348	0.968354224807565	1	0.968354224807565	1	NA	"prevalence"	20	2
"NODE_1121_length_4468_cov_66.517109"	"PrePostFVT"	"During"	"PrePostFVTDuring"	6.08904485432403	0	12.1791878757504	0.617106822665303	1	0.274217424505186	0.871765233337443	NA	"prevalence"	20	13
"NODE_1125_length_2758_cov_3.078801"	"PrePostFVT"	"During"	"PrePostFVTDuring"	-28.4932402013547	0	984.142859737935	0.976902600582829	1	0.976902600582829	1	NA	"prevalence"	20	11
"NODE_1125_length_2758_cov_3.078801"	"PrePostFVT"	"Post"	"PrePostFVTPost"	-14.409281944615	0	548.929123640537	0.97905809164638	1	0.000136408484094866	0.0711509716304414	NA	"prevalence"	20	11
"NODE_1125_length_5473_cov_26.248431"	"PrePostFVT"	"During"	"PrePostFVTDuring"	21.326624191982	0	52631.4734974337	0.999676691861724	1	0.161255663560131	0.739088457983932	NA	"prevalence"	20	19
"NODE_1125_length_5473_cov_26.248431"	"PrePostFVT"	"Post"	"PrePostFVTPost"	29.4053043905307	0	1726949.63032575	0.999986414173311	1	0.0578671697203285	0.48773742084967	NA	"prevalence"	20	19
"NODE_113_length_10944_cov_8.844155"	"PrePostFVT"	"During"	"PrePostFVTDuring"	13.5128230497316	0	692.35088390461	0.984428432645631	1	0.289009499830793	0.871765233337443	NA	"prevalence"	20	18
"NODE_113_length_10944_cov_8.844155"	"PrePostFVT"	"Post"	"PrePostFVTPost"	14.6110352801264	0	673.37872897208	0.982688783803017	1	0.0269559299542657	0.462884253026292	NA	"prevalence"	20	18
"NODE_1133_length_5136_cov_33.778981"	"PrePostFVT"	"During"	"PrePostFVTDuring"	-13.4453391835849	0	238.886710666652	0.955116099800873	1	0.0833892361731314	0.562554475938266	NA	"prevalence"	20	11
"NODE_1133_length_5136_cov_33.778981"	"PrePostFVT"	"Post"	"PrePostFVTPost"	-14.0049848936033	0	238.8849166545	0.953249608609818	1	0.109497473099773	0.633932738998686	NA	"prevalence"	20	11
"NODE_1136_length_5103_cov_5.667393"	"PrePostFVT"	"During"	"PrePostFVTDuring"	-23.5225728209324	0	70567.2500789528	0.999734036719362	1	0.428562315177168	1	NA	"prevalence"	20	8
"NODE_1136_length_5103_cov_5.667393"	"PrePostFVT"	"Post"	"PrePostFVTPost"	-58.4259939453198	0	8528323.9752422	0.999994533838225	1	0.999994533838225	1	NA	"prevalence"	20	8
"NODE_1136_length_5719_cov_15.513771"	"PrePostFVT"	"During"	"PrePostFVTDuring"	6.08904485432403	0	12.1791878757504	0.617106822665303	1	0.85339281475054	1	NA	"prevalence"	20	13
"NODE_1136_length_5719_cov_15.513771"	"PrePostFVT"	"Post"	"PrePostFVTPost"	0.202711512497004	0	1.05626336079069	0.847809729665667	1	0.964432684830502	1	NA	"prevalence"	20	13
"NODE_114_length_41139_cov_24.287119"	"PrePostFVT"	"During"	"PrePostFVTDuring"	-14.7816590639271	0	482.719740832254	0.975571302290258	1	0.597149297965105	1	NA	"prevalence"	20	11
"NODE_114_length_41139_cov_24.287119"	"PrePostFVT"	"Post"	"PrePostFVTPost"	-14.7816608448419	0	482.718784158663	0.975571250949217	1	0.361469658481734	0.942786401895667	NA	"prevalence"	20	11
"NODE_1140_length_3042_cov_3.425176"	"PrePostFVT"	"During"	"PrePostFVTDuring"	0.916319955242303	0	1.6431550240259	0.577077356289932	1	0.577077356289932	1	NA	"prevalence"	20	2
"NODE_1140_length_3042_cov_3.425176"	"PrePostFVT"	"Post"	"PrePostFVTPost"	-12.6864809524797	0	397.839952121677	0.974561046542602	1	0.974561046542602	1	NA	"prevalence"	20	2
"NODE_115_length_68071_cov_76.287815|provirus_44295_57657"	"PrePostFVT"	"During"	"PrePostFVTDuring"	13.5128230497316	0	692.35088390461	0.984428432645631	1	0.325992932575774	0.899475403436391	NA	"prevalence"	20	18
"NODE_115_length_68071_cov_76.287815|provirus_44295_57657"	"PrePostFVT"	"Post"	"PrePostFVTPost"	14.6110352801264	0	673.37872897208	0.982688783803017	1	0.036192696692288	0.47724151592352	NA	"prevalence"	20	18
"NODE_1150_length_3473_cov_5.646870"	"PrePostFVT"	"During"	"PrePostFVTDuring"	1.71280681993628e-29	0	14.8824652445662	1	1	0.765996683450643	1	NA	"prevalence"	20	19
"NODE_1150_length_3473_cov_5.646870"	"PrePostFVT"	"Post"	"PrePostFVTPost"	3.10157543387346e-15	0	11.0925602186354	1	1	0.292701781375117	0.871765233337443	NA	"prevalence"	20	19
"NODE_1151_length_2920_cov_3.823037"	"PrePostFVT"	"During"	"PrePostFVTDuring"	2.31413884680681e-14	0	3.3946754613979	0.999999999999995	1	0.146510664387662	0.733219832963666	NA	"prevalence"	20	10
"NODE_1151_length_2920_cov_3.823037"	"PrePostFVT"	"Post"	"PrePostFVTPost"	-12.1780897508937	0	32.1411758804242	0.704766786543544	1	0.704766786543544	1	NA	"prevalence"	20	10
"NODE_1158_length_3043_cov_3.853414"	"PrePostFVT"	"During"	"PrePostFVTDuring"	1.71280681993628e-29	0	14.8824652445662	1	1	0.832422547247464	1	NA	"prevalence"	20	19
"NODE_1158_length_3043_cov_3.853414"	"PrePostFVT"	"Post"	"PrePostFVTPost"	3.10157543387346e-15	0	11.0925602186354	1	1	0.440264954634652	1	NA	"prevalence"	20	19
"NODE_116_length_38613_cov_286.577597"	"PrePostFVT"	"During"	"PrePostFVTDuring"	-4.79045828458723	0	6.43855483919578	0.456860174321231	1	0.456860174321231	1	NA	"prevalence"	20	5
"NODE_1162_length_4872_cov_5.882292"	"PrePostFVT"	"During"	"PrePostFVTDuring"	-12.5691024292206	0	295.49131780063	0.966071187961928	1	0.12862255861064	0.70507382627095	NA	"prevalence"	20	9
"NODE_1162_length_4872_cov_5.882292"	"PrePostFVT"	"Post"	"PrePostFVTPost"	-31.2359312024944	0	2556.15667610375	0.990250188014415	1	0.990250188014415	1	NA	"prevalence"	20	9
"NODE_1162_length_5509_cov_7.356986"	"PrePostFVT"	"During"	"PrePostFVTDuring"	-12.8880230362138	0	528.792095839237	0.980555426790464	1	0.980555426790464	1	NA	"prevalence"	20	3
"NODE_1162_length_5509_cov_7.356986"	"PrePostFVT"	"Post"	"PrePostFVTPost"	-1.38607441445222	0	1.36918803419191	0.311378797172556	1	0.311378797172556	0.873767032882173	NA	"prevalence"	20	3
"NODE_1163_length_4650_cov_11.917519"	"PrePostFVT"	"During"	"PrePostFVTDuring"	6.08904485432403	0	12.1791878757504	0.617106822665303	1	0.85339281475054	1	NA	"prevalence"	20	12
"NODE_1163_length_4650_cov_11.917519"	"PrePostFVT"	"Post"	"PrePostFVTPost"	0.202711512497004	0	1.05626336079069	0.847809729665667	1	0.96247334785385	1	NA	"prevalence"	20	12
"NODE_1164_length_4593_cov_10.455046"	"PrePostFVT"	"During"	"PrePostFVTDuring"	-1.37473671267743	0	2.15479539435651	0.523480552479414	1	0.772929216134676	1	NA	"prevalence"	20	8
"NODE_1168_length_2630_cov_10.932427"	"PrePostFVT"	"During"	"PrePostFVTDuring"	6.0890448310242	0	12.1792955735036	0.617109937010349	1	0.180214104407232	0.758034601176654	NA	"prevalence"	20	8
"NODE_1177_length_5283_cov_27.285386"	"PrePostFVT"	"During"	"PrePostFVTDuring"	13.5128230497316	0	692.35088390461	0.984428432645631	1	0.278373016290851	0.871765233337443	NA	"prevalence"	20	18
"NODE_1177_length_5283_cov_27.285386"	"PrePostFVT"	"Post"	"PrePostFVTPost"	14.6110352801264	0	673.37872897208	0.982688783803017	1	0.204651938083779	0.758034601176654	NA	"prevalence"	20	18
"NODE_1179_length_1863_cov_4.367810"	"PrePostFVT"	"During"	"PrePostFVTDuring"	-16.3172393355457	0	4096.30772698289	0.9968217136558	1	0.9968217136558	1	NA	"prevalence"	20	2
"NODE_1179_length_1863_cov_4.367810"	"PrePostFVT"	"Post"	"PrePostFVTPost"	-11.1909202224171	0	200.840994130998	0.955564628446864	1	0.955564628446864	1	NA	"prevalence"	20	2
"NODE_1185_length_3872_cov_14.769190"	"PrePostFVT"	"During"	"PrePostFVTDuring"	0	0	3.39467506468286	1	1	0.888148074560861	1	NA	"prevalence"	20	19
"NODE_1185_length_3872_cov_14.769190"	"PrePostFVT"	"Post"	"PrePostFVTPost"	-1.2819192790658	0	2.17487215283095	0.555577671593427	1	0.0468540781716864	0.47724151592352	NA	"prevalence"	20	19
"NODE_119_length_41869_cov_11.496795|provirus_190_24455"	"PrePostFVT"	"During"	"PrePostFVTDuring"	13.4257042827195	0	486.107535399774	0.977966191280939	1	0.977966191280939	1	NA	"prevalence"	20	7
"NODE_119_length_41869_cov_11.496795|provirus_190_24455"	"PrePostFVT"	"Post"	"PrePostFVTPost"	14.3419055630488	0	486.106251224777	0.976462913076056	1	0.976462913076056	1	NA	"prevalence"	20	7
"NODE_1194_length_3879_cov_4.682531"	"PrePostFVT"	"During"	"PrePostFVTDuring"	6.08904478777881	0	12.1794030060228	0.617113044793956	1	0.853397579533045	1	NA	"prevalence"	20	16
"NODE_1195_length_3589_cov_5.580645"	"PrePostFVT"	"During"	"PrePostFVTDuring"	6.08904484990617	0	12.1796176691368	0.617119245788755	1	0.769925370303776	1	NA	"prevalence"	20	14
"NODE_1195_length_3589_cov_5.580645"	"PrePostFVT"	"Post"	"PrePostFVTPost"	1.11212600750106	0	1.12396522177637	0.322434920457834	1	0.540905562985018	1	NA	"prevalence"	20	14
"NODE_1195_length_5236_cov_6.947693"	"PrePostFVT"	"During"	"PrePostFVTDuring"	-29.2541341927095	0	1180.94603870976	0.980237001304319	1	0.980237001304319	1	NA	"prevalence"	20	6
"NODE_1195_length_5236_cov_6.947693"	"PrePostFVT"	"Post"	"PrePostFVTPost"	-30.4181151290351	0	1213.46082666494	0.980001329768096	1	0.980001329768096	1	NA	"prevalence"	20	6
"NODE_1196_length_2946_cov_6.579730"	"PrePostFVT"	"During"	"PrePostFVTDuring"	12.2118378783802	0	252.094348816747	0.961364355921624	1	0.961364355921624	1	NA	"prevalence"	20	10
"NODE_1196_length_2946_cov_6.579730"	"PrePostFVT"	"Post"	"PrePostFVTPost"	14.157614452823	0	252.092610202137	0.955214050869803	1	0.955214050869803	1	NA	"prevalence"	20	10
"NODE_1198_length_2744_cov_4.802529"	"PrePostFVT"	"During"	"PrePostFVTDuring"	-14.4298622222099	0	391.49430349369	0.970597891694832	1	0.463617446846255	1	NA	"prevalence"	20	7
"NODE_1198_length_2744_cov_4.802529"	"PrePostFVT"	"Post"	"PrePostFVTPost"	-28.7595602880083	0	737.155792625825	0.968879049139994	1	0.968879049139994	1	NA	"prevalence"	20	7
"NODE_120_length_44371_cov_9.663327"	"PrePostFVT"	"During"	"PrePostFVTDuring"	-4.79045828458723	0	6.43855484022439	0.45686017439314	1	0.45686017439314	1	NA	"prevalence"	20	3
"NODE_1206_length_2948_cov_736.924300"	"PrePostFVT"	"During"	"PrePostFVTDuring"	0.712579298501048	0	1.47531084557843	0.629093734053161	1	0.372218826806126	0.962634896912394	NA	"prevalence"	20	9
"NODE_1206_length_2948_cov_736.924300"	"PrePostFVT"	"Post"	"PrePostFVTPost"	-0.712579298500832	0	1.08164650373535	0.510029799434336	1	0.0977763994969441	0.605803156934642	NA	"prevalence"	20	9
"NODE_1206_length_5083_cov_16.050716"	"PrePostFVT"	"During"	"PrePostFVTDuring"	6.08904485432403	0	12.1791878757504	0.617106822665303	1	0.75489324415933	1	NA	"prevalence"	20	13
"NODE_1206_length_5083_cov_16.050716"	"PrePostFVT"	"Post"	"PrePostFVTPost"	0.202711512497004	0	1.05626336079069	0.847809729665667	1	0.305130280088972	0.873767032882173	NA	"prevalence"	20	13
"NODE_1209_length_3352_cov_2.694874"	"PrePostFVT"	"During"	"PrePostFVTDuring"	-6.08904487543024	0	12.1792960596471	0.61710994849485	1	0.61710994849485	1	NA	"prevalence"	20	4
"NODE_1215_length_4762_cov_296.029530"	"PrePostFVT"	"During"	"PrePostFVTDuring"	6.0890447877788	0	12.1794032534496	0.61711305194565	1	0.63140066569127	1	NA	"prevalence"	20	15
"NODE_1216_length_2910_cov_5.361821"	"PrePostFVT"	"During"	"PrePostFVTDuring"	2.31413884680681e-14	0	3.3946754613979	0.999999999999995	1	0.110608427592051	0.635902109849773	NA	"prevalence"	20	10
"NODE_1216_length_2910_cov_5.361821"	"PrePostFVT"	"Post"	"PrePostFVTPost"	-12.1780897508937	0	32.1411758804242	0.704766786543544	1	0.704766786543544	1	NA	"prevalence"	20	10
"NODE_1216_length_4501_cov_23.658794"	"PrePostFVT"	"During"	"PrePostFVTDuring"	-29.2541341927095	0	1180.94603870976	0.980237001304319	1	0.980237001304319	1	NA	"prevalence"	20	6
"NODE_1216_length_4501_cov_23.658794"	"PrePostFVT"	"Post"	"PrePostFVTPost"	-30.4181151290351	0	1213.46082666494	0.980001329768096	1	0.980001329768096	1	NA	"prevalence"	20	6
"NODE_1218_length_3762_cov_7.912868"	"PrePostFVT"	"During"	"PrePostFVTDuring"	0	0	3.39467111373657	1	1	0.0826931120490306	0.562554475938266	NA	"prevalence"	20	17
"NODE_1219_length_2329_cov_3.319261"	"PrePostFVT"	"During"	"PrePostFVTDuring"	0.916681696126144	0	1.64321368038219	0.576940605786677	1	0.576940605786677	1	NA	"prevalence"	20	3
"NODE_1219_length_2329_cov_3.319261"	"PrePostFVT"	"Post"	"PrePostFVTPost"	-0.469117736254664	0	1.52468820605139	0.758325006600554	1	0.758325006600554	1	NA	"prevalence"	20	3
"NODE_1219_length_4494_cov_4.358865"	"PrePostFVT"	"During"	"PrePostFVTDuring"	-10.6864701215999	0	171.115056480101	0.950202920100395	1	0.950202920100395	1	NA	"prevalence"	20	2
"NODE_1219_length_4494_cov_4.358865"	"PrePostFVT"	"Post"	"PrePostFVTPost"	-13.1372741573707	0	331.143073060348	0.968354224807565	1	0.968354224807565	1	NA	"prevalence"	20	2
"NODE_1220_length_2903_cov_3.497191"	"PrePostFVT"	"During"	"PrePostFVTDuring"	6.08904485432403	0	12.1791878757504	0.617106822665303	1	0.628839986348954	1	NA	"prevalence"	20	12
"NODE_1220_length_2903_cov_3.497191"	"PrePostFVT"	"Post"	"PrePostFVTPost"	0.202711512497004	0	1.05626336079069	0.847809729665667	1	0.88268411608151	1	NA	"prevalence"	20	12
"NODE_1224_length_2293_cov_3.016533"	"PrePostFVT"	"During"	"PrePostFVTDuring"	-10.6864701215999	0	171.115056480101	0.950202920100395	1	0.950202920100395	1	NA	"prevalence"	20	2
"NODE_1224_length_2293_cov_3.016533"	"PrePostFVT"	"Post"	"PrePostFVTPost"	-13.1372741573707	0	331.143073060348	0.968354224807565	1	0.968354224807565	1	NA	"prevalence"	20	2
"NODE_1229_length_3767_cov_15.280711"	"PrePostFVT"	"During"	"PrePostFVTDuring"	-10.6864701215999	0	171.115056480101	0.950202920100395	1	0.950202920100395	1	NA	"prevalence"	20	2
"NODE_1229_length_3767_cov_15.280711"	"PrePostFVT"	"Post"	"PrePostFVTPost"	-13.1372741573707	0	331.143073060348	0.968354224807565	1	0.968354224807565	1	NA	"prevalence"	20	2
"NODE_123_length_29020_cov_48.579838|provirus_13140_29018"	"PrePostFVT"	"During"	"PrePostFVTDuring"	0	0	3.39467376928872	1	1	0.706174810698933	1	NA	"prevalence"	20	17
"NODE_123_length_29020_cov_48.579838|provirus_13140_29018"	"PrePostFVT"	"Post"	"PrePostFVTPost"	-1.93239635424051	0	2.10663170607487	0.358989662460409	1	0.58910574716738	1	NA	"prevalence"	20	17
"NODE_1232_length_4446_cov_4.133227"	"PrePostFVT"	"During"	"PrePostFVTDuring"	-14.8893027513745	0	702.458754402257	0.983089319875075	1	0.983089319875075	1	NA	"prevalence"	20	4
"NODE_1232_length_4446_cov_4.133227"	"PrePostFVT"	"Post"	"PrePostFVTPost"	-14.4368795153319	0	320.82463845372	0.96410787843225	1	0.96410787843225	1	NA	"prevalence"	20	4
"NODE_1233_length_4439_cov_10.491560"	"PrePostFVT"	"During"	"PrePostFVTDuring"	6.08904485432403	0	12.1791878757504	0.617106822665303	1	0.85339281475054	1	NA	"prevalence"	20	11
"NODE_1233_length_4439_cov_10.491560"	"PrePostFVT"	"Post"	"PrePostFVTPost"	0.202711512497004	0	1.05626336079069	0.847809729665667	1	0.976838121615563	1	NA	"prevalence"	20	11
"NODE_1237_length_3955_cov_5.959744"	"PrePostFVT"	"During"	"PrePostFVTDuring"	-10.0277891144931	0	194.39063729956	0.958858764661156	1	0.958858764661156	1	NA	"prevalence"	20	2
"NODE_1237_length_3955_cov_5.959744"	"PrePostFVT"	"Post"	"PrePostFVTPost"	-0.469844435636902	0	1.52478187400577	0.757976729129458	1	0.757976729129458	1	NA	"prevalence"	20	2
"NODE_1241_length_2232_cov_3.112540"	"PrePostFVT"	"During"	"PrePostFVTDuring"	-10.6864701215999	0	171.115056480101	0.950202920100395	1	0.950202920100395	1	NA	"prevalence"	20	2
"NODE_1241_length_2232_cov_3.112540"	"PrePostFVT"	"Post"	"PrePostFVTPost"	-13.1372741573707	0	331.143073060348	0.968354224807565	1	0.968354224807565	1	NA	"prevalence"	20	2
"NODE_125_length_42935_cov_10.789366"	"PrePostFVT"	"During"	"PrePostFVTDuring"	-15.5235528980174	0	2897.9870181225	0.995726018137703	1	0.995726018137703	1	NA	"prevalence"	20	2
"NODE_125_length_42935_cov_10.789366"	"PrePostFVT"	"Post"	"PrePostFVTPost"	-13.9904624183651	0	788.732911448608	0.985847948697276	1	0.985847948697276	1	NA	"prevalence"	20	2
"NODE_1250_length_4468_cov_38.665307"	"PrePostFVT"	"During"	"PrePostFVTDuring"	13.5128230497316	0	692.35088390461	0.984428432645631	1	0.611617825412653	1	NA	"prevalence"	20	18
"NODE_1250_length_4468_cov_38.665307"	"PrePostFVT"	"Post"	"PrePostFVTPost"	14.6110352801264	0	673.37872897208	0.982688783803017	1	0.741926333146463	1	NA	"prevalence"	20	18
"NODE_1250_length_5037_cov_5.407668"	"PrePostFVT"	"During"	"PrePostFVTDuring"	-0.712579298501216	0	1.47531056672525	0.629093669230961	1	0.862428493795449	1	NA	"prevalence"	20	5
"NODE_1253_length_4696_cov_4.147382"	"PrePostFVT"	"During"	"PrePostFVTDuring"	-3.03999649135417e-15	0	1.52844317921037	0.999999999999998	1	0.999999999999998	1	NA	"prevalence"	20	4
"NODE_1255_length_3675_cov_10.237293"	"PrePostFVT"	"During"	"PrePostFVTDuring"	6.08904487544685	0	12.1789730053703	0.617100610482939	1	0.853388057507462	1	NA	"prevalence"	20	13
"NODE_1255_length_3675_cov_10.237293"	"PrePostFVT"	"Post"	"PrePostFVTPost"	0.625705899764411	0	1.07519754603371	0.560603688195092	1	0.806930881172244	1	NA	"prevalence"	20	13
"NODE_1256_length_5020_cov_5.298892"	"PrePostFVT"	"During"	"PrePostFVTDuring"	-10.0277891144931	0	194.39063729956	0.958858764661156	1	0.958858764661156	1	NA	"prevalence"	20	2
"NODE_1256_length_5020_cov_5.298892"	"PrePostFVT"	"Post"	"PrePostFVTPost"	-0.469844435636902	0	1.52478187400577	0.757976729129458	1	0.757976729129458	1	NA	"prevalence"	20	2
"NODE_1259_length_3670_cov_6.403873"	"PrePostFVT"	"During"	"PrePostFVTDuring"	6.08904485432403	0	12.1791878757504	0.617106822665303	1	0.5822846305112	1	NA	"prevalence"	20	13
"NODE_1259_length_3670_cov_6.403873"	"PrePostFVT"	"Post"	"PrePostFVTPost"	0.202711512497004	0	1.05626336079069	0.847809729665667	1	0.865593960541917	1	NA	"prevalence"	20	13
"NODE_1260_length_2744_cov_11.166977"	"PrePostFVT"	"During"	"PrePostFVTDuring"	21.326624191982	0	52631.4734974337	0.999676691861724	1	0.151363699115598	0.733219832963666	NA	"prevalence"	20	19
"NODE_1260_length_2744_cov_11.166977"	"PrePostFVT"	"Post"	"PrePostFVTPost"	29.4053043905307	0	1726949.63032575	0.999986414173311	1	0.0775339557547333	0.549060201696609	NA	"prevalence"	20	19
"NODE_1263_length_3025_cov_5.382155"	"PrePostFVT"	"During"	"PrePostFVTDuring"	0	0	3.39467707255147	1	1	0.70206536582493	1	NA	"prevalence"	20	17
"NODE_1263_length_3025_cov_5.382155"	"PrePostFVT"	"Post"	"PrePostFVTPost"	-1.93239635424051	0	2.10663627165917	0.358990703918594	1	0.570705940480102	1	NA	"prevalence"	20	17
"NODE_1264_length_2611_cov_5.178404"	"PrePostFVT"	"During"	"PrePostFVTDuring"	1.38629470916388	0	1.50000039115582	0.355384157203322	1	0.584470415215529	1	NA	"prevalence"	20	6
"NODE_1264_length_2611_cov_5.178404"	"PrePostFVT"	"Post"	"PrePostFVTPost"	-1.38629482810974	0	1.36930745070457	0.311344058273965	1	0.525752993925427	1	NA	"prevalence"	20	6
"NODE_1268_length_3996_cov_39.488962"	"PrePostFVT"	"During"	"PrePostFVTDuring"	13.5128230497316	0	692.35088390461	0.984428432645631	1	0.146766695116329	0.733219832963666	NA	"prevalence"	20	18
"NODE_1268_length_3996_cov_39.488962"	"PrePostFVT"	"Post"	"PrePostFVTPost"	14.6110352801264	0	673.37872897208	0.982688783803017	1	0.0459298480506128	0.47724151592352	NA	"prevalence"	20	18
"NODE_1273_length_4490_cov_9.000000"	"PrePostFVT"	"During"	"PrePostFVTDuring"	-1.02536956340845e-14	0	3.39467266820501	0.999999999999998	1	0.999999999999998	1	NA	"prevalence"	20	3
"NODE_1276_length_3712_cov_7.215204"	"PrePostFVT"	"During"	"PrePostFVTDuring"	-6.08904485432402	0	12.1790806615339	0.617103723596088	1	0.617103723596088	1	NA	"prevalence"	20	7
"NODE_1276_length_3712_cov_7.215204"	"PrePostFVT"	"Post"	"PrePostFVTPost"	-0.202711512497003	0	1.05626295442405	0.847809671830164	1	0.0102558227808509	0.39452319173861	NA	"prevalence"	20	7
"NODE_1277_length_2938_cov_4.712799"	"PrePostFVT"	"During"	"PrePostFVTDuring"	6.08904484990617	0	12.1792950808392	0.617109921678356	1	0.853395187922845	1	NA	"prevalence"	20	15
"NODE_1277_length_2938_cov_4.712799"	"PrePostFVT"	"Post"	"PrePostFVTPost"	1.11212600750106	0	1.12396500627275	0.322434827679578	1	0.540905437258397	1	NA	"prevalence"	20	15
"NODE_1278_length_3628_cov_4.986846"	"PrePostFVT"	"During"	"PrePostFVTDuring"	6.08904487544685	0	12.1789730053703	0.617100610482939	1	0.853388057507462	1	NA	"prevalence"	20	14
"NODE_1278_length_3628_cov_4.986846"	"PrePostFVT"	"Post"	"PrePostFVTPost"	0.625705899764411	0	1.07519754603371	0.560603688195092	1	0.244862650409152	0.837654629464585	NA	"prevalence"	20	14
"NODE_1279_length_3475_cov_5.432456"	"PrePostFVT"	"During"	"PrePostFVTDuring"	6.08904485432403	0	12.1791878757504	0.617106822665303	1	0.74753279413252	1	NA	"prevalence"	20	12
"NODE_1279_length_3475_cov_5.432456"	"PrePostFVT"	"Post"	"PrePostFVTPost"	0.202711512497004	0	1.05626336079069	0.847809729665667	1	0.120040320098006	0.673695674019423	NA	"prevalence"	20	12
"NODE_129_length_27218_cov_9.424806"	"PrePostFVT"	"During"	"PrePostFVTDuring"	12.0531183291367	0	528.792404835277	0.981814859200978	1	0.99966930065412	1	NA	"prevalence"	20	10
"NODE_1299_length_4337_cov_85.098085"	"PrePostFVT"	"During"	"PrePostFVTDuring"	0	0	3.39467506468286	1	1	0.576284671337177	1	NA	"prevalence"	20	19
"NODE_1299_length_4337_cov_85.098085"	"PrePostFVT"	"Post"	"PrePostFVTPost"	-1.2819192790658	0	2.17487215283095	0.555577671593427	1	0.633498320789705	1	NA	"prevalence"	20	19
"NODE_130_length_77265_cov_22.063904|provirus_67829_77021"	"PrePostFVT"	"During"	"PrePostFVTDuring"	-15.6033423391164	0	632.028887842787	0.980304062580697	1	0.980304062580697	1	NA	"prevalence"	20	6
"NODE_1300_length_4422_cov_7.244104"	"PrePostFVT"	"During"	"PrePostFVTDuring"	-3.03999649135417e-15	0	1.52844317921037	0.999999999999998	1	0.999999999999998	1	NA	"prevalence"	20	4
"NODE_1301_length_2543_cov_7.558682"	"PrePostFVT"	"During"	"PrePostFVTDuring"	4.79045828458724	0	6.4385549712328	0.4568601835518	1	0.149563209873896	0.733219832963666	NA	"prevalence"	20	17
"NODE_1301_length_3307_cov_6.593173"	"PrePostFVT"	"During"	"PrePostFVTDuring"	6.08904486356908	0	12.1790801852046	0.617103709292986	1	0.8073475389053	1	NA	"prevalence"	20	11
"NODE_1301_length_3307_cov_6.593173"	"PrePostFVT"	"Post"	"PrePostFVTPost"	-0.202711512497004	0	1.05626310744814	0.847809693609085	1	0.207889524868715	0.762261591185287	NA	"prevalence"	20	11
"NODE_1305_length_4092_cov_12.236810"	"PrePostFVT"	"During"	"PrePostFVTDuring"	-0.712579298501216	0	1.47531056672525	0.629093669230961	1	0.629093669230961	1	NA	"prevalence"	20	5
"NODE_1309_length_2660_cov_6.971977"	"PrePostFVT"	"During"	"PrePostFVTDuring"	-19.4568889209241	0	20665.7402766436	0.999248788150344	1	0.999248788150344	1	NA	"prevalence"	20	2
"NODE_1309_length_2660_cov_6.971977"	"PrePostFVT"	"Post"	"PrePostFVTPost"	-12.9510420778814	0	461.280362382154	0.977601302982691	1	0.977601302982691	1	NA	"prevalence"	20	2
"NODE_1309_length_2953_cov_6.256384"	"PrePostFVT"	"During"	"PrePostFVTDuring"	21.326624191982	0	52631.4734974337	0.999676691861724	1	0.151322564785189	0.733219832963666	NA	"prevalence"	20	19
"NODE_1309_length_2953_cov_6.256384"	"PrePostFVT"	"Post"	"PrePostFVTPost"	29.4053043905307	0	1726949.63032575	0.999986414173311	1	0.0471926791419345	0.47724151592352	NA	"prevalence"	20	19
"NODE_1310_length_3849_cov_5.680548"	"PrePostFVT"	"During"	"PrePostFVTDuring"	-20.1020759386544	0	2364.82671845787	0.993217709039584	1	0.993217709039584	1	NA	"prevalence"	20	5
"NODE_1310_length_3849_cov_5.680548"	"PrePostFVT"	"Post"	"PrePostFVTPost"	-16.9920458083332	0	639.688291161758	0.978808277416824	1	0.978808277416824	1	NA	"prevalence"	20	5
"NODE_1314_length_2031_cov_4.501518"	"PrePostFVT"	"During"	"PrePostFVTDuring"	-10.6864701215999	0	171.115056480101	0.950202920100395	1	0.950202920100395	1	NA	"prevalence"	20	2
"NODE_1314_length_2031_cov_4.501518"	"PrePostFVT"	"Post"	"PrePostFVTPost"	-13.1372741573707	0	331.143073060348	0.968354224807565	1	0.968354224807565	1	NA	"prevalence"	20	2
"NODE_1320_length_3894_cov_6.729096"	"PrePostFVT"	"During"	"PrePostFVTDuring"	6.08904487544685	0	12.1789730053703	0.617100610482939	1	0.853388057507462	1	NA	"prevalence"	20	14
"NODE_1320_length_3894_cov_6.729096"	"PrePostFVT"	"Post"	"PrePostFVTPost"	0.625705899764411	0	1.07519754603371	0.560603688195092	1	0.806930881172244	1	NA	"prevalence"	20	14
"NODE_1320_length_3944_cov_3.698123"	"PrePostFVT"	"During"	"PrePostFVTDuring"	-6.0890447877788	0	12.1794034954403	0.617113058940218	1	0.617113058940218	1	NA	"prevalence"	20	4
"NODE_1322_length_2624_cov_4.678863"	"PrePostFVT"	"During"	"PrePostFVTDuring"	0	0	3.39467376928872	1	1	0.665774396881842	1	NA	"prevalence"	20	17
"NODE_1322_length_2624_cov_4.678863"	"PrePostFVT"	"Post"	"PrePostFVTPost"	-1.93239635424051	0	2.10663170607487	0.358989662460409	1	0.40975528772408	1	NA	"prevalence"	20	17
"NODE_1323_length_3039_cov_6.837466"	"PrePostFVT"	"During"	"PrePostFVTDuring"	0.712579298500904	0	1.47531053081284	0.629093660882923	1	0.768623876534417	1	NA	"prevalence"	20	11
"NODE_1323_length_3039_cov_6.837466"	"PrePostFVT"	"Post"	"PrePostFVTPost"	0.223845761820383	0	1.05674122567387	0.832242418283607	1	0.971857393776668	1	NA	"prevalence"	20	11
"NODE_1324_length_4029_cov_5.772521"	"PrePostFVT"	"During"	"PrePostFVTDuring"	-15.2584285057852	0	226.178171230053	0.946213924236529	1	0.946213924236529	1	NA	"prevalence"	20	6
"NODE_1329_length_4796_cov_16.524784"	"PrePostFVT"	"During"	"PrePostFVTDuring"	2.05073912681691e-14	0	3.3946772020926	0.999999999999995	1	0.517769846440182	1	NA	"prevalence"	20	16
"NODE_1351_length_2938_cov_4.657301"	"PrePostFVT"	"During"	"PrePostFVTDuring"	-6.0890447877788	0	12.1794034932651	0.617113058877345	1	0.617113058877345	1	NA	"prevalence"	20	4
"NODE_1352_length_2592_cov_8.143871"	"PrePostFVT"	"During"	"PrePostFVTDuring"	4.79045828458724	0	6.4385549712328	0.4568601835518	1	0.0553137905512676	0.480356602155745	NA	"prevalence"	20	17
"NODE_1358_length_3536_cov_36.249354"	"PrePostFVT"	"During"	"PrePostFVTDuring"	6.08904487544686	0	12.1790807028601	0.617103723569412	1	0.853390441495591	1	NA	"prevalence"	20	14
"NODE_1358_length_3536_cov_36.249354"	"PrePostFVT"	"Post"	"PrePostFVTPost"	0.625705899764414	0	1.07519796963482	0.560603842632189	1	0.806931016890402	1	NA	"prevalence"	20	14
"NODE_136_length_36768_cov_19.035982"	"PrePostFVT"	"During"	"PrePostFVTDuring"	2.11600367255461e-15	0	1.48398960487406	0.999999999999999	1	0.999999999999999	1	NA	"prevalence"	20	4
"NODE_136_length_36768_cov_19.035982"	"PrePostFVT"	"Post"	"PrePostFVTPost"	-4.83763307590461	0	5.21212164988973	0.353329530943112	1	0.353329530943112	0.935794742937876	NA	"prevalence"	20	4
"NODE_1368_length_3847_cov_6.648734"	"PrePostFVT"	"During"	"PrePostFVTDuring"	1.71280681993628e-29	0	14.8824652445662	1	1	0.533229121221597	1	NA	"prevalence"	20	19
"NODE_1368_length_3847_cov_6.648734"	"PrePostFVT"	"Post"	"PrePostFVTPost"	3.10157543387346e-15	0	11.0925602186354	1	1	0.0977979681463541	0.605803156934642	NA	"prevalence"	20	19
"NODE_1370_length_3520_cov_6.086291"	"PrePostFVT"	"During"	"PrePostFVTDuring"	6.08904486356908	0	12.1790801852046	0.617103709292986	1	0.455935815223495	1	NA	"prevalence"	20	11
"NODE_1370_length_3520_cov_6.086291"	"PrePostFVT"	"Post"	"PrePostFVTPost"	-0.202711512497004	0	1.05626310744814	0.847809693609085	1	0.419198430231868	1	NA	"prevalence"	20	11
"NODE_1375_length_3855_cov_5.352368"	"PrePostFVT"	"During"	"PrePostFVTDuring"	-0.625705899752829	0	1.46110079349343	0.668474356222274	1	0.668474356222274	1	NA	"prevalence"	20	4
"NODE_1375_length_3855_cov_5.352368"	"PrePostFVT"	"Post"	"PrePostFVTPost"	-6.08904475551172	0	7.06316795023532	0.388641242620606	1	0.388641242620606	0.991128882474445	NA	"prevalence"	20	4
"NODE_1375_length_4304_cov_6.077901"	"PrePostFVT"	"During"	"PrePostFVTDuring"	-10.6864701215999	0	171.115056480101	0.950202920100395	1	0.950202920100395	1	NA	"prevalence"	20	2
"NODE_1375_length_4304_cov_6.077901"	"PrePostFVT"	"Post"	"PrePostFVTPost"	-13.1372741573707	0	331.143073060348	0.968354224807565	1	0.968354224807565	1	NA	"prevalence"	20	2
"NODE_1379_length_3383_cov_8.485577"	"PrePostFVT"	"During"	"PrePostFVTDuring"	6.08904485432403	0	12.1791878757504	0.617106822665303	1	0.85339281475054	1	NA	"prevalence"	20	13
"NODE_1379_length_3383_cov_8.485577"	"PrePostFVT"	"Post"	"PrePostFVTPost"	0.202711512497004	0	1.05626336079069	0.847809729665667	1	0.762233780719798	1	NA	"prevalence"	20	13
"NODE_1379_length_3878_cov_8.002877"	"PrePostFVT"	"During"	"PrePostFVTDuring"	13.4257042827195	0	486.107535399774	0.977966191280939	1	0.977966191280939	1	NA	"prevalence"	20	7
"NODE_1379_length_3878_cov_8.002877"	"PrePostFVT"	"Post"	"PrePostFVTPost"	14.3419055630488	0	486.106251224777	0.976462913076056	1	0.976462913076056	1	NA	"prevalence"	20	7
"NODE_138_length_18101_cov_24.902139"	"PrePostFVT"	"During"	"PrePostFVTDuring"	2.11600367255461e-15	0	1.48398960487406	0.999999999999999	1	0.999999999999999	1	NA	"prevalence"	20	4
"NODE_138_length_18101_cov_24.902139"	"PrePostFVT"	"Post"	"PrePostFVTPost"	-4.83763307590461	0	5.21212164988973	0.353329530943112	1	0.353329530943112	0.935794742937876	NA	"prevalence"	20	4
"NODE_1385_length_4354_cov_8.070714"	"PrePostFVT"	"During"	"PrePostFVTDuring"	-0.712579298501049	0	1.47531049965547	0.629093653640022	1	0.862428482229892	1	NA	"prevalence"	20	11
"NODE_1385_length_4354_cov_8.070714"	"PrePostFVT"	"Post"	"PrePostFVTPost"	0.712579298500831	0	1.08164569837435	0.510029484405572	1	0.0424580480846532	0.47724151592352	NA	"prevalence"	20	11
"NODE_1388_length_3793_cov_6.935795"	"PrePostFVT"	"During"	"PrePostFVTDuring"	6.08904485432403	0	12.1791878648755	0.61710682235096	1	0.85339281450982	1	NA	"prevalence"	20	11
"NODE_1388_length_3793_cov_6.935795"	"PrePostFVT"	"Post"	"PrePostFVTPost"	0.202711512497004	0	1.05626316489088	0.847809701784535	1	0.976838113129088	1	NA	"prevalence"	20	11
"NODE_1389_length_3851_cov_11.429663"	"PrePostFVT"	"During"	"PrePostFVTDuring"	12.6864676540382	0	334.439394133342	0.969740677146839	1	0.969740677146839	1	NA	"prevalence"	20	6
"NODE_1389_length_3851_cov_11.429663"	"PrePostFVT"	"Post"	"PrePostFVTPost"	13.1561869307571	0	334.437679559521	0.968620725698087	1	0.968620725698087	1	NA	"prevalence"	20	6
"NODE_1392_length_2898_cov_2.884277"	"PrePostFVT"	"During"	"PrePostFVTDuring"	-3.39999330364206e-07	0	1.61212282188901	0.999999831724846	1	0.999999975638699	1	NA	"prevalence"	20	4
"NODE_1392_length_2898_cov_2.884277"	"PrePostFVT"	"Post"	"PrePostFVTPost"	-1.54058786285294	0	1.4850721595808	0.299557632904957	1	0.509380490378292	1	NA	"prevalence"	20	4
"NODE_1393_length_3833_cov_7.134727"	"PrePostFVT"	"During"	"PrePostFVTDuring"	13.4257042827195	0	486.107535399774	0.977966191280939	1	0.977966191280939	1	NA	"prevalence"	20	7
"NODE_1393_length_3833_cov_7.134727"	"PrePostFVT"	"Post"	"PrePostFVTPost"	14.3419055630488	0	486.106251224777	0.976462913076056	1	0.976462913076056	1	NA	"prevalence"	20	7
"NODE_140_length_42940_cov_112.379737"	"PrePostFVT"	"During"	"PrePostFVTDuring"	0	0	3.39467156712168	1	1	0.0098174733299513	0.39452319173861	NA	"prevalence"	20	12
"NODE_1400_length_1829_cov_4.534386"	"PrePostFVT"	"During"	"PrePostFVTDuring"	-10.6864701215999	0	171.115056480101	0.950202920100395	1	0.950202920100395	1	NA	"prevalence"	20	2
"NODE_1400_length_1829_cov_4.534386"	"PrePostFVT"	"Post"	"PrePostFVTPost"	-13.1372741573707	0	331.143073060348	0.968354224807565	1	0.968354224807565	1	NA	"prevalence"	20	2
"NODE_1406_length_2725_cov_3.810112"	"PrePostFVT"	"During"	"PrePostFVTDuring"	13.4257042827195	0	486.107535399774	0.977966191280939	1	0.977966191280939	1	NA	"prevalence"	20	8
"NODE_1406_length_2725_cov_3.810112"	"PrePostFVT"	"Post"	"PrePostFVTPost"	14.3419055630488	0	486.106251224777	0.976462913076056	1	0.976462913076056	1	NA	"prevalence"	20	8
"NODE_1406_length_3617_cov_4.808254"	"PrePostFVT"	"During"	"PrePostFVTDuring"	-4.79045828458723	0	6.43855483919578	0.456860174321231	1	0.456860174321231	1	NA	"prevalence"	20	3
"NODE_1414_length_2598_cov_9.086119"	"PrePostFVT"	"During"	"PrePostFVTDuring"	1.71280681993628e-29	0	14.8824652445662	1	1	0.00943426947911846	0.39452319173861	NA	"prevalence"	20	19
"NODE_1414_length_2598_cov_9.086119"	"PrePostFVT"	"Post"	"PrePostFVTPost"	3.10157543387346e-15	0	11.0925602186354	1	1	0.00413690137553364	0.39452319173861	NA	"prevalence"	20	19
"NODE_1415_length_4181_cov_5.726369"	"PrePostFVT"	"During"	"PrePostFVTDuring"	13.4257042827195	0	486.107535399774	0.977966191280939	1	0.977966191280939	1	NA	"prevalence"	20	7
"NODE_1415_length_4181_cov_5.726369"	"PrePostFVT"	"Post"	"PrePostFVTPost"	14.3419055630488	0	486.106251224777	0.976462913076056	1	0.976462913076056	1	NA	"prevalence"	20	7
"NODE_1422_length_2645_cov_4.424324"	"PrePostFVT"	"During"	"PrePostFVTDuring"	-0.712579298467647	0	1.47530969816411	0.629093467341547	1	0.349607654762207	0.935794742937876	NA	"prevalence"	20	6
"NODE_1425_length_3539_cov_7.956085"	"PrePostFVT"	"During"	"PrePostFVTDuring"	-11.3698287032153	0	59.3902224068001	0.848178713871598	1	0.28492325588138	0.871765233337443	NA	"prevalence"	20	12
"NODE_1425_length_3539_cov_7.956085"	"PrePostFVT"	"Post"	"PrePostFVTPost"	-13.2648580126434	0	59.3887007502034	0.823257982745744	1	0.94484635322995	1	NA	"prevalence"	20	12
"NODE_1428_length_2589_cov_4.398579"	"PrePostFVT"	"During"	"PrePostFVTDuring"	6.08904487544686	0	12.1790807028601	0.617103723569412	1	0.807652562475049	1	NA	"prevalence"	20	14
"NODE_1428_length_2589_cov_4.398579"	"PrePostFVT"	"Post"	"PrePostFVTPost"	0.625705899764414	0	1.07519796963482	0.560603842632189	1	0.806931016890402	1	NA	"prevalence"	20	14
"NODE_143_length_37282_cov_21.851586"	"PrePostFVT"	"During"	"PrePostFVTDuring"	-1.31816955939621e-14	0	14.8829120065406	0.999999999999999	1	0.999999999999999	1	NA	"prevalence"	20	2
"NODE_143_length_37282_cov_21.851586"	"PrePostFVT"	"Post"	"PrePostFVTPost"	-1.57663417888566e-14	0	11.0930664421696	0.999999999999999	1	0.999999999999999	1	NA	"prevalence"	20	2
"NODE_1438_length_3663_cov_5.024667"	"PrePostFVT"	"During"	"PrePostFVTDuring"	-24.5738652311706	0	397.949238397004	0.950760921562787	1	0.950760921562787	1	NA	"prevalence"	20	8
"NODE_1438_length_3663_cov_5.024667"	"PrePostFVT"	"Post"	"PrePostFVTPost"	-12.8823782991783	0	136.497797809876	0.924808954460076	1	0.0858641460865443	0.562554475938266	NA	"prevalence"	20	8
"NODE_1447_length_3472_cov_27.441030"	"PrePostFVT"	"During"	"PrePostFVTDuring"	-30.0302648152443	0	2081.30299809709	0.988488051317742	1	0.988488051317742	1	NA	"prevalence"	20	7
"NODE_1447_length_3472_cov_27.441030"	"PrePostFVT"	"Post"	"PrePostFVTPost"	-15.6707231696611	0	370.835963871464	0.966293161912544	1	0.829287006468594	1	NA	"prevalence"	20	7
"NODE_145_length_14038_cov_8.862905"	"PrePostFVT"	"During"	"PrePostFVTDuring"	13.5128230497316	0	692.35088390461	0.984428432645631	1	0.405994408944057	1	NA	"prevalence"	20	18
"NODE_145_length_14038_cov_8.862905"	"PrePostFVT"	"Post"	"PrePostFVTPost"	14.6110352801264	0	673.37872897208	0.982688783803017	1	0.0481793752599361	0.47724151592352	NA	"prevalence"	20	18
"NODE_1450_length_3588_cov_6.542881"	"PrePostFVT"	"During"	"PrePostFVTDuring"	-3.77857839920765e-16	0	1.48398971309447	1	1	1	1	NA	"prevalence"	20	3
"NODE_1450_length_3588_cov_6.542881"	"PrePostFVT"	"Post"	"PrePostFVTPost"	-4.83763307591802	0	5.21216363901319	0.35333340900018	1	0.35333340900018	0.935794742937876	NA	"prevalence"	20	3
"NODE_1450_length_4643_cov_4813.538361"	"PrePostFVT"	"During"	"PrePostFVTDuring"	-0.693241980804494	0	1.47197174369265	0.637668247757728	1	0.637668247757728	1	NA	"prevalence"	20	6
"NODE_1450_length_4643_cov_4813.538361"	"PrePostFVT"	"Post"	"PrePostFVTPost"	-15.0936609933989	0	603.92272370767	0.980060784317996	1	0.980060784317996	1	NA	"prevalence"	20	6
"NODE_1454_length_3453_cov_3.464979"	"PrePostFVT"	"During"	"PrePostFVTDuring"	-6.0890447877788	0	12.1794034932651	0.617113058877345	1	0.617113058877345	1	NA	"prevalence"	20	4
"NODE_146_length_35576_cov_13.034318"	"PrePostFVT"	"During"	"PrePostFVTDuring"	-14.4298622222099	0	391.49430349369	0.970597891694832	1	0.335571161558958	0.916709298960731	NA	"prevalence"	20	7
"NODE_146_length_35576_cov_13.034318"	"PrePostFVT"	"Post"	"PrePostFVTPost"	-28.7595602880083	0	737.155792625825	0.968879049139994	1	0.968879049139994	1	NA	"prevalence"	20	7
"NODE_1463_length_2299_cov_4.454991"	"PrePostFVT"	"During"	"PrePostFVTDuring"	-4.79045828458723	0	6.43855484022439	0.45686017439314	1	0.45686017439314	1	NA	"prevalence"	20	4
"NODE_1467_length_3864_cov_6.331846"	"PrePostFVT"	"During"	"PrePostFVTDuring"	-2.46094954062004e-15	0	1.52844416058305	0.999999999999999	1	0.999999999999999	1	NA	"prevalence"	20	4
"NODE_1469_length_4268_cov_8.622122"	"PrePostFVT"	"During"	"PrePostFVTDuring"	6.08904485432403	0	12.1791878757504	0.617106822665303	1	0.832147684544637	1	NA	"prevalence"	20	11
"NODE_1469_length_4268_cov_8.622122"	"PrePostFVT"	"Post"	"PrePostFVTPost"	0.202711512497004	0	1.05626336079069	0.847809729665667	1	0.743517211985727	1	NA	"prevalence"	20	11
"NODE_1470_length_2559_cov_6.530351"	"PrePostFVT"	"During"	"PrePostFVTDuring"	6.08904485432403	0	12.1791883586181	0.617106836622676	1	0.853392825438906	1	NA	"prevalence"	20	11
"NODE_1470_length_2559_cov_6.530351"	"PrePostFVT"	"Post"	"PrePostFVTPost"	0.202711512497004	0	1.05626330834467	0.847809722201371	1	0.831412550011039	1	NA	"prevalence"	20	11
"NODE_1472_length_3486_cov_6.937919"	"PrePostFVT"	"During"	"PrePostFVTDuring"	-0.0279330857631191	0	29.9651442106984	0.999256223347987	1	0.0896903187838758	0.571386200746699	NA	"prevalence"	20	18
"NODE_1472_length_3486_cov_6.937919"	"PrePostFVT"	"Post"	"PrePostFVTPost"	-11.6790343668742	0	19.0956149642791	0.540797022909662	1	0.0686380497121564	0.524379380869492	NA	"prevalence"	20	18
"NODE_1472_length_4419_cov_16.031852"	"PrePostFVT"	"During"	"PrePostFVTDuring"	21.326624191982	0	52631.4734974337	0.999676691861724	1	0.233793773996256	0.82251540958171	NA	"prevalence"	20	19
"NODE_1472_length_4419_cov_16.031852"	"PrePostFVT"	"Post"	"PrePostFVTPost"	29.4053043905307	0	1726949.63032575	0.999986414173311	1	0.0376408708248143	0.47724151592352	NA	"prevalence"	20	19
"NODE_1474_length_4254_cov_5.462967"	"PrePostFVT"	"During"	"PrePostFVTDuring"	-13.5745974785721	0	356.512044119503	0.969626986271252	1	0.969626986271252	1	NA	"prevalence"	20	5
"NODE_1476_length_3230_cov_10.609449"	"PrePostFVT"	"During"	"PrePostFVTDuring"	-12.1891110037089	0	270.085279954601	0.964003210199666	1	0.303229354047104	0.873767032882173	NA	"prevalence"	20	10
"NODE_1476_length_3230_cov_10.609449"	"PrePostFVT"	"Post"	"PrePostFVTPost"	-14.1349969066957	0	270.083532769524	0.958261248624592	1	0.418537131753561	1	NA	"prevalence"	20	10
"NODE_1477_length_3366_cov_5.620054"	"PrePostFVT"	"During"	"PrePostFVTDuring"	-4.79045828458723	0	6.43855483919578	0.456860174321231	1	0.456860174321231	1	NA	"prevalence"	20	3
"NODE_1478_length_2545_cov_2.436145"	"PrePostFVT"	"During"	"PrePostFVTDuring"	-12.4155525474133	0	568.014019741881	0.98256136538867	1	0.98256136538867	1	NA	"prevalence"	20	2
"NODE_1478_length_2545_cov_2.436145"	"PrePostFVT"	"Post"	"PrePostFVTPost"	-0.509215585819123	0	1.59198258281614	0.74907253913439	1	0.74907253913439	1	NA	"prevalence"	20	2
"NODE_1478_length_3161_cov_4.203155"	"PrePostFVT"	"During"	"PrePostFVTDuring"	-10.6864701215999	0	171.115056480101	0.950202920100395	1	0.950202920100395	1	NA	"prevalence"	20	2
"NODE_1478_length_3161_cov_4.203155"	"PrePostFVT"	"Post"	"PrePostFVTPost"	-13.1372741573707	0	331.143073060348	0.968354224807565	1	0.968354224807565	1	NA	"prevalence"	20	2
"NODE_1483_length_3329_cov_5.952352"	"PrePostFVT"	"During"	"PrePostFVTDuring"	13.5128230497316	0	692.35088390461	0.984428432645631	1	0.131244752231467	0.712348161782636	NA	"prevalence"	20	18
"NODE_1483_length_3329_cov_5.952352"	"PrePostFVT"	"Post"	"PrePostFVTPost"	14.6110352801264	0	673.37872897208	0.982688783803017	1	0.014435007674231	0.396962711041351	NA	"prevalence"	20	18
"NODE_1490_length_4211_cov_5.142926"	"PrePostFVT"	"During"	"PrePostFVTDuring"	-3.03999649135417e-15	0	1.52844317921037	0.999999999999998	1	0.999999999999998	1	NA	"prevalence"	20	4
"NODE_1493_length_1864_cov_2.265340"	"PrePostFVT"	"During"	"PrePostFVTDuring"	-4.79045828455543	0	6.43854696405608	0.456859623780952	1	0.456859623780952	1	NA	"prevalence"	20	3
"NODE_1501_length_3111_cov_3.607984"	"PrePostFVT"	"During"	"PrePostFVTDuring"	-15.0912059986947	0	648.147760083286	0.981424062318776	1	0.981424062318776	1	NA	"prevalence"	20	2
"NODE_1501_length_3111_cov_3.607984"	"PrePostFVT"	"Post"	"PrePostFVTPost"	-17.633366329885	0	1366.41198548768	0.989703690834346	1	0.989703690834346	1	NA	"prevalence"	20	2
"NODE_1503_length_2806_cov_3.922937"	"PrePostFVT"	"During"	"PrePostFVTDuring"	-11.8243374626938	0	210.404018723354	0.955183875950264	1	0.0185342468695464	0.415860294418156	NA	"prevalence"	20	12
"NODE_1503_length_2806_cov_3.922937"	"PrePostFVT"	"Post"	"PrePostFVTPost"	-13.868782805342	0	210.403556943404	0.947445375873884	1	0.0106569693588803	0.39452319173861	NA	"prevalence"	20	12
"NODE_1505_length_2500_cov_249.157464"	"PrePostFVT"	"During"	"PrePostFVTDuring"	6.08904478777881	0	12.1792957893855	0.617109945750597	1	0.807441228849122	1	NA	"prevalence"	20	16
"NODE_1513_length_2581_cov_6.406572"	"PrePostFVT"	"During"	"PrePostFVTDuring"	6.08904485432403	0	12.1791878757504	0.617106822665303	1	0.544885481394963	1	NA	"prevalence"	20	13
"NODE_1513_length_2581_cov_6.406572"	"PrePostFVT"	"Post"	"PrePostFVTPost"	0.202711512497004	0	1.05626336079069	0.847809729665667	1	0.89128604953398	1	NA	"prevalence"	20	13
"NODE_1516_length_3749_cov_10.734164"	"PrePostFVT"	"During"	"PrePostFVTDuring"	6.08904486356908	0	12.1790801852046	0.617103709292986	1	0.85339043056281	1	NA	"prevalence"	20	12
"NODE_1516_length_3749_cov_10.734164"	"PrePostFVT"	"Post"	"PrePostFVTPost"	-0.202711512497004	0	1.05626310744814	0.847809693609085	1	0.25382862602756	0.8393130920751	NA	"prevalence"	20	12
"NODE_1526_length_3240_cov_25.778964"	"PrePostFVT"	"During"	"PrePostFVTDuring"	-29.2541341927095	0	1180.94603870976	0.980237001304319	1	0.980237001304319	1	NA	"prevalence"	20	6
"NODE_1526_length_3240_cov_25.778964"	"PrePostFVT"	"Post"	"PrePostFVTPost"	-30.4181151290351	0	1213.46082666494	0.980001329768096	1	0.980001329768096	1	NA	"prevalence"	20	6
"NODE_1529_length_2587_cov_5.628752"	"PrePostFVT"	"During"	"PrePostFVTDuring"	0	0	3.39467111373657	1	1	0.467621272858102	1	NA	"prevalence"	20	16
"NODE_153_length_65213_cov_33.549280"	"PrePostFVT"	"During"	"PrePostFVTDuring"	-14.3306975312004	0	377.069403559446	0.969683325770556	1	0.341828964018617	0.925881862151192	NA	"prevalence"	20	11
"NODE_153_length_65213_cov_33.549280"	"PrePostFVT"	"Post"	"PrePostFVTPost"	-14.3306910222622	0	377.068043823825	0.969683230262102	1	0.0735113630620417	0.53199012742267	NA	"prevalence"	20	11
"NODE_153_length_9880_cov_18.089873"	"PrePostFVT"	"During"	"PrePostFVTDuring"	4.79045828458724	0	6.4385549712328	0.4568601835518	1	0.227378666618156	0.807575026989531	NA	"prevalence"	20	17
"NODE_1532_length_2944_cov_14.650744"	"PrePostFVT"	"During"	"PrePostFVTDuring"	4.8376330564864	0	8.94597615957394	0.588672478145165	1	0.665406656208122	1	NA	"prevalence"	20	15
"NODE_1532_length_2944_cov_14.650744"	"PrePostFVT"	"Post"	"PrePostFVTPost"	4.01318251742228e-16	0	1.1061003883183	1	1	0.887125030541577	1	NA	"prevalence"	20	15
"NODE_1535_length_2614_cov_6.153576"	"PrePostFVT"	"During"	"PrePostFVTDuring"	4.79045828458724	0	6.4385549712328	0.4568601835518	1	0.05437321127736	0.47724151592352	NA	"prevalence"	20	17
"NODE_154_length_68062_cov_18.784963|provirus_36222_68060"	"PrePostFVT"	"During"	"PrePostFVTDuring"	2.31413884680681e-14	0	3.3946754613979	0.999999999999995	1	0.157240739296151	0.733453421370358	NA	"prevalence"	20	10
"NODE_154_length_68062_cov_18.784963|provirus_36222_68060"	"PrePostFVT"	"Post"	"PrePostFVTPost"	-12.1780897508937	0	32.1411758804242	0.704766786543544	1	0.704766786543544	1	NA	"prevalence"	20	10
"NODE_1542_length_3340_cov_7.443227"	"PrePostFVT"	"During"	"PrePostFVTDuring"	6.08904484990617	0	12.1796176691368	0.617119245788755	1	0.61588770628311	1	NA	"prevalence"	20	15
"NODE_1542_length_3340_cov_7.443227"	"PrePostFVT"	"Post"	"PrePostFVTPost"	1.11212600750106	0	1.12396522177637	0.322434920457834	1	0.540905562985018	1	NA	"prevalence"	20	15
"NODE_1545_length_2573_cov_4.320890"	"PrePostFVT"	"During"	"PrePostFVTDuring"	13.4257042827195	0	486.107535399774	0.977966191280939	1	0.977966191280939	1	NA	"prevalence"	20	7
"NODE_1545_length_2573_cov_4.320890"	"PrePostFVT"	"Post"	"PrePostFVTPost"	14.3419055630488	0	486.106251224777	0.976462913076056	1	0.976462913076056	1	NA	"prevalence"	20	7
"NODE_1545_length_3266_cov_19.607910"	"PrePostFVT"	"During"	"PrePostFVTDuring"	13.0347309409352	0	387.037645831705	0.973133763613518	1	0.973133763613518	1	NA	"prevalence"	20	8
"NODE_1545_length_3266_cov_19.607910"	"PrePostFVT"	"Post"	"PrePostFVTPost"	14.4210210519919	0	387.036244390769	0.970277594494474	1	0.970277594494474	1	NA	"prevalence"	20	8
"NODE_1553_length_4236_cov_29.627601"	"PrePostFVT"	"During"	"PrePostFVTDuring"	21.326624191982	0	52631.4734974337	0.999676691861724	1	0.174121416428516	0.758034601176654	NA	"prevalence"	20	19
"NODE_1553_length_4236_cov_29.627601"	"PrePostFVT"	"Post"	"PrePostFVTPost"	29.4053043905307	0	1726949.63032575	0.999986414173311	1	0.0707520765462541	0.528239485526331	NA	"prevalence"	20	19
"NODE_1556_length_2521_cov_7.834144"	"PrePostFVT"	"During"	"PrePostFVTDuring"	6.08904487544686	0	12.1790807028601	0.617103723569412	1	0.853390441495591	1	NA	"prevalence"	20	13
"NODE_1556_length_2521_cov_7.834144"	"PrePostFVT"	"Post"	"PrePostFVTPost"	0.625705899764414	0	1.07519796963482	0.560603842632189	1	0.806931016890402	1	NA	"prevalence"	20	13
"NODE_1557_length_2521_cov_5.727088"	"PrePostFVT"	"During"	"PrePostFVTDuring"	6.08904484990617	0	12.1796176691368	0.617119245788755	1	0.853402328054628	1	NA	"prevalence"	20	15
"NODE_1557_length_2521_cov_5.727088"	"PrePostFVT"	"Post"	"PrePostFVTPost"	1.11212600750106	0	1.12396522177637	0.322434920457834	1	0.123227666881047	0.686910980924756	NA	"prevalence"	20	15
"NODE_156_length_14543_cov_6.802250"	"PrePostFVT"	"During"	"PrePostFVTDuring"	13.5128230497316	0	692.35088390461	0.984428432645631	1	0.263195374136976	0.863105797110817	NA	"prevalence"	20	18
"NODE_156_length_14543_cov_6.802250"	"PrePostFVT"	"Post"	"PrePostFVTPost"	14.6110352801264	0	673.37872897208	0.982688783803017	1	0.0764495155732736	0.547256724396239	NA	"prevalence"	20	18
"NODE_156_length_62050_cov_244.358481|provirus_1478_13348"	"PrePostFVT"	"During"	"PrePostFVTDuring"	13.5128230497316	0	692.35088390461	0.984428432645631	1	0.275657810464652	0.871765233337443	NA	"prevalence"	20	18
"NODE_156_length_62050_cov_244.358481|provirus_1478_13348"	"PrePostFVT"	"Post"	"PrePostFVTPost"	14.6110352801264	0	673.37872897208	0.982688783803017	1	0.205024871819793	0.758034601176654	NA	"prevalence"	20	18
"NODE_1564_length_2551_cov_4.290865"	"PrePostFVT"	"During"	"PrePostFVTDuring"	-4.79045828458723	0	6.43855484022439	0.45686017439314	1	0.45686017439314	1	NA	"prevalence"	20	4
"NODE_1568_length_3144_cov_7.337650"	"PrePostFVT"	"During"	"PrePostFVTDuring"	-3.77857839920765e-16	0	1.48398971309447	1	1	1	1	NA	"prevalence"	20	3
"NODE_1568_length_3144_cov_7.337650"	"PrePostFVT"	"Post"	"PrePostFVTPost"	-4.83763307591802	0	5.21216363901319	0.35333340900018	1	0.35333340900018	0.935794742937876	NA	"prevalence"	20	3
"NODE_1570_length_4197_cov_19.349107"	"PrePostFVT"	"During"	"PrePostFVTDuring"	13.5128230497316	0	692.35088390461	0.984428432645631	1	0.205118875529243	0.758034601176654	NA	"prevalence"	20	18
"NODE_1570_length_4197_cov_19.349107"	"PrePostFVT"	"Post"	"PrePostFVTPost"	14.6110352801264	0	673.37872897208	0.982688783803017	1	0.0636829668567185	0.502760264658304	NA	"prevalence"	20	18
"NODE_1575_length_2587_cov_4.397709"	"PrePostFVT"	"During"	"PrePostFVTDuring"	-12.5544892254383	0	429.37829515247	0.976674167863178	1	0.976674167863178	1	NA	"prevalence"	20	2
"NODE_1575_length_2587_cov_4.397709"	"PrePostFVT"	"Post"	"PrePostFVTPost"	-15.5308523278378	0	1136.02644134997	0.989092295003929	1	0.989092295003929	1	NA	"prevalence"	20	2
"NODE_158_length_11081_cov_10.553238"	"PrePostFVT"	"During"	"PrePostFVTDuring"	21.326624191982	0	52631.4734974337	0.999676691861724	1	0.46327596437814	1	NA	"prevalence"	20	19
"NODE_158_length_11081_cov_10.553238"	"PrePostFVT"	"Post"	"PrePostFVTPost"	29.4053043905307	0	1726949.63032575	0.999986414173311	1	0.020479036180422	0.423358870919266	NA	"prevalence"	20	19
"NODE_1587_length_2566_cov_3.740342"	"PrePostFVT"	"During"	"PrePostFVTDuring"	2.31413884680681e-14	0	3.3946754613979	0.999999999999995	1	0.249173417546738	0.839089799485433	NA	"prevalence"	20	10
"NODE_1587_length_2566_cov_3.740342"	"PrePostFVT"	"Post"	"PrePostFVTPost"	-12.1780897508937	0	32.1411758804242	0.704766786543544	1	0.704766786543544	1	NA	"prevalence"	20	10
"NODE_159_length_9578_cov_8.532395"	"PrePostFVT"	"During"	"PrePostFVTDuring"	13.5128230497316	0	692.35088390461	0.984428432645631	1	0.925635982038476	1	NA	"prevalence"	20	18
"NODE_159_length_9578_cov_8.532395"	"PrePostFVT"	"Post"	"PrePostFVTPost"	14.6110352801264	0	673.37872897208	0.982688783803017	1	0.282187449678241	0.871765233337443	NA	"prevalence"	20	18
"NODE_1590_length_3270_cov_6.386625"	"PrePostFVT"	"During"	"PrePostFVTDuring"	0	0	3.39467156712467	1	1	0.54011332977209	1	NA	"prevalence"	20	19
"NODE_1590_length_3270_cov_6.386625"	"PrePostFVT"	"Post"	"PrePostFVTPost"	-1.2819192790658	0	2.17486883015931	0.555577067672451	1	0.342295718734683	0.925881862151192	NA	"prevalence"	20	19
"NODE_1591_length_1517_cov_4.012312"	"PrePostFVT"	"During"	"PrePostFVTDuring"	-21.6753779986923	0	39628.3836708353	0.999563584305228	1	0.999563584305228	1	NA	"prevalence"	20	3
"NODE_1592_length_1516_cov_2.763860"	"PrePostFVT"	"During"	"PrePostFVTDuring"	0.915806196019971	0	1.64320964988567	0.577303577824052	1	0.577303577824052	1	NA	"prevalence"	20	2
"NODE_1592_length_1516_cov_2.763860"	"PrePostFVT"	"Post"	"PrePostFVTPost"	-11.4647424958072	0	233.394009487142	0.960822200985721	1	0.960822200985721	1	NA	"prevalence"	20	2
"NODE_1595_length_1770_cov_2.963848"	"PrePostFVT"	"During"	"PrePostFVTDuring"	-15.544012481093	0	251.152478152375	0.950649842547155	1	0.950649842547155	1	NA	"prevalence"	20	5
"NODE_1596_length_3038_cov_4.598056"	"PrePostFVT"	"During"	"PrePostFVTDuring"	-10.6864701215999	0	171.115056480101	0.950202920100395	1	0.950202920100395	1	NA	"prevalence"	20	2
"NODE_1596_length_3038_cov_4.598056"	"PrePostFVT"	"Post"	"PrePostFVTPost"	-13.1372741573707	0	331.143073060348	0.968354224807565	1	0.968354224807565	1	NA	"prevalence"	20	2
"NODE_1607_length_3696_cov_24.127712"	"PrePostFVT"	"During"	"PrePostFVTDuring"	6.08904486356908	0	12.1790801852046	0.617103709292986	1	0.85339043056281	1	NA	"prevalence"	20	10
"NODE_1607_length_3696_cov_24.127712"	"PrePostFVT"	"Post"	"PrePostFVTPost"	-0.202711512497004	0	1.05626310744814	0.847809693609085	1	0.449912134101525	1	NA	"prevalence"	20	10
"NODE_1609_length_2520_cov_15.341582"	"PrePostFVT"	"During"	"PrePostFVTDuring"	21.326624191982	0	52631.4734974337	0.999676691861724	1	0.139873356952111	0.733219832963666	NA	"prevalence"	20	19
"NODE_1609_length_2520_cov_15.341582"	"PrePostFVT"	"Post"	"PrePostFVTPost"	29.4053043905307	0	1726949.63032575	0.999986414173311	1	0.0518060540287686	0.47724151592352	NA	"prevalence"	20	19
"NODE_162_length_19737_cov_26.076466"	"PrePostFVT"	"During"	"PrePostFVTDuring"	21.326624191982	0	52631.4734974337	0.999676691861724	1	0.178999307687983	0.758034601176654	NA	"prevalence"	20	19
"NODE_162_length_19737_cov_26.076466"	"PrePostFVT"	"Post"	"PrePostFVTPost"	29.4053043905307	0	1726949.63032575	0.999986414173311	1	0.139105109552688	0.733219832963666	NA	"prevalence"	20	19
"NODE_162_length_43197_cov_12.090260"	"PrePostFVT"	"During"	"PrePostFVTDuring"	6.08904482732242	0	12.179188120992	0.617106831315166	1	0.0879759253429702	0.567165810624114	NA	"prevalence"	20	9
"NODE_162_length_43197_cov_12.090260"	"PrePostFVT"	"Post"	"PrePostFVTPost"	-1.11212600750904	0	1.12396495204173	0.322434804328655	1	0.0858112455795643	0.562554475938266	NA	"prevalence"	20	9
"NODE_1624_length_2501_cov_5.282911"	"PrePostFVT"	"During"	"PrePostFVTDuring"	0	0	3.39467111373657	1	1	0.92903298082759	1	NA	"prevalence"	20	16
"NODE_1627_length_2508_cov_5.315124"	"PrePostFVT"	"During"	"PrePostFVTDuring"	2.05073912681691e-14	0	3.3946772020926	0.999999999999995	1	0.692892569521172	1	NA	"prevalence"	20	16
"NODE_1631_length_2537_cov_4.762288"	"PrePostFVT"	"During"	"PrePostFVTDuring"	4.62867305071692e-30	0	1.52844310826788	1	1	1	1	NA	"prevalence"	20	4
"NODE_1648_length_4785_cov_13.005285"	"PrePostFVT"	"During"	"PrePostFVTDuring"	6.08904487544685	0	12.1789730053703	0.617100610482939	1	0.853388057507462	1	NA	"prevalence"	20	14
"NODE_1648_length_4785_cov_13.005285"	"PrePostFVT"	"Post"	"PrePostFVTPost"	0.625705899764411	0	1.07519754603371	0.560603688195092	1	0.806930881172244	1	NA	"prevalence"	20	14
"NODE_165_length_16883_cov_194.874733"	"PrePostFVT"	"During"	"PrePostFVTDuring"	11.773253487991	0	463.781934107444	0.979747619108478	1	0.637730793232475	1	NA	"prevalence"	20	16
"NODE_165_length_16883_cov_194.874733"	"PrePostFVT"	"Post"	"PrePostFVTPost"	0.469723471170572	0	1.52479205130138	0.758038657598645	1	0.881251185583876	1	NA	"prevalence"	20	16
"NODE_1654_length_2858_cov_11.802711"	"PrePostFVT"	"During"	"PrePostFVTDuring"	6.08904484990617	0	12.1796176691368	0.617119245788755	1	0.853402328054628	1	NA	"prevalence"	20	15
"NODE_1654_length_2858_cov_11.802711"	"PrePostFVT"	"Post"	"PrePostFVTPost"	1.11212600750106	0	1.12396522177637	0.322434920457834	1	0.540905562985018	1	NA	"prevalence"	20	15
"NODE_1656_length_2587_cov_5.100316"	"PrePostFVT"	"During"	"PrePostFVTDuring"	0.916369390268276	0	1.64315552328511	0.577056924307724	1	0.577056924307724	1	NA	"prevalence"	20	3
"NODE_1656_length_2587_cov_5.100316"	"PrePostFVT"	"Post"	"PrePostFVTPost"	-14.9343958260513	0	1365.33377278632	0.991272693548533	1	0.991272693548533	1	NA	"prevalence"	20	3
"NODE_1656_length_3207_cov_14.056472"	"PrePostFVT"	"During"	"PrePostFVTDuring"	12.2340636225895	0	373.912994840725	0.973898662928002	1	0.605956068775209	1	NA	"prevalence"	20	16
"NODE_1665_length_2883_cov_17.205799"	"PrePostFVT"	"During"	"PrePostFVTDuring"	0	0	3.39467506468286	1	1	0.857897513908627	1	NA	"prevalence"	20	18
"NODE_1665_length_2883_cov_17.205799"	"PrePostFVT"	"Post"	"PrePostFVTPost"	-1.2819192790658	0	2.17487215283095	0.555577671593427	1	0.441286594594991	1	NA	"prevalence"	20	18
"NODE_1670_length_2836_cov_3.867314"	"PrePostFVT"	"During"	"PrePostFVTDuring"	-0.712579298501216	0	1.47531056672525	0.629093669230961	1	0.629093669230961	1	NA	"prevalence"	20	5
"NODE_1678_length_2720_cov_50.305816"	"PrePostFVT"	"During"	"PrePostFVTDuring"	6.08904487544686	0	12.1790807028601	0.617103723569412	1	0.7818402486524	1	NA	"prevalence"	20	14
"NODE_1678_length_2720_cov_50.305816"	"PrePostFVT"	"Post"	"PrePostFVTPost"	0.625705899764414	0	1.07519796963482	0.560603842632189	1	0.806931016890402	1	NA	"prevalence"	20	14
"NODE_168_length_20682_cov_21.840016"	"PrePostFVT"	"During"	"PrePostFVTDuring"	4.79045828458724	0	6.4385549712328	0.4568601835518	1	0.135906596589859	0.728071053159958	NA	"prevalence"	20	17
"NODE_168_length_21353_cov_13.414217"	"PrePostFVT"	"During"	"PrePostFVTDuring"	-2.61772330180628e-07	0	1.76870204245991	0.999999881911088	1	0.994771142393619	1	NA	"prevalence"	20	15
"NODE_168_length_21353_cov_13.414217"	"PrePostFVT"	"Post"	"PrePostFVTPost"	0.756037315863166	0	1.39217958980342	0.587088359659294	1	0.104414646132262	0.610936759284512	NA	"prevalence"	20	15
"NODE_1686_length_3018_cov_10.032400"	"PrePostFVT"	"During"	"PrePostFVTDuring"	4.79045828458724	0	6.4385549712328	0.4568601835518	1	0.157466412153488	0.733453421370358	NA	"prevalence"	20	17
"NODE_1688_length_2140_cov_2.430216"	"PrePostFVT"	"During"	"PrePostFVTDuring"	-9.73447769800498	0	167.782249452091	0.953733877010671	1	0.953733877010671	1	NA	"prevalence"	20	4
"NODE_1688_length_2140_cov_2.430216"	"PrePostFVT"	"Post"	"PrePostFVTPost"	0.916357616852989	0	1.30383357596082	0.482169220921563	1	0.482169220921563	1	NA	"prevalence"	20	4
"NODE_169_length_60470_cov_54.574162"	"PrePostFVT"	"During"	"PrePostFVTDuring"	-0.712579298499848	0	1.47531033471751	0.629093615299162	1	0.629093615299162	1	NA	"prevalence"	20	6
"NODE_1691_length_3010_cov_5.814213"	"PrePostFVT"	"During"	"PrePostFVTDuring"	13.4257042827195	0	486.107535399774	0.977966191280939	1	0.977966191280939	1	NA	"prevalence"	20	7
"NODE_1691_length_3010_cov_5.814213"	"PrePostFVT"	"Post"	"PrePostFVTPost"	14.3419055630488	0	486.106251224777	0.976462913076056	1	0.976462913076056	1	NA	"prevalence"	20	7
"NODE_1696_length_2376_cov_3.195174"	"PrePostFVT"	"During"	"PrePostFVTDuring"	0.916319955242303	0	1.6431550240259	0.577077356289932	1	0.577077356289932	1	NA	"prevalence"	20	2
"NODE_1696_length_2376_cov_3.195174"	"PrePostFVT"	"Post"	"PrePostFVTPost"	-12.6864809524797	0	397.839952121677	0.974561046542602	1	0.974561046542602	1	NA	"prevalence"	20	2
"NODE_17_length_139991_cov_17.814237|provirus_88907_131566"	"PrePostFVT"	"During"	"PrePostFVTDuring"	0	0	3.39467506468286	1	1	0.79962110527326	1	NA	"prevalence"	20	18
"NODE_17_length_139991_cov_17.814237|provirus_88907_131566"	"PrePostFVT"	"Post"	"PrePostFVTPost"	-1.2819192790658	0	2.17487215283095	0.555577671593427	1	0.726055133767859	1	NA	"prevalence"	20	18
"NODE_1700_length_2749_cov_7.180772"	"PrePostFVT"	"During"	"PrePostFVTDuring"	0	0	3.39467506468286	1	1	0.608563589177483	1	NA	"prevalence"	20	19
"NODE_1700_length_2749_cov_7.180772"	"PrePostFVT"	"Post"	"PrePostFVTPost"	-1.2819192790658	0	2.17487215283095	0.555577671593427	1	0.520729868238724	1	NA	"prevalence"	20	19
"NODE_1705_length_3384_cov_5.820066"	"PrePostFVT"	"During"	"PrePostFVTDuring"	21.326624191982	0	52631.4734974337	0.999676691861724	1	0.15072651122456	0.733219832963666	NA	"prevalence"	20	19
"NODE_1705_length_3384_cov_5.820066"	"PrePostFVT"	"Post"	"PrePostFVTPost"	29.4053043905307	0	1726949.63032575	0.999986414173311	1	0.180545567016084	0.758034601176654	NA	"prevalence"	20	19
"NODE_1709_length_2618_cov_3.747171"	"PrePostFVT"	"During"	"PrePostFVTDuring"	-11.8591711466976	0	496.71425845524	0.980952125852237	1	0.980952125852237	1	NA	"prevalence"	20	3
"NODE_1709_length_2618_cov_3.747171"	"PrePostFVT"	"Post"	"PrePostFVTPost"	0.356604398798867	0	1.3575055779849	0.79278881040451	1	0.79278881040451	1	NA	"prevalence"	20	3
"NODE_1710_length_2968_cov_4.391692"	"PrePostFVT"	"During"	"PrePostFVTDuring"	6.08904487544686	0	12.1790807028601	0.617103723569412	1	0.853390441495591	1	NA	"prevalence"	20	13
"NODE_1710_length_2968_cov_4.391692"	"PrePostFVT"	"Post"	"PrePostFVTPost"	0.625705899764414	0	1.07519796963482	0.560603842632189	1	0.806931016890402	1	NA	"prevalence"	20	13
"NODE_1712_length_2968_cov_4.969791"	"PrePostFVT"	"During"	"PrePostFVTDuring"	0.916164004836699	0	1.64316138533471	0.577143653801658	1	0.577143653801658	1	NA	"prevalence"	20	2
"NODE_1712_length_2968_cov_4.969791"	"PrePostFVT"	"Post"	"PrePostFVTPost"	-13.3390580829006	0	562.629828548202	0.981085198491425	1	0.981085198491425	1	NA	"prevalence"	20	2
"NODE_1719_length_2592_cov_7.839574"	"PrePostFVT"	"During"	"PrePostFVTDuring"	-3.03999649135417e-15	0	1.52844317921037	0.999999999999998	1	0.999999999999998	1	NA	"prevalence"	20	4
"NODE_172_length_36863_cov_73.802760"	"PrePostFVT"	"Post"	"PrePostFVTPost"	-16.6868645799857	0	366.366082400528	0.963671337910923	1	0.963671337910923	1	NA	"prevalence"	20	6
"NODE_1723_length_3057_cov_7.331113"	"PrePostFVT"	"During"	"PrePostFVTDuring"	0	0	3.39467506468286	1	1	0.674446426942121	1	NA	"prevalence"	20	19
"NODE_1723_length_3057_cov_7.331113"	"PrePostFVT"	"Post"	"PrePostFVTPost"	-1.2819192790658	0	2.17487215283095	0.555577671593427	1	0.799702415483845	1	NA	"prevalence"	20	19
"NODE_1727_length_2069_cov_4.505958"	"PrePostFVT"	"During"	"PrePostFVTDuring"	-0.000479721903613898	0	380.669119091484	0.99999899450026	1	0.99999899450026	1	NA	"prevalence"	20	2
"NODE_1727_length_2069_cov_4.505958"	"PrePostFVT"	"Post"	"PrePostFVTPost"	11.6651058864227	0	201.295087682293	0.953788235930471	1	0.953788235930471	1	NA	"prevalence"	20	2
"NODE_173_length_16054_cov_33.606850"	"PrePostFVT"	"During"	"PrePostFVTDuring"	21.326624191982	0	52631.4734974337	0.999676691861724	1	0.130193888415561	0.708976620084738	NA	"prevalence"	20	19
"NODE_173_length_16054_cov_33.606850"	"PrePostFVT"	"Post"	"PrePostFVTPost"	29.4053043905307	0	1726949.63032575	0.999986414173311	1	0.129707587858758	0.708667284658777	NA	"prevalence"	20	19
"NODE_173_length_34151_cov_24.803555"	"PrePostFVT"	"During"	"PrePostFVTDuring"	0.916369390268276	0	1.64315552328511	0.577056924307724	1	0.577056924307724	1	NA	"prevalence"	20	2
"NODE_173_length_34151_cov_24.803555"	"PrePostFVT"	"Post"	"PrePostFVTPost"	-14.9343958260513	0	1365.33377278632	0.991272693548533	1	0.991272693548533	1	NA	"prevalence"	20	2
"NODE_1736_length_2914_cov_5.421126"	"PrePostFVT"	"During"	"PrePostFVTDuring"	-29.2541341927095	0	1180.94603870976	0.980237001304319	1	0.980237001304319	1	NA	"prevalence"	20	6
"NODE_1736_length_2914_cov_5.421126"	"PrePostFVT"	"Post"	"PrePostFVTPost"	-30.4181151290351	0	1213.46082666494	0.980001329768096	1	0.980001329768096	1	NA	"prevalence"	20	6
"NODE_1748_length_2651_cov_3.706857"	"PrePostFVT"	"During"	"PrePostFVTDuring"	-3.03999649135417e-15	0	1.52844317921037	0.999999999999998	1	0.999999999999998	1	NA	"prevalence"	20	4
"NODE_1752_length_2889_cov_4.153846"	"PrePostFVT"	"During"	"PrePostFVTDuring"	1.39417073622582	0	1.50215332791327	0.353348023028683	1	0.551304418281509	1	NA	"prevalence"	20	7
"NODE_1752_length_2889_cov_4.153846"	"PrePostFVT"	"Post"	"PrePostFVTPost"	3.12562625090038e-30	0	1.11627210184363	1	1	0.996319763367317	1	NA	"prevalence"	20	7
"NODE_176_length_48312_cov_16.718466|provirus_34_38596"	"PrePostFVT"	"During"	"PrePostFVTDuring"	6.08904484990617	0	12.1796176691368	0.617119245788755	1	0.790482724026524	1	NA	"prevalence"	20	15
"NODE_176_length_48312_cov_16.718466|provirus_34_38596"	"PrePostFVT"	"Post"	"PrePostFVTPost"	1.11212600750106	0	1.12396522177637	0.322434920457834	1	0.540905562985018	1	NA	"prevalence"	20	15
"NODE_1761_length_2502_cov_7.919085"	"PrePostFVT"	"During"	"PrePostFVTDuring"	-10.6864701215999	0	171.115056480101	0.950202920100395	1	0.950202920100395	1	NA	"prevalence"	20	2
"NODE_1761_length_2502_cov_7.919085"	"PrePostFVT"	"Post"	"PrePostFVTPost"	-13.1372741573707	0	331.143073060348	0.968354224807565	1	0.968354224807565	1	NA	"prevalence"	20	2
"NODE_1769_length_1947_cov_6.059197"	"PrePostFVT"	"During"	"PrePostFVTDuring"	0	0	3.39467506468286	1	1	0.66222905928949	1	NA	"prevalence"	20	19
"NODE_1769_length_1947_cov_6.059197"	"PrePostFVT"	"Post"	"PrePostFVTPost"	-1.2819192790658	0	2.17487215283095	0.555577671593427	1	0.80248879401368	1	NA	"prevalence"	20	19
"NODE_177_length_43590_cov_15.368715"	"PrePostFVT"	"During"	"PrePostFVTDuring"	-0.0279330857631191	0	29.9651442106984	0.999256223347987	1	0.0615380808575695	0.494478095540919	NA	"prevalence"	20	18
"NODE_177_length_43590_cov_15.368715"	"PrePostFVT"	"Post"	"PrePostFVTPost"	-11.6790343668742	0	19.0956149642791	0.540797022909662	1	0.000134116208208029	0.0711509716304414	NA	"prevalence"	20	18
"NODE_1774_length_2850_cov_22.364222"	"PrePostFVT"	"During"	"PrePostFVTDuring"	6.08904486356908	0	12.1790799356227	0.617103702078666	1	0.853390425038137	1	NA	"prevalence"	20	10
"NODE_1774_length_2850_cov_22.364222"	"PrePostFVT"	"Post"	"PrePostFVTPost"	-0.202711512497004	0	1.05626292525111	0.847809667678167	1	0.97683810274777	1	NA	"prevalence"	20	10
"NODE_179_length_34455_cov_9.524186"	"PrePostFVT"	"During"	"PrePostFVTDuring"	1.39417073837958	0	1.50215402515022	0.353348245723404	1	0.581841508691001	1	NA	"prevalence"	20	7
"NODE_179_length_34455_cov_9.524186"	"PrePostFVT"	"Post"	"PrePostFVTPost"	-2.34429635306413e-30	0	1.1162719061836	1	1	0.971302749131348	1	NA	"prevalence"	20	7
"NODE_1790_length_3353_cov_6.374773"	"PrePostFVT"	"During"	"PrePostFVTDuring"	13.4257042827195	0	486.107535399774	0.977966191280939	1	0.977966191280939	1	NA	"prevalence"	20	8
"NODE_1790_length_3353_cov_6.374773"	"PrePostFVT"	"Post"	"PrePostFVTPost"	14.3419055630488	0	486.106251224777	0.976462913076056	1	0.976462913076056	1	NA	"prevalence"	20	8
"NODE_1795_length_2239_cov_2.438645"	"PrePostFVT"	"During"	"PrePostFVTDuring"	0.916319955242303	0	1.6431550240259	0.577077356289932	1	0.577077356289932	1	NA	"prevalence"	20	2
"NODE_1795_length_2239_cov_2.438645"	"PrePostFVT"	"Post"	"PrePostFVTPost"	-12.6864809524797	0	397.839952121677	0.974561046542602	1	0.974561046542602	1	NA	"prevalence"	20	2
"NODE_1798_length_2684_cov_29.311145"	"PrePostFVT"	"During"	"PrePostFVTDuring"	0.916341649034481	0	1.64317378747044	0.577072688474292	1	0.577072688474292	1	NA	"prevalence"	20	3
"NODE_1798_length_2684_cov_29.311145"	"PrePostFVT"	"Post"	"PrePostFVTPost"	-0.470004534868437	0	1.52481466995228	0.75790188272981	1	0.75790188272981	1	NA	"prevalence"	20	3
"NODE_18_length_170276_cov_137.036740|provirus_122720_154544"	"PrePostFVT"	"During"	"PrePostFVTDuring"	0	0	3.39467506468286	1	1	0.549713183450323	1	NA	"prevalence"	20	19
"NODE_18_length_170276_cov_137.036740|provirus_122720_154544"	"PrePostFVT"	"Post"	"PrePostFVTPost"	-1.2819192790658	0	2.17487215283095	0.555577671593427	1	0.61329930023271	1	NA	"prevalence"	20	19
"NODE_1801_length_2808_cov_5.873956"	"PrePostFVT"	"During"	"PrePostFVTDuring"	6.08904486356908	0	12.1790801852046	0.617103709292986	1	0.85339043056281	1	NA	"prevalence"	20	11
"NODE_1801_length_2808_cov_5.873956"	"PrePostFVT"	"Post"	"PrePostFVTPost"	-0.202711512497004	0	1.05626310744814	0.847809693609085	1	0.97683811064064	1	NA	"prevalence"	20	11
"NODE_1802_length_2870_cov_5.132149"	"PrePostFVT"	"Post"	"PrePostFVTPost"	-0.583352751935022	0	1.71033064905405	0.733046361502731	1	0.733046361502731	1	NA	"prevalence"	20	5
"NODE_1811_length_4326_cov_11.406696"	"PrePostFVT"	"During"	"PrePostFVTDuring"	0	0	3.39467506468286	1	1	0.73463658582809	1	NA	"prevalence"	20	19
"NODE_1811_length_4326_cov_11.406696"	"PrePostFVT"	"Post"	"PrePostFVTPost"	-1.2819192790658	0	2.17487215283095	0.555577671593427	1	0.80248879401368	1	NA	"prevalence"	20	19
"NODE_1812_length_3305_cov_5.784923"	"PrePostFVT"	"During"	"PrePostFVTDuring"	-0.712579298501216	0	1.47531056672525	0.629093669230961	1	0.629093669230961	1	NA	"prevalence"	20	5
"NODE_1816_length_3002_cov_18.713607"	"PrePostFVT"	"During"	"PrePostFVTDuring"	6.08904486356908	0	12.1790801852046	0.617103709292986	1	0.85339043056281	1	NA	"prevalence"	20	10
"NODE_1816_length_3002_cov_18.713607"	"PrePostFVT"	"Post"	"PrePostFVTPost"	-0.202711512497004	0	1.05626310744814	0.847809693609085	1	0.673214321512781	1	NA	"prevalence"	20	10
"NODE_1822_length_4306_cov_6.684780"	"PrePostFVT"	"During"	"PrePostFVTDuring"	7.52456635478248e-14	0	3.39467292728331	0.999999999999982	1	0.67246750116695	1	NA	"prevalence"	20	15
"NODE_1824_length_2591_cov_4.697950"	"PrePostFVT"	"During"	"PrePostFVTDuring"	6.08904487544685	0	12.1789730053703	0.617100610482939	1	0.66685976220606	1	NA	"prevalence"	20	13
"NODE_1824_length_2591_cov_4.697950"	"PrePostFVT"	"Post"	"PrePostFVTPost"	0.625705899764411	0	1.07519754603371	0.560603688195092	1	0.776773732343093	1	NA	"prevalence"	20	13
"NODE_1837_length_3530_cov_8.391942"	"PrePostFVT"	"During"	"PrePostFVTDuring"	6.08904487544686	0	12.1790807028601	0.617103723569412	1	0.853390441495591	1	NA	"prevalence"	20	14
"NODE_1837_length_3530_cov_8.391942"	"PrePostFVT"	"Post"	"PrePostFVTPost"	0.625705899764414	0	1.07519796963482	0.560603842632189	1	0.806931016890402	1	NA	"prevalence"	20	14
"NODE_1839_length_3460_cov_6.952717"	"PrePostFVT"	"During"	"PrePostFVTDuring"	-20.1020759386544	0	2364.82671845787	0.993217709039584	1	0.993217709039584	1	NA	"prevalence"	20	5
"NODE_1839_length_3460_cov_6.952717"	"PrePostFVT"	"Post"	"PrePostFVTPost"	-16.9920458083332	0	639.688291161758	0.978808277416824	1	0.978808277416824	1	NA	"prevalence"	20	5
"NODE_1840_length_3253_cov_88.970294"	"PrePostFVT"	"During"	"PrePostFVTDuring"	4.79045828458724	0	6.4385549712328	0.4568601835518	1	0.303461526467499	0.873767032882173	NA	"prevalence"	20	17
"NODE_1843_length_2797_cov_5.328957"	"PrePostFVT"	"During"	"PrePostFVTDuring"	6.08904485432403	0	12.1791878757504	0.617106822665303	1	0.428998106772994	1	NA	"prevalence"	20	13
"NODE_1843_length_2797_cov_5.328957"	"PrePostFVT"	"Post"	"PrePostFVTPost"	0.202711512497004	0	1.05626336079069	0.847809729665667	1	0.604021194253129	1	NA	"prevalence"	20	13
"NODE_1850_length_2736_cov_7.120104"	"PrePostFVT"	"During"	"PrePostFVTDuring"	6.08904484990617	0	12.1796176691368	0.617119245788755	1	0.853402328054628	1	NA	"prevalence"	20	15
"NODE_1850_length_2736_cov_7.120104"	"PrePostFVT"	"Post"	"PrePostFVTPost"	1.11212600750106	0	1.12396522177637	0.322434920457834	1	0.540905562985018	1	NA	"prevalence"	20	15
"NODE_1855_length_3427_cov_4.307236"	"PrePostFVT"	"During"	"PrePostFVTDuring"	6.08904484990617	0	12.1796176691368	0.617119245788755	1	0.853402328054628	1	NA	"prevalence"	20	15
"NODE_1855_length_3427_cov_4.307236"	"PrePostFVT"	"Post"	"PrePostFVTPost"	1.11212600750106	0	1.12396522177637	0.322434920457834	1	0.0614305986868065	0.494478095540919	NA	"prevalence"	20	15
"NODE_1858_length_2630_cov_15.348350"	"PrePostFVT"	"During"	"PrePostFVTDuring"	21.326624191982	0	52631.4734974337	0.999676691861724	1	0.198942840656136	0.758034601176654	NA	"prevalence"	20	19
"NODE_1858_length_2630_cov_15.348350"	"PrePostFVT"	"Post"	"PrePostFVTPost"	29.4053043905307	0	1726949.63032575	0.999986414173311	1	0.049652722728896	0.47724151592352	NA	"prevalence"	20	19
"NODE_1861_length_1706_cov_9.000606"	"PrePostFVT"	"During"	"PrePostFVTDuring"	13.5128230497316	0	692.35088390461	0.984428432645631	1	0.181058916741907	0.758034601176654	NA	"prevalence"	20	18
"NODE_1861_length_1706_cov_9.000606"	"PrePostFVT"	"Post"	"PrePostFVTPost"	14.6110352801264	0	673.37872897208	0.982688783803017	1	0.0339774884615886	0.47724151592352	NA	"prevalence"	20	18
"NODE_1869_length_3204_cov_4.899968"	"PrePostFVT"	"During"	"PrePostFVTDuring"	-10.6864701215999	0	171.115056480101	0.950202920100395	1	0.950202920100395	1	NA	"prevalence"	20	2
"NODE_1869_length_3204_cov_4.899968"	"PrePostFVT"	"Post"	"PrePostFVTPost"	-13.1372741573707	0	331.143073060348	0.968354224807565	1	0.968354224807565	1	NA	"prevalence"	20	2
"NODE_1876_length_1287_cov_2.543831"	"PrePostFVT"	"During"	"PrePostFVTDuring"	-4.79045828458723	0	6.43855484022439	0.45686017439314	1	0.45686017439314	1	NA	"prevalence"	20	3
"NODE_1876_length_2784_cov_5.208868"	"PrePostFVT"	"During"	"PrePostFVTDuring"	6.08904485432403	0	12.1791878757504	0.617106822665303	1	0.533835771873203	1	NA	"prevalence"	20	11
"NODE_1876_length_2784_cov_5.208868"	"PrePostFVT"	"Post"	"PrePostFVTPost"	0.202711512497004	0	1.05626336079069	0.847809729665667	1	0.976838121615563	1	NA	"prevalence"	20	11
"NODE_1881_length_1243_cov_5.522727"	"PrePostFVT"	"During"	"PrePostFVTDuring"	-10.6602565973196	0	266.629149559324	0.96810780582784	1	0.96810780582784	1	NA	"prevalence"	20	3
"NODE_1881_length_1243_cov_5.522727"	"PrePostFVT"	"Post"	"PrePostFVTPost"	-0.470052517117059	0	1.52480867495759	0.757877018023235	1	0.757877018023235	1	NA	"prevalence"	20	3
"NODE_189_length_21480_cov_167.721820"	"PrePostFVT"	"During"	"PrePostFVTDuring"	-20.1020759386544	0	2364.82671845787	0.993217709039584	1	0.993217709039584	1	NA	"prevalence"	20	5
"NODE_189_length_21480_cov_167.721820"	"PrePostFVT"	"Post"	"PrePostFVTPost"	-16.9920458083332	0	639.688291161758	0.978808277416824	1	0.978808277416824	1	NA	"prevalence"	20	5
"NODE_1898_length_2647_cov_5.482639"	"PrePostFVT"	"During"	"PrePostFVTDuring"	-3.03999649135417e-15	0	1.52844317921037	0.999999999999998	1	0.999999999999998	1	NA	"prevalence"	20	4
"NODE_19_length_128753_cov_65.537825|provirus_112776_127566"	"PrePostFVT"	"During"	"PrePostFVTDuring"	2.05073912681691e-14	0	3.3946772020926	0.999999999999995	1	0.71602184227487	1	NA	"prevalence"	20	16
"NODE_191_length_11482_cov_6.117791"	"PrePostFVT"	"During"	"PrePostFVTDuring"	13.5128230497316	0	692.35088390461	0.984428432645631	1	0.394891412782084	0.997811379924101	NA	"prevalence"	20	18
"NODE_191_length_11482_cov_6.117791"	"PrePostFVT"	"Post"	"PrePostFVTPost"	14.6110352801264	0	673.37872897208	0.982688783803017	1	0.0726949555180347	0.528992763931528	NA	"prevalence"	20	18
"NODE_191_length_14612_cov_5.894621"	"PrePostFVT"	"During"	"PrePostFVTDuring"	0	0	3.39467506468286	1	1	0.983523361856187	1	NA	"prevalence"	20	19
"NODE_191_length_14612_cov_5.894621"	"PrePostFVT"	"Post"	"PrePostFVTPost"	-1.2819192790658	0	2.17487215283095	0.555577671593427	1	0.80248879401368	1	NA	"prevalence"	20	19
"NODE_1923_length_2760_cov_6.805176"	"PrePostFVT"	"During"	"PrePostFVTDuring"	6.08904485432403	0	12.1791878757504	0.617106822665303	1	0.30055414393067	0.873767032882173	NA	"prevalence"	20	13
"NODE_1923_length_2760_cov_6.805176"	"PrePostFVT"	"Post"	"PrePostFVTPost"	0.202711512497004	0	1.05626336079069	0.847809729665667	1	0.40913059495123	1	NA	"prevalence"	20	13
"NODE_1929_length_2592_cov_45.237682"	"PrePostFVT"	"During"	"PrePostFVTDuring"	21.326624191982	0	52631.4734974337	0.999676691861724	1	0.443184432608242	1	NA	"prevalence"	20	19
"NODE_1929_length_2592_cov_45.237682"	"PrePostFVT"	"Post"	"PrePostFVTPost"	29.4053043905307	0	1726949.63032575	0.999986414173311	1	0.163736518390296	0.744256901774075	NA	"prevalence"	20	19
"NODE_193_length_39712_cov_6.226190"	"PrePostFVT"	"During"	"PrePostFVTDuring"	7.52456635478248e-14	0	3.39467292728331	0.999999999999982	1	0.00055399291952653	0.114261039652347	NA	"prevalence"	20	16
"NODE_1931_length_2526_cov_16.422096"	"PrePostFVT"	"During"	"PrePostFVTDuring"	0	0	3.39467506468286	1	1	0.98732030741365	1	NA	"prevalence"	20	19
"NODE_1931_length_2526_cov_16.422096"	"PrePostFVT"	"Post"	"PrePostFVTPost"	-1.2819192790658	0	2.17487215283095	0.555577671593427	1	0.80248879401368	1	NA	"prevalence"	20	19
"NODE_1931_length_2612_cov_7.167775"	"PrePostFVT"	"During"	"PrePostFVTDuring"	6.08904485432403	0	12.1791878757504	0.617106822665303	1	0.85339281475054	1	NA	"prevalence"	20	12
"NODE_1931_length_2612_cov_7.167775"	"PrePostFVT"	"Post"	"PrePostFVTPost"	0.202711512497004	0	1.05626336079069	0.847809729665667	1	0.863657532965448	1	NA	"prevalence"	20	12
"NODE_1936_length_2977_cov_4.843258"	"PrePostFVT"	"During"	"PrePostFVTDuring"	0	0	3.39467111373657	1	1	0.0445941642291285	0.47724151592352	NA	"prevalence"	20	17
"NODE_1948_length_3066_cov_2.655596"	"PrePostFVT"	"During"	"PrePostFVTDuring"	-4.79045828458723	0	6.43855484022439	0.45686017439314	1	0.45686017439314	1	NA	"prevalence"	20	3
"NODE_1950_length_1653_cov_4.717772"	"PrePostFVT"	"During"	"PrePostFVTDuring"	21.2275576811895	0	31678.4219280904	0.999465341445724	1	0.707241048805593	1	NA	"prevalence"	20	11
"NODE_1950_length_1653_cov_4.717772"	"PrePostFVT"	"Post"	"PrePostFVTPost"	-0.916290730735773	0	1.0444659356375	0.380333712334292	1	0.6160136919306	1	NA	"prevalence"	20	11
"NODE_1958_length_1741_cov_3.469751"	"PrePostFVT"	"During"	"PrePostFVTDuring"	0	0	3.39467584192082	1	1	1	1	NA	"prevalence"	20	2
"NODE_1958_length_1741_cov_3.469751"	"PrePostFVT"	"Post"	"PrePostFVTPost"	1.93239635424052	0	2.10663407805817	0.358990203535274	1	0.358990203535274	0.94170721118156	NA	"prevalence"	20	2
"NODE_1959_length_1469_cov_2.435644"	"PrePostFVT"	"During"	"PrePostFVTDuring"	-1.3863714827473	0	1.50000821435308	0.355360023761148	1	0.245076218388164	0.837654629464585	NA	"prevalence"	20	6
"NODE_196_length_10813_cov_8.589515"	"PrePostFVT"	"During"	"PrePostFVTDuring"	13.5128230497316	0	692.35088390461	0.984428432645631	1	0.639115164804088	1	NA	"prevalence"	20	18
"NODE_196_length_10813_cov_8.589515"	"PrePostFVT"	"Post"	"PrePostFVTPost"	14.6110352801264	0	673.37872897208	0.982688783803017	1	0.0332289057939345	0.47724151592352	NA	"prevalence"	20	18
"NODE_1960_length_3107_cov_46.232962"	"PrePostFVT"	"During"	"PrePostFVTDuring"	-10.6864701215999	0	171.115056480101	0.950202920100395	1	0.950202920100395	1	NA	"prevalence"	20	2
"NODE_1960_length_3107_cov_46.232962"	"PrePostFVT"	"Post"	"PrePostFVTPost"	-13.1372741573707	0	331.143073060348	0.968354224807565	1	0.968354224807565	1	NA	"prevalence"	20	2
"NODE_1960_length_3491_cov_16.300058"	"PrePostFVT"	"During"	"PrePostFVTDuring"	-2.10656232435591e-15	0	3.39467590669096	1	1	0.68009217935624	1	NA	"prevalence"	20	15
"NODE_1962_length_3106_cov_8.513274"	"PrePostFVT"	"During"	"PrePostFVTDuring"	16.2236312436017	0	873.31087001671	0.985178427499358	1	0.985178427499358	1	NA	"prevalence"	20	5
"NODE_1962_length_3106_cov_8.513274"	"PrePostFVT"	"Post"	"PrePostFVTPost"	-13.7870370302086	0	735.697817467269	0.985048453479558	1	0.985048453479558	1	NA	"prevalence"	20	5
"NODE_197_length_23469_cov_64.990988"	"PrePostFVT"	"During"	"PrePostFVTDuring"	32.2709009312543	0	4806.56349156119	0.994643104117964	1	0.994643104117964	1	NA	"prevalence"	20	5
"NODE_197_length_23469_cov_64.990988"	"PrePostFVT"	"Post"	"PrePostFVTPost"	12.8778764536079	0	455.653452724929	0.977452840514355	1	0.977452840514355	1	NA	"prevalence"	20	5
"NODE_197_length_8479_cov_9.496083"	"PrePostFVT"	"During"	"PrePostFVTDuring"	21.326624191982	0	52631.4734974337	0.999676691861724	1	0.390544276309242	0.992909177057395	NA	"prevalence"	20	19
"NODE_197_length_8479_cov_9.496083"	"PrePostFVT"	"Post"	"PrePostFVTPost"	29.4053043905307	0	1726949.63032575	0.999986414173311	1	0.0711655326918379	0.528933013250146	NA	"prevalence"	20	19
"NODE_1972_length_2680_cov_4.646476"	"PrePostFVT"	"During"	"PrePostFVTDuring"	6.08904487544686	0	12.1790807028601	0.617103723569412	1	0.853390441495591	1	NA	"prevalence"	20	14
"NODE_1972_length_2680_cov_4.646476"	"PrePostFVT"	"Post"	"PrePostFVTPost"	0.625705899764414	0	1.07519796963482	0.560603842632189	1	0.534339341628966	1	NA	"prevalence"	20	14
"NODE_1974_length_1324_cov_3.793538"	"PrePostFVT"	"During"	"PrePostFVTDuring"	13.5128230497316	0	692.35088390461	0.984428432645631	1	0.110391542981768	0.635902109849773	NA	"prevalence"	20	18
"NODE_1974_length_1324_cov_3.793538"	"PrePostFVT"	"Post"	"PrePostFVTPost"	14.6110352801264	0	673.37872897208	0.982688783803017	1	0.0196147709075217	0.423358870919266	NA	"prevalence"	20	18
"NODE_198_length_8163_cov_9.324741"	"PrePostFVT"	"During"	"PrePostFVTDuring"	4.79045828458724	0	6.4385549712328	0.4568601835518	1	0.00640609834188819	0.39452319173861	NA	"prevalence"	20	17
"NODE_199_length_38411_cov_18.010611"	"PrePostFVT"	"During"	"PrePostFVTDuring"	-11.287717296087	0	159.562122370124	0.943603224890987	1	0.434430634813883	1	NA	"prevalence"	20	14
"NODE_199_length_38411_cov_18.010611"	"PrePostFVT"	"Post"	"PrePostFVTPost"	-11.2880143560359	0	159.55902645645	0.943600650698445	1	0.0989581844322243	0.605803156934642	NA	"prevalence"	20	14
"NODE_1991_length_2613_cov_11.167709"	"PrePostFVT"	"During"	"PrePostFVTDuring"	27.5451661197075	0	1243.936109842	0.982333444107966	1	0.982333444107966	1	NA	"prevalence"	20	5
"NODE_1991_length_2613_cov_11.167709"	"PrePostFVT"	"Post"	"PrePostFVTPost"	10.8466191421752	0	172.429409807434	0.949842397524883	1	0.949842397524883	1	NA	"prevalence"	20	5
"NODE_1992_length_2011_cov_4.148773"	"PrePostFVT"	"Post"	"PrePostFVTPost"	-16.3301516877804	0	516.048592929661	0.974755474934129	1	0.974755474934129	1	NA	"prevalence"	20	6
"NODE_1992_length_3218_cov_3.072716"	"PrePostFVT"	"During"	"PrePostFVTDuring"	-4.79045828458723	0	6.43855484022439	0.45686017439314	1	0.45686017439314	1	NA	"prevalence"	20	3
"NODE_2_length_2231_cov_4.778033"	"PrePostFVT"	"During"	"PrePostFVTDuring"	0.625705899751835	0	1.46110102657085	0.668474405953752	1	0.681635714998705	1	NA	"prevalence"	20	5
"NODE_2_length_2231_cov_4.778033"	"PrePostFVT"	"Post"	"PrePostFVTPost"	-6.08904481277308	0	7.06318895882758	0.388642649087765	1	0.388642649087765	0.991128882474445	NA	"prevalence"	20	5
"NODE_2001_length_2507_cov_6.845024"	"PrePostFVT"	"During"	"PrePostFVTDuring"	-15.2584285057852	0	226.178171230053	0.946213924236529	1	0.946213924236529	1	NA	"prevalence"	20	5
"NODE_2004_length_2512_cov_6.669109"	"PrePostFVT"	"During"	"PrePostFVTDuring"	12.8363594808282	0	355.170276833996	0.971169592507494	1	0.971169592507494	1	NA	"prevalence"	20	6
"NODE_2004_length_2512_cov_6.669109"	"PrePostFVT"	"Post"	"PrePostFVTPost"	13.3063020317819	0	355.168906666156	0.970114473360978	1	0.970114473360978	1	NA	"prevalence"	20	6
"NODE_2008_length_3000_cov_5.932428"	"PrePostFVT"	"During"	"PrePostFVTDuring"	-0.712579298501216	0	1.47531056672525	0.629093669230961	1	0.629093669230961	1	NA	"prevalence"	20	5
"NODE_201_length_27274_cov_8.129836"	"PrePostFVT"	"During"	"PrePostFVTDuring"	0	0	3.39467506468286	1	1	0.648911061810658	1	NA	"prevalence"	20	19
"NODE_201_length_27274_cov_8.129836"	"PrePostFVT"	"Post"	"PrePostFVTPost"	-1.2819192790658	0	2.17487215283095	0.555577671593427	1	0.612654740410559	1	NA	"prevalence"	20	19
"NODE_2011_length_2793_cov_8.678963"	"PrePostFVT"	"During"	"PrePostFVTDuring"	2.11600367255461e-15	0	1.48398960487406	0.999999999999999	1	0.999999999999999	1	NA	"prevalence"	20	4
"NODE_2011_length_2793_cov_8.678963"	"PrePostFVT"	"Post"	"PrePostFVTPost"	-4.83763307590461	0	5.21212164988973	0.353329530943112	1	0.353329530943112	0.935794742937876	NA	"prevalence"	20	4
"NODE_2015_length_2219_cov_9.286044"	"PrePostFVT"	"During"	"PrePostFVTDuring"	-4.79045828458723	0	6.43855483919578	0.456860174321231	1	0.456860174321231	1	NA	"prevalence"	20	3
"NODE_2039_length_1954_cov_2.393365"	"PrePostFVT"	"During"	"PrePostFVTDuring"	0.916319955242303	0	1.6431550240259	0.577077356289932	1	0.577077356289932	1	NA	"prevalence"	20	2
"NODE_2039_length_1954_cov_2.393365"	"PrePostFVT"	"Post"	"PrePostFVTPost"	-12.6864809524797	0	397.839952121677	0.974561046542602	1	0.974561046542602	1	NA	"prevalence"	20	2
"NODE_204_length_29412_cov_9.598392"	"PrePostFVT"	"During"	"PrePostFVTDuring"	13.4257042827195	0	486.107535399774	0.977966191280939	1	0.977966191280939	1	NA	"prevalence"	20	7
"NODE_204_length_29412_cov_9.598392"	"PrePostFVT"	"Post"	"PrePostFVTPost"	14.3419055630488	0	486.106251224777	0.976462913076056	1	0.976462913076056	1	NA	"prevalence"	20	7
"NODE_204_length_7962_cov_6.369546"	"PrePostFVT"	"During"	"PrePostFVTDuring"	13.5128230497316	0	692.35088390461	0.984428432645631	1	0.251653295425291	0.8393130920751	NA	"prevalence"	20	18
"NODE_204_length_7962_cov_6.369546"	"PrePostFVT"	"Post"	"PrePostFVTPost"	14.6110352801264	0	673.37872897208	0.982688783803017	1	0.0410914524514358	0.47724151592352	NA	"prevalence"	20	18
"NODE_2041_length_1386_cov_3.691210"	"PrePostFVT"	"During"	"PrePostFVTDuring"	-10.6864701215999	0	171.115056480101	0.950202920100395	1	0.950202920100395	1	NA	"prevalence"	20	2
"NODE_2041_length_1386_cov_3.691210"	"PrePostFVT"	"Post"	"PrePostFVTPost"	-13.1372741573707	0	331.143073060348	0.968354224807565	1	0.968354224807565	1	NA	"prevalence"	20	2
"NODE_2048_length_1701_cov_4.141555"	"PrePostFVT"	"During"	"PrePostFVTDuring"	13.5128230497316	0	692.35088390461	0.984428432645631	1	0.553790816551913	1	NA	"prevalence"	20	18
"NODE_2048_length_1701_cov_4.141555"	"PrePostFVT"	"Post"	"PrePostFVTPost"	14.6110352801264	0	673.37872897208	0.982688783803017	1	0.237930490471898	0.82974720755722	NA	"prevalence"	20	18
"NODE_2059_length_1526_cov_4.799456"	"PrePostFVT"	"During"	"PrePostFVTDuring"	-20.1020759386544	0	2364.82671845787	0.993217709039584	1	0.993217709039584	1	NA	"prevalence"	20	5
"NODE_2059_length_1526_cov_4.799456"	"PrePostFVT"	"Post"	"PrePostFVTPost"	-16.9920458083332	0	639.688291161758	0.978808277416824	1	0.978808277416824	1	NA	"prevalence"	20	5
"NODE_206_length_8044_cov_8.274377"	"PrePostFVT"	"During"	"PrePostFVTDuring"	21.326624191982	0	52631.4734974337	0.999676691861724	1	0.412659796125693	1	NA	"prevalence"	20	19
"NODE_206_length_8044_cov_8.274377"	"PrePostFVT"	"Post"	"PrePostFVTPost"	29.4053043905307	0	1726949.63032575	0.999986414173311	1	0.12655279353318	0.700711776274318	NA	"prevalence"	20	19
"NODE_2061_length_3718_cov_15.018291"	"PrePostFVT"	"During"	"PrePostFVTDuring"	13.5128230497316	0	692.35088390461	0.984428432645631	1	0.640744633435775	1	NA	"prevalence"	20	18
"NODE_2061_length_3718_cov_15.018291"	"PrePostFVT"	"Post"	"PrePostFVTPost"	14.6110352801264	0	673.37872897208	0.982688783803017	1	0.0371592736878006	0.47724151592352	NA	"prevalence"	20	18
"NODE_2064_length_2932_cov_9.610706"	"PrePostFVT"	"During"	"PrePostFVTDuring"	-4.79045828455543	0	6.43857090403957	0.456861297398619	1	0.456861297398619	1	NA	"prevalence"	20	3
"NODE_208_length_51348_cov_41.610220"	"PrePostFVT"	"During"	"PrePostFVTDuring"	-13.208535019794	0	212.944460659605	0.950540474264589	1	0.378744022909314	0.974926112013054	NA	"prevalence"	20	9
"NODE_208_length_51348_cov_41.610220"	"PrePostFVT"	"Post"	"PrePostFVTPost"	-14.59462192105	0	212.943552408865	0.945357757606291	1	0.628746003775828	1	NA	"prevalence"	20	9
"NODE_2087_length_3045_cov_7.023077"	"PrePostFVT"	"During"	"PrePostFVTDuring"	6.08904484990617	0	12.1796176691368	0.617119245788755	1	0.537698670821822	1	NA	"prevalence"	20	15
"NODE_2087_length_3045_cov_7.023077"	"PrePostFVT"	"Post"	"PrePostFVTPost"	1.11212600750106	0	1.12396522177637	0.322434920457834	1	0.540905562985018	1	NA	"prevalence"	20	15
"NODE_2089_length_3294_cov_24.345477"	"PrePostFVT"	"During"	"PrePostFVTDuring"	0.000991109645918841	0	37.6591669607317	0.99997900136545	1	0.894597681061025	1	NA	"prevalence"	20	15
"NODE_2089_length_3294_cov_24.345477"	"PrePostFVT"	"Post"	"PrePostFVTPost"	-12.3617360373649	0	29.2739378132888	0.672822210830229	1	0.559796649634238	1	NA	"prevalence"	20	15
"NODE_210_length_20479_cov_11.050382|provirus_7480_20477"	"PrePostFVT"	"During"	"PrePostFVTDuring"	-22.6504210683716	0	45626.788994308	0.999603907684012	1	0.639381883487051	1	NA	"prevalence"	20	12
"NODE_210_length_20479_cov_11.050382|provirus_7480_20477"	"PrePostFVT"	"Post"	"PrePostFVTPost"	-24.0367154187412	0	45626.7889843458	0.999579665287327	1	0.979006595287393	1	NA	"prevalence"	20	12
"NODE_212_length_36964_cov_27.814327"	"PrePostFVT"	"During"	"PrePostFVTDuring"	-13.208535019794	0	212.944460659605	0.950540474264589	1	0.250709861300799	0.839089799485433	NA	"prevalence"	20	8
"NODE_212_length_36964_cov_27.814327"	"PrePostFVT"	"Post"	"PrePostFVTPost"	-14.59462192105	0	212.943552408865	0.945357757606291	1	0.525916134683868	1	NA	"prevalence"	20	8
"NODE_213_length_49538_cov_20.727785"	"PrePostFVT"	"During"	"PrePostFVTDuring"	-15.6033423391164	0	632.028887842787	0.980304062580697	1	0.980304062580697	1	NA	"prevalence"	20	6
"NODE_2137_length_1853_cov_3.723582"	"PrePostFVT"	"During"	"PrePostFVTDuring"	2.31413884680681e-14	0	3.3946754613979	0.999999999999995	1	0.276791474873027	0.871765233337443	NA	"prevalence"	20	10
"NODE_2137_length_1853_cov_3.723582"	"PrePostFVT"	"Post"	"PrePostFVTPost"	-12.1780897508937	0	32.1411758804242	0.704766786543544	1	0.704766786543544	1	NA	"prevalence"	20	10
"NODE_2138_length_2448_cov_4.907229"	"PrePostFVT"	"During"	"PrePostFVTDuring"	0	0	3.39467260343598	1	1	1	1	NA	"prevalence"	20	2
"NODE_2138_length_2448_cov_4.907229"	"PrePostFVT"	"Post"	"PrePostFVTPost"	1.93239635424051	0	2.10663372541662	0.358990123093996	1	0.358990123093996	0.94170721118156	NA	"prevalence"	20	2
"NODE_214_length_28722_cov_7.575121"	"PrePostFVT"	"During"	"PrePostFVTDuring"	0.712579298438639	0	1.47531024065898	0.629093593463795	1	0.567680472008462	1	NA	"prevalence"	20	6
"NODE_2141_length_3217_cov_14.745098"	"PrePostFVT"	"During"	"PrePostFVTDuring"	4.79045828458724	0	6.4385549712328	0.4568601835518	1	0.0845007696971289	0.562554475938266	NA	"prevalence"	20	17
"NODE_2142_length_1572_cov_2.471325"	"PrePostFVT"	"During"	"PrePostFVTDuring"	-12.4155525474133	0	568.014019741881	0.98256136538867	1	0.98256136538867	1	NA	"prevalence"	20	2
"NODE_2142_length_1572_cov_2.471325"	"PrePostFVT"	"Post"	"PrePostFVTPost"	-0.509215585819123	0	1.59198258281614	0.74907253913439	1	0.74907253913439	1	NA	"prevalence"	20	2
"NODE_2147_length_1412_cov_2.389831"	"PrePostFVT"	"During"	"PrePostFVTDuring"	0.915806196019971	0	1.64320964988567	0.577303577824052	1	0.577303577824052	1	NA	"prevalence"	20	2
"NODE_2147_length_1412_cov_2.389831"	"PrePostFVT"	"Post"	"PrePostFVTPost"	-11.4647424958072	0	233.394009487142	0.960822200985721	1	0.960822200985721	1	NA	"prevalence"	20	2
"NODE_216_length_49094_cov_18.408858"	"PrePostFVT"	"During"	"PrePostFVTDuring"	-12.9820756685935	0	34.0164298366023	0.702727420440209	1	0.730525818061096	1	NA	"prevalence"	20	8
"NODE_216_length_49094_cov_18.408858"	"PrePostFVT"	"Post"	"PrePostFVTPost"	-14.9543691224859	0	34.0575220097377	0.660595223016541	1	0.749729554759739	1	NA	"prevalence"	20	8
"NODE_217_length_49720_cov_10.704681|provirus_35239_49720"	"PrePostFVT"	"During"	"PrePostFVTDuring"	-15.6033423391164	0	632.028887842787	0.980304062580697	1	0.980304062580697	1	NA	"prevalence"	20	6
"NODE_2176_length_2505_cov_7.395510"	"PrePostFVT"	"During"	"PrePostFVTDuring"	-5.19804203146199	0	6.38744740418693	0.415765156404736	1	0.658669647529217	1	NA	"prevalence"	20	5
"NODE_2176_length_2505_cov_7.395510"	"PrePostFVT"	"Post"	"PrePostFVTPost"	-16.9070209547358	0	29.8049528947985	0.570540662890876	1	0.570540662890876	1	NA	"prevalence"	20	5
"NODE_2184_length_2897_cov_7.643209"	"PrePostFVT"	"During"	"PrePostFVTDuring"	6.08904484990617	0	12.1796176691368	0.617119245788755	1	0.853402328054628	1	NA	"prevalence"	20	15
"NODE_2184_length_2897_cov_7.643209"	"PrePostFVT"	"Post"	"PrePostFVTPost"	1.11212600750106	0	1.12396522177637	0.322434920457834	1	0.540905562985018	1	NA	"prevalence"	20	15
"NODE_2191_length_1525_cov_2.623810"	"PrePostFVT"	"During"	"PrePostFVTDuring"	13.2618785962338	0	306.673109023562	0.965506753678972	1	0.965506753678972	1	NA	"prevalence"	20	2
"NODE_2191_length_1525_cov_2.623810"	"PrePostFVT"	"Post"	"PrePostFVTPost"	11.5530515747289	0	306.68548295582	0.969950251064969	1	0.969950251064969	1	NA	"prevalence"	20	2
"NODE_22_length_128069_cov_21.086295|provirus_34170_98395"	"PrePostFVT"	"During"	"PrePostFVTDuring"	6.08904482732242	0	12.1791878844512	0.617106824477912	1	0.667198614458369	1	NA	"prevalence"	20	9
"NODE_22_length_128069_cov_21.086295|provirus_34170_98395"	"PrePostFVT"	"Post"	"PrePostFVTPost"	-1.11212600750904	0	1.12396499918015	0.322434824622608	1	0.540905433115804	1	NA	"prevalence"	20	9
"NODE_2208_length_1898_cov_12.739555"	"PrePostFVT"	"During"	"PrePostFVTDuring"	21.326624191982	0	52631.4734974337	0.999676691861724	1	0.292215910197135	0.871765233337443	NA	"prevalence"	20	19
"NODE_2208_length_1898_cov_12.739555"	"PrePostFVT"	"Post"	"PrePostFVTPost"	29.4053043905307	0	1726949.63032575	0.999986414173311	1	0.056567255197863	0.486124849356635	NA	"prevalence"	20	19
"NODE_2210_length_2500_cov_8.474029"	"PrePostFVT"	"During"	"PrePostFVTDuring"	13.4257042827195	0	486.107535399774	0.977966191280939	1	0.977966191280939	1	NA	"prevalence"	20	8
"NODE_2210_length_2500_cov_8.474029"	"PrePostFVT"	"Post"	"PrePostFVTPost"	14.3419055630488	0	486.106251224777	0.976462913076056	1	0.976462913076056	1	NA	"prevalence"	20	8
"NODE_2224_length_2870_cov_6.035524"	"PrePostFVT"	"During"	"PrePostFVTDuring"	-10.0277891144931	0	194.39063729956	0.958858764661156	1	0.958858764661156	1	NA	"prevalence"	20	2
"NODE_2224_length_2870_cov_6.035524"	"PrePostFVT"	"Post"	"PrePostFVTPost"	-0.469844435636902	0	1.52478187400577	0.757976729129458	1	0.757976729129458	1	NA	"prevalence"	20	2
"NODE_223_length_48370_cov_26.409769"	"PrePostFVT"	"During"	"PrePostFVTDuring"	-13.208535019794	0	212.944460659605	0.950540474264589	1	0.190299712887623	0.758034601176654	NA	"prevalence"	20	8
"NODE_223_length_48370_cov_26.409769"	"PrePostFVT"	"Post"	"PrePostFVTPost"	-14.59462192105	0	212.943552408865	0.945357757606291	1	0.249153924037255	0.839089799485433	NA	"prevalence"	20	8
"NODE_2237_length_2656_cov_5.000384"	"PrePostFVT"	"During"	"PrePostFVTDuring"	0.916164004836699	0	1.64316138533471	0.577143653801658	1	0.577143653801658	1	NA	"prevalence"	20	2
"NODE_2237_length_2656_cov_5.000384"	"PrePostFVT"	"Post"	"PrePostFVTPost"	-13.3390580829006	0	562.629828548202	0.981085198491425	1	0.981085198491425	1	NA	"prevalence"	20	2
"NODE_2238_length_2860_cov_3.888057"	"PrePostFVT"	"During"	"PrePostFVTDuring"	-10.6864701215999	0	171.115056480101	0.950202920100395	1	0.950202920100395	1	NA	"prevalence"	20	2
"NODE_2238_length_2860_cov_3.888057"	"PrePostFVT"	"Post"	"PrePostFVTPost"	-13.1372741573707	0	331.143073060348	0.968354224807565	1	0.968354224807565	1	NA	"prevalence"	20	2
"NODE_2247_length_1070_cov_3.404926"	"PrePostFVT"	"During"	"PrePostFVTDuring"	-10.6864701215999	0	171.115056480101	0.950202920100395	1	0.950202920100395	1	NA	"prevalence"	20	2
"NODE_2247_length_1070_cov_3.404926"	"PrePostFVT"	"Post"	"PrePostFVTPost"	-13.1372741573707	0	331.143073060348	0.968354224807565	1	0.968354224807565	1	NA	"prevalence"	20	2
"NODE_2263_length_3069_cov_20.793298"	"PrePostFVT"	"During"	"PrePostFVTDuring"	21.326624191982	0	52631.4734974337	0.999676691861724	1	0.19415370092403	0.758034601176654	NA	"prevalence"	20	19
"NODE_2263_length_3069_cov_20.793298"	"PrePostFVT"	"Post"	"PrePostFVTPost"	29.4053043905307	0	1726949.63032575	0.999986414173311	1	0.0527313128113018	0.47724151592352	NA	"prevalence"	20	19
"NODE_2269_length_1480_cov_4.322807"	"PrePostFVT"	"During"	"PrePostFVTDuring"	-22.6504210683716	0	45626.788994308	0.999603907684012	1	0.0438253127452461	0.47724151592352	NA	"prevalence"	20	12
"NODE_2269_length_1480_cov_4.322807"	"PrePostFVT"	"Post"	"PrePostFVTPost"	-24.0367154187412	0	45626.7889843458	0.999579665287327	1	0.697711979830751	1	NA	"prevalence"	20	12
"NODE_2269_length_2821_cov_4.664497"	"PrePostFVT"	"During"	"PrePostFVTDuring"	-3.03999649135417e-15	0	1.52844317921037	0.999999999999998	1	0.999999999999998	1	NA	"prevalence"	20	4
"NODE_2298_length_1049_cov_1.900402"	"PrePostFVT"	"During"	"PrePostFVTDuring"	-12.4155525474133	0	568.014019741881	0.98256136538867	1	0.98256136538867	1	NA	"prevalence"	20	2
"NODE_2298_length_1049_cov_1.900402"	"PrePostFVT"	"Post"	"PrePostFVTPost"	-0.509215585819123	0	1.59198258281614	0.74907253913439	1	0.74907253913439	1	NA	"prevalence"	20	2
"NODE_2307_length_3029_cov_16.683591"	"PrePostFVT"	"During"	"PrePostFVTDuring"	2.31413884680681e-14	0	3.3946754613979	0.999999999999995	1	0.480043605064999	1	NA	"prevalence"	20	10
"NODE_2307_length_3029_cov_16.683591"	"PrePostFVT"	"Post"	"PrePostFVTPost"	-12.1780897508937	0	32.1411758804242	0.704766786543544	1	0.704766786543544	1	NA	"prevalence"	20	10
"NODE_231_length_47332_cov_15.070605"	"PrePostFVT"	"During"	"PrePostFVTDuring"	-14.4298622222099	0	391.49430349369	0.970597891694832	1	0.328362410748018	0.901494139324842	NA	"prevalence"	20	7
"NODE_231_length_47332_cov_15.070605"	"PrePostFVT"	"Post"	"PrePostFVTPost"	-28.7595602880083	0	737.155792625825	0.968879049139994	1	0.968879049139994	1	NA	"prevalence"	20	7
"NODE_2312_length_2553_cov_2.835869"	"PrePostFVT"	"During"	"PrePostFVTDuring"	-10.0277891144931	0	194.39063729956	0.958858764661156	1	0.958858764661156	1	NA	"prevalence"	20	2
"NODE_2312_length_2553_cov_2.835869"	"PrePostFVT"	"Post"	"PrePostFVTPost"	-0.469844435636902	0	1.52478187400577	0.757976729129458	1	0.757976729129458	1	NA	"prevalence"	20	2
"NODE_2315_length_1592_cov_4.810020"	"PrePostFVT"	"During"	"PrePostFVTDuring"	-15.5235528980174	0	2897.9870181225	0.995726018137703	1	0.995726018137703	1	NA	"prevalence"	20	2
"NODE_2315_length_1592_cov_4.810020"	"PrePostFVT"	"Post"	"PrePostFVTPost"	-13.9904624183651	0	788.732911448608	0.985847948697276	1	0.985847948697276	1	NA	"prevalence"	20	2
"NODE_2317_length_1568_cov_6.822868"	"PrePostFVT"	"During"	"PrePostFVTDuring"	-14.2333093784009	0	342.526781194516	0.966854357073119	1	0.935823843675936	1	NA	"prevalence"	20	10
"NODE_2317_length_1568_cov_6.822868"	"PrePostFVT"	"Post"	"PrePostFVTPost"	-14.7929951336241	0	342.525661292383	0.96555167805286	1	0.967464773228849	1	NA	"prevalence"	20	10
"NODE_2320_length_2772_cov_4.598822"	"PrePostFVT"	"During"	"PrePostFVTDuring"	-12.8880230362138	0	528.792095839237	0.980555426790464	1	0.980555426790464	1	NA	"prevalence"	20	3
"NODE_2320_length_2772_cov_4.598822"	"PrePostFVT"	"Post"	"PrePostFVTPost"	-1.38607441445222	0	1.36918803419191	0.311378797172556	1	0.311378797172556	0.873767032882173	NA	"prevalence"	20	3
"NODE_2327_length_2704_cov_11.934315"	"PrePostFVT"	"During"	"PrePostFVTDuring"	6.08904485432403	0	12.1791878757504	0.617106822665303	1	0.85339281475054	1	NA	"prevalence"	20	13
"NODE_2327_length_2704_cov_11.934315"	"PrePostFVT"	"Post"	"PrePostFVTPost"	0.202711512497004	0	1.05626336079069	0.847809729665667	1	0.976838121615563	1	NA	"prevalence"	20	13
"NODE_234_length_14417_cov_37.181381"	"PrePostFVT"	"During"	"PrePostFVTDuring"	-29.2541341927095	0	1180.94603870976	0.980237001304319	1	0.980237001304319	1	NA	"prevalence"	20	6
"NODE_234_length_14417_cov_37.181381"	"PrePostFVT"	"Post"	"PrePostFVTPost"	-30.4181151290351	0	1213.46082666494	0.980001329768096	1	0.980001329768096	1	NA	"prevalence"	20	6
"NODE_2392_length_2556_cov_7.717313"	"PrePostFVT"	"During"	"PrePostFVTDuring"	21.326624191982	0	52631.4734974337	0.999676691861724	1	0.222666012169562	0.794383496198586	NA	"prevalence"	20	19
"NODE_2392_length_2556_cov_7.717313"	"PrePostFVT"	"Post"	"PrePostFVTPost"	29.4053043905307	0	1726949.63032575	0.999986414173311	1	0.0166900522719151	0.411023675353133	NA	"prevalence"	20	19
"NODE_240_length_16694_cov_79.948795"	"PrePostFVT"	"During"	"PrePostFVTDuring"	-29.2541341927095	0	1180.94603870976	0.980237001304319	1	0.980237001304319	1	NA	"prevalence"	20	7
"NODE_240_length_16694_cov_79.948795"	"PrePostFVT"	"Post"	"PrePostFVTPost"	-30.4181151290351	0	1213.46082666494	0.980001329768096	1	0.980001329768096	1	NA	"prevalence"	20	7
"NODE_2416_length_2609_cov_7.559123"	"PrePostFVT"	"During"	"PrePostFVTDuring"	6.08904478777881	0	12.1794030060228	0.617113044793956	1	0.853397579533045	1	NA	"prevalence"	20	15
"NODE_242_length_12737_cov_131.762656"	"PrePostFVT"	"During"	"PrePostFVTDuring"	-0.000705256283246352	0	372.127500165124	0.999998487848655	1	0.999998487848655	1	NA	"prevalence"	20	2
"NODE_242_length_12737_cov_131.762656"	"PrePostFVT"	"Post"	"PrePostFVTPost"	11.6651355963739	0	198.315005421018	0.953094486391167	1	0.953094486391167	1	NA	"prevalence"	20	2
"NODE_2428_length_1534_cov_4.545639"	"PrePostFVT"	"During"	"PrePostFVTDuring"	13.4257042827195	0	486.107535399774	0.977966191280939	1	0.977966191280939	1	NA	"prevalence"	20	7
"NODE_2428_length_1534_cov_4.545639"	"PrePostFVT"	"Post"	"PrePostFVTPost"	14.3419055630488	0	486.106251224777	0.976462913076056	1	0.976462913076056	1	NA	"prevalence"	20	7
"NODE_2435_length_2625_cov_14.320233"	"PrePostFVT"	"During"	"PrePostFVTDuring"	12.2340636225895	0	373.912994840725	0.973898662928002	1	0.995222206077264	1	NA	"prevalence"	20	16
"NODE_2435_length_2625_cov_14.320233"	"PrePostFVT"	"Post"	"PrePostFVTPost"	0.559831089339607	0	1.18017232103297	0.635240464965594	1	0.763915382904124	1	NA	"prevalence"	20	16
"NODE_244_length_13727_cov_20.945802"	"PrePostFVT"	"During"	"PrePostFVTDuring"	0	0	3.39467506468286	1	1	0.952130325329078	1	NA	"prevalence"	20	19
"NODE_244_length_13727_cov_20.945802"	"PrePostFVT"	"Post"	"PrePostFVTPost"	-1.2819192790658	0	2.17487215283095	0.555577671593427	1	0.263639588935668	0.863105797110817	NA	"prevalence"	20	19
"NODE_244_length_44445_cov_23.965736"	"PrePostFVT"	"During"	"PrePostFVTDuring"	-12.5691024292206	0	295.49131780063	0.966071187961928	1	0.289372458754885	0.871765233337443	NA	"prevalence"	20	9
"NODE_244_length_44445_cov_23.965736"	"PrePostFVT"	"Post"	"PrePostFVTPost"	-31.2359312024944	0	2556.15667610375	0.990250188014415	1	0.990250188014415	1	NA	"prevalence"	20	9
"NODE_245_length_3830_cov_69.211126"	"PrePostFVT"	"During"	"PrePostFVTDuring"	-10.6864701215999	0	171.115056480101	0.950202920100395	1	0.950202920100395	1	NA	"prevalence"	20	2
"NODE_245_length_3830_cov_69.211126"	"PrePostFVT"	"Post"	"PrePostFVTPost"	-13.1372741573707	0	331.143073060348	0.968354224807565	1	0.968354224807565	1	NA	"prevalence"	20	2
"NODE_2460_length_2605_cov_26.049804"	"PrePostFVT"	"During"	"PrePostFVTDuring"	0	0	3.3946736397502	1	1	0.301767356518073	0.873767032882173	NA	"prevalence"	20	18
"NODE_2460_length_2605_cov_26.049804"	"PrePostFVT"	"Post"	"PrePostFVTPost"	-1.93239635424051	0	2.10663404149774	0.358990195195454	1	0.021552815246799	0.423358870919266	NA	"prevalence"	20	18
"NODE_2471_length_1755_cov_3.015882"	"PrePostFVT"	"During"	"PrePostFVTDuring"	0.916319955242303	0	1.6431550240259	0.577077356289932	1	0.577077356289932	1	NA	"prevalence"	20	2
"NODE_2471_length_1755_cov_3.015882"	"PrePostFVT"	"Post"	"PrePostFVTPost"	-12.6864809524797	0	397.839952121677	0.974561046542602	1	0.974561046542602	1	NA	"prevalence"	20	2
"NODE_2479_length_1074_cov_4.005888"	"PrePostFVT"	"During"	"PrePostFVTDuring"	-22.2451336344051	0	52689.9133018323	0.999663141443203	1	0.999663141443203	1	NA	"prevalence"	20	3
"NODE_249_length_15525_cov_6.736070"	"PrePostFVT"	"During"	"PrePostFVTDuring"	12.2118378783802	0	252.094348816747	0.961364355921624	1	0.961364355921624	1	NA	"prevalence"	20	10
"NODE_249_length_15525_cov_6.736070"	"PrePostFVT"	"Post"	"PrePostFVTPost"	14.157614452823	0	252.092610202137	0.955214050869803	1	0.955214050869803	1	NA	"prevalence"	20	10
"NODE_2495_length_1362_cov_2.534813"	"PrePostFVT"	"During"	"PrePostFVTDuring"	-14.191841324214	0	1057.58313516719	0.98929340789067	1	0.98929340789067	1	NA	"prevalence"	20	2
"NODE_2495_length_1362_cov_2.534813"	"PrePostFVT"	"Post"	"PrePostFVTPost"	-15.3425495940241	0	993.426286723179	0.987677901236525	1	0.987677901236525	1	NA	"prevalence"	20	2
"NODE_252_length_21786_cov_7.743316|provirus_11205_21743"	"PrePostFVT"	"During"	"PrePostFVTDuring"	13.4257042827195	0	486.107535399774	0.977966191280939	1	0.977966191280939	1	NA	"prevalence"	20	7
"NODE_252_length_21786_cov_7.743316|provirus_11205_21743"	"PrePostFVT"	"Post"	"PrePostFVTPost"	14.3419055630488	0	486.106251224777	0.976462913076056	1	0.976462913076056	1	NA	"prevalence"	20	7
"NODE_2522_length_1214_cov_2.591027"	"PrePostFVT"	"Post"	"PrePostFVTPost"	-7.16914251109543e-30	0	4.00629596147335	1	1	1	1	NA	"prevalence"	20	2
"NODE_2528_length_2034_cov_12.868621"	"PrePostFVT"	"During"	"PrePostFVTDuring"	13.5128230497316	0	692.35088390461	0.984428432645631	1	0.275011556398217	0.871765233337443	NA	"prevalence"	20	18
"NODE_2528_length_2034_cov_12.868621"	"PrePostFVT"	"Post"	"PrePostFVTPost"	14.6110352801264	0	673.37872897208	0.982688783803017	1	0.154711135021589	0.733453421370358	NA	"prevalence"	20	18
"NODE_253_length_10761_cov_24.310854"	"PrePostFVT"	"During"	"PrePostFVTDuring"	6.08904486356908	0	12.1790799356227	0.617103702078666	1	0.853390425038137	1	NA	"prevalence"	20	11
"NODE_253_length_10761_cov_24.310854"	"PrePostFVT"	"Post"	"PrePostFVTPost"	-0.202711512497004	0	1.05626292525111	0.847809667678167	1	0.0186507041132991	0.415860294418156	NA	"prevalence"	20	11
"NODE_253_length_8024_cov_6.829590"	"PrePostFVT"	"During"	"PrePostFVTDuring"	21.326624191982	0	52631.4734974337	0.999676691861724	1	0.315780998610802	0.8846157006924	NA	"prevalence"	20	19
"NODE_253_length_8024_cov_6.829590"	"PrePostFVT"	"Post"	"PrePostFVTPost"	29.4053043905307	0	1726949.63032575	0.999986414173311	1	0.0834971245969456	0.562554475938266	NA	"prevalence"	20	19
"NODE_2534_length_1967_cov_5.160565"	"PrePostFVT"	"During"	"PrePostFVTDuring"	-14.4298622222099	0	391.49430349369	0.970597891694832	1	0.339044648988645	0.920842917508238	NA	"prevalence"	20	7
"NODE_2534_length_1967_cov_5.160565"	"PrePostFVT"	"Post"	"PrePostFVTPost"	-28.7595602880083	0	737.155792625825	0.968879049139994	1	0.968879049139994	1	NA	"prevalence"	20	7
"NODE_2541_length_1206_cov_2.589922"	"PrePostFVT"	"During"	"PrePostFVTDuring"	0.915806196019971	0	1.64320964988567	0.577303577824052	1	0.577303577824052	1	NA	"prevalence"	20	2
"NODE_2541_length_1206_cov_2.589922"	"PrePostFVT"	"Post"	"PrePostFVTPost"	-11.4647424958072	0	233.394009487142	0.960822200985721	1	0.960822200985721	1	NA	"prevalence"	20	2
"NODE_2559_length_1942_cov_4.955485"	"PrePostFVT"	"During"	"PrePostFVTDuring"	6.08904485432403	0	12.1791878757504	0.617106822665303	1	0.85339281475054	1	NA	"prevalence"	20	11
"NODE_2559_length_1942_cov_4.955485"	"PrePostFVT"	"Post"	"PrePostFVTPost"	0.202711512497004	0	1.05626336079069	0.847809729665667	1	0.907544017093387	1	NA	"prevalence"	20	11
"NODE_2562_length_1651_cov_5.389724"	"PrePostFVT"	"During"	"PrePostFVTDuring"	-6.08904484990617	0	12.1790802015168	0.617103710554434	1	0.617103710554434	1	NA	"prevalence"	20	5
"NODE_2562_length_1651_cov_5.389724"	"PrePostFVT"	"Post"	"PrePostFVTPost"	-1.11212600750106	0	1.12396489683373	0.322434780564067	1	0.169482989708644	0.758034601176654	NA	"prevalence"	20	5
"NODE_259_length_15570_cov_23.236932"	"PrePostFVT"	"During"	"PrePostFVTDuring"	0	0	3.39466606172679	1	1	0.665223105346337	1	NA	"prevalence"	20	15
"NODE_2595_length_2506_cov_4.128519"	"PrePostFVT"	"During"	"PrePostFVTDuring"	-12.8880230362138	0	528.792095839237	0.980555426790464	1	0.980555426790464	1	NA	"prevalence"	20	3
"NODE_2595_length_2506_cov_4.128519"	"PrePostFVT"	"Post"	"PrePostFVTPost"	-1.38607441445222	0	1.36918803419191	0.311378797172556	1	0.311378797172556	0.873767032882173	NA	"prevalence"	20	3
"NODE_2605_length_1682_cov_3.442532"	"PrePostFVT"	"During"	"PrePostFVTDuring"	-1.24171763262759e-15	0	1.51468376386991	0.999999999999999	1	0.858696425117755	1	NA	"prevalence"	20	5
"NODE_2605_length_1682_cov_3.442532"	"PrePostFVT"	"Post"	"PrePostFVTPost"	-0.642016393580963	0	1.20887473090203	0.595359214966684	1	0.836265835087622	1	NA	"prevalence"	20	5
"NODE_2608_length_2724_cov_13.636193"	"PrePostFVT"	"During"	"PrePostFVTDuring"	0	0	3.39467376928872	1	1	0.633996586428514	1	NA	"prevalence"	20	17
"NODE_2608_length_2724_cov_13.636193"	"PrePostFVT"	"Post"	"PrePostFVTPost"	-1.93239635424051	0	2.10663170607487	0.358989662460409	1	0.58910574716738	1	NA	"prevalence"	20	17
"NODE_2617_length_1899_cov_4.373102"	"PrePostFVT"	"During"	"PrePostFVTDuring"	-11.5023234694338	0	258.025235005025	0.964443448401035	1	0.964443448401035	1	NA	"prevalence"	20	4
"NODE_2617_length_1899_cov_4.373102"	"PrePostFVT"	"Post"	"PrePostFVTPost"	-0.559758222802634	0	1.18018257773782	0.635287425657711	1	0.0720843278413844	0.528992763931528	NA	"prevalence"	20	4
"NODE_2629_length_2708_cov_15.615530"	"PrePostFVT"	"During"	"PrePostFVTDuring"	13.5128230497316	0	692.35088390461	0.984428432645631	1	0.421509633606247	1	NA	"prevalence"	20	18
"NODE_2629_length_2708_cov_15.615530"	"PrePostFVT"	"Post"	"PrePostFVTPost"	14.6110352801264	0	673.37872897208	0.982688783803017	1	0.0313540355363052	0.475474355226231	NA	"prevalence"	20	18
"NODE_266_length_13446_cov_8.802479"	"PrePostFVT"	"During"	"PrePostFVTDuring"	0	0	3.39467376928872	1	1	0.803252197724982	1	NA	"prevalence"	20	18
"NODE_266_length_13446_cov_8.802479"	"PrePostFVT"	"Post"	"PrePostFVTPost"	-1.93239635424051	0	2.10663170607487	0.358989662460409	1	0.47397615312458	1	NA	"prevalence"	20	18
"NODE_2667_length_1412_cov_3.002211"	"PrePostFVT"	"During"	"PrePostFVTDuring"	1.0580018362773e-15	0	1.48398918282488	1	1	1	1	NA	"prevalence"	20	3
"NODE_2667_length_1412_cov_3.002211"	"PrePostFVT"	"Post"	"PrePostFVTPost"	-4.83763307590461	0	5.21206364896706	0.353324173998183	1	0.353324173998183	0.935794742937876	NA	"prevalence"	20	3
"NODE_2674_length_2654_cov_15.941901"	"PrePostFVT"	"During"	"PrePostFVTDuring"	0	0	3.39467707255147	1	1	0.711432546227388	1	NA	"prevalence"	20	18
"NODE_2674_length_2654_cov_15.941901"	"PrePostFVT"	"Post"	"PrePostFVTPost"	-1.93239635424051	0	2.10663627165917	0.358990703918594	1	0.589107082337221	1	NA	"prevalence"	20	18
"NODE_2684_length_1405_cov_2.911852"	"PrePostFVT"	"During"	"PrePostFVTDuring"	-14.4298622222099	0	391.49430349369	0.970597891694832	1	0.749431552463907	1	NA	"prevalence"	20	8
"NODE_2684_length_1405_cov_2.911852"	"PrePostFVT"	"Post"	"PrePostFVTPost"	-28.7595602880083	0	737.155792625825	0.968879049139994	1	0.968879049139994	1	NA	"prevalence"	20	8
"NODE_273_length_6498_cov_6.629986"	"PrePostFVT"	"During"	"PrePostFVTDuring"	13.5128230497316	0	692.35088390461	0.984428432645631	1	0.696614349993302	1	NA	"prevalence"	20	18
"NODE_273_length_6498_cov_6.629986"	"PrePostFVT"	"Post"	"PrePostFVTPost"	14.6110352801264	0	673.37872897208	0.982688783803017	1	0.322501005865034	0.89433052046606	NA	"prevalence"	20	18
"NODE_277_length_7921_cov_10.657513"	"PrePostFVT"	"During"	"PrePostFVTDuring"	0	0	3.39467506468286	1	1	0.602673101625202	1	NA	"prevalence"	20	19
"NODE_277_length_7921_cov_10.657513"	"PrePostFVT"	"Post"	"PrePostFVTPost"	-1.2819192790658	0	2.17487215283095	0.555577671593427	1	0.80248879401368	1	NA	"prevalence"	20	19
"NODE_2778_length_1596_cov_3.332901"	"PrePostFVT"	"During"	"PrePostFVTDuring"	0.71257929850066	0	1.47531046743425	0.629093646150072	1	0.233504344577094	0.82251540958171	NA	"prevalence"	20	7
"NODE_278_length_9687_cov_5.219581"	"PrePostFVT"	"During"	"PrePostFVTDuring"	-4.79045828458723	0	6.43855484022439	0.45686017439314	1	0.45686017439314	1	NA	"prevalence"	20	4
"NODE_28_length_164425_cov_74.042416|provirus_29_45282"	"PrePostFVT"	"During"	"PrePostFVTDuring"	21.326624191982	0	52631.4734974337	0.999676691861724	1	0.200547916637266	0.758034601176654	NA	"prevalence"	20	19
"NODE_28_length_164425_cov_74.042416|provirus_29_45282"	"PrePostFVT"	"Post"	"PrePostFVTPost"	29.4053043905307	0	1726949.63032575	0.999986414173311	1	0.0505094308712499	0.47724151592352	NA	"prevalence"	20	19
"NODE_281_length_12466_cov_5.775038"	"PrePostFVT"	"During"	"PrePostFVTDuring"	0	0	3.39467506468286	1	1	0.684215730167821	1	NA	"prevalence"	20	19
"NODE_281_length_12466_cov_5.775038"	"PrePostFVT"	"Post"	"PrePostFVTPost"	-1.2819192790658	0	2.17487215283095	0.555577671593427	1	0.547524733959426	1	NA	"prevalence"	20	19
"NODE_284_length_24493_cov_8.915378|provirus_641_11254"	"PrePostFVT"	"During"	"PrePostFVTDuring"	6.08904485432403	0	12.1791878757504	0.617106822665303	1	0.842670250382499	1	NA	"prevalence"	20	13
"NODE_284_length_24493_cov_8.915378|provirus_641_11254"	"PrePostFVT"	"Post"	"PrePostFVTPost"	0.202711512497004	0	1.05626336079069	0.847809729665667	1	0.104183287895278	0.610936759284512	NA	"prevalence"	20	13
"NODE_286_length_13153_cov_47.017331"	"PrePostFVT"	"During"	"PrePostFVTDuring"	0	0	3.39467506468286	1	1	0.571084358424903	1	NA	"prevalence"	20	19
"NODE_286_length_13153_cov_47.017331"	"PrePostFVT"	"Post"	"PrePostFVTPost"	-1.2819192790658	0	2.17487215283095	0.555577671593427	1	0.0573069513999991	0.48773742084967	NA	"prevalence"	20	19
"NODE_286_length_3337_cov_34.268434"	"PrePostFVT"	"During"	"PrePostFVTDuring"	-6.08904484990617	0	12.1791883607937	0.617106836940981	1	0.617106836940981	1	NA	"prevalence"	20	6
"NODE_286_length_3337_cov_34.268434"	"PrePostFVT"	"Post"	"PrePostFVTPost"	-1.11212600750106	0	1.12396486864703	0.322434768429174	1	0.540905356966373	1	NA	"prevalence"	20	6
"NODE_2865_length_2657_cov_17.344350"	"PrePostFVT"	"During"	"PrePostFVTDuring"	-12.5691024292206	0	295.49131780063	0.966071187961928	1	0.151532098812491	0.733219832963666	NA	"prevalence"	20	9
"NODE_2865_length_2657_cov_17.344350"	"PrePostFVT"	"Post"	"PrePostFVTPost"	-31.2359312024944	0	2556.15667610375	0.990250188014415	1	0.990250188014415	1	NA	"prevalence"	20	9
"NODE_294_length_12938_cov_7.822712"	"PrePostFVT"	"During"	"PrePostFVTDuring"	0	0	3.39467376928872	1	1	0.676202658111764	1	NA	"prevalence"	20	17
"NODE_294_length_12938_cov_7.822712"	"PrePostFVT"	"Post"	"PrePostFVTPost"	-1.93239635424051	0	2.10663170607487	0.358989662460409	1	0.58910574716738	1	NA	"prevalence"	20	17
"NODE_2942_length_1160_cov_4.734842"	"PrePostFVT"	"During"	"PrePostFVTDuring"	-12.8880230362138	0	528.792095839237	0.980555426790464	1	0.980555426790464	1	NA	"prevalence"	20	3
"NODE_2942_length_1160_cov_4.734842"	"PrePostFVT"	"Post"	"PrePostFVTPost"	-1.38607441445222	0	1.36918803419191	0.311378797172556	1	0.311378797172556	0.873767032882173	NA	"prevalence"	20	3
"NODE_295_length_14834_cov_25.013194"	"PrePostFVT"	"During"	"PrePostFVTDuring"	-13.8928328585	0	803.292087397107	0.986201377508878	1	0.986201377508878	1	NA	"prevalence"	20	7
"NODE_295_length_14834_cov_25.013194"	"PrePostFVT"	"Post"	"PrePostFVTPost"	0.916290725367942	0	1.09544240155039	0.402897723862133	1	0.378123419626606	0.974849441224843	NA	"prevalence"	20	7
"NODE_296_length_13554_cov_17.365138"	"PrePostFVT"	"During"	"PrePostFVTDuring"	13.5128230497316	0	692.35088390461	0.984428432645631	1	0.267752015757452	0.870104108244474	NA	"prevalence"	20	18
"NODE_296_length_13554_cov_17.365138"	"PrePostFVT"	"Post"	"PrePostFVTPost"	14.6110352801264	0	673.37872897208	0.982688783803017	1	0.299408673558188	0.873767032882173	NA	"prevalence"	20	18
"NODE_2985_length_1477_cov_5.940225"	"PrePostFVT"	"During"	"PrePostFVTDuring"	-12.4327526217456	0	279.99938773217	0.964583341707989	1	0.15508804195527	0.733453421370358	NA	"prevalence"	20	12
"NODE_2985_length_1477_cov_5.940225"	"PrePostFVT"	"Post"	"PrePostFVTPost"	-13.8189596678649	0	279.997656237611	0.960637313241705	1	0.157409876827264	0.733453421370358	NA	"prevalence"	20	12
"NODE_299_length_12840_cov_7.627063"	"PrePostFVT"	"During"	"PrePostFVTDuring"	-0.0279330857631191	0	29.9651442106984	0.999256223347987	1	0.0151785473167422	0.403945210848785	NA	"prevalence"	20	18
"NODE_299_length_12840_cov_7.627063"	"PrePostFVT"	"Post"	"PrePostFVTPost"	-11.6790343668742	0	19.0956149642791	0.540797022909662	1	0.0393234640683738	0.47724151592352	NA	"prevalence"	20	18
"NODE_2996_length_1402_cov_4.274684"	"PrePostFVT"	"During"	"PrePostFVTDuring"	-14.9061922793029	0	1295.26919197484	0.99081800274801	1	0.99081800274801	1	NA	"prevalence"	20	3
"NODE_2996_length_1402_cov_4.274684"	"PrePostFVT"	"Post"	"PrePostFVTPost"	-1.38631604573112	0	1.36929836687639	0.311333442681999	1	0.311333442681999	0.873767032882173	NA	"prevalence"	20	3
"NODE_3011_length_1635_cov_5.785443"	"PrePostFVT"	"During"	"PrePostFVTDuring"	0.916264236666984	0	1.64316137177692	0.577101987477275	1	0.404216918553773	1	NA	"prevalence"	20	9
"NODE_303_length_11603_cov_19.569363"	"PrePostFVT"	"During"	"PrePostFVTDuring"	13.5128230497316	0	692.35088390461	0.984428432645631	1	0.145405784143875	0.733219832963666	NA	"prevalence"	20	18
"NODE_303_length_11603_cov_19.569363"	"PrePostFVT"	"Post"	"PrePostFVTPost"	14.6110352801264	0	673.37872897208	0.982688783803017	1	0.0543766090870434	0.47724151592352	NA	"prevalence"	20	18
"NODE_304_length_11539_cov_7.449408"	"PrePostFVT"	"During"	"PrePostFVTDuring"	6.08904485432403	0	12.1791878757504	0.617106822665303	1	0.85339281475054	1	NA	"prevalence"	20	11
"NODE_304_length_11539_cov_7.449408"	"PrePostFVT"	"Post"	"PrePostFVTPost"	0.202711512497004	0	1.05626336079069	0.847809729665667	1	0.976838121615563	1	NA	"prevalence"	20	11
"NODE_3059_length_1111_cov_5.649621"	"PrePostFVT"	"During"	"PrePostFVTDuring"	-2.69633745985076e-15	0	1.51468370633332	0.999999999999999	1	0.549219240851485	1	NA	"prevalence"	20	5
"NODE_3059_length_1111_cov_5.649621"	"PrePostFVT"	"Post"	"PrePostFVTPost"	-0.642016397700588	0	1.20887535341592	0.595359402112418	1	0.0727712555470256	0.528992763931528	NA	"prevalence"	20	5
"NODE_3088_length_1057_cov_2.450100"	"PrePostFVT"	"During"	"PrePostFVTDuring"	13.2618785962338	0	306.673109023562	0.965506753678972	1	0.965506753678972	1	NA	"prevalence"	20	2
"NODE_3088_length_1057_cov_2.450100"	"PrePostFVT"	"Post"	"PrePostFVTPost"	11.5530515747289	0	306.68548295582	0.969950251064969	1	0.969950251064969	1	NA	"prevalence"	20	2
"NODE_309_length_14316_cov_11.820279"	"PrePostFVT"	"During"	"PrePostFVTDuring"	11.9845039657608	0	235.312260676179	0.959381128869494	1	0.959381128869494	1	NA	"prevalence"	20	8
"NODE_309_length_14316_cov_11.820279"	"PrePostFVT"	"Post"	"PrePostFVTPost"	13.3708013972605	0	235.310163868755	0.954686964186014	1	0.954686964186014	1	NA	"prevalence"	20	8
"NODE_31_length_41541_cov_15.540929"	"PrePostFVT"	"During"	"PrePostFVTDuring"	-15.5235528980174	0	2897.9870181225	0.995726018137703	1	0.995726018137703	1	NA	"prevalence"	20	2
"NODE_31_length_41541_cov_15.540929"	"PrePostFVT"	"Post"	"PrePostFVTPost"	-13.9904624183651	0	788.732911448608	0.985847948697276	1	0.985847948697276	1	NA	"prevalence"	20	2
"NODE_3105_length_1745_cov_4.652071"	"PrePostFVT"	"During"	"PrePostFVTDuring"	13.4257042827195	0	486.107535399774	0.977966191280939	1	0.977966191280939	1	NA	"prevalence"	20	8
"NODE_3105_length_1745_cov_4.652071"	"PrePostFVT"	"Post"	"PrePostFVTPost"	14.3419055630488	0	486.106251224777	0.976462913076056	1	0.976462913076056	1	NA	"prevalence"	20	8
"NODE_311_length_20320_cov_34.359536"	"PrePostFVT"	"During"	"PrePostFVTDuring"	0	0	3.39467383405896	1	1	0.992400781494159	1	NA	"prevalence"	20	13
"NODE_313_length_3138_cov_6.434317"	"PrePostFVT"	"During"	"PrePostFVTDuring"	-3.39965204666244e-07	0	1.612122849637	0.999999831741738	1	0.999999831741738	1	NA	"prevalence"	20	4
"NODE_313_length_3138_cov_6.434317"	"PrePostFVT"	"Post"	"PrePostFVTPost"	-1.54058786275749	0	1.48507250981972	0.29955774691002	1	0.29955774691002	0.873767032882173	NA	"prevalence"	20	4
"NODE_313_length_7970_cov_11.130259"	"PrePostFVT"	"During"	"PrePostFVTDuring"	-0.0279330857631191	0	29.9651442106984	0.999256223347987	1	0.339316662936369	0.920842917508238	NA	"prevalence"	20	18
"NODE_313_length_7970_cov_11.130259"	"PrePostFVT"	"Post"	"PrePostFVTPost"	-11.6790343668742	0	19.0956149642791	0.540797022909662	1	0.396998878327941	0.998858812107982	NA	"prevalence"	20	18
"NODE_3139_length_1729_cov_6.163082"	"PrePostFVT"	"During"	"PrePostFVTDuring"	-0.712579298501217	0	1.4753104589881	0.629093644186415	1	0.0580064998679629	0.48773742084967	NA	"prevalence"	20	7
"NODE_314_length_7969_cov_4.678292"	"PrePostFVT"	"During"	"PrePostFVTDuring"	-4.79045828458723	0	6.4385549712328	0.456860183551801	1	0.456860183551801	1	NA	"prevalence"	20	3
"NODE_3186_length_1702_cov_3.933212"	"PrePostFVT"	"During"	"PrePostFVTDuring"	-9.73447769800498	0	167.782249452091	0.953733877010671	1	0.953733877010671	1	NA	"prevalence"	20	4
"NODE_3186_length_1702_cov_3.933212"	"PrePostFVT"	"Post"	"PrePostFVTPost"	0.916357616852989	0	1.30383357596082	0.482169220921563	1	0.482169220921563	1	NA	"prevalence"	20	4
"NODE_319_length_16836_cov_11.794708"	"PrePostFVT"	"During"	"PrePostFVTDuring"	0.916213779758069	0	1.64325372680322	0.577144365045913	1	0.0352595212066499	0.47724151592352	NA	"prevalence"	20	10
"NODE_32_length_125259_cov_59.302315|provirus_14302_103731"	"PrePostFVT"	"During"	"PrePostFVTDuring"	21.326624191982	0	52631.4734974337	0.999676691861724	1	0.632096381469701	1	NA	"prevalence"	20	19
"NODE_32_length_125259_cov_59.302315|provirus_14302_103731"	"PrePostFVT"	"Post"	"PrePostFVTPost"	29.4053043905307	0	1726949.63032575	0.999986414173311	1	0.770823910794591	1	NA	"prevalence"	20	19
"NODE_3202_length_1566_cov_4.050960"	"PrePostFVT"	"During"	"PrePostFVTDuring"	0.916681696004423	0	1.64321381421344	0.576940636865018	1	0.576940636865018	1	NA	"prevalence"	20	3
"NODE_3202_length_1566_cov_4.050960"	"PrePostFVT"	"Post"	"PrePostFVTPost"	-0.46911773632553	0	1.52468817100978	0.758325001183885	1	0.758325001183885	1	NA	"prevalence"	20	3
"NODE_321_length_5931_cov_9.859939"	"PrePostFVT"	"During"	"PrePostFVTDuring"	21.326624191982	0	52631.4734974337	0.999676691861724	1	0.157299447492857	0.733453421370358	NA	"prevalence"	20	19
"NODE_321_length_5931_cov_9.859939"	"PrePostFVT"	"Post"	"PrePostFVTPost"	29.4053043905307	0	1726949.63032575	0.999986414173311	1	0.0520984817470191	0.47724151592352	NA	"prevalence"	20	19
"NODE_321_length_8192_cov_6.306624"	"PrePostFVT"	"During"	"PrePostFVTDuring"	2.05073912681691e-14	0	3.3946772020926	0.999999999999995	1	0.764087901466107	1	NA	"prevalence"	20	17
"NODE_325_length_3511_cov_3.129340"	"PrePostFVT"	"During"	"PrePostFVTDuring"	0	0	3.39467059557892	1	1	0.0536160262555017	0.47724151592352	NA	"prevalence"	20	19
"NODE_325_length_3511_cov_3.129340"	"PrePostFVT"	"Post"	"PrePostFVTPost"	-1.28191927906579	0	2.17487061299352	0.555577391716391	1	0.364248467639512	0.946472396228652	NA	"prevalence"	20	19
"NODE_3284_length_1275_cov_10.163115"	"PrePostFVT"	"During"	"PrePostFVTDuring"	-29.2541341927095	0	1180.94603870976	0.980237001304319	1	0.980237001304319	1	NA	"prevalence"	20	6
"NODE_3284_length_1275_cov_10.163115"	"PrePostFVT"	"Post"	"PrePostFVTPost"	-30.4181151290351	0	1213.46082666494	0.980001329768096	1	0.980001329768096	1	NA	"prevalence"	20	6
"NODE_33_length_148803_cov_16.133501|provirus_110_29457"	"PrePostFVT"	"During"	"PrePostFVTDuring"	6.08904485432403	0	12.1791878757504	0.617106822665303	1	0.85339281475054	1	NA	"prevalence"	20	12
"NODE_33_length_148803_cov_16.133501|provirus_110_29457"	"PrePostFVT"	"Post"	"PrePostFVTPost"	0.202711512497004	0	1.05626336079069	0.847809729665667	1	0.765150871511766	1	NA	"prevalence"	20	12
"NODE_330_length_31412_cov_3595.604713"	"PrePostFVT"	"During"	"PrePostFVTDuring"	1.71280681993628e-29	0	14.8824652445662	1	1	0.563949457279906	1	NA	"prevalence"	20	19
"NODE_330_length_31412_cov_3595.604713"	"PrePostFVT"	"Post"	"PrePostFVTPost"	3.10157543387346e-15	0	11.0925602186354	1	1	0.83578960592189	1	NA	"prevalence"	20	19
"NODE_331_length_5691_cov_9.424769"	"PrePostFVT"	"During"	"PrePostFVTDuring"	-20.1020759386544	0	2364.82671845787	0.993217709039584	1	0.993217709039584	1	NA	"prevalence"	20	5
"NODE_331_length_5691_cov_9.424769"	"PrePostFVT"	"Post"	"PrePostFVTPost"	-16.9920458083332	0	639.688291161758	0.978808277416824	1	0.978808277416824	1	NA	"prevalence"	20	5
"NODE_336_length_3001_cov_13.074338"	"PrePostFVT"	"During"	"PrePostFVTDuring"	-0.955896971016344	0	1.68850127532144	0.57131114994737	1	0.816225869840553	1	NA	"prevalence"	20	14
"NODE_336_length_3001_cov_13.074338"	"PrePostFVT"	"Post"	"PrePostFVTPost"	-0.956121604078907	0	1.3405447987059	0.475701212652009	1	0.00440187455276519	0.39452319173861	NA	"prevalence"	20	14
"NODE_336_length_5945_cov_6.382343"	"PrePostFVT"	"During"	"PrePostFVTDuring"	13.5128230497316	0	692.35088390461	0.984428432645631	1	0.316502218277634	0.885133322301857	NA	"prevalence"	20	18
"NODE_336_length_5945_cov_6.382343"	"PrePostFVT"	"Post"	"PrePostFVTPost"	14.6110352801264	0	673.37872897208	0.982688783803017	1	0.20417574780949	0.758034601176654	NA	"prevalence"	20	18
"NODE_336_length_7643_cov_6.080522"	"PrePostFVT"	"During"	"PrePostFVTDuring"	-4.79045828458723	0	6.43855484022439	0.45686017439314	1	0.45686017439314	1	NA	"prevalence"	20	4
"NODE_3386_length_1614_cov_12.089801"	"PrePostFVT"	"During"	"PrePostFVTDuring"	-10.6864701215999	0	171.115056480101	0.950202920100395	1	0.950202920100395	1	NA	"prevalence"	20	2
"NODE_3386_length_1614_cov_12.089801"	"PrePostFVT"	"Post"	"PrePostFVTPost"	-13.1372741573707	0	331.143073060348	0.968354224807565	1	0.968354224807565	1	NA	"prevalence"	20	2
"NODE_340_length_10477_cov_17.771925"	"PrePostFVT"	"During"	"PrePostFVTDuring"	21.326624191982	0	52631.4734974337	0.999676691861724	1	0.211061487331153	0.76707368743701	NA	"prevalence"	20	19
"NODE_340_length_10477_cov_17.771925"	"PrePostFVT"	"Post"	"PrePostFVTPost"	29.4053043905307	0	1726949.63032575	0.999986414173311	1	0.0535619062564232	0.47724151592352	NA	"prevalence"	20	19
"NODE_340_length_15085_cov_7.306520"	"PrePostFVT"	"During"	"PrePostFVTDuring"	-20.1020759386544	0	2364.82671845787	0.993217709039584	1	0.993217709039584	1	NA	"prevalence"	20	5
"NODE_340_length_15085_cov_7.306520"	"PrePostFVT"	"Post"	"PrePostFVTPost"	-16.9920458083332	0	639.688291161758	0.978808277416824	1	0.978808277416824	1	NA	"prevalence"	20	5
"NODE_341_length_2976_cov_5.997946"	"PrePostFVT"	"During"	"PrePostFVTDuring"	-3.40146327646316e-07	0	1.61212204494525	0.999999831652012	1	0.999999831652012	1	NA	"prevalence"	20	5
"NODE_341_length_2976_cov_5.997946"	"PrePostFVT"	"Post"	"PrePostFVTPost"	-1.54058786306162	0	1.48507178663021	0.299557511473488	1	0.299557511473488	0.873767032882173	NA	"prevalence"	20	5
"NODE_342_length_10504_cov_7.705618"	"PrePostFVT"	"During"	"PrePostFVTDuring"	0	0	3.39467707255147	1	1	0.788047495735484	1	NA	"prevalence"	20	18
"NODE_342_length_10504_cov_7.705618"	"PrePostFVT"	"Post"	"PrePostFVTPost"	-1.93239635424051	0	2.10663627165917	0.358990703918594	1	0.499146180193353	1	NA	"prevalence"	20	18
"NODE_344_length_20349_cov_6.230117"	"PrePostFVT"	"During"	"PrePostFVTDuring"	-0.712579298501216	0	1.47531056672525	0.629093669230961	1	0.629093669230961	1	NA	"prevalence"	20	5
"NODE_351_length_17457_cov_7.739110"	"PrePostFVT"	"During"	"PrePostFVTDuring"	-1.38630236377113	0	1.4999732651962	0.355372800588458	1	0.584455773778832	1	NA	"prevalence"	20	5
"NODE_351_length_17457_cov_7.739110"	"PrePostFVT"	"Post"	"PrePostFVTPost"	-15.0439596799625	0	446.911160120904	0.97314661678796	1	0.97314661678796	1	NA	"prevalence"	20	5
"NODE_3512_length_1188_cov_3.716681"	"PrePostFVT"	"During"	"PrePostFVTDuring"	-10.6864701215999	0	171.115056480101	0.950202920100395	1	0.950202920100395	1	NA	"prevalence"	20	2
"NODE_3512_length_1188_cov_3.716681"	"PrePostFVT"	"Post"	"PrePostFVTPost"	-13.1372741573707	0	331.143073060348	0.968354224807565	1	0.968354224807565	1	NA	"prevalence"	20	2
"NODE_353_length_5638_cov_9.194340"	"PrePostFVT"	"During"	"PrePostFVTDuring"	21.326624191982	0	52631.4734974337	0.999676691861724	1	0.27869043718209	0.871765233337443	NA	"prevalence"	20	19
"NODE_353_length_5638_cov_9.194340"	"PrePostFVT"	"Post"	"PrePostFVTPost"	29.4053043905307	0	1726949.63032575	0.999986414173311	1	0.0652281086869809	0.51250656825485	NA	"prevalence"	20	19
"NODE_3574_length_1331_cov_2.348746"	"PrePostFVT"	"During"	"PrePostFVTDuring"	0.916319955242303	0	1.6431550240259	0.577077356289932	1	0.577077356289932	1	NA	"prevalence"	20	2
"NODE_3574_length_1331_cov_2.348746"	"PrePostFVT"	"Post"	"PrePostFVTPost"	-12.6864809524797	0	397.839952121677	0.974561046542602	1	0.974561046542602	1	NA	"prevalence"	20	2
"NODE_358_length_10507_cov_12.936854"	"PrePostFVT"	"During"	"PrePostFVTDuring"	13.5128230497316	0	692.35088390461	0.984428432645631	1	0.350520971942765	0.935794742937876	NA	"prevalence"	20	18
"NODE_358_length_10507_cov_12.936854"	"PrePostFVT"	"Post"	"PrePostFVTPost"	14.6110352801264	0	673.37872897208	0.982688783803017	1	0.0699172507825989	0.524379380869492	NA	"prevalence"	20	18
"NODE_359_length_6935_cov_5.444913"	"PrePostFVT"	"During"	"PrePostFVTDuring"	-13.208535019794	0	212.944460659605	0.950540474264589	1	0.391220236692341	0.993097523911327	NA	"prevalence"	20	8
"NODE_359_length_6935_cov_5.444913"	"PrePostFVT"	"Post"	"PrePostFVTPost"	-14.59462192105	0	212.943552408865	0.945357757606291	1	0.293340662825069	0.872093862452909	NA	"prevalence"	20	8
"NODE_3599_length_1022_cov_3.847983"	"PrePostFVT"	"During"	"PrePostFVTDuring"	13.4257042827195	0	486.107535399774	0.977966191280939	1	0.977966191280939	1	NA	"prevalence"	20	8
"NODE_3599_length_1022_cov_3.847983"	"PrePostFVT"	"Post"	"PrePostFVTPost"	14.3419055630488	0	486.106251224777	0.976462913076056	1	0.976462913076056	1	NA	"prevalence"	20	8
"NODE_364_length_6238_cov_6.230309"	"PrePostFVT"	"During"	"PrePostFVTDuring"	13.5128230497316	0	692.35088390461	0.984428432645631	1	0.249778550088535	0.839089799485433	NA	"prevalence"	20	18
"NODE_364_length_6238_cov_6.230309"	"PrePostFVT"	"Post"	"PrePostFVTPost"	14.6110352801264	0	673.37872897208	0.982688783803017	1	0.269409269096403	0.871765233337443	NA	"prevalence"	20	18
"NODE_365_length_20565_cov_18.642223"	"PrePostFVT"	"During"	"PrePostFVTDuring"	0	0	3.39467506468286	1	1	0.916557555462043	1	NA	"prevalence"	20	19
"NODE_365_length_20565_cov_18.642223"	"PrePostFVT"	"Post"	"PrePostFVTPost"	-1.2819192790658	0	2.17487215283095	0.555577671593427	1	0.80248879401368	1	NA	"prevalence"	20	19
"NODE_365_length_6752_cov_5.892788"	"PrePostFVT"	"During"	"PrePostFVTDuring"	-4.79045828458723	0	6.43855484022439	0.45686017439314	1	0.45686017439314	1	NA	"prevalence"	20	4
"NODE_366_length_26366_cov_7.678081|provirus_5747_26366"	"PrePostFVT"	"During"	"PrePostFVTDuring"	-15.6033423391164	0	632.028887842787	0.980304062580697	1	0.980304062580697	1	NA	"prevalence"	20	6
"NODE_3686_length_1625_cov_3.493631"	"PrePostFVT"	"During"	"PrePostFVTDuring"	-0.625705899752829	0	1.46110079349343	0.668474356222274	1	0.668474356222274	1	NA	"prevalence"	20	5
"NODE_3686_length_1625_cov_3.493631"	"PrePostFVT"	"Post"	"PrePostFVTPost"	-6.08904475551172	0	7.06316795023532	0.388641242620606	1	0.388641242620606	0.991128882474445	NA	"prevalence"	20	5
"NODE_369_length_11021_cov_18.926774"	"PrePostFVT"	"During"	"PrePostFVTDuring"	0	0	3.39467111373657	1	1	0.0431984230873491	0.47724151592352	NA	"prevalence"	20	17
"NODE_371_length_7093_cov_11.975703"	"PrePostFVT"	"During"	"PrePostFVTDuring"	0	0	3.39467156712467	1	1	0.968612258390873	1	NA	"prevalence"	20	19
"NODE_371_length_7093_cov_11.975703"	"PrePostFVT"	"Post"	"PrePostFVTPost"	-1.2819192790658	0	2.17486883015931	0.555577067672451	1	0.802488257221383	1	NA	"prevalence"	20	19
"NODE_3716_length_1611_cov_2.967866"	"PrePostFVT"	"During"	"PrePostFVTDuring"	-21.3979275483514	0	152.99753422418	0.888772194424996	1	0.888772194424996	1	NA	"prevalence"	20	7
"NODE_3716_length_1611_cov_2.967866"	"PrePostFVT"	"Post"	"PrePostFVTPost"	-12.6322825115221	0	79.7177954590837	0.874092354605359	1	0.973128020903694	1	NA	"prevalence"	20	7
"NODE_377_length_6517_cov_6.469205"	"PrePostFVT"	"During"	"PrePostFVTDuring"	-4.21330116288112e-15	0	3.98666719892111	0.999999999999999	1	0.999957851420185	1	NA	"prevalence"	20	14
"NODE_38_length_1261_cov_5.764511"	"PrePostFVT"	"During"	"PrePostFVTDuring"	4.79045828458724	0	6.4385549712328	0.4568601835518	1	0.171840781025017	0.758034601176654	NA	"prevalence"	20	17
"NODE_3804_length_1429_cov_2.868996"	"PrePostFVT"	"During"	"PrePostFVTDuring"	-10.6864701215999	0	171.115056480101	0.950202920100395	1	0.950202920100395	1	NA	"prevalence"	20	2
"NODE_3804_length_1429_cov_2.868996"	"PrePostFVT"	"Post"	"PrePostFVTPost"	-13.1372741573707	0	331.143073060348	0.968354224807565	1	0.968354224807565	1	NA	"prevalence"	20	2
"NODE_3829_length_1032_cov_1.486182"	"PrePostFVT"	"During"	"PrePostFVTDuring"	-14.191841324214	0	1057.58313516719	0.98929340789067	1	0.98929340789067	1	NA	"prevalence"	20	2
"NODE_3829_length_1032_cov_1.486182"	"PrePostFVT"	"Post"	"PrePostFVTPost"	-15.3425495940241	0	993.426286723179	0.987677901236525	1	0.987677901236525	1	NA	"prevalence"	20	2
"NODE_386_length_12222_cov_6.937372"	"PrePostFVT"	"During"	"PrePostFVTDuring"	0	0	3.39467376928872	1	1	0.728925015738982	1	NA	"prevalence"	20	18
"NODE_386_length_12222_cov_6.937372"	"PrePostFVT"	"Post"	"PrePostFVTPost"	-1.93239635424051	0	2.10663170607487	0.358989662460409	1	0.58910574716738	1	NA	"prevalence"	20	18
"NODE_3880_length_1022_cov_8.022751"	"PrePostFVT"	"During"	"PrePostFVTDuring"	0	0	3.39467383405896	1	1	0.993573756098898	1	NA	"prevalence"	20	13
"NODE_3896_length_1096_cov_3.636888"	"PrePostFVT"	"During"	"PrePostFVTDuring"	-20.1020759386544	0	2364.82671845787	0.993217709039584	1	0.993217709039584	1	NA	"prevalence"	20	5
"NODE_3896_length_1096_cov_3.636888"	"PrePostFVT"	"Post"	"PrePostFVTPost"	-16.9920458083332	0	639.688291161758	0.978808277416824	1	0.978808277416824	1	NA	"prevalence"	20	5
"NODE_393_length_5776_cov_11.760007"	"PrePostFVT"	"During"	"PrePostFVTDuring"	13.5128230497316	0	692.35088390461	0.984428432645631	1	0.147019917352117	0.733219832963666	NA	"prevalence"	20	18
"NODE_393_length_5776_cov_11.760007"	"PrePostFVT"	"Post"	"PrePostFVTPost"	14.6110352801264	0	673.37872897208	0.982688783803017	1	0.0977940863147582	0.605803156934642	NA	"prevalence"	20	18
"NODE_396_length_13688_cov_5.961417"	"PrePostFVT"	"During"	"PrePostFVTDuring"	0	0	3.39467111373657	1	1	0.0505379566663167	0.47724151592352	NA	"prevalence"	20	17
"NODE_397_length_16929_cov_5.824641"	"PrePostFVT"	"During"	"PrePostFVTDuring"	-12.8880230362138	0	528.792095839237	0.980555426790464	1	0.980555426790464	1	NA	"prevalence"	20	3
"NODE_397_length_16929_cov_5.824641"	"PrePostFVT"	"Post"	"PrePostFVTPost"	-1.38607441445222	0	1.36918803419191	0.311378797172556	1	0.311378797172556	0.873767032882173	NA	"prevalence"	20	3
"NODE_40_length_38412_cov_55.863441"	"PrePostFVT"	"During"	"PrePostFVTDuring"	-29.2541341927095	0	1180.94603870976	0.980237001304319	1	0.980237001304319	1	NA	"prevalence"	20	7
"NODE_40_length_38412_cov_55.863441"	"PrePostFVT"	"Post"	"PrePostFVTPost"	-30.4181151290351	0	1213.46082666494	0.980001329768096	1	0.980001329768096	1	NA	"prevalence"	20	7
"NODE_400_length_5362_cov_8.985114"	"PrePostFVT"	"During"	"PrePostFVTDuring"	21.326624191982	0	52631.4734974337	0.999676691861724	1	0.181964638075722	0.758034601176654	NA	"prevalence"	20	19
"NODE_400_length_5362_cov_8.985114"	"PrePostFVT"	"Post"	"PrePostFVTPost"	29.4053043905307	0	1726949.63032575	0.999986414173311	1	0.0483016283306221	0.47724151592352	NA	"prevalence"	20	19
"NODE_403_length_17644_cov_1809.089886"	"PrePostFVT"	"During"	"PrePostFVTDuring"	6.08904486356908	0	12.1790799356227	0.617103702078666	1	0.852431894507829	1	NA	"prevalence"	20	11
"NODE_403_length_17644_cov_1809.089886"	"PrePostFVT"	"Post"	"PrePostFVTPost"	-0.202711512497004	0	1.05626292525111	0.847809667678167	1	0.361133283261928	0.942786401895667	NA	"prevalence"	20	11
"NODE_406_length_5653_cov_8.832797"	"PrePostFVT"	"During"	"PrePostFVTDuring"	21.326624191982	0	52631.4734974337	0.999676691861724	1	0.186317230163895	0.758034601176654	NA	"prevalence"	20	19
"NODE_406_length_5653_cov_8.832797"	"PrePostFVT"	"Post"	"PrePostFVTPost"	29.4053043905307	0	1726949.63032575	0.999986414173311	1	0.0414552314697228	0.47724151592352	NA	"prevalence"	20	19
"NODE_41_length_88707_cov_853.230034"	"PrePostFVT"	"During"	"PrePostFVTDuring"	14.3318253090771	0	91.5595597253562	0.87561521018509	1	0.973092256289073	1	NA	"prevalence"	20	16
"NODE_41_length_88707_cov_853.230034"	"PrePostFVT"	"Post"	"PrePostFVTPost"	0.636891213418535	0	1.27254318582456	0.616732267341927	1	0.0240552452361566	0.456220168271935	NA	"prevalence"	20	16
"NODE_410_length_13108_cov_8.174519"	"PrePostFVT"	"During"	"PrePostFVTDuring"	0.916369390268276	0	1.64315552328511	0.577056924307724	1	0.577056924307724	1	NA	"prevalence"	20	2
"NODE_410_length_13108_cov_8.174519"	"PrePostFVT"	"Post"	"PrePostFVTPost"	-14.9343958260513	0	1365.33377278632	0.991272693548533	1	0.991272693548533	1	NA	"prevalence"	20	2
"NODE_414_length_12838_cov_6.220840"	"PrePostFVT"	"During"	"PrePostFVTDuring"	0	0	3.39467111373657	1	1	0.0332043122643784	0.47724151592352	NA	"prevalence"	20	17
"NODE_414_length_5262_cov_3.088151"	"PrePostFVT"	"During"	"PrePostFVTDuring"	-0.916273180729572	0	1.64316421851772	0.577098929611012	1	0.353270478943144	0.935794742937876	NA	"prevalence"	20	9
"NODE_4157_length_1238_cov_8.467456"	"PrePostFVT"	"During"	"PrePostFVTDuring"	0.625705899751834	0	1.46110105376696	0.668474411756499	1	0.204889952131811	0.758034601176654	NA	"prevalence"	20	5
"NODE_4157_length_1238_cov_8.467456"	"PrePostFVT"	"Post"	"PrePostFVTPost"	-6.08904481277308	0	7.06318910290943	0.388642658764222	1	0.388642658764222	0.991128882474445	NA	"prevalence"	20	5
"NODE_4165_length_1315_cov_3.457937"	"PrePostFVT"	"During"	"PrePostFVTDuring"	-1.02536956340845e-14	0	3.39467266820501	0.999999999999998	1	0.999999999999998	1	NA	"prevalence"	20	3
"NODE_417_length_5474_cov_11.435689"	"PrePostFVT"	"During"	"PrePostFVTDuring"	13.5128230497316	0	692.35088390461	0.984428432645631	1	0.482182232822567	1	NA	"prevalence"	20	18
"NODE_417_length_5474_cov_11.435689"	"PrePostFVT"	"Post"	"PrePostFVTPost"	14.6110352801264	0	673.37872897208	0.982688783803017	1	0.103234879330154	0.609884136977419	NA	"prevalence"	20	18
"NODE_4171_length_1046_cov_3.464178"	"PrePostFVT"	"During"	"PrePostFVTDuring"	-14.267078510428	0	319.845627833141	0.964421249375834	1	0.964421249375834	1	NA	"prevalence"	20	8
"NODE_419_length_11855_cov_14.191441"	"PrePostFVT"	"During"	"PrePostFVTDuring"	6.08904485432403	0	12.1791878757504	0.617106822665303	1	0.85339281475054	1	NA	"prevalence"	20	12
"NODE_419_length_11855_cov_14.191441"	"PrePostFVT"	"Post"	"PrePostFVTPost"	0.202711512497004	0	1.05626336079069	0.847809729665667	1	0.976838121615563	1	NA	"prevalence"	20	12
"NODE_42_length_31081_cov_10.095017|provirus_3_24148"	"PrePostFVT"	"During"	"PrePostFVTDuring"	21.326624191982	0	52631.4734974337	0.999676691861724	1	0.136349604016742	0.728080409798138	NA	"prevalence"	20	19
"NODE_42_length_31081_cov_10.095017|provirus_3_24148"	"PrePostFVT"	"Post"	"PrePostFVTPost"	29.4053043905307	0	1726949.63032575	0.999986414173311	1	0.061137081779721	0.494478095540919	NA	"prevalence"	20	19
"NODE_420_length_8092_cov_8.250467"	"PrePostFVT"	"During"	"PrePostFVTDuring"	0	0	3.39467376928872	1	1	0.737898762920531	1	NA	"prevalence"	20	18
"NODE_420_length_8092_cov_8.250467"	"PrePostFVT"	"Post"	"PrePostFVTPost"	-1.93239635424051	0	2.10663170607487	0.358989662460409	1	0.423319619945308	1	NA	"prevalence"	20	18
"NODE_423_length_12451_cov_8.742578"	"PrePostFVT"	"During"	"PrePostFVTDuring"	6.08904485432403	0	12.1791878757504	0.617106822665303	1	0.85339281475054	1	NA	"prevalence"	20	12
"NODE_423_length_12451_cov_8.742578"	"PrePostFVT"	"Post"	"PrePostFVTPost"	0.202711512497004	0	1.05626336079069	0.847809729665667	1	0.86816017547685	1	NA	"prevalence"	20	12
"NODE_424_length_13454_cov_10.768266"	"PrePostFVT"	"During"	"PrePostFVTDuring"	4.79045828458724	0	6.4385549712328	0.4568601835518	1	0.157803614900895	0.733453421370358	NA	"prevalence"	20	17
"NODE_424_length_5400_cov_8.976052"	"PrePostFVT"	"During"	"PrePostFVTDuring"	13.5128230497316	0	692.35088390461	0.984428432645631	1	0.400164065603077	1	NA	"prevalence"	20	18
"NODE_424_length_5400_cov_8.976052"	"PrePostFVT"	"Post"	"PrePostFVTPost"	14.6110352801264	0	673.37872897208	0.982688783803017	1	0.0841983014485865	0.562554475938266	NA	"prevalence"	20	18
"NODE_4240_length_1184_cov_4.600531"	"PrePostFVT"	"During"	"PrePostFVTDuring"	-22.6504210683716	0	45626.788994308	0.999603907684012	1	0.510118479490439	1	NA	"prevalence"	20	12
"NODE_4240_length_1184_cov_4.600531"	"PrePostFVT"	"Post"	"PrePostFVTPost"	-24.0367154187412	0	45626.7889843458	0.999579665287327	1	0.989005604678175	1	NA	"prevalence"	20	12
"NODE_4268_length_1176_cov_6.979483"	"PrePostFVT"	"During"	"PrePostFVTDuring"	12.9845952485399	0	378.677314593624	0.972646425197625	1	0.972646425197625	1	NA	"prevalence"	20	7
"NODE_4268_length_1176_cov_6.979483"	"PrePostFVT"	"Post"	"PrePostFVTPost"	13.9009022269603	0	378.675918018436	0.970716847324663	1	0.970716847324663	1	NA	"prevalence"	20	7
"NODE_428_length_4500_cov_14.119685"	"PrePostFVT"	"During"	"PrePostFVTDuring"	0	0	3.39467338067089	1	1	1	1	NA	"prevalence"	20	2
"NODE_428_length_4500_cov_14.119685"	"PrePostFVT"	"Post"	"PrePostFVTPost"	1.93239635424053	0	2.10663320562836	0.358990004524744	1	0.358990004524744	0.94170721118156	NA	"prevalence"	20	2
"NODE_431_length_12194_cov_8.575912"	"PrePostFVT"	"During"	"PrePostFVTDuring"	0	0	3.39467506468286	1	1	0.661858771581628	1	NA	"prevalence"	20	18
"NODE_431_length_12194_cov_8.575912"	"PrePostFVT"	"Post"	"PrePostFVTPost"	-1.2819192790658	0	2.17487215283095	0.555577671593427	1	0.80248879401368	1	NA	"prevalence"	20	18
"NODE_432_length_11598_cov_6.284415"	"PrePostFVT"	"During"	"PrePostFVTDuring"	2.31413884680681e-14	0	3.3946754613979	0.999999999999995	1	0.0678628026924083	0.524379380869492	NA	"prevalence"	20	10
"NODE_432_length_11598_cov_6.284415"	"PrePostFVT"	"Post"	"PrePostFVTPost"	-12.1780897508937	0	32.1411758804242	0.704766786543544	1	0.704766786543544	1	NA	"prevalence"	20	10
"NODE_432_length_17999_cov_36.791239"	"PrePostFVT"	"During"	"PrePostFVTDuring"	0	0	3.39467111373657	1	1	0.0284667434291454	0.462884253026292	NA	"prevalence"	20	17
"NODE_432_length_20945_cov_11.322451"	"PrePostFVT"	"During"	"PrePostFVTDuring"	-14.4274530729581	0	422.472072557604	0.972757477466726	1	0.952123278523533	1	NA	"prevalence"	20	9
"NODE_432_length_20945_cov_11.322451"	"PrePostFVT"	"Post"	"PrePostFVTPost"	-14.9872206119496	0	422.47094757647	0.971700860617127	1	0.45881527941541	1	NA	"prevalence"	20	9
"NODE_4372_length_1017_cov_2.721414"	"PrePostFVT"	"During"	"PrePostFVTDuring"	0	0	3.39467376928872	1	1	0.822061656889723	1	NA	"prevalence"	20	18
"NODE_4372_length_1017_cov_2.721414"	"PrePostFVT"	"Post"	"PrePostFVTPost"	-1.93239635424051	0	2.10663170607487	0.358989662460409	1	0.58910574716738	1	NA	"prevalence"	20	18
"NODE_4372_length_1213_cov_2.302245"	"PrePostFVT"	"During"	"PrePostFVTDuring"	-4.79045828458723	0	6.43855483919578	0.456860174321231	1	0.456860174321231	1	NA	"prevalence"	20	3
"NODE_4382_length_1351_cov_5.240741"	"PrePostFVT"	"During"	"PrePostFVTDuring"	4.79045828458724	0	6.4385549712328	0.4568601835518	1	0.188632283408027	0.758034601176654	NA	"prevalence"	20	17
"NODE_4383_length_1318_cov_9.849565"	"PrePostFVT"	"During"	"PrePostFVTDuring"	4.79045828458724	0	6.4385549712328	0.4568601835518	1	0.227589325787959	0.807575026989531	NA	"prevalence"	20	17
"NODE_44_length_91318_cov_778.137087"	"PrePostFVT"	"During"	"PrePostFVTDuring"	21.326624191982	0	52631.4734974337	0.999676691861724	1	0.614000855036124	1	NA	"prevalence"	20	19
"NODE_44_length_91318_cov_778.137087"	"PrePostFVT"	"Post"	"PrePostFVTPost"	29.4053043905307	0	1726949.63032575	0.999986414173311	1	0.853066333794232	1	NA	"prevalence"	20	19
"NODE_4425_length_1021_cov_4.517598"	"PrePostFVT"	"During"	"PrePostFVTDuring"	2.26714679202279e-15	0	1.4839889447459	0.999999999999999	1	0.999999999999999	1	NA	"prevalence"	20	3
"NODE_4425_length_1021_cov_4.517598"	"PrePostFVT"	"Post"	"PrePostFVTPost"	-4.83763307590461	0	5.21207117615292	0.353324869210269	1	0.353324869210269	0.935794742937876	NA	"prevalence"	20	3
"NODE_444_length_12751_cov_9.040013"	"PrePostFVT"	"During"	"PrePostFVTDuring"	2.05073912681691e-14	0	3.3946772020926	0.999999999999995	1	0.649975780031484	1	NA	"prevalence"	20	17
"NODE_444_length_8251_cov_19.583333"	"PrePostFVT"	"During"	"PrePostFVTDuring"	-10.6864701215999	0	171.115056480101	0.950202920100395	1	0.950202920100395	1	NA	"prevalence"	20	2
"NODE_444_length_8251_cov_19.583333"	"PrePostFVT"	"Post"	"PrePostFVTPost"	-13.1372741573707	0	331.143073060348	0.968354224807565	1	0.968354224807565	1	NA	"prevalence"	20	2
"NODE_445_length_13206_cov_42.964718"	"PrePostFVT"	"During"	"PrePostFVTDuring"	-0.0279330857631191	0	29.9651442106984	0.999256223347987	1	0.0288951988252776	0.462884253026292	NA	"prevalence"	20	18
"NODE_445_length_13206_cov_42.964718"	"PrePostFVT"	"Post"	"PrePostFVTPost"	-11.6790343668742	0	19.0956149642791	0.540797022909662	1	0.0499783197646633	0.47724151592352	NA	"prevalence"	20	18
"NODE_446_length_10263_cov_13.200137"	"PrePostFVT"	"During"	"PrePostFVTDuring"	21.326624191982	0	52631.4734974337	0.999676691861724	1	0.157080608913773	0.733453421370358	NA	"prevalence"	20	19
"NODE_446_length_10263_cov_13.200137"	"PrePostFVT"	"Post"	"PrePostFVTPost"	29.4053043905307	0	1726949.63032575	0.999986414173311	1	0.0452304396232385	0.47724151592352	NA	"prevalence"	20	19
"NODE_446_length_8151_cov_7.545949"	"PrePostFVT"	"During"	"PrePostFVTDuring"	2.05073912681691e-14	0	3.3946772020926	0.999999999999995	1	0.790896213274269	1	NA	"prevalence"	20	16
"NODE_4504_length_1360_cov_3.496552"	"PrePostFVT"	"During"	"PrePostFVTDuring"	-13.5745974785721	0	356.512044119503	0.969626986271252	1	0.969626986271252	1	NA	"prevalence"	20	5
"NODE_454_length_20811_cov_36.278859"	"PrePostFVT"	"During"	"PrePostFVTDuring"	-13.208535019794	0	212.944460659605	0.950540474264589	1	0.275617164489427	0.871765233337443	NA	"prevalence"	20	8
"NODE_454_length_20811_cov_36.278859"	"PrePostFVT"	"Post"	"PrePostFVTPost"	-14.59462192105	0	212.943552408865	0.945357757606291	1	0.259866972742614	0.857561010050624	NA	"prevalence"	20	8
"NODE_455_length_4871_cov_3.309178"	"PrePostFVT"	"During"	"PrePostFVTDuring"	-15.6033423391164	0	632.028887842787	0.980304062580697	1	0.980304062580697	1	NA	"prevalence"	20	6
"NODE_455_length_9365_cov_7.862406"	"PrePostFVT"	"During"	"PrePostFVTDuring"	-19.8829938168412	0	2048.00004806536	0.992253865134191	1	0.992253865134191	1	NA	"prevalence"	20	5
"NODE_461_length_8240_cov_11.483201"	"PrePostFVT"	"During"	"PrePostFVTDuring"	-11.4114632820478	0	248.358029149932	0.963351989542521	1	0.963351989542521	1	NA	"prevalence"	20	5
"NODE_461_length_8240_cov_11.483201"	"PrePostFVT"	"Post"	"PrePostFVTPost"	-0.559593140955944	0	1.18019499029472	0.635390718373694	1	0.795922992634142	1	NA	"prevalence"	20	5
"NODE_463_length_12161_cov_9.640674"	"PrePostFVT"	"During"	"PrePostFVTDuring"	6.08904485432403	0	12.1791878757504	0.617106822665303	1	0.85339281475054	1	NA	"prevalence"	20	13
"NODE_463_length_12161_cov_9.640674"	"PrePostFVT"	"Post"	"PrePostFVTPost"	0.202711512497004	0	1.05626336079069	0.847809729665667	1	0.672282972677904	1	NA	"prevalence"	20	13
"NODE_47_length_35571_cov_46.640585"	"PrePostFVT"	"During"	"PrePostFVTDuring"	0.712579298438639	0	1.47531024065898	0.629093593463795	1	0.485922543771074	1	NA	"prevalence"	20	8
"NODE_471_length_10690_cov_5.362482"	"PrePostFVT"	"During"	"PrePostFVTDuring"	-15.6033423391164	0	632.028887842787	0.980304062580697	1	0.980304062580697	1	NA	"prevalence"	20	6
"NODE_4715_length_1303_cov_2.362179"	"PrePostFVT"	"During"	"PrePostFVTDuring"	0.916553154082099	0	1.6431629405662	0.576982265328158	1	0.576982265328158	1	NA	"prevalence"	20	2
"NODE_4715_length_1303_cov_2.362179"	"PrePostFVT"	"Post"	"PrePostFVTPost"	-12.1347971563415	0	320.825333448366	0.969828257984446	1	0.969828257984446	1	NA	"prevalence"	20	2
"NODE_474_length_13836_cov_8.532327"	"PrePostFVT"	"During"	"PrePostFVTDuring"	6.08904485432403	0	12.1791878757504	0.617106822665303	1	0.85339281475054	1	NA	"prevalence"	20	13
"NODE_474_length_13836_cov_8.532327"	"PrePostFVT"	"Post"	"PrePostFVTPost"	0.202711512497004	0	1.05626336079069	0.847809729665667	1	0.953117375230745	1	NA	"prevalence"	20	13
"NODE_475_length_11718_cov_5.183058"	"PrePostFVT"	"During"	"PrePostFVTDuring"	-4.79045828458723	0	6.43855483919578	0.456860174321231	1	0.456860174321231	1	NA	"prevalence"	20	3
"NODE_476_length_10574_cov_8.492252"	"PrePostFVT"	"During"	"PrePostFVTDuring"	0.916369390268276	0	1.64315552328511	0.577056924307724	1	0.577056924307724	1	NA	"prevalence"	20	2
"NODE_476_length_10574_cov_8.492252"	"PrePostFVT"	"Post"	"PrePostFVTPost"	-14.9343958260513	0	1365.33377278632	0.991272693548533	1	0.991272693548533	1	NA	"prevalence"	20	2
"NODE_48_length_29548_cov_16476.712644"	"PrePostFVT"	"During"	"PrePostFVTDuring"	6.08904486356909	0	12.1795106812055	0.617116152661523	1	0.22080174578306	0.791856266538366	NA	"prevalence"	20	11
"NODE_48_length_29548_cov_16476.712644"	"PrePostFVT"	"Post"	"PrePostFVTPost"	-0.202711512497003	0	1.05626331563105	0.847809723238394	1	0.088060825487249	0.567165810624114	NA	"prevalence"	20	11
"NODE_480_length_16803_cov_99.263016"	"PrePostFVT"	"During"	"PrePostFVTDuring"	21.326624191982	0	52631.4734974337	0.999676691861724	1	0.252856544780619	0.8393130920751	NA	"prevalence"	20	19
"NODE_480_length_16803_cov_99.263016"	"PrePostFVT"	"Post"	"PrePostFVTPost"	29.4053043905307	0	1726949.63032575	0.999986414173311	1	0.030471969655092	0.475474355226231	NA	"prevalence"	20	19
"NODE_4819_length_1553_cov_13.226969"	"PrePostFVT"	"During"	"PrePostFVTDuring"	13.5128230497316	0	692.35088390461	0.984428432645631	1	0.43666669023187	1	NA	"prevalence"	20	18
"NODE_4819_length_1553_cov_13.226969"	"PrePostFVT"	"Post"	"PrePostFVTPost"	14.6110352801264	0	673.37872897208	0.982688783803017	1	0.0582328920650818	0.48773742084967	NA	"prevalence"	20	18
"NODE_482_length_6261_cov_4.535127"	"PrePostFVT"	"During"	"PrePostFVTDuring"	6.08904487544686	0	12.1790807028601	0.617103723569412	1	0.853390441495591	1	NA	"prevalence"	20	14
"NODE_482_length_6261_cov_4.535127"	"PrePostFVT"	"Post"	"PrePostFVTPost"	0.625705899764414	0	1.07519796963482	0.560603842632189	1	0.806931016890402	1	NA	"prevalence"	20	14
"NODE_483_length_7947_cov_8.551191"	"PrePostFVT"	"During"	"PrePostFVTDuring"	0	0	3.39467506468286	1	1	0.547017206035988	1	NA	"prevalence"	20	19
"NODE_483_length_7947_cov_8.551191"	"PrePostFVT"	"Post"	"PrePostFVTPost"	-1.2819192790658	0	2.17487215283095	0.555577671593427	1	0.499264266945955	1	NA	"prevalence"	20	19
"NODE_484_length_5956_cov_60.701745"	"PrePostFVT"	"During"	"PrePostFVTDuring"	0	0	3.39467059557892	1	1	0.602548220306881	1	NA	"prevalence"	20	18
"NODE_484_length_5956_cov_60.701745"	"PrePostFVT"	"Post"	"PrePostFVTPost"	-1.28191927906579	0	2.17487061299352	0.555577391716391	1	0.802488545246394	1	NA	"prevalence"	20	18
"NODE_486_length_6444_cov_8.092190"	"PrePostFVT"	"During"	"PrePostFVTDuring"	13.5128230497316	0	692.35088390461	0.984428432645631	1	0.261012237099935	0.859621140149486	NA	"prevalence"	20	18
"NODE_486_length_6444_cov_8.092190"	"PrePostFVT"	"Post"	"PrePostFVTPost"	14.6110352801264	0	673.37872897208	0.982688783803017	1	0.0252104050736971	0.45632801862823	NA	"prevalence"	20	18
"NODE_486_length_8815_cov_3.911872"	"PrePostFVT"	"During"	"PrePostFVTDuring"	0	0	3.39467111373657	1	1	0.0484972866131362	0.47724151592352	NA	"prevalence"	20	16
"NODE_489_length_18498_cov_16.453017"	"PrePostFVT"	"During"	"PrePostFVTDuring"	-29.2541341927095	0	1180.94603870976	0.980237001304319	1	0.980237001304319	1	NA	"prevalence"	20	6
"NODE_489_length_18498_cov_16.453017"	"PrePostFVT"	"Post"	"PrePostFVTPost"	-30.4181151290351	0	1213.46082666494	0.980001329768096	1	0.980001329768096	1	NA	"prevalence"	20	6
"NODE_492_length_8732_cov_6.818716"	"PrePostFVT"	"During"	"PrePostFVTDuring"	0	0	3.39467506468286	1	1	0.71038297359947	1	NA	"prevalence"	20	19
"NODE_492_length_8732_cov_6.818716"	"PrePostFVT"	"Post"	"PrePostFVTPost"	-1.2819192790658	0	2.17487215283095	0.555577671593427	1	0.133298368927702	0.718765714806235	NA	"prevalence"	20	19
"NODE_493_length_18317_cov_24.839010"	"PrePostFVT"	"During"	"PrePostFVTDuring"	6.08904487544686	0	12.1790807028601	0.617103723569412	1	0.853390441495591	1	NA	"prevalence"	20	14
"NODE_493_length_18317_cov_24.839010"	"PrePostFVT"	"Post"	"PrePostFVTPost"	0.625705899764414	0	1.07519796963482	0.560603842632189	1	0.806931016890402	1	NA	"prevalence"	20	14
"NODE_498_length_18150_cov_25.040951|provirus_5737_18148"	"PrePostFVT"	"During"	"PrePostFVTDuring"	6.08904485432403	0	12.1791878757504	0.617106822665303	1	0.85339281475054	1	NA	"prevalence"	20	12
"NODE_498_length_18150_cov_25.040951|provirus_5737_18148"	"PrePostFVT"	"Post"	"PrePostFVTPost"	0.202711512497004	0	1.05626336079069	0.847809729665667	1	0.924235095793766	1	NA	"prevalence"	20	12
"NODE_499_length_7571_cov_37.322113"	"PrePostFVT"	"During"	"PrePostFVTDuring"	0	0	3.39467506468286	1	1	0.7689369333353	1	NA	"prevalence"	20	19
"NODE_499_length_7571_cov_37.322113"	"PrePostFVT"	"Post"	"PrePostFVTPost"	-1.2819192790658	0	2.17487215283095	0.555577671593427	1	0.798746148164413	1	NA	"prevalence"	20	19
"NODE_502_length_7518_cov_18.659654"	"PrePostFVT"	"During"	"PrePostFVTDuring"	0	0	3.39467506468286	1	1	0.624346070419592	1	NA	"prevalence"	20	18
"NODE_502_length_7518_cov_18.659654"	"PrePostFVT"	"Post"	"PrePostFVTPost"	-1.2819192790658	0	2.17487215283095	0.555577671593427	1	0.621659631230084	1	NA	"prevalence"	20	18
"NODE_502_length_8707_cov_57.547272"	"PrePostFVT"	"During"	"PrePostFVTDuring"	21.326624191982	0	52631.4734974337	0.999676691861724	1	0.213115505827681	0.772836449704778	NA	"prevalence"	20	19
"NODE_502_length_8707_cov_57.547272"	"PrePostFVT"	"Post"	"PrePostFVTPost"	29.4053043905307	0	1726949.63032575	0.999986414173311	1	0.0249944018515104	0.45632801862823	NA	"prevalence"	20	19
"NODE_502_length_9921_cov_9.503953"	"PrePostFVT"	"During"	"PrePostFVTDuring"	9.40955202066997e-16	0	1.52844316738657	1	1	1	1	NA	"prevalence"	20	5
"NODE_504_length_3999_cov_6.731237"	"PrePostFVT"	"During"	"PrePostFVTDuring"	21.326624191982	0	52631.4734974337	0.999676691861724	1	0.183173541889854	0.758034601176654	NA	"prevalence"	20	19
"NODE_504_length_3999_cov_6.731237"	"PrePostFVT"	"Post"	"PrePostFVTPost"	29.4053043905307	0	1726949.63032575	0.999986414173311	1	0.0431764282838482	0.47724151592352	NA	"prevalence"	20	19
"NODE_504_length_4677_cov_196.953700"	"PrePostFVT"	"During"	"PrePostFVTDuring"	0.712579298438639	0	1.47531024065898	0.629093593463795	1	0.160031803362103	0.7375767473393	NA	"prevalence"	20	6
"NODE_506_length_14593_cov_7.901087"	"PrePostFVT"	"During"	"PrePostFVTDuring"	-12.8880230362138	0	528.792095839237	0.980555426790464	1	0.980555426790464	1	NA	"prevalence"	20	3
"NODE_506_length_14593_cov_7.901087"	"PrePostFVT"	"Post"	"PrePostFVTPost"	-1.38607441445222	0	1.36918803419191	0.311378797172556	1	0.311378797172556	0.873767032882173	NA	"prevalence"	20	3
"NODE_5077_length_1011_cov_1.685146"	"PrePostFVT"	"During"	"PrePostFVTDuring"	0.916319955242303	0	1.6431550240259	0.577077356289932	1	0.577077356289932	1	NA	"prevalence"	20	2
"NODE_5077_length_1011_cov_1.685146"	"PrePostFVT"	"Post"	"PrePostFVTPost"	-12.6864809524797	0	397.839952121677	0.974561046542602	1	0.974561046542602	1	NA	"prevalence"	20	2
"NODE_512_length_17379_cov_48.317017"	"PrePostFVT"	"During"	"PrePostFVTDuring"	-21.231499651828	0	1234.99147837846	0.986283750411658	1	0.575542921405251	1	NA	"prevalence"	20	13
"NODE_512_length_17379_cov_48.317017"	"PrePostFVT"	"Post"	"PrePostFVTPost"	-21.7015033040145	0	1234.99051223199	0.98598013248453	1	0.998133311033519	1	NA	"prevalence"	20	13
"NODE_513_length_8890_cov_6.308659"	"PrePostFVT"	"During"	"PrePostFVTDuring"	2.31413884680681e-14	0	3.3946754613979	0.999999999999995	1	0.248633115719507	0.839089799485433	NA	"prevalence"	20	9
"NODE_513_length_8890_cov_6.308659"	"PrePostFVT"	"Post"	"PrePostFVTPost"	-12.1780897508937	0	32.1411758804242	0.704766786543544	1	0.704766786543544	1	NA	"prevalence"	20	9
"NODE_5130_length_1228_cov_2.198636"	"PrePostFVT"	"During"	"PrePostFVTDuring"	-4.83763305648641	0	8.94597559218149	0.588672454502174	1	0.588672454502174	1	NA	"prevalence"	20	5
"NODE_5130_length_1228_cov_2.198636"	"PrePostFVT"	"Post"	"PrePostFVTPost"	2.46965077995217e-16	0	1.1061006206219	1	1	0.103382167389649	0.609884136977419	NA	"prevalence"	20	5
"NODE_515_length_15976_cov_64.566108|provirus_96_3676"	"PrePostFVT"	"During"	"PrePostFVTDuring"	0	0	3.39467156712168	1	1	0.00965171424549641	0.39452319173861	NA	"prevalence"	20	12
"NODE_515_length_5801_cov_5.203098"	"PrePostFVT"	"During"	"PrePostFVTDuring"	6.08904487544685	0	12.1789730053703	0.617100610482939	1	0.853388057507462	1	NA	"prevalence"	20	14
"NODE_515_length_5801_cov_5.203098"	"PrePostFVT"	"Post"	"PrePostFVTPost"	0.625705899764411	0	1.07519754603371	0.560603688195092	1	0.806930881172244	1	NA	"prevalence"	20	14
"NODE_516_length_24243_cov_6.742434"	"PrePostFVT"	"During"	"PrePostFVTDuring"	-12.8880230362138	0	528.792095839237	0.980555426790464	1	0.980555426790464	1	NA	"prevalence"	20	3
"NODE_516_length_24243_cov_6.742434"	"PrePostFVT"	"Post"	"PrePostFVTPost"	-1.38607441445222	0	1.36918803419191	0.311378797172556	1	0.311378797172556	0.873767032882173	NA	"prevalence"	20	3
"NODE_518_length_4291_cov_13.228281"	"PrePostFVT"	"During"	"PrePostFVTDuring"	-12.5691024292206	0	295.49131780063	0.966071187961928	1	0.0579643295849204	0.48773742084967	NA	"prevalence"	20	9
"NODE_518_length_4291_cov_13.228281"	"PrePostFVT"	"Post"	"PrePostFVTPost"	-31.2359312024944	0	2556.15667610375	0.990250188014415	1	0.990250188014415	1	NA	"prevalence"	20	9
"NODE_52_length_84715_cov_387.896220"	"PrePostFVT"	"During"	"PrePostFVTDuring"	21.326624191982	0	52631.4734974337	0.999676691861724	1	0.541847414832304	1	NA	"prevalence"	20	19
"NODE_52_length_84715_cov_387.896220"	"PrePostFVT"	"Post"	"PrePostFVTPost"	29.4053043905307	0	1726949.63032575	0.999986414173311	1	0.914818687440312	1	NA	"prevalence"	20	19
"NODE_523_length_5655_cov_4.423929"	"PrePostFVT"	"During"	"PrePostFVTDuring"	-4.79045828458723	0	6.43855484022439	0.45686017439314	1	0.45686017439314	1	NA	"prevalence"	20	4
"NODE_530_length_12000_cov_40.575303"	"PrePostFVT"	"During"	"PrePostFVTDuring"	0	0	3.39467111373657	1	1	0.0136910250637612	0.39452319173861	NA	"prevalence"	20	17
"NODE_535_length_9302_cov_18.873472"	"PrePostFVT"	"During"	"PrePostFVTDuring"	0	0	3.39467376928872	1	1	0.712923519352693	1	NA	"prevalence"	20	17
"NODE_535_length_9302_cov_18.873472"	"PrePostFVT"	"Post"	"PrePostFVTPost"	-1.93239635424051	0	2.10663170607487	0.358989662460409	1	0.58910574716738	1	NA	"prevalence"	20	17
"NODE_536_length_3624_cov_406.142337"	"PrePostFVT"	"During"	"PrePostFVTDuring"	-13.208535019794	0	212.944460659605	0.950540474264589	1	0.586881216136555	1	NA	"prevalence"	20	8
"NODE_536_length_3624_cov_406.142337"	"PrePostFVT"	"Post"	"PrePostFVTPost"	-14.59462192105	0	212.943552408865	0.945357757606291	1	0.20485965873944	0.758034601176654	NA	"prevalence"	20	8
"NODE_540_length_11002_cov_8.996894"	"PrePostFVT"	"During"	"PrePostFVTDuring"	-21.7850179845768	0	29600.4855443856	0.999412782337253	1	0.157354723294632	0.733453421370358	NA	"prevalence"	20	13
"NODE_540_length_11002_cov_8.996894"	"PrePostFVT"	"Post"	"PrePostFVTPost"	-22.7013088084859	0	29600.4855282618	0.999388083617229	1	0.958961506024927	1	NA	"prevalence"	20	13
"NODE_543_length_4816_cov_8.005881"	"PrePostFVT"	"During"	"PrePostFVTDuring"	13.5128230497316	0	692.35088390461	0.984428432645631	1	0.32708196488596	0.899475403436391	NA	"prevalence"	20	18
"NODE_543_length_4816_cov_8.005881"	"PrePostFVT"	"Post"	"PrePostFVTPost"	14.6110352801264	0	673.37872897208	0.982688783803017	1	0.0165017297220134	0.411023675353133	NA	"prevalence"	20	18
"NODE_545_length_14235_cov_14.402257"	"PrePostFVT"	"During"	"PrePostFVTDuring"	6.08904484990617	0	12.1796176691368	0.617119245788755	1	0.853402328054628	1	NA	"prevalence"	20	15
"NODE_545_length_14235_cov_14.402257"	"PrePostFVT"	"Post"	"PrePostFVTPost"	1.11212600750106	0	1.12396522177637	0.322434920457834	1	0.540905562985018	1	NA	"prevalence"	20	15
"NODE_545_length_3550_cov_3.934478"	"PrePostFVT"	"During"	"PrePostFVTDuring"	-12.331811975377	0	273.069401075945	0.963979783432676	1	0.305673295129081	0.873767032882173	NA	"prevalence"	20	11
"NODE_545_length_3550_cov_3.934478"	"PrePostFVT"	"Post"	"PrePostFVTPost"	-13.7180491016803	0	273.067570038979	0.959933662477295	1	0.420558150842524	1	NA	"prevalence"	20	11
"NODE_546_length_8041_cov_7.521913"	"PrePostFVT"	"During"	"PrePostFVTDuring"	0	0	3.39467506468286	1	1	0.701451766745163	1	NA	"prevalence"	20	19
"NODE_546_length_8041_cov_7.521913"	"PrePostFVT"	"Post"	"PrePostFVTPost"	-1.2819192790658	0	2.17487215283095	0.555577671593427	1	0.80248879401368	1	NA	"prevalence"	20	19
"NODE_548_length_8007_cov_11.081992"	"PrePostFVT"	"During"	"PrePostFVTDuring"	13.5128230497316	0	692.35088390461	0.984428432645631	1	0.624783086712051	1	NA	"prevalence"	20	18
"NODE_548_length_8007_cov_11.081992"	"PrePostFVT"	"Post"	"PrePostFVTPost"	14.6110352801264	0	673.37872897208	0.982688783803017	1	0.0698631362094669	0.524379380869492	NA	"prevalence"	20	18
"NODE_55_length_89827_cov_97.896738"	"PrePostFVT"	"During"	"PrePostFVTDuring"	-15.7329511250962	0	22.3720485637147	0.481905312606377	1	0.393262714683326	0.996748816017646	NA	"prevalence"	20	10
"NODE_55_length_89827_cov_97.896738"	"PrePostFVT"	"Post"	"PrePostFVTPost"	-15.7329594100206	0	22.3635448309234	0.48173847883003	1	0.0420239720608396	0.47724151592352	NA	"prevalence"	20	10
"NODE_551_length_4189_cov_6.637639"	"PrePostFVT"	"During"	"PrePostFVTDuring"	21.326624191982	0	52631.4734974337	0.999676691861724	1	0.11339871983008	0.647432137438174	NA	"prevalence"	20	19
"NODE_551_length_4189_cov_6.637639"	"PrePostFVT"	"Post"	"PrePostFVTPost"	29.4053043905307	0	1726949.63032575	0.999986414173311	1	0.0886876257212502	0.567188304031251	NA	"prevalence"	20	19
"NODE_553_length_7537_cov_19.611868"	"PrePostFVT"	"During"	"PrePostFVTDuring"	14.0635410524259	0	1295.26919292126	0.991337042624423	1	0.847101409859485	1	NA	"prevalence"	20	17
"NODE_553_length_7537_cov_19.611868"	"PrePostFVT"	"Post"	"PrePostFVTPost"	0.470230419288415	0	1.52479127142538	0.757785570764571	1	0.941332170270155	1	NA	"prevalence"	20	17
"NODE_555_length_13052_cov_9.809264"	"PrePostFVT"	"During"	"PrePostFVTDuring"	6.08904485432403	0	12.1791878757504	0.617106822665303	1	0.85339281475054	1	NA	"prevalence"	20	13
"NODE_555_length_13052_cov_9.809264"	"PrePostFVT"	"Post"	"PrePostFVTPost"	0.202711512497004	0	1.05626336079069	0.847809729665667	1	0.85164605448237	1	NA	"prevalence"	20	13
"NODE_562_length_6184_cov_8.894926"	"PrePostFVT"	"During"	"PrePostFVTDuring"	2.05073912681691e-14	0	3.3946772020926	0.999999999999995	1	0.846510203522735	1	NA	"prevalence"	20	16
"NODE_564_length_12863_cov_9.493910"	"PrePostFVT"	"During"	"PrePostFVTDuring"	0.916369390268276	0	1.64315552328511	0.577056924307724	1	0.577056924307724	1	NA	"prevalence"	20	2
"NODE_564_length_12863_cov_9.493910"	"PrePostFVT"	"Post"	"PrePostFVTPost"	-14.9343958260513	0	1365.33377278632	0.991272693548533	1	0.991272693548533	1	NA	"prevalence"	20	2
"NODE_566_length_3670_cov_6.032365"	"PrePostFVT"	"During"	"PrePostFVTDuring"	21.326624191982	0	52631.4734974337	0.999676691861724	1	0.247667277967687	0.839089799485433	NA	"prevalence"	20	19
"NODE_566_length_3670_cov_6.032365"	"PrePostFVT"	"Post"	"PrePostFVTPost"	29.4053043905307	0	1726949.63032575	0.999986414173311	1	0.0693897048503416	0.524379380869492	NA	"prevalence"	20	19
"NODE_569_length_3346_cov_3.490125"	"PrePostFVT"	"During"	"PrePostFVTDuring"	-12.2947324015509	0	380.305017430343	0.974209994038244	1	0.974209994038244	1	NA	"prevalence"	20	2
"NODE_569_length_3346_cov_3.490125"	"PrePostFVT"	"Post"	"PrePostFVTPost"	-13.0187147261376	0	313.230097257776	0.966847242033371	1	0.966847242033371	1	NA	"prevalence"	20	2
"NODE_570_length_6989_cov_7.928613"	"PrePostFVT"	"During"	"PrePostFVTDuring"	0	0	3.39467506468286	1	1	0.802175293994069	1	NA	"prevalence"	20	19
"NODE_570_length_6989_cov_7.928613"	"PrePostFVT"	"Post"	"PrePostFVTPost"	-1.2819192790658	0	2.17487215283095	0.555577671593427	1	0.80248879401368	1	NA	"prevalence"	20	19
"NODE_572_length_7544_cov_8.633729"	"PrePostFVT"	"During"	"PrePostFVTDuring"	0	0	3.39467383405896	1	1	0.998097374192271	1	NA	"prevalence"	20	13
"NODE_581_length_3648_cov_8.794044"	"PrePostFVT"	"During"	"PrePostFVTDuring"	-14.4298622222099	0	391.49430349369	0.970597891694832	1	0.331174684238932	0.907704699325975	NA	"prevalence"	20	8
"NODE_581_length_3648_cov_8.794044"	"PrePostFVT"	"Post"	"PrePostFVTPost"	-28.7595602880083	0	737.155792625825	0.968879049139994	1	0.968879049139994	1	NA	"prevalence"	20	8
"NODE_585_length_6652_cov_6.207367"	"PrePostFVT"	"During"	"PrePostFVTDuring"	4.79045828458724	0	6.4385549712328	0.4568601835518	1	0.0680260499713047	0.524379380869492	NA	"prevalence"	20	17
"NODE_586_length_4007_cov_10.183451"	"PrePostFVT"	"During"	"PrePostFVTDuring"	13.0044477100057	0	568.013794174489	0.981734349110644	1	0.991300829652602	1	NA	"prevalence"	20	17
"NODE_590_length_11219_cov_18.329631"	"PrePostFVT"	"During"	"PrePostFVTDuring"	21.326624191982	0	52631.4734974337	0.999676691861724	1	0.17216124887861	0.758034601176654	NA	"prevalence"	20	19
"NODE_590_length_11219_cov_18.329631"	"PrePostFVT"	"Post"	"PrePostFVTPost"	29.4053043905307	0	1726949.63032575	0.999986414173311	1	0.0502593378354011	0.47724151592352	NA	"prevalence"	20	19
"NODE_590_length_3147_cov_3.171087"	"PrePostFVT"	"During"	"PrePostFVTDuring"	-4.79045828458723	0	6.4385549712328	0.456860183551801	1	0.456860183551801	1	NA	"prevalence"	20	3
"NODE_590_length_6739_cov_4.358767"	"PrePostFVT"	"During"	"PrePostFVTDuring"	-2.10656232435591e-15	0	3.39467590669096	1	1	0.473555690050708	1	NA	"prevalence"	20	15
"NODE_5977_length_1065_cov_2.836634"	"PrePostFVT"	"During"	"PrePostFVTDuring"	-10.6864701215999	0	171.115056480101	0.950202920100395	1	0.950202920100395	1	NA	"prevalence"	20	2
"NODE_5977_length_1065_cov_2.836634"	"PrePostFVT"	"Post"	"PrePostFVTPost"	-13.1372741573707	0	331.143073060348	0.968354224807565	1	0.968354224807565	1	NA	"prevalence"	20	2
"NODE_598_length_6854_cov_9.988381"	"PrePostFVT"	"During"	"PrePostFVTDuring"	6.08904485432403	0	12.1791878757504	0.617106822665303	1	0.85339281475054	1	NA	"prevalence"	20	11
"NODE_598_length_6854_cov_9.988381"	"PrePostFVT"	"Post"	"PrePostFVTPost"	0.202711512497004	0	1.05626336079069	0.847809729665667	1	0.976838121615563	1	NA	"prevalence"	20	11
"NODE_599_length_6553_cov_10.773161"	"PrePostFVT"	"During"	"PrePostFVTDuring"	4.79045828458724	0	6.4385549712328	0.4568601835518	1	0.0388463580092608	0.47724151592352	NA	"prevalence"	20	17
"NODE_599_length_7106_cov_9.189760"	"PrePostFVT"	"During"	"PrePostFVTDuring"	11.8036307619964	0	207.679074065126	0.954675901980848	1	0.954675901980848	1	NA	"prevalence"	20	8
"NODE_599_length_7106_cov_9.189760"	"PrePostFVT"	"Post"	"PrePostFVTPost"	13.1899390525147	0	207.67661386164	0.949358873114998	1	0.949358873114998	1	NA	"prevalence"	20	8
"NODE_5997_length_1100_cov_2.450718"	"PrePostFVT"	"During"	"PrePostFVTDuring"	-16.0065023191614	0	2049.00083751615	0.993767102997304	1	0.993767102997304	1	NA	"prevalence"	20	2
"NODE_5997_length_1100_cov_2.450718"	"PrePostFVT"	"Post"	"PrePostFVTPost"	-15.2753389714564	0	1024.50080245382	0.988103957039306	1	0.988103957039306	1	NA	"prevalence"	20	2
"NODE_60_length_70157_cov_14.317295|provirus_6729_54193"	"PrePostFVT"	"During"	"PrePostFVTDuring"	0.916369390268276	0	1.64315552328511	0.577056924307724	1	0.577056924307724	1	NA	"prevalence"	20	2
"NODE_60_length_70157_cov_14.317295|provirus_6729_54193"	"PrePostFVT"	"Post"	"PrePostFVTPost"	-14.9343958260513	0	1365.33377278632	0.991272693548533	1	0.991272693548533	1	NA	"prevalence"	20	2
"NODE_607_length_4805_cov_7.701895"	"PrePostFVT"	"During"	"PrePostFVTDuring"	13.5128230497316	0	692.35088390461	0.984428432645631	1	0.363263978323238	0.945403098159845	NA	"prevalence"	20	18
"NODE_607_length_4805_cov_7.701895"	"PrePostFVT"	"Post"	"PrePostFVTPost"	14.6110352801264	0	673.37872897208	0.982688783803017	1	0.166810100705279	0.754073057982769	NA	"prevalence"	20	18
"NODE_607_length_8293_cov_5.946832"	"PrePostFVT"	"During"	"PrePostFVTDuring"	0.712579298438639	0	1.47531024065898	0.629093593463795	1	0.8624284375904	1	NA	"prevalence"	20	6
"NODE_610_length_3029_cov_10.024210"	"PrePostFVT"	"During"	"PrePostFVTDuring"	-20.1020759386544	0	2364.82671845787	0.993217709039584	1	0.993217709039584	1	NA	"prevalence"	20	5
"NODE_610_length_3029_cov_10.024210"	"PrePostFVT"	"Post"	"PrePostFVTPost"	-16.9920458083332	0	639.688291161758	0.978808277416824	1	0.978808277416824	1	NA	"prevalence"	20	5
"NODE_615_length_11576_cov_114.611145"	"PrePostFVT"	"During"	"PrePostFVTDuring"	21.326624191982	0	52631.4734974337	0.999676691861724	1	0.447479249240388	1	NA	"prevalence"	20	19
"NODE_615_length_11576_cov_114.611145"	"PrePostFVT"	"Post"	"PrePostFVTPost"	29.4053043905307	0	1726949.63032575	0.999986414173311	1	0.0515854348890806	0.47724151592352	NA	"prevalence"	20	19
"NODE_615_length_3013_cov_5.146383"	"PrePostFVT"	"During"	"PrePostFVTDuring"	-12.2947324015509	0	380.305017430343	0.974209994038244	1	0.974209994038244	1	NA	"prevalence"	20	2
"NODE_615_length_3013_cov_5.146383"	"PrePostFVT"	"Post"	"PrePostFVTPost"	-13.0187147261376	0	313.230097257776	0.966847242033371	1	0.966847242033371	1	NA	"prevalence"	20	2
"NODE_615_length_6450_cov_19.525410"	"PrePostFVT"	"During"	"PrePostFVTDuring"	21.326624191982	0	52631.4734974337	0.999676691861724	1	0.191276406099085	0.758034601176654	NA	"prevalence"	20	19
"NODE_615_length_6450_cov_19.525410"	"PrePostFVT"	"Post"	"PrePostFVTPost"	29.4053043905307	0	1726949.63032575	0.999986414173311	1	0.0358088509307166	0.47724151592352	NA	"prevalence"	20	19
"NODE_615_length_9933_cov_5.439664"	"PrePostFVT"	"During"	"PrePostFVTDuring"	4.79045828458724	0	6.4385549712328	0.4568601835518	1	0.156514481752155	0.733453421370358	NA	"prevalence"	20	17
"NODE_620_length_4093_cov_9.471521"	"PrePostFVT"	"During"	"PrePostFVTDuring"	13.5128230497316	0	692.35088390461	0.984428432645631	1	0.696338534306678	1	NA	"prevalence"	20	18
"NODE_620_length_4093_cov_9.471521"	"PrePostFVT"	"Post"	"PrePostFVTPost"	14.6110352801264	0	673.37872897208	0.982688783803017	1	0.21599972312135	0.778164941376041	NA	"prevalence"	20	18
"NODE_621_length_7036_cov_14.523277"	"PrePostFVT"	"During"	"PrePostFVTDuring"	6.08904486356908	0	12.1790801852046	0.617103709292986	1	0.85339043056281	1	NA	"prevalence"	20	11
"NODE_621_length_7036_cov_14.523277"	"PrePostFVT"	"Post"	"PrePostFVTPost"	-0.202711512497004	0	1.05626310744814	0.847809693609085	1	0.208834231194131	0.764027675100479	NA	"prevalence"	20	11
"NODE_622_length_4852_cov_5.285178"	"PrePostFVT"	"During"	"PrePostFVTDuring"	-12.2947324015509	0	380.305017430343	0.974209994038244	1	0.974209994038244	1	NA	"prevalence"	20	3
"NODE_622_length_4852_cov_5.285178"	"PrePostFVT"	"Post"	"PrePostFVTPost"	-13.0187147261376	0	313.230097257776	0.966847242033371	1	0.966847242033371	1	NA	"prevalence"	20	3
"NODE_622_length_8361_cov_13.566458"	"PrePostFVT"	"During"	"PrePostFVTDuring"	6.08904487544686	0	12.1790807028601	0.617103723569412	1	0.853390441495591	1	NA	"prevalence"	20	14
"NODE_622_length_8361_cov_13.566458"	"PrePostFVT"	"Post"	"PrePostFVTPost"	0.625705899764414	0	1.07519796963482	0.560603842632189	1	0.806931016890402	1	NA	"prevalence"	20	14
"NODE_626_length_2561_cov_6.706704"	"PrePostFVT"	"During"	"PrePostFVTDuring"	4.79045828458724	0	6.4385549712328	0.4568601835518	1	0.0395892231187473	0.47724151592352	NA	"prevalence"	20	17
"NODE_63_length_110474_cov_16.315109|provirus_110_26744"	"PrePostFVT"	"During"	"PrePostFVTDuring"	6.08904485432403	0	12.1791878757504	0.617106822665303	1	0.85339281475054	1	NA	"prevalence"	20	13
"NODE_63_length_110474_cov_16.315109|provirus_110_26744"	"PrePostFVT"	"Post"	"PrePostFVTPost"	0.202711512497004	0	1.05626336079069	0.847809729665667	1	0.947630671259958	1	NA	"prevalence"	20	13
"NODE_635_length_5374_cov_10.472081"	"PrePostFVT"	"During"	"PrePostFVTDuring"	21.326624191982	0	52631.4734974337	0.999676691861724	1	0.210880575625081	0.76707368743701	NA	"prevalence"	20	19
"NODE_635_length_5374_cov_10.472081"	"PrePostFVT"	"Post"	"PrePostFVTPost"	29.4053043905307	0	1726949.63032575	0.999986414173311	1	0.0190842638319081	0.419853804301978	NA	"prevalence"	20	19
"NODE_638_length_12684_cov_14.580806"	"PrePostFVT"	"During"	"PrePostFVTDuring"	-0.960491834063336	0	1.69226151416506	0.570320975825026	1	0.414213102901073	1	NA	"prevalence"	20	11
"NODE_639_length_3393_cov_7.631216"	"PrePostFVT"	"During"	"PrePostFVTDuring"	0	0	3.39467111373657	1	1	0.583173020021257	1	NA	"prevalence"	20	17
"NODE_6390_length_1229_cov_3.322828"	"PrePostFVT"	"During"	"PrePostFVTDuring"	6.08904331508435	0	12.1791881231652	0.617106918808869	1	0.318041445852757	0.887932970654906	NA	"prevalence"	20	9
"NODE_6390_length_1229_cov_3.322828"	"PrePostFVT"	"Post"	"PrePostFVTPost"	-0.625705899355367	0	1.07519760417929	0.560603709650159	1	0.0113046313507222	0.39452319173861	NA	"prevalence"	20	9
"NODE_640_length_5855_cov_4.590690"	"PrePostFVT"	"During"	"PrePostFVTDuring"	-1.38630219690855	0	1.50000111898534	0.355381792127125	1	0.584467366078762	1	NA	"prevalence"	20	5
"NODE_640_length_5855_cov_4.590690"	"PrePostFVT"	"Post"	"PrePostFVTPost"	-18.1324285745248	0	2896.3103548969	0.995004854960377	1	0.995004854960377	1	NA	"prevalence"	20	5
"NODE_650_length_2189_cov_5.598875"	"PrePostFVT"	"During"	"PrePostFVTDuring"	4.79045828458724	0	6.4385549712328	0.4568601835518	1	0.0050999028054415	0.39452319173861	NA	"prevalence"	20	17
"NODE_651_length_11453_cov_10.654589"	"PrePostFVT"	"During"	"PrePostFVTDuring"	6.08904485432403	0	12.1791878757504	0.617106822665303	1	0.85339281475054	1	NA	"prevalence"	20	13
"NODE_651_length_11453_cov_10.654589"	"PrePostFVT"	"Post"	"PrePostFVTPost"	0.202711512497004	0	1.05626336079069	0.847809729665667	1	0.880240402176494	1	NA	"prevalence"	20	13
"NODE_652_length_10452_cov_8.919592"	"PrePostFVT"	"During"	"PrePostFVTDuring"	-29.2541341927095	0	1180.94603870976	0.980237001304319	1	0.980237001304319	1	NA	"prevalence"	20	6
"NODE_652_length_10452_cov_8.919592"	"PrePostFVT"	"Post"	"PrePostFVTPost"	-30.4181151290351	0	1213.46082666494	0.980001329768096	1	0.980001329768096	1	NA	"prevalence"	20	6
"NODE_652_length_3294_cov_3.960173"	"PrePostFVT"	"During"	"PrePostFVTDuring"	0	0	3.39467506468286	1	1	0.720370348952875	1	NA	"prevalence"	20	18
"NODE_652_length_3294_cov_3.960173"	"PrePostFVT"	"Post"	"PrePostFVTPost"	-1.2819192790658	0	2.17487215283095	0.555577671593427	1	0.5654408827435	1	NA	"prevalence"	20	18
"NODE_6522_length_1270_cov_9.375309"	"PrePostFVT"	"During"	"PrePostFVTDuring"	0	0	3.39467111373657	1	1	0.0589829314683168	0.488822604419425	NA	"prevalence"	20	17
"NODE_657_length_7863_cov_7.580046"	"PrePostFVT"	"During"	"PrePostFVTDuring"	0	0	3.39467467606479	1	1	0.082415665817591	0.562554475938266	NA	"prevalence"	20	12
"NODE_657_length_8520_cov_10.546367"	"PrePostFVT"	"During"	"PrePostFVTDuring"	21.326624191982	0	52631.4734974337	0.999676691861724	1	0.241338380304744	0.833693348758829	NA	"prevalence"	20	19
"NODE_657_length_8520_cov_10.546367"	"PrePostFVT"	"Post"	"PrePostFVTPost"	29.4053043905307	0	1726949.63032575	0.999986414173311	1	0.0463584458003626	0.47724151592352	NA	"prevalence"	20	19
"NODE_660_length_7949_cov_14.370661"	"PrePostFVT"	"During"	"PrePostFVTDuring"	0.916369390268276	0	1.64315552328511	0.577056924307724	1	0.577056924307724	1	NA	"prevalence"	20	2
"NODE_660_length_7949_cov_14.370661"	"PrePostFVT"	"Post"	"PrePostFVTPost"	-14.9343958260513	0	1365.33377278632	0.991272693548533	1	0.991272693548533	1	NA	"prevalence"	20	2
"NODE_661_length_4367_cov_5.651438"	"PrePostFVT"	"During"	"PrePostFVTDuring"	6.08904485432403	0	12.1791878757504	0.617106822665303	1	0.85339281475054	1	NA	"prevalence"	20	11
"NODE_661_length_4367_cov_5.651438"	"PrePostFVT"	"Post"	"PrePostFVTPost"	0.202711512497004	0	1.05626336079069	0.847809729665667	1	0.896679774399999	1	NA	"prevalence"	20	11
"NODE_661_length_9488_cov_99.243613"	"PrePostFVT"	"During"	"PrePostFVTDuring"	6.08904485432402	0	12.1789729901441	0.617100611264054	1	0.530319450389981	1	NA	"prevalence"	20	12
"NODE_661_length_9488_cov_99.243613"	"PrePostFVT"	"Post"	"PrePostFVTPost"	0.202711512497003	0	1.05626298795104	0.847809676601842	1	0.0118861690465387	0.39452319173861	NA	"prevalence"	20	12
"NODE_663_length_9363_cov_7.272561"	"PrePostFVT"	"During"	"PrePostFVTDuring"	2.05073912681691e-14	0	3.3946772020926	0.999999999999995	1	0.626198805777097	1	NA	"prevalence"	20	17
"NODE_669_length_3318_cov_13.807539"	"PrePostFVT"	"During"	"PrePostFVTDuring"	-14.4298622222099	0	391.49430349369	0.970597891694832	1	0.37000162828041	0.959909884689744	NA	"prevalence"	20	8
"NODE_669_length_3318_cov_13.807539"	"PrePostFVT"	"Post"	"PrePostFVTPost"	-28.7595602880083	0	737.155792625825	0.968879049139994	1	0.968879049139994	1	NA	"prevalence"	20	8
"NODE_671_length_9312_cov_18.108783"	"PrePostFVT"	"During"	"PrePostFVTDuring"	6.08904484990617	0	12.1796176691368	0.617119245788755	1	0.853402328054628	1	NA	"prevalence"	20	14
"NODE_671_length_9312_cov_18.108783"	"PrePostFVT"	"Post"	"PrePostFVTPost"	1.11212600750106	0	1.12396522177637	0.322434920457834	1	0.540905562985018	1	NA	"prevalence"	20	14
"NODE_674_length_3219_cov_5.929520"	"PrePostFVT"	"During"	"PrePostFVTDuring"	13.5128230497316	0	692.35088390461	0.984428432645631	1	0.085065522634906	0.562554475938266	NA	"prevalence"	20	18
"NODE_674_length_3219_cov_5.929520"	"PrePostFVT"	"Post"	"PrePostFVTPost"	14.6110352801264	0	673.37872897208	0.982688783803017	1	0.0267784077716596	0.462884253026292	NA	"prevalence"	20	18
"NODE_674_length_8037_cov_6.040967"	"PrePostFVT"	"During"	"PrePostFVTDuring"	0	0	3.39467506468286	1	1	0.616560575734191	1	NA	"prevalence"	20	19
"NODE_674_length_8037_cov_6.040967"	"PrePostFVT"	"Post"	"PrePostFVTPost"	-1.2819192790658	0	2.17487215283095	0.555577671593427	1	0.76998958695537	1	NA	"prevalence"	20	19
"NODE_676_length_9711_cov_334.290079"	"PrePostFVT"	"During"	"PrePostFVTDuring"	6.08904331508436	0	12.1789727470912	0.61710069323153	1	0.853388120876225	1	NA	"prevalence"	20	10
"NODE_676_length_9711_cov_334.290079"	"PrePostFVT"	"Post"	"PrePostFVTPost"	-0.625705899355367	0	1.07519709263981	0.560603523152245	1	0.0333251911635917	0.47724151592352	NA	"prevalence"	20	10
"NODE_678_length_9486_cov_7.880076"	"PrePostFVT"	"During"	"PrePostFVTDuring"	6.08904485432403	0	12.1791878757504	0.617106822665303	1	0.85339281475054	1	NA	"prevalence"	20	13
"NODE_678_length_9486_cov_7.880076"	"PrePostFVT"	"Post"	"PrePostFVTPost"	0.202711512497004	0	1.05626336079069	0.847809729665667	1	0.750335104415763	1	NA	"prevalence"	20	13
"NODE_680_length_15026_cov_185.942956"	"PrePostFVT"	"During"	"PrePostFVTDuring"	4.79045828458724	0	6.43855490418566	0.456860178864605	1	0.446663234941004	1	NA	"prevalence"	20	6
"NODE_680_length_2611_cov_5.318466"	"PrePostFVT"	"During"	"PrePostFVTDuring"	6.08904484990617	0	12.1796176691368	0.617119245788755	1	0.853402328054628	1	NA	"prevalence"	20	15
"NODE_680_length_2611_cov_5.318466"	"PrePostFVT"	"Post"	"PrePostFVTPost"	1.11212600750106	0	1.12396522177637	0.322434920457834	1	0.540905562985018	1	NA	"prevalence"	20	15
"NODE_680_length_3182_cov_4.424368"	"PrePostFVT"	"During"	"PrePostFVTDuring"	-29.2541341927095	0	1180.94603870976	0.980237001304319	1	0.980237001304319	1	NA	"prevalence"	20	6
"NODE_680_length_3182_cov_4.424368"	"PrePostFVT"	"Post"	"PrePostFVTPost"	-30.4181151290351	0	1213.46082666494	0.980001329768096	1	0.980001329768096	1	NA	"prevalence"	20	6
"NODE_681_length_4804_cov_9.113708"	"PrePostFVT"	"During"	"PrePostFVTDuring"	4.79045828458724	0	6.4385549712328	0.4568601835518	1	0.108453862810565	0.63010166773744	NA	"prevalence"	20	17
"NODE_682_length_2733_cov_15.867438"	"PrePostFVT"	"During"	"PrePostFVTDuring"	-19.519132663049	0	4263.43368858939	0.9963470851611	1	0.9963470851611	1	NA	"prevalence"	20	5
"NODE_682_length_2733_cov_15.867438"	"PrePostFVT"	"Post"	"PrePostFVTPost"	-18.8832344831529	0	1791.08178481456	0.991588121621818	1	0.991588121621818	1	NA	"prevalence"	20	5
"NODE_689_length_11453_cov_7.538691"	"PrePostFVT"	"During"	"PrePostFVTDuring"	2.31413884680681e-14	0	3.3946754613979	0.999999999999995	1	0.326309591782049	0.899475403436391	NA	"prevalence"	20	10
"NODE_689_length_11453_cov_7.538691"	"PrePostFVT"	"Post"	"PrePostFVTPost"	-12.1780897508937	0	32.1411758804242	0.704766786543544	1	0.704766786543544	1	NA	"prevalence"	20	10
"NODE_69_length_45823_cov_15.638940"	"PrePostFVT"	"During"	"PrePostFVTDuring"	9.35540792142114e-31	0	3.98667118541955	1	1	0.00953981252138424	0.39452319173861	NA	"prevalence"	20	15
"NODE_690_length_4287_cov_10.069707"	"PrePostFVT"	"During"	"PrePostFVTDuring"	21.326624191982	0	52631.4734974337	0.999676691861724	1	0.235830411675445	0.827915275030818	NA	"prevalence"	20	19
"NODE_690_length_4287_cov_10.069707"	"PrePostFVT"	"Post"	"PrePostFVTPost"	29.4053043905307	0	1726949.63032575	0.999986414173311	1	0.10349548991132	0.609884136977419	NA	"prevalence"	20	19
"NODE_691_length_9321_cov_5.969566"	"PrePostFVT"	"During"	"PrePostFVTDuring"	0	0	3.39467111373657	1	1	0.0294645466636141	0.467466365336185	NA	"prevalence"	20	17
"NODE_695_length_10897_cov_11.548054"	"PrePostFVT"	"During"	"PrePostFVTDuring"	6.08904487544686	0	12.1790807028601	0.617103723569412	1	0.853390441495591	1	NA	"prevalence"	20	14
"NODE_695_length_10897_cov_11.548054"	"PrePostFVT"	"Post"	"PrePostFVTPost"	0.625705899764414	0	1.07519796963482	0.560603842632189	1	0.806931016890402	1	NA	"prevalence"	20	14
"NODE_696_length_11292_cov_19.369494"	"PrePostFVT"	"During"	"PrePostFVTDuring"	-0.0279330857631191	0	29.9651442106984	0.999256223347987	1	0.996449603794003	1	NA	"prevalence"	20	18
"NODE_696_length_11292_cov_19.369494"	"PrePostFVT"	"Post"	"PrePostFVTPost"	-11.6790343668742	0	19.0956149642791	0.540797022909662	1	0.546637494766194	1	NA	"prevalence"	20	18
"NODE_698_length_2676_cov_4.006868"	"PrePostFVT"	"During"	"PrePostFVTDuring"	-13.6639982035604	0	263.849350199924	0.958698317797975	1	0.512804210995184	1	NA	"prevalence"	20	12
"NODE_698_length_2676_cov_4.006868"	"PrePostFVT"	"Post"	"PrePostFVTPost"	-13.1930247996428	0	263.847396505204	0.960120410130225	1	0.994169013727974	1	NA	"prevalence"	20	12
"NODE_700_length_2756_cov_6.677157"	"PrePostFVT"	"During"	"PrePostFVTDuring"	21.326624191982	0	52631.4734974337	0.999676691861724	1	0.18484867734825	0.758034601176654	NA	"prevalence"	20	19
"NODE_700_length_2756_cov_6.677157"	"PrePostFVT"	"Post"	"PrePostFVTPost"	29.4053043905307	0	1726949.63032575	0.999986414173311	1	0.0272010776708537	0.462884253026292	NA	"prevalence"	20	19
"NODE_7013_length_1142_cov_2.417663"	"PrePostFVT"	"During"	"PrePostFVTDuring"	7.23790280053026e-15	0	3.39466826388448	0.999999999999998	1	0.294825037415138	0.873767032882173	NA	"prevalence"	20	13
"NODE_706_length_9001_cov_11.109882"	"PrePostFVT"	"During"	"PrePostFVTDuring"	-12.331811975377	0	273.069401075945	0.963979783432676	1	0.278980094745605	0.871765233337443	NA	"prevalence"	20	12
"NODE_706_length_9001_cov_11.109882"	"PrePostFVT"	"Post"	"PrePostFVTPost"	-13.7180491016803	0	273.067570038979	0.959933662477295	1	0.111428292160835	0.638391257171449	NA	"prevalence"	20	12
"NODE_706_length_9031_cov_24.872995"	"PrePostFVT"	"During"	"PrePostFVTDuring"	6.08904478777881	0	12.1794030060228	0.617113044793956	1	0.767375137201907	1	NA	"prevalence"	20	16
"NODE_707_length_10061_cov_16.960224"	"PrePostFVT"	"During"	"PrePostFVTDuring"	-21.7850179845768	0	29600.4855443856	0.999412782337253	1	0.421663689735173	1	NA	"prevalence"	20	13
"NODE_707_length_10061_cov_16.960224"	"PrePostFVT"	"Post"	"PrePostFVTPost"	-22.7013088084859	0	29600.4855282618	0.999388083617229	1	0.834970408732925	1	NA	"prevalence"	20	13
"NODE_707_length_7557_cov_22.433484"	"PrePostFVT"	"During"	"PrePostFVTDuring"	-0.0279330857631191	0	29.9651442106984	0.999256223347987	1	0.047454902206703	0.47724151592352	NA	"prevalence"	20	18
"NODE_707_length_7557_cov_22.433484"	"PrePostFVT"	"Post"	"PrePostFVTPost"	-11.6790343668742	0	19.0956149642791	0.540797022909662	1	0.606726176093829	1	NA	"prevalence"	20	18
"NODE_707_length_8757_cov_7.045852"	"PrePostFVT"	"During"	"PrePostFVTDuring"	-12.8880230362138	0	528.792095839237	0.980555426790464	1	0.980555426790464	1	NA	"prevalence"	20	3
"NODE_707_length_8757_cov_7.045852"	"PrePostFVT"	"Post"	"PrePostFVTPost"	-1.38607441445222	0	1.36918803419191	0.311378797172556	1	0.311378797172556	0.873767032882173	NA	"prevalence"	20	3
"NODE_708_length_8728_cov_26.528422"	"PrePostFVT"	"During"	"PrePostFVTDuring"	0	0	3.39467111373657	1	1	0.0254651262267949	0.45632801862823	NA	"prevalence"	20	17
"NODE_712_length_4458_cov_5.068135"	"PrePostFVT"	"During"	"PrePostFVTDuring"	-15.5235528980174	0	2897.9870181225	0.995726018137703	1	0.995726018137703	1	NA	"prevalence"	20	2
"NODE_712_length_4458_cov_5.068135"	"PrePostFVT"	"Post"	"PrePostFVTPost"	-13.9904624183651	0	788.732911448608	0.985847948697276	1	0.985847948697276	1	NA	"prevalence"	20	2
"NODE_712_length_5109_cov_8.122477"	"PrePostFVT"	"During"	"PrePostFVTDuring"	0.916369390268276	0	1.64315552328511	0.577056924307724	1	0.577056924307724	1	NA	"prevalence"	20	2
"NODE_712_length_5109_cov_8.122477"	"PrePostFVT"	"Post"	"PrePostFVTPost"	-14.9343958260513	0	1365.33377278632	0.991272693548533	1	0.991272693548533	1	NA	"prevalence"	20	2
"NODE_714_length_7001_cov_23.326663"	"PrePostFVT"	"During"	"PrePostFVTDuring"	4.79045828458724	0	6.4385549712328	0.4568601835518	1	0.0230184421507212	0.441632901728952	NA	"prevalence"	20	17
"NODE_715_length_5755_cov_15.409474"	"PrePostFVT"	"During"	"PrePostFVTDuring"	-4.83763305648641	0	8.94597558500084	0.58867245420296	1	0.58867245420296	1	NA	"prevalence"	20	6
"NODE_715_length_5755_cov_15.409474"	"PrePostFVT"	"Post"	"PrePostFVTPost"	-1.4200491984725e-15	0	1.10610058190457	0.999999999999999	1	0.361687146909065	0.942786401895667	NA	"prevalence"	20	6
"NODE_719_length_6734_cov_5.638269"	"PrePostFVT"	"During"	"PrePostFVTDuring"	-0.000479721903613898	0	380.669119091484	0.99999899450026	1	0.99999899450026	1	NA	"prevalence"	20	2
"NODE_719_length_6734_cov_5.638269"	"PrePostFVT"	"Post"	"PrePostFVTPost"	11.6651058864227	0	201.295087682293	0.953788235930471	1	0.953788235930471	1	NA	"prevalence"	20	2
"NODE_728_length_8488_cov_23.410056"	"PrePostFVT"	"During"	"PrePostFVTDuring"	6.08904485432403	0	12.1791878757504	0.617106822665303	1	0.85339281475054	1	NA	"prevalence"	20	11
"NODE_73_length_18156_cov_15.957737"	"PrePostFVT"	"During"	"PrePostFVTDuring"	4.79045828458724	0	6.4385549712328	0.4568601835518	1	0.197831574780127	0.758034601176654	NA	"prevalence"	20	17
"NODE_732_length_11018_cov_1316.019976"	"PrePostFVT"	"During"	"PrePostFVTDuring"	6.08904486356909	0	12.1795106812055	0.617116152661523	1	0.0715765560349955	0.528992763931528	NA	"prevalence"	20	11
"NODE_732_length_11018_cov_1316.019976"	"PrePostFVT"	"Post"	"PrePostFVTPost"	-0.202711512497003	0	1.05626331563105	0.847809723238394	1	0.0359780055693867	0.47724151592352	NA	"prevalence"	20	11
"NODE_732_length_3221_cov_7.692988"	"PrePostFVT"	"During"	"PrePostFVTDuring"	4.79045828458724	0	6.4385549712328	0.4568601835518	1	0.0592512247781121	0.488822604419425	NA	"prevalence"	20	17
"NODE_735_length_8116_cov_8.504404"	"PrePostFVT"	"During"	"PrePostFVTDuring"	13.4257042827195	0	486.107535399774	0.977966191280939	1	0.977966191280939	1	NA	"prevalence"	20	8
"NODE_735_length_8116_cov_8.504404"	"PrePostFVT"	"Post"	"PrePostFVTPost"	14.3419055630488	0	486.106251224777	0.976462913076056	1	0.976462913076056	1	NA	"prevalence"	20	8
"NODE_737_length_7618_cov_6.145577"	"PrePostFVT"	"During"	"PrePostFVTDuring"	6.08904485432403	0	12.1791878757504	0.617106822665303	1	0.85339281475054	1	NA	"prevalence"	20	12
"NODE_737_length_7618_cov_6.145577"	"PrePostFVT"	"Post"	"PrePostFVTPost"	0.202711512497004	0	1.05626336079069	0.847809729665667	1	0.588140900275618	1	NA	"prevalence"	20	12
"NODE_738_length_3208_cov_8.286394"	"PrePostFVT"	"During"	"PrePostFVTDuring"	21.326624191982	0	52631.4734974337	0.999676691861724	1	0.241518436791952	0.833693348758829	NA	"prevalence"	20	19
"NODE_738_length_3208_cov_8.286394"	"PrePostFVT"	"Post"	"PrePostFVTPost"	29.4053043905307	0	1726949.63032575	0.999986414173311	1	0.0353493597536285	0.47724151592352	NA	"prevalence"	20	19
"NODE_742_length_2991_cov_3.668256"	"PrePostFVT"	"During"	"PrePostFVTDuring"	10.4546483179973	0	239.702740456211	0.965211250599274	1	0.54899200902071	1	NA	"prevalence"	20	13
"NODE_752_length_3170_cov_7.854896"	"PrePostFVT"	"During"	"PrePostFVTDuring"	13.5128230497316	0	692.35088390461	0.984428432645631	1	0.713505177499871	1	NA	"prevalence"	20	18
"NODE_752_length_3170_cov_7.854896"	"PrePostFVT"	"Post"	"PrePostFVTPost"	14.6110352801264	0	673.37872897208	0.982688783803017	1	0.0592058663063747	0.488822604419425	NA	"prevalence"	20	18
"NODE_755_length_4875_cov_7.749585"	"PrePostFVT"	"During"	"PrePostFVTDuring"	0	0	3.39467111373657	1	1	0.021475606720338	0.423358870919266	NA	"prevalence"	20	17
"NODE_755_length_8367_cov_9.003248"	"PrePostFVT"	"During"	"PrePostFVTDuring"	-0.712579298501216	0	1.47531056672525	0.629093669230961	1	0.629093669230961	1	NA	"prevalence"	20	5
"NODE_758_length_7743_cov_7.138528"	"PrePostFVT"	"During"	"PrePostFVTDuring"	-12.8880230362138	0	528.792095839237	0.980555426790464	1	0.980555426790464	1	NA	"prevalence"	20	3
"NODE_758_length_7743_cov_7.138528"	"PrePostFVT"	"Post"	"PrePostFVTPost"	-1.38607441445222	0	1.36918803419191	0.311378797172556	1	0.311378797172556	0.873767032882173	NA	"prevalence"	20	3
"NODE_76_length_13618_cov_10.242498"	"PrePostFVT"	"During"	"PrePostFVTDuring"	21.326624191982	0	52631.4734974337	0.999676691861724	1	0.137195910314666	0.730236296836128	NA	"prevalence"	20	19
"NODE_76_length_13618_cov_10.242498"	"PrePostFVT"	"Post"	"PrePostFVTPost"	29.4053043905307	0	1726949.63032575	0.999986414173311	1	0.042767589499158	0.47724151592352	NA	"prevalence"	20	19
"NODE_765_length_5395_cov_6.556929"	"PrePostFVT"	"During"	"PrePostFVTDuring"	6.08904485432403	0	12.1792960487713	0.617109949400747	1	0.550909220073317	1	NA	"prevalence"	20	12
"NODE_765_length_5395_cov_6.556929"	"PrePostFVT"	"Post"	"PrePostFVTPost"	0.202711512497004	0	1.05626358060845	0.847809760950872	1	0.768502722858651	1	NA	"prevalence"	20	12
"NODE_765_length_5828_cov_11.426295"	"PrePostFVT"	"During"	"PrePostFVTDuring"	2.05073912681691e-14	0	3.3946772020926	0.999999999999995	1	0.737337039614439	1	NA	"prevalence"	20	16
"NODE_766_length_4069_cov_5.818884"	"PrePostFVT"	"During"	"PrePostFVTDuring"	6.08904478777881	0	12.1794030060228	0.617113044793956	1	0.753905668494609	1	NA	"prevalence"	20	16
"NODE_766_length_5543_cov_5.652332"	"PrePostFVT"	"During"	"PrePostFVTDuring"	0	0	3.39467111373657	1	1	0.0398116176750023	0.47724151592352	NA	"prevalence"	20	17
"NODE_769_length_8169_cov_24.866404"	"PrePostFVT"	"During"	"PrePostFVTDuring"	6.08904485432403	0	12.1791878757504	0.617106822665303	1	0.85339281475054	1	NA	"prevalence"	20	11
"NODE_769_length_8169_cov_24.866404"	"PrePostFVT"	"Post"	"PrePostFVTPost"	0.202711512497004	0	1.05626336079069	0.847809729665667	1	0.964015173600308	1	NA	"prevalence"	20	11
"NODE_770_length_9556_cov_5.364383"	"PrePostFVT"	"During"	"PrePostFVTDuring"	-4.79045828458723	0	6.43855483919578	0.456860174321231	1	0.456860174321231	1	NA	"prevalence"	20	3
"NODE_772_length_3519_cov_8.262991"	"PrePostFVT"	"During"	"PrePostFVTDuring"	21.326624191982	0	52631.4734974337	0.999676691861724	1	0.176397564051045	0.758034601176654	NA	"prevalence"	20	19
"NODE_772_length_3519_cov_8.262991"	"PrePostFVT"	"Post"	"PrePostFVTPost"	29.4053043905307	0	1726949.63032575	0.999986414173311	1	0.0498904992264998	0.47724151592352	NA	"prevalence"	20	19
"NODE_779_length_6166_cov_8.238423"	"PrePostFVT"	"During"	"PrePostFVTDuring"	6.08904486356908	0	12.1790801852046	0.617103709292986	1	0.85339043056281	1	NA	"prevalence"	20	11
"NODE_779_length_6166_cov_8.238423"	"PrePostFVT"	"Post"	"PrePostFVTPost"	-0.202711512497004	0	1.05626310744814	0.847809693609085	1	0.94372338236766	1	NA	"prevalence"	20	11
"NODE_779_length_6446_cov_5.342826"	"PrePostFVT"	"During"	"PrePostFVTDuring"	6.08904486356908	0	12.1790801852046	0.617103709292986	1	0.85339043056281	1	NA	"prevalence"	20	11
"NODE_779_length_6446_cov_5.342826"	"PrePostFVT"	"Post"	"PrePostFVTPost"	-0.202711512497004	0	1.05626310744814	0.847809693609085	1	0.906893817789068	1	NA	"prevalence"	20	11
"NODE_784_length_6479_cov_5.934153"	"PrePostFVT"	"During"	"PrePostFVTDuring"	0.916369390268276	0	1.64315552328511	0.577056924307724	1	0.577056924307724	1	NA	"prevalence"	20	2
"NODE_784_length_6479_cov_5.934153"	"PrePostFVT"	"Post"	"PrePostFVTPost"	-14.9343958260513	0	1365.33377278632	0.991272693548533	1	0.991272693548533	1	NA	"prevalence"	20	2
"NODE_790_length_9852_cov_19.892824"	"PrePostFVT"	"During"	"PrePostFVTDuring"	-21.7850179845768	0	29600.4855443856	0.999412782337253	1	0.512009208652255	1	NA	"prevalence"	20	13
"NODE_790_length_9852_cov_19.892824"	"PrePostFVT"	"Post"	"PrePostFVTPost"	-22.7013088084859	0	29600.4855282618	0.999388083617229	1	0.409146754647742	1	NA	"prevalence"	20	13
"NODE_792_length_7956_cov_4.092140"	"PrePostFVT"	"During"	"PrePostFVTDuring"	-10.0277891144931	0	194.39063729956	0.958858764661156	1	0.958858764661156	1	NA	"prevalence"	20	2
"NODE_792_length_7956_cov_4.092140"	"PrePostFVT"	"Post"	"PrePostFVTPost"	-0.469844435636902	0	1.52478187400577	0.757976729129458	1	0.757976729129458	1	NA	"prevalence"	20	2
"NODE_795_length_2536_cov_4.845627"	"PrePostFVT"	"During"	"PrePostFVTDuring"	13.5128230497316	0	692.35088390461	0.984428432645631	1	0.283114824881443	0.871765233337443	NA	"prevalence"	20	18
"NODE_795_length_2536_cov_4.845627"	"PrePostFVT"	"Post"	"PrePostFVTPost"	14.6110352801264	0	673.37872897208	0.982688783803017	1	0.0284837247287484	0.462884253026292	NA	"prevalence"	20	18
"NODE_796_length_4002_cov_5.617938"	"PrePostFVT"	"During"	"PrePostFVTDuring"	13.5128230497316	0	692.35088390461	0.984428432645631	1	0.994324324483187	1	NA	"prevalence"	20	18
"NODE_796_length_4002_cov_5.617938"	"PrePostFVT"	"Post"	"PrePostFVTPost"	14.6110352801264	0	673.37872897208	0.982688783803017	1	0.188194275744579	0.758034601176654	NA	"prevalence"	20	18
"NODE_796_length_7723_cov_6.146583"	"PrePostFVT"	"During"	"PrePostFVTDuring"	-2.17578383423269	0	2.08382076345711	0.296424346295621	1	0.504981299514456	1	NA	"prevalence"	20	6
"NODE_8_length_113388_cov_131.683737"	"PrePostFVT"	"During"	"PrePostFVTDuring"	14.0635410524259	0	1295.26919292126	0.991337042624423	1	0.162725144794102	0.743757587009055	NA	"prevalence"	20	18
"NODE_80_length_39770_cov_64.322573"	"PrePostFVT"	"During"	"PrePostFVTDuring"	-29.2541341927095	0	1180.94603870976	0.980237001304319	1	0.980237001304319	1	NA	"prevalence"	20	7
"NODE_80_length_39770_cov_64.322573"	"PrePostFVT"	"Post"	"PrePostFVTPost"	-30.4181151290351	0	1213.46082666494	0.980001329768096	1	0.980001329768096	1	NA	"prevalence"	20	7
"NODE_802_length_5965_cov_50.257191"	"PrePostFVT"	"During"	"PrePostFVTDuring"	-29.2541341927095	0	1180.94603870976	0.980237001304319	1	0.980237001304319	1	NA	"prevalence"	20	7
"NODE_802_length_5965_cov_50.257191"	"PrePostFVT"	"Post"	"PrePostFVTPost"	-30.4181151290351	0	1213.46082666494	0.980001329768096	1	0.980001329768096	1	NA	"prevalence"	20	7
"NODE_803_length_4498_cov_1136.345262"	"PrePostFVT"	"During"	"PrePostFVTDuring"	-0.916643139467068	0	1.64297235122816	0.576900674126889	1	0.820986960445719	1	NA	"prevalence"	20	7
"NODE_803_length_4498_cov_1136.345262"	"PrePostFVT"	"Post"	"PrePostFVTPost"	-15.8037762857925	0	413.76008379695	0.96953180296864	1	0.96953180296864	1	NA	"prevalence"	20	7
"NODE_808_length_5181_cov_14.840616"	"PrePostFVT"	"During"	"PrePostFVTDuring"	-0.0279330857631191	0	29.9651442106984	0.999256223347987	1	0.906748149495571	1	NA	"prevalence"	20	18
"NODE_808_length_5181_cov_14.840616"	"PrePostFVT"	"Post"	"PrePostFVTPost"	-11.6790343668742	0	19.0956149642791	0.540797022909662	1	0.789132625831371	1	NA	"prevalence"	20	18
"NODE_808_length_6843_cov_29.495580"	"PrePostFVT"	"During"	"PrePostFVTDuring"	21.326624191982	0	52631.4734974337	0.999676691861724	1	0.397122048935052	0.998858812107982	NA	"prevalence"	20	19
"NODE_808_length_6843_cov_29.495580"	"PrePostFVT"	"Post"	"PrePostFVTPost"	29.4053043905307	0	1726949.63032575	0.999986414173311	1	0.0727765802499739	0.528992763931528	NA	"prevalence"	20	19
"NODE_811_length_5282_cov_6.841783"	"PrePostFVT"	"During"	"PrePostFVTDuring"	6.08904485432403	0	12.1791878757504	0.617106822665303	1	0.85339281475054	1	NA	"prevalence"	20	13
"NODE_811_length_5282_cov_6.841783"	"PrePostFVT"	"Post"	"PrePostFVTPost"	0.202711512497004	0	1.05626336079069	0.847809729665667	1	0.968773573590816	1	NA	"prevalence"	20	13
"NODE_814_length_4101_cov_6.458725"	"PrePostFVT"	"During"	"PrePostFVTDuring"	2.05073912681691e-14	0	3.3946772020926	0.999999999999995	1	0.560521962371066	1	NA	"prevalence"	20	17
"NODE_816_length_4609_cov_5.214756"	"PrePostFVT"	"During"	"PrePostFVTDuring"	2.05073912681691e-14	0	3.3946772020926	0.999999999999995	1	0.926525450773869	1	NA	"prevalence"	20	17
"NODE_817_length_4606_cov_10.906834"	"PrePostFVT"	"During"	"PrePostFVTDuring"	13.5128230497316	0	692.35088390461	0.984428432645631	1	0.593618632101926	1	NA	"prevalence"	20	18
"NODE_817_length_4606_cov_10.906834"	"PrePostFVT"	"Post"	"PrePostFVTPost"	14.6110352801264	0	673.37872897208	0.982688783803017	1	0.0769476121575317	0.547256724396239	NA	"prevalence"	20	18
"NODE_826_length_8466_cov_7.545952"	"PrePostFVT"	"During"	"PrePostFVTDuring"	6.08904485432403	0	12.1791878757504	0.617106822665303	1	0.85339281475054	1	NA	"prevalence"	20	12
"NODE_826_length_8466_cov_7.545952"	"PrePostFVT"	"Post"	"PrePostFVTPost"	0.202711512497004	0	1.05626336079069	0.847809729665667	1	0.948523866038758	1	NA	"prevalence"	20	12
"NODE_830_length_4810_cov_5.175605"	"PrePostFVT"	"During"	"PrePostFVTDuring"	0	0	3.39467376928872	1	1	0.852254719124445	1	NA	"prevalence"	20	18
"NODE_830_length_4810_cov_5.175605"	"PrePostFVT"	"Post"	"PrePostFVTPost"	-1.93239635424051	0	2.10663170607487	0.358989662460409	1	0.301515609571832	0.873767032882173	NA	"prevalence"	20	18
"NODE_831_length_3694_cov_7.206650"	"PrePostFVT"	"During"	"PrePostFVTDuring"	0	0	3.39467506468286	1	1	0.055702156208016	0.481196637399092	NA	"prevalence"	20	18
"NODE_831_length_3694_cov_7.206650"	"PrePostFVT"	"Post"	"PrePostFVTPost"	-1.2819192790658	0	2.17487215283095	0.555577671593427	1	0.0498794613637488	0.47724151592352	NA	"prevalence"	20	18
"NODE_834_length_6781_cov_6.453464"	"PrePostFVT"	"During"	"PrePostFVTDuring"	-10.6864701215999	0	171.115056480101	0.950202920100395	1	0.950202920100395	1	NA	"prevalence"	20	2
"NODE_834_length_6781_cov_6.453464"	"PrePostFVT"	"Post"	"PrePostFVTPost"	-13.1372741573707	0	331.143073060348	0.968354224807565	1	0.968354224807565	1	NA	"prevalence"	20	2
"NODE_835_length_5286_cov_13.774995"	"PrePostFVT"	"During"	"PrePostFVTDuring"	0	0	3.39467506468286	1	1	0.558196135592505	1	NA	"prevalence"	20	19
"NODE_835_length_5286_cov_13.774995"	"PrePostFVT"	"Post"	"PrePostFVTPost"	-1.2819192790658	0	2.17487215283095	0.555577671593427	1	0.80248879401368	1	NA	"prevalence"	20	19
"NODE_836_length_3127_cov_6.355794"	"PrePostFVT"	"During"	"PrePostFVTDuring"	0	0	3.3946744817557	1	1	1	1	NA	"prevalence"	20	2
"NODE_836_length_3127_cov_6.355794"	"PrePostFVT"	"Post"	"PrePostFVTPost"	1.93239635424052	0	2.10663160673966	0.358989639800966	1	0.358989639800966	0.94170721118156	NA	"prevalence"	20	2
"NODE_839_length_4261_cov_7.643367"	"PrePostFVT"	"During"	"PrePostFVTDuring"	0	0	3.39467117850474	1	1	0.561619607836087	1	NA	"prevalence"	20	17
"NODE_839_length_4261_cov_7.643367"	"PrePostFVT"	"Post"	"PrePostFVTPost"	-1.93239635424051	0	2.10663109605953	0.358989523309245	1	0.332391364849175	0.909528610283811	NA	"prevalence"	20	17
"NODE_839_length_5381_cov_27.898235"	"PrePostFVT"	"During"	"PrePostFVTDuring"	0	0	3.39467506468286	1	1	0.888670717644773	1	NA	"prevalence"	20	19
"NODE_839_length_5381_cov_27.898235"	"PrePostFVT"	"Post"	"PrePostFVTPost"	-1.2819192790658	0	2.17487215283095	0.555577671593427	1	0.80248879401368	1	NA	"prevalence"	20	19
"NODE_844_length_5836_cov_27.449922"	"PrePostFVT"	"During"	"PrePostFVTDuring"	-0.916465741814331	0	1.64312807709619	0.577010514075781	1	0.551690931321174	1	NA	"prevalence"	20	15
"NODE_844_length_5836_cov_27.449922"	"PrePostFVT"	"Post"	"PrePostFVTPost"	-0.916320412787378	0	1.30382639384293	0.482184592914887	1	0.731867204185278	1	NA	"prevalence"	20	15
"NODE_847_length_6595_cov_5.830734"	"PrePostFVT"	"During"	"PrePostFVTDuring"	-12.8880230362138	0	528.792095839237	0.980555426790464	1	0.980555426790464	1	NA	"prevalence"	20	3
"NODE_847_length_6595_cov_5.830734"	"PrePostFVT"	"Post"	"PrePostFVTPost"	-1.38607441445222	0	1.36918803419191	0.311378797172556	1	0.311378797172556	0.873767032882173	NA	"prevalence"	20	3
"NODE_851_length_3033_cov_8.269980"	"PrePostFVT"	"During"	"PrePostFVTDuring"	13.5128230497316	0	692.35088390461	0.984428432645631	1	0.197316067123644	0.758034601176654	NA	"prevalence"	20	18
"NODE_851_length_3033_cov_8.269980"	"PrePostFVT"	"Post"	"PrePostFVTPost"	14.6110352801264	0	673.37872897208	0.982688783803017	1	0.0612674273895988	0.494478095540919	NA	"prevalence"	20	18
"NODE_852_length_3922_cov_6.695112"	"PrePostFVT"	"During"	"PrePostFVTDuring"	0	0	3.39467156712467	1	1	0.658864388029552	1	NA	"prevalence"	20	19
"NODE_852_length_3922_cov_6.695112"	"PrePostFVT"	"Post"	"PrePostFVTPost"	-1.2819192790658	0	2.17486883015931	0.555577067672451	1	0.0376448534123175	0.47724151592352	NA	"prevalence"	20	19
"NODE_853_length_3921_cov_3.226849"	"PrePostFVT"	"During"	"PrePostFVTDuring"	-4.79045828458723	0	6.43855484022439	0.45686017439314	1	0.45686017439314	1	NA	"prevalence"	20	4
"NODE_854_length_5650_cov_8.915639"	"PrePostFVT"	"During"	"PrePostFVTDuring"	-29.2541341927095	0	1180.94603870976	0.980237001304319	1	0.980237001304319	1	NA	"prevalence"	20	6
"NODE_854_length_5650_cov_8.915639"	"PrePostFVT"	"Post"	"PrePostFVTPost"	-30.4181151290351	0	1213.46082666494	0.980001329768096	1	0.980001329768096	1	NA	"prevalence"	20	6
"NODE_855_length_4964_cov_12.551232"	"PrePostFVT"	"During"	"PrePostFVTDuring"	13.4257042827195	0	486.107535399774	0.977966191280939	1	0.977966191280939	1	NA	"prevalence"	20	7
"NODE_855_length_4964_cov_12.551232"	"PrePostFVT"	"Post"	"PrePostFVTPost"	14.3419055630488	0	486.106251224777	0.976462913076056	1	0.976462913076056	1	NA	"prevalence"	20	7
"NODE_859_length_5065_cov_4.762275"	"PrePostFVT"	"During"	"PrePostFVTDuring"	13.4257042827195	0	486.107535399774	0.977966191280939	1	0.977966191280939	1	NA	"prevalence"	20	7
"NODE_859_length_5065_cov_4.762275"	"PrePostFVT"	"Post"	"PrePostFVTPost"	14.3419055630488	0	486.106251224777	0.976462913076056	1	0.976462913076056	1	NA	"prevalence"	20	7
"NODE_86_length_18717_cov_289.596774"	"PrePostFVT"	"During"	"PrePostFVTDuring"	13.5172459928138	0	547.352524287081	0.980297696219963	1	0.980297696219963	1	NA	"prevalence"	20	4
"NODE_86_length_18717_cov_289.596774"	"PrePostFVT"	"Post"	"PrePostFVTPost"	13.5174625343994	0	547.35158610212	0.98029734689576	1	0.98029734689576	1	NA	"prevalence"	20	4
"NODE_860_length_5585_cov_16.822966"	"PrePostFVT"	"During"	"PrePostFVTDuring"	-13.208535019794	0	212.944460659605	0.950540474264589	1	0.337357613437694	0.920066218466438	NA	"prevalence"	20	8
"NODE_860_length_5585_cov_16.822966"	"PrePostFVT"	"Post"	"PrePostFVTPost"	-14.59462192105	0	212.943552408865	0.945357757606291	1	0.319492020735718	0.888974425318609	NA	"prevalence"	20	8
"NODE_861_length_5911_cov_16.363559"	"PrePostFVT"	"During"	"PrePostFVTDuring"	6.08904485432403	0	12.1791878757504	0.617106822665303	1	0.85339281475054	1	NA	"prevalence"	20	12
"NODE_861_length_5911_cov_16.363559"	"PrePostFVT"	"Post"	"PrePostFVTPost"	0.202711512497004	0	1.05626336079069	0.847809729665667	1	0.976838121615563	1	NA	"prevalence"	20	12
"NODE_864_length_5862_cov_26.281901"	"PrePostFVT"	"During"	"PrePostFVTDuring"	0	0	3.39467376928872	1	1	0.672987161545489	1	NA	"prevalence"	20	17
"NODE_864_length_5862_cov_26.281901"	"PrePostFVT"	"Post"	"PrePostFVTPost"	-1.93239635424051	0	2.10663170607487	0.358989662460409	1	0.58910574716738	1	NA	"prevalence"	20	17
"NODE_865_length_2666_cov_5.653007"	"PrePostFVT"	"During"	"PrePostFVTDuring"	0	0	3.39467506468286	1	1	0.547980269686074	1	NA	"prevalence"	20	18
"NODE_865_length_2666_cov_5.653007"	"PrePostFVT"	"Post"	"PrePostFVTPost"	-1.2819192790658	0	2.17487215283095	0.555577671593427	1	0.15859239222259	0.734273495170127	NA	"prevalence"	20	18
"NODE_865_length_6424_cov_16.567436"	"PrePostFVT"	"During"	"PrePostFVTDuring"	6.08904487544686	0	12.1790807028601	0.617103723569412	1	0.853390441495591	1	NA	"prevalence"	20	14
"NODE_865_length_6424_cov_16.567436"	"PrePostFVT"	"Post"	"PrePostFVTPost"	0.625705899764414	0	1.07519796963482	0.560603842632189	1	0.806931016890402	1	NA	"prevalence"	20	14
"NODE_867_length_2238_cov_287.902428"	"PrePostFVT"	"During"	"PrePostFVTDuring"	-30.0302648152443	0	2081.30299809709	0.988488051317742	1	0.988488051317742	1	NA	"prevalence"	20	7
"NODE_867_length_2238_cov_287.902428"	"PrePostFVT"	"Post"	"PrePostFVTPost"	-15.6707231696611	0	370.835963871464	0.966293161912544	1	0.309175342743065	0.873767032882173	NA	"prevalence"	20	7
"NODE_867_length_5878_cov_6.202645"	"PrePostFVT"	"During"	"PrePostFVTDuring"	-20.1020759386544	0	2364.82671845787	0.993217709039584	1	0.993217709039584	1	NA	"prevalence"	20	5
"NODE_867_length_5878_cov_6.202645"	"PrePostFVT"	"Post"	"PrePostFVTPost"	-16.9920458083332	0	639.688291161758	0.978808277416824	1	0.978808277416824	1	NA	"prevalence"	20	5
"NODE_868_length_3871_cov_11.976677"	"PrePostFVT"	"During"	"PrePostFVTDuring"	13.5128230497316	0	692.35088390461	0.984428432645631	1	0.605022794262757	1	NA	"prevalence"	20	18
"NODE_868_length_3871_cov_11.976677"	"PrePostFVT"	"Post"	"PrePostFVTPost"	14.6110352801264	0	673.37872897208	0.982688783803017	1	0.199859613555555	0.758034601176654	NA	"prevalence"	20	18
"NODE_869_length_6477_cov_9.877297"	"PrePostFVT"	"During"	"PrePostFVTDuring"	13.4257042827195	0	486.107535399774	0.977966191280939	1	0.977966191280939	1	NA	"prevalence"	20	7
"NODE_869_length_6477_cov_9.877297"	"PrePostFVT"	"Post"	"PrePostFVTPost"	14.3419055630488	0	486.106251224777	0.976462913076056	1	0.976462913076056	1	NA	"prevalence"	20	7
"NODE_871_length_5587_cov_53.783442"	"PrePostFVT"	"During"	"PrePostFVTDuring"	4.79045828458724	0	6.4385549712328	0.4568601835518	1	0.0373232306627654	0.47724151592352	NA	"prevalence"	20	17
"NODE_877_length_4119_cov_7.801919"	"PrePostFVT"	"During"	"PrePostFVTDuring"	6.08904486356908	0	12.1790799323602	0.617103701984362	1	0.318703823969269	0.888279239103537	NA	"prevalence"	20	10
"NODE_877_length_4119_cov_7.801919"	"PrePostFVT"	"Post"	"PrePostFVTPost"	-0.202711512497003	0	1.05626285091543	0.847809657098452	1	0.976838099527509	1	NA	"prevalence"	20	10
"NODE_879_length_5803_cov_5.746173"	"PrePostFVT"	"During"	"PrePostFVTDuring"	6.08904485432403	0	12.1791878757504	0.617106822665303	1	0.824914689890309	1	NA	"prevalence"	20	13
"NODE_879_length_5803_cov_5.746173"	"PrePostFVT"	"Post"	"PrePostFVTPost"	0.202711512497004	0	1.05626336079069	0.847809729665667	1	0.626837767514115	1	NA	"prevalence"	20	13
"NODE_880_length_9528_cov_672.428798"	"PrePostFVT"	"During"	"PrePostFVTDuring"	0.712579298438639	0	1.47531024065898	0.629093593463795	1	0.238347232087262	0.82974720755722	NA	"prevalence"	20	7
"NODE_883_length_5475_cov_5.002030"	"PrePostFVT"	"During"	"PrePostFVTDuring"	6.08904485432403	0	12.1791878757504	0.617106822665303	1	0.85339281475054	1	NA	"prevalence"	20	13
"NODE_883_length_5475_cov_5.002030"	"PrePostFVT"	"Post"	"PrePostFVTPost"	0.202711512497004	0	1.05626336079069	0.847809729665667	1	0.943467286321537	1	NA	"prevalence"	20	13
"NODE_883_length_7119_cov_7.220838"	"PrePostFVT"	"During"	"PrePostFVTDuring"	6.08904487544686	0	12.1790807028601	0.617103723569412	1	0.853390441495591	1	NA	"prevalence"	20	14
"NODE_883_length_7119_cov_7.220838"	"PrePostFVT"	"Post"	"PrePostFVTPost"	0.625705899764414	0	1.07519796963482	0.560603842632189	1	0.806931016890402	1	NA	"prevalence"	20	14
"NODE_887_length_4870_cov_6.746210"	"PrePostFVT"	"During"	"PrePostFVTDuring"	13.4257042827195	0	486.107535399774	0.977966191280939	1	0.977966191280939	1	NA	"prevalence"	20	7
"NODE_887_length_4870_cov_6.746210"	"PrePostFVT"	"Post"	"PrePostFVTPost"	14.3419055630488	0	486.106251224777	0.976462913076056	1	0.976462913076056	1	NA	"prevalence"	20	7
"NODE_888_length_3605_cov_9.453803"	"PrePostFVT"	"During"	"PrePostFVTDuring"	12.2380584869826	0	579.262911315567	0.983144386805428	1	0.694107578204343	1	NA	"prevalence"	20	14
"NODE_888_length_4795_cov_5.692405"	"PrePostFVT"	"During"	"PrePostFVTDuring"	2.05073912681691e-14	0	3.3946772020926	0.999999999999995	1	0.518872859374462	1	NA	"prevalence"	20	16
"NODE_89_length_11981_cov_11.675918"	"PrePostFVT"	"During"	"PrePostFVTDuring"	4.79045828458724	0	6.4385549712328	0.4568601835518	1	0.0806680409370185	0.562554475938266	NA	"prevalence"	20	17
"NODE_89_length_61266_cov_8.215942"	"PrePostFVT"	"During"	"PrePostFVTDuring"	2.31413884680681e-14	0	3.3946754613979	0.999999999999995	1	0.496489078092448	1	NA	"prevalence"	20	10
"NODE_89_length_61266_cov_8.215942"	"PrePostFVT"	"Post"	"PrePostFVTPost"	-12.1780897508937	0	32.1411758804242	0.704766786543544	1	0.704766786543544	1	NA	"prevalence"	20	10
"NODE_895_length_4951_cov_13.092729"	"PrePostFVT"	"During"	"PrePostFVTDuring"	0	0	3.39467383405896	1	1	0.968919921029236	1	NA	"prevalence"	20	12
"NODE_895_length_8805_cov_38.271086"	"PrePostFVT"	"During"	"PrePostFVTDuring"	21.326624191982	0	52631.4734974337	0.999676691861724	1	0.19493709008171	0.758034601176654	NA	"prevalence"	20	19
"NODE_895_length_8805_cov_38.271086"	"PrePostFVT"	"Post"	"PrePostFVTPost"	29.4053043905307	0	1726949.63032575	0.999986414173311	1	0.0126507202027957	0.39452319173861	NA	"prevalence"	20	19
"NODE_897_length_4917_cov_16.169272"	"PrePostFVT"	"During"	"PrePostFVTDuring"	21.326624191982	0	52631.4734974337	0.999676691861724	1	0.203587701586621	0.758034601176654	NA	"prevalence"	20	19
"NODE_897_length_4917_cov_16.169272"	"PrePostFVT"	"Post"	"PrePostFVTPost"	29.4053043905307	0	1726949.63032575	0.999986414173311	1	0.048235547582566	0.47724151592352	NA	"prevalence"	20	19
"NODE_898_length_3266_cov_36.398941"	"PrePostFVT"	"During"	"PrePostFVTDuring"	13.3921348054535	0	457.947422727808	0.976670127971774	1	0.963062920036976	1	NA	"prevalence"	20	14
"NODE_898_length_6495_cov_6.899224"	"PrePostFVT"	"During"	"PrePostFVTDuring"	-30.0302648152443	0	2081.30299809709	0.988488051317742	1	0.988488051317742	1	NA	"prevalence"	20	7
"NODE_898_length_6495_cov_6.899224"	"PrePostFVT"	"Post"	"PrePostFVTPost"	-15.6707231696611	0	370.835963871464	0.966293161912544	1	0.722490080491703	1	NA	"prevalence"	20	7
"NODE_90_length_62992_cov_10.132212|provirus_26642_40949"	"PrePostFVT"	"During"	"PrePostFVTDuring"	6.08904485432403	0	12.1791878757504	0.617106822665303	1	0.85339281475054	1	NA	"prevalence"	20	13
"NODE_90_length_62992_cov_10.132212|provirus_26642_40949"	"PrePostFVT"	"Post"	"PrePostFVTPost"	0.202711512497004	0	1.05626336079069	0.847809729665667	1	0.940162782142773	1	NA	"prevalence"	20	13
"NODE_902_length_5520_cov_8.255810"	"PrePostFVT"	"During"	"PrePostFVTDuring"	1.71280681993628e-29	0	14.8824652445662	1	1	0.804488661922055	1	NA	"prevalence"	20	19
"NODE_902_length_5520_cov_8.255810"	"PrePostFVT"	"Post"	"PrePostFVTPost"	3.10157543387346e-15	0	11.0925602186354	1	1	0.16797769366876	0.757276487850967	NA	"prevalence"	20	19
"NODE_902_length_7455_cov_6.920676"	"PrePostFVT"	"During"	"PrePostFVTDuring"	-12.5691024292206	0	295.49131780063	0.966071187961928	1	0.151233382392075	0.733219832963666	NA	"prevalence"	20	9
"NODE_902_length_7455_cov_6.920676"	"PrePostFVT"	"Post"	"PrePostFVTPost"	-31.2359312024944	0	2556.15667610375	0.990250188014415	1	0.990250188014415	1	NA	"prevalence"	20	9
"NODE_908_length_7168_cov_5.459440"	"PrePostFVT"	"During"	"PrePostFVTDuring"	4.79045828458724	0	6.4385549712328	0.4568601835518	1	0.0391496149285445	0.47724151592352	NA	"prevalence"	20	17
"NODE_909_length_6938_cov_5.084556"	"PrePostFVT"	"During"	"PrePostFVTDuring"	-4.79045828458723	0	6.43855483919578	0.456860174321231	1	0.456860174321231	1	NA	"prevalence"	20	3
"NODE_912_length_8730_cov_850.056254"	"PrePostFVT"	"During"	"PrePostFVTDuring"	26.1816999250242	0	516.835679665672	0.959598294469078	1	0.959598294469078	1	NA	"prevalence"	20	6
"NODE_912_length_8730_cov_850.056254"	"PrePostFVT"	"Post"	"PrePostFVTPost"	12.321470223866	0	277.557185827116	0.96459150298105	1	0.96459150298105	1	NA	"prevalence"	20	6
"NODE_913_length_4110_cov_6.185943"	"PrePostFVT"	"During"	"PrePostFVTDuring"	21.326624191982	0	52631.4734974337	0.999676691861724	1	0.175269773680377	0.758034601176654	NA	"prevalence"	20	19
"NODE_913_length_4110_cov_6.185943"	"PrePostFVT"	"Post"	"PrePostFVTPost"	29.4053043905307	0	1726949.63032575	0.999986414173311	1	0.0369512143891142	0.47724151592352	NA	"prevalence"	20	19
"NODE_913_length_5947_cov_9.871181"	"PrePostFVT"	"During"	"PrePostFVTDuring"	6.08904485432403	0	12.1791878757504	0.617106822665303	1	0.747273111408429	1	NA	"prevalence"	20	13
"NODE_914_length_3710_cov_6.004104"	"PrePostFVT"	"During"	"PrePostFVTDuring"	-12.5691024292206	0	295.49131780063	0.966071187961928	1	0.576716377145307	1	NA	"prevalence"	20	9
"NODE_914_length_3710_cov_6.004104"	"PrePostFVT"	"Post"	"PrePostFVTPost"	-31.2359312024944	0	2556.15667610375	0.990250188014415	1	0.990250188014415	1	NA	"prevalence"	20	9
"NODE_915_length_3149_cov_9.552683"	"PrePostFVT"	"During"	"PrePostFVTDuring"	0	0	3.39467506468286	1	1	0.521118390819225	1	NA	"prevalence"	20	19
"NODE_915_length_3149_cov_9.552683"	"PrePostFVT"	"Post"	"PrePostFVTPost"	-1.2819192790658	0	2.17487215283095	0.555577671593427	1	0.0257203065045003	0.45632801862823	NA	"prevalence"	20	19
"NODE_920_length_3929_cov_113.413268"	"PrePostFVT"	"During"	"PrePostFVTDuring"	0	0	3.39467273297429	1	1	1	1	NA	"prevalence"	20	3
"NODE_920_length_3929_cov_113.413268"	"PrePostFVT"	"Post"	"PrePostFVTPost"	1.28191927906579	0	2.17487113527493	0.555577486645003	1	0.555577486645003	1	NA	"prevalence"	20	3
"NODE_925_length_2516_cov_5.385616"	"PrePostFVT"	"During"	"PrePostFVTDuring"	-4.79045828458723	0	6.43855484022439	0.45686017439314	1	0.45686017439314	1	NA	"prevalence"	20	4
"NODE_927_length_4608_cov_4.518559"	"PrePostFVT"	"During"	"PrePostFVTDuring"	-10.6864701215999	0	171.115056480101	0.950202920100395	1	0.950202920100395	1	NA	"prevalence"	20	2
"NODE_927_length_4608_cov_4.518559"	"PrePostFVT"	"Post"	"PrePostFVTPost"	-13.1372741573707	0	331.143073060348	0.968354224807565	1	0.968354224807565	1	NA	"prevalence"	20	2
"NODE_928_length_4652_cov_7.668915"	"PrePostFVT"	"During"	"PrePostFVTDuring"	6.08904484990617	0	12.1796176691368	0.617119245788755	1	0.853402328054628	1	NA	"prevalence"	20	15
"NODE_928_length_4652_cov_7.668915"	"PrePostFVT"	"Post"	"PrePostFVTPost"	1.11212600750106	0	1.12396522177637	0.322434920457834	1	0.540905562985018	1	NA	"prevalence"	20	15
"NODE_928_length_7174_cov_8.261554"	"PrePostFVT"	"During"	"PrePostFVTDuring"	2.31413884680681e-14	0	3.3946754613979	0.999999999999995	1	0.149065699923187	0.733219832963666	NA	"prevalence"	20	10
"NODE_928_length_7174_cov_8.261554"	"PrePostFVT"	"Post"	"PrePostFVTPost"	-12.1780897508937	0	32.1411758804242	0.704766786543544	1	0.704766786543544	1	NA	"prevalence"	20	10
"NODE_930_length_4573_cov_5.266932"	"PrePostFVT"	"During"	"PrePostFVTDuring"	-4.21330116288112e-15	0	3.98666719892111	0.999999999999999	1	0.537590993649221	1	NA	"prevalence"	20	14
"NODE_937_length_3593_cov_15.492086"	"PrePostFVT"	"During"	"PrePostFVTDuring"	0	0	3.39467156712168	1	1	0.0389623871959949	0.47724151592352	NA	"prevalence"	20	11
"NODE_937_length_6155_cov_17.701311"	"PrePostFVT"	"During"	"PrePostFVTDuring"	13.5128230497316	0	692.35088390461	0.984428432645631	1	0.236996083934148	0.82974720755722	NA	"prevalence"	20	18
"NODE_937_length_6155_cov_17.701311"	"PrePostFVT"	"Post"	"PrePostFVTPost"	14.6110352801264	0	673.37872897208	0.982688783803017	1	0.0349000122302114	0.47724151592352	NA	"prevalence"	20	18
"NODE_938_length_3589_cov_7.188738"	"PrePostFVT"	"During"	"PrePostFVTDuring"	0	0	3.39467383405896	1	1	0.99971333628545	1	NA	"prevalence"	20	13
"NODE_938_length_3852_cov_8.090071"	"PrePostFVT"	"During"	"PrePostFVTDuring"	0	0	3.39467506468286	1	1	0.792170313774926	1	NA	"prevalence"	20	19
"NODE_938_length_3852_cov_8.090071"	"PrePostFVT"	"Post"	"PrePostFVTPost"	-1.2819192790658	0	2.17487215283095	0.555577671593427	1	0.627082832759028	1	NA	"prevalence"	20	19
"NODE_943_length_3363_cov_98.457981"	"PrePostFVT"	"During"	"PrePostFVTDuring"	1.58700275441595e-15	0	1.48398855516049	0.999999999999999	1	0.999999999999999	1	NA	"prevalence"	20	4
"NODE_943_length_3363_cov_98.457981"	"PrePostFVT"	"Post"	"PrePostFVTPost"	-4.83763307590461	0	5.21206361815588	0.353324171152456	1	0.353324171152456	0.935794742937876	NA	"prevalence"	20	4
"NODE_945_length_3174_cov_9.948702"	"PrePostFVT"	"During"	"PrePostFVTDuring"	21.326624191982	0	52631.4734974337	0.999676691861724	1	0.148239503066164	0.733219832963666	NA	"prevalence"	20	19
"NODE_945_length_3174_cov_9.948702"	"PrePostFVT"	"Post"	"PrePostFVTPost"	29.4053043905307	0	1726949.63032575	0.999986414173311	1	0.0868440403937928	0.566374176481257	NA	"prevalence"	20	19
"NODE_946_length_3616_cov_7.871665"	"PrePostFVT"	"During"	"PrePostFVTDuring"	21.326624191982	0	52631.4734974337	0.999676691861724	1	0.197259594195436	0.758034601176654	NA	"prevalence"	20	19
"NODE_946_length_3616_cov_7.871665"	"PrePostFVT"	"Post"	"PrePostFVTPost"	29.4053043905307	0	1726949.63032575	0.999986414173311	1	0.0617844131582964	0.494478095540919	NA	"prevalence"	20	19
"NODE_947_length_4689_cov_9.039491"	"PrePostFVT"	"During"	"PrePostFVTDuring"	13.5128230497316	0	692.35088390461	0.984428432645631	1	0.214830925134172	0.777348742261807	NA	"prevalence"	20	18
"NODE_947_length_4689_cov_9.039491"	"PrePostFVT"	"Post"	"PrePostFVTPost"	14.6110352801264	0	673.37872897208	0.982688783803017	1	0.146082931491672	0.733219832963666	NA	"prevalence"	20	18
"NODE_947_length_5858_cov_6.238325"	"PrePostFVT"	"During"	"PrePostFVTDuring"	6.08904487544685	0	12.1789730053703	0.617100610482939	1	0.853388057507462	1	NA	"prevalence"	20	14
"NODE_947_length_5858_cov_6.238325"	"PrePostFVT"	"Post"	"PrePostFVTPost"	0.625705899764411	0	1.07519754603371	0.560603688195092	1	0.806930881172244	1	NA	"prevalence"	20	14
"NODE_952_length_5554_cov_6.763593"	"PrePostFVT"	"During"	"PrePostFVTDuring"	-10.0277891144931	0	194.39063729956	0.958858764661156	1	0.958858764661156	1	NA	"prevalence"	20	2
"NODE_952_length_5554_cov_6.763593"	"PrePostFVT"	"Post"	"PrePostFVTPost"	-0.469844435636902	0	1.52478187400577	0.757976729129458	1	0.757976729129458	1	NA	"prevalence"	20	2
"NODE_954_length_4585_cov_15.544371"	"PrePostFVT"	"During"	"PrePostFVTDuring"	0	0	3.39467376928872	1	1	0.598137131802216	1	NA	"prevalence"	20	17
"NODE_954_length_4585_cov_15.544371"	"PrePostFVT"	"Post"	"PrePostFVTPost"	-1.93239635424051	0	2.10663170607487	0.358989662460409	1	0.359805859259707	0.94234867901352	NA	"prevalence"	20	17
"NODE_957_length_6801_cov_3.555885"	"PrePostFVT"	"During"	"PrePostFVTDuring"	0	0	3.39467111373657	1	1	0.0480175941222091	0.47724151592352	NA	"prevalence"	20	17
"NODE_959_length_2720_cov_600.235647"	"PrePostFVT"	"During"	"PrePostFVTDuring"	-1.31816955939621e-14	0	14.8829120065406	0.999999999999999	1	0.999999999999999	1	NA	"prevalence"	20	2
"NODE_959_length_2720_cov_600.235647"	"PrePostFVT"	"Post"	"PrePostFVTPost"	-1.57663417888566e-14	0	11.0930664421696	0.999999999999999	1	0.999999999999999	1	NA	"prevalence"	20	2
"NODE_960_length_6782_cov_11.387840"	"PrePostFVT"	"During"	"PrePostFVTDuring"	0	0	3.39467376928872	1	1	0.99956581670466	1	NA	"prevalence"	20	17
"NODE_960_length_6782_cov_11.387840"	"PrePostFVT"	"Post"	"PrePostFVTPost"	-1.93239635424051	0	2.10663170607487	0.358989662460409	1	0.58910574716738	1	NA	"prevalence"	20	17
"NODE_961_length_5451_cov_5.767606"	"PrePostFVT"	"During"	"PrePostFVTDuring"	-3.03999649135417e-15	0	1.52844317921037	0.999999999999998	1	0.999999999999998	1	NA	"prevalence"	20	4
"NODE_962_length_4645_cov_65.713943"	"PrePostFVT"	"During"	"PrePostFVTDuring"	29.5973815366136	0	1325.38419159138	0.982183783906351	1	0.982183783906351	1	NA	"prevalence"	20	7
"NODE_962_length_4645_cov_65.713943"	"PrePostFVT"	"Post"	"PrePostFVTPost"	14.1842319975446	0	552.723801096742	0.97952659606404	1	0.97952659606404	1	NA	"prevalence"	20	7
"NODE_962_length_8216_cov_5.455581"	"PrePostFVT"	"During"	"PrePostFVTDuring"	-4.21330116288112e-15	0	3.98666719892111	0.999999999999999	1	0.833154412077504	1	NA	"prevalence"	20	14
"NODE_971_length_2671_cov_4.974006"	"PrePostFVT"	"During"	"PrePostFVTDuring"	0	0	3.39467156712467	1	1	0.909696474740332	1	NA	"prevalence"	20	19
"NODE_971_length_2671_cov_4.974006"	"PrePostFVT"	"Post"	"PrePostFVTPost"	-1.2819192790658	0	2.17486883015931	0.555577067672451	1	0.0209131531417846	0.423358870919266	NA	"prevalence"	20	19
"NODE_976_length_5283_cov_79.848317"	"PrePostFVT"	"During"	"PrePostFVTDuring"	12.4767569312714	0	288.196163746135	0.965468301952014	1	0.965468301952014	1	NA	"prevalence"	20	2
"NODE_976_length_5283_cov_79.848317"	"PrePostFVT"	"Post"	"PrePostFVTPost"	11.090115813303	0	288.195429781443	0.969303993382919	1	0.969303993382919	1	NA	"prevalence"	20	2
"NODE_98_length_33801_cov_18.976797"	"PrePostFVT"	"During"	"PrePostFVTDuring"	4.79045828458724	0	6.4385549712328	0.4568601835518	1	0.0477693803897347	0.47724151592352	NA	"prevalence"	20	17
"NODE_980_length_5316_cov_14.526706"	"PrePostFVT"	"During"	"PrePostFVTDuring"	-20.1020759386544	0	2364.82671845787	0.993217709039584	1	0.993217709039584	1	NA	"prevalence"	20	5
"NODE_980_length_5316_cov_14.526706"	"PrePostFVT"	"Post"	"PrePostFVTPost"	-16.9920458083332	0	639.688291161758	0.978808277416824	1	0.978808277416824	1	NA	"prevalence"	20	5
"NODE_982_length_5697_cov_6.203297"	"PrePostFVT"	"During"	"PrePostFVTDuring"	-15.2584285057852	0	226.178171230053	0.946213924236529	1	0.946213924236529	1	NA	"prevalence"	20	5
"NODE_984_length_4725_cov_6.130835"	"PrePostFVT"	"During"	"PrePostFVTDuring"	6.08904485432403	0	12.1791878757504	0.617106822665303	1	0.78332674322254	1	NA	"prevalence"	20	13
"NODE_984_length_4725_cov_6.130835"	"PrePostFVT"	"Post"	"PrePostFVTPost"	0.202711512497004	0	1.05626336079069	0.847809729665667	1	0.961480032920562	1	NA	"prevalence"	20	13
"NODE_985_length_3872_cov_6.920094"	"PrePostFVT"	"During"	"PrePostFVTDuring"	13.5128230497316	0	692.35088390461	0.984428432645631	1	0.816870636542634	1	NA	"prevalence"	20	18
"NODE_985_length_3872_cov_6.920094"	"PrePostFVT"	"Post"	"PrePostFVTPost"	14.6110352801264	0	673.37872897208	0.982688783803017	1	0.0623342084075825	0.494478095540919	NA	"prevalence"	20	18
"NODE_990_length_2631_cov_10.267857"	"PrePostFVT"	"During"	"PrePostFVTDuring"	21.326624191982	0	52631.4734974337	0.999676691861724	1	0.188816819026597	0.758034601176654	NA	"prevalence"	20	19
"NODE_990_length_2631_cov_10.267857"	"PrePostFVT"	"Post"	"PrePostFVTPost"	29.4053043905307	0	1726949.63032575	0.999986414173311	1	0.0794964545457665	0.560551923079123	NA	"prevalence"	20	19
"NODE_990_length_3671_cov_7.958794"	"PrePostFVT"	"During"	"PrePostFVTDuring"	6.08904485432403	0	12.1791878757504	0.617106822665303	1	0.784463734528423	1	NA	"prevalence"	20	13
"NODE_990_length_3671_cov_7.958794"	"PrePostFVT"	"Post"	"PrePostFVTPost"	0.202711512497004	0	1.05626336079069	0.847809729665667	1	0.946760823152055	1	NA	"prevalence"	20	13
"NODE_994_length_4515_cov_8.534753"	"PrePostFVT"	"During"	"PrePostFVTDuring"	0.916335614372368	0	1.64316382679426	0.577072887959438	1	0.0882519021237119	0.567165810624114	NA	"prevalence"	20	12
"NODE_995_length_7936_cov_20.092755"	"PrePostFVT"	"During"	"PrePostFVTDuring"	6.08904485432403	0	12.1791878757504	0.617106822665303	1	0.85339281475054	1	NA	"prevalence"	20	12
"NODE_995_length_7936_cov_20.092755"	"PrePostFVT"	"Post"	"PrePostFVTPost"	0.202711512497004	0	1.05626336079069	0.847809729665667	1	0.976838121615563	1	NA	"prevalence"	20	12
"NODE_996_length_5248_cov_12.190449"	"PrePostFVT"	"During"	"PrePostFVTDuring"	0.712579298438639	0	1.47531024065898	0.629093593463795	1	0.141614192131646	0.733219832963666	NA	"prevalence"	20	6
"NODE_996_length_7267_cov_6.743899"	"PrePostFVT"	"During"	"PrePostFVTDuring"	-3.03999649135417e-15	0	1.52844317921037	0.999999999999998	1	0.999999999999998	1	NA	"prevalence"	20	4
"NODE_998_length_3199_cov_3.878181"	"PrePostFVT"	"During"	"PrePostFVTDuring"	0	0	3.39467111373657	1	1	0.0126153095254206	0.39452319173861	NA	"prevalence"	20	17
"NODE_1361_length_3313_cov_10.090853"	"PrePostFVT"	"Post"	"PrePostFVTPost"	2.3028237049811	0	1.30390238370125	0.0773788541305509	0.647181909931841	0.000502463377129819	0.114261039652347	"Prevalence association possibly induced by stronger abundance association"	"prevalence"	20	10
"NODE_69_length_45823_cov_15.638940"	"PrePostFVT"	"Post"	"PrePostFVTPost"	-3.39318871934552	0	2.39631085156129	0.156773970661621	0.816311989906032	0.000215609004940732	0.0711509716304414	"Prevalence association possibly induced by stronger abundance association"	"prevalence"	20	15
"NODE_193_length_39712_cov_6.226190"	"PrePostFVT"	"Post"	"PrePostFVTPost"	-2.84181092521635	0	2.07130358886344	0.170066082809234	0.836713847153782	1.96551883634364e-05	0.0324310607996701	"Prevalence association possibly induced by stronger abundance association"	"prevalence"	20	16
"NODE_1121_length_4468_cov_66.517109"	"PrePostFVT"	"Post"	"PrePostFVTPost"	0.202711512497004	0	1.05626336079069	0.847809729665667	1	0.264331187620982	0.863656355593309	"Prevalence association possibly induced by stronger abundance association"	"prevalence"	20	13
"NODE_1211_length_2702_cov_7.191160"	"PrePostFVT"	"During"	"PrePostFVTDuring"	0.916292476242985	0	1.64316783574961	0.577091747700137	1	0.00414809897045024	0.39452319173861	"Prevalence association possibly induced by stronger abundance association"	"prevalence"	20	9
"NODE_1334_length_2095_cov_3.035784"	"PrePostFVT"	"During"	"PrePostFVTDuring"	7.52456635478248e-14	0	3.39467292728331	0.999999999999982	1	0.0443169201840223	0.47724151592352	"Prevalence association possibly induced by stronger abundance association"	"prevalence"	20	15
"NODE_1361_length_3313_cov_10.090853"	"PrePostFVT"	"During"	"PrePostFVTDuring"	0.916213770000456	0	1.6432552843291	0.577144730060058	1	0.00430939048788119	0.39452319173861	"Prevalence association possibly induced by stronger abundance association"	"prevalence"	20	10
"NODE_1656_length_3207_cov_14.056472"	"PrePostFVT"	"Post"	"PrePostFVTPost"	0.559831089339607	0	1.18017232103297	0.635240464965594	1	0.0185221045601904	0.415860294418156	"Prevalence association possibly induced by stronger abundance association"	"prevalence"	20	16
"NODE_586_length_4007_cov_10.183451"	"PrePostFVT"	"Post"	"PrePostFVTPost"	1.38612939167155	0	1.36922178927884	0.311371534250114	1	0.0537410634737255	0.47724151592352	"Prevalence association possibly induced by stronger abundance association"	"prevalence"	20	17
"NODE_728_length_8488_cov_23.410056"	"PrePostFVT"	"Post"	"PrePostFVTPost"	0.202711512497004	0	1.05626336079069	0.847809729665667	1	0.325332646636751	0.899475403436391	"Prevalence association possibly induced by stronger abundance association"	"prevalence"	20	11
"NODE_8_length_113388_cov_131.683737"	"PrePostFVT"	"Post"	"PrePostFVTPost"	0.470230419288415	0	1.52479127142538	0.757785570764571	1	0.00620194321228393	0.39452319173861	"Prevalence association possibly induced by stronger abundance association"	"prevalence"	20	18
"NODE_877_length_7168_cov_3.728947"	"PrePostFVT"	"During"	"PrePostFVTDuring"	-3.03999649135417e-15	0	1.52844317921037	0.999999999999998	1	0.0315415523801516	0.475474355226231	"Prevalence association possibly induced by stronger abundance association"	"prevalence"	20	4
"NODE_913_length_5947_cov_9.871181"	"PrePostFVT"	"Post"	"PrePostFVTPost"	0.202711512497004	0	1.05626336079069	0.847809729665667	1	0.288355615568544	0.871765233337443	"Prevalence association possibly induced by stronger abundance association"	"prevalence"	20	13
"NODE_10_length_217393_cov_15.630805|provirus_4556_30967"	"PrePostFVT"	"During"	"PrePostFVTDuring"	NA	NA	NA	NA	NA	NA	NA	"contrasts can be applied only to factors with 2 or more levels"	"abundance"	20	4
"NODE_10_length_217393_cov_15.630805|provirus_4556_30967"	"PrePostFVT"	"Post"	"PrePostFVTPost"	NA	NA	NA	NA	NA	NA	NA	"contrasts can be applied only to factors with 2 or more levels"	"abundance"	20	4
"NODE_1002_length_3369_cov_4.085395"	"PrePostFVT"	"During"	"PrePostFVTDuring"	NA	NA	NA	NA	NA	0.977966191280939	1	"No data points have the baseline factor level"	"abundance"	20	8
"NODE_1002_length_3369_cov_4.085395"	"PrePostFVT"	"Post"	"PrePostFVTPost"	NA	NA	NA	NA	NA	0.976462913076056	1	"No data points have the baseline factor level"	"abundance"	20	8
"NODE_1009_length_3189_cov_4.301213"	"PrePostFVT"	"During"	"PrePostFVTDuring"	NA	NA	NA	NA	NA	0.969740677146839	1	"No data points have the baseline factor level"	"abundance"	20	6
"NODE_1009_length_3189_cov_4.301213"	"PrePostFVT"	"Post"	"PrePostFVTPost"	NA	NA	NA	NA	NA	0.968620725698087	1	"No data points have the baseline factor level"	"abundance"	20	6
"NODE_1012_length_3289_cov_4.128324"	"PrePostFVT"	"During"	"PrePostFVTDuring"	NA	NA	NA	NA	NA	0.974209994038244	1	"number of levels of each grouping factor must be < number of observations (problems: AnimalID)"	"abundance"	20	2
"NODE_1012_length_3289_cov_4.128324"	"PrePostFVT"	"Post"	"PrePostFVTPost"	NA	NA	NA	NA	NA	0.966847242033371	1	"number of levels of each grouping factor must be < number of observations (problems: AnimalID)"	"abundance"	20	2
"NODE_1013_length_5104_cov_6.459893"	"PrePostFVT"	"During"	"PrePostFVTDuring"	NA	NA	NA	NA	NA	0.950202920100395	1	"number of levels of each grouping factor must be < number of observations (problems: AnimalID)"	"abundance"	20	2
"NODE_1013_length_5104_cov_6.459893"	"PrePostFVT"	"Post"	"PrePostFVTPost"	NA	NA	NA	NA	NA	0.968354224807565	1	"number of levels of each grouping factor must be < number of observations (problems: AnimalID)"	"abundance"	20	2
"NODE_1015_length_5103_cov_5.265848"	"PrePostFVT"	"During"	"PrePostFVTDuring"	1.06752489037317	NA	0.358418945963523	0.206215048261081	NA	0.999999999999998	1	"Model may not have converged with 1 eigenvalue close to zero: 7.0e-11"	"abundance"	20	4
"NODE_1015_length_5103_cov_5.265848"	"PrePostFVT"	"Post"	"PrePostFVTPost"	1.96711025019735	NA	0.358418945963523	0.114737162091031	NA	0.291937272964641	0.871765233337443	"Model may not have converged with 1 eigenvalue close to zero: 7.0e-11"	"abundance"	20	4
"NODE_1026_length_5707_cov_4.867127"	"PrePostFVT"	"During"	"PrePostFVTDuring"	-0.0118001402032932	NA	0.268206670067995	0.968847977615707	NA	0.629093669230961	1	"Model may not have converged with 1 eigenvalue close to zero: 1.5e-10"	"abundance"	20	5
"NODE_1026_length_5707_cov_4.867127"	"PrePostFVT"	"Post"	"PrePostFVTPost"	1.47274772034205	NA	0.268206670067995	0.0304923431078307	NA	0.101701499679331	0.605803156934642	"Model may not have converged with 1 eigenvalue close to zero: 1.5e-10"	"abundance"	20	5
"NODE_1038_length_3220_cov_3.203791"	"PrePostFVT"	"During"	"PrePostFVTDuring"	0.378992595562394	NA	0.316751224610515	0.351864661567449	NA	0.629093669230961	1	"Model may not have converged with 1 eigenvalue close to zero: 3.3e-10"	"abundance"	20	5
"NODE_1038_length_3220_cov_3.203791"	"PrePostFVT"	"Post"	"PrePostFVTPost"	1.86354045610773	NA	0.316751224610515	0.0263277682791306	NA	0.101701499679331	0.605803156934642	"Model may not have converged with 1 eigenvalue close to zero: 3.3e-10"	"abundance"	20	5
"NODE_1043_length_5009_cov_8.757771"	"PrePostFVT"	"During"	"PrePostFVTDuring"	5.25644756929625	NA	2.14757552610843	0.198554940006717	NA	0.999999999999999	1	"Model may not have converged with 1 eigenvalue close to zero: 5.5e-10"	"abundance"	20	5
"NODE_1043_length_5009_cov_8.757771"	"PrePostFVT"	"Post"	"PrePostFVTPost"	0.589247420913253	NA	2.20625473064424	0.833849479010627	NA	0.291937523315132	0.871765233337443	"Model may not have converged with 1 eigenvalue close to zero: 5.5e-10"	"abundance"	20	5
"NODE_1048_length_3412_cov_3.720882"	"PrePostFVT"	"Post"	"PrePostFVTPost"	NA	NA	NA	NA	NA	0.976410689272139	1	"Fitting error (NA p-value returned from fitting procedure)"	"abundance"	20	6
"NODE_1050_length_3310_cov_18.847312"	"PrePostFVT"	"During"	"PrePostFVTDuring"	NA	NA	NA	NA	NA	0.958115608511927	1	"Fitting error (NA p-value returned from fitting procedure)"	"abundance"	20	8
"NODE_1057_length_3172_cov_99.676612"	"PrePostFVT"	"During"	"PrePostFVTDuring"	NA	NA	NA	NA	NA	0.999999999999999	1	"No data points have the baseline factor level"	"abundance"	20	2
"NODE_1057_length_3172_cov_99.676612"	"PrePostFVT"	"Post"	"PrePostFVTPost"	NA	NA	NA	NA	NA	0.999999999999999	1	"No data points have the baseline factor level"	"abundance"	20	2
"NODE_106_length_96948_cov_59.874201|provirus_53627_96654"	"PrePostFVT"	"During"	"PrePostFVTDuring"	NA	NA	NA	NA	NA	0.456861297398619	1	"contrasts can be applied only to factors with 2 or more levels"	"abundance"	20	3
"NODE_106_length_96948_cov_59.874201|provirus_53627_96654"	"PrePostFVT"	"Post"	"PrePostFVTPost"	NA	NA	NA	NA	NA	0.204636299798512	0.758034601176654	"contrasts can be applied only to factors with 2 or more levels"	"abundance"	20	3
"NODE_1062_length_4753_cov_4.627501"	"PrePostFVT"	"During"	"PrePostFVTDuring"	NA	NA	NA	NA	NA	0.988833862209935	1	"Fitting error (NA p-value returned from fitting procedure)"	"abundance"	20	7
"NODE_1066_length_4261_cov_4.494532"	"PrePostFVT"	"Post"	"PrePostFVTPost"	NA	NA	NA	NA	NA	0.704766786543544	1	"Fitting error (NA p-value returned from fitting procedure)"	"abundance"	20	10
"NODE_1069_length_7411_cov_14.656607"	"PrePostFVT"	"During"	"PrePostFVTDuring"	NA	NA	NA	NA	NA	0.980237001304319	1	"contrasts can be applied only to factors with 2 or more levels"	"abundance"	20	6
"NODE_1069_length_7411_cov_14.656607"	"PrePostFVT"	"Post"	"PrePostFVTPost"	NA	NA	NA	NA	NA	0.980001329768096	1	"contrasts can be applied only to factors with 2 or more levels"	"abundance"	20	6
"NODE_1077_length_6283_cov_9.092807"	"PrePostFVT"	"During"	"PrePostFVTDuring"	NA	NA	NA	NA	NA	0.958858764661156	1	"number of levels of each grouping factor must be < number of observations (problems: AnimalID)"	"abundance"	20	2
"NODE_1077_length_6283_cov_9.092807"	"PrePostFVT"	"Post"	"PrePostFVTPost"	NA	NA	NA	NA	NA	0.757976729129458	1	"number of levels of each grouping factor must be < number of observations (problems: AnimalID)"	"abundance"	20	2
"NODE_108_length_16977_cov_116.663101"	"PrePostFVT"	"Post"	"PrePostFVTPost"	NA	NA	NA	NA	NA	0.388642649087765	0.991128882474445	"Fitting error (NA p-value returned from fitting procedure)"	"abundance"	20	5
"NODE_1089_length_4636_cov_5.018118"	"PrePostFVT"	"During"	"PrePostFVTDuring"	0.423132965886313	NA	0.209066434907187	0.179032033259427	NA	0.629093669230961	1	"Model may not have converged with 1 eigenvalue close to zero: 2.7e-10"	"abundance"	20	5
"NODE_1089_length_4636_cov_5.018118"	"PrePostFVT"	"Post"	"PrePostFVTPost"	1.3227183257105	NA	0.209066434907187	0.0235032219190973	NA	0.101701499679331	0.605803156934642	"Model may not have converged with 1 eigenvalue close to zero: 2.7e-10"	"abundance"	20	5
"NODE_1115_length_4488_cov_7.035867"	"PrePostFVT"	"During"	"PrePostFVTDuring"	0.379136261980525	NA	0.313640429813175	0.347991508745577	NA	0.629093669230961	1	"Model may not have converged with 1 eigenvalue close to zero: 2.9e-10"	"abundance"	20	5
"NODE_1115_length_4488_cov_7.035867"	"PrePostFVT"	"Post"	"PrePostFVTPost"	1.27872162180471	NA	0.313640429813175	0.0532353822935296	NA	0.101701499679331	0.605803156934642	"Model may not have converged with 1 eigenvalue close to zero: 2.9e-10"	"abundance"	20	5
"NODE_1117_length_5033_cov_7.042989"	"PrePostFVT"	"During"	"PrePostFVTDuring"	NA	NA	NA	NA	NA	0.977966191280939	1	"No data points have the baseline factor level"	"abundance"	20	7
"NODE_1117_length_5033_cov_7.042989"	"PrePostFVT"	"Post"	"PrePostFVTPost"	NA	NA	NA	NA	NA	0.976462913076056	1	"No data points have the baseline factor level"	"abundance"	20	7
"NODE_1118_length_2789_cov_2.808339"	"PrePostFVT"	"During"	"PrePostFVTDuring"	NA	NA	NA	NA	NA	0.979684600837567	1	"Model may not have converged with 1 eigenvalue close to zero: 1.9e-11"	"abundance"	20	3
"NODE_1118_length_2789_cov_2.808339"	"PrePostFVT"	"Post"	"PrePostFVTPost"	2.85838354993792	NA	3.60147310658276	0.572911111398345	NA	0.792639857430452	1	"Model may not have converged with 1 eigenvalue close to zero: 1.9e-11"	"abundance"	20	3
"NODE_1118_length_5021_cov_5.478856"	"PrePostFVT"	"During"	"PrePostFVTDuring"	NA	NA	NA	NA	NA	0.950202920100395	1	"number of levels of each grouping factor must be < number of observations (problems: AnimalID)"	"abundance"	20	2
"NODE_1118_length_5021_cov_5.478856"	"PrePostFVT"	"Post"	"PrePostFVTPost"	NA	NA	NA	NA	NA	0.968354224807565	1	"number of levels of each grouping factor must be < number of observations (problems: AnimalID)"	"abundance"	20	2
"NODE_1119_length_5023_cov_11.906200"	"PrePostFVT"	"Post"	"PrePostFVTPost"	NA	NA	NA	NA	NA	NA	NA	"Fitting error (NA p-value returned from fitting procedure)"	"abundance"	20	5
"NODE_1125_length_2758_cov_3.078801"	"PrePostFVT"	"During"	"PrePostFVTDuring"	NA	NA	NA	NA	NA	0.976902600582829	1	"Fitting error (NA p-value returned from fitting procedure)"	"abundance"	20	11
"NODE_1136_length_5103_cov_5.667393"	"PrePostFVT"	"Post"	"PrePostFVTPost"	NA	NA	NA	NA	NA	0.999994533838225	1	"Fitting error (NA p-value returned from fitting procedure)"	"abundance"	20	8
"NODE_1140_length_3042_cov_3.425176"	"PrePostFVT"	"During"	"PrePostFVTDuring"	NA	NA	NA	NA	NA	0.577077356289932	1	"number of levels of each grouping factor must be < number of observations (problems: AnimalID)"	"abundance"	20	2
"NODE_1140_length_3042_cov_3.425176"	"PrePostFVT"	"Post"	"PrePostFVTPost"	NA	NA	NA	NA	NA	0.974561046542602	1	"number of levels of each grouping factor must be < number of observations (problems: AnimalID)"	"abundance"	20	2
"NODE_1151_length_2920_cov_3.823037"	"PrePostFVT"	"Post"	"PrePostFVTPost"	NA	NA	NA	NA	NA	0.704766786543544	1	"Fitting error (NA p-value returned from fitting procedure)"	"abundance"	20	10
"NODE_116_length_38613_cov_286.577597"	"PrePostFVT"	"During"	"PrePostFVTDuring"	NA	NA	NA	NA	NA	0.456860174321231	1	"number of levels of each grouping factor must be < number of observations (problems: AnimalID)"	"abundance"	20	5
"NODE_116_length_38613_cov_286.577597"	"PrePostFVT"	"Post"	"PrePostFVTPost"	NA	NA	NA	NA	NA	0.204635345645381	0.758034601176654	"number of levels of each grouping factor must be < number of observations (problems: AnimalID)"	"abundance"	20	5
"NODE_1162_length_4872_cov_5.882292"	"PrePostFVT"	"Post"	"PrePostFVTPost"	NA	NA	NA	NA	NA	0.990250188014415	1	"Fitting error (NA p-value returned from fitting procedure)"	"abundance"	20	9
"NODE_1162_length_5509_cov_7.356986"	"PrePostFVT"	"During"	"PrePostFVTDuring"	NA	NA	NA	NA	NA	0.980555426790464	1	"number of levels of each grouping factor must be < number of observations (problems: AnimalID)"	"abundance"	20	3
"NODE_1162_length_5509_cov_7.356986"	"PrePostFVT"	"Post"	"PrePostFVTPost"	NA	NA	NA	NA	NA	0.311378797172556	0.873767032882173	"number of levels of each grouping factor must be < number of observations (problems: AnimalID)"	"abundance"	20	3
"NODE_1179_length_1863_cov_4.367810"	"PrePostFVT"	"During"	"PrePostFVTDuring"	NA	NA	NA	NA	NA	0.9968217136558	1	"grouping factors must have > 1 sampled level"	"abundance"	20	2
"NODE_1179_length_1863_cov_4.367810"	"PrePostFVT"	"Post"	"PrePostFVTPost"	NA	NA	NA	NA	NA	0.955564628446864	1	"grouping factors must have > 1 sampled level"	"abundance"	20	2
"NODE_119_length_41869_cov_11.496795|provirus_190_24455"	"PrePostFVT"	"During"	"PrePostFVTDuring"	NA	NA	NA	NA	NA	0.977966191280939	1	"No data points have the baseline factor level"	"abundance"	20	7
"NODE_119_length_41869_cov_11.496795|provirus_190_24455"	"PrePostFVT"	"Post"	"PrePostFVTPost"	NA	NA	NA	NA	NA	0.976462913076056	1	"No data points have the baseline factor level"	"abundance"	20	7
"NODE_1195_length_5236_cov_6.947693"	"PrePostFVT"	"During"	"PrePostFVTDuring"	NA	NA	NA	NA	NA	0.980237001304319	1	"contrasts can be applied only to factors with 2 or more levels"	"abundance"	20	6
"NODE_1195_length_5236_cov_6.947693"	"PrePostFVT"	"Post"	"PrePostFVTPost"	NA	NA	NA	NA	NA	0.980001329768096	1	"contrasts can be applied only to factors with 2 or more levels"	"abundance"	20	6
"NODE_1196_length_2946_cov_6.579730"	"PrePostFVT"	"During"	"PrePostFVTDuring"	NA	NA	NA	NA	NA	0.961364355921624	1	"No data points have the baseline factor level"	"abundance"	20	10
"NODE_1196_length_2946_cov_6.579730"	"PrePostFVT"	"Post"	"PrePostFVTPost"	NA	NA	NA	NA	NA	0.955214050869803	1	"No data points have the baseline factor level"	"abundance"	20	10
"NODE_1198_length_2744_cov_4.802529"	"PrePostFVT"	"Post"	"PrePostFVTPost"	NA	NA	NA	NA	NA	0.968879049139994	1	"Fitting error (NA p-value returned from fitting procedure)"	"abundance"	20	7
"NODE_120_length_44371_cov_9.663327"	"PrePostFVT"	"During"	"PrePostFVTDuring"	NA	NA	NA	NA	NA	0.45686017439314	1	"number of levels of each grouping factor must be < number of observations (problems: AnimalID)"	"abundance"	20	3
"NODE_120_length_44371_cov_9.663327"	"PrePostFVT"	"Post"	"PrePostFVTPost"	NA	NA	NA	NA	NA	0.204635350142754	0.758034601176654	"number of levels of each grouping factor must be < number of observations (problems: AnimalID)"	"abundance"	20	3
"NODE_1209_length_3352_cov_2.694874"	"PrePostFVT"	"During"	"PrePostFVTDuring"	NA	NA	NA	NA	NA	0.61710994849485	1	"Fitting error (NA p-value returned from fitting procedure)"	"abundance"	20	4
"NODE_1216_length_2910_cov_5.361821"	"PrePostFVT"	"Post"	"PrePostFVTPost"	NA	NA	NA	NA	NA	0.704766786543544	1	"Fitting error (NA p-value returned from fitting procedure)"	"abundance"	20	10
"NODE_1216_length_4501_cov_23.658794"	"PrePostFVT"	"During"	"PrePostFVTDuring"	NA	NA	NA	NA	NA	0.980237001304319	1	"contrasts can be applied only to factors with 2 or more levels"	"abundance"	20	6
"NODE_1216_length_4501_cov_23.658794"	"PrePostFVT"	"Post"	"PrePostFVTPost"	NA	NA	NA	NA	NA	0.980001329768096	1	"contrasts can be applied only to factors with 2 or more levels"	"abundance"	20	6
"NODE_1219_length_2329_cov_3.319261"	"PrePostFVT"	"During"	"PrePostFVTDuring"	NA	NA	NA	NA	NA	0.576940605786677	1	"not a positive definite matrix (and positive semidefiniteness is not checked)"	"abundance"	20	3
"NODE_1219_length_2329_cov_3.319261"	"PrePostFVT"	"Post"	"PrePostFVTPost"	NA	NA	NA	NA	NA	0.758325006600554	1	"not a positive definite matrix (and positive semidefiniteness is not checked)"	"abundance"	20	3
"NODE_1219_length_4494_cov_4.358865"	"PrePostFVT"	"During"	"PrePostFVTDuring"	NA	NA	NA	NA	NA	0.950202920100395	1	"number of levels of each grouping factor must be < number of observations (problems: AnimalID)"	"abundance"	20	2
"NODE_1219_length_4494_cov_4.358865"	"PrePostFVT"	"Post"	"PrePostFVTPost"	NA	NA	NA	NA	NA	0.968354224807565	1	"number of levels of each grouping factor must be < number of observations (problems: AnimalID)"	"abundance"	20	2
"NODE_1224_length_2293_cov_3.016533"	"PrePostFVT"	"During"	"PrePostFVTDuring"	NA	NA	NA	NA	NA	0.950202920100395	1	"number of levels of each grouping factor must be < number of observations (problems: AnimalID)"	"abundance"	20	2
"NODE_1224_length_2293_cov_3.016533"	"PrePostFVT"	"Post"	"PrePostFVTPost"	NA	NA	NA	NA	NA	0.968354224807565	1	"number of levels of each grouping factor must be < number of observations (problems: AnimalID)"	"abundance"	20	2
"NODE_1229_length_3767_cov_15.280711"	"PrePostFVT"	"During"	"PrePostFVTDuring"	NA	NA	NA	NA	NA	0.950202920100395	1	"number of levels of each grouping factor must be < number of observations (problems: AnimalID)"	"abundance"	20	2
"NODE_1229_length_3767_cov_15.280711"	"PrePostFVT"	"Post"	"PrePostFVTPost"	NA	NA	NA	NA	NA	0.968354224807565	1	"number of levels of each grouping factor must be < number of observations (problems: AnimalID)"	"abundance"	20	2
"NODE_1232_length_4446_cov_4.133227"	"PrePostFVT"	"During"	"PrePostFVTDuring"	NA	NA	NA	NA	NA	0.983089319875075	1	"contrasts can be applied only to factors with 2 or more levels"	"abundance"	20	4
"NODE_1232_length_4446_cov_4.133227"	"PrePostFVT"	"Post"	"PrePostFVTPost"	NA	NA	NA	NA	NA	0.96410787843225	1	"contrasts can be applied only to factors with 2 or more levels"	"abundance"	20	4
"NODE_1237_length_3955_cov_5.959744"	"PrePostFVT"	"During"	"PrePostFVTDuring"	NA	NA	NA	NA	NA	0.958858764661156	1	"number of levels of each grouping factor must be < number of observations (problems: AnimalID)"	"abundance"	20	2
"NODE_1237_length_3955_cov_5.959744"	"PrePostFVT"	"Post"	"PrePostFVTPost"	NA	NA	NA	NA	NA	0.757976729129458	1	"number of levels of each grouping factor must be < number of observations (problems: AnimalID)"	"abundance"	20	2
"NODE_1241_length_2232_cov_3.112540"	"PrePostFVT"	"During"	"PrePostFVTDuring"	NA	NA	NA	NA	NA	0.950202920100395	1	"number of levels of each grouping factor must be < number of observations (problems: AnimalID)"	"abundance"	20	2
"NODE_1241_length_2232_cov_3.112540"	"PrePostFVT"	"Post"	"PrePostFVTPost"	NA	NA	NA	NA	NA	0.968354224807565	1	"number of levels of each grouping factor must be < number of observations (problems: AnimalID)"	"abundance"	20	2
"NODE_125_length_42935_cov_10.789366"	"PrePostFVT"	"During"	"PrePostFVTDuring"	NA	NA	NA	NA	NA	0.995726018137703	1	"grouping factors must have > 1 sampled level"	"abundance"	20	2
"NODE_125_length_42935_cov_10.789366"	"PrePostFVT"	"Post"	"PrePostFVTPost"	NA	NA	NA	NA	NA	0.985847948697276	1	"grouping factors must have > 1 sampled level"	"abundance"	20	2
"NODE_1253_length_4696_cov_4.147382"	"PrePostFVT"	"During"	"PrePostFVTDuring"	1.06752489037317	NA	0.358418945963523	0.206215048261081	NA	0.999999999999998	1	"Model may not have converged with 1 eigenvalue close to zero: 7.0e-11"	"abundance"	20	4
"NODE_1253_length_4696_cov_4.147382"	"PrePostFVT"	"Post"	"PrePostFVTPost"	1.96711025019735	NA	0.358418945963523	0.114737162091031	NA	0.291937272964641	0.871765233337443	"Model may not have converged with 1 eigenvalue close to zero: 7.0e-11"	"abundance"	20	4
"NODE_1256_length_5020_cov_5.298892"	"PrePostFVT"	"During"	"PrePostFVTDuring"	NA	NA	NA	NA	NA	0.958858764661156	1	"number of levels of each grouping factor must be < number of observations (problems: AnimalID)"	"abundance"	20	2
"NODE_1256_length_5020_cov_5.298892"	"PrePostFVT"	"Post"	"PrePostFVTPost"	NA	NA	NA	NA	NA	0.757976729129458	1	"number of levels of each grouping factor must be < number of observations (problems: AnimalID)"	"abundance"	20	2
"NODE_1273_length_4490_cov_9.000000"	"PrePostFVT"	"During"	"PrePostFVTDuring"	NA	NA	NA	NA	NA	0.999999999999998	1	"No data points have the baseline factor level"	"abundance"	20	3
"NODE_1273_length_4490_cov_9.000000"	"PrePostFVT"	"Post"	"PrePostFVTPost"	NA	NA	NA	NA	NA	0.245104580136543	0.837654629464585	"No data points have the baseline factor level"	"abundance"	20	3
"NODE_1276_length_3712_cov_7.215204"	"PrePostFVT"	"During"	"PrePostFVTDuring"	NA	NA	NA	NA	NA	0.617103723596088	1	"Fitting error (NA p-value returned from fitting procedure)"	"abundance"	20	7
"NODE_130_length_77265_cov_22.063904|provirus_67829_77021"	"PrePostFVT"	"During"	"PrePostFVTDuring"	NA	NA	NA	NA	NA	0.980304062580697	1	"Fitting error (NA p-value returned from fitting procedure)"	"abundance"	20	6
"NODE_1300_length_4422_cov_7.244104"	"PrePostFVT"	"During"	"PrePostFVTDuring"	0.775043640012563	NA	0.148173439922269	0.120258320909109	NA	0.999999999999998	1	"Model may not have converged with 1 eigenvalue close to zero: 1.3e-10"	"abundance"	20	4
"NODE_1300_length_4422_cov_7.244104"	"PrePostFVT"	"Post"	"PrePostFVTPost"	2.99655709472411	NA	0.148173439922269	0.0314538883082799	NA	0.291937272964641	0.871765233337443	"Model may not have converged with 1 eigenvalue close to zero: 1.3e-10"	"abundance"	20	4
"NODE_1305_length_4092_cov_12.236810"	"PrePostFVT"	"During"	"PrePostFVTDuring"	1.66438381722419	NA	0.179717762887165	0.0112292027161932	NA	0.629093669230961	1	"Model may not have converged with 1 eigenvalue close to zero: 4.6e-10"	"abundance"	20	5
"NODE_1305_length_4092_cov_12.236810"	"PrePostFVT"	"Post"	"PrePostFVTPost"	2.14893167776953	NA	0.179717762887165	0.00676118984790956	NA	0.101701499679331	0.605803156934642	"Model may not have converged with 1 eigenvalue close to zero: 4.6e-10"	"abundance"	20	5
"NODE_1309_length_2660_cov_6.971977"	"PrePostFVT"	"During"	"PrePostFVTDuring"	NA	NA	NA	NA	NA	0.999248788150344	1	"grouping factors must have > 1 sampled level"	"abundance"	20	2
"NODE_1309_length_2660_cov_6.971977"	"PrePostFVT"	"Post"	"PrePostFVTPost"	NA	NA	NA	NA	NA	0.977601302982691	1	"grouping factors must have > 1 sampled level"	"abundance"	20	2
"NODE_1310_length_3849_cov_5.680548"	"PrePostFVT"	"During"	"PrePostFVTDuring"	NA	NA	NA	NA	NA	0.993217709039584	1	"contrasts can be applied only to factors with 2 or more levels"	"abundance"	20	5
"NODE_1310_length_3849_cov_5.680548"	"PrePostFVT"	"Post"	"PrePostFVTPost"	NA	NA	NA	NA	NA	0.978808277416824	1	"contrasts can be applied only to factors with 2 or more levels"	"abundance"	20	5
"NODE_1314_length_2031_cov_4.501518"	"PrePostFVT"	"During"	"PrePostFVTDuring"	NA	NA	NA	NA	NA	0.950202920100395	1	"number of levels of each grouping factor must be < number of observations (problems: AnimalID)"	"abundance"	20	2
"NODE_1314_length_2031_cov_4.501518"	"PrePostFVT"	"Post"	"PrePostFVTPost"	NA	NA	NA	NA	NA	0.968354224807565	1	"number of levels of each grouping factor must be < number of observations (problems: AnimalID)"	"abundance"	20	2
"NODE_1320_length_3944_cov_3.698123"	"PrePostFVT"	"During"	"PrePostFVTDuring"	NA	NA	NA	NA	NA	0.617113058940218	1	"Model may not have converged with 1 eigenvalue close to zero: 2.0e-09"	"abundance"	20	4
"NODE_1320_length_3944_cov_3.698123"	"PrePostFVT"	"Post"	"PrePostFVTPost"	1.12870372764521	NA	0.248988198238213	0.0448573009180482	NA	0.157577139370815	0.733453421370358	"Model may not have converged with 1 eigenvalue close to zero: 2.0e-09"	"abundance"	20	4
"NODE_1324_length_4029_cov_5.772521"	"PrePostFVT"	"During"	"PrePostFVTDuring"	NA	NA	NA	NA	NA	0.946213924236529	1	"Fitting error (NA p-value returned from fitting procedure)"	"abundance"	20	6
"NODE_1351_length_2938_cov_4.657301"	"PrePostFVT"	"During"	"PrePostFVTDuring"	NA	NA	NA	NA	NA	0.617113058877345	1	"Model may not have converged with 1 eigenvalue close to zero: 1.1e-09"	"abundance"	20	4
"NODE_1351_length_2938_cov_4.657301"	"PrePostFVT"	"Post"	"PrePostFVTPost"	2.80291203128116	NA	1.12369310335247	0.125767575458545	NA	0.157577122864888	0.733453421370358	"Model may not have converged with 1 eigenvalue close to zero: 1.1e-09"	"abundance"	20	4
"NODE_136_length_36768_cov_19.035982"	"PrePostFVT"	"During"	"PrePostFVTDuring"	5.13042648688936	NA	2.6248579429405	0.999970577403835	NA	0.999999999999999	1	" Hessian is numerically singular: parameters are not uniquely determined"	"abundance"	20	4
"NODE_136_length_36768_cov_19.035982"	"PrePostFVT"	"Post"	"PrePostFVTPost"	NA	NA	NA	NA	NA	0.353329530943112	0.935794742937876	" Hessian is numerically singular: parameters are not uniquely determined"	"abundance"	20	4
"NODE_1369_length_4054_cov_4.923481"	"PrePostFVT"	"During"	"PrePostFVTDuring"	NA	NA	NA	NA	NA	NA	NA	"contrasts can be applied only to factors with 2 or more levels"	"abundance"	20	4
"NODE_1369_length_4054_cov_4.923481"	"PrePostFVT"	"Post"	"PrePostFVTPost"	NA	NA	NA	NA	NA	NA	NA	"contrasts can be applied only to factors with 2 or more levels"	"abundance"	20	4
"NODE_1375_length_3855_cov_5.352368"	"PrePostFVT"	"During"	"PrePostFVTDuring"	0.914008433659019	NA	0.067288568140769	0.00536069182313862	NA	0.668474356222274	1	"Model may not have converged with 1 eigenvalue close to zero: 1.6e-09"	"abundance"	20	4
"NODE_1375_length_3855_cov_5.352368"	"PrePostFVT"	"Post"	"PrePostFVTPost"	NA	NA	NA	NA	NA	0.388641242620606	0.991128882474445	"Model may not have converged with 1 eigenvalue close to zero: 1.6e-09"	"abundance"	20	4
"NODE_1375_length_4304_cov_6.077901"	"PrePostFVT"	"During"	"PrePostFVTDuring"	NA	NA	NA	NA	NA	0.950202920100395	1	"number of levels of each grouping factor must be < number of observations (problems: AnimalID)"	"abundance"	20	2
"NODE_1375_length_4304_cov_6.077901"	"PrePostFVT"	"Post"	"PrePostFVTPost"	NA	NA	NA	NA	NA	0.968354224807565	1	"number of levels of each grouping factor must be < number of observations (problems: AnimalID)"	"abundance"	20	2
"NODE_1379_length_3878_cov_8.002877"	"PrePostFVT"	"During"	"PrePostFVTDuring"	NA	NA	NA	NA	NA	0.977966191280939	1	"No data points have the baseline factor level"	"abundance"	20	7
"NODE_1379_length_3878_cov_8.002877"	"PrePostFVT"	"Post"	"PrePostFVTPost"	NA	NA	NA	NA	NA	0.976462913076056	1	"No data points have the baseline factor level"	"abundance"	20	7
"NODE_138_length_18101_cov_24.902139"	"PrePostFVT"	"During"	"PrePostFVTDuring"	5.21239033255341	NA	2.7092340138435	0.9999882999345	NA	0.999999999999999	1	" Hessian is numerically singular: parameters are not uniquely determined"	"abundance"	20	4
"NODE_138_length_18101_cov_24.902139"	"PrePostFVT"	"Post"	"PrePostFVTPost"	NA	NA	NA	NA	NA	0.353329530943112	0.935794742937876	" Hessian is numerically singular: parameters are not uniquely determined"	"abundance"	20	4
"NODE_1389_length_3851_cov_11.429663"	"PrePostFVT"	"During"	"PrePostFVTDuring"	NA	NA	NA	NA	NA	0.969740677146839	1	"No data points have the baseline factor level"	"abundance"	20	6
"NODE_1389_length_3851_cov_11.429663"	"PrePostFVT"	"Post"	"PrePostFVTPost"	NA	NA	NA	NA	NA	0.968620725698087	1	"No data points have the baseline factor level"	"abundance"	20	6
"NODE_1393_length_3833_cov_7.134727"	"PrePostFVT"	"During"	"PrePostFVTDuring"	NA	NA	NA	NA	NA	0.977966191280939	1	"No data points have the baseline factor level"	"abundance"	20	7
"NODE_1393_length_3833_cov_7.134727"	"PrePostFVT"	"Post"	"PrePostFVTPost"	NA	NA	NA	NA	NA	0.976462913076056	1	"No data points have the baseline factor level"	"abundance"	20	7
"NODE_1400_length_1829_cov_4.534386"	"PrePostFVT"	"During"	"PrePostFVTDuring"	NA	NA	NA	NA	NA	0.950202920100395	1	"number of levels of each grouping factor must be < number of observations (problems: AnimalID)"	"abundance"	20	2
"NODE_1400_length_1829_cov_4.534386"	"PrePostFVT"	"Post"	"PrePostFVTPost"	NA	NA	NA	NA	NA	0.968354224807565	1	"number of levels of each grouping factor must be < number of observations (problems: AnimalID)"	"abundance"	20	2
"NODE_1406_length_2725_cov_3.810112"	"PrePostFVT"	"During"	"PrePostFVTDuring"	NA	NA	NA	NA	NA	0.977966191280939	1	"No data points have the baseline factor level"	"abundance"	20	8
"NODE_1406_length_2725_cov_3.810112"	"PrePostFVT"	"Post"	"PrePostFVTPost"	NA	NA	NA	NA	NA	0.976462913076056	1	"No data points have the baseline factor level"	"abundance"	20	8
"NODE_1406_length_3617_cov_4.808254"	"PrePostFVT"	"During"	"PrePostFVTDuring"	NA	NA	NA	NA	NA	0.456860174321231	1	"number of levels of each grouping factor must be < number of observations (problems: AnimalID)"	"abundance"	20	3
"NODE_1406_length_3617_cov_4.808254"	"PrePostFVT"	"Post"	"PrePostFVTPost"	NA	NA	NA	NA	NA	0.204635345645381	0.758034601176654	"number of levels of each grouping factor must be < number of observations (problems: AnimalID)"	"abundance"	20	3
"NODE_1415_length_4181_cov_5.726369"	"PrePostFVT"	"During"	"PrePostFVTDuring"	NA	NA	NA	NA	NA	0.977966191280939	1	"No data points have the baseline factor level"	"abundance"	20	7
"NODE_1415_length_4181_cov_5.726369"	"PrePostFVT"	"Post"	"PrePostFVTPost"	NA	NA	NA	NA	NA	0.976462913076056	1	"No data points have the baseline factor level"	"abundance"	20	7
"NODE_143_length_37282_cov_21.851586"	"PrePostFVT"	"During"	"PrePostFVTDuring"	NA	NA	NA	NA	NA	0.999999999999999	1	"No data points have the baseline factor level"	"abundance"	20	2
"NODE_143_length_37282_cov_21.851586"	"PrePostFVT"	"Post"	"PrePostFVTPost"	NA	NA	NA	NA	NA	0.999999999999999	1	"No data points have the baseline factor level"	"abundance"	20	2
"NODE_1438_length_3663_cov_5.024667"	"PrePostFVT"	"During"	"PrePostFVTDuring"	NA	NA	NA	NA	NA	0.950760921562787	1	"Fitting error (NA p-value returned from fitting procedure)"	"abundance"	20	8
"NODE_1447_length_3472_cov_27.441030"	"PrePostFVT"	"During"	"PrePostFVTDuring"	NA	NA	NA	NA	NA	0.988488051317742	1	"Fitting error (NA p-value returned from fitting procedure)"	"abundance"	20	7
"NODE_1450_length_3588_cov_6.542881"	"PrePostFVT"	"During"	"PrePostFVTDuring"	NA	NA	NA	NA	NA	1	1	"number of levels of each grouping factor must be < number of observations (problems: AnimalID)"	"abundance"	20	3
"NODE_1450_length_3588_cov_6.542881"	"PrePostFVT"	"Post"	"PrePostFVTPost"	NA	NA	NA	NA	NA	0.35333340900018	0.935794742937876	"number of levels of each grouping factor must be < number of observations (problems: AnimalID)"	"abundance"	20	3
"NODE_1450_length_4643_cov_4813.538361"	"PrePostFVT"	"During"	"PrePostFVTDuring"	0.7302757206312	NA	0.670588228799514	0.383689643642942	NA	0.637668247757728	1	"Model may not have converged with 1 eigenvalue close to zero: 1.3e-10"	"abundance"	20	6
"NODE_1450_length_4643_cov_4813.538361"	"PrePostFVT"	"Post"	"PrePostFVTPost"	NA	NA	NA	NA	NA	0.980060784317996	1	"Model may not have converged with 1 eigenvalue close to zero: 1.3e-10"	"abundance"	20	6
"NODE_1454_length_3453_cov_3.464979"	"PrePostFVT"	"During"	"PrePostFVTDuring"	NA	NA	NA	NA	NA	0.617113058877345	1	"Model may not have converged with 1 eigenvalue close to zero: 6.8e-11"	"abundance"	20	4
"NODE_1454_length_3453_cov_3.464979"	"PrePostFVT"	"Post"	"PrePostFVTPost"	0.293010762486393	NA	0.152900848779453	0.195278699598009	NA	0.157577122864888	0.733453421370358	"Model may not have converged with 1 eigenvalue close to zero: 6.8e-11"	"abundance"	20	4
"NODE_146_length_35576_cov_13.034318"	"PrePostFVT"	"Post"	"PrePostFVTPost"	NA	NA	NA	NA	NA	0.968879049139994	1	"Fitting error (NA p-value returned from fitting procedure)"	"abundance"	20	7
"NODE_1463_length_2299_cov_4.454991"	"PrePostFVT"	"During"	"PrePostFVTDuring"	NA	NA	NA	NA	NA	0.45686017439314	1	"number of levels of each grouping factor must be < number of observations (problems: AnimalID)"	"abundance"	20	4
"NODE_1463_length_2299_cov_4.454991"	"PrePostFVT"	"Post"	"PrePostFVTPost"	NA	NA	NA	NA	NA	0.204635350142754	0.758034601176654	"number of levels of each grouping factor must be < number of observations (problems: AnimalID)"	"abundance"	20	4
"NODE_1467_length_3864_cov_6.331846"	"PrePostFVT"	"During"	"PrePostFVTDuring"	5.68908099214762	NA	2.88896370777934	0.243422038142256	NA	0.999999999999999	1	"Model may not have converged with 1 eigenvalue close to zero: 1.5e-10"	"abundance"	20	4
"NODE_1467_length_3864_cov_6.331846"	"PrePostFVT"	"Post"	"PrePostFVTPost"	0.750211468356939	NA	2.94064159405145	0.840978715240823	NA	0.291937523315132	0.871765233337443	"Model may not have converged with 1 eigenvalue close to zero: 1.5e-10"	"abundance"	20	4
"NODE_1474_length_4254_cov_5.462967"	"PrePostFVT"	"During"	"PrePostFVTDuring"	NA	NA	NA	NA	NA	0.969626986271252	1	"Fitting error (NA p-value returned from fitting procedure)"	"abundance"	20	5
"NODE_1477_length_3366_cov_5.620054"	"PrePostFVT"	"During"	"PrePostFVTDuring"	NA	NA	NA	NA	NA	0.456860174321231	1	"number of levels of each grouping factor must be < number of observations (problems: AnimalID)"	"abundance"	20	3
"NODE_1477_length_3366_cov_5.620054"	"PrePostFVT"	"Post"	"PrePostFVTPost"	NA	NA	NA	NA	NA	0.204635345645381	0.758034601176654	"number of levels of each grouping factor must be < number of observations (problems: AnimalID)"	"abundance"	20	3
"NODE_1478_length_2545_cov_2.436145"	"PrePostFVT"	"During"	"PrePostFVTDuring"	NA	NA	NA	NA	NA	0.98256136538867	1	"grouping factors must have > 1 sampled level"	"abundance"	20	2
"NODE_1478_length_2545_cov_2.436145"	"PrePostFVT"	"Post"	"PrePostFVTPost"	NA	NA	NA	NA	NA	0.74907253913439	1	"grouping factors must have > 1 sampled level"	"abundance"	20	2
"NODE_1478_length_3161_cov_4.203155"	"PrePostFVT"	"During"	"PrePostFVTDuring"	NA	NA	NA	NA	NA	0.950202920100395	1	"number of levels of each grouping factor must be < number of observations (problems: AnimalID)"	"abundance"	20	2
"NODE_1478_length_3161_cov_4.203155"	"PrePostFVT"	"Post"	"PrePostFVTPost"	NA	NA	NA	NA	NA	0.968354224807565	1	"number of levels of each grouping factor must be < number of observations (problems: AnimalID)"	"abundance"	20	2
"NODE_1490_length_4211_cov_5.142926"	"PrePostFVT"	"During"	"PrePostFVTDuring"	0.775043640012602	NA	0.86501133184932	0.534887771714378	NA	0.999999999999998	1	"Model may not have converged with 1 eigenvalue close to zero: 5.0e-11"	"abundance"	20	4
"NODE_1490_length_4211_cov_5.142926"	"PrePostFVT"	"Post"	"PrePostFVTPost"	1.67462899983679	NA	0.86501133184932	0.303534681283746	NA	0.291937272964641	0.871765233337443	"Model may not have converged with 1 eigenvalue close to zero: 5.0e-11"	"abundance"	20	4
"NODE_1493_length_1864_cov_2.265340"	"PrePostFVT"	"During"	"PrePostFVTDuring"	NA	NA	NA	NA	NA	0.456859623780952	1	"contrasts can be applied only to factors with 2 or more levels"	"abundance"	20	3
"NODE_1493_length_1864_cov_2.265340"	"PrePostFVT"	"Post"	"PrePostFVTPost"	NA	NA	NA	NA	NA	0.204636295804363	0.758034601176654	"contrasts can be applied only to factors with 2 or more levels"	"abundance"	20	3
"NODE_1501_length_3111_cov_3.607984"	"PrePostFVT"	"During"	"PrePostFVTDuring"	NA	NA	NA	NA	NA	0.981424062318776	1	"grouping factors must have > 1 sampled level"	"abundance"	20	2
"NODE_1501_length_3111_cov_3.607984"	"PrePostFVT"	"Post"	"PrePostFVTPost"	NA	NA	NA	NA	NA	0.989703690834346	1	"grouping factors must have > 1 sampled level"	"abundance"	20	2
"NODE_1526_length_3240_cov_25.778964"	"PrePostFVT"	"During"	"PrePostFVTDuring"	NA	NA	NA	NA	NA	0.980237001304319	1	"contrasts can be applied only to factors with 2 or more levels"	"abundance"	20	6
"NODE_1526_length_3240_cov_25.778964"	"PrePostFVT"	"Post"	"PrePostFVTPost"	NA	NA	NA	NA	NA	0.980001329768096	1	"contrasts can be applied only to factors with 2 or more levels"	"abundance"	20	6
"NODE_154_length_68062_cov_18.784963|provirus_36222_68060"	"PrePostFVT"	"Post"	"PrePostFVTPost"	NA	NA	NA	NA	NA	0.704766786543544	1	"Fitting error (NA p-value returned from fitting procedure)"	"abundance"	20	10
"NODE_1545_length_2573_cov_4.320890"	"PrePostFVT"	"During"	"PrePostFVTDuring"	NA	NA	NA	NA	NA	0.977966191280939	1	"No data points have the baseline factor level"	"abundance"	20	7
"NODE_1545_length_2573_cov_4.320890"	"PrePostFVT"	"Post"	"PrePostFVTPost"	NA	NA	NA	NA	NA	0.976462913076056	1	"No data points have the baseline factor level"	"abundance"	20	7
"NODE_1545_length_3266_cov_19.607910"	"PrePostFVT"	"During"	"PrePostFVTDuring"	NA	NA	NA	NA	NA	0.973133763613518	1	"No data points have the baseline factor level"	"abundance"	20	8
"NODE_1545_length_3266_cov_19.607910"	"PrePostFVT"	"Post"	"PrePostFVTPost"	NA	NA	NA	NA	NA	0.970277594494474	1	"No data points have the baseline factor level"	"abundance"	20	8
"NODE_1564_length_2551_cov_4.290865"	"PrePostFVT"	"During"	"PrePostFVTDuring"	NA	NA	NA	NA	NA	0.45686017439314	1	"number of levels of each grouping factor must be < number of observations (problems: AnimalID)"	"abundance"	20	4
"NODE_1564_length_2551_cov_4.290865"	"PrePostFVT"	"Post"	"PrePostFVTPost"	NA	NA	NA	NA	NA	0.204635350142754	0.758034601176654	"number of levels of each grouping factor must be < number of observations (problems: AnimalID)"	"abundance"	20	4
"NODE_1568_length_3144_cov_7.337650"	"PrePostFVT"	"During"	"PrePostFVTDuring"	NA	NA	NA	NA	NA	1	1	"number of levels of each grouping factor must be < number of observations (problems: AnimalID)"	"abundance"	20	3
"NODE_1568_length_3144_cov_7.337650"	"PrePostFVT"	"Post"	"PrePostFVTPost"	NA	NA	NA	NA	NA	0.35333340900018	0.935794742937876	"number of levels of each grouping factor must be < number of observations (problems: AnimalID)"	"abundance"	20	3
"NODE_1575_length_2587_cov_4.397709"	"PrePostFVT"	"During"	"PrePostFVTDuring"	NA	NA	NA	NA	NA	0.976674167863178	1	"number of levels of each grouping factor must be < number of observations (problems: AnimalID)"	"abundance"	20	2
"NODE_1575_length_2587_cov_4.397709"	"PrePostFVT"	"Post"	"PrePostFVTPost"	NA	NA	NA	NA	NA	0.989092295003929	1	"number of levels of each grouping factor must be < number of observations (problems: AnimalID)"	"abundance"	20	2
"NODE_1587_length_2566_cov_3.740342"	"PrePostFVT"	"Post"	"PrePostFVTPost"	NA	NA	NA	NA	NA	0.704766786543544	1	"Fitting error (NA p-value returned from fitting procedure)"	"abundance"	20	10
"NODE_1591_length_1517_cov_4.012312"	"PrePostFVT"	"During"	"PrePostFVTDuring"	NA	NA	NA	NA	NA	0.999563584305228	1	"Model may not have converged with 1 eigenvalue close to zero: 1.8e-09"	"abundance"	20	3
"NODE_1591_length_1517_cov_4.012312"	"PrePostFVT"	"Post"	"PrePostFVTPost"	-0.676284164490143	NA	0.0900447578375514	0.0841209201804263	NA	0.288317285074671	0.871765233337443	"Model may not have converged with 1 eigenvalue close to zero: 1.8e-09"	"abundance"	20	3
"NODE_1592_length_1516_cov_2.763860"	"PrePostFVT"	"During"	"PrePostFVTDuring"	NA	NA	NA	NA	NA	0.577303577824052	1	"number of levels of each grouping factor must be < number of observations (problems: AnimalID)"	"abundance"	20	2
"NODE_1592_length_1516_cov_2.763860"	"PrePostFVT"	"Post"	"PrePostFVTPost"	NA	NA	NA	NA	NA	0.960822200985721	1	"number of levels of each grouping factor must be < number of observations (problems: AnimalID)"	"abundance"	20	2
"NODE_1595_length_1770_cov_2.963848"	"PrePostFVT"	"During"	"PrePostFVTDuring"	NA	NA	NA	NA	NA	0.950649842547155	1	"Fitting error (NA p-value returned from fitting procedure)"	"abundance"	20	5
"NODE_1596_length_3038_cov_4.598056"	"PrePostFVT"	"During"	"PrePostFVTDuring"	NA	NA	NA	NA	NA	0.950202920100395	1	"number of levels of each grouping factor must be < number of observations (problems: AnimalID)"	"abundance"	20	2
"NODE_1596_length_3038_cov_4.598056"	"PrePostFVT"	"Post"	"PrePostFVTPost"	NA	NA	NA	NA	NA	0.968354224807565	1	"number of levels of each grouping factor must be < number of observations (problems: AnimalID)"	"abundance"	20	2
"NODE_1631_length_2537_cov_4.762288"	"PrePostFVT"	"During"	"PrePostFVTDuring"	0.567524890373147	NA	0.507606457820913	0.464557037930071	NA	1	1	"Model may not have converged with 1 eigenvalue close to zero: 8.7e-11"	"abundance"	20	4
"NODE_1631_length_2537_cov_4.762288"	"PrePostFVT"	"Post"	"PrePostFVTPost"	2.01962307048816	NA	0.4000659346736	0.117683119699834	NA	0.291937257771131	0.871765233337443	"Model may not have converged with 1 eigenvalue close to zero: 8.7e-11"	"abundance"	20	4
"NODE_1656_length_2587_cov_5.100316"	"PrePostFVT"	"During"	"PrePostFVTDuring"	NA	NA	NA	NA	NA	0.577056924307724	1	"number of levels of each grouping factor must be < number of observations (problems: AnimalID)"	"abundance"	20	3
"NODE_1656_length_2587_cov_5.100316"	"PrePostFVT"	"Post"	"PrePostFVTPost"	NA	NA	NA	NA	NA	0.991272693548533	1	"number of levels of each grouping factor must be < number of observations (problems: AnimalID)"	"abundance"	20	3
"NODE_1670_length_2836_cov_3.867314"	"PrePostFVT"	"During"	"PrePostFVTDuring"	1.37627010818952	NA	0.742108355164466	0.198922907979728	NA	0.629093669230961	1	"Model may not have converged with 1 eigenvalue close to zero: 3.6e-10"	"abundance"	20	5
"NODE_1670_length_2836_cov_3.867314"	"PrePostFVT"	"Post"	"PrePostFVTPost"	1.69089296729255	NA	0.742108355164467	0.144476713474172	NA	0.101701499679331	0.605803156934642	"Model may not have converged with 1 eigenvalue close to zero: 3.6e-10"	"abundance"	20	5
"NODE_1688_length_2140_cov_2.430216"	"PrePostFVT"	"During"	"PrePostFVTDuring"	NA	NA	NA	NA	NA	0.953733877010671	1	"Model may not have converged with 1 eigenvalue close to zero: 9.0e-11"	"abundance"	20	4
"NODE_1688_length_2140_cov_2.430216"	"PrePostFVT"	"Post"	"PrePostFVTPost"	3.16887113185516	NA	0.765247492050631	0.0435226626408496	NA	0.482169220921563	1	"Model may not have converged with 1 eigenvalue close to zero: 9.0e-11"	"abundance"	20	4
"NODE_169_length_60470_cov_54.574162"	"PrePostFVT"	"During"	"PrePostFVTDuring"	-1.08734601218304	NA	0.759417417180864	0.279382211106361	NA	0.629093615299162	1	"Model may not have converged with 1 eigenvalue close to zero: 8.5e-11"	"abundance"	20	6
"NODE_169_length_60470_cov_54.574162"	"PrePostFVT"	"Post"	"PrePostFVTPost"	-1.68946015491858	NA	0.759417417180863	0.146153902436032	NA	0.101701499240399	0.605803156934642	"Model may not have converged with 1 eigenvalue close to zero: 8.5e-11"	"abundance"	20	6
"NODE_1691_length_3010_cov_5.814213"	"PrePostFVT"	"During"	"PrePostFVTDuring"	NA	NA	NA	NA	NA	0.977966191280939	1	"No data points have the baseline factor level"	"abundance"	20	7
"NODE_1691_length_3010_cov_5.814213"	"PrePostFVT"	"Post"	"PrePostFVTPost"	NA	NA	NA	NA	NA	0.976462913076056	1	"No data points have the baseline factor level"	"abundance"	20	7
"NODE_1696_length_2376_cov_3.195174"	"PrePostFVT"	"During"	"PrePostFVTDuring"	NA	NA	NA	NA	NA	0.577077356289932	1	"number of levels of each grouping factor must be < number of observations (problems: AnimalID)"	"abundance"	20	2
"NODE_1696_length_2376_cov_3.195174"	"PrePostFVT"	"Post"	"PrePostFVTPost"	NA	NA	NA	NA	NA	0.974561046542602	1	"number of levels of each grouping factor must be < number of observations (problems: AnimalID)"	"abundance"	20	2
"NODE_1709_length_2618_cov_3.747171"	"PrePostFVT"	"During"	"PrePostFVTDuring"	NA	NA	NA	NA	NA	0.980952125852237	1	"number of levels of each grouping factor must be < number of observations (problems: AnimalID)"	"abundance"	20	3
"NODE_1709_length_2618_cov_3.747171"	"PrePostFVT"	"Post"	"PrePostFVTPost"	NA	NA	NA	NA	NA	0.79278881040451	1	"number of levels of each grouping factor must be < number of observations (problems: AnimalID)"	"abundance"	20	3
"NODE_1712_length_2968_cov_4.969791"	"PrePostFVT"	"During"	"PrePostFVTDuring"	NA	NA	NA	NA	NA	0.577143653801658	1	"number of levels of each grouping factor must be < number of observations (problems: AnimalID)"	"abundance"	20	2
"NODE_1712_length_2968_cov_4.969791"	"PrePostFVT"	"Post"	"PrePostFVTPost"	NA	NA	NA	NA	NA	0.981085198491425	1	"number of levels of each grouping factor must be < number of observations (problems: AnimalID)"	"abundance"	20	2
"NODE_1719_length_2592_cov_7.839574"	"PrePostFVT"	"During"	"PrePostFVTDuring"	1.06752489037316	NA	0.358418945963525	0.206215048259724	NA	0.999999999999998	1	"Model may not have converged with 1 eigenvalue close to zero: 8.5e-11"	"abundance"	20	4
"NODE_1719_length_2592_cov_7.839574"	"PrePostFVT"	"Post"	"PrePostFVTPost"	1.96711025019734	NA	0.358418945963525	0.114737162087662	NA	0.291937272964641	0.871765233337443	"Model may not have converged with 1 eigenvalue close to zero: 8.5e-11"	"abundance"	20	4
"NODE_172_length_36863_cov_73.802760"	"PrePostFVT"	"Post"	"PrePostFVTPost"	NA	NA	NA	NA	NA	0.963671337910923	1	"Fitting error (NA p-value returned from fitting procedure)"	"abundance"	20	6
"NODE_1727_length_2069_cov_4.505958"	"PrePostFVT"	"During"	"PrePostFVTDuring"	NA	NA	NA	NA	NA	0.99999899450026	1	"No data points have the baseline factor level"	"abundance"	20	2
"NODE_1727_length_2069_cov_4.505958"	"PrePostFVT"	"Post"	"PrePostFVTPost"	NA	NA	NA	NA	NA	0.953788235930471	1	"No data points have the baseline factor level"	"abundance"	20	2
"NODE_173_length_34151_cov_24.803555"	"PrePostFVT"	"During"	"PrePostFVTDuring"	NA	NA	NA	NA	NA	0.577056924307724	1	"number of levels of each grouping factor must be < number of observations (problems: AnimalID)"	"abundance"	20	2
"NODE_173_length_34151_cov_24.803555"	"PrePostFVT"	"Post"	"PrePostFVTPost"	NA	NA	NA	NA	NA	0.991272693548533	1	"number of levels of each grouping factor must be < number of observations (problems: AnimalID)"	"abundance"	20	2
"NODE_1736_length_2914_cov_5.421126"	"PrePostFVT"	"During"	"PrePostFVTDuring"	NA	NA	NA	NA	NA	0.980237001304319	1	"contrasts can be applied only to factors with 2 or more levels"	"abundance"	20	6
"NODE_1736_length_2914_cov_5.421126"	"PrePostFVT"	"Post"	"PrePostFVTPost"	NA	NA	NA	NA	NA	0.980001329768096	1	"contrasts can be applied only to factors with 2 or more levels"	"abundance"	20	6
"NODE_1748_length_2651_cov_3.706857"	"PrePostFVT"	"During"	"PrePostFVTDuring"	0.371366178983784	NA	0.55101643245002	0.622459789293144	NA	0.999999999999998	1	"Model may not have converged with 1 eigenvalue close to zero: 7.5e-11"	"abundance"	20	4
"NODE_1748_length_2651_cov_3.706857"	"PrePostFVT"	"Post"	"PrePostFVTPost"	1.27095153880797	NA	0.55101643245002	0.260432985221486	NA	0.291937272964641	0.871765233337443	"Model may not have converged with 1 eigenvalue close to zero: 7.5e-11"	"abundance"	20	4
"NODE_1761_length_2502_cov_7.919085"	"PrePostFVT"	"During"	"PrePostFVTDuring"	NA	NA	NA	NA	NA	0.950202920100395	1	"number of levels of each grouping factor must be < number of observations (problems: AnimalID)"	"abundance"	20	2
"NODE_1761_length_2502_cov_7.919085"	"PrePostFVT"	"Post"	"PrePostFVTPost"	NA	NA	NA	NA	NA	0.968354224807565	1	"number of levels of each grouping factor must be < number of observations (problems: AnimalID)"	"abundance"	20	2
"NODE_1790_length_3353_cov_6.374773"	"PrePostFVT"	"During"	"PrePostFVTDuring"	NA	NA	NA	NA	NA	0.977966191280939	1	"No data points have the baseline factor level"	"abundance"	20	8
"NODE_1790_length_3353_cov_6.374773"	"PrePostFVT"	"Post"	"PrePostFVTPost"	NA	NA	NA	NA	NA	0.976462913076056	1	"No data points have the baseline factor level"	"abundance"	20	8
"NODE_1795_length_2239_cov_2.438645"	"PrePostFVT"	"During"	"PrePostFVTDuring"	NA	NA	NA	NA	NA	0.577077356289932	1	"number of levels of each grouping factor must be < number of observations (problems: AnimalID)"	"abundance"	20	2
"NODE_1795_length_2239_cov_2.438645"	"PrePostFVT"	"Post"	"PrePostFVTPost"	NA	NA	NA	NA	NA	0.974561046542602	1	"number of levels of each grouping factor must be < number of observations (problems: AnimalID)"	"abundance"	20	2
"NODE_1798_length_2684_cov_29.311145"	"PrePostFVT"	"During"	"PrePostFVTDuring"	NA	NA	NA	NA	NA	0.577072688474292	1	"number of levels of each grouping factor must be < number of observations (problems: AnimalID)"	"abundance"	20	3
"NODE_1798_length_2684_cov_29.311145"	"PrePostFVT"	"Post"	"PrePostFVTPost"	NA	NA	NA	NA	NA	0.75790188272981	1	"number of levels of each grouping factor must be < number of observations (problems: AnimalID)"	"abundance"	20	3
"NODE_1802_length_2870_cov_5.132149"	"PrePostFVT"	"During"	"PrePostFVTDuring"	-0.770021248640082	NA	1.29807845133024	0.65029238083472	NA	0.201187552753182	0.758034601176654	"Model may not have converged with 1 eigenvalue close to zero: 5.7e-11"	"abundance"	20	5
"NODE_1802_length_2870_cov_5.132149"	"PrePostFVT"	"Post"	"PrePostFVTPost"	0.422900748983747	NA	1.31049696304967	0.796591061386374	NA	0.733046361502731	1	"Model may not have converged with 1 eigenvalue close to zero: 5.7e-11"	"abundance"	20	5
"NODE_1812_length_3305_cov_5.784923"	"PrePostFVT"	"During"	"PrePostFVTDuring"	0.932884581902969	NA	0.382974129089793	0.130915676335802	NA	0.629093669230961	1	"Model may not have converged with 1 eigenvalue close to zero: 1.1e-10"	"abundance"	20	5
"NODE_1812_length_3305_cov_5.784923"	"PrePostFVT"	"Post"	"PrePostFVTPost"	1.247507441006	NA	0.382974129089793	0.078976717140755	NA	0.101701499679331	0.605803156934642	"Model may not have converged with 1 eigenvalue close to zero: 1.1e-10"	"abundance"	20	5
"NODE_1839_length_3460_cov_6.952717"	"PrePostFVT"	"During"	"PrePostFVTDuring"	NA	NA	NA	NA	NA	0.993217709039584	1	"contrasts can be applied only to factors with 2 or more levels"	"abundance"	20	5
"NODE_1839_length_3460_cov_6.952717"	"PrePostFVT"	"Post"	"PrePostFVTPost"	NA	NA	NA	NA	NA	0.978808277416824	1	"contrasts can be applied only to factors with 2 or more levels"	"abundance"	20	5
"NODE_1869_length_3204_cov_4.899968"	"PrePostFVT"	"During"	"PrePostFVTDuring"	NA	NA	NA	NA	NA	0.950202920100395	1	"number of levels of each grouping factor must be < number of observations (problems: AnimalID)"	"abundance"	20	2
"NODE_1869_length_3204_cov_4.899968"	"PrePostFVT"	"Post"	"PrePostFVTPost"	NA	NA	NA	NA	NA	0.968354224807565	1	"number of levels of each grouping factor must be < number of observations (problems: AnimalID)"	"abundance"	20	2
"NODE_1876_length_1287_cov_2.543831"	"PrePostFVT"	"During"	"PrePostFVTDuring"	NA	NA	NA	NA	NA	0.45686017439314	1	"number of levels of each grouping factor must be < number of observations (problems: AnimalID)"	"abundance"	20	3
"NODE_1876_length_1287_cov_2.543831"	"PrePostFVT"	"Post"	"PrePostFVTPost"	NA	NA	NA	NA	NA	0.204635350142754	0.758034601176654	"number of levels of each grouping factor must be < number of observations (problems: AnimalID)"	"abundance"	20	3
"NODE_1881_length_1243_cov_5.522727"	"PrePostFVT"	"During"	"PrePostFVTDuring"	NA	NA	NA	NA	NA	0.96810780582784	1	"number of levels of each grouping factor must be < number of observations (problems: AnimalID)"	"abundance"	20	3
"NODE_1881_length_1243_cov_5.522727"	"PrePostFVT"	"Post"	"PrePostFVTPost"	NA	NA	NA	NA	NA	0.757877018023235	1	"number of levels of each grouping factor must be < number of observations (problems: AnimalID)"	"abundance"	20	3
"NODE_189_length_21480_cov_167.721820"	"PrePostFVT"	"During"	"PrePostFVTDuring"	NA	NA	NA	NA	NA	0.993217709039584	1	"contrasts can be applied only to factors with 2 or more levels"	"abundance"	20	5
"NODE_189_length_21480_cov_167.721820"	"PrePostFVT"	"Post"	"PrePostFVTPost"	NA	NA	NA	NA	NA	0.978808277416824	1	"contrasts can be applied only to factors with 2 or more levels"	"abundance"	20	5
"NODE_1898_length_2647_cov_5.482639"	"PrePostFVT"	"During"	"PrePostFVTDuring"	0.652487391094321	NA	0.358418945963524	0.319783404932427	NA	0.999999999999998	1	"Model may not have converged with 1 eigenvalue close to zero: 4.0e-11"	"abundance"	20	4
"NODE_1898_length_2647_cov_5.482639"	"PrePostFVT"	"Post"	"PrePostFVTPost"	2.28903834508471	NA	0.358418945963524	0.0988794168182184	NA	0.291937272964641	0.871765233337443	"Model may not have converged with 1 eigenvalue close to zero: 4.0e-11"	"abundance"	20	4
"NODE_1948_length_3066_cov_2.655596"	"PrePostFVT"	"During"	"PrePostFVTDuring"	NA	NA	NA	NA	NA	0.45686017439314	1	"number of levels of each grouping factor must be < number of observations (problems: AnimalID)"	"abundance"	20	3
"NODE_1948_length_3066_cov_2.655596"	"PrePostFVT"	"Post"	"PrePostFVTPost"	NA	NA	NA	NA	NA	0.204635350142754	0.758034601176654	"number of levels of each grouping factor must be < number of observations (problems: AnimalID)"	"abundance"	20	3
"NODE_1958_length_1741_cov_3.469751"	"PrePostFVT"	"During"	"PrePostFVTDuring"	NA	NA	NA	NA	NA	1	1	"No data points have the baseline factor level"	"abundance"	20	2
"NODE_1958_length_1741_cov_3.469751"	"PrePostFVT"	"Post"	"PrePostFVTPost"	NA	NA	NA	NA	NA	0.358990203535274	0.94170721118156	"No data points have the baseline factor level"	"abundance"	20	2
"NODE_1960_length_3107_cov_46.232962"	"PrePostFVT"	"During"	"PrePostFVTDuring"	NA	NA	NA	NA	NA	0.950202920100395	1	"number of levels of each grouping factor must be < number of observations (problems: AnimalID)"	"abundance"	20	2
"NODE_1960_length_3107_cov_46.232962"	"PrePostFVT"	"Post"	"PrePostFVTPost"	NA	NA	NA	NA	NA	0.968354224807565	1	"number of levels of each grouping factor must be < number of observations (problems: AnimalID)"	"abundance"	20	2
"NODE_1962_length_3106_cov_8.513274"	"PrePostFVT"	"During"	"PrePostFVTDuring"	-1.39905801003761	NA	1.06430596289257	0.31144474123814	NA	0.985178427499358	1	"Model may not have converged with 1 eigenvalue close to zero: 1.0e-10"	"abundance"	20	5
"NODE_1962_length_3106_cov_8.513274"	"PrePostFVT"	"Post"	"PrePostFVTPost"	NA	NA	NA	NA	NA	0.985048453479558	1	"Model may not have converged with 1 eigenvalue close to zero: 1.0e-10"	"abundance"	20	5
"NODE_197_length_23469_cov_64.990988"	"PrePostFVT"	"During"	"PrePostFVTDuring"	NA	NA	NA	NA	NA	0.994643104117964	1	"No data points have the baseline factor level"	"abundance"	20	5
"NODE_197_length_23469_cov_64.990988"	"PrePostFVT"	"Post"	"PrePostFVTPost"	NA	NA	NA	NA	NA	0.977452840514355	1	"No data points have the baseline factor level"	"abundance"	20	5
"NODE_1991_length_2613_cov_11.167709"	"PrePostFVT"	"During"	"PrePostFVTDuring"	NA	NA	NA	NA	NA	0.982333444107966	1	"No data points have the baseline factor level"	"abundance"	20	5
"NODE_1991_length_2613_cov_11.167709"	"PrePostFVT"	"Post"	"PrePostFVTPost"	NA	NA	NA	NA	NA	0.949842397524883	1	"No data points have the baseline factor level"	"abundance"	20	5
"NODE_1992_length_2011_cov_4.148773"	"PrePostFVT"	"Post"	"PrePostFVTPost"	NA	NA	NA	NA	NA	0.974755474934129	1	"Fitting error (NA p-value returned from fitting procedure)"	"abundance"	20	6
"NODE_1992_length_3218_cov_3.072716"	"PrePostFVT"	"During"	"PrePostFVTDuring"	NA	NA	NA	NA	NA	0.45686017439314	1	"number of levels of each grouping factor must be < number of observations (problems: AnimalID)"	"abundance"	20	3
"NODE_1992_length_3218_cov_3.072716"	"PrePostFVT"	"Post"	"PrePostFVTPost"	NA	NA	NA	NA	NA	0.204635350142754	0.758034601176654	"number of levels of each grouping factor must be < number of observations (problems: AnimalID)"	"abundance"	20	3
"NODE_2_length_2231_cov_4.778033"	"PrePostFVT"	"Post"	"PrePostFVTPost"	NA	NA	NA	NA	NA	0.388642649087765	0.991128882474445	"Fitting error (NA p-value returned from fitting procedure)"	"abundance"	20	5
"NODE_2001_length_2507_cov_6.845024"	"PrePostFVT"	"During"	"PrePostFVTDuring"	NA	NA	NA	NA	NA	0.946213924236529	1	"Fitting error (NA p-value returned from fitting procedure)"	"abundance"	20	5
"NODE_2004_length_2512_cov_6.669109"	"PrePostFVT"	"During"	"PrePostFVTDuring"	NA	NA	NA	NA	NA	0.971169592507494	1	"No data points have the baseline factor level"	"abundance"	20	6
"NODE_2004_length_2512_cov_6.669109"	"PrePostFVT"	"Post"	"PrePostFVTPost"	NA	NA	NA	NA	NA	0.970114473360978	1	"No data points have the baseline factor level"	"abundance"	20	6
"NODE_2008_length_3000_cov_5.932428"	"PrePostFVT"	"During"	"PrePostFVTDuring"	1.60360379079746	NA	0.432553400963441	0.0630378735955172	NA	0.629093669230961	1	"Model may not have converged with 1 eigenvalue close to zero: 2.4e-10"	"abundance"	20	5
"NODE_2008_length_3000_cov_5.932428"	"PrePostFVT"	"Post"	"PrePostFVTPost"	2.24015474478785	NA	0.432553400963441	0.0333878996108724	NA	0.101701499679331	0.605803156934642	"Model may not have converged with 1 eigenvalue close to zero: 2.4e-10"	"abundance"	20	5
"NODE_2011_length_2793_cov_8.678963"	"PrePostFVT"	"During"	"PrePostFVTDuring"	5.38211193556435	NA	2.18463815066314	0.22342766703071	NA	0.999999999999999	1	"Model may not have converged with 1 eigenvalue close to zero: 1.2e-09"	"abundance"	20	4
"NODE_2011_length_2793_cov_8.678963"	"PrePostFVT"	"Post"	"PrePostFVTPost"	NA	NA	NA	NA	NA	0.353329530943112	0.935794742937876	"Model may not have converged with 1 eigenvalue close to zero: 1.2e-09"	"abundance"	20	4
"NODE_2015_length_2219_cov_9.286044"	"PrePostFVT"	"During"	"PrePostFVTDuring"	NA	NA	NA	NA	NA	0.456860174321231	1	"number of levels of each grouping factor must be < number of observations (problems: AnimalID)"	"abundance"	20	3
"NODE_2015_length_2219_cov_9.286044"	"PrePostFVT"	"Post"	"PrePostFVTPost"	NA	NA	NA	NA	NA	0.204635345645381	0.758034601176654	"number of levels of each grouping factor must be < number of observations (problems: AnimalID)"	"abundance"	20	3
"NODE_2039_length_1954_cov_2.393365"	"PrePostFVT"	"During"	"PrePostFVTDuring"	NA	NA	NA	NA	NA	0.577077356289932	1	"number of levels of each grouping factor must be < number of observations (problems: AnimalID)"	"abundance"	20	2
"NODE_2039_length_1954_cov_2.393365"	"PrePostFVT"	"Post"	"PrePostFVTPost"	NA	NA	NA	NA	NA	0.974561046542602	1	"number of levels of each grouping factor must be < number of observations (problems: AnimalID)"	"abundance"	20	2
"NODE_204_length_29412_cov_9.598392"	"PrePostFVT"	"During"	"PrePostFVTDuring"	NA	NA	NA	NA	NA	0.977966191280939	1	"No data points have the baseline factor level"	"abundance"	20	7
"NODE_204_length_29412_cov_9.598392"	"PrePostFVT"	"Post"	"PrePostFVTPost"	NA	NA	NA	NA	NA	0.976462913076056	1	"No data points have the baseline factor level"	"abundance"	20	7
"NODE_2041_length_1386_cov_3.691210"	"PrePostFVT"	"During"	"PrePostFVTDuring"	NA	NA	NA	NA	NA	0.950202920100395	1	"number of levels of each grouping factor must be < number of observations (problems: AnimalID)"	"abundance"	20	2
"NODE_2041_length_1386_cov_3.691210"	"PrePostFVT"	"Post"	"PrePostFVTPost"	NA	NA	NA	NA	NA	0.968354224807565	1	"number of levels of each grouping factor must be < number of observations (problems: AnimalID)"	"abundance"	20	2
"NODE_2059_length_1526_cov_4.799456"	"PrePostFVT"	"During"	"PrePostFVTDuring"	NA	NA	NA	NA	NA	0.993217709039584	1	"contrasts can be applied only to factors with 2 or more levels"	"abundance"	20	5
"NODE_2059_length_1526_cov_4.799456"	"PrePostFVT"	"Post"	"PrePostFVTPost"	NA	NA	NA	NA	NA	0.978808277416824	1	"contrasts can be applied only to factors with 2 or more levels"	"abundance"	20	5
"NODE_2064_length_2932_cov_9.610706"	"PrePostFVT"	"During"	"PrePostFVTDuring"	NA	NA	NA	NA	NA	0.456861297398619	1	"contrasts can be applied only to factors with 2 or more levels"	"abundance"	20	3
"NODE_2064_length_2932_cov_9.610706"	"PrePostFVT"	"Post"	"PrePostFVTPost"	NA	NA	NA	NA	NA	0.204636299798512	0.758034601176654	"contrasts can be applied only to factors with 2 or more levels"	"abundance"	20	3
"NODE_213_length_49538_cov_20.727785"	"PrePostFVT"	"During"	"PrePostFVTDuring"	NA	NA	NA	NA	NA	0.980304062580697	1	"Fitting error (NA p-value returned from fitting procedure)"	"abundance"	20	6
"NODE_2137_length_1853_cov_3.723582"	"PrePostFVT"	"Post"	"PrePostFVTPost"	NA	NA	NA	NA	NA	0.704766786543544	1	"Fitting error (NA p-value returned from fitting procedure)"	"abundance"	20	10
"NODE_2138_length_2448_cov_4.907229"	"PrePostFVT"	"During"	"PrePostFVTDuring"	NA	NA	NA	NA	NA	1	1	"No data points have the baseline factor level"	"abundance"	20	2
"NODE_2138_length_2448_cov_4.907229"	"PrePostFVT"	"Post"	"PrePostFVTPost"	NA	NA	NA	NA	NA	0.358990123093996	0.94170721118156	"No data points have the baseline factor level"	"abundance"	20	2
"NODE_2142_length_1572_cov_2.471325"	"PrePostFVT"	"During"	"PrePostFVTDuring"	NA	NA	NA	NA	NA	0.98256136538867	1	"grouping factors must have > 1 sampled level"	"abundance"	20	2
"NODE_2142_length_1572_cov_2.471325"	"PrePostFVT"	"Post"	"PrePostFVTPost"	NA	NA	NA	NA	NA	0.74907253913439	1	"grouping factors must have > 1 sampled level"	"abundance"	20	2
"NODE_2147_length_1412_cov_2.389831"	"PrePostFVT"	"During"	"PrePostFVTDuring"	NA	NA	NA	NA	NA	0.577303577824052	1	"number of levels of each grouping factor must be < number of observations (problems: AnimalID)"	"abundance"	20	2
"NODE_2147_length_1412_cov_2.389831"	"PrePostFVT"	"Post"	"PrePostFVTPost"	NA	NA	NA	NA	NA	0.960822200985721	1	"number of levels of each grouping factor must be < number of observations (problems: AnimalID)"	"abundance"	20	2
"NODE_217_length_49720_cov_10.704681|provirus_35239_49720"	"PrePostFVT"	"During"	"PrePostFVTDuring"	NA	NA	NA	NA	NA	0.980304062580697	1	"Fitting error (NA p-value returned from fitting procedure)"	"abundance"	20	6
"NODE_2176_length_2505_cov_7.395510"	"PrePostFVT"	"Post"	"PrePostFVTPost"	NA	NA	NA	NA	NA	0.570540662890876	1	"Fitting error (NA p-value returned from fitting procedure)"	"abundance"	20	5
"NODE_2191_length_1525_cov_2.623810"	"PrePostFVT"	"During"	"PrePostFVTDuring"	NA	NA	NA	NA	NA	0.965506753678972	1	"No data points have the baseline factor level"	"abundance"	20	2
"NODE_2191_length_1525_cov_2.623810"	"PrePostFVT"	"Post"	"PrePostFVTPost"	NA	NA	NA	NA	NA	0.969950251064969	1	"No data points have the baseline factor level"	"abundance"	20	2
"NODE_2210_length_2500_cov_8.474029"	"PrePostFVT"	"During"	"PrePostFVTDuring"	NA	NA	NA	NA	NA	0.977966191280939	1	"No data points have the baseline factor level"	"abundance"	20	8
"NODE_2210_length_2500_cov_8.474029"	"PrePostFVT"	"Post"	"PrePostFVTPost"	NA	NA	NA	NA	NA	0.976462913076056	1	"No data points have the baseline factor level"	"abundance"	20	8
"NODE_2224_length_2870_cov_6.035524"	"PrePostFVT"	"During"	"PrePostFVTDuring"	NA	NA	NA	NA	NA	0.958858764661156	1	"number of levels of each grouping factor must be < number of observations (problems: AnimalID)"	"abundance"	20	2
"NODE_2224_length_2870_cov_6.035524"	"PrePostFVT"	"Post"	"PrePostFVTPost"	NA	NA	NA	NA	NA	0.757976729129458	1	"number of levels of each grouping factor must be < number of observations (problems: AnimalID)"	"abundance"	20	2
"NODE_2237_length_2656_cov_5.000384"	"PrePostFVT"	"During"	"PrePostFVTDuring"	NA	NA	NA	NA	NA	0.577143653801658	1	"number of levels of each grouping factor must be < number of observations (problems: AnimalID)"	"abundance"	20	2
"NODE_2237_length_2656_cov_5.000384"	"PrePostFVT"	"Post"	"PrePostFVTPost"	NA	NA	NA	NA	NA	0.981085198491425	1	"number of levels of each grouping factor must be < number of observations (problems: AnimalID)"	"abundance"	20	2
"NODE_2238_length_2860_cov_3.888057"	"PrePostFVT"	"During"	"PrePostFVTDuring"	NA	NA	NA	NA	NA	0.950202920100395	1	"number of levels of each grouping factor must be < number of observations (problems: AnimalID)"	"abundance"	20	2
"NODE_2238_length_2860_cov_3.888057"	"PrePostFVT"	"Post"	"PrePostFVTPost"	NA	NA	NA	NA	NA	0.968354224807565	1	"number of levels of each grouping factor must be < number of observations (problems: AnimalID)"	"abundance"	20	2
"NODE_2247_length_1070_cov_3.404926"	"PrePostFVT"	"During"	"PrePostFVTDuring"	NA	NA	NA	NA	NA	0.950202920100395	1	"number of levels of each grouping factor must be < number of observations (problems: AnimalID)"	"abundance"	20	2
"NODE_2247_length_1070_cov_3.404926"	"PrePostFVT"	"Post"	"PrePostFVTPost"	NA	NA	NA	NA	NA	0.968354224807565	1	"number of levels of each grouping factor must be < number of observations (problems: AnimalID)"	"abundance"	20	2
"NODE_2269_length_2821_cov_4.664497"	"PrePostFVT"	"During"	"PrePostFVTDuring"	1.06752489037314	NA	0.358418945963523	0.206215048258852	NA	0.999999999999998	1	"Model may not have converged with 1 eigenvalue close to zero: 1.2e-10"	"abundance"	20	4
"NODE_2269_length_2821_cov_4.664497"	"PrePostFVT"	"Post"	"PrePostFVTPost"	2.55207275091848	NA	0.358418945963523	0.0888273688010165	NA	0.291937272964641	0.871765233337443	"Model may not have converged with 1 eigenvalue close to zero: 1.2e-10"	"abundance"	20	4
"NODE_2298_length_1049_cov_1.900402"	"PrePostFVT"	"During"	"PrePostFVTDuring"	NA	NA	NA	NA	NA	0.98256136538867	1	"grouping factors must have > 1 sampled level"	"abundance"	20	2
"NODE_2298_length_1049_cov_1.900402"	"PrePostFVT"	"Post"	"PrePostFVTPost"	NA	NA	NA	NA	NA	0.74907253913439	1	"grouping factors must have > 1 sampled level"	"abundance"	20	2
"NODE_2307_length_3029_cov_16.683591"	"PrePostFVT"	"Post"	"PrePostFVTPost"	NA	NA	NA	NA	NA	0.704766786543544	1	"Fitting error (NA p-value returned from fitting procedure)"	"abundance"	20	10
"NODE_231_length_47332_cov_15.070605"	"PrePostFVT"	"Post"	"PrePostFVTPost"	NA	NA	NA	NA	NA	0.968879049139994	1	"Fitting error (NA p-value returned from fitting procedure)"	"abundance"	20	7
"NODE_2312_length_2553_cov_2.835869"	"PrePostFVT"	"During"	"PrePostFVTDuring"	NA	NA	NA	NA	NA	0.958858764661156	1	"number of levels of each grouping factor must be < number of observations (problems: AnimalID)"	"abundance"	20	2
"NODE_2312_length_2553_cov_2.835869"	"PrePostFVT"	"Post"	"PrePostFVTPost"	NA	NA	NA	NA	NA	0.757976729129458	1	"number of levels of each grouping factor must be < number of observations (problems: AnimalID)"	"abundance"	20	2
"NODE_2315_length_1592_cov_4.810020"	"PrePostFVT"	"During"	"PrePostFVTDuring"	NA	NA	NA	NA	NA	0.995726018137703	1	"grouping factors must have > 1 sampled level"	"abundance"	20	2
"NODE_2315_length_1592_cov_4.810020"	"PrePostFVT"	"Post"	"PrePostFVTPost"	NA	NA	NA	NA	NA	0.985847948697276	1	"grouping factors must have > 1 sampled level"	"abundance"	20	2
"NODE_2320_length_2772_cov_4.598822"	"PrePostFVT"	"During"	"PrePostFVTDuring"	NA	NA	NA	NA	NA	0.980555426790464	1	"number of levels of each grouping factor must be < number of observations (problems: AnimalID)"	"abundance"	20	3
"NODE_2320_length_2772_cov_4.598822"	"PrePostFVT"	"Post"	"PrePostFVTPost"	NA	NA	NA	NA	NA	0.311378797172556	0.873767032882173	"number of levels of each grouping factor must be < number of observations (problems: AnimalID)"	"abundance"	20	3
"NODE_234_length_14417_cov_37.181381"	"PrePostFVT"	"During"	"PrePostFVTDuring"	NA	NA	NA	NA	NA	0.980237001304319	1	"contrasts can be applied only to factors with 2 or more levels"	"abundance"	20	6
"NODE_234_length_14417_cov_37.181381"	"PrePostFVT"	"Post"	"PrePostFVTPost"	NA	NA	NA	NA	NA	0.980001329768096	1	"contrasts can be applied only to factors with 2 or more levels"	"abundance"	20	6
"NODE_240_length_16694_cov_79.948795"	"PrePostFVT"	"During"	"PrePostFVTDuring"	NA	NA	NA	NA	NA	0.980237001304319	1	"contrasts can be applied only to factors with 2 or more levels"	"abundance"	20	7
"NODE_240_length_16694_cov_79.948795"	"PrePostFVT"	"Post"	"PrePostFVTPost"	NA	NA	NA	NA	NA	0.980001329768096	1	"contrasts can be applied only to factors with 2 or more levels"	"abundance"	20	7
"NODE_242_length_12737_cov_131.762656"	"PrePostFVT"	"During"	"PrePostFVTDuring"	NA	NA	NA	NA	NA	0.999998487848655	1	"No data points have the baseline factor level"	"abundance"	20	2
"NODE_242_length_12737_cov_131.762656"	"PrePostFVT"	"Post"	"PrePostFVTPost"	NA	NA	NA	NA	NA	0.953094486391167	1	"No data points have the baseline factor level"	"abundance"	20	2
"NODE_2428_length_1534_cov_4.545639"	"PrePostFVT"	"During"	"PrePostFVTDuring"	NA	NA	NA	NA	NA	0.977966191280939	1	"No data points have the baseline factor level"	"abundance"	20	7
"NODE_2428_length_1534_cov_4.545639"	"PrePostFVT"	"Post"	"PrePostFVTPost"	NA	NA	NA	NA	NA	0.976462913076056	1	"No data points have the baseline factor level"	"abundance"	20	7
"NODE_244_length_44445_cov_23.965736"	"PrePostFVT"	"Post"	"PrePostFVTPost"	NA	NA	NA	NA	NA	0.990250188014415	1	"Fitting error (NA p-value returned from fitting procedure)"	"abundance"	20	9
"NODE_245_length_3830_cov_69.211126"	"PrePostFVT"	"During"	"PrePostFVTDuring"	NA	NA	NA	NA	NA	0.950202920100395	1	"number of levels of each grouping factor must be < number of observations (problems: AnimalID)"	"abundance"	20	2
"NODE_245_length_3830_cov_69.211126"	"PrePostFVT"	"Post"	"PrePostFVTPost"	NA	NA	NA	NA	NA	0.968354224807565	1	"number of levels of each grouping factor must be < number of observations (problems: AnimalID)"	"abundance"	20	2
"NODE_2471_length_1755_cov_3.015882"	"PrePostFVT"	"During"	"PrePostFVTDuring"	NA	NA	NA	NA	NA	0.577077356289932	1	"number of levels of each grouping factor must be < number of observations (problems: AnimalID)"	"abundance"	20	2
"NODE_2471_length_1755_cov_3.015882"	"PrePostFVT"	"Post"	"PrePostFVTPost"	NA	NA	NA	NA	NA	0.974561046542602	1	"number of levels of each grouping factor must be < number of observations (problems: AnimalID)"	"abundance"	20	2
"NODE_2479_length_1074_cov_4.005888"	"PrePostFVT"	"During"	"PrePostFVTDuring"	NA	NA	NA	NA	NA	0.999663141443203	1	"Model may not have converged with 1 eigenvalue close to zero: 4.9e-11"	"abundance"	20	3
"NODE_2479_length_1074_cov_4.005888"	"PrePostFVT"	"Post"	"PrePostFVTPost"	-0.845001758180964	NA	1.09395501070566	0.559551497918222	NA	0.28831706837019	0.871765233337443	"Model may not have converged with 1 eigenvalue close to zero: 4.9e-11"	"abundance"	20	3
"NODE_249_length_15525_cov_6.736070"	"PrePostFVT"	"During"	"PrePostFVTDuring"	NA	NA	NA	NA	NA	0.961364355921624	1	"No data points have the baseline factor level"	"abundance"	20	10
"NODE_249_length_15525_cov_6.736070"	"PrePostFVT"	"Post"	"PrePostFVTPost"	NA	NA	NA	NA	NA	0.955214050869803	1	"No data points have the baseline factor level"	"abundance"	20	10
"NODE_2495_length_1362_cov_2.534813"	"PrePostFVT"	"During"	"PrePostFVTDuring"	NA	NA	NA	NA	NA	0.98929340789067	1	"number of levels of each grouping factor must be < number of observations (problems: AnimalID)"	"abundance"	20	2
"NODE_2495_length_1362_cov_2.534813"	"PrePostFVT"	"Post"	"PrePostFVTPost"	NA	NA	NA	NA	NA	0.987677901236525	1	"number of levels of each grouping factor must be < number of observations (problems: AnimalID)"	"abundance"	20	2
"NODE_252_length_21786_cov_7.743316|provirus_11205_21743"	"PrePostFVT"	"During"	"PrePostFVTDuring"	NA	NA	NA	NA	NA	0.977966191280939	1	"No data points have the baseline factor level"	"abundance"	20	7
"NODE_252_length_21786_cov_7.743316|provirus_11205_21743"	"PrePostFVT"	"Post"	"PrePostFVTPost"	NA	NA	NA	NA	NA	0.976462913076056	1	"No data points have the baseline factor level"	"abundance"	20	7
"NODE_2522_length_1214_cov_2.591027"	"PrePostFVT"	"During"	"PrePostFVTDuring"	NA	NA	NA	NA	NA	0.206427940714474	0.758634194435986	"No data points have the baseline factor level"	"abundance"	20	2
"NODE_2522_length_1214_cov_2.591027"	"PrePostFVT"	"Post"	"PrePostFVTPost"	NA	NA	NA	NA	NA	1	1	"No data points have the baseline factor level"	"abundance"	20	2
"NODE_2534_length_1967_cov_5.160565"	"PrePostFVT"	"Post"	"PrePostFVTPost"	NA	NA	NA	NA	NA	0.968879049139994	1	"Fitting error (NA p-value returned from fitting procedure)"	"abundance"	20	7
"NODE_2541_length_1206_cov_2.589922"	"PrePostFVT"	"During"	"PrePostFVTDuring"	NA	NA	NA	NA	NA	0.577303577824052	1	"number of levels of each grouping factor must be < number of observations (problems: AnimalID)"	"abundance"	20	2
"NODE_2541_length_1206_cov_2.589922"	"PrePostFVT"	"Post"	"PrePostFVTPost"	NA	NA	NA	NA	NA	0.960822200985721	1	"number of levels of each grouping factor must be < number of observations (problems: AnimalID)"	"abundance"	20	2
"NODE_2562_length_1651_cov_5.389724"	"PrePostFVT"	"During"	"PrePostFVTDuring"	NA	NA	NA	NA	NA	0.617103710554434	1	"Fitting error (NA p-value returned from fitting procedure)"	"abundance"	20	5
"NODE_2595_length_2506_cov_4.128519"	"PrePostFVT"	"During"	"PrePostFVTDuring"	NA	NA	NA	NA	NA	0.980555426790464	1	"number of levels of each grouping factor must be < number of observations (problems: AnimalID)"	"abundance"	20	3
"NODE_2595_length_2506_cov_4.128519"	"PrePostFVT"	"Post"	"PrePostFVTPost"	NA	NA	NA	NA	NA	0.311378797172556	0.873767032882173	"number of levels of each grouping factor must be < number of observations (problems: AnimalID)"	"abundance"	20	3
"NODE_2617_length_1899_cov_4.373102"	"PrePostFVT"	"During"	"PrePostFVTDuring"	NA	NA	NA	NA	NA	0.964443448401035	1	"Fitting error (NA p-value returned from fitting procedure)"	"abundance"	20	4
"NODE_265_length_40929_cov_8.278955|provirus_10946_19741"	"PrePostFVT"	"During"	"PrePostFVTDuring"	NA	NA	NA	NA	NA	NA	NA	"contrasts can be applied only to factors with 2 or more levels"	"abundance"	20	4
"NODE_265_length_40929_cov_8.278955|provirus_10946_19741"	"PrePostFVT"	"Post"	"PrePostFVTPost"	NA	NA	NA	NA	NA	NA	NA	"contrasts can be applied only to factors with 2 or more levels"	"abundance"	20	4
"NODE_2667_length_1412_cov_3.002211"	"PrePostFVT"	"During"	"PrePostFVTDuring"	-0.493959660359777	NA	0.586658705095023	0.549227896590648	NA	1	1	"Model may not have converged with 1 eigenvalue close to zero: 6.1e-11"	"abundance"	20	3
"NODE_2667_length_1412_cov_3.002211"	"PrePostFVT"	"Post"	"PrePostFVTPost"	NA	NA	NA	NA	NA	0.353324173998183	0.935794742937876	"Model may not have converged with 1 eigenvalue close to zero: 6.1e-11"	"abundance"	20	3
"NODE_2684_length_1405_cov_2.911852"	"PrePostFVT"	"Post"	"PrePostFVTPost"	NA	NA	NA	NA	NA	0.968879049139994	1	"Fitting error (NA p-value returned from fitting procedure)"	"abundance"	20	8
"NODE_278_length_9687_cov_5.219581"	"PrePostFVT"	"During"	"PrePostFVTDuring"	NA	NA	NA	NA	NA	0.45686017439314	1	"number of levels of each grouping factor must be < number of observations (problems: AnimalID)"	"abundance"	20	4
"NODE_278_length_9687_cov_5.219581"	"PrePostFVT"	"Post"	"PrePostFVTPost"	NA	NA	NA	NA	NA	0.204635350142754	0.758034601176654	"number of levels of each grouping factor must be < number of observations (problems: AnimalID)"	"abundance"	20	4
"NODE_286_length_3337_cov_34.268434"	"PrePostFVT"	"During"	"PrePostFVTDuring"	NA	NA	NA	NA	NA	0.617106836940981	1	"Fitting error (NA p-value returned from fitting procedure)"	"abundance"	20	6
"NODE_2865_length_2657_cov_17.344350"	"PrePostFVT"	"Post"	"PrePostFVTPost"	NA	NA	NA	NA	NA	0.990250188014415	1	"Fitting error (NA p-value returned from fitting procedure)"	"abundance"	20	9
"NODE_2942_length_1160_cov_4.734842"	"PrePostFVT"	"During"	"PrePostFVTDuring"	NA	NA	NA	NA	NA	0.980555426790464	1	"number of levels of each grouping factor must be < number of observations (problems: AnimalID)"	"abundance"	20	3
"NODE_2942_length_1160_cov_4.734842"	"PrePostFVT"	"Post"	"PrePostFVTPost"	NA	NA	NA	NA	NA	0.311378797172556	0.873767032882173	"number of levels of each grouping factor must be < number of observations (problems: AnimalID)"	"abundance"	20	3
"NODE_295_length_14834_cov_25.013194"	"PrePostFVT"	"During"	"PrePostFVTDuring"	NA	NA	NA	NA	NA	0.986201377508878	1	"Fitting error (NA p-value returned from fitting procedure)"	"abundance"	20	7
"NODE_2996_length_1402_cov_4.274684"	"PrePostFVT"	"During"	"PrePostFVTDuring"	NA	NA	NA	NA	NA	0.99081800274801	1	"Model may not have converged with 1 eigenvalue close to zero: 1.0e-10"	"abundance"	20	3
"NODE_2996_length_1402_cov_4.274684"	"PrePostFVT"	"Post"	"PrePostFVTPost"	0.189429076523146	NA	0.254457522916822	0.591046241927053	NA	0.311333442681999	0.873767032882173	"Model may not have converged with 1 eigenvalue close to zero: 1.0e-10"	"abundance"	20	3
"NODE_3088_length_1057_cov_2.450100"	"PrePostFVT"	"During"	"PrePostFVTDuring"	NA	NA	NA	NA	NA	0.965506753678972	1	"No data points have the baseline factor level"	"abundance"	20	2
"NODE_3088_length_1057_cov_2.450100"	"PrePostFVT"	"Post"	"PrePostFVTPost"	NA	NA	NA	NA	NA	0.969950251064969	1	"No data points have the baseline factor level"	"abundance"	20	2
"NODE_309_length_14316_cov_11.820279"	"PrePostFVT"	"During"	"PrePostFVTDuring"	NA	NA	NA	NA	NA	0.959381128869494	1	"No data points have the baseline factor level"	"abundance"	20	8
"NODE_309_length_14316_cov_11.820279"	"PrePostFVT"	"Post"	"PrePostFVTPost"	NA	NA	NA	NA	NA	0.954686964186014	1	"No data points have the baseline factor level"	"abundance"	20	8
"NODE_31_length_41541_cov_15.540929"	"PrePostFVT"	"During"	"PrePostFVTDuring"	NA	NA	NA	NA	NA	0.995726018137703	1	"grouping factors must have > 1 sampled level"	"abundance"	20	2
"NODE_31_length_41541_cov_15.540929"	"PrePostFVT"	"Post"	"PrePostFVTPost"	NA	NA	NA	NA	NA	0.985847948697276	1	"grouping factors must have > 1 sampled level"	"abundance"	20	2
"NODE_3105_length_1745_cov_4.652071"	"PrePostFVT"	"During"	"PrePostFVTDuring"	NA	NA	NA	NA	NA	0.977966191280939	1	"No data points have the baseline factor level"	"abundance"	20	8
"NODE_3105_length_1745_cov_4.652071"	"PrePostFVT"	"Post"	"PrePostFVTPost"	NA	NA	NA	NA	NA	0.976462913076056	1	"No data points have the baseline factor level"	"abundance"	20	8
"NODE_313_length_3138_cov_6.434317"	"PrePostFVT"	"During"	"PrePostFVTDuring"	0.763267658119518	NA	0.506137196719607	0.369409365292504	NA	0.999999831741738	1	"Model may not have converged with 1 eigenvalue close to zero: 4.9e-11"	"abundance"	20	4
"NODE_313_length_3138_cov_6.434317"	"PrePostFVT"	"Post"	"PrePostFVTPost"	0.158164877536296	NA	0.506137196719607	0.806410309111639	NA	0.29955774691002	0.873767032882173	"Model may not have converged with 1 eigenvalue close to zero: 4.9e-11"	"abundance"	20	4
"NODE_314_length_7969_cov_4.678292"	"PrePostFVT"	"During"	"PrePostFVTDuring"	NA	NA	NA	NA	NA	0.456860183551801	1	"number of levels of each grouping factor must be < number of observations (problems: AnimalID)"	"abundance"	20	3
"NODE_314_length_7969_cov_4.678292"	"PrePostFVT"	"Post"	"PrePostFVTPost"	NA	NA	NA	NA	NA	0.204635355480988	0.758034601176654	"number of levels of each grouping factor must be < number of observations (problems: AnimalID)"	"abundance"	20	3
"NODE_3186_length_1702_cov_3.933212"	"PrePostFVT"	"During"	"PrePostFVTDuring"	NA	NA	NA	NA	NA	0.953733877010671	1	"Model may not have converged with 1 eigenvalue close to zero: 7.9e-11"	"abundance"	20	4
"NODE_3186_length_1702_cov_3.933212"	"PrePostFVT"	"Post"	"PrePostFVTPost"	4.63175620198581	NA	0.974042972016568	0.0293412961701267	NA	0.482169220921563	1	"Model may not have converged with 1 eigenvalue close to zero: 7.9e-11"	"abundance"	20	4
"NODE_3202_length_1566_cov_4.050960"	"PrePostFVT"	"During"	"PrePostFVTDuring"	NA	NA	NA	NA	NA	0.576940636865018	1	"not a positive definite matrix (and positive semidefiniteness is not checked)"	"abundance"	20	3
"NODE_3202_length_1566_cov_4.050960"	"PrePostFVT"	"Post"	"PrePostFVTPost"	NA	NA	NA	NA	NA	0.758325001183885	1	"not a positive definite matrix (and positive semidefiniteness is not checked)"	"abundance"	20	3
"NODE_3284_length_1275_cov_10.163115"	"PrePostFVT"	"During"	"PrePostFVTDuring"	NA	NA	NA	NA	NA	0.980237001304319	1	"contrasts can be applied only to factors with 2 or more levels"	"abundance"	20	6
"NODE_3284_length_1275_cov_10.163115"	"PrePostFVT"	"Post"	"PrePostFVTPost"	NA	NA	NA	NA	NA	0.980001329768096	1	"contrasts can be applied only to factors with 2 or more levels"	"abundance"	20	6
"NODE_331_length_5691_cov_9.424769"	"PrePostFVT"	"During"	"PrePostFVTDuring"	NA	NA	NA	NA	NA	0.993217709039584	1	"contrasts can be applied only to factors with 2 or more levels"	"abundance"	20	5
"NODE_331_length_5691_cov_9.424769"	"PrePostFVT"	"Post"	"PrePostFVTPost"	NA	NA	NA	NA	NA	0.978808277416824	1	"contrasts can be applied only to factors with 2 or more levels"	"abundance"	20	5
"NODE_336_length_7643_cov_6.080522"	"PrePostFVT"	"During"	"PrePostFVTDuring"	NA	NA	NA	NA	NA	0.45686017439314	1	"number of levels of each grouping factor must be < number of observations (problems: AnimalID)"	"abundance"	20	4
"NODE_336_length_7643_cov_6.080522"	"PrePostFVT"	"Post"	"PrePostFVTPost"	NA	NA	NA	NA	NA	0.204635350142754	0.758034601176654	"number of levels of each grouping factor must be < number of observations (problems: AnimalID)"	"abundance"	20	4
"NODE_3386_length_1614_cov_12.089801"	"PrePostFVT"	"During"	"PrePostFVTDuring"	NA	NA	NA	NA	NA	0.950202920100395	1	"number of levels of each grouping factor must be < number of observations (problems: AnimalID)"	"abundance"	20	2
"NODE_3386_length_1614_cov_12.089801"	"PrePostFVT"	"Post"	"PrePostFVTPost"	NA	NA	NA	NA	NA	0.968354224807565	1	"number of levels of each grouping factor must be < number of observations (problems: AnimalID)"	"abundance"	20	2
"NODE_340_length_15085_cov_7.306520"	"PrePostFVT"	"During"	"PrePostFVTDuring"	NA	NA	NA	NA	NA	0.993217709039584	1	"contrasts can be applied only to factors with 2 or more levels"	"abundance"	20	5
"NODE_340_length_15085_cov_7.306520"	"PrePostFVT"	"Post"	"PrePostFVTPost"	NA	NA	NA	NA	NA	0.978808277416824	1	"contrasts can be applied only to factors with 2 or more levels"	"abundance"	20	5
"NODE_341_length_2976_cov_5.997946"	"PrePostFVT"	"During"	"PrePostFVTDuring"	5.10545950647043	NA	2.26594229870847	0.264411095601277	NA	0.999999831652012	1	"Model may not have converged with 1 eigenvalue close to zero: 7.5e-09"	"abundance"	20	5
"NODE_341_length_2976_cov_5.997946"	"PrePostFVT"	"Post"	"PrePostFVTPost"	-0.754827009759803	NA	2.26594229870847	0.794963723350252	NA	0.299557511473488	0.873767032882173	"Model may not have converged with 1 eigenvalue close to zero: 7.5e-09"	"abundance"	20	5
"NODE_344_length_20349_cov_6.230117"	"PrePostFVT"	"During"	"PrePostFVTDuring"	0.13239083068246	NA	0.60702455579478	0.846222572705246	NA	0.629093669230961	1	"Model may not have converged with 1 eigenvalue close to zero: 9.6e-11"	"abundance"	20	5
"NODE_344_length_20349_cov_6.230117"	"PrePostFVT"	"Post"	"PrePostFVTPost"	1.03197619050664	NA	0.607024555794781	0.221764575040726	NA	0.101701499679331	0.605803156934642	"Model may not have converged with 1 eigenvalue close to zero: 9.6e-11"	"abundance"	20	5
"NODE_351_length_17457_cov_7.739110"	"PrePostFVT"	"Post"	"PrePostFVTPost"	NA	NA	NA	NA	NA	0.97314661678796	1	"Fitting error (NA p-value returned from fitting procedure)"	"abundance"	20	5
"NODE_3512_length_1188_cov_3.716681"	"PrePostFVT"	"During"	"PrePostFVTDuring"	NA	NA	NA	NA	NA	0.950202920100395	1	"number of levels of each grouping factor must be < number of observations (problems: AnimalID)"	"abundance"	20	2
"NODE_3512_length_1188_cov_3.716681"	"PrePostFVT"	"Post"	"PrePostFVTPost"	NA	NA	NA	NA	NA	0.968354224807565	1	"number of levels of each grouping factor must be < number of observations (problems: AnimalID)"	"abundance"	20	2
"NODE_3574_length_1331_cov_2.348746"	"PrePostFVT"	"During"	"PrePostFVTDuring"	NA	NA	NA	NA	NA	0.577077356289932	1	"number of levels of each grouping factor must be < number of observations (problems: AnimalID)"	"abundance"	20	2
"NODE_3574_length_1331_cov_2.348746"	"PrePostFVT"	"Post"	"PrePostFVTPost"	NA	NA	NA	NA	NA	0.974561046542602	1	"number of levels of each grouping factor must be < number of observations (problems: AnimalID)"	"abundance"	20	2
"NODE_3599_length_1022_cov_3.847983"	"PrePostFVT"	"During"	"PrePostFVTDuring"	NA	NA	NA	NA	NA	0.977966191280939	1	"No data points have the baseline factor level"	"abundance"	20	8
"NODE_3599_length_1022_cov_3.847983"	"PrePostFVT"	"Post"	"PrePostFVTPost"	NA	NA	NA	NA	NA	0.976462913076056	1	"No data points have the baseline factor level"	"abundance"	20	8
"NODE_365_length_6752_cov_5.892788"	"PrePostFVT"	"During"	"PrePostFVTDuring"	NA	NA	NA	NA	NA	0.45686017439314	1	"number of levels of each grouping factor must be < number of observations (problems: AnimalID)"	"abundance"	20	4
"NODE_365_length_6752_cov_5.892788"	"PrePostFVT"	"Post"	"PrePostFVTPost"	NA	NA	NA	NA	NA	0.204635350142754	0.758034601176654	"number of levels of each grouping factor must be < number of observations (problems: AnimalID)"	"abundance"	20	4
"NODE_366_length_26366_cov_7.678081|provirus_5747_26366"	"PrePostFVT"	"During"	"PrePostFVTDuring"	NA	NA	NA	NA	NA	0.980304062580697	1	"Fitting error (NA p-value returned from fitting procedure)"	"abundance"	20	6
"NODE_3686_length_1625_cov_3.493631"	"PrePostFVT"	"During"	"PrePostFVTDuring"	-0.192181094893975	NA	0.139445656175809	0.302022512910823	NA	0.668474356222274	1	"Model may not have converged with 1 eigenvalue close to zero: 5.0e-11"	"abundance"	20	5
"NODE_3686_length_1625_cov_3.493631"	"PrePostFVT"	"Post"	"PrePostFVTPost"	NA	NA	NA	NA	NA	0.388641242620606	0.991128882474445	"Model may not have converged with 1 eigenvalue close to zero: 5.0e-11"	"abundance"	20	5
"NODE_3716_length_1611_cov_2.967866"	"PrePostFVT"	"During"	"PrePostFVTDuring"	NA	NA	NA	NA	NA	0.888772194424996	1	"Fitting error (NA p-value returned from fitting procedure)"	"abundance"	20	7
"NODE_3804_length_1429_cov_2.868996"	"PrePostFVT"	"During"	"PrePostFVTDuring"	NA	NA	NA	NA	NA	0.950202920100395	1	"number of levels of each grouping factor must be < number of observations (problems: AnimalID)"	"abundance"	20	2
"NODE_3804_length_1429_cov_2.868996"	"PrePostFVT"	"Post"	"PrePostFVTPost"	NA	NA	NA	NA	NA	0.968354224807565	1	"number of levels of each grouping factor must be < number of observations (problems: AnimalID)"	"abundance"	20	2
"NODE_3829_length_1032_cov_1.486182"	"PrePostFVT"	"During"	"PrePostFVTDuring"	NA	NA	NA	NA	NA	0.98929340789067	1	"number of levels of each grouping factor must be < number of observations (problems: AnimalID)"	"abundance"	20	2
"NODE_3829_length_1032_cov_1.486182"	"PrePostFVT"	"Post"	"PrePostFVTPost"	NA	NA	NA	NA	NA	0.987677901236525	1	"number of levels of each grouping factor must be < number of observations (problems: AnimalID)"	"abundance"	20	2
"NODE_3896_length_1096_cov_3.636888"	"PrePostFVT"	"During"	"PrePostFVTDuring"	NA	NA	NA	NA	NA	0.993217709039584	1	"contrasts can be applied only to factors with 2 or more levels"	"abundance"	20	5
"NODE_3896_length_1096_cov_3.636888"	"PrePostFVT"	"Post"	"PrePostFVTPost"	NA	NA	NA	NA	NA	0.978808277416824	1	"contrasts can be applied only to factors with 2 or more levels"	"abundance"	20	5
"NODE_397_length_16929_cov_5.824641"	"PrePostFVT"	"During"	"PrePostFVTDuring"	NA	NA	NA	NA	NA	0.980555426790464	1	"number of levels of each grouping factor must be < number of observations (problems: AnimalID)"	"abundance"	20	3
"NODE_397_length_16929_cov_5.824641"	"PrePostFVT"	"Post"	"PrePostFVTPost"	NA	NA	NA	NA	NA	0.311378797172556	0.873767032882173	"number of levels of each grouping factor must be < number of observations (problems: AnimalID)"	"abundance"	20	3
"NODE_40_length_38412_cov_55.863441"	"PrePostFVT"	"During"	"PrePostFVTDuring"	NA	NA	NA	NA	NA	0.980237001304319	1	"contrasts can be applied only to factors with 2 or more levels"	"abundance"	20	7
"NODE_40_length_38412_cov_55.863441"	"PrePostFVT"	"Post"	"PrePostFVTPost"	NA	NA	NA	NA	NA	0.980001329768096	1	"contrasts can be applied only to factors with 2 or more levels"	"abundance"	20	7
"NODE_410_length_13108_cov_8.174519"	"PrePostFVT"	"During"	"PrePostFVTDuring"	NA	NA	NA	NA	NA	0.577056924307724	1	"number of levels of each grouping factor must be < number of observations (problems: AnimalID)"	"abundance"	20	2
"NODE_410_length_13108_cov_8.174519"	"PrePostFVT"	"Post"	"PrePostFVTPost"	NA	NA	NA	NA	NA	0.991272693548533	1	"number of levels of each grouping factor must be < number of observations (problems: AnimalID)"	"abundance"	20	2
"NODE_4157_length_1238_cov_8.467456"	"PrePostFVT"	"Post"	"PrePostFVTPost"	NA	NA	NA	NA	NA	0.388642658764222	0.991128882474445	"Fitting error (NA p-value returned from fitting procedure)"	"abundance"	20	5
"NODE_4165_length_1315_cov_3.457937"	"PrePostFVT"	"During"	"PrePostFVTDuring"	NA	NA	NA	NA	NA	0.999999999999998	1	"No data points have the baseline factor level"	"abundance"	20	3
"NODE_4165_length_1315_cov_3.457937"	"PrePostFVT"	"Post"	"PrePostFVTPost"	NA	NA	NA	NA	NA	0.245104580136543	0.837654629464585	"No data points have the baseline factor level"	"abundance"	20	3
"NODE_4171_length_1046_cov_3.464178"	"PrePostFVT"	"During"	"PrePostFVTDuring"	NA	NA	NA	NA	NA	0.964421249375834	1	"Fitting error (NA p-value returned from fitting procedure)"	"abundance"	20	8
"NODE_4268_length_1176_cov_6.979483"	"PrePostFVT"	"During"	"PrePostFVTDuring"	NA	NA	NA	NA	NA	0.972646425197625	1	"No data points have the baseline factor level"	"abundance"	20	7
"NODE_4268_length_1176_cov_6.979483"	"PrePostFVT"	"Post"	"PrePostFVTPost"	NA	NA	NA	NA	NA	0.970716847324663	1	"No data points have the baseline factor level"	"abundance"	20	7
"NODE_428_length_4500_cov_14.119685"	"PrePostFVT"	"During"	"PrePostFVTDuring"	NA	NA	NA	NA	NA	1	1	"No data points have the baseline factor level"	"abundance"	20	2
"NODE_428_length_4500_cov_14.119685"	"PrePostFVT"	"Post"	"PrePostFVTPost"	NA	NA	NA	NA	NA	0.358990004524744	0.94170721118156	"No data points have the baseline factor level"	"abundance"	20	2
"NODE_432_length_11598_cov_6.284415"	"PrePostFVT"	"Post"	"PrePostFVTPost"	NA	NA	NA	NA	NA	0.704766786543544	1	"Fitting error (NA p-value returned from fitting procedure)"	"abundance"	20	10
"NODE_4372_length_1213_cov_2.302245"	"PrePostFVT"	"During"	"PrePostFVTDuring"	NA	NA	NA	NA	NA	0.456860174321231	1	"number of levels of each grouping factor must be < number of observations (problems: AnimalID)"	"abundance"	20	3
"NODE_4372_length_1213_cov_2.302245"	"PrePostFVT"	"Post"	"PrePostFVTPost"	NA	NA	NA	NA	NA	0.204635345645381	0.758034601176654	"number of levels of each grouping factor must be < number of observations (problems: AnimalID)"	"abundance"	20	3
"NODE_4425_length_1021_cov_4.517598"	"PrePostFVT"	"During"	"PrePostFVTDuring"	0.755555583211829	NA	0.510474606923338	0.37642033673755	NA	0.999999999999999	1	"Model may not have converged with 1 eigenvalue close to zero: 4.4e-11"	"abundance"	20	3
"NODE_4425_length_1021_cov_4.517598"	"PrePostFVT"	"Post"	"PrePostFVTPost"	NA	NA	NA	NA	NA	0.353324869210269	0.935794742937876	"Model may not have converged with 1 eigenvalue close to zero: 4.4e-11"	"abundance"	20	3
"NODE_444_length_8251_cov_19.583333"	"PrePostFVT"	"During"	"PrePostFVTDuring"	NA	NA	NA	NA	NA	0.950202920100395	1	"number of levels of each grouping factor must be < number of observations (problems: AnimalID)"	"abundance"	20	2
"NODE_444_length_8251_cov_19.583333"	"PrePostFVT"	"Post"	"PrePostFVTPost"	NA	NA	NA	NA	NA	0.968354224807565	1	"number of levels of each grouping factor must be < number of observations (problems: AnimalID)"	"abundance"	20	2
"NODE_4504_length_1360_cov_3.496552"	"PrePostFVT"	"During"	"PrePostFVTDuring"	NA	NA	NA	NA	NA	0.969626986271252	1	"Fitting error (NA p-value returned from fitting procedure)"	"abundance"	20	5
"NODE_455_length_4871_cov_3.309178"	"PrePostFVT"	"During"	"PrePostFVTDuring"	NA	NA	NA	NA	NA	0.980304062580697	1	"Fitting error (NA p-value returned from fitting procedure)"	"abundance"	20	6
"NODE_455_length_9365_cov_7.862406"	"PrePostFVT"	"During"	"PrePostFVTDuring"	NA	NA	NA	NA	NA	0.992253865134191	1	"Fitting error (NA p-value returned from fitting procedure)"	"abundance"	20	5
"NODE_461_length_8240_cov_11.483201"	"PrePostFVT"	"During"	"PrePostFVTDuring"	NA	NA	NA	NA	NA	0.963351989542521	1	"Fitting error (NA p-value returned from fitting procedure)"	"abundance"	20	5
"NODE_471_length_10690_cov_5.362482"	"PrePostFVT"	"During"	"PrePostFVTDuring"	NA	NA	NA	NA	NA	0.980304062580697	1	"Fitting error (NA p-value returned from fitting procedure)"	"abundance"	20	6
"NODE_4715_length_1303_cov_2.362179"	"PrePostFVT"	"During"	"PrePostFVTDuring"	NA	NA	NA	NA	NA	0.576982265328158	1	"number of levels of each grouping factor must be < number of observations (problems: AnimalID)"	"abundance"	20	2
"NODE_4715_length_1303_cov_2.362179"	"PrePostFVT"	"Post"	"PrePostFVTPost"	NA	NA	NA	NA	NA	0.969828257984446	1	"number of levels of each grouping factor must be < number of observations (problems: AnimalID)"	"abundance"	20	2
"NODE_475_length_11718_cov_5.183058"	"PrePostFVT"	"During"	"PrePostFVTDuring"	NA	NA	NA	NA	NA	0.456860174321231	1	"number of levels of each grouping factor must be < number of observations (problems: AnimalID)"	"abundance"	20	3
"NODE_475_length_11718_cov_5.183058"	"PrePostFVT"	"Post"	"PrePostFVTPost"	NA	NA	NA	NA	NA	0.204635345645381	0.758034601176654	"number of levels of each grouping factor must be < number of observations (problems: AnimalID)"	"abundance"	20	3
"NODE_476_length_10574_cov_8.492252"	"PrePostFVT"	"During"	"PrePostFVTDuring"	NA	NA	NA	NA	NA	0.577056924307724	1	"number of levels of each grouping factor must be < number of observations (problems: AnimalID)"	"abundance"	20	2
"NODE_476_length_10574_cov_8.492252"	"PrePostFVT"	"Post"	"PrePostFVTPost"	NA	NA	NA	NA	NA	0.991272693548533	1	"number of levels of each grouping factor must be < number of observations (problems: AnimalID)"	"abundance"	20	2
"NODE_489_length_18498_cov_16.453017"	"PrePostFVT"	"During"	"PrePostFVTDuring"	NA	NA	NA	NA	NA	0.980237001304319	1	"contrasts can be applied only to factors with 2 or more levels"	"abundance"	20	6
"NODE_489_length_18498_cov_16.453017"	"PrePostFVT"	"Post"	"PrePostFVTPost"	NA	NA	NA	NA	NA	0.980001329768096	1	"contrasts can be applied only to factors with 2 or more levels"	"abundance"	20	6
"NODE_502_length_9921_cov_9.503953"	"PrePostFVT"	"During"	"PrePostFVTDuring"	5.34063972996953	NA	2.59619826886843	0.25415418123596	NA	1	1	"Model may not have converged with 1 eigenvalue close to zero: 6.0e-10"	"abundance"	20	5
"NODE_502_length_9921_cov_9.503953"	"PrePostFVT"	"Post"	"PrePostFVTPost"	0.502521472343267	NA	2.59619826886843	0.874075122930989	NA	0.29193727128134	0.871765233337443	"Model may not have converged with 1 eigenvalue close to zero: 6.0e-10"	"abundance"	20	5
"NODE_506_length_14593_cov_7.901087"	"PrePostFVT"	"During"	"PrePostFVTDuring"	NA	NA	NA	NA	NA	0.980555426790464	1	"number of levels of each grouping factor must be < number of observations (problems: AnimalID)"	"abundance"	20	3
"NODE_506_length_14593_cov_7.901087"	"PrePostFVT"	"Post"	"PrePostFVTPost"	NA	NA	NA	NA	NA	0.311378797172556	0.873767032882173	"number of levels of each grouping factor must be < number of observations (problems: AnimalID)"	"abundance"	20	3
"NODE_5077_length_1011_cov_1.685146"	"PrePostFVT"	"During"	"PrePostFVTDuring"	NA	NA	NA	NA	NA	0.577077356289932	1	"number of levels of each grouping factor must be < number of observations (problems: AnimalID)"	"abundance"	20	2
"NODE_5077_length_1011_cov_1.685146"	"PrePostFVT"	"Post"	"PrePostFVTPost"	NA	NA	NA	NA	NA	0.974561046542602	1	"number of levels of each grouping factor must be < number of observations (problems: AnimalID)"	"abundance"	20	2
"NODE_513_length_8890_cov_6.308659"	"PrePostFVT"	"Post"	"PrePostFVTPost"	NA	NA	NA	NA	NA	0.704766786543544	1	"Fitting error (NA p-value returned from fitting procedure)"	"abundance"	20	9
"NODE_5130_length_1228_cov_2.198636"	"PrePostFVT"	"During"	"PrePostFVTDuring"	NA	NA	NA	NA	NA	0.588672454502174	1	"Fitting error (NA p-value returned from fitting procedure)"	"abundance"	20	5
"NODE_516_length_24243_cov_6.742434"	"PrePostFVT"	"During"	"PrePostFVTDuring"	NA	NA	NA	NA	NA	0.980555426790464	1	"number of levels of each grouping factor must be < number of observations (problems: AnimalID)"	"abundance"	20	3
"NODE_516_length_24243_cov_6.742434"	"PrePostFVT"	"Post"	"PrePostFVTPost"	NA	NA	NA	NA	NA	0.311378797172556	0.873767032882173	"number of levels of each grouping factor must be < number of observations (problems: AnimalID)"	"abundance"	20	3
"NODE_518_length_4291_cov_13.228281"	"PrePostFVT"	"Post"	"PrePostFVTPost"	NA	NA	NA	NA	NA	0.990250188014415	1	"Fitting error (NA p-value returned from fitting procedure)"	"abundance"	20	9
"NODE_520_length_9259_cov_14.997827"	"PrePostFVT"	"Post"	"PrePostFVTPost"	NA	NA	NA	NA	NA	NA	NA	"Fitting error (NA p-value returned from fitting procedure)"	"abundance"	20	5
"NODE_523_length_5655_cov_4.423929"	"PrePostFVT"	"During"	"PrePostFVTDuring"	NA	NA	NA	NA	NA	0.45686017439314	1	"number of levels of each grouping factor must be < number of observations (problems: AnimalID)"	"abundance"	20	4
"NODE_523_length_5655_cov_4.423929"	"PrePostFVT"	"Post"	"PrePostFVTPost"	NA	NA	NA	NA	NA	0.204635350142754	0.758034601176654	"number of levels of each grouping factor must be < number of observations (problems: AnimalID)"	"abundance"	20	4
"NODE_564_length_12863_cov_9.493910"	"PrePostFVT"	"During"	"PrePostFVTDuring"	NA	NA	NA	NA	NA	0.577056924307724	1	"number of levels of each grouping factor must be < number of observations (problems: AnimalID)"	"abundance"	20	2
"NODE_564_length_12863_cov_9.493910"	"PrePostFVT"	"Post"	"PrePostFVTPost"	NA	NA	NA	NA	NA	0.991272693548533	1	"number of levels of each grouping factor must be < number of observations (problems: AnimalID)"	"abundance"	20	2
"NODE_569_length_3346_cov_3.490125"	"PrePostFVT"	"During"	"PrePostFVTDuring"	NA	NA	NA	NA	NA	0.974209994038244	1	"number of levels of each grouping factor must be < number of observations (problems: AnimalID)"	"abundance"	20	2
"NODE_569_length_3346_cov_3.490125"	"PrePostFVT"	"Post"	"PrePostFVTPost"	NA	NA	NA	NA	NA	0.966847242033371	1	"number of levels of each grouping factor must be < number of observations (problems: AnimalID)"	"abundance"	20	2
"NODE_581_length_3648_cov_8.794044"	"PrePostFVT"	"Post"	"PrePostFVTPost"	NA	NA	NA	NA	NA	0.968879049139994	1	"Fitting error (NA p-value returned from fitting procedure)"	"abundance"	20	8
"NODE_590_length_3147_cov_3.171087"	"PrePostFVT"	"During"	"PrePostFVTDuring"	NA	NA	NA	NA	NA	0.456860183551801	1	"number of levels of each grouping factor must be < number of observations (problems: AnimalID)"	"abundance"	20	3
"NODE_590_length_3147_cov_3.171087"	"PrePostFVT"	"Post"	"PrePostFVTPost"	NA	NA	NA	NA	NA	0.204635355480988	0.758034601176654	"number of levels of each grouping factor must be < number of observations (problems: AnimalID)"	"abundance"	20	3
"NODE_5977_length_1065_cov_2.836634"	"PrePostFVT"	"During"	"PrePostFVTDuring"	NA	NA	NA	NA	NA	0.950202920100395	1	"number of levels of each grouping factor must be < number of observations (problems: AnimalID)"	"abundance"	20	2
"NODE_5977_length_1065_cov_2.836634"	"PrePostFVT"	"Post"	"PrePostFVTPost"	NA	NA	NA	NA	NA	0.968354224807565	1	"number of levels of each grouping factor must be < number of observations (problems: AnimalID)"	"abundance"	20	2
"NODE_599_length_7106_cov_9.189760"	"PrePostFVT"	"During"	"PrePostFVTDuring"	NA	NA	NA	NA	NA	0.954675901980848	1	"No data points have the baseline factor level"	"abundance"	20	8
"NODE_599_length_7106_cov_9.189760"	"PrePostFVT"	"Post"	"PrePostFVTPost"	NA	NA	NA	NA	NA	0.949358873114998	1	"No data points have the baseline factor level"	"abundance"	20	8
"NODE_5997_length_1100_cov_2.450718"	"PrePostFVT"	"During"	"PrePostFVTDuring"	NA	NA	NA	NA	NA	0.993767102997304	1	"number of levels of each grouping factor must be < number of observations (problems: AnimalID)"	"abundance"	20	2
"NODE_5997_length_1100_cov_2.450718"	"PrePostFVT"	"Post"	"PrePostFVTPost"	NA	NA	NA	NA	NA	0.988103957039306	1	"number of levels of each grouping factor must be < number of observations (problems: AnimalID)"	"abundance"	20	2
"NODE_60_length_70157_cov_14.317295|provirus_6729_54193"	"PrePostFVT"	"During"	"PrePostFVTDuring"	NA	NA	NA	NA	NA	0.577056924307724	1	"number of levels of each grouping factor must be < number of observations (problems: AnimalID)"	"abundance"	20	2
"NODE_60_length_70157_cov_14.317295|provirus_6729_54193"	"PrePostFVT"	"Post"	"PrePostFVTPost"	NA	NA	NA	NA	NA	0.991272693548533	1	"number of levels of each grouping factor must be < number of observations (problems: AnimalID)"	"abundance"	20	2
"NODE_610_length_3029_cov_10.024210"	"PrePostFVT"	"During"	"PrePostFVTDuring"	NA	NA	NA	NA	NA	0.993217709039584	1	"contrasts can be applied only to factors with 2 or more levels"	"abundance"	20	5
"NODE_610_length_3029_cov_10.024210"	"PrePostFVT"	"Post"	"PrePostFVTPost"	NA	NA	NA	NA	NA	0.978808277416824	1	"contrasts can be applied only to factors with 2 or more levels"	"abundance"	20	5
"NODE_615_length_3013_cov_5.146383"	"PrePostFVT"	"During"	"PrePostFVTDuring"	NA	NA	NA	NA	NA	0.974209994038244	1	"number of levels of each grouping factor must be < number of observations (problems: AnimalID)"	"abundance"	20	2
"NODE_615_length_3013_cov_5.146383"	"PrePostFVT"	"Post"	"PrePostFVTPost"	NA	NA	NA	NA	NA	0.966847242033371	1	"number of levels of each grouping factor must be < number of observations (problems: AnimalID)"	"abundance"	20	2
"NODE_622_length_4852_cov_5.285178"	"PrePostFVT"	"During"	"PrePostFVTDuring"	NA	NA	NA	NA	NA	0.974209994038244	1	"number of levels of each grouping factor must be < number of observations (problems: AnimalID)"	"abundance"	20	3
"NODE_622_length_4852_cov_5.285178"	"PrePostFVT"	"Post"	"PrePostFVTPost"	NA	NA	NA	NA	NA	0.966847242033371	1	"number of levels of each grouping factor must be < number of observations (problems: AnimalID)"	"abundance"	20	3
"NODE_640_length_5855_cov_4.590690"	"PrePostFVT"	"Post"	"PrePostFVTPost"	NA	NA	NA	NA	NA	0.995004854960377	1	"Fitting error (NA p-value returned from fitting procedure)"	"abundance"	20	5
"NODE_652_length_10452_cov_8.919592"	"PrePostFVT"	"During"	"PrePostFVTDuring"	NA	NA	NA	NA	NA	0.980237001304319	1	"contrasts can be applied only to factors with 2 or more levels"	"abundance"	20	6
"NODE_652_length_10452_cov_8.919592"	"PrePostFVT"	"Post"	"PrePostFVTPost"	NA	NA	NA	NA	NA	0.980001329768096	1	"contrasts can be applied only to factors with 2 or more levels"	"abundance"	20	6
"NODE_660_length_7949_cov_14.370661"	"PrePostFVT"	"During"	"PrePostFVTDuring"	NA	NA	NA	NA	NA	0.577056924307724	1	"number of levels of each grouping factor must be < number of observations (problems: AnimalID)"	"abundance"	20	2
"NODE_660_length_7949_cov_14.370661"	"PrePostFVT"	"Post"	"PrePostFVTPost"	NA	NA	NA	NA	NA	0.991272693548533	1	"number of levels of each grouping factor must be < number of observations (problems: AnimalID)"	"abundance"	20	2
"NODE_669_length_3318_cov_13.807539"	"PrePostFVT"	"Post"	"PrePostFVTPost"	NA	NA	NA	NA	NA	0.968879049139994	1	"Fitting error (NA p-value returned from fitting procedure)"	"abundance"	20	8
"NODE_680_length_15026_cov_185.942956"	"PrePostFVT"	"Post"	"PrePostFVTPost"	NA	NA	NA	NA	NA	0.204635350352969	0.758034601176654	"Fitting error (NA p-value returned from fitting procedure)"	"abundance"	20	6
"NODE_680_length_3182_cov_4.424368"	"PrePostFVT"	"During"	"PrePostFVTDuring"	NA	NA	NA	NA	NA	0.980237001304319	1	"contrasts can be applied only to factors with 2 or more levels"	"abundance"	20	6
"NODE_680_length_3182_cov_4.424368"	"PrePostFVT"	"Post"	"PrePostFVTPost"	NA	NA	NA	NA	NA	0.980001329768096	1	"contrasts can be applied only to factors with 2 or more levels"	"abundance"	20	6
"NODE_682_length_2733_cov_15.867438"	"PrePostFVT"	"During"	"PrePostFVTDuring"	NA	NA	NA	NA	NA	0.9963470851611	1	"contrasts can be applied only to factors with 2 or more levels"	"abundance"	20	5
"NODE_682_length_2733_cov_15.867438"	"PrePostFVT"	"Post"	"PrePostFVTPost"	NA	NA	NA	NA	NA	0.991588121621818	1	"contrasts can be applied only to factors with 2 or more levels"	"abundance"	20	5
"NODE_689_length_11453_cov_7.538691"	"PrePostFVT"	"Post"	"PrePostFVTPost"	NA	NA	NA	NA	NA	0.704766786543544	1	"Fitting error (NA p-value returned from fitting procedure)"	"abundance"	20	10
"NODE_707_length_8757_cov_7.045852"	"PrePostFVT"	"During"	"PrePostFVTDuring"	NA	NA	NA	NA	NA	0.980555426790464	1	"number of levels of each grouping factor must be < number of observations (problems: AnimalID)"	"abundance"	20	3
"NODE_707_length_8757_cov_7.045852"	"PrePostFVT"	"Post"	"PrePostFVTPost"	NA	NA	NA	NA	NA	0.311378797172556	0.873767032882173	"number of levels of each grouping factor must be < number of observations (problems: AnimalID)"	"abundance"	20	3
"NODE_712_length_4458_cov_5.068135"	"PrePostFVT"	"During"	"PrePostFVTDuring"	NA	NA	NA	NA	NA	0.995726018137703	1	"grouping factors must have > 1 sampled level"	"abundance"	20	2
"NODE_712_length_4458_cov_5.068135"	"PrePostFVT"	"Post"	"PrePostFVTPost"	NA	NA	NA	NA	NA	0.985847948697276	1	"grouping factors must have > 1 sampled level"	"abundance"	20	2
"NODE_712_length_5109_cov_8.122477"	"PrePostFVT"	"During"	"PrePostFVTDuring"	NA	NA	NA	NA	NA	0.577056924307724	1	"number of levels of each grouping factor must be < number of observations (problems: AnimalID)"	"abundance"	20	2
"NODE_712_length_5109_cov_8.122477"	"PrePostFVT"	"Post"	"PrePostFVTPost"	NA	NA	NA	NA	NA	0.991272693548533	1	"number of levels of each grouping factor must be < number of observations (problems: AnimalID)"	"abundance"	20	2
"NODE_715_length_5755_cov_15.409474"	"PrePostFVT"	"During"	"PrePostFVTDuring"	NA	NA	NA	NA	NA	0.58867245420296	1	"Fitting error (NA p-value returned from fitting procedure)"	"abundance"	20	6
"NODE_719_length_6734_cov_5.638269"	"PrePostFVT"	"During"	"PrePostFVTDuring"	NA	NA	NA	NA	NA	0.99999899450026	1	"No data points have the baseline factor level"	"abundance"	20	2
"NODE_719_length_6734_cov_5.638269"	"PrePostFVT"	"Post"	"PrePostFVTPost"	NA	NA	NA	NA	NA	0.953788235930471	1	"No data points have the baseline factor level"	"abundance"	20	2
"NODE_735_length_8116_cov_8.504404"	"PrePostFVT"	"During"	"PrePostFVTDuring"	NA	NA	NA	NA	NA	0.977966191280939	1	"No data points have the baseline factor level"	"abundance"	20	8
"NODE_735_length_8116_cov_8.504404"	"PrePostFVT"	"Post"	"PrePostFVTPost"	NA	NA	NA	NA	NA	0.976462913076056	1	"No data points have the baseline factor level"	"abundance"	20	8
"NODE_755_length_8367_cov_9.003248"	"PrePostFVT"	"During"	"PrePostFVTDuring"	-0.23165874752396	NA	0.23235078952281	0.423333427589064	NA	0.629093669230961	1	"Model may not have converged with 1 eigenvalue close to zero: 1.8e-09"	"abundance"	20	5
"NODE_755_length_8367_cov_9.003248"	"PrePostFVT"	"Post"	"PrePostFVTPost"	1.25288911302138	NA	0.23235078952281	0.0323479714578187	NA	0.101701499679331	0.605803156934642	"Model may not have converged with 1 eigenvalue close to zero: 1.8e-09"	"abundance"	20	5
"NODE_758_length_7743_cov_7.138528"	"PrePostFVT"	"During"	"PrePostFVTDuring"	NA	NA	NA	NA	NA	0.980555426790464	1	"number of levels of each grouping factor must be < number of observations (problems: AnimalID)"	"abundance"	20	3
"NODE_758_length_7743_cov_7.138528"	"PrePostFVT"	"Post"	"PrePostFVTPost"	NA	NA	NA	NA	NA	0.311378797172556	0.873767032882173	"number of levels of each grouping factor must be < number of observations (problems: AnimalID)"	"abundance"	20	3
"NODE_759_length_7518_cov_9.268659"	"PrePostFVT"	"During"	"PrePostFVTDuring"	NA	NA	NA	NA	NA	NA	NA	"contrasts can be applied only to factors with 2 or more levels"	"abundance"	20	4
"NODE_759_length_7518_cov_9.268659"	"PrePostFVT"	"Post"	"PrePostFVTPost"	NA	NA	NA	NA	NA	NA	NA	"contrasts can be applied only to factors with 2 or more levels"	"abundance"	20	4
"NODE_770_length_9556_cov_5.364383"	"PrePostFVT"	"During"	"PrePostFVTDuring"	NA	NA	NA	NA	NA	0.456860174321231	1	"number of levels of each grouping factor must be < number of observations (problems: AnimalID)"	"abundance"	20	3
"NODE_770_length_9556_cov_5.364383"	"PrePostFVT"	"Post"	"PrePostFVTPost"	NA	NA	NA	NA	NA	0.204635345645381	0.758034601176654	"number of levels of each grouping factor must be < number of observations (problems: AnimalID)"	"abundance"	20	3
"NODE_784_length_6479_cov_5.934153"	"PrePostFVT"	"During"	"PrePostFVTDuring"	NA	NA	NA	NA	NA	0.577056924307724	1	"number of levels of each grouping factor must be < number of observations (problems: AnimalID)"	"abundance"	20	2
"NODE_784_length_6479_cov_5.934153"	"PrePostFVT"	"Post"	"PrePostFVTPost"	NA	NA	NA	NA	NA	0.991272693548533	1	"number of levels of each grouping factor must be < number of observations (problems: AnimalID)"	"abundance"	20	2
"NODE_792_length_7956_cov_4.092140"	"PrePostFVT"	"During"	"PrePostFVTDuring"	NA	NA	NA	NA	NA	0.958858764661156	1	"number of levels of each grouping factor must be < number of observations (problems: AnimalID)"	"abundance"	20	2
"NODE_792_length_7956_cov_4.092140"	"PrePostFVT"	"Post"	"PrePostFVTPost"	NA	NA	NA	NA	NA	0.757976729129458	1	"number of levels of each grouping factor must be < number of observations (problems: AnimalID)"	"abundance"	20	2
"NODE_80_length_39770_cov_64.322573"	"PrePostFVT"	"During"	"PrePostFVTDuring"	NA	NA	NA	NA	NA	0.980237001304319	1	"contrasts can be applied only to factors with 2 or more levels"	"abundance"	20	7
"NODE_80_length_39770_cov_64.322573"	"PrePostFVT"	"Post"	"PrePostFVTPost"	NA	NA	NA	NA	NA	0.980001329768096	1	"contrasts can be applied only to factors with 2 or more levels"	"abundance"	20	7
"NODE_802_length_5965_cov_50.257191"	"PrePostFVT"	"During"	"PrePostFVTDuring"	NA	NA	NA	NA	NA	0.980237001304319	1	"contrasts can be applied only to factors with 2 or more levels"	"abundance"	20	7
"NODE_802_length_5965_cov_50.257191"	"PrePostFVT"	"Post"	"PrePostFVTPost"	NA	NA	NA	NA	NA	0.980001329768096	1	"contrasts can be applied only to factors with 2 or more levels"	"abundance"	20	7
"NODE_803_length_4498_cov_1136.345262"	"PrePostFVT"	"Post"	"PrePostFVTPost"	NA	NA	NA	NA	NA	0.96953180296864	1	"Fitting error (NA p-value returned from fitting procedure)"	"abundance"	20	7
"NODE_834_length_6781_cov_6.453464"	"PrePostFVT"	"During"	"PrePostFVTDuring"	NA	NA	NA	NA	NA	0.950202920100395	1	"number of levels of each grouping factor must be < number of observations (problems: AnimalID)"	"abundance"	20	2
"NODE_834_length_6781_cov_6.453464"	"PrePostFVT"	"Post"	"PrePostFVTPost"	NA	NA	NA	NA	NA	0.968354224807565	1	"number of levels of each grouping factor must be < number of observations (problems: AnimalID)"	"abundance"	20	2
"NODE_836_length_3127_cov_6.355794"	"PrePostFVT"	"During"	"PrePostFVTDuring"	NA	NA	NA	NA	NA	1	1	"No data points have the baseline factor level"	"abundance"	20	2
"NODE_836_length_3127_cov_6.355794"	"PrePostFVT"	"Post"	"PrePostFVTPost"	NA	NA	NA	NA	NA	0.358989639800966	0.94170721118156	"No data points have the baseline factor level"	"abundance"	20	2
"NODE_847_length_6595_cov_5.830734"	"PrePostFVT"	"During"	"PrePostFVTDuring"	NA	NA	NA	NA	NA	0.980555426790464	1	"number of levels of each grouping factor must be < number of observations (problems: AnimalID)"	"abundance"	20	3
"NODE_847_length_6595_cov_5.830734"	"PrePostFVT"	"Post"	"PrePostFVTPost"	NA	NA	NA	NA	NA	0.311378797172556	0.873767032882173	"number of levels of each grouping factor must be < number of observations (problems: AnimalID)"	"abundance"	20	3
"NODE_853_length_3921_cov_3.226849"	"PrePostFVT"	"During"	"PrePostFVTDuring"	NA	NA	NA	NA	NA	0.45686017439314	1	"number of levels of each grouping factor must be < number of observations (problems: AnimalID)"	"abundance"	20	4
"NODE_853_length_3921_cov_3.226849"	"PrePostFVT"	"Post"	"PrePostFVTPost"	NA	NA	NA	NA	NA	0.204635350142754	0.758034601176654	"number of levels of each grouping factor must be < number of observations (problems: AnimalID)"	"abundance"	20	4
"NODE_854_length_5650_cov_8.915639"	"PrePostFVT"	"During"	"PrePostFVTDuring"	NA	NA	NA	NA	NA	0.980237001304319	1	"contrasts can be applied only to factors with 2 or more levels"	"abundance"	20	6
"NODE_854_length_5650_cov_8.915639"	"PrePostFVT"	"Post"	"PrePostFVTPost"	NA	NA	NA	NA	NA	0.980001329768096	1	"contrasts can be applied only to factors with 2 or more levels"	"abundance"	20	6
"NODE_855_length_4964_cov_12.551232"	"PrePostFVT"	"During"	"PrePostFVTDuring"	NA	NA	NA	NA	NA	0.977966191280939	1	"No data points have the baseline factor level"	"abundance"	20	7
"NODE_855_length_4964_cov_12.551232"	"PrePostFVT"	"Post"	"PrePostFVTPost"	NA	NA	NA	NA	NA	0.976462913076056	1	"No data points have the baseline factor level"	"abundance"	20	7
"NODE_859_length_5065_cov_4.762275"	"PrePostFVT"	"During"	"PrePostFVTDuring"	NA	NA	NA	NA	NA	0.977966191280939	1	"No data points have the baseline factor level"	"abundance"	20	7
"NODE_859_length_5065_cov_4.762275"	"PrePostFVT"	"Post"	"PrePostFVTPost"	NA	NA	NA	NA	NA	0.976462913076056	1	"No data points have the baseline factor level"	"abundance"	20	7
"NODE_86_length_18717_cov_289.596774"	"PrePostFVT"	"During"	"PrePostFVTDuring"	NA	NA	NA	NA	NA	0.980297696219963	1	"No data points have the baseline factor level"	"abundance"	20	4
"NODE_86_length_18717_cov_289.596774"	"PrePostFVT"	"Post"	"PrePostFVTPost"	NA	NA	NA	NA	NA	0.98029734689576	1	"No data points have the baseline factor level"	"abundance"	20	4
"NODE_867_length_2238_cov_287.902428"	"PrePostFVT"	"During"	"PrePostFVTDuring"	NA	NA	NA	NA	NA	0.988488051317742	1	"Fitting error (NA p-value returned from fitting procedure)"	"abundance"	20	7
"NODE_867_length_5878_cov_6.202645"	"PrePostFVT"	"During"	"PrePostFVTDuring"	NA	NA	NA	NA	NA	0.993217709039584	1	"contrasts can be applied only to factors with 2 or more levels"	"abundance"	20	5
"NODE_867_length_5878_cov_6.202645"	"PrePostFVT"	"Post"	"PrePostFVTPost"	NA	NA	NA	NA	NA	0.978808277416824	1	"contrasts can be applied only to factors with 2 or more levels"	"abundance"	20	5
"NODE_869_length_6477_cov_9.877297"	"PrePostFVT"	"During"	"PrePostFVTDuring"	NA	NA	NA	NA	NA	0.977966191280939	1	"No data points have the baseline factor level"	"abundance"	20	7
"NODE_869_length_6477_cov_9.877297"	"PrePostFVT"	"Post"	"PrePostFVTPost"	NA	NA	NA	NA	NA	0.976462913076056	1	"No data points have the baseline factor level"	"abundance"	20	7
"NODE_887_length_4870_cov_6.746210"	"PrePostFVT"	"During"	"PrePostFVTDuring"	NA	NA	NA	NA	NA	0.977966191280939	1	"No data points have the baseline factor level"	"abundance"	20	7
"NODE_887_length_4870_cov_6.746210"	"PrePostFVT"	"Post"	"PrePostFVTPost"	NA	NA	NA	NA	NA	0.976462913076056	1	"No data points have the baseline factor level"	"abundance"	20	7
"NODE_89_length_61266_cov_8.215942"	"PrePostFVT"	"Post"	"PrePostFVTPost"	NA	NA	NA	NA	NA	0.704766786543544	1	"Fitting error (NA p-value returned from fitting procedure)"	"abundance"	20	10
"NODE_898_length_6495_cov_6.899224"	"PrePostFVT"	"During"	"PrePostFVTDuring"	NA	NA	NA	NA	NA	0.988488051317742	1	"Fitting error (NA p-value returned from fitting procedure)"	"abundance"	20	7
"NODE_902_length_7455_cov_6.920676"	"PrePostFVT"	"Post"	"PrePostFVTPost"	NA	NA	NA	NA	NA	0.990250188014415	1	"Fitting error (NA p-value returned from fitting procedure)"	"abundance"	20	9
"NODE_909_length_6938_cov_5.084556"	"PrePostFVT"	"During"	"PrePostFVTDuring"	NA	NA	NA	NA	NA	0.456860174321231	1	"number of levels of each grouping factor must be < number of observations (problems: AnimalID)"	"abundance"	20	3
"NODE_909_length_6938_cov_5.084556"	"PrePostFVT"	"Post"	"PrePostFVTPost"	NA	NA	NA	NA	NA	0.204635345645381	0.758034601176654	"number of levels of each grouping factor must be < number of observations (problems: AnimalID)"	"abundance"	20	3
"NODE_912_length_8730_cov_850.056254"	"PrePostFVT"	"During"	"PrePostFVTDuring"	NA	NA	NA	NA	NA	0.959598294469078	1	"No data points have the baseline factor level"	"abundance"	20	6
"NODE_912_length_8730_cov_850.056254"	"PrePostFVT"	"Post"	"PrePostFVTPost"	NA	NA	NA	NA	NA	0.96459150298105	1	"No data points have the baseline factor level"	"abundance"	20	6
"NODE_914_length_3710_cov_6.004104"	"PrePostFVT"	"Post"	"PrePostFVTPost"	NA	NA	NA	NA	NA	0.990250188014415	1	"Fitting error (NA p-value returned from fitting procedure)"	"abundance"	20	9
"NODE_920_length_3929_cov_113.413268"	"PrePostFVT"	"During"	"PrePostFVTDuring"	NA	NA	NA	NA	NA	1	1	"No data points have the baseline factor level"	"abundance"	20	3
"NODE_920_length_3929_cov_113.413268"	"PrePostFVT"	"Post"	"PrePostFVTPost"	NA	NA	NA	NA	NA	0.555577486645003	1	"No data points have the baseline factor level"	"abundance"	20	3
"NODE_925_length_2516_cov_5.385616"	"PrePostFVT"	"During"	"PrePostFVTDuring"	NA	NA	NA	NA	NA	0.45686017439314	1	"number of levels of each grouping factor must be < number of observations (problems: AnimalID)"	"abundance"	20	4
"NODE_925_length_2516_cov_5.385616"	"PrePostFVT"	"Post"	"PrePostFVTPost"	NA	NA	NA	NA	NA	0.204635350142754	0.758034601176654	"number of levels of each grouping factor must be < number of observations (problems: AnimalID)"	"abundance"	20	4
"NODE_927_length_4608_cov_4.518559"	"PrePostFVT"	"During"	"PrePostFVTDuring"	NA	NA	NA	NA	NA	0.950202920100395	1	"number of levels of each grouping factor must be < number of observations (problems: AnimalID)"	"abundance"	20	2
"NODE_927_length_4608_cov_4.518559"	"PrePostFVT"	"Post"	"PrePostFVTPost"	NA	NA	NA	NA	NA	0.968354224807565	1	"number of levels of each grouping factor must be < number of observations (problems: AnimalID)"	"abundance"	20	2
"NODE_928_length_7174_cov_8.261554"	"PrePostFVT"	"Post"	"PrePostFVTPost"	NA	NA	NA	NA	NA	0.704766786543544	1	"Fitting error (NA p-value returned from fitting procedure)"	"abundance"	20	10
"NODE_935_length_4543_cov_8.768048"	"PrePostFVT"	"During"	"PrePostFVTDuring"	NA	NA	NA	NA	NA	NA	NA	"contrasts can be applied only to factors with 2 or more levels"	"abundance"	20	4
"NODE_935_length_4543_cov_8.768048"	"PrePostFVT"	"Post"	"PrePostFVTPost"	NA	NA	NA	NA	NA	NA	NA	"contrasts can be applied only to factors with 2 or more levels"	"abundance"	20	4
"NODE_943_length_3363_cov_98.457981"	"PrePostFVT"	"During"	"PrePostFVTDuring"	-0.829756080047055	NA	1.09108078988925	0.561216975537125	NA	0.999999999999999	1	"Model may not have converged with 1 eigenvalue close to zero: 4.5e-11"	"abundance"	20	4
"NODE_943_length_3363_cov_98.457981"	"PrePostFVT"	"Post"	"PrePostFVTPost"	NA	NA	NA	NA	NA	0.353324171152456	0.935794742937876	"Model may not have converged with 1 eigenvalue close to zero: 4.5e-11"	"abundance"	20	4
"NODE_952_length_5554_cov_6.763593"	"PrePostFVT"	"During"	"PrePostFVTDuring"	NA	NA	NA	NA	NA	0.958858764661156	1	"number of levels of each grouping factor must be < number of observations (problems: AnimalID)"	"abundance"	20	2
"NODE_952_length_5554_cov_6.763593"	"PrePostFVT"	"Post"	"PrePostFVTPost"	NA	NA	NA	NA	NA	0.757976729129458	1	"number of levels of each grouping factor must be < number of observations (problems: AnimalID)"	"abundance"	20	2
"NODE_959_length_2720_cov_600.235647"	"PrePostFVT"	"During"	"PrePostFVTDuring"	NA	NA	NA	NA	NA	0.999999999999999	1	"No data points have the baseline factor level"	"abundance"	20	2
"NODE_959_length_2720_cov_600.235647"	"PrePostFVT"	"Post"	"PrePostFVTPost"	NA	NA	NA	NA	NA	0.999999999999999	1	"No data points have the baseline factor level"	"abundance"	20	2
"NODE_961_length_5451_cov_5.767606"	"PrePostFVT"	"During"	"PrePostFVTDuring"	0.614079592568893	NA	0.130624468442112	0.133430358672312	NA	0.999999999999998	1	"Model may not have converged with 1 eigenvalue close to zero: 2.3e-10"	"abundance"	20	4
"NODE_961_length_5451_cov_5.767606"	"PrePostFVT"	"Post"	"PrePostFVTPost"	2.09862745311423	NA	0.130624468442112	0.0395739504356814	NA	0.291937272964641	0.871765233337443	"Model may not have converged with 1 eigenvalue close to zero: 2.3e-10"	"abundance"	20	4
"NODE_962_length_4645_cov_65.713943"	"PrePostFVT"	"During"	"PrePostFVTDuring"	NA	NA	NA	NA	NA	0.982183783906351	1	"No data points have the baseline factor level"	"abundance"	20	7
"NODE_962_length_4645_cov_65.713943"	"PrePostFVT"	"Post"	"PrePostFVTPost"	NA	NA	NA	NA	NA	0.97952659606404	1	"No data points have the baseline factor level"	"abundance"	20	7
"NODE_976_length_5283_cov_79.848317"	"PrePostFVT"	"During"	"PrePostFVTDuring"	NA	NA	NA	NA	NA	0.965468301952014	1	"No data points have the baseline factor level"	"abundance"	20	2
"NODE_976_length_5283_cov_79.848317"	"PrePostFVT"	"Post"	"PrePostFVTPost"	NA	NA	NA	NA	NA	0.969303993382919	1	"No data points have the baseline factor level"	"abundance"	20	2
"NODE_980_length_5316_cov_14.526706"	"PrePostFVT"	"During"	"PrePostFVTDuring"	NA	NA	NA	NA	NA	0.993217709039584	1	"contrasts can be applied only to factors with 2 or more levels"	"abundance"	20	5
"NODE_980_length_5316_cov_14.526706"	"PrePostFVT"	"Post"	"PrePostFVTPost"	NA	NA	NA	NA	NA	0.978808277416824	1	"contrasts can be applied only to factors with 2 or more levels"	"abundance"	20	5
"NODE_982_length_5697_cov_6.203297"	"PrePostFVT"	"During"	"PrePostFVTDuring"	NA	NA	NA	NA	NA	0.946213924236529	1	"Fitting error (NA p-value returned from fitting procedure)"	"abundance"	20	5
"NODE_996_length_7267_cov_6.743899"	"PrePostFVT"	"During"	"PrePostFVTDuring"	0.614079592568893	NA	0.130624468442112	0.133430358672312	NA	0.999999999999998	1	"Model may not have converged with 1 eigenvalue close to zero: 2.3e-10"	"abundance"	20	4
"NODE_996_length_7267_cov_6.743899"	"PrePostFVT"	"Post"	"PrePostFVTPost"	2.09862745311423	NA	0.130624468442112	0.0395739504356814	NA	0.291937272964641	0.871765233337443	"Model may not have converged with 1 eigenvalue close to zero: 2.3e-10"	"abundance"	20	4
"NODE_10_length_217393_cov_15.630805|provirus_4556_30967"	"PrePostFVT"	"During"	"PrePostFVTDuring"	NA	0	NA	NA	NA	NA	NA	"(maxstephalfit) PIRLS step-halvings failed to reduce deviance in pwrssUpdate"	"prevalence"	20	4
"NODE_10_length_217393_cov_15.630805|provirus_4556_30967"	"PrePostFVT"	"Post"	"PrePostFVTPost"	NA	0	NA	NA	NA	NA	NA	"(maxstephalfit) PIRLS step-halvings failed to reduce deviance in pwrssUpdate"	"prevalence"	20	4
"NODE_1021_length_3863_cov_7.928834"	"PrePostFVT"	"During"	"PrePostFVTDuring"	NA	0	NA	NA	NA	0.988250204862786	1	"All logistic values are the same"	"prevalence"	20	20
"NODE_1021_length_3863_cov_7.928834"	"PrePostFVT"	"Post"	"PrePostFVTPost"	NA	0	NA	NA	NA	0.20644045654652	0.758634194435986	"All logistic values are the same"	"prevalence"	20	20
"NODE_1119_length_5023_cov_11.906200"	"PrePostFVT"	"During"	"PrePostFVTDuring"	1.53916917337711	0	1.73587597807922	0.375250383488606	NA	0.641622036584997	1	" Hessian is numerically singular: parameters are not uniquely determined"	"prevalence"	20	5
"NODE_1119_length_5023_cov_11.906200"	"PrePostFVT"	"Post"	"PrePostFVTPost"	-17.7332990503098	0	1672.18504923341	0.991538699424444	NA	NA	NA	" Hessian is numerically singular: parameters are not uniquely determined"	"prevalence"	20	5
"NODE_1161_length_3909_cov_93.481318"	"PrePostFVT"	"During"	"PrePostFVTDuring"	NA	0	NA	NA	NA	0.245204355170542	0.837654629464585	"All logistic values are the same"	"prevalence"	20	20
"NODE_1161_length_3909_cov_93.481318"	"PrePostFVT"	"Post"	"PrePostFVTPost"	NA	0	NA	NA	NA	0.596553320468417	1	"All logistic values are the same"	"prevalence"	20	20
"NODE_1204_length_4872_cov_178.189329"	"PrePostFVT"	"During"	"PrePostFVTDuring"	NA	0	NA	NA	NA	0.00738705196844615	0.39452319173861	"All logistic values are the same"	"prevalence"	20	20
"NODE_1204_length_4872_cov_178.189329"	"PrePostFVT"	"Post"	"PrePostFVTPost"	NA	0	NA	NA	NA	0.000973294629002136	0.178437348650392	"All logistic values are the same"	"prevalence"	20	20
"NODE_1286_length_2776_cov_23.367879"	"PrePostFVT"	"During"	"PrePostFVTDuring"	NA	0	NA	NA	NA	0.215324015797676	0.777428065790297	"All logistic values are the same"	"prevalence"	20	20
"NODE_1286_length_2776_cov_23.367879"	"PrePostFVT"	"Post"	"PrePostFVTPost"	NA	0	NA	NA	NA	0.0508730734801	0.47724151592352	"All logistic values are the same"	"prevalence"	20	20
"NODE_1286_length_3943_cov_8.614969"	"PrePostFVT"	"During"	"PrePostFVTDuring"	NA	0	NA	NA	NA	0.0597549695279889	0.490525869259611	"All logistic values are the same"	"prevalence"	20	20
"NODE_1286_length_3943_cov_8.614969"	"PrePostFVT"	"Post"	"PrePostFVTPost"	NA	0	NA	NA	NA	0.0016097237158365	0.265604413113023	"All logistic values are the same"	"prevalence"	20	20
"NODE_1369_length_4054_cov_4.923481"	"PrePostFVT"	"During"	"PrePostFVTDuring"	NA	0	NA	NA	NA	NA	NA	"(maxstephalfit) PIRLS step-halvings failed to reduce deviance in pwrssUpdate"	"prevalence"	20	4
"NODE_1369_length_4054_cov_4.923481"	"PrePostFVT"	"Post"	"PrePostFVTPost"	NA	0	NA	NA	NA	NA	NA	"(maxstephalfit) PIRLS step-halvings failed to reduce deviance in pwrssUpdate"	"prevalence"	20	4
"NODE_1376_length_2860_cov_17.377184"	"PrePostFVT"	"During"	"PrePostFVTDuring"	NA	0	NA	NA	NA	0.640557758514931	1	"All logistic values are the same"	"prevalence"	20	20
"NODE_1376_length_2860_cov_17.377184"	"PrePostFVT"	"Post"	"PrePostFVTPost"	NA	0	NA	NA	NA	0.093500570086075	0.591095558015416	"All logistic values are the same"	"prevalence"	20	20
"NODE_143_length_7437_cov_7.422650"	"PrePostFVT"	"During"	"PrePostFVTDuring"	NA	0	NA	NA	NA	0.0692051100999127	0.524379380869492	"All logistic values are the same"	"prevalence"	20	20
"NODE_143_length_7437_cov_7.422650"	"PrePostFVT"	"Post"	"PrePostFVTPost"	NA	0	NA	NA	NA	0.0477909642349829	0.47724151592352	"All logistic values are the same"	"prevalence"	20	20
"NODE_1437_length_4716_cov_90.242223"	"PrePostFVT"	"During"	"PrePostFVTDuring"	NA	0	NA	NA	NA	0.042035763873031	0.47724151592352	"All logistic values are the same"	"prevalence"	20	20
"NODE_1437_length_4716_cov_90.242223"	"PrePostFVT"	"Post"	"PrePostFVTPost"	NA	0	NA	NA	NA	0.00660725070329819	0.39452319173861	"All logistic values are the same"	"prevalence"	20	20
"NODE_1563_length_2301_cov_10.660285"	"PrePostFVT"	"During"	"PrePostFVTDuring"	NA	0	NA	NA	NA	0.139746972013219	0.733219832963666	"All logistic values are the same"	"prevalence"	20	20
"NODE_1563_length_2301_cov_10.660285"	"PrePostFVT"	"Post"	"PrePostFVTPost"	NA	0	NA	NA	NA	0.018410859192672	0.415860294418156	"All logistic values are the same"	"prevalence"	20	20
"NODE_1621_length_3853_cov_100.034229"	"PrePostFVT"	"During"	"PrePostFVTDuring"	NA	0	NA	NA	NA	0.279706019291765	0.871765233337443	"All logistic values are the same"	"prevalence"	20	20
"NODE_1621_length_3853_cov_100.034229"	"PrePostFVT"	"Post"	"PrePostFVTPost"	NA	0	NA	NA	NA	0.30502818854515	0.873767032882173	"All logistic values are the same"	"prevalence"	20	20
"NODE_171_length_37100_cov_211.056769"	"PrePostFVT"	"During"	"PrePostFVTDuring"	NA	0	NA	NA	NA	0.645292301288653	1	"All logistic values are the same"	"prevalence"	20	20
"NODE_171_length_37100_cov_211.056769"	"PrePostFVT"	"Post"	"PrePostFVTPost"	NA	0	NA	NA	NA	0.37153133391656	0.962365307633163	"All logistic values are the same"	"prevalence"	20	20
"NODE_196_length_44600_cov_157.390863"	"PrePostFVT"	"During"	"PrePostFVTDuring"	NA	0	NA	NA	NA	0.0524420649980461	0.47724151592352	"All logistic values are the same"	"prevalence"	20	20
"NODE_196_length_44600_cov_157.390863"	"PrePostFVT"	"Post"	"PrePostFVTPost"	NA	0	NA	NA	NA	0.000196479259780091	0.0711509716304414	"All logistic values are the same"	"prevalence"	20	20
"NODE_2005_length_1578_cov_7.019698"	"PrePostFVT"	"During"	"PrePostFVTDuring"	NA	0	NA	NA	NA	0.338353638266003	0.920842917508238	"All logistic values are the same"	"prevalence"	20	20
"NODE_2005_length_1578_cov_7.019698"	"PrePostFVT"	"Post"	"PrePostFVTPost"	NA	0	NA	NA	NA	0.754692543042254	1	"All logistic values are the same"	"prevalence"	20	20
"NODE_201_length_19348_cov_868.755611"	"PrePostFVT"	"During"	"PrePostFVTDuring"	NA	0	NA	NA	NA	0.962715501697698	1	"All logistic values are the same"	"prevalence"	20	20
"NODE_201_length_19348_cov_868.755611"	"PrePostFVT"	"Post"	"PrePostFVTPost"	NA	0	NA	NA	NA	0.376757725591027	0.972848587206878	"All logistic values are the same"	"prevalence"	20	20
"NODE_2051_length_3108_cov_4.075336"	"PrePostFVT"	"During"	"PrePostFVTDuring"	NA	0	NA	NA	NA	0.57622336676646	1	"All logistic values are the same"	"prevalence"	20	20
"NODE_2051_length_3108_cov_4.075336"	"PrePostFVT"	"Post"	"PrePostFVTPost"	NA	0	NA	NA	NA	0.00898837177084912	0.39452319173861	"All logistic values are the same"	"prevalence"	20	20
"NODE_2185_length_2811_cov_5.858853"	"PrePostFVT"	"During"	"PrePostFVTDuring"	NA	0	NA	NA	NA	0.865152871755	1	"All logistic values are the same"	"prevalence"	20	20
"NODE_2185_length_2811_cov_5.858853"	"PrePostFVT"	"Post"	"PrePostFVTPost"	NA	0	NA	NA	NA	0.20281416533098	0.758034601176654	"All logistic values are the same"	"prevalence"	20	20
"NODE_2205_length_3140_cov_13.088493"	"PrePostFVT"	"During"	"PrePostFVTDuring"	NA	0	NA	NA	NA	0.678441359698256	1	"All logistic values are the same"	"prevalence"	20	20
"NODE_2205_length_3140_cov_13.088493"	"PrePostFVT"	"Post"	"PrePostFVTPost"	NA	0	NA	NA	NA	0.221239841741931	0.791856266538366	"All logistic values are the same"	"prevalence"	20	20
"NODE_2297_length_1338_cov_4.257989"	"PrePostFVT"	"During"	"PrePostFVTDuring"	NA	0	NA	NA	NA	0.541324034040927	1	"All logistic values are the same"	"prevalence"	20	20
"NODE_2297_length_1338_cov_4.257989"	"PrePostFVT"	"Post"	"PrePostFVTPost"	NA	0	NA	NA	NA	0.0916854154093109	0.581849751636011	"All logistic values are the same"	"prevalence"	20	20
"NODE_265_length_40929_cov_8.278955|provirus_10946_19741"	"PrePostFVT"	"During"	"PrePostFVTDuring"	NA	0	NA	NA	NA	NA	NA	"(maxstephalfit) PIRLS step-halvings failed to reduce deviance in pwrssUpdate"	"prevalence"	20	4
"NODE_265_length_40929_cov_8.278955|provirus_10946_19741"	"PrePostFVT"	"Post"	"PrePostFVTPost"	NA	0	NA	NA	NA	NA	NA	"(maxstephalfit) PIRLS step-halvings failed to reduce deviance in pwrssUpdate"	"prevalence"	20	4
"NODE_281_length_6882_cov_6.653288"	"PrePostFVT"	"During"	"PrePostFVTDuring"	NA	0	NA	NA	NA	0.442530852471549	1	"All logistic values are the same"	"prevalence"	20	20
"NODE_281_length_6882_cov_6.653288"	"PrePostFVT"	"Post"	"PrePostFVTPost"	NA	0	NA	NA	NA	0.641374663792837	1	"All logistic values are the same"	"prevalence"	20	20
"NODE_2814_length_2535_cov_17.660484"	"PrePostFVT"	"During"	"PrePostFVTDuring"	NA	0	NA	NA	NA	0.181015786414316	0.758034601176654	"All logistic values are the same"	"prevalence"	20	20
"NODE_2814_length_2535_cov_17.660484"	"PrePostFVT"	"Post"	"PrePostFVTPost"	NA	0	NA	NA	NA	0.821982159745762	1	"All logistic values are the same"	"prevalence"	20	20
"NODE_295_length_27982_cov_394.127905"	"PrePostFVT"	"During"	"PrePostFVTDuring"	NA	0	NA	NA	NA	0.0405888095073678	0.47724151592352	"All logistic values are the same"	"prevalence"	20	20
"NODE_295_length_27982_cov_394.127905"	"PrePostFVT"	"Post"	"PrePostFVTPost"	NA	0	NA	NA	NA	0.1480647361647	0.733219832963666	"All logistic values are the same"	"prevalence"	20	20
"NODE_315_length_19741_cov_19.947983"	"PrePostFVT"	"During"	"PrePostFVTDuring"	NA	0	NA	NA	NA	0.14074341132856	0.733219832963666	"All logistic values are the same"	"prevalence"	20	20
"NODE_315_length_19741_cov_19.947983"	"PrePostFVT"	"Post"	"PrePostFVTPost"	NA	0	NA	NA	NA	0.145553840240284	0.733219832963666	"All logistic values are the same"	"prevalence"	20	20
"NODE_322_length_15127_cov_72.883028"	"PrePostFVT"	"During"	"PrePostFVTDuring"	NA	0	NA	NA	NA	0.910570061992939	1	"All logistic values are the same"	"prevalence"	20	20
"NODE_322_length_15127_cov_72.883028"	"PrePostFVT"	"Post"	"PrePostFVTPost"	NA	0	NA	NA	NA	0.985849488335181	1	"All logistic values are the same"	"prevalence"	20	20
"NODE_331_length_7917_cov_41.518189"	"PrePostFVT"	"During"	"PrePostFVTDuring"	NA	0	NA	NA	NA	0.0536061488620563	0.47724151592352	"All logistic values are the same"	"prevalence"	20	20
"NODE_331_length_7917_cov_41.518189"	"PrePostFVT"	"Post"	"PrePostFVTPost"	NA	0	NA	NA	NA	0.00765551962973253	0.39452319173861	"All logistic values are the same"	"prevalence"	20	20
"NODE_336_length_5681_cov_48.252755"	"PrePostFVT"	"During"	"PrePostFVTDuring"	NA	0	NA	NA	NA	0.00261091556322101	0.331385436870359	"All logistic values are the same"	"prevalence"	20	20
"NODE_336_length_5681_cov_48.252755"	"PrePostFVT"	"Post"	"PrePostFVTPost"	NA	0	NA	NA	NA	0.0135026292096009	0.39452319173861	"All logistic values are the same"	"prevalence"	20	20
"NODE_368_length_3350_cov_6.287102"	"PrePostFVT"	"During"	"PrePostFVTDuring"	NA	0	NA	NA	NA	0.813276216427157	1	"All logistic values are the same"	"prevalence"	20	20
"NODE_368_length_3350_cov_6.287102"	"PrePostFVT"	"Post"	"PrePostFVTPost"	NA	0	NA	NA	NA	0.134691600637938	0.723912511571981	"All logistic values are the same"	"prevalence"	20	20
"NODE_3714_length_1904_cov_5.448891"	"PrePostFVT"	"During"	"PrePostFVTDuring"	NA	0	NA	NA	NA	0.573276294591619	1	"All logistic values are the same"	"prevalence"	20	20
"NODE_3714_length_1904_cov_5.448891"	"PrePostFVT"	"Post"	"PrePostFVTPost"	NA	0	NA	NA	NA	0.640798481579884	1	"All logistic values are the same"	"prevalence"	20	20
"NODE_372_length_12857_cov_13.769099"	"PrePostFVT"	"During"	"PrePostFVTDuring"	NA	0	NA	NA	NA	0.638607611210489	1	"All logistic values are the same"	"prevalence"	20	20
"NODE_372_length_12857_cov_13.769099"	"PrePostFVT"	"Post"	"PrePostFVTPost"	NA	0	NA	NA	NA	0.528495329012395	1	"All logistic values are the same"	"prevalence"	20	20
"NODE_4_length_209900_cov_20.895447|provirus_191243_209899"	"PrePostFVT"	"During"	"PrePostFVTDuring"	NA	0	NA	NA	NA	0.635138392503493	1	"All logistic values are the same"	"prevalence"	20	20
"NODE_4_length_209900_cov_20.895447|provirus_191243_209899"	"PrePostFVT"	"Post"	"PrePostFVTPost"	NA	0	NA	NA	NA	0.252601258124306	0.8393130920751	"All logistic values are the same"	"prevalence"	20	20
"NODE_403_length_4567_cov_8.259087"	"PrePostFVT"	"During"	"PrePostFVTDuring"	NA	0	NA	NA	NA	0.728143757185077	1	"All logistic values are the same"	"prevalence"	20	20
"NODE_403_length_4567_cov_8.259087"	"PrePostFVT"	"Post"	"PrePostFVTPost"	NA	0	NA	NA	NA	0.191096218856633	0.758034601176654	"All logistic values are the same"	"prevalence"	20	20
"NODE_427_length_16212_cov_30.515318"	"PrePostFVT"	"During"	"PrePostFVTDuring"	NA	0	NA	NA	NA	0.048091331139934	0.47724151592352	"All logistic values are the same"	"prevalence"	20	20
"NODE_427_length_16212_cov_30.515318"	"PrePostFVT"	"Post"	"PrePostFVTPost"	NA	0	NA	NA	NA	0.128032235847078	0.704177297158927	"All logistic values are the same"	"prevalence"	20	20
"NODE_431_length_6333_cov_17.949028"	"PrePostFVT"	"During"	"PrePostFVTDuring"	NA	0	NA	NA	NA	0.354893111202703	0.938419284430224	"All logistic values are the same"	"prevalence"	20	20
"NODE_431_length_6333_cov_17.949028"	"PrePostFVT"	"Post"	"PrePostFVTPost"	NA	0	NA	NA	NA	0.943407125732928	1	"All logistic values are the same"	"prevalence"	20	20
"NODE_4320_length_1681_cov_4.281058"	"PrePostFVT"	"During"	"PrePostFVTDuring"	NA	0	NA	NA	NA	0.674293750438545	1	"All logistic values are the same"	"prevalence"	20	20
"NODE_4320_length_1681_cov_4.281058"	"PrePostFVT"	"Post"	"PrePostFVTPost"	NA	0	NA	NA	NA	0.48602624993174	1	"All logistic values are the same"	"prevalence"	20	20
"NODE_440_length_4091_cov_6.641724"	"PrePostFVT"	"During"	"PrePostFVTDuring"	NA	0	NA	NA	NA	0.941081033086459	1	"All logistic values are the same"	"prevalence"	20	20
"NODE_440_length_4091_cov_6.641724"	"PrePostFVT"	"Post"	"PrePostFVTPost"	NA	0	NA	NA	NA	0.65638998897022	1	"All logistic values are the same"	"prevalence"	20	20
"NODE_502_length_4680_cov_4.082162"	"PrePostFVT"	"During"	"PrePostFVTDuring"	NA	0	NA	NA	NA	0.778695030159147	1	"All logistic values are the same"	"prevalence"	20	20
"NODE_502_length_4680_cov_4.082162"	"PrePostFVT"	"Post"	"PrePostFVTPost"	NA	0	NA	NA	NA	0.0140189647743773	0.39452319173861	"All logistic values are the same"	"prevalence"	20	20
"NODE_504_length_8678_cov_23.069813"	"PrePostFVT"	"During"	"PrePostFVTDuring"	NA	0	NA	NA	NA	0.846940818328269	1	"All logistic values are the same"	"prevalence"	20	20
"NODE_504_length_8678_cov_23.069813"	"PrePostFVT"	"Post"	"PrePostFVTPost"	NA	0	NA	NA	NA	0.723709447654142	1	"All logistic values are the same"	"prevalence"	20	20
"NODE_520_length_9259_cov_14.997827"	"PrePostFVT"	"During"	"PrePostFVTDuring"	1.53916917337711	0	1.73587597807922	0.375250383488606	NA	0.621520534612458	1	" Hessian is numerically singular: parameters are not uniquely determined"	"prevalence"	20	5
"NODE_520_length_9259_cov_14.997827"	"PrePostFVT"	"Post"	"PrePostFVTPost"	-17.7332990503098	0	1672.18504923341	0.991538699424444	NA	NA	NA	" Hessian is numerically singular: parameters are not uniquely determined"	"prevalence"	20	5
"NODE_554_length_7991_cov_8.091482"	"PrePostFVT"	"During"	"PrePostFVTDuring"	NA	0	NA	NA	NA	0.459876977641434	1	"All logistic values are the same"	"prevalence"	20	20
"NODE_554_length_7991_cov_8.091482"	"PrePostFVT"	"Post"	"PrePostFVTPost"	NA	0	NA	NA	NA	0.231702511957057	0.820405889976705	"All logistic values are the same"	"prevalence"	20	20
"NODE_584_length_6871_cov_8.615170"	"PrePostFVT"	"During"	"PrePostFVTDuring"	NA	0	NA	NA	NA	0.383189335048979	0.984832403163263	"All logistic values are the same"	"prevalence"	20	20
"NODE_584_length_6871_cov_8.615170"	"PrePostFVT"	"Post"	"PrePostFVTPost"	NA	0	NA	NA	NA	0.704718774788468	1	"All logistic values are the same"	"prevalence"	20	20
"NODE_59_length_24933_cov_8.847938"	"PrePostFVT"	"During"	"PrePostFVTDuring"	NA	0	NA	NA	NA	0.0824787415811837	0.562554475938266	"All logistic values are the same"	"prevalence"	20	20
"NODE_59_length_24933_cov_8.847938"	"PrePostFVT"	"Post"	"PrePostFVTPost"	NA	0	NA	NA	NA	0.0765454936892643	0.547256724396239	"All logistic values are the same"	"prevalence"	20	20
"NODE_66_length_44622_cov_51.812687"	"PrePostFVT"	"During"	"PrePostFVTDuring"	NA	0	NA	NA	NA	0.115261785620072	0.651308035181913	"All logistic values are the same"	"prevalence"	20	20
"NODE_66_length_44622_cov_51.812687"	"PrePostFVT"	"Post"	"PrePostFVTPost"	NA	0	NA	NA	NA	0.0883403717153924	0.567165810624114	"All logistic values are the same"	"prevalence"	20	20
"NODE_675_length_7581_cov_100.919612"	"PrePostFVT"	"During"	"PrePostFVTDuring"	NA	0	NA	NA	NA	0.050476436044588	0.47724151592352	"All logistic values are the same"	"prevalence"	20	20
"NODE_675_length_7581_cov_100.919612"	"PrePostFVT"	"Post"	"PrePostFVTPost"	NA	0	NA	NA	NA	0.0252685984044949	0.45632801862823	"All logistic values are the same"	"prevalence"	20	20
"NODE_687_length_2813_cov_6.951777"	"PrePostFVT"	"During"	"PrePostFVTDuring"	NA	0	NA	NA	NA	0.923897898754846	1	"All logistic values are the same"	"prevalence"	20	20
"NODE_687_length_2813_cov_6.951777"	"PrePostFVT"	"Post"	"PrePostFVTPost"	NA	0	NA	NA	NA	0.957763249777719	1	"All logistic values are the same"	"prevalence"	20	20
"NODE_714_length_8767_cov_70.253558"	"PrePostFVT"	"During"	"PrePostFVTDuring"	NA	0	NA	NA	NA	0.785774172383213	1	"All logistic values are the same"	"prevalence"	20	20
"NODE_714_length_8767_cov_70.253558"	"PrePostFVT"	"Post"	"PrePostFVTPost"	NA	0	NA	NA	NA	0.545517949647272	1	"All logistic values are the same"	"prevalence"	20	20
"NODE_72_length_64029_cov_53.309454|provirus_26592_63618"	"PrePostFVT"	"During"	"PrePostFVTDuring"	NA	0	NA	NA	NA	0.970163095584974	1	"All logistic values are the same"	"prevalence"	20	20
"NODE_72_length_64029_cov_53.309454|provirus_26592_63618"	"PrePostFVT"	"Post"	"PrePostFVTPost"	NA	0	NA	NA	NA	0.91536915013276	1	"All logistic values are the same"	"prevalence"	20	20
"NODE_729_length_5098_cov_19.285743"	"PrePostFVT"	"During"	"PrePostFVTDuring"	NA	0	NA	NA	NA	0.797751985503454	1	"All logistic values are the same"	"prevalence"	20	20
"NODE_729_length_5098_cov_19.285743"	"PrePostFVT"	"Post"	"PrePostFVTPost"	NA	0	NA	NA	NA	0.205358464682403	0.758034601176654	"All logistic values are the same"	"prevalence"	20	20
"NODE_74_length_38703_cov_8.351144|provirus_2_22265"	"PrePostFVT"	"During"	"PrePostFVTDuring"	NA	0	NA	NA	NA	0.0622726305329511	0.494478095540919	"All logistic values are the same"	"prevalence"	20	20
"NODE_74_length_38703_cov_8.351144|provirus_2_22265"	"PrePostFVT"	"Post"	"PrePostFVTPost"	NA	0	NA	NA	NA	0.0274416726059591	0.462884253026292	"All logistic values are the same"	"prevalence"	20	20
"NODE_759_length_7518_cov_9.268659"	"PrePostFVT"	"During"	"PrePostFVTDuring"	NA	0	NA	NA	NA	NA	NA	"(maxstephalfit) PIRLS step-halvings failed to reduce deviance in pwrssUpdate"	"prevalence"	20	4
"NODE_759_length_7518_cov_9.268659"	"PrePostFVT"	"Post"	"PrePostFVTPost"	NA	0	NA	NA	NA	NA	NA	"(maxstephalfit) PIRLS step-halvings failed to reduce deviance in pwrssUpdate"	"prevalence"	20	4
"NODE_76_length_24607_cov_45.251914"	"PrePostFVT"	"During"	"PrePostFVTDuring"	NA	0	NA	NA	NA	0.0393372040183112	0.47724151592352	"All logistic values are the same"	"prevalence"	20	20
"NODE_76_length_24607_cov_45.251914"	"PrePostFVT"	"Post"	"PrePostFVTPost"	NA	0	NA	NA	NA	0.107827629599015	0.628676992361746	"All logistic values are the same"	"prevalence"	20	20
"NODE_760_length_4785_cov_34.652643"	"PrePostFVT"	"During"	"PrePostFVTDuring"	NA	0	NA	NA	NA	0.852748333206324	1	"All logistic values are the same"	"prevalence"	20	20
"NODE_760_length_4785_cov_34.652643"	"PrePostFVT"	"Post"	"PrePostFVTPost"	NA	0	NA	NA	NA	0.0206932795462232	0.423358870919266	"All logistic values are the same"	"prevalence"	20	20
"NODE_766_length_7639_cov_85.453718"	"PrePostFVT"	"During"	"PrePostFVTDuring"	NA	0	NA	NA	NA	0.19346017413521	0.758034601176654	"All logistic values are the same"	"prevalence"	20	20
"NODE_766_length_7639_cov_85.453718"	"PrePostFVT"	"Post"	"PrePostFVTPost"	NA	0	NA	NA	NA	0.0279241513856606	0.462884253026292	"All logistic values are the same"	"prevalence"	20	20
"NODE_779_length_7907_cov_95.992486"	"PrePostFVT"	"During"	"PrePostFVTDuring"	NA	0	NA	NA	NA	0.156795794834894	0.733453421370358	"All logistic values are the same"	"prevalence"	20	20
"NODE_779_length_7907_cov_95.992486"	"PrePostFVT"	"Post"	"PrePostFVTPost"	NA	0	NA	NA	NA	0.252067897048333	0.8393130920751	"All logistic values are the same"	"prevalence"	20	20
"NODE_793_length_3426_cov_10.309107"	"PrePostFVT"	"During"	"PrePostFVTDuring"	NA	0	NA	NA	NA	0.0539225947075853	0.47724151592352	"All logistic values are the same"	"prevalence"	20	20
"NODE_793_length_3426_cov_10.309107"	"PrePostFVT"	"Post"	"PrePostFVTPost"	NA	0	NA	NA	NA	0.0126673199889773	0.39452319173861	"All logistic values are the same"	"prevalence"	20	20
"NODE_848_length_2982_cov_33.972327"	"PrePostFVT"	"During"	"PrePostFVTDuring"	NA	0	NA	NA	NA	0.000437232128231645	0.114261039652347	"All logistic values are the same"	"prevalence"	20	20
"NODE_848_length_2982_cov_33.972327"	"PrePostFVT"	"Post"	"PrePostFVTPost"	NA	0	NA	NA	NA	0.00198440708947258	0.297661063420887	"All logistic values are the same"	"prevalence"	20	20
"NODE_935_length_4543_cov_8.768048"	"PrePostFVT"	"During"	"PrePostFVTDuring"	NA	0	NA	NA	NA	NA	NA	"(maxstephalfit) PIRLS step-halvings failed to reduce deviance in pwrssUpdate"	"prevalence"	20	4
"NODE_935_length_4543_cov_8.768048"	"PrePostFVT"	"Post"	"PrePostFVTPost"	NA	0	NA	NA	NA	NA	NA	"(maxstephalfit) PIRLS step-halvings failed to reduce deviance in pwrssUpdate"	"prevalence"	20	4
"NODE_977_length_3003_cov_5.709634"	"PrePostFVT"	"During"	"PrePostFVTDuring"	NA	0	NA	NA	NA	0.471902038601551	1	"All logistic values are the same"	"prevalence"	20	20
"NODE_977_length_3003_cov_5.709634"	"PrePostFVT"	"Post"	"PrePostFVTPost"	NA	0	NA	NA	NA	0.21864370558323	0.785974105037756	"All logistic values are the same"	"prevalence"	20	20
"NODE_999_length_5046_cov_25.372470"	"PrePostFVT"	"During"	"PrePostFVTDuring"	NA	0	NA	NA	NA	0.0279180578640814	0.462884253026292	"All logistic values are the same"	"prevalence"	20	20
"NODE_999_length_5046_cov_25.372470"	"PrePostFVT"	"Post"	"PrePostFVTPost"	NA	0	NA	NA	NA	0.00951179972071885	0.39452319173861	"All logistic values are the same"	"prevalence"	20	20
